 41 1295.013160 5.613E-27 6.647E+00.07070.086 3813.09310.81-.001135        1 2 2 1        0 2 2 1                    R 32e     3655431410 5 3 3 3   603.0  585.0
 41 1295.015220 5.616E-27 6.648E+00.07070.086 3813.02800.81-.001135        1 2 2 1        0 2 2 1                    R 32f     3655431410 5 3 3 3   603.0  585.0
 41 1295.018250 2.121E-28 2.162E+01.07410.094 4656.67760.73-.000970        4 1 1 0        3 1 1 0                    R 22f     3555431410 5 3 3 3   423.0  405.0
 41 1295.029560 2.541E-27 3.746E-01.07360.093 3320.12900.74-.001227        2 3 3 0        1 3 3 0                    Q 24f     3655431410 5 3 3 3   441.0  441.0
 41 1295.029580 1.664E-28 1.787E-02.06700.077 3403.72330.75-.001354        1 4 2 0        0 4 2 0                    Q 50e     3645431410 5 3 3 3   909.0  909.0
 41 1295.030070 2.541E-27 3.747E-01.07360.093 3320.12870.74-.001227        2 3 3 0        1 3 3 0                    Q 24e     3655431410 5 3 3 3   441.0  441.0
 41 1295.030240 8.341E-25 3.757E-02.06990.084 1737.03050.81-.001301        1 2 2 0        0 2 2 0                    Q 36f     3655431410 5 3 3 3   657.0  657.0
 41 1295.033210 7.606E-26 6.990E+00.08800.110 2915.53850.71-.001119        1 5 1 0        0 5 1 0                    P  6f     3655431410 5 3 3 3    99.0  117.0
 41 1295.040830 3.495E-26 6.647E+00.06870.081 3480.95010.78-.001254        1 1 1 1        0 1 1 1                    R 40f     3655431410 5 3 3 3   747.0  729.0
 41 1295.043650 5.167E-27 6.451E+00.07540.096 3712.69000.73-.001462        1 6 6 0        0 6 6 0                    P 20e     3655431410 5 3 3 3   351.0  369.0
 41 1295.043650 5.167E-27 6.451E+00.07540.096 3712.69000.73-.001462        1 6 6 0        0 6 6 0                    P 20f     3655431410 5 3 3 3   351.0  369.0
 41 1295.052570 4.803E-27 1.647E+01.08200.105 3811.92660.72-.000773        3 2 2 0        2 2 2 0                    R 10e     3655431410 5 3 3 3   207.0  189.0
 41 1295.052690 4.803E-27 1.647E+01.08200.105 3811.92610.72-.000773        3 2 2 0        2 2 2 0                    R 10f     3655431410 5 3 3 3   207.0  189.0
 41 1295.055170 7.613E-26 6.993E+00.08800.110 2915.44720.71-.001119        1 5 1 0        0 5 1 0                    P  6e     3655431410 5 3 3 3    99.0  117.0
 41 1295.083670 1.175E-24 4.194E-02.07040.086 1677.51920.81-.001291        1 2 2 0        0 2 2 0                    Q 34e     3655431410 5 3 3 3   621.0  621.0
 41 1295.090230 1.367E-28 2.522E-02.06480.071 3568.61100.72-.001394        1 3 3 0        0 3 3 0                    Q 65f     3645431410 5 3 3 3  1179.0 1179.0
 41 1295.098010 1.034E-28 2.459E-02.06460.070 3623.82770.71-.001396        1 3 3 0        0 3 3 0                    Q 66e     3645431410 5 3 3 3  1197.0 1197.0
 41 1295.099560 2.923E-27 4.075E-01.07410.094 3300.02050.73-.001219        2 3 3 0        1 3 3 0                    Q 23f     3655431410 5 3 3 3   423.0  423.0
 41 1295.099960 2.923E-27 4.075E-01.07410.094 3300.02030.73-.001219        2 3 3 0        1 3 3 0                    Q 23e     3655431410 5 3 3 3   423.0  423.0
 41 1295.110470 9.801E-26 1.681E+01.07650.098 3293.41600.73-.000885        3 1 1 0        2 1 1 0                    R 17f     3655431410 5 3 3 3   333.0  315.0
 41 1295.130810 1.130E-24 1.665E+01.07220.090 2877.44390.77-.001054        3 0 0 0        2 0 0 0                    R 27e     3655431410 5 3 3 3   513.0  495.0
 41 1295.134740 9.946E-25 3.977E-02.07010.085 1706.81530.81-.001296        1 2 2 0        0 2 2 0                    Q 35f     3655431410 5 3 3 3   639.0  639.0
 41 1295.150070 3.726E-28 6.681E+00.07070.086 4372.12550.81-.001135        1 3 1 1        0 3 1 1                    R 32f     3555431410 5 3 3 3   603.0  585.0
 41 1295.158320 6.428E-27 6.394E+00.07990.103 3574.40590.72-.001998        2 4 4 0        0 6 4 0                    P 13e     3655431410 5 3 3 3   225.0  243.0
 41 1295.158320 6.428E-27 6.394E+00.07990.103 3574.40590.72-.001998        2 4 4 0        0 6 4 0                    P 13f     3655431410 5 3 3 3   225.0  243.0
 41 1295.158880 3.329E-27 6.647E+00.06940.083 3949.15790.80-.001211        1 2 0 1        0 2 0 1                    R 37e     3655431410 5 3 3 3   693.0  675.0
 41 1295.158890 8.651E-26 2.101E-02.07360.093 2001.63420.74-.001227        1 3 1 0        0 3 1 0                    Q 24f     3655431410 5 3 3 3   441.0  441.0
 41 1295.166660 3.355E-27 4.449E-01.07450.094 3280.74920.73-.001210        2 3 3 0        1 3 3 0                    Q 22f     3655431410 5 3 3 3   405.0  405.0
 41 1295.166970 3.355E-27 4.449E-01.07450.094 3280.74900.73-.001210        2 3 3 0        1 3 3 0                    Q 22e     3655431410 5 3 3 3   405.0  405.0
 41 1295.194240 5.863E-22 1.167E+01.07490.095 1460.12000.73-.000936        2 0 0 0        1 0 0 0                    R 20e     3655431410 5 3 3 3   387.0  369.0
 41 1295.199950 1.393E-24 4.457E-02.07070.086 1648.97030.81-.001286        1 2 2 0        0 2 2 0                    Q 33e     3655431410 5 3 3 3   603.0  603.0
 41 1295.202090 2.062E-28 6.569E-04.07770.100 2436.95250.73-.001431        1 4 2 0        0 4 0 0                    P 16e     3655431410 5 3 3 3   279.0  297.0
 41 1295.213370 1.914E-24 1.161E+01.08200.105 2507.98970.72-.000773        2 2 0 0        1 2 0 0                    R 10e     3655431410 5 3 3 3   207.0  189.0
 41 1295.216740 1.854E-28 7.556E-03.06720.077 3200.18180.750.000435        0 6 0 0        0 0 0 1                    R 48e     3655431410 5 3 3 3   891.0  873.0
 41 1295.230860 3.842E-27 4.876E-01.07490.095 3262.31520.73-.001201        2 3 3 0        1 3 3 0                    Q 21f     3655431410 5 3 3 3   387.0  387.0
 41 1295.231090 3.843E-27 4.876E-01.07490.095 3262.31510.73-.001201        2 3 3 0        1 3 3 0                    Q 21e     3655431410 5 3 3 3   387.0  387.0
 41 1295.236850 1.182E-24 4.217E-02.07040.086 1677.43760.81-.001291        1 2 2 0        0 2 2 0                    Q 34f     3655431410 5 3 3 3   621.0  621.0
 41 1295.265420 5.676E-27 6.710E+00.08570.108 3504.78500.71-.000672        0 8 2 0        0 6 2 0                    P  8e     3655431410 5 3 3 3   135.0  153.0
 41 1295.266290 5.676E-27 6.711E+00.08570.108 3504.78300.71-.000672        0 8 2 0        0 6 2 0                    P  8f     3655431410 5 3 3 3   135.0  153.0
 41 1295.271690 2.099E-28 1.875E-02.06720.077 3361.68300.75-.001351        1 4 2 0        0 4 2 0                    Q 49e     3655431410 5 3 3 3   891.0  891.0
 41 1295.290800 1.378E-28 2.543E-02.06480.071 3568.49510.72-.001394        1 3 3 0        0 3 3 0                    Q 65e     3645431410 5 3 3 3  1179.0 1179.0
 41 1295.292150 4.392E-27 5.367E-01.07540.096 3244.71850.73-.001190        2 3 3 0        1 3 3 0                    Q 20f     3655431410 5 3 3 3   369.0  369.0
 41 1295.292340 4.392E-27 5.367E-01.07540.096 3244.71840.73-.001190        2 3 3 0        1 3 3 0                    Q 20e     3655431410 5 3 3 3   369.0  369.0
 41 1295.296520 1.815E-28 2.611E-02.06490.071 3514.10160.72-.001392        1 3 3 0        0 3 3 0                    Q 64f     3645431410 5 3 3 3  1161.0 1161.0
 41 1295.312390 1.646E-24 4.744E-02.07090.087 1621.25990.81-.001281        1 2 2 0        0 2 2 0                    Q 32e     3655431410 5 3 3 3   585.0  585.0
 41 1295.317730 9.964E-26 2.288E-02.07410.094 1981.43440.73-.001219        1 3 1 0        0 3 1 0                    Q 23f     3655431410 5 3 3 3   423.0  423.0
 41 1295.321500 9.535E-26 6.707E+00.06670.076 3324.58620.75-.001393        1 0 0 1        0 0 0 1                    R 51e     3645431410 5 3 3 3   945.0  927.0
 41 1295.332220 8.154E-26 1.130E+01.08680.109 3063.75830.71-.000718        2 3 1 0        1 3 1 0                    R  6e     3655431410 5 3 3 3   135.0  117.0
 41 1295.336520 1.400E-24 4.478E-02.07070.086 1648.89760.81-.001286        1 2 2 0        0 2 2 0                    Q 33f     3655431410 5 3 3 3   603.0  603.0
 41 1295.349910 1.342E-28 1.271E+01.08800.110 4377.15620.71-.000191        2 5 3 0        2 3 3 0                    R  5e     3555431410 5 3 3 3   117.0   99.0
 41 1295.349910 1.342E-28 1.271E+01.08800.110 4377.15620.71-.000191        2 5 3 0        2 3 3 0                    R  5f     3555431410 5 3 3 3   117.0   99.0
 41 1295.350550 5.012E-27 5.935E-01.07590.097 3227.95920.73-.001179        2 3 3 0        1 3 3 0                    Q 19f     3655431410 5 3 3 3   351.0  351.0
 41 1295.350680 5.012E-27 5.935E-01.07590.097 3227.95920.73-.001179        2 3 3 0        1 3 3 0                    Q 19e     3655431410 5 3 3 3   351.0  351.0
 41 1295.350970 3.515E-28 7.155E+00.08680.109 4060.83480.71-.001175        1 7 1 0        0 7 1 0                    P  7f     3555431410 5 3 3 3   117.0  135.0
 41 1295.353320 3.335E-23 1.151E+01.08090.104 1935.36800.72-.000788        2 1 1 0        1 1 1 0                    R 11e     3655431410 5 3 3 3   225.0  207.0
 41 1295.362680 8.154E-26 1.131E+01.08680.109 3063.82630.71-.000718        2 3 1 0        1 3 1 0                    R  6f     3655431410 5 3 3 3   135.0  117.0
 41 1295.364020 2.015E-28 9.696E+00.08460.107 4293.01920.72-.000699        1 7 5 0        1 5 5 0                    P  9e     3555431410 5 3 3 3   153.0  171.0
 41 1295.364020 2.015E-28 9.696E+00.08460.107 4293.01920.72-.000699        1 7 5 0        1 5 5 0                    P  9f     3555431410 5 3 3 3   153.0  171.0
 41 1295.366360 1.082E-24 6.332E+00.08800.110 2348.79360.71-.001119        1 4 2 0        0 4 2 0                    P  6e     3655431410 5 3 3 3    99.0  117.0
 41 1295.366540 1.082E-24 6.332E+00.08800.110 2348.79330.71-.001119        1 4 2 0        0 4 2 0                    P  6f     3655431410 5 3 3 3    99.0  117.0
 41 1295.384140 3.520E-28 7.160E+00.08680.109 4060.67550.71-.001175        1 7 1 0        0 7 1 0                    P  7e     3555431410 5 3 3 3   117.0  135.0
 41 1295.385980 5.153E-27 1.689E+01.07450.094 3940.54570.73-.000953        3 2 0 0        2 2 0 0                    R 21e     3655431410 5 3 3 3   405.0  387.0
 41 1295.395010 8.357E-25 9.395E+00.08920.111 2483.16920.71-.000694        2 2 2 0        1 2 2 0                    R  4f     3655431410 5 3 3 3    99.0   81.0
 41 1295.395030 8.357E-25 9.395E+00.08920.111 2483.16920.71-.000694        2 2 2 0        1 2 2 0                    R  4e     3655431410 5 3 3 3    99.0   81.0
 41 1295.401050 3.334E-23 1.151E+01.08090.104 1935.48800.72-.000788        2 1 1 0        1 1 1 0                    R 11f     3655431410 5 3 3 3   225.0  207.0
 41 1295.406030 5.712E-27 6.599E-01.07650.098 3212.03750.73-.001168        2 3 3 0        1 3 3 0                    Q 18f     3655431410 5 3 3 3   333.0  333.0
 41 1295.406130 5.712E-27 6.599E-01.07650.098 3212.03740.73-.001168        2 3 3 0        1 3 3 0                    Q 18e     3655431410 5 3 3 3   333.0  333.0
 41 1295.421060 1.938E-24 5.058E-02.07120.088 1594.38820.80-.001275        1 2 2 0        0 2 2 0                    Q 31e     3655431410 5 3 3 3   567.0  567.0
 41 1295.429970 1.877E-27 2.086E+01.07070.086 4273.56520.81-.001135        4 0 0 0        3 0 0 0                    R 32e     3555431410 5 3 3 3   603.0  585.0
 41 1295.432200 4.995E-27 7.290E+00.08800.110 3484.28860.71-.001119        1 6 0 0        0 6 0 0                    P  6e     3655431410 5 3 3 3    99.0  117.0
 41 1295.433730 1.653E-24 4.764E-02.07090.087 1621.19530.81-.001281        1 2 2 0        0 2 2 0                    Q 32f     3655431410 5 3 3 3   585.0  585.0
 41 1295.446500 3.916E-28 6.556E+00.08330.106 4098.62250.72-.000721        0 9 3 0        0 7 3 0                    P 10f     3555431410 5 3 3 3   171.0  189.0
 41 1295.446520 3.916E-28 6.556E+00.08330.106 4098.62250.72-.000721        0 9 3 0        0 7 3 0                    P 10e     3555431410 5 3 3 3   171.0  189.0
 41 1295.458600 6.501E-27 7.379E-01.07700.099 3196.95330.73-.001155        2 3 3 0        1 3 3 0                    Q 17f     3655431410 5 3 3 3   315.0  315.0
 41 1295.458670 6.501E-27 7.379E-01.07700.099 3196.95320.73-.001155        2 3 3 0        1 3 3 0                    Q 17e     3655431410 5 3 3 3   315.0  315.0
 41 1295.459980 5.458E-24 6.425E+00.09410.116 1751.59160.70-.000805        1 3 1 0        0 3 1 0                    P  2f     3655431410 5 3 3 3    27.0   45.0
 41 1295.464680 3.056E-26 6.660E+00.06850.081 3513.72350.78-.001268        1 1 1 1        0 1 1 1                    R 41e     3655431410 5 3 3 3   765.0  747.0
 41 1295.465720 5.459E-24 6.425E+00.09410.116 1751.58260.70-.000805        1 3 1 0        0 3 1 0                    P  2e     3655431410 5 3 3 3    27.0   45.0
 41 1295.470000 1.145E-25 2.500E-02.07450.094 1962.07540.73-.001210        1 3 1 0        0 3 1 0                    Q 22f     3655431410 5 3 3 3   405.0  405.0
 41 1295.476620 1.657E-19 5.975E+00.07990.103   65.36140.72-.000803        1 0 0 0        0 0 0 0                    R 12e     3655431415 5 3 3 3   243.0  225.0
 41 1295.481190 1.829E-28 2.630E-02.06490.071 3513.99490.72-.001392        1 3 3 0        0 3 3 0                    Q 64e     3645431410 5 3 3 3  1161.0 1161.0
 41 1295.492520 1.266E-27 6.015E+00.09220.114 3634.10320.70-.000674        2 4 2 0        1 4 2 0                    R  2f     3655431410 5 3 3 3    63.0   45.0
 41 1295.492530 1.266E-27 6.015E+00.09220.114 3634.10320.70-.000674        2 4 2 0        1 4 2 0                    R  2e     3655431410 5 3 3 3    63.0   45.0
 41 1295.499390 2.401E-28 2.703E-02.06500.071 3460.42530.72-.001389        1 3 3 0        0 3 3 0                    Q 63f     3645431410 5 3 3 3  1143.0 1143.0
 41 1295.507380 2.636E-28 1.968E-02.06730.078 3320.48090.76-.001348        1 4 2 0        0 4 2 0                    Q 48e     3655431410 5 3 3 3   873.0  873.0
 41 1295.508270 7.393E-27 8.305E-01.07770.100 3182.70670.73-.001141        2 3 3 0        1 3 3 0                    Q 16f     3655431410 5 3 3 3   297.0  297.0
 41 1295.508310 7.393E-27 8.305E-01.07770.100 3182.70670.73-.001141        2 3 3 0        1 3 3 0                    Q 16e     3655431410 5 3 3 3   297.0  297.0
 11 1295.509791 4.733E-30 3.052E-01.09070.333 4792.34030.74-.005830          1 1 0          0 0 1  7  3  4        8  3  5      434233837294713152    45.0   51.0
 11 1295.521192 2.944E-25 4.220E+00.01420.208 3211.2126-.06-.006200          0 1 0          0 0 0 15  2 13       16  3 14      574420837274713029    93.0   99.0
 41 1295.525970 2.274E-24 5.404E-02.07150.088 1568.35520.79-.001269        1 2 2 0        0 2 2 0                    Q 30e     3655431410 5 3 3 3   549.0  549.0
 41 1295.528420 1.945E-24 5.078E-02.07120.088 1594.33110.80-.001275        1 2 2 0        0 2 2 0                    Q 31f     3655431410 5 3 3 3   567.0  567.0
 41 1295.533100 1.219E-22 5.073E+00.09410.116 1168.97220.70-.000665        1 2 0 0        0 2 0 0                    R  1e     3655431410 5 3 3 3    45.0   27.0
 41 1295.534940 5.750E-28 6.649E+00.07250.090 4241.17330.76-.001038        1 3 3 1        0 3 3 1                    R 26f     3555431410 5 3 3 3   495.0  477.0
 41 1295.534990 5.750E-28 6.649E+00.07250.090 4241.17270.76-.001038        1 3 3 1        0 3 3 1                    R 26e     3555431410 5 3 3 3   495.0  477.0
 41 1295.536890 1.031E-26 1.239E-04.07990.103 1244.54960.72-.001382        1 2 2 0        0 2 0 0                    P 13e     3655431410 5 3 3 3   225.0  243.0
 41 1295.537850 2.024E-28 2.165E+01.07360.093 4675.06340.74-.000987        4 1 1 0        3 1 1 0                    R 23e     3555431410 5 3 3 3   441.0  423.0
 41 1295.543140 3.434E-28 1.713E+01.07700.099 4448.91570.73-.000868        3 3 1 0        2 3 1 0                    R 16e     3555431410 5 3 3 3   315.0  297.0
 41 1295.555020 8.404E-27 9.417E-01.07830.101 3169.29780.72-.001127        2 3 3 0        1 3 3 0                    Q 15f     3655431410 5 3 3 3   279.0  279.0
 41 1295.555050 8.404E-27 9.417E-01.07830.101 3169.29780.72-.001127        2 3 3 0        1 3 3 0                    Q 15e     3655431410 5 3 3 3   279.0  279.0
 41 1295.558590 1.147E-27 5.163E+00.08920.111 3674.75220.71-.000562        1 6 4 0        1 4 4 0                    P  5e     3655431410 5 3 3 3    81.0   99.0
 41 1295.558590 1.147E-27 5.163E+00.08920.111 3674.75220.71-.000562        1 6 4 0        1 4 4 0                    P  5f     3655431410 5 3 3 3    81.0   99.0
 41 1295.580670 8.979E-28 2.776E-04.07250.090 2067.27640.76-.001462        1 3 3 0        0 3 1 0                    P 27f     3655431410 5 3 3 3   477.0  495.0
 41 1295.591780 9.539E-26 6.297E+00.07770.100 3060.44650.73-.001431        1 5 5 0        0 5 5 0                    P 16e     3655431410 5 3 3 3   279.0  297.0
 41 1295.591780 9.539E-26 6.297E+00.07770.100 3060.44650.73-.001431        1 5 5 0        0 5 5 0                    P 16f     3655431410 5 3 3 3   279.0  297.0
 41 1295.593270 5.428E-28 5.893E-06.07910.102 1254.20350.72-.000819        1 2 0 0        0 2 2 0                    R 13e     3655431410 5 3 3 3   261.0  243.0
 41 1295.596940 1.536E-24 6.135E+00.08090.104 2421.95750.72-.001360        1 4 4 0        0 4 4 0                    P 12e     3655431410 5 3 3 3   207.0  225.0
 41 1295.596940 1.536E-24 6.135E+00.08090.104 2421.95750.72-.001360        1 4 4 0        0 4 4 0                    P 12f     3655431410 5 3 3 3   207.0  225.0
 41 1295.598850 9.555E-27 1.077E+00.07910.102 3156.72670.72-.001110        2 3 3 0        1 3 3 0                    Q 14f     3655431410 5 3 3 3   261.0  261.0
 41 1295.598880 9.555E-27 1.077E+00.07910.102 3156.72670.72-.001110        2 3 3 0        1 3 3 0                    Q 14e     3655431410 5 3 3 3   261.0  261.0
 41 1295.615690 1.313E-25 2.742E-02.07490.095 1943.55720.73-.001201        1 3 1 0        0 3 1 0                    Q 21f     3655431410 5 3 3 3   387.0  387.0
 41 1295.620570 2.282E-24 5.422E-02.07150.088 1568.30490.79-.001269        1 2 2 0        0 2 2 0                    Q 30f     3655431410 5 3 3 3   549.0  549.0
 41 1295.627140 2.661E-24 5.785E-02.07190.089 1543.16110.78-.001263        1 2 2 0        0 2 2 0                    Q 29e     3655431410 5 3 3 3   531.0  531.0
 41 1295.636930 3.385E-28 6.689E+00.07040.086 4398.03100.81-.001151        1 3 1 1        0 3 1 1                    R 33e     3555431410 5 3 3 3   621.0  603.0
 41 1295.638170 4.680E-21 5.494E+00.08920.111  597.15130.71-.000694        1 1 1 0        0 1 1 0                    R  4e     3655431410 5 3 3 3    99.0   81.0
 41 1295.639780 1.087E-26 1.243E+00.07990.103 3144.99340.72-.001093        2 3 3 0        1 3 3 0                    Q 13f     3655431410 5 3 3 3   243.0  243.0
 41 1295.639800 1.087E-26 1.243E+00.07990.103 3144.99340.72-.001093        2 3 3 0        1 3 3 0                    Q 13e     3655431410 5 3 3 3   243.0  243.0
 41 1295.649580 4.680E-21 5.495E+00.08920.111  597.16720.71-.000694        1 1 1 0        0 1 1 0                    R  4f     3655431410 5 3 3 3    99.0   81.0
 41 1295.669150 2.418E-28 2.722E-02.06500.071 3460.32730.72-.001389        1 3 3 0        0 3 3 0                    Q 63e     3645431410 5 3 3 3  1143.0 1143.0
 41 1295.675180 2.676E-28 1.338E+01.07700.099 4449.39340.73-.000868        3 3 1 0        2 3 1 0                    R 16f     3555431410 5 3 3 3   315.0  297.0
 41 1295.677790 1.239E-26 1.451E+00.08090.104 3134.09800.72-.001074        2 3 3 0        1 3 3 0                    Q 12f     3655431410 5 3 3 3   225.0  225.0
 41 1295.677800 1.239E-26 1.451E+00.08090.104 3134.09800.72-.001074        2 3 3 0        1 3 3 0                    Q 12e     3655431410 5 3 3 3   225.0  225.0
 11 1295.697776 8.497E-30 2.998E-02.03480.315 3994.26020.420.003170          0 0 1          0 1 0  8  7  2        9  9  1      434233837294713152    17.0   19.0
 41 1295.698860 3.163E-28 2.800E-02.06520.072 3407.58260.72-.001387        1 3 3 0        0 3 3 0                    Q 62f     3645431410 5 3 3 3  1125.0 1125.0
 11 1295.698865 2.549E-29 2.998E-02.03480.315 3994.26020.420.003250          0 0 1          0 1 0  8  7  1        9  9  0      434233837294713152    51.0   57.0
 41 1295.710140 2.670E-24 5.802E-02.07190.089 1543.11690.78-.001263        1 2 2 0        0 2 2 0                    Q 29f     3655431410 5 3 3 3   531.0  531.0
 41 1295.712880 1.415E-26 1.715E+00.08200.105 3124.04050.72-.001053        2 3 3 0        1 3 3 0                    Q 11e     3655431410 5 3 3 3   207.0  207.0
 41 1295.712880 1.415E-26 1.715E+00.08200.105 3124.04050.72-.001053        2 3 3 0        1 3 3 0                    Q 11f     3655431410 5 3 3 3   207.0  207.0
 41 1295.724630 3.105E-24 6.207E-02.07220.090 1518.80580.77-.001257        1 2 2 0        0 2 2 0                    Q 28e     3655431410 5 3 3 3   513.0  513.0
 41 1295.736070 5.062E-27 6.660E+00.07040.086 3840.58080.81-.001151        1 2 2 1        0 2 2 1                    R 33e     3655431410 5 3 3 3   621.0  603.0
 41 1295.736650 3.299E-28 2.068E-02.06750.078 3280.11750.76-.001344        1 4 2 0        0 4 2 0                    Q 47e     3655431410 5 3 3 3   855.0  855.0
 41 1295.737260 3.034E-26 6.658E+00.06850.081 3515.05780.78-.001268        1 1 1 1        0 1 1 1                    R 41f     3655431410 5 3 3 3   765.0  747.0
 41 1295.738690 5.065E-27 6.661E+00.07040.086 3840.50750.81-.001151        1 2 2 1        0 2 2 1                    R 33f     3655431410 5 3 3 3   621.0  603.0
 41 1295.745050 1.621E-26 2.058E+00.08330.106 3114.82100.72-.001030        2 3 3 0        1 3 3 0                    Q 10f     3655431410 5 3 3 3   189.0  189.0
 41 1295.745060 1.621E-26 2.058E+00.08330.106 3114.82100.72-.001030        2 3 3 0        1 3 3 0                    Q 10e     3655431410 5 3 3 3   189.0  189.0
 41 1295.754800 1.503E-25 3.021E-02.07540.096 1925.87990.73-.001190        1 3 1 0        0 3 1 0                    Q 20f     3655431410 5 3 3 3   369.0  369.0
 41 1295.764900 9.637E-26 1.685E+01.07590.097 3308.05310.73-.000902        3 1 1 0        2 1 1 0                    R 18e     3655431410 5 3 3 3   351.0  333.0
 41 1295.774300 1.868E-26 2.517E+00.08460.107 3106.43950.72-.001005        2 3 3 0        1 3 3 0                    Q  9e     3655431410 5 3 3 3   171.0  171.0
 41 1295.774300 1.868E-26 2.517E+00.08460.107 3106.43950.72-.001005        2 3 3 0        1 3 3 0                    Q  9f     3655431410 5 3 3 3   171.0  171.0
 41 1295.777930 2.276E-28 1.111E+01.08920.111 4206.32310.71-.000694        2 5 1 0        1 5 1 0                    R  4e     3555431410 5 3 3 3    99.0   81.0
 41 1295.797090 3.113E-24 6.223E-02.07220.090 1518.76730.77-.001257        1 2 2 0        0 2 2 0                    Q 28f     3655431410 5 3 3 3   513.0  513.0
 41 1295.800630 2.168E-26 3.147E+00.08570.108 3098.89600.71-.000977        2 3 3 0        1 3 3 0                    Q  8e     3655431410 5 3 3 3   153.0  153.0
 41 1295.800630 2.168E-26 3.147E+00.08570.108 3098.89600.71-.000977        2 3 3 0        1 3 3 0                    Q  8f     3655431410 5 3 3 3   153.0  153.0
 41 1295.802830 2.018E-28 2.167E+01.07360.093 4675.79190.74-.000987        4 1 1 0        3 1 1 0                    R 23f     3555431410 5 3 3 3   441.0  423.0
 41 1295.805600 2.276E-28 1.112E+01.08920.111 4206.36930.71-.000694        2 5 1 0        1 5 1 0                    R  4f     3555431410 5 3 3 3    99.0   81.0
 41 1295.809390 5.154E-27 1.168E+01.08680.109 3638.53210.71-.000718        2 4 0 0        1 4 0 0                    R  6e     3655431410 5 3 3 3   135.0  117.0
 41 1295.818450 3.612E-24 6.676E-02.07250.090 1495.28970.76-.001250        1 2 2 0        0 2 2 0                    Q 27e     3655431410 5 3 3 3   495.0  495.0
 41 1295.824040 2.541E-26 4.046E+00.08680.109 3092.19060.71-.000946        2 3 3 0        1 3 3 0                    Q  7e     3655431410 5 3 3 3   135.0  135.0
 41 1295.824040 2.541E-26 4.046E+00.08680.109 3092.19060.71-.000946        2 3 3 0        1 3 3 0                    Q  7f     3655431410 5 3 3 3   135.0  135.0
 41 1295.829360 2.740E-28 6.524E+00.07450.094 4338.98930.73-.001467        1 7 7 0        0 7 7 0                    P 22e     3555431410 5 3 3 3   387.0  405.0
 41 1295.829360 2.740E-28 6.524E+00.07450.094 4338.98930.73-.001467        1 7 7 0        0 7 7 0                    P 22f     3555431410 5 3 3 3   387.0  405.0
 41 1295.835750 6.718E-25 7.806E+00.09220.114 2327.62090.70-.000900        1 4 0 0        0 4 0 0                    P  3e     3655431410 5 3 3 3    45.0   63.0
 41 1295.844520 3.022E-26 5.396E+00.08800.110 3086.32330.71-.000912        2 3 3 0        1 3 3 0                    Q  6e     3655431410 5 3 3 3   117.0  117.0
 41 1295.844520 3.022E-26 5.396E+00.08800.110 3086.32330.71-.000912        2 3 3 0        1 3 3 0                    Q  6f     3655431410 5 3 3 3   117.0  117.0
 41 1295.846990 7.632E-28 2.536E-04.07220.090 2089.62890.77-.001459        1 3 3 0        0 3 1 0                    P 28e     3655431410 5 3 3 3   495.0  513.0
 41 1295.850170 2.931E-27 6.658E+00.06920.083 3980.76210.79-.001225        1 2 0 1        0 2 0 1                    R 38e     3655431410 5 3 3 3   711.0  693.0
 41 1295.853660 1.737E-23 5.703E+00.08680.109 1790.46970.71-.001175        1 3 3 0        0 3 3 0                    P  7e     3655431410 5 3 3 3   117.0  135.0
 41 1295.853660 1.737E-23 5.703E+00.08680.109 1790.46970.71-.001175        1 3 3 0        0 3 3 0                    P  7f     3655431410 5 3 3 3   117.0  135.0
 41 1295.854020 5.039E-27 1.665E+01.08090.104 3821.10090.72-.000788        3 2 2 0        2 2 2 0                    R 11e     3655431410 5 3 3 3   225.0  207.0
 41 1295.854210 5.040E-27 1.665E+01.08090.104 3821.10020.72-.000788        3 2 2 0        2 2 2 0                    R 11f     3655431410 5 3 3 3   225.0  207.0
 41 1295.854650 3.184E-28 2.817E-02.06520.072 3407.49270.72-.001387        1 3 3 0        0 3 3 0                    Q 62e     3645431410 5 3 3 3  1125.0 1125.0
 41 1295.860400 3.863E-28 6.395E+00.07830.101 4183.16950.72-.002053        2 5 5 0        0 7 5 0                    P 15e     3555431410 5 3 3 3   261.0  279.0
 41 1295.860400 3.863E-28 6.395E+00.07830.101 4183.16950.72-.002053        2 5 5 0        0 7 5 0                    P 15f     3555431410 5 3 3 3   261.0  279.0
 41 1295.862080 3.669E-26 7.556E+00.08920.111 3081.29420.71-.000875        2 3 3 0        1 3 3 0                    Q  5e     3655431410 5 3 3 3    99.0   99.0
 41 1295.862080 3.669E-26 7.556E+00.08920.111 3081.29420.71-.000875        2 3 3 0        1 3 3 0                    Q  5f     3655431410 5 3 3 3    99.0   99.0
 41 1295.866470 3.359E-28 6.693E+00.07040.086 4399.66420.81-.001151        1 3 1 1        0 3 1 1                    R 33f     3555431410 5 3 3 3   621.0  603.0
 41 1295.869290 8.821E-26 6.269E+00.08460.107 2951.95290.72-.001265        1 5 3 0        0 5 3 0                    P  9f     3655431410 5 3 3 3   153.0  171.0
 41 1295.869300 8.821E-26 6.269E+00.08460.107 2951.95290.72-.001265        1 5 3 0        0 5 3 0                    P  9e     3655431410 5 3 3 3   153.0  171.0
 41 1295.876710 4.596E-26 1.134E+01.09060.112 3077.10320.70-.000833        2 3 3 0        1 3 3 0                    Q  4e     3655431410 5 3 3 3    81.0   81.0
 41 1295.876710 4.596E-26 1.134E+01.09060.112 3077.10320.70-.000833        2 3 3 0        1 3 3 0                    Q  4f     3655431410 5 3 3 3    81.0   81.0
 41 1295.878670 1.045E-24 1.668E+01.07190.089 2900.70340.78-.001071        3 0 0 0        2 0 0 0                    R 28e     3655431410 5 3 3 3   531.0  513.0
 41 1295.881390 3.620E-24 6.690E-02.07250.090 1495.25620.76-.001250        1 2 2 0        0 2 2 0                    Q 27f     3655431410 5 3 3 3   495.0  495.0
 41 1295.887320 1.717E-25 3.344E-02.07590.097 1909.04370.73-.001179        1 3 1 0        0 3 1 0                    Q 19f     3655431410 5 3 3 3   351.0  351.0
 41 1295.888420 6.056E-26 1.890E+01.09220.114 3073.75030.70-.000787        2 3 3 0        1 3 3 0                    Q  3e     3655431410 5 3 3 3    63.0   63.0
 41 1295.888420 6.056E-26 1.890E+01.09220.114 3073.75030.70-.000787        2 3 3 0        1 3 3 0                    Q  3f     3655431410 5 3 3 3    63.0   63.0
 41 1295.894970 4.152E-28 2.901E-02.06530.072 3355.57360.72-.001384        1 3 3 0        0 3 3 0                    Q 61f     3645431410 5 3 3 3  1107.0 1107.0
 41 1295.895030 6.417E-26 7.042E+00.08920.111 2910.47430.71-.001055        1 5 1 0        0 5 1 0                    P  5f     3655431410 5 3 3 3    81.0   99.0
 41 1295.896850 9.622E-26 1.686E+01.07590.097 3308.42140.73-.000902        3 1 1 0        2 1 1 0                    R 18f     3655431410 5 3 3 3   351.0  333.0
 41 1295.908620 4.189E-24 7.198E-02.07290.091 1472.61260.75-.001243        1 2 2 0        0 2 2 0                    Q 26e     3655431410 5 3 3 3   477.0  477.0
 41 1295.914020 6.421E-26 7.045E+00.08920.111 2910.40910.71-.001055        1 5 1 0        0 5 1 0                    P  5e     3655431410 5 3 3 3    81.0   99.0
 41 1295.945670 5.273E-27 6.403E+00.07590.097 3695.80650.73-.001457        1 6 6 0        0 6 6 0                    P 19e     3655431410 5 3 3 3   333.0  351.0
 41 1295.945670 5.273E-27 6.403E+00.07590.097 3695.80650.73-.001457        1 6 6 0        0 6 6 0                    P 19f     3655431410 5 3 3 3   333.0  351.0
 41 1295.955610 5.642E-22 1.170E+01.07450.094 1477.63840.73-.000953        2 0 0 0        1 0 0 0                    R 21e     3655431410 5 3 3 3   405.0  387.0
 41 1295.959550 4.113E-28 2.174E-02.06770.079 3240.59290.76-.001341        1 4 2 0        0 4 2 0                    Q 46e     3655431410 5 3 3 3   837.0  837.0
 41 1295.961430 7.884E-26 6.718E+00.06650.076 3367.70560.74-.001404        1 0 0 1        0 0 0 1                    R 52e     3645431410 5 3 3 3   963.0  945.0
 41 1295.963000 4.198E-24 7.212E-02.07290.091 1472.58370.75-.001243        1 2 2 0        0 2 2 0                    Q 26f     3655431410 5 3 3 3   477.0  477.0
 41 1295.995190 4.846E-24 7.782E-02.07330.092 1450.77470.74-.001235        1 2 2 0        0 2 2 0                    Q 25e     3655431410 5 3 3 3   459.0  459.0
 41 1296.005690 1.997E-24 1.166E+01.08090.104 2517.18770.72-.000788        2 2 0 0        1 2 0 0                    R 11e     3655431410 5 3 3 3   225.0  207.0
 41 1296.013240 1.958E-25 3.721E-02.07650.098 1893.04870.73-.001168        1 3 1 0        0 3 1 0                    Q 18f     3655431410 5 3 3 3   333.0  333.0
 41 1296.025570 1.166E-28 5.544E+00.08800.110 4235.23750.71-.001426        3 3 3 0        1 5 3 0                    Q  6e     3555431410 5 3 3 3   117.0  117.0
 41 1296.025570 1.166E-28 5.544E+00.08800.110 4235.23750.71-.001426        3 3 3 0        1 5 3 0                    Q  6f     3555431410 5 3 3 3   117.0  117.0
 41 1296.037680 4.177E-28 2.918E-02.06530.072 3355.49130.72-.001384        1 3 3 0        0 3 3 0                    Q 61e     3645431410 5 3 3 3  1107.0 1107.0
 41 1296.041900 4.855E-24 7.795E-02.07330.092 1450.74990.74-.001235        1 2 2 0        0 2 2 0                    Q 25f     3655431410 5 3 3 3   459.0  459.0
 41 1296.042260 6.147E-27 6.310E+00.08090.104 3563.44370.72-.001965        2 4 4 0        0 6 4 0                    P 12e     3655431410 5 3 3 3   207.0  225.0
 41 1296.042260 6.147E-27 6.310E+00.08090.104 3563.44370.72-.001965        2 4 4 0        0 6 4 0                    P 12f     3655431410 5 3 3 3   207.0  225.0
 41 1296.045750 1.415E-28 7.763E+00.08920.111 4230.20360.71-.001368        3 3 3 0        1 5 3 0                    Q  5e     3555431410 5 3 3 3    99.0   99.0
 41 1296.045750 1.415E-28 7.763E+00.08920.111 4230.20360.71-.001368        3 3 3 0        1 5 3 0                    Q  5f     3555431410 5 3 3 3    99.0   99.0
 41 1296.062580 1.773E-28 1.165E+01.09060.112 4226.00860.70-.001303        3 3 3 0        1 5 3 0                    Q  4e     3555431410 5 3 3 3    81.0   81.0
 41 1296.062580 1.773E-28 1.165E+01.09060.112 4226.00860.70-.001303        3 3 3 0        1 5 3 0                    Q  4f     3555431410 5 3 3 3    81.0   81.0
 41 1296.076030 2.336E-28 1.941E+01.09220.114 4222.65260.70-.001230        3 3 3 0        1 5 3 0                    Q  3e     3555431410 5 3 3 3    63.0   63.0
 41 1296.076030 2.336E-28 1.941E+01.09220.114 4222.65260.70-.001230        3 3 3 0        1 5 3 0                    Q  3f     3555431410 5 3 3 3    63.0   63.0
 41 1296.078180 5.591E-24 8.440E-02.07360.093 1429.77610.74-.001227        1 2 2 0        0 2 2 0                    Q 24e     3655431410 5 3 3 3   441.0  441.0
 41 1296.085060 1.685E-28 5.382E-04.07830.101 2423.49910.72-.001418        1 4 2 0        0 4 0 0                    P 15e     3655431410 5 3 3 3   261.0  279.0
 41 1296.087700 5.429E-28 3.008E-02.06540.073 3304.39850.73-.001382        1 3 3 0        0 3 3 0                    Q 60f     3645431410 5 3 3 3  1089.0 1089.0
 41 1296.106540 1.144E-28 1.289E-02.07120.088 3316.20360.80-.001275        1 5 1 0        0 5 1 0                    Q 31f     3655431410 5 3 3 3   567.0  567.0
 41 1296.118050 5.600E-24 8.452E-02.07360.093 1429.75490.74-.001227        1 2 2 0        0 2 2 0                    Q 24f     3655431410 5 3 3 3   441.0  441.0
 11 1296.126996 1.736E-26 9.874E+00.01570.235 3939.8318-.04-.004110          0 2 0          0 1 0 13  1 12       14  2 13      564423837294713159    81.0   87.0
 41 1296.128780 4.929E-27 1.693E+01.07410.094 3958.85410.73-.000970        3 2 0 0        2 2 0 0                    R 22e     3655431410 5 3 3 3   423.0  405.0
 41 1296.132560 2.231E-25 4.164E-02.07700.099 1877.89490.73-.001155        1 3 1 0        0 3 1 0                    Q 17f     3655431410 5 3 3 3   315.0  315.0
 41 1296.134090 5.029E-27 6.648E+00.08680.109 3498.04370.71-.000641        0 8 2 0        0 6 2 0                    P  7e     3655431410 5 3 3 3   117.0  135.0
 41 1296.134650 5.029E-27 6.648E+00.08680.109 3498.04250.71-.000641        0 8 2 0        0 6 2 0                    P  7f     3655431410 5 3 3 3   117.0  135.0
 41 1296.138260 9.105E-26 1.147E+01.08570.108 3069.60670.71-.000731        2 3 1 0        1 3 1 0                    R  7e     3655431410 5 3 3 3   153.0  135.0
 41 1296.145760 2.641E-26 6.671E+00.06830.080 3548.59560.78-.001281        1 1 1 1        0 1 1 1                    R 42e     3655431410 5 3 3 3   783.0  765.0
 41 1296.145900 3.446E-23 1.157E+01.07990.103 1945.38600.72-.000803        2 1 1 0        1 1 1 0                    R 12e     3655431410 5 3 3 3   243.0  225.0
 41 1296.157610 6.435E-24 9.183E-02.07410.094 1409.61690.73-.001219        1 2 2 0        0 2 2 0                    Q 23e     3655431410 5 3 3 3   423.0  423.0
 41 1296.166150 1.663E-28 1.401E+01.08680.109 4382.16780.71-.000185        2 5 3 0        2 3 3 0                    R  6e     3555431410 5 3 3 3   135.0  117.0
 41 1296.166150 1.663E-28 1.401E+01.08680.109 4382.16780.71-.000185        2 5 3 0        2 3 3 0                    R  6f     3555431410 5 3 3 3   135.0  117.0
 41 1296.174190 9.104E-26 1.147E+01.08570.108 3069.69720.71-.000731        2 3 1 0        1 3 1 0                    R  7f     3655431410 5 3 3 3   153.0  135.0
 41 1296.176100 5.107E-28 2.286E-02.06790.079 3201.90720.77-.001337        1 4 2 0        0 4 2 0                    Q 45e     3655431410 5 3 3 3   819.0  819.0
 41 1296.187660 1.693E-27 2.088E+01.07040.086 4300.87950.81-.001151        4 0 0 0        3 0 0 0                    R 33e     3555431410 5 3 3 3   621.0  603.0
 41 1296.191410 6.443E-24 9.194E-02.07410.094 1409.59890.73-.001219        1 2 2 0        0 2 2 0                    Q 23f     3655431410 5 3 3 3   423.0  423.0
 41 1296.199800 3.444E-23 1.158E+01.07990.103 1945.52770.72-.000803        2 1 1 0        1 1 1 0                    R 12f     3655431410 5 3 3 3   243.0  225.0
 41 1296.214200 1.040E-24 1.011E+01.08800.110 2487.35440.71-.000706        2 2 2 0        1 2 2 0                    R  5f     3655431410 5 3 3 3   117.0   99.0
 41 1296.214220 1.040E-24 1.011E+01.08800.110 2487.35450.71-.000706        2 2 2 0        1 2 2 0                    R  5e     3655431410 5 3 3 3   117.0   99.0
 41 1296.218210 5.458E-28 3.023E-02.06540.073 3304.32330.73-.001382        1 3 3 0        0 3 3 0                    Q 60e     3645431410 5 3 3 3  1089.0 1089.0
 41 1296.218920 3.078E-28 7.206E+00.08800.110 4054.91490.71-.001119        1 7 1 0        0 7 1 0                    P  6f     3555431410 5 3 3 3    99.0  117.0
 41 1296.225290 8.739E-25 6.105E+00.08920.111 2343.74440.71-.001055        1 4 2 0        0 4 2 0                    P  5e     3655431410 5 3 3 3    81.0   99.0
 41 1296.225390 8.739E-25 6.105E+00.08920.111 2343.74420.71-.001055        1 4 2 0        0 4 2 0                    P  5f     3655431410 5 3 3 3    81.0   99.0
 41 1296.227710 1.638E-28 8.624E+00.08570.108 4285.45640.71-.000672        1 7 5 0        1 5 5 0                    P  8e     3555431410 5 3 3 3   135.0  153.0
 41 1296.227710 1.638E-28 8.624E+00.08570.108 4285.45640.71-.000672        1 7 5 0        1 5 5 0                    P  8f     3555431410 5 3 3 3   135.0  153.0
 41 1296.233510 7.389E-24 1.003E-01.07450.094 1390.29700.73-.001210        1 2 2 0        0 2 2 0                    Q 22e     3655431410 5 3 3 3   405.0  405.0
 41 1296.245270 2.540E-25 4.690E-02.07770.100 1863.58250.73-.001141        1 3 1 0        0 3 1 0                    Q 16f     3655431410 5 3 3 3   297.0  297.0
 41 1296.248310 3.082E-28 7.210E+00.08800.110 4054.79540.71-.001119        1 7 1 0        0 7 1 0                    P  6e     3555431410 5 3 3 3    99.0  117.0
 41 1296.261970 7.397E-24 1.004E-01.07450.094 1390.28190.73-.001210        1 2 2 0        0 2 2 0                    Q 22f     3655431410 5 3 3 3   405.0  405.0
 41 1296.265120 1.693E-19 6.000E+00.07910.102   76.25420.72-.000819        1 0 0 0        0 0 0 0                    R 13e     3655431415 5 3 3 3   261.0  243.0
 41 1296.277090 7.070E-28 3.119E-02.06560.073 3254.05770.73-.001379        1 3 3 0        0 3 3 0                    Q 59f     3645431410 5 3 3 3  1071.0 1071.0
 41 1296.281400 5.351E-28 6.669E+00.07220.090 4263.69660.77-.001054        1 3 3 1        0 3 3 1                    R 27f     3555431410 5 3 3 3   513.0  495.0
 41 1296.281480 5.351E-28 6.669E+00.07220.090 4263.69580.77-.001054        1 3 3 1        0 3 3 1                    R 27e     3555431410 5 3 3 3   513.0  495.0
 41 1296.293480 4.267E-27 7.438E+00.08920.111 3479.23490.71-.001055        1 6 0 0        0 6 0 0                    P  5e     3655431410 5 3 3 3    81.0   99.0
 41 1296.300620 1.915E-28 2.170E+01.07330.092 4694.94420.74-.001004        4 1 1 0        3 1 1 0                    R 24e     3555431410 5 3 3 3   459.0  441.0
 41 1296.305920 8.466E-24 1.099E-01.07490.095 1371.81670.73-.001201        1 2 2 0        0 2 2 0                    Q 21e     3655431410 5 3 3 3   387.0  387.0
 41 1296.308760 3.402E-28 1.721E+01.07650.098 4463.05310.73-.000885        3 3 1 0        2 3 1 0                    R 17e     3555431410 5 3 3 3   333.0  315.0
 41 1296.316840 2.252E-27 8.435E+00.09060.112 3636.61740.70-.000684        2 4 2 0        1 4 2 0                    R  3f     3655431410 5 3 3 3    81.0   63.0
 41 1296.316870 2.252E-27 8.435E+00.09060.112 3636.61740.70-.000684        2 4 2 0        1 4 2 0                    R  3e     3655431410 5 3 3 3    81.0   63.0
 41 1296.316940 1.005E-28 3.978E-03.06560.073 3231.79850.73-.001379        1 3 1 0        0 3 1 0                    Q 59e     3645431410 5 3 3 3  1071.0 1071.0
 41 1296.322980 3.588E-28 6.453E+00.08460.107 4090.18900.72-.000699        0 9 3 0        0 7 3 0                    P  9e     3555431410 5 3 3 3   153.0  171.0
 41 1296.322980 3.588E-28 6.453E+00.08460.107 4090.18910.72-.000699        0 9 3 0        0 7 3 0                    P  9f     3555431410 5 3 3 3   153.0  171.0
 41 1296.329670 8.474E-24 1.100E-01.07490.095 1371.80410.73-.001201        1 2 2 0        0 2 2 0                    Q 21f     3655431410 5 3 3 3   387.0  387.0
 41 1296.339090 3.038E-28 6.701E+00.07010.085 4426.30410.81-.001166        1 3 1 1        0 3 1 1                    R 34e     3555431410 5 3 3 3   639.0  621.0
 41 1296.349120 1.294E-28 4.100E-03.06570.073 3182.45620.73-.001377        1 3 1 0        0 3 1 0                    Q 58e     3645431410 5 3 3 3  1053.0 1053.0
 41 1296.351370 2.890E-25 5.322E-02.07830.101 1850.11160.72-.001127        1 3 1 0        0 3 1 0                    Q 15f     3655431410 5 3 3 3   279.0  279.0
 41 1296.357710 1.343E-28 1.377E-02.07150.088 3290.07030.79-.001269        1 5 1 0        0 5 1 0                    Q 30f     3655431410 5 3 3 3   549.0  549.0
 41 1296.362290 1.815E-22 5.445E+00.09220.114 1170.65190.70-.000674        1 2 0 0        0 2 0 0                    R  2e     3655431410 5 3 3 3    63.0   45.0
 41 1296.372250 8.974E-28 9.661E-06.07830.101 1265.96570.72-.000835        1 2 0 0        0 2 2 0                    R 14e     3655431410 5 3 3 3   279.0  261.0
 41 1296.374860 9.681E-24 1.210E-01.07540.096 1354.17600.73-.001190        1 2 2 0        0 2 2 0                    Q 20e     3655431410 5 3 3 3   369.0  369.0
 41 1296.380390 1.660E-28 4.228E-03.06590.074 3133.94470.73-.001374        1 3 1 0        0 3 1 0                    Q 57e     3645431410 5 3 3 3  1035.0 1035.0
 41 1296.384810 1.978E-28 1.004E+01.07650.098 4463.59040.73-.000885        3 3 1 0        2 3 1 0                    R 17f     3555431410 5 3 3 3   333.0  315.0
 41 1296.386330 6.318E-28 2.407E-02.06810.080 3164.06070.77-.001334        1 4 2 0        0 4 2 0                    Q 44e     3655431410 5 3 3 3   801.0  801.0
 41 1296.394500 9.688E-24 1.211E-01.07540.096 1354.16550.73-.001190        1 2 2 0        0 2 2 0                    Q 20f     3655431410 5 3 3 3   369.0  369.0
 11 1296.395592 1.062E-25 1.919E-01.06430.250 2756.41530.630.000000          0 1 0          0 0 0 13  3 10       13  6  7      574423837260713059    81.0   81.0
 41 1296.396210 7.105E-28 3.134E-02.06560.073 3253.98900.73-.001379        1 3 3 0        0 3 3 0                    Q 59e     3645431410 5 3 3 3  1071.0 1071.0
 41 1296.408740 7.754E-27 9.616E-05.08090.104 1233.63390.72-.001360        1 2 2 0        0 2 0 0                    P 12e     3655431410 5 3 3 3   207.0  225.0
 41 1296.410760 2.122E-28 4.363E-03.06600.074 3086.26440.74-.001372        1 3 1 0        0 3 1 0                    Q 56e     3645431410 5 3 3 3  1017.0 1017.0
 41 1296.430470 2.622E-26 6.669E+00.06830.080 3549.99480.78-.001281        1 1 1 1        0 1 1 1                    R 42f     3655431410 5 3 3 3   783.0  765.0
 41 1296.440260 2.704E-28 4.506E-03.06620.075 3039.41550.74-.001369        1 3 1 0        0 3 1 0                    Q 55e     3645431410 5 3 3 3   999.0  999.0
 41 1296.440340 1.105E-23 1.338E-01.07590.097 1337.37480.73-.001179        1 2 2 0        0 2 2 0                    Q 19e     3655431410 5 3 3 3   351.0  351.0
 41 1296.450850 3.289E-25 6.089E-02.07910.102 1837.48210.72-.001110        1 3 1 0        0 3 1 0                    Q 14f     3655431410 5 3 3 3   261.0  261.0
 41 1296.455680 4.543E-27 6.673E+00.07010.085 3868.90030.81-.001166        1 2 2 1        0 2 2 1                    R 34e     3655431410 5 3 3 3   639.0  621.0
 41 1296.455900 5.574E-21 5.659E+00.08800.110  601.34300.71-.000706        1 1 1 0        0 1 1 0                    R  5e     3655431410 5 3 3 3   117.0   99.0
 41 1296.456440 1.106E-23 1.339E-01.07590.097 1337.36630.73-.001179        1 2 2 0        0 2 2 0                    Q 19f     3655431410 5 3 3 3   351.0  351.0
 41 1296.458920 4.546E-27 6.674E+00.07010.085 3868.81810.81-.001166        1 2 2 1        0 2 2 1                    R 34f     3655431410 5 3 3 3   639.0  621.0
 41 1296.463130 9.172E-28 3.236E-02.06570.073 3204.55130.73-.001377        1 3 3 0        0 3 3 0                    Q 58f     3645431410 5 3 3 3  1053.0 1053.0
 11 1296.466819 9.795E-26 4.215E+00.01450.208 3211.0558-.04-.002450          0 1 0          0 0 0 15  3 13       16  2 14      574423837260713059    31.0   33.0
 41 1296.468930 3.431E-28 4.657E-03.06630.075 2993.39830.74-.001366        1 3 1 0        0 3 1 0                    Q 54e     3645431410 5 3 3 3   981.0  981.0
 41 1296.470300 5.575E-21 5.659E+00.08800.110  601.36680.71-.000706        1 1 1 0        0 1 1 0                    R  5f     3655431410 5 3 3 3   117.0   99.0
 41 1296.472980 1.444E-24 6.024E+00.08200.105 2411.84990.72-.001333        1 4 4 0        0 4 4 0                    P 11e     3655431410 5 3 3 3   189.0  207.0
 41 1296.472980 1.444E-24 6.024E+00.08200.105 2411.84990.72-.001333        1 4 4 0        0 4 4 0                    P 11f     3655431410 5 3 3 3   189.0  207.0
 41 1296.476290 1.429E-28 7.250E+00.07650.098 4463.59040.73-.000057        0 6 2 1        2 3 1 0                    R 17f     3555431410 5 3 3 3   333.0  315.0
 41 1296.480730 9.410E-26 6.228E+00.07830.101 3046.95440.72-.001418        1 5 5 0        0 5 5 0                    P 15e     3655431410 5 3 3 3   261.0  279.0
 41 1296.480730 9.410E-26 6.228E+00.07830.101 3046.95440.72-.001418        1 5 5 0        0 5 5 0                    P 15f     3655431410 5 3 3 3   261.0  279.0
 11 1296.490050 1.724E-22 1.313E+01.02800.161 2009.80510.30-.001670          0 1 0          0 0 0  8  7  2        9  8  1      575823837267 12459    51.0   57.0
 11 1296.490481 5.689E-23 1.300E+01.02920.315 2009.80500.30-.001740          0 1 0          0 0 0  8  7  1        9  8  2      564423837360713059    17.0   19.0
 41 1296.496760 4.339E-28 4.817E-03.06650.076 2948.21300.74-.001363        1 3 1 0        0 3 1 0                    Q 53e     3645431410 5 3 3 3   963.0  963.0
 41 1296.502390 1.260E-23 1.488E-01.07650.098 1321.41340.73-.001168        1 2 2 0        0 2 2 0                    Q 18e     3655431410 5 3 3 3   333.0  333.0
 41 1296.515440 1.260E-23 1.489E-01.07650.098 1321.40650.73-.001168        1 2 2 0        0 2 2 0                    Q 18f     3655431410 5 3 3 3   333.0  333.0
 41 1296.519240 8.423E-28 2.427E-04.07290.091 2044.55530.75-.001465        1 3 3 0        0 3 1 0                    P 26f     3655431410 5 3 3 3   459.0  477.0
 41 1296.523790 5.468E-28 4.986E-03.06670.076 2903.85990.75-.001360        1 3 1 0        0 3 1 0                    Q 52e     3645431410 5 3 3 3   945.0  945.0
 41 1296.536880 9.399E-26 1.690E+01.07540.096 3323.85070.73-.000919        3 1 1 0        2 1 1 0                    R 19e     3655431410 5 3 3 3   369.0  351.0
 41 1296.537820 2.568E-27 6.668E+00.06890.082 4013.19530.79-.001240        1 2 0 1        0 2 0 1                    R 39e     3555431410 5 3 3 3   729.0  711.0
 41 1296.543720 3.745E-25 7.034E-02.07990.103 1825.69430.72-.001093        1 3 1 0        0 3 1 0                    Q 13f     3655431410 5 3 3 3   243.0  243.0
 41 1296.550050 6.866E-28 5.165E-03.06680.076 2860.33920.75-.001357        1 3 1 0        0 3 1 0                    Q 51e     3645431410 5 3 3 3   927.0  927.0
 41 1296.561050 1.434E-23 1.664E-01.07700.099 1306.29170.73-.001155        1 2 2 0        0 2 2 0                    Q 17e     3655431410 5 3 3 3   315.0  315.0
 41 1296.571500 1.435E-23 1.665E-01.07700.099 1306.28620.73-.001155        1 2 2 0        0 2 2 0                    Q 17f     3655431410 5 3 3 3   315.0  315.0
 41 1296.571650 9.213E-28 3.251E-02.06570.073 3204.48880.73-.001377        1 3 3 0        0 3 3 0                    Q 58e     3645431410 5 3 3 3  1053.0 1053.0
 41 1296.575540 8.590E-28 5.355E-03.06700.077 2817.65130.75-.001354        1 3 1 0        0 3 1 0                    Q 50e     3645431410 5 3 3 3   909.0  909.0
 41 1296.579320 3.013E-28 6.704E+00.07010.085 4428.03540.81-.001166        1 3 1 1        0 3 1 1                    R 34f     3555431410 5 3 3 3   639.0  621.0
 41 1296.585560 1.908E-28 2.171E+01.07330.092 4695.73660.74-.001004        4 1 1 0        3 1 1 0                    R 24f     3555431410 5 3 3 3   459.0  441.0
 41 1296.590210 2.711E-28 1.144E+01.08800.110 4210.50230.71-.000706        2 5 1 0        1 5 1 0                    R  5e     3555431410 5 3 3 3   117.0   99.0
 41 1296.590290 7.786E-28 2.535E-02.06830.080 3127.05360.78-.001330        1 4 2 0        0 4 2 0                    Q 43e     3655431410 5 3 3 3   783.0  783.0
 41 1296.597720 6.490E-26 6.728E+00.06630.075 3411.65040.74-.001415        1 0 0 1        0 0 0 1                    R 53e     3645431410 5 3 3 3   981.0  963.0
 41 1296.600300 1.071E-27 5.558E-03.06720.077 2775.79620.75-.001351        1 3 1 0        0 3 1 0                    Q 49e     3655431410 5 3 3 3   891.0  891.0
 41 1296.601020 1.573E-28 1.475E-02.07190.089 3264.77790.78-.001263        1 5 1 0        0 5 1 0                    Q 29f     3655431410 5 3 3 3   531.0  531.0
 41 1296.616320 1.631E-23 1.873E-01.07770.100 1292.00980.73-.001141        1 2 2 0        0 2 2 0                    Q 16e     3655431410 5 3 3 3   297.0  297.0
 41 1296.616630 5.726E-27 1.180E+01.08570.108 3644.39450.71-.000731        2 4 0 0        1 4 0 0                    R  7e     3655431410 5 3 3 3   153.0  135.0
 41 1296.623770 9.616E-25 1.671E+01.07150.088 2924.79270.79-.001087        3 0 0 0        2 0 0 0                    R 29e     3655431410 5 3 3 3   549.0  531.0
 41 1296.624320 1.330E-27 5.773E-03.06730.078 2734.77430.76-.001348        1 3 1 0        0 3 1 0                    Q 48e     3655431410 5 3 3 3   873.0  873.0
 41 1296.624320 2.711E-28 1.145E+01.08800.110 4210.57180.71-.000706        2 5 1 0        1 5 1 0                    R  5f     3555431410 5 3 3 3   117.0   99.0
 41 1296.624580 1.632E-23 1.874E-01.07770.100 1292.00550.73-.001141        1 2 2 0        0 2 2 0                    Q 16f     3655431410 5 3 3 3   297.0  297.0
 41 1296.629970 4.270E-25 8.214E-02.08090.104 1814.74820.72-.001074        1 3 1 0        0 3 1 0                    Q 12f     3655431410 5 3 3 3   225.0  225.0
 41 1296.645860 1.185E-27 3.360E-02.06590.074 3155.87960.73-.001374        1 3 3 0        0 3 3 0                    Q 57f     3645431410 5 3 3 3  1035.0 1035.0
 41 1296.647640 1.647E-27 6.002E-03.06750.078 2694.58590.76-.001344        1 3 1 0        0 3 1 0                    Q 47e     3655431410 5 3 3 3   855.0  855.0
 11 1296.648990 3.072E-28 6.341E-08.07340.352  704.21410.650.000000          0 1 0          0 0 0  5  1  4        7  1  6     q5422308079917122 0    33.0   45.0
 41 1296.652720 5.223E-27 1.679E+01.07990.103 3831.10920.72-.000803        3 2 2 0        2 2 2 0                    R 12e     3655431410 5 3 3 3   243.0  225.0
 41 1296.653010 5.224E-27 1.680E+01.07990.103 3831.10820.72-.000803        3 2 2 0        2 2 2 0                    R 12f     3655431410 5 3 3 3   243.0  225.0
 41 1296.668230 1.855E-23 2.124E-01.07830.101 1278.56780.72-.001127        1 2 2 0        0 2 2 0                    Q 15e     3655431410 5 3 3 3   279.0  279.0
 41 1296.670270 2.031E-27 6.247E-03.06770.079 2655.23100.76-.001341        1 3 1 0        0 3 1 0                    Q 46e     3655431410 5 3 3 3   837.0  837.0
 41 1296.674670 1.855E-23 2.124E-01.07830.101 1278.56440.72-.001127        1 2 2 0        0 2 2 0                    Q 15f     3655431410 5 3 3 3   279.0  279.0
 41 1296.680750 9.383E-26 1.691E+01.07540.096 3324.26000.73-.000919        3 1 1 0        2 1 1 0                    R 19f     3655431410 5 3 3 3   369.0  351.0
 41 1296.684290 4.535E-25 8.688E+00.09410.116 2325.09730.70-.000805        1 4 0 0        0 4 0 0                    P  2e     3655431410 5 3 3 3    27.0   45.0
 11 1296.685584 5.783E-27 9.872E+00.01580.235 3939.7465-.04-.001480          0 2 0          0 1 0 13  2 12       14  1 13      534426837294713152    27.0   29.0
 41 1296.692230 2.497E-27 6.508E-03.06790.079 2616.71000.77-.001337        1 3 1 0        0 3 1 0                    Q 45e     3655431410 5 3 3 3   819.0  819.0
 41 1296.705980 7.338E-28 2.260E-04.07250.090 2066.15060.76-.001462        1 3 3 0        0 3 1 0                    P 27e     3655431410 5 3 3 3   477.0  495.0
 11 1296.709337 3.632E-22 6.168E+00.06600.387 1474.98080.600.005500          0 1 0          0 0 0  8  4  4        9  5  5      678423837233662759    17.0   19.0
 41 1296.709590 4.881E-25 9.717E-02.08200.105 1804.64380.72-.001053        1 3 1 0        0 3 1 0                    Q 11f     3655431410 5 3 3 3   207.0  207.0
 41 1296.713530 3.059E-27 6.787E-03.06810.080 2579.02310.77-.001334        1 3 1 0        0 3 1 0                    Q 44e     3655431410 5 3 3 3   801.0  801.0
 41 1296.713640 1.408E-23 5.317E+00.08800.110 1784.58050.71-.001119        1 3 3 0        0 3 3 0                    P  6e     3655431410 5 3 3 3    99.0  117.0
 41 1296.713640 1.408E-23 5.317E+00.08800.110 1784.58050.71-.001119        1 3 3 0        0 3 3 0                    P  6f     3655431410 5 3 3 3    99.0  117.0
 41 1296.713640 5.397E-22 1.173E+01.07410.094 1495.99020.73-.000970        2 0 0 0        1 0 0 0                    R 22e     3655431410 5 3 3 3   423.0  405.0
 41 1296.716800 2.109E-23 2.428E-01.07910.102 1265.96570.72-.001110        1 2 2 0        0 2 2 0                    Q 14e     3655431410 5 3 3 3   261.0  261.0
 41 1296.721720 2.109E-23 2.429E-01.07910.102 1265.96310.72-.001110        1 2 2 0        0 2 2 0                    Q 14f     3655431410 5 3 3 3   261.0  261.0
 41 1296.734190 3.734E-27 7.086E-03.06830.080 2542.17050.78-.001330        1 3 1 0        0 3 1 0                    Q 43e     3655431410 5 3 3 3   783.0  783.0
 41 1296.738770 2.833E-28 6.471E+00.07490.095 4320.39700.73-.001465        1 7 7 0        0 7 7 0                    P 21e     3555431410 5 3 3 3   369.0  387.0
 41 1296.738770 2.833E-28 6.471E+00.07490.095 4320.39700.73-.001465        1 7 7 0        0 7 7 0                    P 21f     3555431410 5 3 3 3   369.0  387.0
 41 1296.739090 7.868E-26 6.117E+00.08570.108 2944.37130.71-.001223        1 5 3 0        0 5 3 0                    P  8f     3655431410 5 3 3 3   135.0  153.0
 41 1296.739100 7.868E-26 6.117E+00.08570.108 2944.37130.71-.001223        1 5 3 0        0 5 3 0                    P  8e     3655431410 5 3 3 3   135.0  153.0
 41 1296.744510 1.190E-27 3.373E-02.06590.074 3155.82280.73-.001374        1 3 3 0        0 3 3 0                    Q 57e     3645431410 5 3 3 3  1035.0 1035.0
 41 1296.751800 3.765E-28 6.303E+00.07910.102 4170.50780.72-.002028        2 5 5 0        0 7 5 0                    P 14e     3555431410 5 3 3 3   243.0  261.0
 41 1296.751800 3.765E-28 6.303E+00.07910.102 4170.50780.72-.002028        2 5 5 0        0 7 5 0                    P 14f     3555431410 5 3 3 3   243.0  261.0
 41 1296.753310 5.119E-26 7.086E+00.09060.112 2906.25410.70-.000982        1 5 1 0        0 5 1 0                    P  4f     3655431410 5 3 3 3    63.0   81.0
 41 1296.754240 4.543E-27 7.406E-03.06850.081 2506.15230.78-.001326        1 3 1 0        0 3 1 0                    Q 42e     3655431410 5 3 3 3   765.0  765.0
 41 1296.762040 2.400E-23 2.803E-01.07990.103 1254.20350.72-.001093        1 2 2 0        0 2 2 0                    Q 13e     3655431410 5 3 3 3   243.0  243.0
 41 1296.765730 2.400E-23 2.803E-01.07990.103 1254.20150.72-.001093        1 2 2 0        0 2 2 0                    Q 13f     3655431410 5 3 3 3   243.0  243.0
 41 1296.769050 5.122E-26 7.088E+00.09060.112 2906.21060.70-.000982        1 5 1 0        0 5 1 0                    P  4e     3655431410 5 3 3 3    63.0   81.0
 41 1296.773670 5.508E-27 7.751E-03.06870.081 2470.96890.78-.001322        1 3 1 0        0 3 1 0                    Q 41e     3655431410 5 3 3 3   747.0  747.0
 41 1296.782590 5.598E-25 1.167E-01.08330.106 1795.38120.72-.001030        1 3 1 0        0 3 1 0                    Q 10f     3655431410 5 3 3 3   189.0  189.0
 41 1296.788010 9.559E-28 2.673E-02.06850.081 3090.88600.78-.001326        1 4 2 0        0 4 2 0                    Q 42e     3655431410 5 3 3 3   765.0  765.0
 41 1296.792500 6.656E-27 8.122E-03.06890.082 2436.62040.79-.001318        1 3 1 0        0 3 1 0                    Q 40e     3655431410 5 3 3 3   729.0  729.0
 41 1296.794330 2.061E-24 1.172E+01.07990.103 2527.22160.72-.000803        2 2 0 0        1 2 0 0                    R 12e     3655431410 5 3 3 3   243.0  225.0
 41 1296.797820 1.107E-28 1.737E-02.06670.076 3489.13830.75-.001360        1 4 2 0        0 4 2 0                    Q 52f     3645431410 5 3 3 3   945.0  945.0
 41 1296.803980 2.735E-23 3.271E-01.08090.104 1243.28130.72-.001074        1 2 2 0        0 2 2 0                    Q 12e     3655431410 5 3 3 3   225.0  225.0
 41 1296.806690 2.735E-23 3.272E-01.08090.104 1243.27980.72-.001074        1 2 2 0        0 2 2 0                    Q 12f     3655431410 5 3 3 3   225.0  225.0
 41 1296.810760 8.016E-27 8.521E-03.06920.083 2403.10700.79-.001314        1 3 1 0        0 3 1 0                    Q 39e     3655431410 5 3 3 3   711.0  711.0
 41 1296.823310 2.273E-26 6.682E+00.06810.080 3584.29540.77-.001295        1 1 1 1        0 1 1 1                    R 43e     3655431410 5 3 3 3   801.0  783.0
 41 1296.825260 1.526E-27 3.490E-02.06600.074 3108.04280.74-.001372        1 3 3 0        0 3 3 0                    Q 56f     3645431410 5 3 3 3  1017.0 1017.0
 41 1296.828430 9.621E-27 8.952E-03.06940.083 2370.42890.80-.001310        1 3 1 0        0 3 1 0                    Q 38e     3655431410 5 3 3 3   693.0  693.0
 41 1296.836460 1.836E-28 1.584E-02.07220.090 3240.32660.77-.001257        1 5 1 0        0 5 1 0                    Q 28f     3655431410 5 3 3 3   513.0  513.0
 41 1296.842620 3.123E-23 3.868E-01.08200.105 1233.19910.72-.001053        1 2 2 0        0 2 2 0                    Q 11e     3655431410 5 3 3 3   207.0  207.0
 41 1296.844560 3.124E-23 3.868E-01.08200.105 1233.19810.72-.001053        1 2 2 0        0 2 2 0                    Q 11f     3655431410 5 3 3 3   207.0  207.0
 41 1296.844700 5.335E-27 6.343E+00.07650.098 3679.76670.73-.001450        1 6 6 0        0 6 6 0                    P 18e     3655431410 5 3 3 3   315.0  333.0
 41 1296.844700 5.335E-27 6.343E+00.07650.098 3679.76670.73-.001450        1 6 6 0        0 6 6 0                    P 18f     3655431410 5 3 3 3   315.0  333.0
 41 1296.845550 1.151E-26 9.419E-03.06960.084 2338.58630.80-.001305        1 3 1 0        0 3 1 0                    Q 37e     3655431410 5 3 3 3   675.0  675.0
 41 1296.848950 6.453E-25 1.427E-01.08460.107 1786.96050.72-.001005        1 3 1 0        0 3 1 0                    Q  9f     3655431410 5 3 3 3   171.0  171.0
 41 1296.862130 1.372E-26 9.925E-03.06990.084 2307.57930.81-.001301        1 3 1 0        0 3 1 0                    Q 36e     3655431410 5 3 3 3   657.0  657.0
 41 1296.867630 4.686E-27 1.696E+01.07360.093 3977.99380.74-.000987        3 2 0 0        2 2 0 0                    R 23e     3655431410 5 3 3 3   441.0  423.0
 41 1296.878000 3.580E-23 4.643E-01.08330.106 1223.95700.72-.001030        1 2 2 0        0 2 2 0                    Q 10e     3655431410 5 3 3 3   189.0  189.0
 41 1296.878170 1.631E-26 1.047E-02.07010.085 2277.40830.81-.001296        1 3 1 0        0 3 1 0                    Q 35e     3655431410 5 3 3 3   639.0  639.0
 41 1296.879340 3.580E-23 4.643E-01.08330.106 1223.95620.72-.001030        1 2 2 0        0 2 2 0                    Q 10f     3655431410 5 3 3 3   189.0  189.0
 41 1296.893680 1.933E-26 1.107E-02.07040.086 2248.07320.81-.001291        1 3 1 0        0 3 1 0                    Q 34e     3655431410 5 3 3 3   621.0  621.0
 41 1296.904570 1.401E-28 1.813E-02.06680.076 3445.49840.75-.001357        1 4 2 0        0 4 2 0                    Q 51f     3645431410 5 3 3 3   927.0  927.0
 41 1296.908670 2.283E-26 1.173E-02.07070.086 2219.57440.81-.001286        1 3 1 0        0 3 1 0                    Q 33e     3655431410 5 3 3 3   603.0  603.0
 41 1296.908690 7.493E-25 1.786E-01.08570.108 1779.38170.71-.000977        1 3 1 0        0 3 1 0                    Q  8f     3655431410 5 3 3 3   153.0  153.0
 41 1296.910110 4.125E-23 5.676E-01.08460.107 1215.55490.72-.001005        1 2 2 0        0 2 2 0                    Q  9e     3655431410 5 3 3 3   171.0  171.0
 41 1296.911010 4.125E-23 5.676E-01.08460.107 1215.55450.72-.001005        1 2 2 0        0 2 2 0                    Q  9f     3655431410 5 3 3 3   171.0  171.0
 41 1296.914780 1.532E-27 3.502E-02.06600.074 3107.99130.74-.001372        1 3 3 0        0 3 3 0                    Q 56e     3645431410 5 3 3 3  1017.0 1017.0
 41 1296.922840 5.780E-27 6.196E+00.08200.105 3553.32450.72-.001926        2 4 4 0        0 6 4 0                    P 11e     3655431410 5 3 3 3   189.0  207.0
 41 1296.922840 5.780E-27 6.196E+00.08200.105 3553.32450.72-.001926        2 4 4 0        0 6 4 0                    P 11f     3655431410 5 3 3 3   189.0  207.0
 41 1296.923150 2.687E-26 1.244E-02.07090.087 2191.91190.81-.001281        1 3 1 0        0 3 1 0                    Q 32e     3655431410 5 3 3 3   585.0  585.0
 41 1296.935190 3.524E-23 1.163E+01.07910.102 1956.23850.72-.000819        2 1 1 0        1 1 1 0                    R 13e     3655431410 5 3 3 3   261.0  243.0
 41 1296.937130 3.155E-26 1.323E-02.07120.088 2165.08600.80-.001275        1 3 1 0        0 3 1 0                    Q 31e     3655431410 5 3 3 3   567.0  567.0
 41 1296.938980 4.787E-23 7.096E-01.08570.108 1207.99300.71-.000977        1 2 2 0        0 2 2 0                    Q  8e     3655431410 5 3 3 3   153.0  153.0
 41 1296.939550 4.787E-23 7.096E-01.08570.108 1207.99270.71-.000977        1 2 2 0        0 2 2 0                    Q  8f     3655431410 5 3 3 3   153.0  153.0
 41 1296.940590 9.951E-26 1.160E+01.08460.107 3076.29040.72-.000744        2 3 1 0        1 3 1 0                    R  8e     3655431410 5 3 3 3   171.0  153.0
 41 1296.943650 1.520E-27 2.091E+01.07010.085 4329.02020.81-.001166        4 0 0 0        3 0 0 0                    R 34e     3555431410 5 3 3 3   639.0  621.0
 41 1296.950620 3.692E-26 1.409E-02.07150.088 2139.09670.79-.001269        1 3 1 0        0 3 1 0                    Q 30e     3655431410 5 3 3 3   549.0  549.0
 41 1296.961800 8.788E-25 2.297E-01.08680.109 1772.64490.71-.000946        1 3 1 0        0 3 1 0                    Q  7f     3655431410 5 3 3 3   135.0  135.0
 41 1296.963620 4.308E-26 1.504E-02.07190.089 2113.94430.78-.001263        1 3 1 0        0 3 1 0                    Q 29e     3655431410 5 3 3 3   531.0  531.0
 41 1296.964610 5.612E-23 9.126E-01.08680.109 1201.27120.71-.000946        1 2 2 0        0 2 2 0                    Q  7e     3655431410 5 3 3 3   135.0  135.0
 41 1296.964950 5.612E-23 9.126E-01.08680.109 1201.27110.71-.000946        1 2 2 0        0 2 2 0                    Q  7f     3655431410 5 3 3 3   135.0  135.0
 41 1296.965850 1.349E-28 4.359E-04.07910.102 2410.88580.72-.001402        1 4 2 0        0 4 0 0                    P 14e     3655431410 5 3 3 3   243.0  261.0
 11 1296.968236 2.944E-30 2.255E-08.06860.333 1255.91160.620.000000          0 1 0          0 0 0  6  5  1        8  5  3     q5422308079917122 0    13.0   17.0
 41 1296.976150 5.013E-26 1.610E-02.07220.090 2089.62890.77-.001257        1 3 1 0        0 3 1 0                    Q 28e     3655431410 5 3 3 3   513.0  513.0
 41 1296.979560 1.169E-27 2.821E-02.06870.081 3055.55810.78-.001322        1 4 2 0        0 4 2 0                    Q 41e     3655431410 5 3 3 3   747.0  747.0
 41 1296.979660 1.945E-28 1.489E+01.08570.108 4388.01470.71-.000180        2 5 3 0        2 3 3 0                    R  7e     3555431410 5 3 3 3   153.0  135.0
 41 1296.979660 1.945E-28 1.489E+01.08570.108 4388.01470.71-.000180        2 5 3 0        2 3 3 0                    R  7f     3555431410 5 3 3 3   153.0  135.0
 41 1296.982270 9.949E-26 1.161E+01.08460.107 3076.40680.72-.000744        2 3 1 0        1 3 1 0                    R  8f     3655431410 5 3 3 3   171.0  153.0
 41 1296.987020 6.674E-23 1.217E+00.08800.110 1195.38960.71-.000912        1 2 2 0        0 2 2 0                    Q  6e     3655431410 5 3 3 3   117.0  117.0
 41 1296.987200 6.674E-23 1.217E+00.08800.110 1195.38950.71-.000912        1 2 2 0        0 2 2 0                    Q  6f     3655431410 5 3 3 3   117.0  117.0
 41 1296.988200 5.817E-26 1.727E-02.07250.090 2066.15060.76-.001250        1 3 1 0        0 3 1 0                    Q 27e     3655431410 5 3 3 3   495.0  495.0
 11 1296.993251 8.698E-25 9.410E-02.06810.281 2144.04630.63-.005800          0 1 0          0 0 0 11  3  8       11  6  5      574423837260713059    69.0   69.0
 41 1296.995620 3.522E-23 1.163E+01.07910.102 1956.40390.72-.000819        2 1 1 0        1 1 1 0                    R 13f     3655431410 5 3 3 3   261.0  243.0
 41 1296.999010 4.295E-27 6.529E+00.08800.110 3492.14510.71-.000605        0 8 2 0        0 6 2 0                    P  6e     3655431410 5 3 3 3    99.0  117.0
 41 1296.999360 4.295E-27 6.529E+00.08800.110 3492.14440.71-.000605        0 8 2 0        0 6 2 0                    P  6f     3655431410 5 3 3 3    99.0  117.0
 41 1296.999780 6.732E-26 1.858E-02.07290.091 2043.50960.75-.001243        1 3 1 0        0 3 1 0                    Q 26e     3655431410 5 3 3 3   477.0  477.0
 41 1297.001360 1.957E-27 3.626E-02.06620.075 3061.04120.74-.001369        1 3 3 0        0 3 3 0                    Q 55f     3645431410 5 3 3 3   999.0  999.0
 41 1297.006190 8.104E-23 1.704E+00.08920.111 1190.34820.71-.000875        1 2 2 0        0 2 2 0                    Q  5e     3655431410 5 3 3 3    99.0   99.0
 41 1297.006290 8.104E-23 1.704E+00.08920.111 1190.34820.71-.000875        1 2 2 0        0 2 2 0                    Q  5f     3655431410 5 3 3 3    99.0   99.0
 41 1297.008270 1.046E-24 3.065E-01.08800.110 1766.75010.71-.000912        1 3 1 0        0 3 1 0                    Q  6f     3655431410 5 3 3 3   117.0  117.0
 41 1297.010900 7.770E-26 2.005E-02.07330.092 2021.70600.74-.001235        1 3 1 0        0 3 1 0                    Q 25e     3655431410 5 3 3 3   459.0  459.0
 41 1297.011020 1.767E-28 1.894E-02.06700.077 3402.69320.75-.001354        1 4 2 0        0 4 2 0                    Q 50f     3645431410 5 3 3 3   909.0  909.0
 41 1297.021560 8.947E-26 2.170E-02.07360.093 2000.73990.74-.001227        1 3 1 0        0 3 1 0                    Q 24e     3655431410 5 3 3 3   441.0  441.0
 41 1297.022170 1.015E-22 2.556E+00.09060.112 1186.14700.70-.000833        1 2 2 0        0 2 2 0                    Q  4e     3655431410 5 3 3 3    81.0   81.0
 41 1297.022220 1.015E-22 2.556E+00.09060.112 1186.14700.70-.000833        1 2 2 0        0 2 2 0                    Q  4f     3655431410 5 3 3 3    81.0   81.0
 41 1297.024670 4.952E-28 6.688E+00.07190.089 4287.05310.78-.001071        1 3 3 1        0 3 3 1                    R 28f     3555431410 5 3 3 3   531.0  513.0
 41 1297.024790 4.952E-28 6.688E+00.07190.089 4287.05210.78-.001071        1 3 3 1        0 3 3 1                    R 28e     3555431410 5 3 3 3   531.0  513.0
 41 1297.030390 1.224E-24 1.058E+01.08680.109 2492.37670.71-.000718        2 2 2 0        1 2 2 0                    R  6f     3655431410 5 3 3 3   135.0  117.0
 41 1297.030440 1.224E-24 1.058E+01.08680.109 2492.37670.71-.000718        2 2 2 0        1 2 2 0                    R  6e     3655431410 5 3 3 3   135.0  117.0
 41 1297.031770 1.028E-25 2.356E-02.07410.094 1980.61150.73-.001219        1 3 1 0        0 3 1 0                    Q 23e     3655431410 5 3 3 3   423.0  423.0
 41 1297.034950 1.338E-22 4.261E+00.09220.114 1182.78610.70-.000787        1 2 2 0        0 2 2 0                    Q  3e     3655431410 5 3 3 3    63.0   63.0
 41 1297.034960 1.338E-22 4.261E+00.09220.114 1182.78600.70-.000787        1 2 2 0        0 2 2 0                    Q  3f     3655431410 5 3 3 3    63.0   63.0
 41 1297.037460 2.713E-28 6.712E+00.06990.084 4455.40670.81-.001181        1 3 1 1        0 3 1 1                    R 35e     3555431410 5 3 3 3   657.0  639.0
 41 1297.041530 1.178E-25 2.568E-02.07450.094 1961.32080.73-.001210        1 3 1 0        0 3 1 0                    Q 22e     3655431410 5 3 3 3   405.0  405.0
 41 1297.044520 1.935E-22 8.523E+00.09410.116 1180.26530.70-.000735        1 2 2 0        0 2 2 0                    Q  2e     3655431410 5 3 3 3    45.0   45.0
 41 1297.044530 1.935E-22 8.523E+00.09410.116 1180.26530.70-.000735        1 2 2 0        0 2 2 0                    Q  2f     3655431410 5 3 3 3    45.0   45.0
 41 1297.048100 1.270E-24 4.293E-01.08920.111 1761.69730.71-.000875        1 3 1 0        0 3 1 0                    Q  5f     3655431410 5 3 3 3    99.0   99.0
 41 1297.050070 1.715E-19 6.023E+00.07830.101   87.98450.72-.000835        1 0 0 0        0 0 0 0                    R 14e     3655431415 5 3 3 3   279.0  261.0
 41 1297.050850 1.347E-25 2.811E-02.07490.095 1942.86810.73-.001201        1 3 1 0        0 3 1 0                    Q 21e     3655431410 5 3 3 3   387.0  387.0
 41 1297.059730 1.538E-25 3.090E-02.07540.096 1925.25330.73-.001190        1 3 1 0        0 3 1 0                    Q 20e     3655431410 5 3 3 3   369.0  369.0
 41 1297.060810 1.801E-28 2.174E+01.07290.091 4715.65260.75-.001021        4 1 1 0        3 1 1 0                    R 25e     3555431410 5 3 3 3   477.0  459.0
 41 1297.063960 2.138E-28 1.704E-02.07250.090 3216.71680.76-.001250        1 5 1 0        0 5 1 0                    Q 27f     3655431410 5 3 3 3   495.0  495.0
 41 1297.068160 1.754E-25 3.413E-02.07590.097 1908.47670.73-.001179        1 3 1 0        0 3 1 0                    Q 19e     3655431410 5 3 3 3   351.0  351.0
 41 1297.070530 3.343E-28 1.728E+01.07590.097 4478.02160.73-.000902        3 3 1 0        2 3 1 0                    R 18e     3555431410 5 3 3 3   351.0  333.0
 41 1297.076170 1.996E-25 3.789E-02.07650.098 1892.53830.73-.001168        1 3 1 0        0 3 1 0                    Q 18e     3655431410 5 3 3 3   333.0  333.0
 41 1297.080740 6.373E-25 5.616E+00.09060.112 2339.53670.70-.000982        1 4 2 0        0 4 2 0                    P  4e     3655431410 5 3 3 3    63.0   81.0
 41 1297.080790 6.373E-25 5.616E+00.09060.112 2339.53660.70-.000982        1 4 2 0        0 4 2 0                    P  4f     3655431410 5 3 3 3    63.0   81.0
 41 1297.081290 1.591E-24 6.441E-01.09060.112 1757.48660.70-.000833        1 3 1 0        0 3 1 0                    Q  4f     3655431410 5 3 3 3    81.0   81.0
 41 1297.082420 1.963E-27 3.638E-02.06620.075 3060.99460.74-.001369        1 3 3 0        0 3 3 0                    Q 55e     3645431410 5 3 3 3   999.0  999.0
 41 1297.083190 2.597E-28 7.259E+00.08920.111 4049.84060.71-.001055        1 7 1 0        0 7 1 0                    P  5f     3555431410 5 3 3 3    81.0   99.0
 41 1297.083740 2.270E-25 4.233E-02.07700.099 1877.43820.73-.001155        1 3 1 0        0 3 1 0                    Q 17e     3655431410 5 3 3 3   315.0  315.0
 41 1297.088500 1.191E-28 7.010E+00.08680.109 4278.73390.71-.000641        1 7 5 0        1 5 5 0                    P  7e     3555431410 5 3 3 3   117.0  135.0
 41 1297.088500 1.191E-28 7.010E+00.08680.109 4278.73390.71-.000641        1 7 5 0        1 5 5 0                    P  7f     3555431410 5 3 3 3   117.0  135.0
 41 1297.090880 2.579E-25 4.759E-02.07770.100 1863.17650.73-.001141        1 3 1 0        0 3 1 0                    Q 16e     3655431410 5 3 3 3   297.0  297.0
 41 1297.093680 1.045E-28 1.308E-03.07120.088 2863.92550.80-.001103        2 2 0 0        1 2 2 0                    R 30e     3655431410 5 3 3 3   567.0  549.0
 41 1297.097590 2.929E-25 5.391E-02.07830.101 1849.75320.72-.001127        1 3 1 0        0 3 1 0                    Q 15e     3655431410 5 3 3 3   279.0  279.0
 41 1297.103870 3.328E-25 6.158E-02.07910.102 1837.16850.72-.001110        1 3 1 0        0 3 1 0                    Q 14e     3655431410 5 3 3 3   261.0  261.0
 41 1297.107860 2.097E-24 1.074E+00.09220.114 1754.11810.70-.000787        1 3 1 0        0 3 1 0                    Q  3f     3655431410 5 3 3 3    63.0   63.0
 41 1297.108470 2.600E-28 7.263E+00.08920.111 4049.75520.71-.001055        1 7 1 0        0 7 1 0                    P  5e     3555431410 5 3 3 3    81.0   99.0
 41 1297.109730 3.783E-25 7.103E-02.07990.103 1825.42250.72-.001093        1 3 1 0        0 3 1 0                    Q 13e     3655431410 5 3 3 3   243.0  243.0
 41 1297.115160 4.308E-25 8.283E-02.08090.104 1814.51520.72-.001074        1 3 1 0        0 3 1 0                    Q 12e     3655431410 5 3 3 3   225.0  225.0
 41 1297.117120 2.220E-28 1.980E-02.06720.077 3360.72320.75-.001351        1 4 2 0        0 4 2 0                    Q 49f     3655431410 5 3 3 3   891.0  891.0
 41 1297.120180 4.917E-25 9.786E-02.08200.105 1804.44660.72-.001053        1 3 1 0        0 3 1 0                    Q 11e     3655431410 5 3 3 3   207.0  207.0
 41 1297.120460 2.255E-26 6.679E+00.06810.080 3585.76110.77-.001295        1 1 1 1        0 1 1 1                    R 43f     3655431410 5 3 3 3   801.0  783.0
 41 1297.124770 5.633E-25 1.174E-01.08330.106 1795.21690.72-.001030        1 3 1 0        0 3 1 0                    Q 10e     3655431410 5 3 3 3   189.0  189.0
 41 1297.127770 3.034E-24 2.148E+00.09410.116 1751.59160.70-.000735        1 3 1 0        0 3 1 0                    Q  2f     3655431410 5 3 3 3    45.0   45.0
 41 1297.128940 6.486E-25 1.434E-01.08460.107 1786.82600.72-.001005        1 3 1 0        0 3 1 0                    Q  9e     3655431410 5 3 3 3   171.0  171.0
 41 1297.132690 7.523E-25 1.792E-01.08570.108 1779.27410.71-.000977        1 3 1 0        0 3 1 0                    Q  8e     3655431410 5 3 3 3   153.0  153.0
 11 1297.134742 1.328E-24 2.781E+01.03060.163 3109.91160.30-.004580          0 2 0          0 1 0  6  6  1        7  7  0      564520837274 13129    39.0   45.0
 41 1297.136030 8.816E-25 2.304E-01.08680.109 1772.56120.71-.000946        1 3 1 0        0 3 1 0                    Q  7e     3655431410 5 3 3 3   135.0  135.0
 41 1297.137720 3.102E-27 9.676E+00.08920.111 3639.96960.71-.000694        2 4 2 0        1 4 2 0                    R  4f     3655431410 5 3 3 3    99.0   81.0
 41 1297.137790 3.102E-27 9.676E+00.08920.111 3639.96970.71-.000694        2 4 2 0        1 4 2 0                    R  4e     3655431410 5 3 3 3    99.0   81.0
 41 1297.138950 1.048E-24 3.072E-01.08800.110 1766.68730.71-.000912        1 3 1 0        0 3 1 0                    Q  6e     3655431410 5 3 3 3   117.0  117.0
 41 1297.141060 5.507E-24 6.446E+00.09620.119 1749.90730.69-.000678        1 3 1 0        0 3 1 0                    Q  1f     3655431410 5 3 3 3    27.0   27.0
 41 1297.141450 1.272E-24 4.299E-01.08920.111 1761.65250.71-.000875        1 3 1 0        0 3 1 0                    Q  5e     3655431410 5 3 3 3    99.0   99.0
 41 1297.143530 1.593E-24 6.448E-01.09060.112 1757.45670.70-.000833        1 3 1 0        0 3 1 0                    Q  4e     3655431410 5 3 3 3    81.0   81.0
 41 1297.145190 2.099E-24 1.075E+00.09220.114 1754.10010.70-.000787        1 3 1 0        0 3 1 0                    Q  3e     3655431410 5 3 3 3    63.0   63.0
 41 1297.146450 3.035E-24 2.149E+00.09410.116 1751.58260.70-.000735        1 3 1 0        0 3 1 0                    Q  2e     3655431410 5 3 3 3    45.0   45.0
 41 1297.146870 1.386E-27 1.491E-05.07770.100 1278.56780.73-.000852        1 2 0 0        0 2 2 0                    R 15e     3655431410 5 3 3 3   297.0  279.0
 41 1297.147280 5.507E-24 6.447E+00.09620.119 1749.90430.69-.000678        1 3 1 0        0 3 1 0                    Q  1e     3655431410 5 3 3 3    27.0   27.0
 41 1297.151000 3.486E-27 7.663E+00.09060.112 3475.02340.70-.000982        1 6 0 0        0 6 0 0                    P  4e     3655431410 5 3 3 3    63.0   81.0
 41 1297.164990 1.425E-27 2.979E-02.06890.082 3021.07010.79-.001318        1 4 2 0        0 4 2 0                    Q 40e     3655431410 5 3 3 3   729.0  729.0
 41 1297.171970 4.057E-27 6.685E+00.06990.084 3898.05140.81-.001181        1 2 2 1        0 2 2 1                    R 35e     3655431410 5 3 3 3   657.0  639.0
 41 1297.174170 2.500E-27 3.770E-02.06630.075 3014.87500.74-.001366        1 3 3 0        0 3 3 0                    Q 54f     3645431410 5 3 3 3   981.0  981.0
 41 1297.175930 4.060E-27 6.687E+00.06990.084 3897.95960.81-.001181        1 2 2 1        0 2 2 1                    R 35f     3655431410 5 3 3 3   657.0  639.0
 41 1297.177900 2.819E-28 1.462E+01.07590.097 4478.62200.73-.000902        3 3 1 0        2 3 1 0                    R 18f     3555431410 5 3 3 3   351.0  333.0
 11 1297.181091 7.394E-24 5.394E+00.00780.221 2358.3017-.12-.004030          0 1 0          0 0 0 14  0 14       15  1 15      474426837274713029    29.0   31.0
 11 1297.183748 2.218E-23 5.394E+00.00780.156 2358.3014-.36-.004030          0 1 0          0 0 0 14  1 14       15  0 15      575623837267 12459    87.0   93.0
 41 1297.187910 2.391E-22 5.655E+00.09060.112 1173.17140.70-.000684        1 2 0 0        0 2 0 0                    R  3e     3655431410 5 3 3 3    81.0   63.0
 41 1297.195780 3.201E-28 6.295E+00.08570.108 4082.59890.71-.000672        0 9 3 0        0 7 3 0                    P  8e     3555431410 5 3 3 3   135.0  153.0
 41 1297.195780 3.201E-28 6.295E+00.08570.108 4082.59890.71-.000672        0 9 3 0        0 7 3 0                    P  8f     3555431410 5 3 3 3   135.0  153.0
 41 1297.221800 2.240E-27 6.678E+00.06870.081 4046.45700.78-.001254        1 2 0 1        0 2 0 1                    R 40e     3555431410 5 3 3 3   747.0  729.0
 41 1297.222850 2.779E-28 2.072E-02.06730.078 3319.58830.76-.001348        1 4 2 0        0 4 2 0                    Q 48f     3655431410 5 3 3 3   873.0  873.0
 41 1297.230380 5.319E-26 6.738E+00.06620.075 3456.42030.74-.001426        1 0 0 1        0 0 0 1                    R 54e     3645431410 5 3 3 3   999.0  981.0
 11 1297.240974 8.806E-29 7.315E-04.07990.333 2771.69010.70-.005030          0 2 0          0 1 0  9  1  9        8  4  4      534233837294713152    19.0   17.0
 11 1297.243929 3.983E-29 1.062E-08.07810.371  756.72480.670.000000          0 1 0          0 0 0  5  2  3        6  4  3     q5422308079917122 0    33.0   39.0
 11 1297.246047 4.768E-25 2.996E+01.02850.352 3109.91160.30-.004710          0 2 0          0 1 0  6  6  0        7  7  1      564423837294713159    13.0   15.0
 41 1297.247420 2.508E-27 3.781E-02.06630.075 3014.83290.74-.001366        1 3 3 0        0 3 3 0                    Q 54e     3645431410 5 3 3 3   981.0  981.0
 41 1297.270190 6.397E-21 5.774E+00.08680.109  606.37300.71-.000718        1 1 1 0        0 1 1 0                    R  6e     3655431410 5 3 3 3   135.0  117.0
 41 1297.278080 5.648E-27 7.314E-05.08200.105 1223.55750.72-.001333        1 2 2 0        0 2 0 0                    P 11e     3655431410 5 3 3 3   189.0  207.0
 41 1297.283530 2.482E-28 1.839E-02.07290.091 3193.94850.75-.001243        1 5 1 0        0 5 1 0                    Q 26f     3655431410 5 3 3 3   477.0  477.0
 41 1297.287810 6.397E-21 5.775E+00.08680.109  606.40630.71-.000718        1 1 1 0        0 1 1 0                    R  6f     3655431410 5 3 3 3   135.0  117.0
 41 1297.288630 2.689E-28 6.716E+00.06990.084 4457.23890.81-.001181        1 3 1 1        0 3 1 1                    R 35f     3555431410 5 3 3 3   657.0  639.0
 11 1297.294645 4.587E-28 1.395E+01.04160.298 4480.39240.36-.001010          0 3 0          0 2 0 10  0 10       10  1  9      434223837294713152    21.0   21.0
 41 1297.305860 9.106E-26 1.695E+01.07490.095 3340.47920.73-.000936        3 1 1 0        2 1 1 0                    R 20e     3655431410 5 3 3 3   387.0  369.0
 41 1297.328170 3.466E-28 2.169E-02.06750.078 3279.28910.76-.001344        1 4 2 0        0 4 2 0                    Q 47f     3655431410 5 3 3 3   855.0  855.0
 41 1297.343700 3.182E-27 3.923E-02.06650.076 2969.54430.74-.001363        1 3 3 0        0 3 3 0                    Q 53f     3645431410 5 3 3 3   963.0  963.0
 41 1297.344360 1.729E-27 3.150E-02.06920.083 2987.42210.79-.001314        1 4 2 0        0 4 2 0                    Q 39e     3655431410 5 3 3 3   711.0  711.0
 41 1297.345970 1.330E-24 5.869E+00.08330.106 2402.58450.72-.001301        1 4 4 0        0 4 4 0                    P 10e     3655431410 5 3 3 3   171.0  189.0
 41 1297.345970 1.330E-24 5.869E+00.08330.106 2402.58450.72-.001301        1 4 4 0        0 4 4 0                    P 10f     3655431410 5 3 3 3   171.0  189.0
 41 1297.366100 8.804E-25 1.674E+01.07120.088 2949.71140.80-.001103        3 0 0 0        2 0 0 0                    R 30e     3655431410 5 3 3 3   567.0  549.0
 41 1297.366480 1.794E-28 2.176E+01.07290.091 4716.51170.75-.001021        4 1 1 0        3 1 1 0                    R 25f     3555431410 5 3 3 3   477.0  459.0
 41 1297.366690 9.171E-26 6.139E+00.07910.102 3034.30510.72-.001402        1 5 5 0        0 5 5 0                    P 14e     3655431410 5 3 3 3   243.0  261.0
 41 1297.366690 9.171E-26 6.139E+00.07910.102 3034.30510.72-.001402        1 5 5 0        0 5 5 0                    P 14f     3655431410 5 3 3 3   243.0  261.0
 41 1297.398530 3.111E-28 1.168E+01.08680.109 4215.51740.71-.000718        2 5 1 0        1 5 1 0                    R  6e     3555431410 5 3 3 3   135.0  117.0
 41 1297.409740 3.190E-27 3.933E-02.06650.076 2969.50640.74-.001363        1 3 3 0        0 3 3 0                    Q 53e     3645431410 5 3 3 3   963.0  963.0
 41 1297.420060 6.237E-27 1.189E+01.08460.107 3651.09420.72-.000744        2 4 0 0        1 4 0 0                    R  8e     3655431410 5 3 3 3   171.0  153.0
 41 1297.433020 4.306E-28 2.272E-02.06770.079 3239.82560.76-.001341        1 4 2 0        0 4 2 0                    Q 46f     3655431410 5 3 3 3   837.0  837.0
 41 1297.439380 3.111E-28 1.168E+01.08680.109 4215.61460.71-.000718        2 5 1 0        1 5 1 0                    R  6f     3555431410 5 3 3 3   135.0  117.0
 41 1297.448690 5.355E-27 1.692E+01.07910.102 3841.95130.72-.000819        3 2 2 0        2 2 2 0                    R 13e     3655431410 5 3 3 3   261.0  243.0
 41 1297.449090 5.356E-27 1.692E+01.07910.102 3841.94990.72-.000819        3 2 2 0        2 2 2 0                    R 13f     3655431410 5 3 3 3   261.0  243.0
 41 1297.454490 7.825E-28 2.113E-04.07330.092 2022.67450.74-.001467        1 3 3 0        0 3 1 0                    P 25f     3655431410 5 3 3 3   441.0  459.0
 41 1297.462200 9.089E-26 1.696E+01.07490.095 3340.93170.73-.000936        3 1 1 0        2 1 1 0                    R 20f     3655431410 5 3 3 3   387.0  369.0
 41 1297.468340 5.132E-22 1.176E+01.07360.093 1515.17560.74-.000987        2 0 0 0        1 0 0 0                    R 23e     3655431410 5 3 3 3   441.0  423.0
 41 1297.495130 2.874E-28 1.989E-02.07330.092 3172.02190.74-.001235        1 5 1 0        0 5 1 0                    Q 25f     3655431410 5 3 3 3   459.0  459.0
 41 1297.497340 1.947E-26 6.692E+00.06790.079 3620.82280.77-.001308        1 1 1 1        0 1 1 1                    R 44e     3655431410 5 3 3 3   819.0  801.0
 41 1297.509970 4.034E-27 4.083E-02.06670.076 2925.04940.75-.001360        1 3 3 0        0 3 3 0                    Q 52f     3645431410 5 3 3 3   945.0  945.0
 41 1297.517730 2.092E-27 3.334E-02.06940.083 2954.61420.80-.001310        1 4 2 0        0 4 2 0                    Q 38e     3655431410 5 3 3 3   693.0  693.0
 41 1297.529190 2.287E-25 1.305E+01.09620.119 2323.41480.69-.000698        1 4 0 0        0 4 0 0                    P  1e     3655431410 5 3 3 3     9.0   27.0
 41 1297.537370 5.330E-28 2.383E-02.06790.079 3201.19800.77-.001337        1 4 2 0        0 4 2 0                    Q 45f     3655431410 5 3 3 3   819.0  819.0
 41 1297.564560 6.983E-28 2.005E-04.07290.091 2043.50960.75-.001465        1 3 3 0        0 3 1 0                    P 26e     3655431410 5 3 3 3   459.0  477.0
 41 1297.569360 4.044E-27 4.093E-02.06670.076 2925.01530.75-.001360        1 3 3 0        0 3 3 0                    Q 52e     3645431410 5 3 3 3   945.0  945.0
 41 1297.570510 1.027E-23 4.629E+00.08920.111 1779.53270.71-.001055        1 3 3 0        0 3 3 0                    P  5e     3655431410 5 3 3 3    81.0   99.0
 41 1297.570510 1.027E-23 4.629E+00.08920.111 1779.53270.71-.001055        1 3 3 0        0 3 3 0                    P  5f     3655431410 5 3 3 3    81.0   99.0
 41 1297.579250 2.106E-24 1.177E+01.07910.102 2538.09130.72-.000819        2 2 0 0        1 2 0 0                    R 13e     3655431410 5 3 3 3   261.0  243.0
 41 1297.602520 4.430E-27 1.699E+01.07330.092 3997.96460.74-.001004        3 2 0 0        2 2 0 0                    R 24e     3655431410 5 3 3 3   459.0  441.0
 41 1297.605480 6.760E-26 5.876E+00.08680.109 2937.63200.71-.001175        1 5 3 0        0 5 3 0                    P  7e     3655431410 5 3 3 3   117.0  135.0
 41 1297.605480 6.760E-26 5.876E+00.08680.109 2937.63200.71-.001175        1 5 3 0        0 5 3 0                    P  7f     3655431410 5 3 3 3   117.0  135.0
 41 1297.608040 3.702E-26 7.066E+00.09220.114 2902.87780.70-.000900        1 5 1 0        0 5 1 0                    P  3f     3655431410 5 3 3 3    45.0   63.0
 41 1297.620270 3.703E-26 7.068E+00.09220.114 2902.85170.70-.000900        1 5 1 0        0 5 1 0                    P  3e     3655431410 5 3 3 3    45.0   63.0
 41 1297.639860 3.618E-28 6.184E+00.07990.103 4158.68990.72-.001998        2 5 5 0        0 7 5 0                    P 13e     3555431410 5 3 3 3   225.0  243.0
 41 1297.639860 3.618E-28 6.184E+00.07990.103 4158.68990.72-.001998        2 5 5 0        0 7 5 0                    P 13f     3555431410 5 3 3 3   225.0  243.0
 41 1297.641160 6.573E-28 2.501E-02.06810.080 3163.40680.77-.001334        1 4 2 0        0 4 2 0                    Q 44f     3655431410 5 3 3 3   801.0  801.0
 41 1297.645190 2.905E-28 6.408E+00.07540.096 4302.64930.73-.001462        1 7 7 0        0 7 7 0                    P 20e     3555431410 5 3 3 3   351.0  369.0
 41 1297.645190 2.905E-28 6.408E+00.07540.096 4302.64930.73-.001462        1 7 7 0        0 7 7 0                    P 20f     3555431410 5 3 3 3   351.0  369.0
 41 1297.672970 5.095E-27 4.253E-02.06680.076 2881.39060.75-.001357        1 3 3 0        0 3 3 0                    Q 51f     3645431410 5 3 3 3   927.0  927.0
 11 1297.675180 9.203E-29 1.474E-08.08330.391  610.34120.690.000000          0 1 0          0 0 0  4  2  3        5  4  1     q5422308079917122 0    27.0   33.0
 41 1297.685160 2.521E-27 3.532E-02.06960.084 2922.64650.80-.001305        1 4 2 0        0 4 2 0                    Q 37e     3655431410 5 3 3 3   675.0  675.0
 11 1297.690511 8.930E-30 2.274E-08.06860.333 1255.16680.620.000000          0 1 0          0 0 0  6  5  2        8  5  4     q5422308079917122 0    39.0   51.0
 41 1297.697960 1.358E-27 2.094E+01.06990.084 4357.98730.81-.001181        4 0 0 0        3 0 0 0                    R 35e     3555431410 5 3 3 3   657.0  639.0
 41 1297.698720 3.319E-28 2.159E-02.07360.093 3150.93720.74-.001227        1 5 1 0        0 5 1 0                    Q 24f     3655431410 5 3 3 3   441.0  441.0
 11 1297.716886 1.347E-28 8.581E-08.06860.333  744.06370.620.000000          0 1 0          0 0 0  6  0  6        8  0  8     q5422308079917122 0    13.0   17.0
 41 1297.721220 3.571E-23 1.168E+01.07830.101 1967.92560.72-.000835        2 1 1 0        1 1 1 0                    R 14e     3655431410 5 3 3 3   279.0  261.0
 41 1297.726280 5.106E-27 4.263E-02.06680.076 2881.36000.75-.001357        1 3 3 0        0 3 3 0                    Q 51e     3645431410 5 3 3 3   927.0  927.0
 41 1297.732050 2.411E-28 6.723E+00.06960.084 4485.33880.80-.001196        1 3 1 1        0 3 1 1                    R 36e     3555431410 5 3 3 3   675.0  657.0
 41 1297.739210 1.069E-25 1.171E+01.08330.106 3083.80940.72-.000758        2 3 1 0        1 3 1 0                    R  9e     3655431410 5 3 3 3   189.0  171.0
 41 1297.740750 5.345E-27 6.268E+00.07700.099 3664.57070.73-.001442        1 6 6 0        0 6 6 0                    P 17e     3655431410 5 3 3 3   297.0  315.0
 41 1297.740750 5.345E-27 6.268E+00.07700.099 3664.57070.73-.001442        1 6 6 0        0 6 6 0                    P 17f     3655431410 5 3 3 3   297.0  315.0
 41 1297.744320 8.077E-28 2.627E-02.06830.080 3126.45200.78-.001330        1 4 2 0        0 4 2 0                    Q 43f     3655431410 5 3 3 3   783.0  783.0
 41 1297.764780 4.559E-28 6.705E+00.07150.088 4311.24280.79-.001087        1 3 3 1        0 3 3 1                    R 29f     3555431410 5 3 3 3   549.0  531.0
 41 1297.764920 4.559E-28 6.705E+00.07150.088 4311.24150.79-.001087        1 3 3 1        0 3 3 1                    R 29e     3555431410 5 3 3 3   549.0  531.0
 41 1297.774010 1.099E-28 1.516E-03.07090.087 2889.85950.81-.001119        2 2 0 0        1 2 2 0                    R 31e     3655431410 5 3 3 3   585.0  567.0
 41 1297.786920 1.068E-25 1.171E+01.08330.106 3083.95500.72-.000758        2 3 1 0        1 3 1 0                    R  9f     3655431410 5 3 3 3   189.0  171.0
 41 1297.788500 3.568E-23 1.169E+01.07830.101 1968.11650.72-.000835        2 1 1 0        1 1 1 0                    R 14f     3655431410 5 3 3 3   279.0  261.0
 41 1297.790430 2.192E-28 1.553E+01.08460.107 4394.69660.72-.000178        2 5 3 0        2 3 3 0                    R  8e     3555431410 5 3 3 3   171.0  153.0
 41 1297.790430 2.192E-28 1.553E+01.08460.107 4394.69660.72-.000178        2 5 3 0        2 3 3 0                    R  8f     3555431410 5 3 3 3   171.0  153.0
 41 1297.800070 5.323E-27 6.037E+00.08330.106 3544.04840.72-.001882        2 4 4 0        0 6 4 0                    P 10e     3655431410 5 3 3 3   171.0  189.0
 41 1297.800070 5.323E-27 6.037E+00.08330.106 3544.04840.72-.001882        2 4 4 0        0 6 4 0                    P 10f     3655431410 5 3 3 3   171.0  189.0
 41 1297.807260 1.931E-26 6.689E+00.06790.079 3622.35640.77-.001308        1 1 1 1        0 1 1 1                    R 44f     3655431410 5 3 3 3   819.0  801.0
 41 1297.818420 1.685E-28 2.179E+01.07250.090 4737.18850.76-.001038        4 1 1 0        3 1 1 0                    R 26e     3555431410 5 3 3 3   495.0  477.0
 41 1297.828510 3.262E-28 1.734E+01.07540.096 4493.82110.73-.000919        3 3 1 0        2 3 1 0                    R 19e     3555431410 5 3 3 3   369.0  351.0
 41 1297.831450 1.721E-19 6.045E+00.07770.100  100.55250.73-.000852        1 0 0 0        0 0 0 0                    R 15e     3655431415 5 3 3 3   297.0  279.0
 41 1297.832740 6.412E-27 4.434E-02.06700.077 2838.56790.75-.001354        1 3 3 0        0 3 3 0                    Q 50f     3645431410 5 3 3 3   909.0  909.0
 11 1297.833135 5.098E-29 1.506E+01.02540.265 4966.63370.14-.001600          0 3 0          0 2 0 11  2 10       12  1 11      434233837294713152    23.0   25.0
 41 1297.843600 1.388E-24 1.091E+01.08570.108 2498.23590.71-.000731        2 2 2 0        1 2 2 0                    R  7f     3655431410 5 3 3 3   153.0  135.0
 41 1297.843650 1.388E-24 1.091E+01.08570.108 2498.23600.71-.000731        2 2 2 0        1 2 2 0                    R  7e     3655431410 5 3 3 3   153.0  135.0
 41 1297.844360 1.053E-28 3.475E-04.07990.103 2399.11280.72-.001382        1 4 2 0        0 4 0 0                    P 13e     3655431410 5 3 3 3   225.0  243.0
 41 1297.846760 3.027E-27 3.746E-02.06990.084 2891.51930.81-.001301        1 4 2 0        0 4 2 0                    Q 36e     3655431410 5 3 3 3   657.0  657.0
 41 1297.846810 9.888E-28 2.762E-02.06850.081 3090.33390.78-.001326        1 4 2 0        0 4 2 0                    Q 42f     3655431410 5 3 3 3   765.0  765.0
 41 1297.859430 4.341E-26 6.747E+00.06600.074 3502.01500.74-.001437        1 0 0 1        0 0 0 1                    R 55e     3645431410 5 3 3 3  1017.0  999.0
 41 1297.860200 3.468E-27 6.295E+00.08920.111 3487.08920.71-.000562        0 8 2 0        0 6 2 0                    P  5e     3655431410 5 3 3 3    81.0   99.0
 41 1297.860400 3.468E-27 6.295E+00.08920.111 3487.08890.71-.000562        0 8 2 0        0 6 2 0                    P  5f     3655431410 5 3 3 3    81.0   99.0
 41 1297.880460 6.424E-27 4.442E-02.06700.077 2838.54050.75-.001354        1 3 3 0        0 3 3 0                    Q 50e     3645431410 5 3 3 3   909.0  909.0
 41 1297.884970 3.605E-27 6.697E+00.06960.084 3928.03420.80-.001196        1 2 2 1        0 2 2 1                    R 36e     3655431410 5 3 3 3   675.0  657.0
 41 1297.889730 3.608E-27 6.699E+00.06960.084 3927.93190.80-.001196        1 2 2 1        0 2 2 1                    R 36f     3655431410 5 3 3 3   675.0  657.0
 41 1297.894300 3.825E-28 2.351E-02.07410.094 3130.69470.73-.001219        1 5 1 0        0 5 1 0                    Q 23f     3655431410 5 3 3 3   423.0  423.0
 41 1297.902140 1.944E-27 6.687E+00.06850.081 4080.54730.78-.001268        1 2 0 1        0 2 0 1                    R 41e     3555431410 5 3 3 3   765.0  747.0
 41 1297.917120 2.027E-27 2.198E-05.07700.099 1292.00980.73-.000868        1 2 0 0        0 2 2 0                    R 16e     3655431410 5 3 3 3   315.0  297.0
 11 1297.920316 6.803E-30 1.295E+00.03110.250 5119.37560.30-.014400          1 0 0          0 1 0 12  8  5       13  9  4      434233837294713152    75.0   81.0
 11 1297.932607 2.267E-30 1.295E+00.03110.250 5119.37420.30-.014360          1 0 0          0 1 0 12  8  4       13  9  5      432230837294713152    25.0   27.0
 41 1297.932720 3.601E-25 4.376E+00.09220.114 2336.17050.70-.000900        1 4 2 0        0 4 2 0                    P  3e     3655431410 5 3 3 3    45.0   63.0
 41 1297.932730 3.601E-25 4.376E+00.09220.114 2336.17050.70-.000900        1 4 2 0        0 4 2 0                    P  3f     3655431410 5 3 3 3    45.0   63.0
 41 1297.943770 2.072E-28 7.304E+00.09060.112 4045.61190.70-.000982        1 7 1 0        0 7 1 0                    P  4f     3555431410 5 3 3 3    63.0   81.0
 41 1297.948560 1.206E-27 2.907E-02.06870.081 3055.05270.78-.001322        1 4 2 0        0 4 2 0                    Q 41f     3655431410 5 3 3 3   747.0  747.0
 41 1297.953700 3.031E-28 1.617E+01.07540.096 4494.48820.73-.000919        3 3 1 0        2 3 1 0                    R 19f     3555431410 5 3 3 3   369.0  351.0
 41 1297.955150 3.861E-27 1.041E+01.08800.110 3644.15990.71-.000706        2 4 2 0        1 4 2 0                    R  5f     3655431410 5 3 3 3   117.0   99.0
 41 1297.955260 3.861E-27 1.041E+01.08800.110 3644.16000.71-.000706        2 4 2 0        1 4 2 0                    R  5e     3655431410 5 3 3 3   117.0   99.0
 41 1297.964630 2.074E-28 7.307E+00.09060.112 4045.55500.70-.000982        1 7 1 0        0 7 1 0                    P  4e     3555431410 5 3 3 3    63.0   81.0
 41 1297.989270 8.038E-27 4.625E-02.06720.077 2796.58160.75-.001351        1 3 3 0        0 3 3 0                    Q 49f     3655431410 5 3 3 3   891.0  891.0
 41 1297.994400 2.389E-28 6.727E+00.06960.084 4487.27460.80-.001196        1 3 1 1        0 3 1 1                    R 36f     3555431410 5 3 3 3   675.0  657.0
 41 1298.002570 3.622E-27 3.978E-02.07010.085 2861.23250.81-.001296        1 4 2 0        0 4 2 0                    Q 35e     3655431410 5 3 3 3   639.0  639.0
 41 1298.004760 2.658E-27 8.059E+00.09220.114 3471.65400.70-.000900        1 6 0 0        0 6 0 0                    P  3e     3655431410 5 3 3 3    45.0   63.0
 41 1298.009970 2.942E-22 5.793E+00.08920.111 1176.53070.71-.000694        1 2 0 0        0 2 0 0                    R  4e     3655431410 5 3 3 3    99.0   81.0
 41 1298.031880 8.052E-27 4.633E-02.06720.077 2796.55720.75-.001351        1 3 3 0        0 3 3 0                    Q 49e     3655431410 5 3 3 3   891.0  891.0
 41 1298.049480 1.466E-27 3.063E-02.06890.082 3020.60860.79-.001318        1 4 2 0        0 4 2 0                    Q 40f     3655431410 5 3 3 3   729.0  729.0
 41 1298.064920 2.750E-28 6.048E+00.08680.109 4075.85200.71-.000641        0 9 3 0        0 7 3 0                    P  7e     3555431410 5 3 3 3   117.0  135.0
 41 1298.064920 2.750E-28 6.048E+00.08680.109 4075.85200.71-.000641        0 9 3 0        0 7 3 0                    P  7f     3555431410 5 3 3 3   117.0  135.0
 41 1298.071860 8.767E-26 1.699E+01.07450.094 3357.93850.73-.000953        3 1 1 0        2 1 1 0                    R 21e     3655431410 5 3 3 3   405.0  387.0
 41 1298.081010 7.143E-21 5.861E+00.08570.108  612.24130.71-.000731        1 1 1 0        0 1 1 0                    R  7e     3655431410 5 3 3 3   153.0  135.0
 41 1298.081860 4.397E-28 2.570E-02.07450.094 3111.29430.73-.001210        1 5 1 0        0 5 1 0                    Q 22f     3655431410 5 3 3 3   405.0  405.0
 41 1298.102080 7.142E-21 5.862E+00.08570.108  612.28560.71-.000731        1 1 1 0        0 1 1 0                    R  7f     3655431410 5 3 3 3   153.0  135.0
 41 1298.105700 8.019E-25 1.677E+01.07090.087 2975.45950.81-.001119        3 0 0 0        2 0 0 0                    R 31e     3655431410 5 3 3 3   585.0  567.0
 11 1298.117242 1.128E-25 2.366E+00.08360.352 3109.91160.74-.019000          0 0 1          0 1 0  6  3  3        7  7  0      564423837294713159    39.0   45.0
 11 1298.134186 1.969E-28 2.354E-03.06770.265 3144.57880.670.009120          0 1 0          0 1 0 13  6  7       12  1 12      534233837294713152    81.0   75.0
 41 1298.142580 1.004E-26 4.828E-02.06730.078 2755.43200.76-.001348        1 3 3 0        0 3 3 0                    Q 48f     3655431410 5 3 3 3   873.0  873.0
 41 1298.144870 3.999E-27 5.479E-05.08330.106 1214.32060.72-.001301        1 2 2 0        0 2 0 0                    P 10e     3655431410 5 3 3 3   171.0  189.0
 41 1298.145600 1.677E-28 2.180E+01.07250.090 4738.11710.76-.001038        4 1 1 0        3 1 1 0                    R 26f     3555431410 5 3 3 3   495.0  477.0
 41 1298.149510 1.775E-27 3.231E-02.06920.083 2987.00180.79-.001314        1 4 2 0        0 4 2 0                    Q 39f     3655431410 5 3 3 3   711.0  711.0
 41 1298.152680 4.318E-27 4.231E-02.07040.086 2831.78630.81-.001291        1 4 2 0        0 4 2 0                    Q 34e     3655431410 5 3 3 3   621.0  621.0
 41 1298.167860 1.660E-26 6.703E+00.06770.079 3658.17740.76-.001321        1 1 1 1        0 1 1 1                    R 45e     3655431410 5 3 3 3   837.0  819.0
 41 1298.180520 1.005E-26 4.835E-02.06730.078 2755.41020.76-.001348        1 3 3 0        0 3 3 0                    Q 48e     3655431410 5 3 3 3   873.0  873.0
 41 1298.202900 3.473E-28 1.185E+01.08570.108 4221.36820.71-.000731        2 5 1 0        1 5 1 0                    R  7e     3555431410 5 3 3 3   153.0  135.0
 41 1298.215910 1.192E-24 5.650E+00.08460.107 2394.16120.72-.001265        1 4 4 0        0 4 4 0                    P  9e     3655431410 5 3 3 3   153.0  171.0
 41 1298.215910 1.192E-24 5.650E+00.08460.107 2394.16120.72-.001265        1 4 4 0        0 4 4 0                    P  9f     3655431410 5 3 3 3   153.0  171.0
 41 1298.219660 6.682E-27 1.197E+01.08330.106 3658.63120.72-.000758        2 4 0 0        1 4 0 0                    R  9e     3655431410 5 3 3 3   189.0  171.0
 41 1298.219710 4.851E-22 1.178E+01.07330.092 1535.19430.74-.001004        2 0 0 0        1 0 0 0                    R 24e     3655431410 5 3 3 3   459.0  441.0
 41 1298.241200 8.748E-26 1.700E+01.07450.094 3358.43640.73-.000953        3 1 1 0        2 1 1 0                    R 21f     3655431410 5 3 3 3   405.0  387.0
 41 1298.241890 5.437E-27 1.703E+01.07830.101 3853.62720.72-.000835        3 2 2 0        2 2 2 0                    R 14e     3655431410 5 3 3 3   279.0  261.0
 41 1298.242450 5.438E-27 1.703E+01.07830.101 3853.62540.72-.000835        3 2 2 0        2 2 2 0                    R 14f     3655431410 5 3 3 3   279.0  261.0
 41 1298.248590 2.142E-27 3.412E-02.06940.083 2954.23260.80-.001310        1 4 2 0        0 4 2 0                    Q 38f     3655431410 5 3 3 3   693.0  693.0
 41 1298.249630 8.812E-26 6.023E+00.07990.103 3022.49890.72-.001382        1 5 5 0        0 5 5 0                    P 13e     3655431410 5 3 3 3   225.0  243.0
 41 1298.249630 8.812E-26 6.023E+00.07990.103 3022.49890.72-.001382        1 5 5 0        0 5 5 0                    P 13f     3655431410 5 3 3 3   225.0  243.0
 41 1298.250790 3.473E-28 1.186E+01.08570.108 4221.49780.71-.000731        2 5 1 0        1 5 1 0                    R  7f     3555431410 5 3 3 3   153.0  135.0
 41 1298.261340 5.043E-28 2.820E-02.07490.095 3092.73640.73-.001201        1 5 1 0        0 5 1 0                    Q 21f     3655431410 5 3 3 3   387.0  387.0
 41 1298.292670 1.249E-26 5.043E-02.06750.078 2715.11910.76-.001344        1 3 3 0        0 3 3 0                    Q 47f     3655431410 5 3 3 3   855.0  855.0
 41 1298.297180 5.130E-27 4.505E-02.07070.086 2803.18070.81-.001286        1 4 2 0        0 4 2 0                    Q 33e     3655431410 5 3 3 3   603.0  603.0
 41 1298.326370 1.251E-26 5.050E-02.06750.078 2715.09980.76-.001344        1 3 3 0        0 3 3 0                    Q 47e     3655431410 5 3 3 3   855.0  855.0
 41 1298.333450 4.164E-27 1.703E+01.07290.091 4018.76640.75-.001021        3 2 0 0        2 2 0 0                    R 25e     3555431410 5 3 3 3   477.0  459.0
 41 1298.346620 2.576E-27 3.607E-02.06960.084 2922.30110.80-.001305        1 4 2 0        0 4 2 0                    Q 37f     3655431410 5 3 3 3   675.0  675.0
 41 1298.360490 2.132E-24 1.181E+01.07830.101 2549.79670.72-.000835        2 2 0 0        1 2 0 0                    R 14e     3655431410 5 3 3 3   279.0  261.0
 41 1298.386360 7.192E-28 1.830E-04.07360.093 2001.63420.74-.001468        1 3 3 0        0 3 1 0                    P 24f     3655431410 5 3 3 3   423.0  441.0
 41 1298.422710 6.576E-28 1.770E-04.07330.092 2021.70600.74-.001467        1 3 3 0        0 3 1 0                    P 25e     3655431410 5 3 3 3   441.0  459.0
 41 1298.422840 2.133E-28 6.734E+00.06940.083 4516.10000.80-.001211        1 3 1 1        0 3 1 1                    R 37e     3555431410 5 3 3 3   693.0  675.0
 41 1298.424280 5.732E-24 3.260E+00.09060.112 1775.32610.70-.000982        1 3 3 0        0 3 3 0                    P  4e     3655431410 5 3 3 3    63.0   81.0
 41 1298.424280 5.732E-24 3.260E+00.09060.112 1775.32610.70-.000982        1 3 3 0        0 3 3 0                    P  4f     3655431410 5 3 3 3    63.0   81.0
 41 1298.431480 1.056E-28 4.415E-01.07150.088 4052.30240.79-.000554        1 6 4 0        1 4 4 0                    Q 30e     3555431410 5 3 3 3   549.0  549.0
 41 1298.431510 1.056E-28 4.415E-01.07150.088 4052.30240.79-.000554        1 6 4 0        1 4 4 0                    Q 30f     3555431410 5 3 3 3   549.0  549.0
 41 1298.432760 5.774E-28 3.107E-02.07540.096 3075.02100.73-.001190        1 5 1 0        0 5 1 0                    Q 20f     3655431410 5 3 3 3   369.0  369.0
 41 1298.436140 6.074E-27 4.805E-02.07090.087 2775.41600.81-.001281        1 4 2 0        0 4 2 0                    Q 32e     3655431410 5 3 3 3   585.0  585.0
 41 1298.439560 1.549E-26 5.273E-02.06770.079 2675.64320.76-.001341        1 3 3 0        0 3 3 0                    Q 46f     3655431410 5 3 3 3   837.0  837.0
 41 1298.443520 3.087E-27 3.818E-02.06990.084 2891.20760.81-.001301        1 4 2 0        0 4 2 0                    Q 36f     3655431410 5 3 3 3   657.0  657.0
 41 1298.448510 1.145E-28 1.746E-03.07070.086 2916.62910.81-.001135        2 2 0 0        1 2 2 0                    R 32e     3655431410 5 3 3 3   603.0  585.0
 41 1298.450640 1.207E-27 2.096E+01.06960.084 4387.78060.80-.001196        4 0 0 0        3 0 0 0                    R 36e     3555431410 5 3 3 3   675.0  657.0
 41 1298.459230 2.109E-26 6.636E+00.09410.116 2900.34570.70-.000805        1 5 1 0        0 5 1 0                    P  2f     3655431410 5 3 3 3    27.0   45.0
 41 1298.467660 2.109E-26 6.637E+00.09410.116 2900.33260.70-.000805        1 5 1 0        0 5 1 0                    P  2e     3655431410 5 3 3 3    27.0   45.0
 41 1298.468470 5.480E-26 5.478E+00.08800.110 2931.73510.71-.001119        1 5 3 0        0 5 3 0                    P  6e     3655431410 5 3 3 3    99.0  117.0
 41 1298.468470 5.480E-26 5.478E+00.08800.110 2931.73510.71-.001119        1 5 3 0        0 5 3 0                    P  6f     3655431410 5 3 3 3    99.0  117.0
 41 1298.469400 1.550E-26 5.279E-02.06770.079 2675.62610.76-.001341        1 3 3 0        0 3 3 0                    Q 46e     3655431410 5 3 3 3   837.0  837.0
 41 1298.484870 3.527E-26 6.757E+00.06590.074 3548.43430.73-.001447        1 0 0 1        0 0 0 1                    R 56e     3645431410 5 3 3 3  1035.0 1017.0
 41 1298.490880 1.646E-26 6.699E+00.06770.079 3659.78050.76-.001321        1 1 1 1        0 1 1 1                    R 45f     3655431410 5 3 3 3   837.0  819.0
 41 1298.501690 4.175E-28 6.723E+00.07120.088 4336.26540.80-.001103        1 3 3 1        0 3 3 1                    R 30f     3555431410 5 3 3 3   567.0  549.0
 41 1298.501870 4.175E-28 6.723E+00.07120.088 4336.26390.80-.001103        1 3 3 1        0 3 3 1                    R 30e     3555431410 5 3 3 3   567.0  549.0
 41 1298.503960 3.587E-23 1.173E+01.07770.100 1980.44720.73-.000852        2 1 1 0        1 1 1 0                    R 15e     3655431410 5 3 3 3   297.0  279.0
 41 1298.518470 1.235E-28 4.724E-01.07190.089 4027.14060.78-.000551        1 6 4 0        1 4 4 0                    Q 29e     3555431410 5 3 3 3   531.0  531.0
 41 1298.518500 1.235E-28 4.724E-01.07190.089 4027.14060.78-.000551        1 6 4 0        1 4 4 0                    Q 29f     3555431410 5 3 3 3   531.0  531.0
 41 1298.524580 3.418E-28 6.028E+00.08090.104 4147.71590.72-.001965        2 5 5 0        0 7 5 0                    P 12e     3555431410 5 3 3 3   207.0  225.0
 41 1298.524580 3.418E-28 6.028E+00.08090.104 4147.71590.72-.001965        2 5 5 0        0 7 5 0                    P 12f     3555431410 5 3 3 3   207.0  225.0
 41 1298.534110 1.131E-25 1.180E+01.08200.105 3092.16380.72-.000773        2 3 1 0        1 3 1 0                    R 10e     3655431410 5 3 3 3   207.0  189.0
 41 1298.539200 3.687E-27 4.048E-02.07010.085 2860.95210.81-.001296        1 4 2 0        0 4 2 0                    Q 35f     3655431410 5 3 3 3   639.0  639.0
 41 1298.548620 2.952E-28 6.331E+00.07590.097 4285.74600.73-.001457        1 7 7 0        0 7 7 0                    P 19e     3555431410 5 3 3 3   333.0  351.0
 41 1298.548620 2.952E-28 6.331E+00.07590.097 4285.74600.73-.001457        1 7 7 0        0 7 7 0                    P 19f     3555431410 5 3 3 3   333.0  351.0
 41 1298.569680 7.167E-27 5.134E-02.07120.088 2748.49200.80-.001275        1 4 2 0        0 4 2 0                    Q 31e     3655431410 5 3 3 3   567.0  567.0
 41 1298.573440 1.567E-28 2.183E+01.07220.090 4759.55190.77-.001054        4 1 1 0        3 1 1 0                    R 27e     3555431410 5 3 3 3   513.0  495.0
 41 1298.578460 3.584E-23 1.173E+01.07770.100 1980.66540.73-.000852        2 1 1 0        1 1 1 0                    R 15f     3655431410 5 3 3 3   297.0  279.0
 41 1298.578820 1.680E-27 6.697E+00.06830.080 4115.46570.78-.001281        1 2 0 1        0 2 0 1                    R 42e     3555431410 5 3 3 3   783.0  765.0
 41 1298.582720 3.162E-28 1.739E+01.07490.095 4510.45150.73-.000936        3 3 1 0        2 3 1 0                    R 20e     3555431410 5 3 3 3   387.0  369.0
 41 1298.583250 1.913E-26 5.517E-02.06790.079 2637.00440.77-.001337        1 3 3 0        0 3 3 0                    Q 45f     3655431410 5 3 3 3   819.0  819.0
 41 1298.588130 1.131E-25 1.180E+01.08200.105 3092.34160.72-.000773        2 3 1 0        1 3 1 0                    R 10f     3655431410 5 3 3 3   207.0  189.0
 11 1298.590700 4.063E-28 8.644E-08.06860.333  744.16270.620.000000          0 1 0          0 0 0  6  1  6        8  1  8     q5422308079917122 0    39.0   51.0
 41 1298.594690 3.188E-27 6.708E+00.06940.083 3958.84840.80-.001211        1 2 2 1        0 2 2 1                    R 37e     3655431410 5 3 3 3   693.0  675.0
 41 1298.596100 6.599E-28 3.440E-02.07590.097 3058.14820.73-.001179        1 5 1 0        0 5 1 0                    Q 19f     3655431410 5 3 3 3   351.0  351.0
 41 1298.598460 2.405E-28 1.601E+01.08330.106 4402.21380.72-.000178        2 5 3 0        2 3 3 0                    R  9e     3555431410 5 3 3 3   189.0  171.0
 41 1298.598470 2.405E-28 1.601E+01.08330.106 4402.21380.72-.000178        2 5 3 0        2 3 3 0                    R  9f     3555431410 5 3 3 3   189.0  171.0
 41 1298.600360 3.191E-27 6.710E+00.06940.083 3958.73480.80-.001211        1 2 2 1        0 2 2 1                    R 37f     3655431410 5 3 3 3   693.0  675.0
 41 1298.602600 1.439E-28 5.066E-01.07220.090 4002.81640.77-.000548        1 6 4 0        1 4 4 0                    Q 28e     3555431410 5 3 3 3   513.0  513.0
 41 1298.602620 1.439E-28 5.066E-01.07220.090 4002.81640.77-.000548        1 6 4 0        1 4 4 0                    Q 28f     3555431410 5 3 3 3   513.0  513.0
 41 1298.609270 1.714E-19 6.066E+00.07700.099  113.95800.73-.000868        1 0 0 0        0 0 0 0                    R 16e     3655431415 5 3 3 3   315.0  297.0
 41 1298.609600 1.915E-26 5.523E-02.06790.079 2636.98940.77-.001337        1 3 3 0        0 3 3 0                    Q 45e     3655431410 5 3 3 3   819.0  819.0
 41 1298.633600 4.387E-27 4.297E-02.07040.086 2831.53500.81-.001291        1 4 2 0        0 4 2 0                    Q 34f     3655431410 5 3 3 3   621.0  621.0
 41 1298.633810 5.297E-27 6.176E+00.07770.100 3650.21840.73-.001431        1 6 6 0        0 6 6 0                    P 16e     3655431410 5 3 3 3   279.0  297.0
 41 1298.633810 5.297E-27 6.176E+00.07770.100 3650.21840.73-.001431        1 6 6 0        0 6 6 0                    P 16f     3655431410 5 3 3 3   279.0  297.0
 41 1298.653810 1.533E-24 1.115E+01.08460.107 2504.93200.72-.000744        2 2 2 0        1 2 2 0                    R  8f     3655431410 5 3 3 3   171.0  153.0
 41 1298.653870 1.533E-24 1.115E+01.08460.107 2504.93230.72-.000744        2 2 2 0        1 2 2 0                    R  8e     3655431410 5 3 3 3   171.0  153.0
 11 1298.660436 3.162E-26 1.885E+01.08690.391 3722.73100.71-.003650          0 3 0          0 2 0  4  2  3        5  3  2      464423837294713159    27.0   33.0
 41 1298.673910 4.770E-27 5.811E+00.08460.107 3535.61540.72-.001831        2 4 4 0        0 6 4 0                    P  9e     3655431410 5 3 3 3   153.0  171.0
 41 1298.673910 4.770E-27 5.811E+00.08460.107 3535.61540.72-.001831        2 4 4 0        0 6 4 0                    P  9f     3655431410 5 3 3 3   153.0  171.0
 41 1298.682920 2.836E-27 3.123E-05.07650.098 1306.29170.73-.000885        1 2 0 0        0 2 2 0                    R 17e     3655431410 5 3 3 3   333.0  315.0
 41 1298.683870 1.673E-28 5.446E-01.07250.090 3979.33000.76-.000545        1 6 4 0        1 4 4 0                    Q 27e     3655431410 5 3 3 3   495.0  495.0
 41 1298.683870 1.673E-28 5.446E-01.07250.090 3979.33000.76-.000545        1 6 4 0        1 4 4 0                    Q 27f     3655431410 5 3 3 3   495.0  495.0
 41 1298.696620 2.112E-28 6.737E+00.06940.083 4518.14230.80-.001211        1 3 1 1        0 3 1 1                    R 37f     3555431410 5 3 3 3   693.0  675.0
 41 1298.697860 8.429E-27 5.495E-02.07150.088 2722.40900.79-.001269        1 4 2 0        0 4 2 0                    Q 30e     3655431410 5 3 3 3   549.0  549.0
 41 1298.717670 2.529E-27 5.791E+00.09060.112 3482.87600.70-.000513        0 8 2 0        0 6 2 0                    P  4e     3655431410 5 3 3 3    63.0   81.0
 41 1298.717780 2.529E-27 5.791E+00.09060.112 3482.87580.70-.000513        0 8 2 0        0 6 2 0                    P  4f     3655431410 5 3 3 3    63.0   81.0
 41 1298.721670 3.034E-28 1.676E+01.07490.095 4511.18880.73-.000936        3 3 1 0        2 3 1 0                    R 20f     3555431410 5 3 3 3   387.0  369.0
 41 1298.723750 2.354E-26 5.779E-02.06810.080 2599.20310.77-.001334        1 3 3 0        0 3 3 0                    Q 44f     3655431410 5 3 3 3   801.0  801.0
 41 1298.726590 5.204E-27 4.569E-02.07070.086 2802.95630.81-.001286        1 4 2 0        0 4 2 0                    Q 33f     3655431410 5 3 3 3   603.0  603.0
 41 1298.746940 2.356E-26 5.784E-02.06810.080 2599.18980.77-.001334        1 3 3 0        0 3 3 0                    Q 44e     3655431410 5 3 3 3   801.0  801.0
 41 1298.751340 7.531E-28 3.829E-02.07650.098 3042.11830.73-.001168        1 5 1 0        0 5 1 0                    Q 18f     3655431410 5 3 3 3   333.0  333.0
 41 1298.762260 1.940E-28 5.870E-01.07290.091 3956.68130.75-.000542        1 6 4 0        1 4 4 0                    Q 26e     3655431410 5 3 3 3   477.0  477.0
 41 1298.762270 1.940E-28 5.870E-01.07290.091 3956.68130.75-.000542        1 6 4 0        1 4 4 0                    Q 26f     3655431410 5 3 3 3   477.0  477.0
 41 1298.769120 4.543E-27 1.089E+01.08680.109 3649.18810.71-.000718        2 4 2 0        1 4 2 0                    R  6f     3655431410 5 3 3 3   135.0  117.0
 41 1298.769290 4.543E-27 1.089E+01.08680.109 3649.18830.71-.000718        2 4 2 0        1 4 2 0                    R  6e     3655431410 5 3 3 3   135.0  117.0
 41 1298.800660 1.499E-28 7.284E+00.09220.114 4042.22890.70-.000900        1 7 1 0        0 7 1 0                    P  3f     3555431410 5 3 3 3    45.0   63.0
 41 1298.815070 5.511E-24 3.880E+00.09410.116 1749.90430.70-.000665        1 3 1 0        0 3 1 0                    R  1e     3655431410 5 3 3 3    45.0   27.0
 41 1298.816790 1.499E-28 7.286E+00.09220.114 4042.19480.70-.000900        1 7 1 0        0 7 1 0                    P  3e     3555431410 5 3 3 3    45.0   63.0
 41 1298.818120 6.152E-27 4.865E-02.07090.087 2775.21630.81-.001281        1 4 2 0        0 4 2 0                    Q 32f     3655431410 5 3 3 3   585.0  585.0
 41 1298.820770 9.882E-27 5.892E-02.07190.089 2697.16690.78-.001263        1 4 2 0        0 4 2 0                    Q 29e     3655431410 5 3 3 3   531.0  531.0
 41 1298.821790 5.511E-24 3.881E+00.09410.116 1749.90730.70-.000665        1 3 1 0        0 3 1 0                    R  1f     3655431410 5 3 3 3    45.0   27.0
 41 1298.828450 3.460E-22 5.892E+00.08800.110 1180.72980.71-.000706        1 2 0 0        0 2 0 0                    R  5e     3655431410 5 3 3 3   117.0   99.0
 41 1298.834860 1.409E-26 6.713E+00.06750.078 3696.35920.76-.001333        1 1 1 1        0 1 1 1                    R 46e     3655431410 5 3 3 3   855.0  837.0
 41 1298.834880 8.389E-26 1.704E+01.07410.094 3376.22850.73-.000970        3 1 1 0        2 1 1 0                    R 22e     3655431410 5 3 3 3   423.0  405.0
 41 1298.837780 2.243E-28 6.345E-01.07330.092 3934.87060.74-.000539        1 6 4 0        1 4 4 0                    Q 25e     3655431410 5 3 3 3   459.0  459.0
 41 1298.837780 2.243E-28 6.345E-01.07330.092 3934.87060.74-.000539        1 6 4 0        1 4 4 0                    Q 25f     3655431410 5 3 3 3   459.0  459.0
 41 1298.842570 7.268E-25 1.680E+01.07070.086 3002.03700.81-.001135        3 0 0 0        2 0 0 0                    R 32e     3655431410 5 3 3 3   603.0  585.0
 41 1298.854750 1.795E-27 8.969E+00.09410.116 3469.12700.70-.000805        1 6 0 0        0 6 0 0                    P  2e     3655431410 5 3 3 3    27.0   45.0
 41 1298.861080 2.886E-26 6.058E-02.06830.080 2562.23920.78-.001330        1 3 3 0        0 3 3 0                    Q 43f     3655431410 5 3 3 3   783.0  783.0
 41 1298.881420 2.889E-26 6.063E-02.06830.080 2562.22750.78-.001330        1 3 3 0        0 3 3 0                    Q 43e     3655431410 5 3 3 3   783.0  783.0
 41 1298.888390 7.807E-21 5.928E+00.08460.107  618.94780.72-.000744        1 1 1 0        0 1 1 0                    R  8e     3655431410 5 3 3 3   171.0  153.0
 41 1298.898460 8.584E-28 4.286E-02.07700.099 3026.93140.73-.001155        1 5 1 0        0 5 1 0                    Q 17f     3655431410 5 3 3 3   315.0  315.0
 41 1298.908080 7.249E-27 5.191E-02.07120.088 2748.31510.80-.001275        1 4 2 0        0 4 2 0                    Q 31f     3655431410 5 3 3 3   567.0  567.0
 41 1298.910420 2.587E-28 6.879E-01.07360.093 3913.89800.74-.000536        1 6 4 0        1 4 4 0                    Q 24e     3655431410 5 3 3 3   441.0  441.0
 41 1298.910420 2.587E-28 6.879E-01.07360.093 3913.89800.74-.000536        1 6 4 0        1 4 4 0                    Q 24f     3655431410 5 3 3 3   441.0  441.0
 41 1298.913150 7.806E-21 5.930E+00.08460.107  619.00480.72-.000744        1 1 1 0        0 1 1 0                    R  8f     3655431410 5 3 3 3   171.0  153.0
 11 1298.914574 1.473E-25 3.665E+00.03170.221 3083.86520.28-.009700          0 1 0          0 0 0 14  3 11       15  4 12      574423837260713059    29.0   31.0
 41 1298.922930 1.560E-28 2.185E+01.07220.090 4760.55270.77-.001054        4 1 1 0        3 1 1 0                    R 27f     3555431410 5 3 3 3   513.0  495.0
 41 1298.930390 2.230E-28 5.638E+00.08800.110 4069.94840.71-.000605        0 9 3 0        0 7 3 0                    P  6e     3555431410 5 3 3 3    99.0  117.0
 41 1298.930390 2.230E-28 5.638E+00.08800.110 4069.94840.71-.000605        0 9 3 0        0 7 3 0                    P  6f     3555431410 5 3 3 3    99.0  117.0
 41 1298.938530 1.155E-26 6.331E-02.07220.090 2672.76580.77-.001257        1 4 2 0        0 4 2 0                    Q 28e     3655431410 5 3 3 3   513.0  513.0
 11 1298.964438 2.772E-26 3.596E+00.02240.208 3437.27720.140.016100          0 1 0          0 0 0 15  4 12       16  3 13      474423837260713059    31.0   33.0
 11 1298.966940 2.908E-29 9.378E+00.04970.333 5122.39290.48-.000650          0 1 1          0 0 1  7  5  3        8  6  2      434243837294713152    45.0   51.0
 41 1298.967750 4.560E-22 1.181E+01.07290.091 1556.04630.75-.001021        2 0 0 0        1 0 0 0                    R 25e     3655431410 5 3 3 3   477.0  459.0
 41 1298.980180 2.977E-28 7.482E-01.07410.094 3893.76350.73-.000532        1 6 4 0        1 4 4 0                    Q 23e     3655431410 5 3 3 3   423.0  423.0
 41 1298.980180 2.977E-28 7.482E-01.07410.094 3893.76350.73-.000532        1 6 4 0        1 4 4 0                    Q 23f     3655431410 5 3 3 3   423.0  423.0
 41 1298.995230 3.527E-26 6.357E-02.06850.081 2526.11300.78-.001326        1 3 3 0        0 3 3 0                    Q 42f     3655431410 5 3 3 3   765.0  765.0
 41 1298.996370 8.514E-27 5.548E-02.07150.088 2722.25290.79-.001269        1 4 2 0        0 4 2 0                    Q 30f     3655431410 5 3 3 3   549.0  549.0
 41 1299.003300 3.795E-28 1.198E+01.08460.107 4228.05470.72-.000744        2 5 1 0        1 5 1 0                    R  8e     3555431410 5 3 3 3   171.0  153.0
 41 1299.009080 2.657E-27 3.912E-05.08460.107 1205.92320.72-.001265        1 2 2 0        0 2 0 0                    P  9e     3655431410 5 3 3 3   153.0  171.0
 41 1299.013030 3.529E-26 6.362E-02.06850.081 2526.10280.78-.001326        1 3 3 0        0 3 3 0                    Q 42e     3655431410 5 3 3 3   765.0  765.0
 41 1299.015420 7.058E-27 1.204E+01.08200.105 3667.00530.72-.000773        2 4 0 0        1 4 0 0                    R 10e     3655431410 5 3 3 3   207.0  189.0
 41 1299.017750 8.368E-26 1.704E+01.07410.094 3376.77420.73-.000970        3 1 1 0        2 1 1 0                    R 22f     3655431410 5 3 3 3   423.0  405.0
 41 1299.032340 5.470E-27 1.712E+01.07770.100 3866.13700.73-.000852        3 2 2 0        2 2 2 0                    R 15e     3655431410 5 3 3 3   297.0  279.0
 41 1299.033100 5.471E-27 1.713E+01.07770.100 3866.13460.73-.000852        3 2 2 0        2 2 2 0                    R 15f     3655431410 5 3 3 3   297.0  279.0
 41 1299.037450 9.776E-28 4.830E-02.07770.100 3012.58750.73-.001141        1 5 1 0        0 5 1 0                    Q 16f     3655431410 5 3 3 3   297.0  297.0
 41 1299.047060 3.417E-28 8.168E-01.07450.094 3874.46720.73-.000528        1 6 4 0        1 4 4 0                    Q 22e     3655431410 5 3 3 3   405.0  405.0
 41 1299.047060 3.417E-28 8.168E-01.07450.094 3874.46720.73-.000528        1 6 4 0        1 4 4 0                    Q 22f     3655431410 5 3 3 3   405.0  405.0
 41 1299.051210 1.345E-26 6.818E-02.07250.090 2649.20590.76-.001250        1 4 2 0        0 4 2 0                    Q 27e     3655431410 5 3 3 3   495.0  495.0
 11 1299.052182 1.624E-29 1.341E+00.08560.352 4586.68320.71-.004400          0 1 1          0 0 1  6  2  5        7  3  4      434263837294713152    13.0   15.0
 41 1299.058540 3.795E-28 1.199E+01.08460.107 4228.22130.72-.000744        2 5 1 0        1 5 1 0                    R  8f     3555431410 5 3 3 3   171.0  153.0
 41 1299.060420 3.893E-27 1.706E+01.07250.090 4040.39890.76-.001038        3 2 0 0        2 2 0 0                    R 26e     3555431410 5 3 3 3   495.0  477.0
 11 1299.065156 1.723E-26 1.679E+01.08840.371 3864.96610.720.000130          0 3 0          0 2 0  5  2  3        6  3  4      464423307294713159    33.0   39.0
 41 1299.082820 1.028E-24 5.329E+00.08570.108 2386.58010.71-.001223        1 4 4 0        0 4 4 0                    P  8e     3655431410 5 3 3 3   135.0  153.0
 41 1299.082820 1.028E-24 5.329E+00.08570.108 2386.58010.71-.001223        1 4 4 0        0 4 4 0                    P  8f     3655431410 5 3 3 3   135.0  153.0
 41 1299.082910 9.969E-27 5.943E-02.07190.089 2697.02980.78-.001263        1 4 2 0        0 4 2 0                    Q 29f     3655431410 5 3 3 3   531.0  531.0
 41 1299.098740 1.012E-28 2.759E-05.07290.091 2040.27800.75-.001021        1 3 1 0        0 3 3 0                    R 25e     3655431410 5 3 3 3   477.0  459.0
 41 1299.106720 2.853E-26 6.766E+00.06570.073 3595.67810.73-.001458        1 0 0 1        0 0 0 1                    R 57e     3645431410 5 3 3 3  1053.0 1035.0
 41 1299.109850 1.878E-28 6.745E+00.06920.083 4547.69030.79-.001225        1 3 1 1        0 3 1 1                    R 38e     3555431410 5 3 3 3   711.0  693.0
 41 1299.111050 3.914E-28 8.952E-01.07490.095 3856.00930.73-.000524        1 6 4 0        1 4 4 0                    Q 21e     3655431410 5 3 3 3   387.0  387.0
 41 1299.111050 3.914E-28 8.952E-01.07490.095 3856.00930.73-.000524        1 6 4 0        1 4 4 0                    Q 21f     3655431410 5 3 3 3   387.0  387.0
 41 1299.117100 1.181E-28 2.002E-03.07040.086 2944.23410.81-.001151        2 2 0 0        1 2 2 0                    R 33e     3655431410 5 3 3 3   621.0  603.0
 41 1299.126220 4.294E-26 6.678E-02.06870.081 2490.82460.78-.001322        1 3 3 0        0 3 3 0                    Q 41f     3655431410 5 3 3 3   747.0  747.0
 41 1299.129570 8.324E-26 5.871E+00.08090.104 3011.53580.72-.001360        1 5 5 0        0 5 5 0                    P 12e     3655431410 5 3 3 3   207.0  225.0
 41 1299.129570 8.324E-26 5.871E+00.08090.104 3011.53580.72-.001360        1 5 5 0        0 5 5 0                    P 12f     3655431410 5 3 3 3   207.0  225.0
 41 1299.138000 2.140E-24 1.185E+01.07770.100 2562.33790.73-.000852        2 2 0 0        1 2 0 0                    R 15e     3655431410 5 3 3 3   297.0  279.0
 41 1299.141720 4.296E-26 6.682E-02.06870.081 2490.81570.78-.001322        1 3 3 0        0 3 3 0                    Q 41e     3655431410 5 3 3 3   747.0  747.0
 41 1299.158890 1.563E-26 7.361E-02.07290.091 2626.48710.75-.001243        1 4 2 0        0 4 2 0                    Q 26e     3655431410 5 3 3 3   477.0  477.0
 11 1299.164821 1.681E-30 2.753E-03.02890.235 4184.83120.29-.003220          0 2 0          0 1 0 15  0 15       14  3 12      532230837294713152    93.0   87.0
 41 1299.167610 1.164E-26 6.379E-02.07220.090 2672.64600.77-.001257        1 4 2 0        0 4 2 0                    Q 28f     3655431410 5 3 3 3   513.0  513.0
 41 1299.168310 1.113E-27 5.482E-02.07830.101 2999.08680.72-.001127        1 5 1 0        0 5 1 0                    Q 15f     3655431410 5 3 3 3   279.0  279.0
 41 1299.171320 1.397E-26 6.709E+00.06750.078 3698.03330.76-.001333        1 1 1 1        0 1 1 1                    R 46f     3655431410 5 3 3 3   855.0  837.0
 41 1299.172160 4.475E-28 9.854E-01.07540.096 3838.38970.73-.000519        1 6 4 0        1 4 4 0                    Q 20e     3655431410 5 3 3 3   369.0  369.0
 41 1299.172160 4.475E-28 9.854E-01.07540.096 3838.38970.73-.000519        1 6 4 0        1 4 4 0                    Q 20f     3655431410 5 3 3 3   369.0  369.0
 11 1299.192013 9.699E-30 9.385E+00.05010.333 5122.34750.48-.000110          0 1 1          0 0 1  7  5  2        8  6  3      434253837294713152    15.0   17.0
 41 1299.201740 1.068E-27 2.099E+01.06940.083 4418.40000.80-.001211        4 0 0 0        3 0 0 0                    R 37e     3555431410 5 3 3 3   693.0  675.0
 41 1299.207970 2.298E-25 4.365E+00.09620.119 2322.57360.69-.000658        1 4 0 0        0 4 0 0                    R  0e     3655431410 5 3 3 3    27.0    9.0
 41 1299.229530 2.022E-26 4.931E+00.09060.112 3073.75030.70-.000684        2 3 3 0        1 3 3 0                    R  3e     3655431410 5 3 3 3    81.0   63.0
 41 1299.229530 2.022E-26 4.931E+00.09060.112 3073.75030.70-.000684        2 3 3 0        1 3 3 0                    R  3f     3655431410 5 3 3 3    81.0   63.0
 41 1299.230370 5.107E-28 1.090E+00.07590.097 3821.60870.73-.000515        1 6 4 0        1 4 4 0                    Q 19e     3655431410 5 3 3 3   351.0  351.0
 41 1299.230370 5.107E-28 1.090E+00.07590.097 3821.60870.73-.000515        1 6 4 0        1 4 4 0                    Q 19f     3655431410 5 3 3 3   351.0  351.0
 41 1299.235420 3.804E-28 6.739E+00.07090.087 4362.12090.81-.001119        1 3 3 1        0 3 3 1                    R 31f     3555431410 5 3 3 3   585.0  567.0
 41 1299.235660 3.804E-28 6.739E+00.07090.087 4362.11910.81-.001119        1 3 3 1        0 3 3 1                    R 31e     3555431410 5 3 3 3   585.0  567.0
 41 1299.250370 1.355E-26 6.863E-02.07250.090 2649.10170.76-.001250        1 4 2 0        0 4 2 0                    Q 27f     3655431410 5 3 3 3   495.0  495.0
 41 1299.251870 1.445E-27 6.706E+00.06810.080 4151.21210.77-.001295        1 2 0 1        0 2 0 1                    R 43e     3555431410 5 3 3 3   801.0  783.0
 41 1299.254050 5.209E-26 7.023E-02.06890.082 2456.37420.79-.001318        1 3 3 0        0 3 3 0                    Q 40f     3655431410 5 3 3 3   729.0  729.0
 41 1299.261700 1.810E-26 7.968E-02.07330.092 2604.60940.74-.001235        1 4 2 0        0 4 2 0                    Q 25e     3655431410 5 3 3 3   459.0  459.0
 41 1299.267510 5.212E-26 7.026E-02.06890.082 2456.36650.79-.001318        1 3 3 0        0 3 3 0                    Q 40e     3655431410 5 3 3 3   729.0  729.0
 41 1299.280400 6.125E-28 1.554E-04.07360.093 2000.73990.74-.001468        1 3 3 0        0 3 1 0                    P 24e     3655431410 5 3 3 3   423.0  441.0
 41 1299.283420 3.574E-23 1.177E+01.07700.099 1993.80320.73-.000868        2 1 1 0        1 1 1 0                    R 16e     3655431410 5 3 3 3   315.0  297.0
 41 1299.285690 5.820E-28 1.212E+00.07650.098 3805.66620.73-.000510        1 6 4 0        1 4 4 0                    Q 18e     3655431410 5 3 3 3   333.0  333.0
 41 1299.285690 5.820E-28 1.212E+00.07650.098 3805.66620.73-.000510        1 6 4 0        1 4 4 0                    Q 18f     3655431410 5 3 3 3   333.0  333.0
 41 1299.291040 1.267E-27 6.274E-02.07910.102 2986.42930.72-.001110        1 5 1 0        0 5 1 0                    Q 14f     3655431410 5 3 3 3   261.0  261.0
 11 1299.298368 7.861E-27 1.181E-02.04200.235 2746.02350.460.007930          0 0 0          0 0 0 15  9  6       14  4 11      534426837260713049    93.0   87.0
 41 1299.301260 2.804E-27 6.715E+00.06920.083 3990.49380.79-.001225        1 2 2 1        0 2 2 1                    R 38e     3655431410 5 3 3 3   711.0  693.0
 41 1299.308010 2.806E-27 6.715E+00.06920.083 3990.36810.79-.001225        1 2 2 1        0 2 2 1                    R 38f     3655431410 5 3 3 3   711.0  693.0
 41 1299.314810 6.537E-28 1.577E-04.07410.094 1981.43440.73-.001468        1 3 3 0        0 3 1 0                    P 23f     3655431410 5 3 3 3   405.0  423.0
 41 1299.325300 1.182E-25 1.187E+01.08090.104 3101.35340.72-.000788        2 3 1 0        1 3 1 0                    R 11e     3655431410 5 3 3 3   225.0  207.0
 41 1299.325900 1.450E-28 2.187E+01.07190.089 4782.74250.78-.001071        4 1 1 0        3 1 1 0                    R 28e     3555431410 5 3 3 3   531.0  513.0
 41 1299.328030 3.996E-26 4.769E+00.08920.111 2926.68060.71-.001055        1 5 3 0        0 5 3 0                    P  5e     3655431410 5 3 3 3    81.0   99.0
 41 1299.328030 3.996E-26 4.769E+00.08920.111 2926.68060.71-.001055        1 5 3 0        0 5 3 0                    P  5f     3655431410 5 3 3 3    81.0   99.0
 41 1299.331100 1.572E-26 7.403E-02.07290.091 2626.39700.75-.001243        1 4 2 0        0 4 2 0                    Q 26f     3655431410 5 3 3 3   477.0  477.0
 41 1299.333170 3.044E-28 1.744E+01.07450.094 4527.91270.73-.000953        3 3 1 0        2 3 1 0                    R 21e     3555431410 5 3 3 3   405.0  387.0
 41 1299.338110 6.625E-28 1.355E+00.07700.099 3790.56230.73-.000504        1 6 4 0        1 4 4 0                    Q 17e     3655431410 5 3 3 3   315.0  315.0
 41 1299.338110 6.625E-28 1.355E+00.07700.099 3790.56230.73-.000504        1 6 4 0        1 4 4 0                    Q 17f     3655431410 5 3 3 3   315.0  315.0
 41 1299.359700 2.091E-26 8.650E-02.07360.093 2583.57300.74-.001227        1 4 2 0        0 4 2 0                    Q 24e     3655431410 5 3 3 3   441.0  441.0
 41 1299.365490 3.571E-23 1.178E+01.07700.099 1994.05050.73-.000868        2 1 1 0        1 1 1 0                    R 16f     3655431410 5 3 3 3   315.0  297.0
 41 1299.378720 6.297E-26 7.394E-02.06920.083 2422.76200.79-.001314        1 3 3 0        0 3 3 0                    Q 39f     3655431410 5 3 3 3   711.0  711.0
 41 1299.383510 1.694E-19 6.085E+00.07650.098  128.20090.73-.000885        1 0 0 0        0 0 0 0                    R 17e     3655431415 5 3 3 3   333.0  315.0
 41 1299.385910 1.181E-25 1.188E+01.08090.104 3101.56680.72-.000788        2 3 1 0        1 3 1 0                    R 11f     3655431410 5 3 3 3   225.0  207.0
 41 1299.387630 7.535E-28 1.525E+00.07770.100 3776.29720.73-.000498        1 6 4 0        1 4 4 0                    Q 16e     3655431410 5 3 3 3   297.0  297.0
 41 1299.387630 7.535E-28 1.525E+00.07770.100 3776.29720.73-.000498        1 6 4 0        1 4 4 0                    Q 16f     3655431410 5 3 3 3   297.0  297.0
 41 1299.390370 6.300E-26 7.397E-02.06920.083 2422.75540.79-.001314        1 3 3 0        0 3 3 0                    Q 39e     3655431410 5 3 3 3   711.0  711.0
 41 1299.395320 1.859E-28 6.748E+00.06920.083 4549.84170.79-.001225        1 3 1 1        0 3 1 1                    R 38f     3555431410 5 3 3 3   711.0  693.0
 41 1299.403750 2.584E-28 1.638E+01.08200.105 4410.56610.72-.000179        2 5 3 0        2 3 3 0                    R 10f     3555431410 5 3 3 3   207.0  189.0
 41 1299.403760 2.584E-28 1.638E+01.08200.105 4410.56610.72-.000179        2 5 3 0        2 3 3 0                    R 10e     3555431410 5 3 3 3   207.0  189.0
 41 1299.405600 1.443E-27 7.249E-02.07990.103 2974.61530.72-.001093        1 5 1 0        0 5 1 0                    Q 13f     3655431410 5 3 3 3   243.0  243.0
 41 1299.405960 3.161E-28 5.821E+00.08200.105 4137.58580.72-.001926        2 5 5 0        0 7 5 0                    P 11e     3555431410 5 3 3 3   189.0  207.0
 41 1299.405960 3.161E-28 5.821E+00.08200.105 4137.58580.72-.001926        2 5 5 0        0 7 5 0                    P 11f     3555431410 5 3 3 3   189.0  207.0
 41 1299.409710 1.819E-26 8.007E-02.07330.092 2604.53200.74-.001235        1 4 2 0        0 4 2 0                    Q 25f     3655431410 5 3 3 3   459.0  459.0
 41 1299.434250 8.567E-28 1.729E+00.07830.101 3762.87090.72-.000492        1 6 4 0        1 4 4 0                    Q 15e     3655431410 5 3 3 3   279.0  279.0
 41 1299.434250 8.567E-28 1.729E+00.07830.101 3762.87090.72-.000492        1 6 4 0        1 4 4 0                    Q 15f     3655431410 5 3 3 3   279.0  279.0
 11 1299.441243 4.354E-28 1.092E-05.07940.298 1616.45310.71-.004360          0 1 0          0 0 0 11  1 11       10  4  6      574223837260713049    23.0   21.0
 41 1299.444220 3.825E-27 4.305E-05.07590.097 1321.41340.73-.000902        1 2 0 0        0 2 2 0                    R 18e     3655431410 5 3 3 3   351.0  333.0
 41 1299.449040 2.971E-28 6.238E+00.07650.098 4269.68740.73-.001450        1 7 7 0        0 7 7 0                    P 18e     3555431410 5 3 3 3   315.0  333.0
 41 1299.449040 2.971E-28 6.238E+00.07650.098 4269.68740.73-.001450        1 7 7 0        0 7 7 0                    P 18f     3555431410 5 3 3 3   315.0  333.0
 41 1299.452990 2.409E-26 9.420E-02.07410.094 2563.37780.73-.001219        1 4 2 0        0 4 2 0                    Q 23e     3655431410 5 3 3 3   423.0  423.0
 41 1299.461020 1.659E-24 1.134E+01.08330.106 2512.46500.72-.000758        2 2 2 0        1 2 2 0                    R  9f     3655431410 5 3 3 3   189.0  171.0
 41 1299.461100 1.659E-24 1.134E+01.08330.106 2512.46550.72-.000758        2 2 2 0        1 2 2 0                    R  9e     3655431410 5 3 3 3   189.0  171.0
 41 1299.461610 1.054E-28 2.697E-05.07330.092 2019.25520.74-.001004        1 3 1 0        0 3 3 0                    R 24f     3655431410 5 3 3 3   459.0  441.0
 41 1299.477960 9.740E-28 1.977E+00.07910.102 3750.28340.72-.000485        1 6 4 0        1 4 4 0                    Q 14e     3655431410 5 3 3 3   261.0  261.0
 41 1299.477960 9.740E-28 1.977E+00.07910.102 3750.28340.72-.000485        1 6 4 0        1 4 4 0                    Q 14f     3655431410 5 3 3 3   261.0  261.0
 41 1299.484600 2.963E-28 1.704E+01.07450.094 4528.72360.73-.000953        3 3 1 0        2 3 1 0                    R 21f     3555431410 5 3 3 3   405.0  387.0
 41 1299.486100 2.100E-26 8.686E-02.07360.093 2583.50690.74-.001227        1 4 2 0        0 4 2 0                    Q 24f     3655431410 5 3 3 3   441.0  441.0
 41 1299.498350 1.191E-26 6.723E+00.06730.078 3735.36790.76-.001346        1 1 1 1        0 1 1 1                    R 47e     3655431410 5 3 3 3   873.0  855.0
 41 1299.500250 7.585E-26 7.794E-02.06940.083 2389.98820.80-.001310        1 3 3 0        0 3 3 0                    Q 38f     3655431410 5 3 3 3   693.0  693.0
 41 1299.510280 7.588E-26 7.797E-02.06940.083 2389.98250.80-.001310        1 3 3 0        0 3 3 0                    Q 38e     3655431410 5 3 3 3   693.0  693.0
 41 1299.512010 1.646E-27 8.468E-02.08090.104 2963.64470.72-.001074        1 5 1 0        0 5 1 0                    Q 12f     3655431410 5 3 3 3   225.0  225.0
 41 1299.518780 1.108E-27 2.282E+00.07990.103 3738.53480.72-.000477        1 6 4 0        1 4 4 0                    Q 13e     3655431410 5 3 3 3   243.0  243.0
 41 1299.518780 1.108E-27 2.282E+00.07990.103 3738.53480.72-.000477        1 6 4 0        1 4 4 0                    Q 13f     3655431410 5 3 3 3   243.0  243.0
 41 1299.523870 5.186E-27 6.061E+00.07830.101 3636.71000.72-.001418        1 6 6 0        0 6 6 0                    P 15e     3655431410 5 3 3 3   261.0  279.0
 41 1299.523870 5.186E-27 6.061E+00.07830.101 3636.71000.72-.001418        1 6 6 0        0 6 6 0                    P 15f     3655431410 5 3 3 3   261.0  279.0
 41 1299.541660 2.769E-26 1.029E-01.07450.094 2544.02390.73-.001210        1 4 2 0        0 4 2 0                    Q 22e     3655431410 5 3 3 3   405.0  405.0
 41 1299.544400 4.113E-27 5.480E+00.08570.108 3528.02570.71-.001774        2 4 4 0        0 6 4 0                    P  8e     3655431410 5 3 3 3   135.0  153.0
 41 1299.544400 4.113E-27 5.480E+00.08570.108 3528.02570.71-.001774        2 4 4 0        0 6 4 0                    P  8f     3655431410 5 3 3 3   135.0  153.0
 41 1299.555690 9.685E-23 3.059E+00.09220.114 1180.26530.70-.000674        1 2 2 0        0 2 2 0                    R  2e     3655431410 5 3 3 3    63.0   45.0
 41 1299.555700 9.685E-23 3.059E+00.09220.114 1180.26530.70-.000674        1 2 2 0        0 2 2 0                    R  2f     3655431410 5 3 3 3    63.0   45.0
 41 1299.556680 1.263E-27 2.663E+00.08090.104 3727.62510.72-.000469        1 6 4 0        1 4 4 0                    Q 12e     3655431410 5 3 3 3   225.0  225.0
 41 1299.556680 1.263E-27 2.663E+00.08090.104 3727.62510.72-.000469        1 6 4 0        1 4 4 0                    Q 12f     3655431410 5 3 3 3   225.0  225.0
 41 1299.560210 2.418E-26 9.454E-02.07410.094 2563.32170.73-.001219        1 4 2 0        0 4 2 0                    Q 23f     3655431410 5 3 3 3   423.0  423.0
 11 1299.567284 4.887E-30 2.167E+01.06810.352 5435.41140.57-.003760          0 4 0          0 3 0  7  1  7        7  2  6      434253837294713152    15.0   15.0
 41 1299.571440 1.429E-27 4.511E+00.09220.114 3479.50540.70-.000456        0 8 2 0        0 6 2 0                    P  3e     3655431410 5 3 3 3    45.0   63.0
 41 1299.571470 1.429E-27 4.511E+00.09220.114 3479.50540.70-.000456        0 8 2 0        0 6 2 0                    P  3f     3655431410 5 3 3 3    45.0   63.0
 41 1299.576730 6.554E-25 1.682E+01.07040.086 3029.44350.81-.001151        3 0 0 0        2 0 0 0                    R 33e     3655431410 5 3 3 3   621.0  603.0
 41 1299.579630 5.153E-27 1.123E+01.08570.108 3655.05420.71-.000731        2 4 2 0        1 4 2 0                    R  7f     3655431410 5 3 3 3   153.0  135.0
 41 1299.579880 5.153E-27 1.123E+01.08570.108 3655.05480.71-.000731        2 4 2 0        1 4 2 0                    R  7e     3655431410 5 3 3 3   153.0  135.0
 41 1299.591680 1.442E-27 3.149E+00.08200.105 3717.55450.72-.000459        1 6 4 0        1 4 4 0                    Q 11e     3655431410 5 3 3 3   207.0  207.0
 41 1299.591680 1.442E-27 3.149E+00.08200.105 3717.55450.72-.000459        1 6 4 0        1 4 4 0                    Q 11f     3655431410 5 3 3 3   207.0  207.0
 41 1299.594930 7.979E-26 1.708E+01.07360.093 3395.34930.74-.000987        3 1 1 0        2 1 1 0                    R 23e     3655431410 5 3 3 3   441.0  423.0
 41 1299.610260 1.882E-27 1.002E-01.08200.105 2953.51770.72-.001053        1 5 1 0        0 5 1 0                    Q 11f     3655431410 5 3 3 3   207.0  207.0
 41 1299.618630 9.106E-26 8.226E-02.06960.084 2358.05280.80-.001305        1 3 3 0        0 3 3 0                    Q 37f     3655431410 5 3 3 3   675.0  675.0
 41 1299.623760 1.653E-27 3.780E+00.08330.106 3708.32290.72-.000449        1 6 4 0        1 4 4 0                    Q 10e     3655431410 5 3 3 3   189.0  189.0
 41 1299.623760 1.653E-27 3.780E+00.08330.106 3708.32290.72-.000449        1 6 4 0        1 4 4 0                    Q 10f     3655431410 5 3 3 3   189.0  189.0
 41 1299.625800 3.176E-26 1.129E-01.07490.095 2525.51140.73-.001201        1 4 2 0        0 4 2 0                    Q 21e     3655431410 5 3 3 3   387.0  387.0
 41 1299.627240 9.109E-26 8.229E-02.06960.084 2358.04790.80-.001305        1 3 3 0        0 3 3 0                    Q 37e     3655431410 5 3 3 3   675.0  675.0
 41 1299.631920 2.778E-26 1.033E-01.07450.094 2543.97670.73-.001210        1 4 2 0        0 4 2 0                    Q 22f     3655431410 5 3 3 3   405.0  405.0
 41 1299.643280 9.721E-24 4.935E+00.09220.114 1751.58260.70-.000674        1 3 1 0        0 3 1 0                    R  2e     3655431410 5 3 3 3    63.0   45.0
 41 1299.643360 3.941E-22 5.967E+00.08680.109 1185.76860.71-.000718        1 2 0 0        0 2 0 0                    R  6e     3655431410 5 3 3 3   135.0  117.0
 11 1299.651591 5.907E-30 5.193E-05.07660.371 2733.96290.70-.001560          0 2 0          0 1 0  7  3  5        6  6  0      534233837294713152    15.0   13.0
 41 1299.652930 1.905E-27 4.621E+00.08460.107 3699.93040.72-.000438        1 6 4 0        1 4 4 0                    Q  9e     3655431410 5 3 3 3   171.0  171.0
 41 1299.652930 1.905E-27 4.621E+00.08460.107 3699.93040.72-.000438        1 6 4 0        1 4 4 0                    Q  9f     3655431410 5 3 3 3   171.0  171.0
 41 1299.653710 9.722E-24 4.936E+00.09220.114 1751.59160.70-.000674        1 3 1 0        0 3 1 0                    R  2f     3655431410 5 3 3 3    63.0   45.0
 41 1299.679200 2.211E-27 5.778E+00.08570.108 3692.37710.71-.000426        1 6 4 0        1 4 4 0                    Q  8e     3655431410 5 3 3 3   153.0  153.0
 41 1299.679200 2.211E-27 5.778E+00.08570.108 3692.37710.71-.000426        1 6 4 0        1 4 4 0                    Q  8f     3655431410 5 3 3 3   153.0  153.0
 41 1299.692300 8.385E-21 5.983E+00.08330.106  626.49240.72-.000758        1 1 1 0        0 1 1 0                    R  9e     3655431410 5 3 3 3   189.0  171.0
 41 1299.698500 1.443E-28 2.189E+01.07190.089 4783.81840.78-.001071        4 1 1 0        3 1 1 0                    R 28f     3555431410 5 3 3 3   531.0  513.0
 41 1299.700340 2.159E-27 1.204E-01.08330.106 2944.23430.72-.001030        1 5 1 0        0 5 1 0                    Q 10f     3655431410 5 3 3 3   189.0  189.0
 41 1299.700930 9.050E-28 1.348E+01.09620.119 3467.44230.69-.000698        1 6 0 0        0 6 0 0                    P  1e     3655431410 5 3 3 3     9.0   27.0
 41 1299.701170 3.184E-26 1.132E-01.07490.095 2525.47190.73-.001201        1 4 2 0        0 4 2 0                    Q 21f     3655431410 5 3 3 3   387.0  387.0
 41 1299.702540 2.591E-27 7.431E+00.08680.109 3685.66290.71-.000413        1 6 4 0        1 4 4 0                    Q  7e     3655431410 5 3 3 3   135.0  135.0
 41 1299.702540 2.591E-27 7.431E+00.08680.109 3685.66290.71-.000413        1 6 4 0        1 4 4 0                    Q  7f     3655431410 5 3 3 3   135.0  135.0
 41 1299.705480 3.634E-26 1.244E-01.07540.096 2507.84010.73-.001190        1 4 2 0        0 4 2 0                    Q 20e     3655431410 5 3 3 3   369.0  369.0
 11 1299.707489 4.957E-27 3.137E-06.08820.391  742.07300.72-.003710          0 1 0          0 0 0  6  0  6        5  5  1      774426837260713049    13.0   11.0
 41 1299.712470 4.263E-22 1.183E+01.07250.090 1577.73140.76-.001038        2 0 0 0        1 0 0 0                    R 26e     3655431410 5 3 3 3   495.0  477.0
 41 1299.720990 8.383E-21 5.985E+00.08330.106  626.56370.72-.000758        1 1 1 0        0 1 1 0                    R  9f     3655431410 5 3 3 3   189.0  171.0
 41 1299.722970 3.082E-27 9.909E+00.08800.110 3679.78790.71-.000398        1 6 4 0        1 4 4 0                    Q  6e     3655431410 5 3 3 3   117.0  117.0
 41 1299.722970 3.082E-27 9.909E+00.08800.110 3679.78790.71-.000398        1 6 4 0        1 4 4 0                    Q  6f     3655431410 5 3 3 3   117.0  117.0
 41 1299.724970 2.298E-26 6.776E+00.06560.073 3643.74600.73-.001468        1 0 0 1        0 0 0 1                    R 58e     3645431410 5 3 3 3  1071.0 1053.0
 41 1299.733880 1.089E-25 8.695E-02.06990.084 2326.95600.81-.001301        1 3 3 0        0 3 3 0                    Q 36f     3655431410 5 3 3 3   657.0  657.0
 11 1299.735728 1.485E-27 8.324E+00.02260.235 4183.38900.120.000310          0 2 0          0 1 0 13  3 11       14  2 12      434223837294713152    27.0   29.0
 41 1299.740470 3.742E-27 1.388E+01.08920.111 3674.75220.71-.000382        1 6 4 0        1 4 4 0                    Q  5e     3655431410 5 3 3 3    99.0   99.0
 41 1299.740470 3.742E-27 1.388E+01.08920.111 3674.75220.71-.000382        1 6 4 0        1 4 4 0                    Q  5f     3655431410 5 3 3 3    99.0   99.0
 41 1299.741240 1.090E-25 8.697E-02.06990.084 2326.95180.81-.001301        1 3 3 0        0 3 3 0                    Q 36e     3655431410 5 3 3 3   657.0  657.0
 41 1299.755080 4.687E-27 2.082E+01.09060.112 3670.55570.70-.000364        1 6 4 0        1 4 4 0                    Q  4e     3655431410 5 3 3 3    81.0   81.0
 41 1299.755080 4.687E-27 2.082E+01.09060.112 3670.55570.70-.000364        1 6 4 0        1 4 4 0                    Q  4f     3655431410 5 3 3 3    81.0   81.0
 41 1299.767870 3.642E-26 1.247E-01.07540.096 2507.80750.73-.001190        1 4 2 0        0 4 2 0                    Q 20f     3655431410 5 3 3 3   369.0  369.0
 41 1299.778080 1.143E-28 3.343E-05.07250.090 2062.14130.76-.001038        1 3 1 0        0 3 3 0                    R 26e     3655431410 5 3 3 3   495.0  477.0
 41 1299.779710 1.206E-28 2.283E-03.07010.085 2972.67440.81-.001166        2 2 0 0        1 2 2 0                    R 34e     3655431410 5 3 3 3   639.0  621.0
 41 1299.780800 4.151E-26 1.377E-01.07590.097 2491.01020.73-.001179        1 4 2 0        0 4 2 0                    Q 19e     3655431410 5 3 3 3   351.0  351.0
 41 1299.782240 2.490E-27 1.473E-01.08460.107 2935.79460.72-.001005        1 5 1 0        0 5 1 0                    Q  9f     3655431410 5 3 3 3   171.0  171.0
 41 1299.783420 3.619E-27 1.709E+01.07220.090 4062.86220.77-.001054        3 2 0 0        2 2 0 0                    R 27e     3555431410 5 3 3 3   513.0  495.0
 41 1299.791880 7.958E-26 1.709E+01.07360.093 3395.94480.74-.000987        3 1 1 0        2 1 1 0                    R 23f     3655431410 5 3 3 3   441.0  423.0
 41 1299.792180 1.626E-28 4.908E+00.08920.111 4064.88810.71-.000562        0 9 3 0        0 7 3 0                    P  5f     3555431410 5 3 3 3    81.0   99.0
 41 1299.792190 1.626E-28 4.908E+00.08920.111 4064.88810.71-.000562        0 9 3 0        0 7 3 0                    P  5e     3555431410 5 3 3 3    81.0   99.0
 41 1299.793060 1.646E-28 6.756E+00.06890.082 4580.10950.79-.001240        1 3 1 1        0 3 1 1                    R 39e     3555431410 5 3 3 3   729.0  711.0
 41 1299.799730 4.076E-28 1.209E+01.08330.106 4235.57690.72-.000758        2 5 1 0        1 5 1 0                    R  9e     3555431410 5 3 3 3   189.0  171.0
 41 1299.807340 7.364E-27 1.210E+01.08090.104 3676.21650.72-.000788        2 4 0 0        1 4 0 0                    R 11e     3655431410 5 3 3 3   225.0  207.0
 41 1299.820010 5.458E-27 1.721E+01.07700.099 3879.48040.73-.000868        3 2 2 0        2 2 2 0                    R 16e     3655431410 5 3 3 3   315.0  297.0
 41 1299.821040 5.459E-27 1.721E+01.07700.099 3879.47730.73-.000868        3 2 2 0        2 2 2 0                    R 16f     3655431410 5 3 3 3   315.0  297.0
 41 1299.831930 4.159E-26 1.379E-01.07590.097 2490.98350.73-.001179        1 4 2 0        0 4 2 0                    Q 19f     3655431410 5 3 3 3   351.0  351.0
 11 1299.842390 3.305E-30 2.706E+01.04740.315 5587.21790.39-.001840          0 4 0          0 3 0  8  0  8        9  1  9      432230837294713152    17.0   19.0
 41 1299.846010 1.299E-25 9.203E-02.07010.085 2296.69800.81-.001296        1 3 3 0        0 3 3 0                    Q 35f     3655431410 5 3 3 3   639.0  639.0
 41 1299.848600 1.180E-26 6.718E+00.06730.078 3737.11460.76-.001346        1 1 1 1        0 1 1 1                    R 47f     3655431410 5 3 3 3   873.0  855.0
 41 1299.851840 4.735E-26 1.531E-01.07650.098 2475.02180.73-.001168        1 4 2 0        0 4 2 0                    Q 18e     3655431410 5 3 3 3   333.0  333.0
 41 1299.852250 1.299E-25 9.205E-02.07010.085 2296.69450.81-.001296        1 3 3 0        0 3 3 0                    Q 35e     3655431410 5 3 3 3   639.0  639.0
 41 1299.855970 2.892E-27 1.842E-01.08570.108 2928.19870.71-.000977        1 5 1 0        0 5 1 0                    Q  8f     3655431410 5 3 3 3   153.0  153.0
 41 1299.862620 4.075E-28 1.210E+01.08330.106 4235.78500.72-.000758        2 5 1 0        1 5 1 0                    R  9f     3555431410 5 3 3 3   189.0  171.0
 41 1299.870670 1.729E-27 2.785E-05.08570.108 1198.36530.71-.001223        1 2 2 0        0 2 0 0                    P  8e     3655431410 5 3 3 3   135.0  153.0
 41 1299.893290 4.741E-26 1.534E-01.07650.098 2475.00010.73-.001168        1 4 2 0        0 4 2 0                    Q 18f     3655431410 5 3 3 3   333.0  333.0
 11 1299.909372 5.203E-28 7.443E-03.06340.235 2983.39640.63-.006880          0 0 0          0 0 0 15 10  6       14  5  9      434423837260713049    31.0   29.0
 41 1299.911810 2.131E-24 1.189E+01.07700.099 2575.71470.73-.000868        2 2 0 0        1 2 0 0                    R 16e     3655431410 5 3 3 3   315.0  297.0
 41 1299.918650 5.393E-26 1.713E-01.07700.099 2459.87470.73-.001155        1 4 2 0        0 4 2 0                    Q 17e     3655431410 5 3 3 3   315.0  315.0
 41 1299.921300 1.237E-27 6.715E+00.06790.079 4187.78630.77-.001308        1 2 0 1        0 2 0 1                    R 44e     3555431410 5 3 3 3   819.0  801.0
 41 1299.921500 3.393E-27 2.371E-01.08680.109 2921.44670.71-.000946        1 5 1 0        0 5 1 0                    Q  7f     3655431410 5 3 3 3   135.0  135.0
 41 1299.942730 7.846E-28 2.146E+00.06890.082 4022.83170.790.000510        0 8 4 0        0 2 2 1                    R 39f     3555431410 5 3 3 3   729.0  711.0
 41 1299.946680 8.347E-25 4.839E+00.08680.109 2379.84130.71-.001175        1 4 4 0        0 4 4 0                    P  7e     3655431410 5 3 3 3   117.0  135.0
 41 1299.946680 8.347E-25 4.839E+00.08680.109 2379.84130.71-.001175        1 4 4 0        0 4 4 0                    P  7f     3655431410 5 3 3 3   117.0  135.0
 41 1299.951300 9.401E-28 2.101E+01.06920.083 4449.84540.79-.001225        4 0 0 0        3 0 0 0                    R 38e     3555431410 5 3 3 3   711.0  693.0
 41 1299.951870 5.399E-26 1.715E-01.07700.099 2459.85730.73-.001155        1 4 2 0        0 4 2 0                    Q 17f     3655431410 5 3 3 3   315.0  315.0
 41 1299.954990 1.544E-25 9.756E-02.07040.086 2267.27890.81-.001291        1 3 3 0        0 3 3 0                    Q 34f     3655431410 5 3 3 3   621.0  621.0
 41 1299.960280 1.544E-25 9.758E-02.07040.086 2267.27590.81-.001291        1 3 3 0        0 3 3 0                    Q 34e     3655431410 5 3 3 3   621.0  621.0
 41 1299.965960 3.448E-28 6.755E+00.07070.086 4388.80910.81-.001135        1 3 3 1        0 3 3 1                    R 32f     3555431410 5 3 3 3   603.0  585.0
 41 1299.966260 3.448E-28 6.755E+00.07070.086 4388.80700.81-.001135        1 3 3 1        0 3 3 1                    R 32e     3555431410 5 3 3 3   603.0  585.0
 41 1299.978860 4.037E-27 3.163E-01.08800.110 2915.53850.71-.000912        1 5 1 0        0 5 1 0                    Q  6f     3655431410 5 3 3 3   117.0  117.0
 41 1299.981340 6.138E-26 1.929E-01.07770.100 2445.56910.73-.001141        1 4 2 0        0 4 2 0                    Q 16e     3655431410 5 3 3 3   297.0  297.0
