# board,CSE142502
# channel,1
# input_range_mv,4000
# impedance_ohm,1000000
# sample_rate,1000000
# samples_per_reading,2000
# rate_hz,10.0
# duration_s,300.0
# start,2026-07-20T18:46:39
# value,mean_v = raw volts at DAQ input. r_v = R in volts = mean_v × 0.2 (SEN full-scale = 200 mV; ±1.0 V output = full scale).
# param:Laser.wavelength,1296.7,cm^-1
# param:Laser.power,3.1,W
# param:Laser.rep_rate,12458.8,Hz
# param:Laser.pulse_width,500,ns
# param:Lock-in.sensitivity,200 mV
# param:Lock-in.time_constant,3 s
# param:Lock-in.mod_frequency,12447.8,Hz
# param:Gas.gas_type,N2
# param:Gas.concentration,100,%
# param:Gas.adm_pressure,600,torr
# param:General.operator,burak
# param:General.notes,laser close-4
iso_time,epoch_s,elapsed_s,mean_v,std_v,min_v,max_v,n,clipped,r_v
2026-07-20T18:46:42.863,1784562402.863,0.003,1.577485e-01,3.201632e-03,1.459961e-01,1.677246e-01,2000,0,3.154971e-02
2026-07-20T18:46:42.968,1784562402.968,0.103,1.588318e-01,3.246238e-03,1.452637e-01,1.687012e-01,2000,0,3.176636e-02
2026-07-20T18:46:43.068,1784562403.068,0.203,1.597881e-01,3.251756e-03,1.459961e-01,1.726074e-01,2000,0,3.195762e-02
2026-07-20T18:46:43.168,1784562403.168,0.303,1.601842e-01,3.337032e-03,1.462402e-01,1.733398e-01,2000,0,3.203684e-02
2026-07-20T18:46:43.268,1784562403.269,0.403,1.614886e-01,3.269974e-03,1.494141e-01,1.745605e-01,2000,0,3.229773e-02
2026-07-20T18:46:43.368,1784562403.369,0.503,1.621210e-01,3.394795e-03,1.506348e-01,1.721191e-01,2000,0,3.242419e-02
2026-07-20T18:46:43.468,1784562403.469,0.603,1.624926e-01,3.382059e-03,1.516113e-01,1.755371e-01,2000,0,3.249851e-02
2026-07-20T18:46:43.569,1784562403.569,0.704,1.634780e-01,3.474626e-03,1.525879e-01,1.762695e-01,2000,0,3.269561e-02
2026-07-20T18:46:43.668,1784562403.669,0.803,1.643721e-01,3.377897e-03,1.513672e-01,1.760254e-01,2000,0,3.287441e-02
2026-07-20T18:46:43.768,1784562403.769,0.903,1.645819e-01,3.438036e-03,1.523438e-01,1.760254e-01,2000,0,3.291638e-02
2026-07-20T18:46:43.868,1784562403.869,1.003,1.656730e-01,3.489851e-03,1.538086e-01,1.755371e-01,2000,0,3.313459e-02
2026-07-20T18:46:43.968,1784562403.969,1.103,1.657437e-01,3.577831e-03,1.503906e-01,1.752930e-01,2000,0,3.314873e-02
2026-07-20T18:46:44.068,1784562404.069,1.203,1.659982e-01,3.568960e-03,1.511230e-01,1.777344e-01,2000,0,3.319963e-02
2026-07-20T18:46:44.168,1784562404.169,1.303,1.676257e-01,3.536923e-03,1.552734e-01,1.779785e-01,2000,0,3.352515e-02
2026-07-20T18:46:44.268,1784562404.269,1.403,1.679841e-01,3.475246e-03,1.560059e-01,1.782227e-01,2000,0,3.359683e-02
2026-07-20T18:46:44.368,1784562404.369,1.503,1.683451e-01,3.568316e-03,1.567383e-01,1.799316e-01,2000,0,3.366902e-02
2026-07-20T18:46:44.468,1784562404.469,1.603,1.681832e-01,3.551527e-03,1.555176e-01,1.794434e-01,2000,0,3.363665e-02
2026-07-20T18:46:44.568,1784562404.569,1.703,1.697969e-01,3.379429e-03,1.589355e-01,1.804199e-01,2000,0,3.395938e-02
2026-07-20T18:46:44.670,1784562404.670,1.803,1.703851e-01,3.553207e-03,1.584473e-01,1.813965e-01,2000,0,3.407703e-02
2026-07-20T18:46:44.768,1784562404.768,1.903,1.708248e-01,3.391988e-03,1.596680e-01,1.813965e-01,2000,0,3.416497e-02
2026-07-20T18:46:44.868,1784562404.869,2.003,1.714170e-01,3.315836e-03,1.596680e-01,1.855469e-01,2000,0,3.428340e-02
2026-07-20T18:46:44.970,1784562404.970,2.103,1.717654e-01,3.260044e-03,1.594238e-01,1.843262e-01,2000,0,3.435308e-02
2026-07-20T18:46:45.068,1784562405.068,2.203,1.725718e-01,3.355541e-03,1.616211e-01,1.838379e-01,2000,0,3.451436e-02
2026-07-20T18:46:45.168,1784562405.169,2.303,1.724025e-01,3.254842e-03,1.601562e-01,1.816406e-01,2000,0,3.448049e-02
2026-07-20T18:46:45.268,1784562405.269,2.403,1.729641e-01,3.322641e-03,1.613770e-01,1.838379e-01,2000,0,3.459282e-02
2026-07-20T18:46:45.368,1784562405.368,2.503,1.732822e-01,3.286556e-03,1.630859e-01,1.857910e-01,2000,0,3.465645e-02
2026-07-20T18:46:45.468,1784562405.469,2.603,1.732501e-01,3.387995e-03,1.628418e-01,1.835938e-01,2000,0,3.465002e-02
2026-07-20T18:46:45.570,1784562405.571,2.703,1.739414e-01,3.322122e-03,1.623535e-01,1.840820e-01,2000,0,3.478828e-02
2026-07-20T18:46:45.668,1784562405.669,2.803,1.739808e-01,3.314502e-03,1.623535e-01,1.848145e-01,2000,0,3.479617e-02
2026-07-20T18:46:45.768,1784562405.769,2.903,1.736713e-01,3.267963e-03,1.628418e-01,1.833496e-01,2000,0,3.473425e-02
2026-07-20T18:46:45.868,1784562405.869,3.003,1.735428e-01,3.324592e-03,1.628418e-01,1.855469e-01,2000,0,3.470857e-02
2026-07-20T18:46:45.970,1784562405.971,3.103,1.738339e-01,3.346160e-03,1.621094e-01,1.855469e-01,2000,0,3.476677e-02
2026-07-20T18:46:46.068,1784562406.068,3.203,1.739113e-01,3.384837e-03,1.621094e-01,1.853027e-01,2000,0,3.478225e-02
2026-07-20T18:46:46.168,1784562406.169,3.303,1.743733e-01,3.333550e-03,1.608887e-01,1.850586e-01,2000,0,3.487466e-02
2026-07-20T18:46:46.268,1784562406.268,3.403,1.747390e-01,3.395711e-03,1.616211e-01,1.872559e-01,2000,0,3.494780e-02
2026-07-20T18:46:46.368,1784562406.368,3.503,1.741733e-01,3.313534e-03,1.643066e-01,1.848145e-01,2000,0,3.483467e-02
2026-07-20T18:46:46.468,1784562406.469,3.603,1.743505e-01,3.515066e-03,1.638184e-01,1.850586e-01,2000,0,3.487009e-02
2026-07-20T18:46:46.568,1784562406.568,3.703,1.746948e-01,3.435732e-03,1.638184e-01,1.921387e-01,2000,0,3.493896e-02
2026-07-20T18:46:46.668,1784562406.669,3.803,1.744440e-01,3.528297e-03,1.621094e-01,1.855469e-01,2000,0,3.488879e-02
2026-07-20T18:46:46.768,1784562406.769,3.903,1.748419e-01,3.533966e-03,1.625977e-01,1.848145e-01,2000,0,3.496838e-02
2026-07-20T18:46:46.868,1784562406.868,4.003,1.745818e-01,3.466397e-03,1.633301e-01,1.865234e-01,2000,0,3.491636e-02
2026-07-20T18:46:46.968,1784562406.969,4.103,1.748234e-01,3.695806e-03,1.616211e-01,1.867676e-01,2000,0,3.496467e-02
2026-07-20T18:46:47.068,1784562407.068,4.203,1.750276e-01,3.381188e-03,1.638184e-01,1.867676e-01,2000,0,3.500552e-02
2026-07-20T18:46:47.168,1784562407.169,4.303,1.755642e-01,3.481977e-03,1.635742e-01,1.857910e-01,2000,0,3.511284e-02
2026-07-20T18:46:47.268,1784562407.269,4.403,1.753008e-01,3.575264e-03,1.611328e-01,1.862793e-01,2000,0,3.506016e-02
2026-07-20T18:46:47.368,1784562407.369,4.503,1.756382e-01,3.603921e-03,1.628418e-01,1.892090e-01,2000,0,3.512764e-02
2026-07-20T18:46:47.468,1784562407.468,4.603,1.757572e-01,3.307730e-03,1.635742e-01,1.865234e-01,2000,0,3.515144e-02
2026-07-20T18:46:47.568,1784562407.569,4.703,1.759338e-01,3.577626e-03,1.640625e-01,1.877441e-01,2000,0,3.518677e-02
2026-07-20T18:46:47.668,1784562407.669,4.803,1.763475e-01,3.628865e-03,1.625977e-01,1.877441e-01,2000,0,3.526951e-02
2026-07-20T18:46:47.768,1784562407.769,4.903,1.768287e-01,3.715730e-03,1.640625e-01,1.879883e-01,2000,0,3.536575e-02
2026-07-20T18:46:47.868,1784562407.869,5.003,1.766378e-01,3.833932e-03,1.640625e-01,1.884766e-01,2000,0,3.532756e-02
2026-07-20T18:46:47.968,1784562407.969,5.103,1.769021e-01,3.647666e-03,1.638184e-01,1.906738e-01,2000,0,3.538042e-02
2026-07-20T18:46:48.068,1784562408.069,5.203,1.774894e-01,3.568786e-03,1.655273e-01,1.882324e-01,2000,0,3.549788e-02
2026-07-20T18:46:48.168,1784562408.169,5.303,1.772815e-01,3.658657e-03,1.643066e-01,1.894531e-01,2000,0,3.545630e-02
2026-07-20T18:46:48.268,1784562408.269,5.403,1.777993e-01,3.826208e-03,1.643066e-01,1.896973e-01,2000,0,3.555986e-02
2026-07-20T18:46:48.368,1784562408.368,5.503,1.781339e-01,3.570605e-03,1.667480e-01,1.921387e-01,2000,0,3.562678e-02
2026-07-20T18:46:48.468,1784562408.469,5.603,1.778674e-01,3.763077e-03,1.647949e-01,1.904297e-01,2000,0,3.557349e-02
2026-07-20T18:46:48.568,1784562408.569,5.703,1.779928e-01,3.726510e-03,1.652832e-01,1.901855e-01,2000,0,3.559856e-02
2026-07-20T18:46:48.668,1784562408.668,5.803,1.780782e-01,3.563856e-03,1.655273e-01,1.894531e-01,2000,0,3.561565e-02
2026-07-20T18:46:48.768,1784562408.769,5.903,1.777465e-01,3.819128e-03,1.655273e-01,1.987305e-01,2000,0,3.554929e-02
2026-07-20T18:46:48.868,1784562408.869,6.003,1.769142e-01,3.517424e-03,1.645508e-01,1.877441e-01,2000,0,3.538284e-02
2026-07-20T18:46:48.968,1784562408.969,6.103,1.771067e-01,3.725861e-03,1.645508e-01,1.894531e-01,2000,0,3.542134e-02
2026-07-20T18:46:49.068,1784562409.068,6.203,1.761770e-01,3.452742e-03,1.628418e-01,1.879883e-01,2000,0,3.523540e-02
2026-07-20T18:46:49.168,1784562409.169,6.303,1.759320e-01,3.875967e-03,1.645508e-01,1.877441e-01,2000,0,3.518640e-02
2026-07-20T18:46:49.268,1784562409.269,6.403,1.750463e-01,3.548300e-03,1.611328e-01,1.867676e-01,2000,0,3.500925e-02
2026-07-20T18:46:49.368,1784562409.369,6.503,1.738990e-01,3.775026e-03,1.618652e-01,1.862793e-01,2000,0,3.477981e-02
2026-07-20T18:46:49.468,1784562409.469,6.603,1.730521e-01,3.772282e-03,1.616211e-01,1.867676e-01,2000,0,3.461042e-02
2026-07-20T18:46:49.568,1784562409.569,6.703,1.718170e-01,3.657159e-03,1.591797e-01,1.838379e-01,2000,0,3.436340e-02
2026-07-20T18:46:49.668,1784562409.669,6.803,1.699515e-01,3.921325e-03,1.474609e-01,1.848145e-01,2000,0,3.399031e-02
2026-07-20T18:46:49.768,1784562409.769,6.903,1.685770e-01,3.707554e-03,1.569824e-01,1.826172e-01,2000,0,3.371541e-02
2026-07-20T18:46:49.868,1784562409.869,7.003,1.671902e-01,3.758690e-03,1.550293e-01,1.782227e-01,2000,0,3.343804e-02
2026-07-20T18:46:49.970,1784562409.971,7.103,1.656919e-01,3.990073e-03,1.511230e-01,1.784668e-01,2000,0,3.313838e-02
2026-07-20T18:46:50.068,1784562410.069,7.203,1.637859e-01,3.810833e-03,1.518555e-01,1.755371e-01,2000,0,3.275718e-02
2026-07-20T18:46:50.168,1784562410.169,7.303,1.617009e-01,4.014143e-03,1.499023e-01,1.823730e-01,2000,0,3.234019e-02
2026-07-20T18:46:50.268,1784562410.269,7.403,1.597560e-01,3.817969e-03,1.462402e-01,1.723633e-01,2000,0,3.195120e-02
2026-07-20T18:46:50.370,1784562410.370,7.503,1.583763e-01,3.779689e-03,1.464844e-01,1.716309e-01,2000,0,3.167527e-02
2026-07-20T18:46:50.468,1784562410.469,7.603,1.560973e-01,3.855755e-03,1.445312e-01,1.713867e-01,2000,0,3.121946e-02
2026-07-20T18:46:50.568,1784562410.569,7.703,1.539940e-01,3.732667e-03,1.406250e-01,1.652832e-01,2000,0,3.079880e-02
2026-07-20T18:46:50.668,1784562410.669,7.803,1.519526e-01,3.635192e-03,1.384277e-01,1.662598e-01,2000,0,3.039053e-02
2026-07-20T18:46:50.768,1784562410.769,7.903,1.498585e-01,3.760053e-03,1.372070e-01,1.633301e-01,2000,0,2.997170e-02
2026-07-20T18:46:50.868,1784562410.869,8.003,1.479290e-01,3.597660e-03,1.350098e-01,1.616211e-01,2000,0,2.958579e-02
2026-07-20T18:46:50.968,1784562410.969,8.103,1.449406e-01,3.433383e-03,1.345215e-01,1.560059e-01,2000,0,2.898811e-02
2026-07-20T18:46:51.068,1784562411.069,8.203,1.434810e-01,3.447260e-03,1.303711e-01,1.555176e-01,2000,0,2.869619e-02
2026-07-20T18:46:51.168,1784562411.169,8.303,1.411191e-01,3.554979e-03,1.279297e-01,1.533203e-01,2000,0,2.822383e-02
2026-07-20T18:46:51.268,1784562411.269,8.403,1.383684e-01,3.325146e-03,1.271973e-01,1.494141e-01,2000,0,2.767368e-02
2026-07-20T18:46:51.368,1784562411.369,8.503,1.365415e-01,3.188339e-03,1.259766e-01,1.459961e-01,2000,0,2.730830e-02
2026-07-20T18:46:51.468,1784562411.469,8.603,1.341246e-01,3.121586e-03,1.250000e-01,1.457520e-01,2000,0,2.682493e-02
2026-07-20T18:46:51.568,1784562411.569,8.703,1.318213e-01,3.048537e-03,1.230469e-01,1.413574e-01,2000,0,2.636426e-02
2026-07-20T18:46:51.668,1784562411.669,8.803,1.295507e-01,2.807209e-03,1.181641e-01,1.401367e-01,2000,0,2.591013e-02
2026-07-20T18:46:51.768,1784562411.769,8.903,1.274109e-01,3.036342e-03,1.162109e-01,1.379395e-01,2000,0,2.548218e-02
2026-07-20T18:46:51.868,1784562411.869,9.003,1.245326e-01,2.711096e-03,1.142578e-01,1.340332e-01,2000,0,2.490652e-02
2026-07-20T18:46:51.968,1784562411.969,9.103,1.229366e-01,2.716493e-03,1.145020e-01,1.311035e-01,2000,0,2.458733e-02
2026-07-20T18:46:52.068,1784562412.069,9.203,1.204108e-01,2.649308e-03,1.123047e-01,1.286621e-01,2000,0,2.408215e-02
2026-07-20T18:46:52.168,1784562412.169,9.303,1.172473e-01,2.438560e-03,1.074219e-01,1.257324e-01,2000,0,2.344946e-02
2026-07-20T18:46:52.268,1784562412.269,9.403,1.153971e-01,2.500640e-03,1.066895e-01,1.237793e-01,2000,0,2.307942e-02
2026-07-20T18:46:52.368,1784562412.369,9.503,1.129904e-01,2.364459e-03,9.790039e-02,1.213379e-01,2000,0,2.259807e-02
2026-07-20T18:46:52.470,1784562412.471,9.603,1.103167e-01,2.410888e-03,1.008301e-01,1.186523e-01,2000,0,2.206333e-02
2026-07-20T18:46:52.570,1784562412.571,9.703,1.086641e-01,2.466258e-03,9.912109e-02,1.193848e-01,2000,0,2.173281e-02
2026-07-20T18:46:52.668,1784562412.669,9.803,1.066206e-01,2.637334e-03,9.741211e-02,1.152344e-01,2000,0,2.132412e-02
2026-07-20T18:46:52.768,1784562412.769,9.903,1.042596e-01,2.646706e-03,9.375000e-02,1.157227e-01,2000,0,2.085193e-02
2026-07-20T18:46:52.868,1784562412.869,10.003,1.021060e-01,2.665407e-03,9.179688e-02,1.120605e-01,2000,0,2.042119e-02
2026-07-20T18:46:52.970,1784562412.970,10.103,1.001290e-01,2.557960e-03,9.228516e-02,1.079102e-01,2000,0,2.002581e-02
2026-07-20T18:46:53.068,1784562413.069,10.203,9.796216e-02,2.567751e-03,8.740234e-02,1.062012e-01,2000,0,1.959243e-02
2026-07-20T18:46:53.168,1784562413.168,10.303,9.597412e-02,2.765478e-03,8.618164e-02,1.044922e-01,2000,0,1.919482e-02
2026-07-20T18:46:53.268,1784562413.268,10.403,9.437878e-02,2.688556e-03,8.422852e-02,1.101074e-01,2000,0,1.887576e-02
2026-07-20T18:46:53.368,1784562413.369,10.503,9.195532e-02,2.790259e-03,7.983398e-02,1.018066e-01,2000,0,1.839106e-02
2026-07-20T18:46:53.468,1784562413.468,10.603,9.002148e-02,3.112903e-03,7.250977e-02,9.960938e-02,2000,0,1.800430e-02
2026-07-20T18:46:53.568,1784562413.568,10.703,8.884277e-02,3.162427e-03,7.958984e-02,9.838867e-02,2000,0,1.776855e-02
2026-07-20T18:46:53.668,1784562413.669,10.803,8.676746e-02,3.282815e-03,7.641602e-02,1.025391e-01,2000,0,1.735349e-02
2026-07-20T18:46:53.768,1784562413.769,10.903,8.403674e-02,3.200715e-03,7.128906e-02,9.301758e-02,2000,0,1.680735e-02
2026-07-20T18:46:53.868,1784562413.869,11.003,8.306287e-02,3.205183e-03,6.958008e-02,9.179688e-02,2000,0,1.661257e-02
2026-07-20T18:46:53.968,1784562413.969,11.103,8.120764e-02,3.201130e-03,6.616211e-02,9.057617e-02,2000,0,1.624153e-02
2026-07-20T18:46:54.068,1784562414.069,11.203,7.948145e-02,3.200849e-03,6.933594e-02,8.911133e-02,2000,0,1.589629e-02
2026-07-20T18:46:54.168,1784562414.168,11.303,7.812939e-02,3.334702e-03,6.542969e-02,8.984375e-02,2000,0,1.562588e-02
2026-07-20T18:46:54.270,1784562414.270,11.403,7.604285e-02,3.382596e-03,6.494141e-02,9.106445e-02,2000,0,1.520857e-02
2026-07-20T18:46:54.368,1784562414.369,11.503,7.409326e-02,3.413273e-03,6.176758e-02,9.228516e-02,2000,0,1.481865e-02
2026-07-20T18:46:54.468,1784562414.469,11.603,7.334460e-02,3.332511e-03,6.030273e-02,8.300781e-02,2000,0,1.466892e-02
2026-07-20T18:46:54.570,1784562414.570,11.703,7.145496e-02,3.554614e-03,5.322266e-02,8.251953e-02,2000,0,1.429099e-02
2026-07-20T18:46:54.668,1784562414.669,11.803,6.986963e-02,3.595491e-03,5.932617e-02,7.983398e-02,2000,0,1.397393e-02
2026-07-20T18:46:54.768,1784562414.769,11.903,6.792578e-02,3.301056e-03,5.566406e-02,7.934570e-02,2000,0,1.358516e-02
2026-07-20T18:46:54.870,1784562414.871,12.003,6.694458e-02,3.507953e-03,5.590820e-02,7.714844e-02,2000,0,1.338892e-02
2026-07-20T18:46:54.968,1784562414.969,12.103,6.521118e-02,3.363448e-03,5.468750e-02,7.592773e-02,2000,0,1.304224e-02
2026-07-20T18:46:55.068,1784562415.069,12.203,6.331714e-02,3.112593e-03,5.371094e-02,7.397461e-02,2000,0,1.266343e-02
2026-07-20T18:46:55.170,1784562415.171,12.303,6.230725e-02,3.131775e-03,5.151367e-02,7.299805e-02,2000,0,1.246145e-02
2026-07-20T18:46:55.268,1784562415.269,12.403,6.091370e-02,3.174363e-03,5.029297e-02,7.202148e-02,2000,0,1.218274e-02
2026-07-20T18:46:55.368,1784562415.368,12.503,5.870032e-02,3.536661e-03,4.736328e-02,6.860352e-02,2000,0,1.174006e-02
2026-07-20T18:46:55.468,1784562415.469,12.603,5.766382e-02,3.095627e-03,4.760742e-02,7.202148e-02,2000,0,1.153276e-02
2026-07-20T18:46:55.570,1784562415.571,12.703,5.641748e-02,3.286813e-03,4.687500e-02,6.762695e-02,2000,0,1.128350e-02
2026-07-20T18:46:55.670,1784562415.671,12.803,5.472449e-02,3.294013e-03,4.492188e-02,6.445312e-02,2000,0,1.094490e-02
2026-07-20T18:46:55.768,1784562415.769,12.903,5.353149e-02,3.422898e-03,4.150391e-02,6.494141e-02,2000,0,1.070630e-02
2026-07-20T18:46:55.870,1784562415.870,13.003,5.164111e-02,3.210449e-03,4.125977e-02,6.225586e-02,2000,0,1.032822e-02
2026-07-20T18:46:55.968,1784562415.968,13.103,5.010205e-02,3.302930e-03,3.881836e-02,6.835938e-02,2000,0,1.002041e-02
2026-07-20T18:46:56.068,1784562416.068,13.203,4.921436e-02,3.127843e-03,3.710938e-02,5.957031e-02,2000,0,9.842871e-03
2026-07-20T18:46:56.168,1784562416.168,13.303,4.800122e-02,3.256128e-03,3.808594e-02,6.054688e-02,2000,0,9.600244e-03
2026-07-20T18:46:56.270,1784562416.271,13.403,4.654321e-02,3.052501e-03,3.662109e-02,5.786133e-02,2000,0,9.308643e-03
2026-07-20T18:46:56.370,1784562416.371,13.503,4.545850e-02,2.966884e-03,3.271484e-02,5.517578e-02,2000,0,9.091699e-03
2026-07-20T18:46:56.468,1784562416.469,13.603,4.403491e-02,3.143801e-03,3.344727e-02,5.444336e-02,2000,0,8.806982e-03
2026-07-20T18:46:56.568,1784562416.568,13.703,4.216846e-02,3.264186e-03,3.125000e-02,5.371094e-02,2000,0,8.433691e-03
2026-07-20T18:46:56.668,1784562416.669,13.803,4.174402e-02,3.072762e-03,3.125000e-02,5.224609e-02,2000,0,8.348804e-03
2026-07-20T18:46:56.768,1784562416.769,13.903,4.050964e-02,2.900564e-03,2.783203e-02,5.273438e-02,2000,0,8.101929e-03
2026-07-20T18:46:56.868,1784562416.868,14.003,3.843152e-02,3.200477e-03,2.709961e-02,4.809570e-02,2000,0,7.686304e-03
2026-07-20T18:46:56.968,1784562416.969,14.103,3.782922e-02,2.895531e-03,2.758789e-02,4.809570e-02,2000,0,7.565845e-03
2026-07-20T18:46:57.068,1784562417.069,14.203,3.697961e-02,3.038193e-03,2.636719e-02,4.931641e-02,2000,0,7.395923e-03
2026-07-20T18:46:57.170,1784562417.171,14.303,3.528210e-02,3.000177e-03,2.539062e-02,4.492188e-02,2000,0,7.056421e-03
2026-07-20T18:46:57.268,1784562417.268,14.403,3.465637e-02,3.084504e-03,2.148438e-02,4.418945e-02,2000,0,6.931274e-03
2026-07-20T18:46:57.368,1784562417.369,14.503,3.372363e-02,3.104933e-03,1.928711e-02,4.687500e-02,2000,0,6.744727e-03
2026-07-20T18:46:57.468,1784562417.469,14.603,3.251489e-02,2.991836e-03,2.148438e-02,4.443359e-02,2000,0,6.502979e-03
2026-07-20T18:46:57.568,1784562417.569,14.703,3.176257e-02,3.006843e-03,2.075195e-02,4.223633e-02,2000,0,6.352515e-03
2026-07-20T18:46:57.668,1784562417.669,14.803,3.085645e-02,3.109497e-03,2.099609e-02,4.125977e-02,2000,0,6.171289e-03
2026-07-20T18:46:57.768,1784562417.768,14.903,2.963171e-02,3.260987e-03,1.733398e-02,3.955078e-02,2000,0,5.926343e-03
2026-07-20T18:46:57.868,1784562417.869,15.003,2.903040e-02,3.247035e-03,1.879883e-02,4.077148e-02,2000,0,5.806079e-03
2026-07-20T18:46:57.970,1784562417.971,15.103,2.835242e-02,3.143600e-03,1.831055e-02,3.759766e-02,2000,0,5.670483e-03
2026-07-20T18:46:58.070,1784562418.071,15.203,2.614771e-02,3.183642e-03,1.342773e-02,3.662109e-02,2000,0,5.229541e-03
2026-07-20T18:46:58.168,1784562418.168,15.303,2.623999e-02,3.243696e-03,1.464844e-02,3.564453e-02,2000,0,5.247998e-03
2026-07-20T18:46:58.268,1784562418.269,15.403,2.562317e-02,3.263944e-03,1.293945e-02,3.540039e-02,2000,0,5.124634e-03
2026-07-20T18:46:58.368,1784562418.368,15.503,2.390564e-02,3.228151e-03,1.440430e-02,3.417969e-02,2000,0,4.781128e-03
2026-07-20T18:46:58.470,1784562418.471,15.603,2.346143e-02,3.316239e-03,1.245117e-02,3.442383e-02,2000,0,4.692285e-03
2026-07-20T18:46:58.568,1784562418.569,15.703,2.264331e-02,3.357302e-03,9.033203e-03,3.271484e-02,2000,0,4.528662e-03
2026-07-20T18:46:58.670,1784562418.670,15.803,2.202917e-02,3.279072e-03,1.123047e-02,3.344727e-02,2000,0,4.405835e-03
2026-07-20T18:46:58.770,1784562418.771,15.903,2.060913e-02,3.274842e-03,1.000977e-02,3.271484e-02,2000,0,4.121826e-03
2026-07-20T18:46:58.868,1784562418.868,16.003,1.999890e-02,3.366905e-03,6.835938e-03,3.393555e-02,2000,0,3.999780e-03
2026-07-20T18:46:58.968,1784562418.968,16.103,1.939795e-02,3.265730e-03,8.300781e-03,3.662109e-02,2000,0,3.879590e-03
2026-07-20T18:46:59.068,1784562419.068,16.203,1.891077e-02,3.201384e-03,7.568359e-03,2.905273e-02,2000,0,3.782153e-03
2026-07-20T18:46:59.168,1784562419.169,16.303,1.806787e-02,3.205864e-03,8.056641e-03,2.734375e-02,2000,0,3.613574e-03
2026-07-20T18:46:59.268,1784562419.269,16.403,1.730054e-02,3.259979e-03,2.197266e-03,2.709961e-02,2000,0,3.460107e-03
2026-07-20T18:46:59.368,1784562419.369,16.503,1.680103e-02,3.515841e-03,5.859375e-03,2.783203e-02,2000,0,3.360205e-03
2026-07-20T18:46:59.468,1784562419.469,16.603,1.627856e-02,3.522880e-03,3.906250e-03,2.709961e-02,2000,0,3.255713e-03
2026-07-20T18:46:59.570,1784562419.570,16.703,1.510681e-02,3.336854e-03,3.662109e-03,2.832031e-02,2000,0,3.021362e-03
2026-07-20T18:46:59.668,1784562419.668,16.803,1.504175e-02,3.448392e-03,2.441406e-04,2.539062e-02,2000,0,3.008350e-03
2026-07-20T18:46:59.770,1784562419.771,16.903,1.437280e-02,3.477289e-03,-4.882812e-04,2.587891e-02,2000,0,2.874561e-03
2026-07-20T18:46:59.868,1784562419.869,17.003,1.353442e-02,3.568732e-03,2.685547e-03,2.587891e-02,2000,0,2.706885e-03
2026-07-20T18:46:59.968,1784562419.969,17.103,1.349170e-02,3.535215e-03,1.220703e-03,2.612305e-02,2000,0,2.698340e-03
2026-07-20T18:47:00.068,1784562420.069,17.203,1.255725e-02,3.609772e-03,1.708984e-03,2.587891e-02,2000,0,2.511450e-03
2026-07-20T18:47:00.170,1784562420.171,17.303,1.243079e-02,3.542122e-03,1.220703e-03,2.270508e-02,2000,0,2.486157e-03
2026-07-20T18:47:00.268,1784562420.269,17.403,1.194910e-02,3.609810e-03,7.324219e-04,2.343750e-02,2000,0,2.389819e-03
2026-07-20T18:47:00.368,1784562420.369,17.503,1.107410e-02,3.540765e-03,-1.220703e-03,2.294922e-02,2000,0,2.214819e-03
2026-07-20T18:47:00.468,1784562420.469,17.603,1.064197e-02,3.692404e-03,0.000000e+00,2.197266e-02,2000,0,2.128394e-03
2026-07-20T18:47:00.570,1784562420.571,17.703,1.010486e-02,3.516030e-03,-1.708984e-03,2.075195e-02,2000,0,2.020972e-03
2026-07-20T18:47:00.668,1784562420.668,17.803,9.798706e-03,3.760433e-03,-1.220703e-03,2.319336e-02,2000,0,1.959741e-03
2026-07-20T18:47:00.768,1784562420.768,17.903,9.225464e-03,3.504403e-03,-2.441406e-04,2.294922e-02,2000,0,1.845093e-03
2026-07-20T18:47:00.868,1784562420.868,18.003,9.250244e-03,3.584311e-03,-9.765625e-04,2.343750e-02,2000,0,1.850049e-03
2026-07-20T18:47:00.968,1784562420.968,18.103,8.573120e-03,3.479917e-03,-2.441406e-03,2.050781e-02,2000,0,1.714624e-03
2026-07-20T18:47:01.068,1784562421.069,18.203,8.209717e-03,3.364785e-03,-3.662109e-03,1.928711e-02,2000,0,1.641943e-03
2026-07-20T18:47:01.168,1784562421.169,18.303,7.421753e-03,3.322340e-03,-3.662109e-03,2.099609e-02,2000,0,1.484351e-03
2026-07-20T18:47:01.268,1784562421.268,18.403,7.105713e-03,3.317277e-03,-4.150391e-03,1.782227e-02,2000,0,1.421143e-03
2026-07-20T18:47:01.368,1784562421.369,18.503,6.458862e-03,3.314977e-03,-4.150391e-03,1.708984e-02,2000,0,1.291772e-03
2026-07-20T18:47:01.470,1784562421.471,18.603,6.334961e-03,3.347526e-03,-5.371094e-03,1.635742e-02,2000,0,1.266992e-03
2026-07-20T18:47:01.570,1784562421.571,18.703,6.035034e-03,3.150803e-03,-3.906250e-03,1.733398e-02,2000,0,1.207007e-03
2026-07-20T18:47:01.668,1784562421.668,18.803,5.596558e-03,3.329219e-03,-1.245117e-02,1.586914e-02,2000,0,1.119312e-03
2026-07-20T18:47:01.770,1784562421.770,18.903,5.645996e-03,3.237558e-03,-5.615234e-03,1.660156e-02,2000,0,1.129199e-03
2026-07-20T18:47:01.868,1784562421.869,19.003,5.080688e-03,3.173402e-03,-4.638672e-03,1.489258e-02,2000,0,1.016138e-03
2026-07-20T18:47:01.970,1784562421.971,19.103,4.693237e-03,3.185493e-03,-5.371094e-03,1.660156e-02,2000,0,9.386475e-04
2026-07-20T18:47:02.068,1784562422.068,19.203,4.097534e-03,3.161038e-03,-8.300781e-03,1.538086e-02,2000,0,8.195068e-04
2026-07-20T18:47:02.168,1784562422.168,19.303,4.430176e-03,3.274514e-03,-6.103516e-03,1.489258e-02,2000,0,8.860352e-04
2026-07-20T18:47:02.268,1784562422.269,19.403,3.654175e-03,3.245707e-03,-1.123047e-02,1.318359e-02,2000,0,7.308350e-04
2026-07-20T18:47:02.368,1784562422.368,19.503,3.686646e-03,3.221171e-03,-6.835938e-03,1.416016e-02,2000,0,7.373291e-04
2026-07-20T18:47:02.468,1784562422.469,19.603,3.598511e-03,3.340542e-03,-6.591797e-03,1.391602e-02,2000,0,7.197021e-04
2026-07-20T18:47:02.568,1784562422.569,19.703,2.566528e-03,3.351730e-03,-1.098633e-02,1.904297e-02,2000,0,5.133057e-04
2026-07-20T18:47:02.668,1784562422.668,19.803,2.694580e-03,3.380062e-03,-9.521484e-03,1.342773e-02,2000,0,5.389160e-04
2026-07-20T18:47:02.770,1784562422.770,19.903,2.200073e-03,3.372680e-03,-1.416016e-02,1.611328e-02,2000,0,4.400146e-04
2026-07-20T18:47:02.870,1784562422.871,20.003,1.861572e-03,3.308753e-03,-8.056641e-03,1.318359e-02,2000,0,3.723145e-04
2026-07-20T18:47:02.970,1784562422.970,20.103,2.298462e-03,3.313346e-03,-1.000977e-02,1.562500e-02,2000,0,4.596924e-04
2026-07-20T18:47:03.070,1784562423.070,20.203,1.307861e-03,3.330981e-03,-1.171875e-02,1.171875e-02,2000,0,2.615723e-04
2026-07-20T18:47:03.170,1784562423.170,20.303,8.039551e-04,3.405382e-03,-1.269531e-02,1.171875e-02,2000,0,1.607910e-04
2026-07-20T18:47:03.270,1784562423.270,20.403,8.548584e-04,3.213460e-03,-1.025391e-02,1.025391e-02,2000,0,1.709717e-04
2026-07-20T18:47:03.370,1784562423.371,20.503,2.646484e-04,3.195025e-03,-1.171875e-02,9.521484e-03,2000,0,5.292969e-05
2026-07-20T18:47:03.470,1784562423.471,20.603,1.367188e-04,3.235664e-03,-1.196289e-02,8.300781e-03,2000,0,2.734375e-05
2026-07-20T18:47:03.570,1784562423.571,20.703,9.521484e-06,3.163138e-03,-1.123047e-02,1.098633e-02,2000,0,1.904297e-06
2026-07-20T18:47:03.670,1784562423.670,20.803,-3.311768e-04,3.248845e-03,-1.293945e-02,1.000977e-02,2000,0,-6.623535e-05
2026-07-20T18:47:03.770,1784562423.771,20.903,-4.788818e-04,2.999057e-03,-1.196289e-02,1.147461e-02,2000,0,-9.577637e-05
2026-07-20T18:47:03.870,1784562423.871,21.003,-2.510986e-04,2.990505e-03,-1.074219e-02,1.025391e-02,2000,0,-5.021973e-05
2026-07-20T18:47:03.970,1784562423.971,21.103,-7.490234e-04,3.001643e-03,-1.440430e-02,9.521484e-03,2000,0,-1.498047e-04
2026-07-20T18:47:04.070,1784562424.071,21.203,-7.338867e-04,2.995795e-03,-1.367188e-02,9.033203e-03,2000,0,-1.467773e-04
2026-07-20T18:47:04.170,1784562424.171,21.303,-1.134521e-03,3.072502e-03,-1.123047e-02,8.300781e-03,2000,0,-2.269043e-04
2026-07-20T18:47:04.270,1784562424.271,21.403,-8.858643e-04,3.014118e-03,-1.757812e-02,1.025391e-02,2000,0,-1.771729e-04
2026-07-20T18:47:04.370,1784562424.371,21.503,-1.155518e-03,2.892749e-03,-1.147461e-02,9.765625e-03,2000,0,-2.311035e-04
2026-07-20T18:47:04.470,1784562424.471,21.603,-1.509521e-03,2.966279e-03,-1.098633e-02,1.098633e-02,2000,0,-3.019043e-04
2026-07-20T18:47:04.570,1784562424.570,21.703,-1.914307e-03,2.896662e-03,-1.147461e-02,7.812500e-03,2000,0,-3.828613e-04
2026-07-20T18:47:04.670,1784562424.671,21.803,-1.856567e-03,3.037085e-03,-1.220703e-02,9.277344e-03,2000,0,-3.713135e-04
2026-07-20T18:47:04.770,1784562424.771,21.903,-1.956543e-03,3.065932e-03,-1.123047e-02,7.812500e-03,2000,0,-3.913086e-04
2026-07-20T18:47:04.870,1784562424.870,22.003,-2.271484e-03,2.971188e-03,-1.318359e-02,7.812500e-03,2000,0,-4.542969e-04
2026-07-20T18:47:04.970,1784562424.970,22.103,-2.660767e-03,2.938820e-03,-1.196289e-02,1.269531e-02,2000,0,-5.321533e-04
2026-07-20T18:47:05.070,1784562425.071,22.203,-2.875000e-03,3.005557e-03,-1.342773e-02,8.544922e-03,2000,0,-5.750000e-04
2026-07-20T18:47:05.170,1784562425.171,22.303,-2.935425e-03,3.038123e-03,-2.490234e-02,8.300781e-03,2000,0,-5.870850e-04
2026-07-20T18:47:05.268,1784562425.269,22.403,-3.208862e-03,3.151428e-03,-2.270508e-02,7.568359e-03,2000,0,-6.417725e-04
2026-07-20T18:47:05.370,1784562425.370,22.503,-3.167725e-03,3.184209e-03,-1.318359e-02,6.591797e-03,2000,0,-6.335449e-04
2026-07-20T18:47:05.470,1784562425.471,22.603,-3.034546e-03,3.160627e-03,-1.562500e-02,6.103516e-03,2000,0,-6.069092e-04
2026-07-20T18:47:05.570,1784562425.571,22.703,-3.390137e-03,3.087168e-03,-1.367188e-02,5.371094e-03,2000,0,-6.780273e-04
2026-07-20T18:47:05.670,1784562425.671,22.803,-3.404175e-03,3.176159e-03,-1.611328e-02,6.591797e-03,2000,0,-6.808350e-04
2026-07-20T18:47:05.770,1784562425.771,22.903,-3.635254e-03,3.281834e-03,-1.391602e-02,7.324219e-03,2000,0,-7.270508e-04
2026-07-20T18:47:05.870,1784562425.870,23.003,-3.624512e-03,3.150325e-03,-1.391602e-02,6.103516e-03,2000,0,-7.249023e-04
2026-07-20T18:47:05.970,1784562425.971,23.103,-3.697021e-03,3.131379e-03,-1.318359e-02,5.371094e-03,2000,0,-7.394043e-04
2026-07-20T18:47:06.068,1784562426.069,23.203,-3.952881e-03,3.242051e-03,-1.538086e-02,7.080078e-03,2000,0,-7.905762e-04
2026-07-20T18:47:06.168,1784562426.169,23.303,-4.273438e-03,3.204758e-03,-1.562500e-02,5.126953e-03,2000,0,-8.546875e-04
2026-07-20T18:47:06.268,1784562426.269,23.403,-4.115356e-03,3.339491e-03,-1.831055e-02,7.324219e-03,2000,0,-8.230713e-04
2026-07-20T18:47:06.368,1784562426.369,23.503,-4.597534e-03,3.144604e-03,-1.513672e-02,6.347656e-03,2000,0,-9.195068e-04
2026-07-20T18:47:06.470,1784562426.471,23.603,-4.473633e-03,3.194877e-03,-1.977539e-02,4.638672e-03,2000,0,-8.947266e-04
2026-07-20T18:47:06.568,1784562426.569,23.703,-4.602295e-03,3.331449e-03,-1.611328e-02,4.150391e-03,2000,0,-9.204590e-04
2026-07-20T18:47:06.668,1784562426.669,23.803,-4.571777e-03,3.314230e-03,-1.464844e-02,5.371094e-03,2000,0,-9.143555e-04
2026-07-20T18:47:06.768,1784562426.769,23.903,-4.852051e-03,3.111889e-03,-1.586914e-02,4.638672e-03,2000,0,-9.704102e-04
2026-07-20T18:47:06.868,1784562426.869,24.003,-4.996826e-03,3.344298e-03,-1.684570e-02,4.150391e-03,2000,0,-9.993652e-04
2026-07-20T18:47:06.968,1784562426.969,24.103,-5.025391e-03,3.290133e-03,-1.757812e-02,4.882812e-03,2000,0,-1.005078e-03
2026-07-20T18:47:07.068,1784562427.069,24.203,-5.378174e-03,3.262665e-03,-1.660156e-02,7.324219e-03,2000,0,-1.075635e-03
2026-07-20T18:47:07.168,1784562427.169,24.303,-4.920776e-03,3.325015e-03,-1.464844e-02,6.835938e-03,2000,0,-9.841553e-04
2026-07-20T18:47:07.268,1784562427.269,24.403,-5.697144e-03,3.342186e-03,-1.782227e-02,5.126953e-03,2000,0,-1.139429e-03
2026-07-20T18:47:07.368,1784562427.369,24.503,-5.557739e-03,3.228274e-03,-1.611328e-02,6.103516e-03,2000,0,-1.111548e-03
2026-07-20T18:47:07.470,1784562427.471,24.603,-5.138062e-03,3.190736e-03,-1.586914e-02,5.615234e-03,2000,0,-1.027612e-03
2026-07-20T18:47:07.568,1784562427.569,24.703,-5.343140e-03,3.178636e-03,-1.538086e-02,3.662109e-03,2000,0,-1.068628e-03
2026-07-20T18:47:07.668,1784562427.669,24.803,-5.522949e-03,3.051866e-03,-1.879883e-02,4.394531e-03,2000,0,-1.104590e-03
2026-07-20T18:47:07.768,1784562427.769,24.903,-5.739868e-03,3.261429e-03,-1.708984e-02,3.662109e-03,2000,0,-1.147974e-03
2026-07-20T18:47:07.868,1784562427.868,25.003,-5.904419e-03,3.217042e-03,-1.806641e-02,5.371094e-03,2000,0,-1.180884e-03
2026-07-20T18:47:07.968,1784562427.968,25.103,-5.581421e-03,3.082582e-03,-1.708984e-02,3.906250e-03,2000,0,-1.116284e-03
2026-07-20T18:47:08.068,1784562428.069,25.203,-6.005859e-03,2.975813e-03,-1.586914e-02,4.882812e-03,2000,0,-1.201172e-03
2026-07-20T18:47:08.168,1784562428.169,25.303,-6.053589e-03,3.028758e-03,-1.635742e-02,3.906250e-03,2000,0,-1.210718e-03
2026-07-20T18:47:08.268,1784562428.269,25.403,-6.125732e-03,3.097313e-03,-1.586914e-02,1.147461e-02,2000,0,-1.225146e-03
2026-07-20T18:47:08.368,1784562428.369,25.503,-6.373901e-03,2.852300e-03,-1.586914e-02,2.929688e-03,2000,0,-1.274780e-03
2026-07-20T18:47:08.468,1784562428.468,25.603,-6.243164e-03,3.123644e-03,-1.733398e-02,1.025391e-02,2000,0,-1.248633e-03
2026-07-20T18:47:08.568,1784562428.569,25.703,-6.174072e-03,3.006981e-03,-1.806641e-02,4.394531e-03,2000,0,-1.234814e-03
2026-07-20T18:47:08.668,1784562428.669,25.803,-6.771729e-03,3.046224e-03,-1.635742e-02,2.441406e-03,2000,0,-1.354346e-03
2026-07-20T18:47:08.768,1784562428.769,25.903,-6.708008e-03,3.167619e-03,-1.684570e-02,4.394531e-03,2000,0,-1.341602e-03
2026-07-20T18:47:08.868,1784562428.869,26.003,-6.541870e-03,2.978873e-03,-1.586914e-02,4.150391e-03,2000,0,-1.308374e-03
2026-07-20T18:47:08.968,1784562428.969,26.103,-6.682861e-03,3.208224e-03,-1.684570e-02,2.685547e-03,2000,0,-1.336572e-03
2026-07-20T18:47:09.068,1784562429.069,26.203,-6.470947e-03,3.260900e-03,-2.050781e-02,4.638672e-03,2000,0,-1.294189e-03
2026-07-20T18:47:09.170,1784562429.171,26.303,-6.574707e-03,3.380983e-03,-1.684570e-02,6.835938e-03,2000,0,-1.314941e-03
2026-07-20T18:47:09.268,1784562429.269,26.403,-6.996582e-03,3.155710e-03,-1.684570e-02,4.394531e-03,2000,0,-1.399316e-03
2026-07-20T18:47:09.368,1784562429.369,26.503,-6.584229e-03,3.269352e-03,-1.660156e-02,4.150391e-03,2000,0,-1.316846e-03
2026-07-20T18:47:09.468,1784562429.468,26.603,-6.879395e-03,3.157582e-03,-1.977539e-02,2.685547e-03,2000,0,-1.375879e-03
2026-07-20T18:47:09.568,1784562429.569,26.703,-7.078979e-03,3.374943e-03,-1.733398e-02,1.171875e-02,2000,0,-1.415796e-03
2026-07-20T18:47:09.668,1784562429.669,26.803,-6.973877e-03,3.458567e-03,-2.050781e-02,3.662109e-03,2000,0,-1.394775e-03
2026-07-20T18:47:09.770,1784562429.771,26.903,-6.910034e-03,3.304066e-03,-2.075195e-02,4.150391e-03,2000,0,-1.382007e-03
2026-07-20T18:47:09.868,1784562429.869,27.003,-7.197266e-03,3.264477e-03,-1.708984e-02,5.371094e-03,2000,0,-1.439453e-03
2026-07-20T18:47:09.968,1784562429.969,27.103,-7.200317e-03,3.658331e-03,-1.831055e-02,5.859375e-03,2000,0,-1.440063e-03
2026-07-20T18:47:10.068,1784562430.069,27.203,-7.236694e-03,3.488273e-03,-1.806641e-02,4.394531e-03,2000,0,-1.447339e-03
2026-07-20T18:47:10.168,1784562430.169,27.303,-7.453979e-03,3.400556e-03,-1.806641e-02,4.394531e-03,2000,0,-1.490796e-03
2026-07-20T18:47:10.268,1784562430.269,27.403,-7.386108e-03,3.416767e-03,-1.953125e-02,3.173828e-03,2000,0,-1.477222e-03
2026-07-20T18:47:10.368,1784562430.368,27.503,-7.453247e-03,3.155561e-03,-1.928711e-02,1.953125e-03,2000,0,-1.490649e-03
2026-07-20T18:47:10.470,1784562430.470,27.603,-7.408936e-03,3.178009e-03,-1.635742e-02,4.394531e-03,2000,0,-1.481787e-03
2026-07-20T18:47:10.568,1784562430.569,27.703,-7.438110e-03,3.313411e-03,-2.099609e-02,4.394531e-03,2000,0,-1.487622e-03
2026-07-20T18:47:10.668,1784562430.669,27.803,-7.317261e-03,3.287893e-03,-1.733398e-02,3.417969e-03,2000,0,-1.463452e-03
2026-07-20T18:47:10.768,1784562430.769,27.903,-7.505249e-03,3.151833e-03,-1.806641e-02,4.638672e-03,2000,0,-1.501050e-03
2026-07-20T18:47:10.868,1784562430.869,28.003,-7.623291e-03,3.083249e-03,-1.806641e-02,2.685547e-03,2000,0,-1.524658e-03
2026-07-20T18:47:10.968,1784562430.968,28.103,-7.389404e-03,2.872932e-03,-2.148438e-02,9.765625e-04,2000,0,-1.477881e-03
2026-07-20T18:47:11.068,1784562431.068,28.203,-7.244019e-03,2.924379e-03,-1.660156e-02,1.464844e-03,2000,0,-1.448804e-03
2026-07-20T18:47:11.168,1784562431.168,28.303,-7.361206e-03,2.811537e-03,-1.586914e-02,2.685547e-03,2000,0,-1.472241e-03
2026-07-20T18:47:11.268,1784562431.269,28.403,-7.649536e-03,2.832052e-03,-2.099609e-02,1.464844e-03,2000,0,-1.529907e-03
2026-07-20T18:47:11.368,1784562431.369,28.503,-7.661499e-03,2.817471e-03,-1.635742e-02,4.150391e-03,2000,0,-1.532300e-03
2026-07-20T18:47:11.468,1784562431.469,28.603,-7.960693e-03,2.667470e-03,-1.635742e-02,1.953125e-03,2000,0,-1.592139e-03
2026-07-20T18:47:11.568,1784562431.569,28.703,-7.950317e-03,2.713696e-03,-2.124023e-02,2.441406e-03,2000,0,-1.590063e-03
2026-07-20T18:47:11.670,1784562431.671,28.803,-8.345581e-03,2.507359e-03,-1.660156e-02,2.441406e-03,2000,0,-1.669116e-03
2026-07-20T18:47:11.768,1784562431.769,28.903,-7.524780e-03,2.523529e-03,-1.611328e-02,1.220703e-03,2000,0,-1.504956e-03
2026-07-20T18:47:11.870,1784562431.871,29.003,-7.826904e-03,2.524755e-03,-1.635742e-02,0.000000e+00,2000,0,-1.565381e-03
2026-07-20T18:47:11.968,1784562431.969,29.103,-7.869751e-03,2.539644e-03,-1.660156e-02,4.882812e-04,2000,0,-1.573950e-03
2026-07-20T18:47:12.068,1784562432.068,29.203,-8.092041e-03,2.435907e-03,-1.708984e-02,4.150391e-03,2000,0,-1.618408e-03
2026-07-20T18:47:12.168,1784562432.169,29.303,-8.269653e-03,2.627822e-03,-2.124023e-02,9.765625e-04,2000,0,-1.653931e-03
2026-07-20T18:47:12.268,1784562432.269,29.403,-8.262329e-03,2.628247e-03,-1.904297e-02,0.000000e+00,2000,0,-1.652466e-03
2026-07-20T18:47:12.368,1784562432.368,29.503,-8.119629e-03,2.714109e-03,-1.757812e-02,4.882812e-04,2000,0,-1.623926e-03
2026-07-20T18:47:12.468,1784562432.469,29.603,-8.479614e-03,2.816339e-03,-1.708984e-02,9.521484e-03,2000,0,-1.695923e-03
2026-07-20T18:47:12.568,1784562432.568,29.703,-8.149902e-03,2.867307e-03,-2.124023e-02,1.220703e-03,2000,0,-1.629980e-03
2026-07-20T18:47:12.668,1784562432.669,29.803,-8.419067e-03,2.815660e-03,-1.782227e-02,-4.882812e-04,2000,0,-1.683813e-03
2026-07-20T18:47:12.770,1784562432.771,29.903,-8.048828e-03,3.054705e-03,-1.879883e-02,1.220703e-03,2000,0,-1.609766e-03
2026-07-20T18:47:12.868,1784562432.869,30.003,-8.610596e-03,3.033330e-03,-1.904297e-02,2.441406e-03,2000,0,-1.722119e-03
2026-07-20T18:47:12.968,1784562432.969,30.103,-8.513550e-03,3.078883e-03,-1.782227e-02,2.685547e-03,2000,0,-1.702710e-03
2026-07-20T18:47:13.068,1784562433.069,30.203,-8.225342e-03,3.271316e-03,-1.879883e-02,2.197266e-03,2000,0,-1.645068e-03
2026-07-20T18:47:13.168,1784562433.169,30.303,-9.373291e-03,3.303635e-03,-1.953125e-02,4.638672e-03,2000,0,-1.874658e-03
2026-07-20T18:47:13.268,1784562433.269,30.403,-8.616333e-03,3.291528e-03,-1.806641e-02,1.708984e-03,2000,0,-1.723267e-03
2026-07-20T18:47:13.368,1784562433.368,30.503,-8.220215e-03,3.340118e-03,-1.879883e-02,1.464844e-02,2000,0,-1.644043e-03
2026-07-20T18:47:13.468,1784562433.468,30.603,-8.370483e-03,3.345404e-03,-1.757812e-02,3.173828e-03,2000,0,-1.674097e-03
2026-07-20T18:47:13.568,1784562433.569,30.703,-8.429565e-03,3.484822e-03,-2.026367e-02,2.929688e-03,2000,0,-1.685913e-03
2026-07-20T18:47:13.668,1784562433.669,30.803,-8.774536e-03,3.576797e-03,-2.221680e-02,2.197266e-03,2000,0,-1.754907e-03
2026-07-20T18:47:13.770,1784562433.771,30.903,-8.518799e-03,3.503044e-03,-2.001953e-02,3.906250e-03,2000,0,-1.703760e-03
2026-07-20T18:47:13.868,1784562433.869,31.003,-8.665283e-03,3.524641e-03,-1.953125e-02,3.173828e-03,2000,0,-1.733057e-03
2026-07-20T18:47:13.968,1784562433.968,31.103,-8.595581e-03,3.462637e-03,-2.099609e-02,7.324219e-04,2000,0,-1.719116e-03
2026-07-20T18:47:14.068,1784562434.069,31.203,-8.685913e-03,3.544439e-03,-1.904297e-02,1.220703e-03,2000,0,-1.737183e-03
2026-07-20T18:47:14.170,1784562434.170,31.303,-8.328125e-03,3.598772e-03,-1.879883e-02,2.685547e-03,2000,0,-1.665625e-03
2026-07-20T18:47:14.268,1784562434.268,31.403,-8.768188e-03,3.590546e-03,-1.928711e-02,5.371094e-03,2000,0,-1.753638e-03
2026-07-20T18:47:14.368,1784562434.369,31.503,-8.531372e-03,3.493382e-03,-1.904297e-02,4.638672e-03,2000,0,-1.706274e-03
2026-07-20T18:47:14.468,1784562434.468,31.603,-8.745605e-03,3.567665e-03,-1.953125e-02,3.417969e-03,2000,0,-1.749121e-03
2026-07-20T18:47:14.568,1784562434.568,31.703,-8.656494e-03,3.606695e-03,-2.026367e-02,1.464844e-03,2000,0,-1.731299e-03
2026-07-20T18:47:14.668,1784562434.668,31.803,-8.579102e-03,3.530609e-03,-2.587891e-02,2.197266e-03,2000,0,-1.715820e-03
2026-07-20T18:47:14.768,1784562434.769,31.903,-8.855713e-03,3.210495e-03,-2.148438e-02,2.685547e-03,2000,0,-1.771143e-03
2026-07-20T18:47:14.868,1784562434.869,32.003,-8.804077e-03,3.395431e-03,-1.879883e-02,2.685547e-03,2000,0,-1.760815e-03
2026-07-20T18:47:14.968,1784562434.969,32.103,-8.880859e-03,3.048070e-03,-1.782227e-02,2.441406e-04,2000,0,-1.776172e-03
2026-07-20T18:47:15.070,1784562435.070,32.203,-8.918457e-03,3.521521e-03,-2.050781e-02,1.464844e-03,2000,0,-1.783691e-03
2026-07-20T18:47:15.168,1784562435.168,32.303,-8.765137e-03,3.305076e-03,-1.904297e-02,3.417969e-03,2000,0,-1.753027e-03
2026-07-20T18:47:15.268,1784562435.269,32.403,-8.712280e-03,2.985517e-03,-2.148438e-02,0.000000e+00,2000,0,-1.742456e-03
2026-07-20T18:47:15.370,1784562435.371,32.503,-8.946655e-03,3.042710e-03,-1.904297e-02,1.464844e-03,2000,0,-1.789331e-03
2026-07-20T18:47:15.468,1784562435.469,32.603,-8.672363e-03,3.139477e-03,-1.928711e-02,9.765625e-04,2000,0,-1.734473e-03
2026-07-20T18:47:15.568,1784562435.568,32.703,-9.012207e-03,3.219044e-03,-2.319336e-02,1.708984e-03,2000,0,-1.802441e-03
2026-07-20T18:47:15.670,1784562435.670,32.803,-9.021484e-03,3.105500e-03,-1.953125e-02,7.324219e-04,2000,0,-1.804297e-03
2026-07-20T18:47:15.770,1784562435.770,32.903,-8.861084e-03,2.991554e-03,-1.831055e-02,2.685547e-03,2000,0,-1.772217e-03
2026-07-20T18:47:15.868,1784562435.869,33.003,-8.677856e-03,2.977435e-03,-1.806641e-02,1.220703e-03,2000,0,-1.735571e-03
2026-07-20T18:47:15.968,1784562435.969,33.103,-8.874634e-03,3.060287e-03,-2.099609e-02,7.324219e-04,2000,0,-1.774927e-03
2026-07-20T18:47:16.068,1784562436.068,33.203,-8.690186e-03,3.025886e-03,-2.148438e-02,9.765625e-04,2000,0,-1.738037e-03
2026-07-20T18:47:16.168,1784562436.168,33.303,-8.760376e-03,2.964743e-03,-1.928711e-02,1.708984e-03,2000,0,-1.752075e-03
2026-07-20T18:47:16.268,1784562436.268,33.403,-8.946167e-03,2.912756e-03,-2.270508e-02,2.441406e-03,2000,0,-1.789233e-03
2026-07-20T18:47:16.368,1784562436.369,33.503,-8.649292e-03,3.007449e-03,-1.806641e-02,4.638672e-03,2000,0,-1.729858e-03
2026-07-20T18:47:16.468,1784562436.469,33.603,-8.696777e-03,3.109120e-03,-1.904297e-02,2.441406e-03,2000,0,-1.739355e-03
2026-07-20T18:47:16.568,1784562436.569,33.703,-8.921387e-03,3.247568e-03,-1.977539e-02,2.929688e-03,2000,0,-1.784277e-03
2026-07-20T18:47:16.668,1784562436.669,33.803,-9.416748e-03,3.357550e-03,-2.124023e-02,2.685547e-03,2000,0,-1.883350e-03
2026-07-20T18:47:16.768,1784562436.769,33.903,-8.880371e-03,3.145258e-03,-2.001953e-02,1.464844e-03,2000,0,-1.776074e-03
2026-07-20T18:47:16.868,1784562436.869,34.003,-9.109985e-03,3.338801e-03,-1.904297e-02,1.708984e-03,2000,0,-1.821997e-03
2026-07-20T18:47:16.968,1784562436.968,34.103,-9.159790e-03,3.182302e-03,-2.026367e-02,1.953125e-03,2000,0,-1.831958e-03
2026-07-20T18:47:17.068,1784562437.069,34.203,-9.004028e-03,3.340440e-03,-2.050781e-02,1.464844e-03,2000,0,-1.800806e-03
2026-07-20T18:47:17.168,1784562437.169,34.303,-9.139893e-03,3.386364e-03,-1.953125e-02,3.173828e-03,2000,0,-1.827979e-03
2026-07-20T18:47:17.268,1784562437.268,34.403,-9.798096e-03,3.226578e-03,-1.953125e-02,3.173828e-03,2000,0,-1.959619e-03
2026-07-20T18:47:17.368,1784562437.369,34.503,-9.653931e-03,3.429365e-03,-2.124023e-02,3.417969e-03,2000,0,-1.930786e-03
2026-07-20T18:47:17.468,1784562437.469,34.603,-9.041992e-03,3.244331e-03,-2.392578e-02,3.173828e-03,2000,0,-1.808398e-03
2026-07-20T18:47:17.568,1784562437.569,34.703,-8.479736e-03,3.411482e-03,-1.904297e-02,4.638672e-03,2000,0,-1.695947e-03
2026-07-20T18:47:17.668,1784562437.669,34.803,-6.627441e-03,3.402077e-03,-1.855469e-02,8.056641e-03,2000,0,-1.325488e-03
2026-07-20T18:47:17.768,1784562437.769,34.903,-6.256470e-03,3.419982e-03,-1.611328e-02,6.103516e-03,2000,0,-1.251294e-03
2026-07-20T18:47:17.868,1784562437.869,35.003,-4.545654e-03,3.221896e-03,-1.757812e-02,7.568359e-03,2000,0,-9.091309e-04
2026-07-20T18:47:17.968,1784562437.969,35.103,-2.870483e-03,3.254191e-03,-1.245117e-02,8.789062e-03,2000,0,-5.740967e-04
2026-07-20T18:47:18.068,1784562438.069,35.203,-1.152222e-03,3.339776e-03,-1.171875e-02,1.293945e-02,2000,0,-2.304443e-04
2026-07-20T18:47:18.168,1784562438.169,35.303,1.234619e-03,3.281179e-03,-1.074219e-02,1.440430e-02,2000,0,2.469238e-04
2026-07-20T18:47:18.268,1784562438.269,35.403,3.237183e-03,3.160628e-03,-6.347656e-03,1.611328e-02,2000,0,6.474365e-04
2026-07-20T18:47:18.368,1784562438.368,35.503,4.985352e-03,3.093625e-03,-4.638672e-03,1.513672e-02,2000,0,9.970703e-04
2026-07-20T18:47:18.468,1784562438.468,35.603,8.163696e-03,3.350115e-03,-1.708984e-03,1.928711e-02,2000,0,1.632739e-03
2026-07-20T18:47:18.568,1784562438.568,35.703,1.022449e-02,3.297426e-03,4.882812e-04,2.050781e-02,2000,0,2.044897e-03
2026-07-20T18:47:18.668,1784562438.669,35.803,1.276294e-02,3.360605e-03,2.197266e-03,2.929688e-02,2000,0,2.552588e-03
2026-07-20T18:47:18.769,1784562438.770,35.903,1.536975e-02,3.248964e-03,4.882812e-03,2.758789e-02,2000,0,3.073950e-03
2026-07-20T18:47:18.868,1784562438.869,36.003,1.831519e-02,3.316456e-03,4.394531e-03,3.173828e-02,2000,0,3.663037e-03
2026-07-20T18:47:18.968,1784562438.969,36.103,2.042065e-02,3.515943e-03,9.765625e-03,3.222656e-02,2000,0,4.084131e-03
2026-07-20T18:47:19.068,1784562439.069,36.203,2.335547e-02,3.626718e-03,1.123047e-02,3.369141e-02,2000,0,4.671094e-03
2026-07-20T18:47:19.168,1784562439.168,36.303,2.660583e-02,3.513463e-03,1.489258e-02,3.735352e-02,2000,0,5.321167e-03
2026-07-20T18:47:19.268,1784562439.269,36.403,2.881116e-02,3.355796e-03,1.782227e-02,4.199219e-02,2000,0,5.762231e-03
2026-07-20T18:47:19.370,1784562439.371,36.503,3.179578e-02,3.394688e-03,1.806641e-02,4.321289e-02,2000,0,6.359155e-03
2026-07-20T18:47:19.470,1784562439.470,36.603,3.455603e-02,3.355893e-03,2.148438e-02,4.418945e-02,2000,0,6.911206e-03
2026-07-20T18:47:19.568,1784562439.568,36.703,3.647119e-02,3.572512e-03,2.294922e-02,4.833984e-02,2000,0,7.294238e-03
2026-07-20T18:47:19.670,1784562439.670,36.803,3.946863e-02,3.522487e-03,2.661133e-02,4.956055e-02,2000,0,7.893726e-03
2026-07-20T18:47:19.768,1784562439.769,36.903,4.146387e-02,3.260919e-03,3.076172e-02,5.395508e-02,2000,0,8.292773e-03
2026-07-20T18:47:19.868,1784562439.869,37.003,4.212598e-02,3.413316e-03,3.027344e-02,5.444336e-02,2000,0,8.425195e-03
2026-07-20T18:47:19.968,1784562439.968,37.103,4.507288e-02,3.403779e-03,3.393555e-02,7.397461e-02,2000,0,9.014575e-03
2026-07-20T18:47:20.068,1784562440.069,37.203,4.749072e-02,3.002389e-03,3.784180e-02,5.786133e-02,2000,0,9.498145e-03
2026-07-20T18:47:20.168,1784562440.169,37.303,4.796851e-02,3.013496e-03,3.686523e-02,5.786133e-02,2000,0,9.593701e-03
2026-07-20T18:47:20.268,1784562440.269,37.403,4.962378e-02,2.956501e-03,3.979492e-02,5.981445e-02,2000,0,9.924756e-03
2026-07-20T18:47:20.368,1784562440.368,37.503,5.091931e-02,3.028286e-03,3.930664e-02,5.932617e-02,2000,0,1.018386e-02
2026-07-20T18:47:20.468,1784562440.468,37.603,5.181030e-02,3.178405e-03,3.906250e-02,6.152344e-02,2000,0,1.036206e-02
2026-07-20T18:47:20.570,1784562440.570,37.703,5.303186e-02,3.220517e-03,4.199219e-02,6.201172e-02,2000,0,1.060637e-02
2026-07-20T18:47:20.670,1784562440.671,37.803,5.389685e-02,3.175261e-03,4.418945e-02,7.006836e-02,2000,0,1.077937e-02
2026-07-20T18:47:20.768,1784562440.768,37.903,5.423315e-02,3.195032e-03,4.321289e-02,6.567383e-02,2000,0,1.084663e-02
2026-07-20T18:47:20.868,1784562440.869,38.003,5.474756e-02,3.180792e-03,3.979492e-02,6.713867e-02,2000,0,1.094951e-02
2026-07-20T18:47:20.968,1784562440.968,38.103,5.611865e-02,3.108611e-03,4.663086e-02,6.689453e-02,2000,0,1.122373e-02
2026-07-20T18:47:21.068,1784562441.069,38.203,5.551147e-02,3.318377e-03,4.638672e-02,7.153320e-02,2000,0,1.110229e-02
2026-07-20T18:47:21.168,1784562441.168,38.303,5.592603e-02,3.331645e-03,4.467773e-02,6.542969e-02,2000,0,1.118521e-02
2026-07-20T18:47:21.268,1784562441.268,38.403,5.685120e-02,3.244652e-03,4.272461e-02,6.860352e-02,2000,0,1.137024e-02
2026-07-20T18:47:21.368,1784562441.369,38.503,5.651331e-02,3.365189e-03,4.565430e-02,6.811523e-02,2000,0,1.130266e-02
2026-07-20T18:47:21.468,1784562441.468,38.603,5.660864e-02,3.364944e-03,4.589844e-02,6.787109e-02,2000,0,1.132173e-02
2026-07-20T18:47:21.568,1784562441.569,38.703,5.666785e-02,3.298421e-03,4.077148e-02,6.713867e-02,2000,0,1.133357e-02
2026-07-20T18:47:21.668,1784562441.668,38.803,5.611865e-02,3.405626e-03,4.614258e-02,6.616211e-02,2000,0,1.122373e-02
2026-07-20T18:47:21.768,1784562441.768,38.903,5.636829e-02,3.354328e-03,4.565430e-02,6.689453e-02,2000,0,1.127366e-02
2026-07-20T18:47:21.868,1784562441.869,39.003,5.593237e-02,3.364371e-03,4.687500e-02,6.689453e-02,2000,0,1.118647e-02
2026-07-20T18:47:21.968,1784562441.968,39.103,5.546985e-02,3.426700e-03,4.150391e-02,6.567383e-02,2000,0,1.109397e-02
2026-07-20T18:47:22.068,1784562442.069,39.203,5.500903e-02,3.374183e-03,3.833008e-02,6.494141e-02,2000,0,1.100181e-02
2026-07-20T18:47:22.168,1784562442.169,39.303,5.493274e-02,3.400972e-03,4.394531e-02,6.835938e-02,2000,0,1.098655e-02
2026-07-20T18:47:22.268,1784562442.269,39.403,5.390527e-02,3.387194e-03,4.321289e-02,6.542969e-02,2000,0,1.078105e-02
2026-07-20T18:47:22.370,1784562442.371,39.503,5.350513e-02,3.379539e-03,3.979492e-02,6.420898e-02,2000,0,1.070103e-02
2026-07-20T18:47:22.468,1784562442.469,39.603,5.335901e-02,3.333414e-03,4.248047e-02,7.006836e-02,2000,0,1.067180e-02
2026-07-20T18:47:22.568,1784562442.568,39.703,5.256067e-02,3.422154e-03,4.028320e-02,6.494141e-02,2000,0,1.051213e-02
2026-07-20T18:47:22.670,1784562442.671,39.803,5.206433e-02,3.444471e-03,3.881836e-02,6.347656e-02,2000,0,1.041287e-02
2026-07-20T18:47:22.770,1784562442.770,39.903,5.170813e-02,3.400810e-03,3.930664e-02,6.152344e-02,2000,0,1.034163e-02
2026-07-20T18:47:22.868,1784562442.868,40.003,5.088696e-02,3.287846e-03,4.003906e-02,6.225586e-02,2000,0,1.017739e-02
2026-07-20T18:47:22.968,1784562442.969,40.103,4.995703e-02,3.250690e-03,3.808594e-02,5.981445e-02,2000,0,9.991406e-03
2026-07-20T18:47:23.068,1784562443.069,40.203,4.964502e-02,3.398375e-03,3.540039e-02,5.957031e-02,2000,0,9.929004e-03
2026-07-20T18:47:23.168,1784562443.169,40.303,4.820239e-02,3.417420e-03,3.466797e-02,5.883789e-02,2000,0,9.640479e-03
2026-07-20T18:47:23.268,1784562443.269,40.403,4.771045e-02,3.465790e-03,3.369141e-02,5.786133e-02,2000,0,9.542090e-03
2026-07-20T18:47:23.368,1784562443.369,40.503,4.740698e-02,3.510025e-03,3.588867e-02,5.834961e-02,2000,0,9.481396e-03
2026-07-20T18:47:23.468,1784562443.468,40.603,4.632751e-02,3.402883e-03,3.442383e-02,5.688477e-02,2000,0,9.265503e-03
2026-07-20T18:47:23.568,1784562443.568,40.703,4.537292e-02,3.456925e-03,2.636719e-02,5.761719e-02,2000,0,9.074585e-03
2026-07-20T18:47:23.668,1784562443.669,40.803,4.478723e-02,3.390219e-03,3.173828e-02,5.444336e-02,2000,0,8.957446e-03
2026-07-20T18:47:23.768,1784562443.768,40.903,4.381885e-02,3.461365e-03,3.222656e-02,5.541992e-02,2000,0,8.763770e-03
2026-07-20T18:47:23.870,1784562443.871,41.003,4.301208e-02,3.405810e-03,2.978516e-02,5.273438e-02,2000,0,8.602417e-03
2026-07-20T18:47:23.968,1784562443.969,41.103,4.240564e-02,3.494049e-03,2.661133e-02,5.151367e-02,2000,0,8.481128e-03
2026-07-20T18:47:24.068,1784562444.069,41.203,4.110632e-02,3.401436e-03,2.832031e-02,5.249023e-02,2000,0,8.221265e-03
2026-07-20T18:47:24.168,1784562444.169,41.303,4.041516e-02,3.411610e-03,2.954102e-02,5.126953e-02,2000,0,8.083032e-03
2026-07-20T18:47:24.268,1784562444.269,41.403,3.981360e-02,3.397861e-03,2.807617e-02,5.004883e-02,2000,0,7.962720e-03
2026-07-20T18:47:24.368,1784562444.368,41.503,3.835413e-02,3.310423e-03,2.783203e-02,4.907227e-02,2000,0,7.670825e-03
2026-07-20T18:47:24.468,1784562444.469,41.603,3.771790e-02,3.335741e-03,2.563477e-02,4.809570e-02,2000,0,7.543579e-03
2026-07-20T18:47:24.568,1784562444.569,41.703,3.747766e-02,3.305712e-03,2.734375e-02,5.078125e-02,2000,0,7.495532e-03
2026-07-20T18:47:24.668,1784562444.669,41.803,3.593506e-02,3.311378e-03,2.172852e-02,4.736328e-02,2000,0,7.187012e-03
2026-07-20T18:47:24.768,1784562444.768,41.903,3.555310e-02,3.307959e-03,2.490234e-02,4.736328e-02,2000,0,7.110620e-03
2026-07-20T18:47:24.868,1784562444.868,42.003,3.499841e-02,3.214207e-03,2.368164e-02,4.809570e-02,2000,0,6.999683e-03
2026-07-20T18:47:24.968,1784562444.968,42.103,3.393762e-02,3.200128e-03,2.221680e-02,4.516602e-02,2000,0,6.787524e-03
2026-07-20T18:47:25.068,1784562445.068,42.203,3.323901e-02,3.320262e-03,2.343750e-02,4.370117e-02,2000,0,6.647803e-03
2026-07-20T18:47:25.168,1784562445.168,42.303,3.288208e-02,3.257359e-03,1.977539e-02,4.272461e-02,2000,0,6.576416e-03
2026-07-20T18:47:25.270,1784562445.271,42.403,3.155762e-02,3.323375e-03,1.684570e-02,4.492188e-02,2000,0,6.311523e-03
2026-07-20T18:47:25.368,1784562445.368,42.503,3.084180e-02,3.347278e-03,1.977539e-02,4.077148e-02,2000,0,6.168359e-03
2026-07-20T18:47:25.468,1784562445.468,42.603,3.028711e-02,3.243047e-03,1.879883e-02,4.052734e-02,2000,0,6.057422e-03
2026-07-20T18:47:25.568,1784562445.568,42.703,2.916968e-02,3.269931e-03,1.904297e-02,3.979492e-02,2000,0,5.833936e-03
2026-07-20T18:47:25.668,1784562445.669,42.803,2.844995e-02,3.387710e-03,1.367188e-02,4.174805e-02,2000,0,5.689990e-03
2026-07-20T18:47:25.768,1784562445.769,42.903,2.787756e-02,3.408449e-03,1.635742e-02,4.565430e-02,2000,0,5.575513e-03
2026-07-20T18:47:25.868,1784562445.868,43.003,2.658643e-02,3.458160e-03,1.293945e-02,3.759766e-02,2000,0,5.317285e-03
2026-07-20T18:47:25.968,1784562445.969,43.103,2.610779e-02,3.426969e-03,1.391602e-02,3.564453e-02,2000,0,5.221558e-03
2026-07-20T18:47:26.068,1784562446.069,43.203,2.535303e-02,3.477331e-03,1.391602e-02,3.442383e-02,2000,0,5.070605e-03
2026-07-20T18:47:26.168,1784562446.168,43.303,2.432532e-02,3.465166e-03,1.269531e-02,4.223633e-02,2000,0,4.865063e-03
2026-07-20T18:47:26.268,1784562446.268,43.403,2.388562e-02,3.554183e-03,1.147461e-02,3.369141e-02,2000,0,4.777124e-03
2026-07-20T18:47:26.368,1784562446.369,43.503,2.311169e-02,3.495737e-03,1.220703e-02,3.466797e-02,2000,0,4.622339e-03
2026-07-20T18:47:26.468,1784562446.468,43.603,2.208044e-02,3.580234e-03,9.277344e-03,3.320312e-02,2000,0,4.416089e-03
2026-07-20T18:47:26.568,1784562446.569,43.703,2.193713e-02,3.562716e-03,1.000977e-02,3.173828e-02,2000,0,4.387427e-03
2026-07-20T18:47:26.668,1784562446.669,43.803,2.141321e-02,3.585332e-03,9.033203e-03,3.295898e-02,2000,0,4.282642e-03
2026-07-20T18:47:26.768,1784562446.769,43.903,1.958398e-02,3.630391e-03,7.568359e-03,3.198242e-02,2000,0,3.916797e-03
2026-07-20T18:47:26.868,1784562446.868,44.003,1.942981e-02,3.635531e-03,2.441406e-03,3.295898e-02,2000,0,3.885962e-03
2026-07-20T18:47:26.970,1784562446.971,44.103,1.927380e-02,3.570973e-03,6.591797e-03,3.027344e-02,2000,0,3.854761e-03
2026-07-20T18:47:27.068,1784562447.068,44.203,1.852612e-02,3.660761e-03,6.103516e-03,3.149414e-02,2000,0,3.705225e-03
2026-07-20T18:47:27.168,1784562447.168,44.303,1.764575e-02,3.686121e-03,3.417969e-03,3.002930e-02,2000,0,3.529150e-03
2026-07-20T18:47:27.268,1784562447.269,44.403,1.751245e-02,3.844797e-03,3.662109e-03,3.051758e-02,2000,0,3.502490e-03
2026-07-20T18:47:27.370,1784562447.371,44.503,1.643860e-02,3.625212e-03,4.150391e-03,2.783203e-02,2000,0,3.287720e-03
2026-07-20T18:47:27.468,1784562447.469,44.603,1.599768e-02,3.777679e-03,1.708984e-03,3.100586e-02,2000,0,3.199536e-03
2026-07-20T18:47:27.570,1784562447.570,44.703,1.548462e-02,3.690154e-03,3.662109e-03,2.758789e-02,2000,0,3.096924e-03
2026-07-20T18:47:27.668,1784562447.669,44.803,1.459729e-02,3.735045e-03,2.929688e-03,2.514648e-02,2000,0,2.919458e-03
2026-07-20T18:47:27.768,1784562447.769,44.903,1.428076e-02,3.802383e-03,2.197266e-03,2.587891e-02,2000,0,2.856152e-03
2026-07-20T18:47:27.870,1784562447.871,45.003,1.377014e-02,3.794549e-03,1.220703e-03,2.685547e-02,2000,0,2.754028e-03
2026-07-20T18:47:27.968,1784562447.969,45.103,1.272632e-02,3.986973e-03,-7.324219e-04,2.490234e-02,2000,0,2.545264e-03
2026-07-20T18:47:28.068,1784562448.068,45.203,1.234143e-02,3.896246e-03,-2.441406e-04,2.416992e-02,2000,0,2.468286e-03
2026-07-20T18:47:28.168,1784562448.169,45.303,1.248108e-02,3.892144e-03,7.324219e-04,2.661133e-02,2000,0,2.496216e-03
2026-07-20T18:47:28.270,1784562448.271,45.403,1.078979e-02,3.916064e-03,-2.441406e-03,2.148438e-02,2000,0,2.157959e-03
2026-07-20T18:47:28.368,1784562448.369,45.503,1.110400e-02,4.015833e-03,-4.150391e-03,2.490234e-02,2000,0,2.220801e-03
2026-07-20T18:47:28.468,1784562448.469,45.603,1.045776e-02,3.927173e-03,-7.324219e-04,2.636719e-02,2000,0,2.091553e-03
2026-07-20T18:47:28.570,1784562448.571,45.703,1.002209e-02,4.000205e-03,-1.953125e-03,2.392578e-02,2000,0,2.004419e-03
2026-07-20T18:47:28.670,1784562448.671,45.803,9.239258e-03,3.915521e-03,-2.441406e-03,2.099609e-02,2000,0,1.847852e-03
2026-07-20T18:47:28.770,1784562448.771,45.903,9.614868e-03,3.820276e-03,-3.662109e-03,2.319336e-02,2000,0,1.922974e-03
2026-07-20T18:47:28.870,1784562448.871,46.003,8.563354e-03,3.935762e-03,-2.929688e-03,2.075195e-02,2000,0,1.712671e-03
2026-07-20T18:47:28.970,1784562448.970,46.103,7.947510e-03,3.959290e-03,-3.173828e-03,1.928711e-02,2000,0,1.589502e-03
2026-07-20T18:47:29.070,1784562449.071,46.203,7.769775e-03,3.801979e-03,-3.662109e-03,2.124023e-02,2000,0,1.553955e-03
2026-07-20T18:47:29.170,1784562449.171,46.303,7.399902e-03,3.701609e-03,-4.638672e-03,2.001953e-02,2000,0,1.479980e-03
2026-07-20T18:47:29.270,1784562449.271,46.403,6.815308e-03,3.801414e-03,-6.103516e-03,2.099609e-02,2000,0,1.363062e-03
2026-07-20T18:47:29.370,1784562449.371,46.503,6.472290e-03,3.728331e-03,-5.126953e-03,1.928711e-02,2000,0,1.294458e-03
2026-07-20T18:47:29.468,1784562449.469,46.603,5.972168e-03,3.542779e-03,-5.615234e-03,1.953125e-02,2000,0,1.194434e-03
2026-07-20T18:47:29.568,1784562449.569,46.703,5.412964e-03,3.418031e-03,-6.591797e-03,1.782227e-02,2000,0,1.082593e-03
2026-07-20T18:47:29.668,1784562449.669,46.803,4.979492e-03,3.481724e-03,-5.371094e-03,1.562500e-02,2000,0,9.958984e-04
2026-07-20T18:47:29.770,1784562449.771,46.903,4.746460e-03,3.551324e-03,-6.591797e-03,1.977539e-02,2000,0,9.492920e-04
2026-07-20T18:47:29.868,1784562449.868,47.003,4.379028e-03,3.403267e-03,-8.789062e-03,1.391602e-02,2000,0,8.758057e-04
2026-07-20T18:47:29.968,1784562449.968,47.103,4.244629e-03,3.431136e-03,-7.568359e-03,1.586914e-02,2000,0,8.489258e-04
2026-07-20T18:47:30.068,1784562450.069,47.203,3.815308e-03,3.241952e-03,-1.245117e-02,1.293945e-02,2000,0,7.630615e-04
2026-07-20T18:47:30.168,1784562450.168,47.303,3.139648e-03,3.153390e-03,-7.324219e-03,1.440430e-02,2000,0,6.279297e-04
2026-07-20T18:47:30.268,1784562450.269,47.403,2.916016e-03,2.985670e-03,-6.835938e-03,1.318359e-02,2000,0,5.832031e-04
2026-07-20T18:47:30.368,1784562450.369,47.503,2.207764e-03,3.076571e-03,-8.056641e-03,1.538086e-02,2000,0,4.415527e-04
2026-07-20T18:47:30.468,1784562450.469,47.603,1.948486e-03,2.858402e-03,-7.324219e-03,2.294922e-02,2000,0,3.896973e-04
2026-07-20T18:47:30.568,1784562450.569,47.703,1.732788e-03,2.821045e-03,-9.277344e-03,9.765625e-03,2000,0,3.465576e-04
2026-07-20T18:47:30.668,1784562450.668,47.803,1.448364e-03,2.723541e-03,-9.521484e-03,1.000977e-02,2000,0,2.896729e-04
2026-07-20T18:47:30.768,1784562450.768,47.903,1.228760e-03,2.658465e-03,-8.056641e-03,1.000977e-02,2000,0,2.457520e-04
2026-07-20T18:47:30.870,1784562450.871,48.003,1.158813e-03,2.574500e-03,-8.056641e-03,1.000977e-02,2000,0,2.317627e-04
2026-07-20T18:47:30.968,1784562450.969,48.103,8.741455e-04,2.543021e-03,-7.568359e-03,9.277344e-03,2000,0,1.748291e-04
2026-07-20T18:47:31.070,1784562451.071,48.203,6.934814e-04,2.375540e-03,-9.521484e-03,1.000977e-02,2000,0,1.386963e-04
2026-07-20T18:47:31.168,1784562451.168,48.303,1.452637e-05,2.395739e-03,-7.080078e-03,8.056641e-03,2000,0,2.905273e-06
2026-07-20T18:47:31.268,1784562451.269,48.403,-3.376465e-04,2.402576e-03,-8.300781e-03,9.277344e-03,2000,0,-6.752930e-05
2026-07-20T18:47:31.370,1784562451.371,48.503,-2.915039e-04,2.345585e-03,-8.789062e-03,8.544922e-03,2000,0,-5.830078e-05
2026-07-20T18:47:31.468,1784562451.469,48.603,-4.616699e-04,2.377924e-03,-1.098633e-02,1.586914e-02,2000,0,-9.233398e-05
2026-07-20T18:47:31.568,1784562451.569,48.703,-1.347778e-03,2.318212e-03,-1.245117e-02,8.789062e-03,2000,0,-2.695557e-04
2026-07-20T18:47:31.668,1784562451.669,48.803,-1.518311e-03,2.384443e-03,-1.098633e-02,7.568359e-03,2000,0,-3.036621e-04
2026-07-20T18:47:31.768,1784562451.768,48.903,-1.118164e-03,2.197260e-03,-9.277344e-03,5.371094e-03,2000,0,-2.236328e-04
2026-07-20T18:47:31.870,1784562451.871,49.003,-1.870239e-03,2.421590e-03,-1.074219e-02,8.056641e-03,2000,0,-3.740479e-04
2026-07-20T18:47:31.968,1784562451.969,49.103,-2.253784e-03,2.643028e-03,-1.147461e-02,9.521484e-03,2000,0,-4.507568e-04
2026-07-20T18:47:32.068,1784562452.069,49.203,-1.633789e-03,2.545687e-03,-1.269531e-02,8.789062e-03,2000,0,-3.267578e-04
2026-07-20T18:47:32.168,1784562452.169,49.303,-2.043945e-03,2.736071e-03,-1.269531e-02,6.835938e-03,2000,0,-4.087891e-04
2026-07-20T18:47:32.268,1784562452.269,49.403,-2.731445e-03,2.726534e-03,-1.318359e-02,5.126953e-03,2000,0,-5.462891e-04
2026-07-20T18:47:32.368,1784562452.368,49.503,-2.243530e-03,2.708130e-03,-1.123047e-02,5.859375e-03,2000,0,-4.487061e-04
2026-07-20T18:47:32.468,1784562452.469,49.603,-3.223511e-03,2.824878e-03,-1.367188e-02,4.638672e-03,2000,0,-6.447021e-04
2026-07-20T18:47:32.568,1784562452.569,49.703,-3.450439e-03,2.886557e-03,-1.269531e-02,6.591797e-03,2000,0,-6.900879e-04
2026-07-20T18:47:32.668,1784562452.669,49.803,-2.891602e-03,2.932948e-03,-1.367188e-02,1.953125e-02,2000,0,-5.783203e-04
2026-07-20T18:47:32.768,1784562452.769,49.903,-3.792358e-03,3.123549e-03,-1.440430e-02,5.615234e-03,2000,0,-7.584717e-04
2026-07-20T18:47:32.868,1784562452.869,50.003,-3.752808e-03,3.014860e-03,-1.391602e-02,6.591797e-03,2000,0,-7.505615e-04
2026-07-20T18:47:32.968,1784562452.969,50.103,-3.782837e-03,3.279127e-03,-1.660156e-02,6.347656e-03,2000,0,-7.565674e-04
2026-07-20T18:47:33.068,1784562453.069,50.203,-4.501221e-03,3.201055e-03,-1.782227e-02,5.371094e-03,2000,0,-9.002441e-04
2026-07-20T18:47:33.168,1784562453.169,50.303,-4.951538e-03,3.182692e-03,-1.586914e-02,4.394531e-03,2000,0,-9.903076e-04
2026-07-20T18:47:33.268,1784562453.269,50.403,-4.883423e-03,3.260575e-03,-1.513672e-02,1.245117e-02,2000,0,-9.766846e-04
2026-07-20T18:47:33.368,1784562453.369,50.503,-5.215088e-03,3.291335e-03,-1.928711e-02,5.126953e-03,2000,0,-1.043018e-03
2026-07-20T18:47:33.470,1784562453.471,50.603,-5.166870e-03,3.325880e-03,-2.026367e-02,4.638672e-03,2000,0,-1.033374e-03
2026-07-20T18:47:33.568,1784562453.569,50.703,-4.871826e-03,3.220251e-03,-1.904297e-02,5.615234e-03,2000,0,-9.743652e-04
2026-07-20T18:47:33.668,1784562453.669,50.803,-5.113525e-03,3.202470e-03,-1.416016e-02,5.615234e-03,2000,0,-1.022705e-03
2026-07-20T18:47:33.768,1784562453.769,50.903,-5.624878e-03,3.226482e-03,-1.586914e-02,4.394531e-03,2000,0,-1.124976e-03
2026-07-20T18:47:33.868,1784562453.869,51.003,-5.650635e-03,3.240004e-03,-1.708984e-02,4.394531e-03,2000,0,-1.130127e-03
2026-07-20T18:47:33.970,1784562453.971,51.103,-6.094482e-03,3.121953e-03,-1.611328e-02,2.685547e-03,2000,0,-1.218896e-03
2026-07-20T18:47:34.068,1784562454.069,51.203,-6.162476e-03,3.199762e-03,-1.684570e-02,4.638672e-03,2000,0,-1.232495e-03
2026-07-20T18:47:34.168,1784562454.169,51.303,-6.509644e-03,3.232253e-03,-1.904297e-02,1.220703e-02,2000,0,-1.301929e-03
2026-07-20T18:47:34.268,1784562454.269,51.403,-5.962646e-03,3.140042e-03,-1.660156e-02,3.417969e-03,2000,0,-1.192529e-03
2026-07-20T18:47:34.368,1784562454.369,51.503,-6.481445e-03,3.216118e-03,-1.806641e-02,3.417969e-03,2000,0,-1.296289e-03
2026-07-20T18:47:34.468,1784562454.469,51.603,-6.203613e-03,3.238808e-03,-1.562500e-02,3.906250e-03,2000,0,-1.240723e-03
2026-07-20T18:47:34.568,1784562454.568,51.703,-6.693359e-03,3.216769e-03,-1.782227e-02,5.615234e-03,2000,0,-1.338672e-03
2026-07-20T18:47:34.668,1784562454.669,51.803,-6.700562e-03,3.126373e-03,-1.660156e-02,1.953125e-03,2000,0,-1.340112e-03
2026-07-20T18:47:34.768,1784562454.769,51.903,-6.599854e-03,3.034874e-03,-1.635742e-02,2.929688e-03,2000,0,-1.319971e-03
2026-07-20T18:47:34.868,1784562454.869,52.003,-6.968018e-03,2.893734e-03,-1.513672e-02,2.685547e-03,2000,0,-1.393604e-03
2026-07-20T18:47:34.968,1784562454.969,52.103,-6.923218e-03,2.968460e-03,-1.733398e-02,4.150391e-03,2000,0,-1.384644e-03
2026-07-20T18:47:35.068,1784562455.068,52.203,-6.781616e-03,3.057992e-03,-1.831055e-02,2.441406e-03,2000,0,-1.356323e-03
2026-07-20T18:47:35.168,1784562455.169,52.303,-7.471924e-03,2.958275e-03,-1.586914e-02,1.953125e-03,2000,0,-1.494385e-03
2026-07-20T18:47:35.268,1784562455.269,52.403,-7.493774e-03,2.752594e-03,-1.733398e-02,2.685547e-03,2000,0,-1.498755e-03
2026-07-20T18:47:35.368,1784562455.368,52.503,-7.562988e-03,2.884401e-03,-1.928711e-02,1.464844e-03,2000,0,-1.512598e-03
2026-07-20T18:47:35.468,1784562455.468,52.603,-7.660522e-03,2.966304e-03,-1.855469e-02,4.150391e-03,2000,0,-1.532104e-03
2026-07-20T18:47:35.570,1784562455.571,52.703,-7.561768e-03,2.866571e-03,-1.757812e-02,2.685547e-03,2000,0,-1.512354e-03
2026-07-20T18:47:35.668,1784562455.669,52.803,-7.636475e-03,2.796856e-03,-2.197266e-02,2.441406e-03,2000,0,-1.527295e-03
2026-07-20T18:47:35.770,1784562455.771,52.903,-7.708130e-03,2.859769e-03,-1.660156e-02,1.220703e-03,2000,0,-1.541626e-03
2026-07-20T18:47:35.868,1784562455.869,53.003,-7.809814e-03,2.893276e-03,-1.733398e-02,9.765625e-04,2000,0,-1.561963e-03
2026-07-20T18:47:35.968,1784562455.968,53.103,-7.852173e-03,2.759125e-03,-1.708984e-02,7.324219e-04,2000,0,-1.570435e-03
2026-07-20T18:47:36.068,1784562456.068,53.203,-7.974121e-03,2.907045e-03,-1.733398e-02,1.464844e-03,2000,0,-1.594824e-03
2026-07-20T18:47:36.168,1784562456.169,53.303,-7.870239e-03,2.936298e-03,-1.757812e-02,4.638672e-03,2000,0,-1.574048e-03
2026-07-20T18:47:36.268,1784562456.269,53.403,-7.794312e-03,2.971774e-03,-1.879883e-02,2.441406e-03,2000,0,-1.558862e-03
2026-07-20T18:47:36.368,1784562456.369,53.503,-8.313477e-03,2.921888e-03,-1.855469e-02,9.765625e-04,2000,0,-1.662695e-03
2026-07-20T18:47:36.470,1784562456.471,53.603,-8.023926e-03,3.154889e-03,-1.831055e-02,1.464844e-03,2000,0,-1.604785e-03
2026-07-20T18:47:36.568,1784562456.569,53.703,-8.133423e-03,3.048862e-03,-2.294922e-02,1.953125e-03,2000,0,-1.626685e-03
2026-07-20T18:47:36.668,1784562456.669,53.803,-8.390625e-03,2.975899e-03,-1.733398e-02,1.953125e-03,2000,0,-1.678125e-03
2026-07-20T18:47:36.768,1784562456.768,53.903,-8.240479e-03,3.024566e-03,-1.904297e-02,1.953125e-03,2000,0,-1.648096e-03
2026-07-20T18:47:36.868,1784562456.868,54.003,-8.147339e-03,3.005514e-03,-1.782227e-02,2.441406e-03,2000,0,-1.629468e-03
2026-07-20T18:47:36.968,1784562456.969,54.103,-8.545166e-03,3.185544e-03,-2.197266e-02,3.417969e-03,2000,0,-1.709033e-03
2026-07-20T18:47:37.068,1784562457.068,54.203,-8.146851e-03,3.076472e-03,-1.684570e-02,3.173828e-03,2000,0,-1.629370e-03
2026-07-20T18:47:37.170,1784562457.170,54.303,-8.430298e-03,3.131260e-03,-1.831055e-02,9.765625e-04,2000,0,-1.686060e-03
2026-07-20T18:47:37.268,1784562457.269,54.403,-8.568237e-03,2.972560e-03,-2.001953e-02,3.417969e-03,2000,0,-1.713647e-03
2026-07-20T18:47:37.368,1784562457.369,54.503,-8.644897e-03,3.036042e-03,-1.977539e-02,2.685547e-03,2000,0,-1.728979e-03
2026-07-20T18:47:37.468,1784562457.469,54.603,-8.347290e-03,3.096683e-03,-1.782227e-02,2.685547e-03,2000,0,-1.669458e-03
2026-07-20T18:47:37.570,1784562457.571,54.703,-8.844971e-03,2.985327e-03,-2.001953e-02,1.953125e-03,2000,0,-1.768994e-03
2026-07-20T18:47:37.668,1784562457.668,54.803,-8.694702e-03,3.024193e-03,-2.368164e-02,1.953125e-03,2000,0,-1.738940e-03
2026-07-20T18:47:37.768,1784562457.769,54.903,-8.153198e-03,3.111314e-03,-1.806641e-02,3.417969e-03,2000,0,-1.630640e-03
2026-07-20T18:47:37.868,1784562457.868,55.003,-8.618286e-03,3.159506e-03,-2.709961e-02,1.293945e-02,2000,0,-1.723657e-03
2026-07-20T18:47:37.968,1784562457.968,55.103,-8.240601e-03,3.077951e-03,-1.733398e-02,3.173828e-03,2000,0,-1.648120e-03
2026-07-20T18:47:38.070,1784562458.070,55.203,-8.722412e-03,3.116849e-03,-1.782227e-02,7.324219e-03,2000,0,-1.744482e-03
2026-07-20T18:47:38.168,1784562458.168,55.303,-8.887573e-03,3.081328e-03,-2.050781e-02,1.953125e-03,2000,0,-1.777515e-03
2026-07-20T18:47:38.268,1784562458.269,55.403,-8.573975e-03,3.222609e-03,-1.806641e-02,1.953125e-03,2000,0,-1.714795e-03
2026-07-20T18:47:38.368,1784562458.369,55.503,-8.669067e-03,3.232628e-03,-2.343750e-02,1.708984e-03,2000,0,-1.733813e-03
2026-07-20T18:47:38.468,1784562458.469,55.603,-8.826416e-03,3.241877e-03,-2.001953e-02,2.197266e-03,2000,0,-1.765283e-03
2026-07-20T18:47:38.568,1784562458.568,55.703,-8.625610e-03,3.231368e-03,-1.977539e-02,1.708984e-03,2000,0,-1.725122e-03
2026-07-20T18:47:38.668,1784562458.668,55.803,-8.842529e-03,3.189490e-03,-2.075195e-02,1.220703e-03,2000,0,-1.768506e-03
2026-07-20T18:47:38.768,1784562458.768,55.903,-9.140747e-03,3.313938e-03,-2.099609e-02,6.591797e-03,2000,0,-1.828149e-03
2026-07-20T18:47:38.868,1784562458.868,56.003,-9.123535e-03,3.292308e-03,-2.172852e-02,2.929688e-03,2000,0,-1.824707e-03
2026-07-20T18:47:38.968,1784562458.969,56.103,-9.085083e-03,3.237164e-03,-1.953125e-02,4.150391e-03,2000,0,-1.817017e-03
2026-07-20T18:47:39.068,1784562459.068,56.203,-8.935791e-03,3.358658e-03,-1.928711e-02,1.708984e-03,2000,0,-1.787158e-03
2026-07-20T18:47:39.168,1784562459.168,56.303,-9.040649e-03,3.300909e-03,-1.855469e-02,2.441406e-03,2000,0,-1.808130e-03
2026-07-20T18:47:39.268,1784562459.268,56.403,-8.899658e-03,3.327860e-03,-1.953125e-02,1.464844e-03,2000,0,-1.779932e-03
2026-07-20T18:47:39.368,1784562459.368,56.503,-9.130371e-03,3.414921e-03,-2.075195e-02,9.765625e-04,2000,0,-1.826074e-03
2026-07-20T18:47:39.468,1784562459.468,56.603,-8.864136e-03,3.322017e-03,-2.099609e-02,1.464844e-03,2000,0,-1.772827e-03
2026-07-20T18:47:39.570,1784562459.570,56.703,-8.385010e-03,3.456862e-03,-2.612305e-02,3.417969e-03,2000,0,-1.677002e-03
2026-07-20T18:47:39.668,1784562459.668,56.803,-8.900269e-03,3.194811e-03,-2.026367e-02,7.324219e-04,2000,0,-1.780054e-03
2026-07-20T18:47:39.768,1784562459.768,56.903,-8.755859e-03,3.316168e-03,-2.075195e-02,9.765625e-04,2000,0,-1.751172e-03
2026-07-20T18:47:39.868,1784562459.869,57.003,-8.614014e-03,3.258842e-03,-1.757812e-02,7.324219e-04,2000,0,-1.722803e-03
2026-07-20T18:47:39.968,1784562459.969,57.103,-8.944946e-03,3.300388e-03,-1.855469e-02,2.441406e-03,2000,0,-1.788989e-03
2026-07-20T18:47:40.071,1784562460.071,57.203,-9.590088e-03,3.093282e-03,-1.928711e-02,2.441406e-04,2000,0,-1.918018e-03
2026-07-20T18:47:40.169,1784562460.170,57.303,-8.170776e-03,3.296422e-03,-1.855469e-02,3.173828e-03,2000,0,-1.634155e-03
2026-07-20T18:47:40.270,1784562460.271,57.403,-9.234131e-03,3.295977e-03,-1.904297e-02,1.464844e-03,2000,0,-1.846826e-03
2026-07-20T18:47:40.368,1784562460.369,57.503,-9.175537e-03,3.307859e-03,-1.953125e-02,1.708984e-03,2000,0,-1.835107e-03
2026-07-20T18:47:40.468,1784562460.469,57.603,-8.561768e-03,3.358254e-03,-1.953125e-02,1.708984e-03,2000,0,-1.712354e-03
2026-07-20T18:47:40.568,1784562460.569,57.703,-9.186646e-03,3.187915e-03,-1.928711e-02,0.000000e+00,2000,0,-1.837329e-03
2026-07-20T18:47:40.668,1784562460.669,57.803,-8.962646e-03,3.360465e-03,-2.026367e-02,9.765625e-04,2000,0,-1.792529e-03
2026-07-20T18:47:40.768,1784562460.768,57.903,-8.758789e-03,3.391601e-03,-1.855469e-02,2.197266e-03,2000,0,-1.751758e-03
2026-07-20T18:47:40.868,1784562460.868,58.003,-8.801392e-03,3.484999e-03,-1.806641e-02,3.417969e-03,2000,0,-1.760278e-03
2026-07-20T18:47:40.968,1784562460.968,58.103,-8.650024e-03,3.316192e-03,-1.855469e-02,2.441406e-03,2000,0,-1.730005e-03
2026-07-20T18:47:41.068,1784562461.068,58.203,-8.720947e-03,3.376467e-03,-1.977539e-02,3.417969e-03,2000,0,-1.744189e-03
2026-07-20T18:47:41.173,1784562461.174,58.306,-9.491821e-03,3.557865e-03,-2.343750e-02,3.417969e-03,2000,0,-1.898364e-03
2026-07-20T18:47:41.268,1784562461.268,58.403,-8.679077e-03,3.486167e-03,-2.026367e-02,1.464844e-03,2000,0,-1.735815e-03
2026-07-20T18:47:41.368,1784562461.368,58.503,-8.713501e-03,3.575879e-03,-2.148438e-02,1.464844e-03,2000,0,-1.742700e-03
2026-07-20T18:47:41.468,1784562461.469,58.603,-9.456909e-03,3.657790e-03,-2.099609e-02,1.464844e-03,2000,0,-1.891382e-03
2026-07-20T18:47:41.568,1784562461.568,58.703,-8.717407e-03,3.758746e-03,-2.661133e-02,3.173828e-03,2000,0,-1.743481e-03
2026-07-20T18:47:41.668,1784562461.669,58.803,-8.807617e-03,3.644368e-03,-1.953125e-02,1.220703e-02,2000,0,-1.761523e-03
2026-07-20T18:47:41.770,1784562461.770,58.903,-9.183228e-03,3.576513e-03,-1.953125e-02,1.464844e-03,2000,0,-1.836646e-03
2026-07-20T18:47:41.870,1784562461.871,59.003,-9.102905e-03,3.622120e-03,-1.977539e-02,2.441406e-03,2000,0,-1.820581e-03
2026-07-20T18:47:41.968,1784562461.969,59.103,-8.574341e-03,3.799302e-03,-2.392578e-02,1.708984e-03,2000,0,-1.714868e-03
2026-07-20T18:47:42.068,1784562462.069,59.203,-9.402100e-03,3.646442e-03,-2.612305e-02,1.220703e-03,2000,0,-1.880420e-03
2026-07-20T18:47:42.168,1784562462.169,59.303,-8.627075e-03,3.702811e-03,-2.001953e-02,1.708984e-03,2000,0,-1.725415e-03
2026-07-20T18:47:42.268,1784562462.269,59.403,-8.785278e-03,3.838612e-03,-2.368164e-02,4.394531e-03,2000,0,-1.757056e-03
2026-07-20T18:47:42.370,1784562462.371,59.503,-9.122070e-03,3.768906e-03,-2.343750e-02,4.882812e-04,2000,0,-1.824414e-03
2026-07-20T18:47:42.468,1784562462.468,59.603,-8.846680e-03,3.789935e-03,-2.148438e-02,1.464844e-03,2000,0,-1.769336e-03
2026-07-20T18:47:42.568,1784562462.568,59.703,-8.558838e-03,3.677918e-03,-2.099609e-02,4.638672e-03,2000,0,-1.711768e-03
2026-07-20T18:47:42.668,1784562462.669,59.803,-9.030396e-03,3.909730e-03,-2.221680e-02,4.150391e-03,2000,0,-1.806079e-03
2026-07-20T18:47:42.768,1784562462.768,59.903,-8.833252e-03,3.877152e-03,-3.027344e-02,3.173828e-03,2000,0,-1.766650e-03
2026-07-20T18:47:42.868,1784562462.868,60.003,-8.831299e-03,3.845281e-03,-2.319336e-02,2.197266e-03,2000,0,-1.766260e-03
2026-07-20T18:47:42.968,1784562462.968,60.103,-8.772217e-03,3.771038e-03,-2.319336e-02,6.347656e-03,2000,0,-1.754443e-03
2026-07-20T18:47:43.068,1784562463.069,60.203,-8.514771e-03,3.863044e-03,-2.294922e-02,4.150391e-03,2000,0,-1.702954e-03
2026-07-20T18:47:43.168,1784562463.168,60.303,-8.950317e-03,4.023747e-03,-2.172852e-02,5.615234e-03,2000,0,-1.790063e-03
2026-07-20T18:47:43.270,1784562463.270,60.403,-9.161865e-03,3.929718e-03,-2.319336e-02,2.685547e-03,2000,0,-1.832373e-03
2026-07-20T18:47:43.368,1784562463.369,60.503,-8.364868e-03,3.986119e-03,-2.270508e-02,1.953125e-03,2000,0,-1.672974e-03
2026-07-20T18:47:43.468,1784562463.468,60.603,-8.541748e-03,3.929222e-03,-2.294922e-02,1.953125e-03,2000,0,-1.708350e-03
2026-07-20T18:47:43.568,1784562463.569,60.703,-8.969360e-03,3.958852e-03,-2.099609e-02,1.953125e-03,2000,0,-1.793872e-03
2026-07-20T18:47:43.668,1784562463.669,60.803,-9.176514e-03,3.979735e-03,-2.294922e-02,4.638672e-03,2000,0,-1.835303e-03
2026-07-20T18:47:43.768,1784562463.769,60.903,-8.910767e-03,4.038259e-03,-2.124023e-02,1.953125e-03,2000,0,-1.782153e-03
2026-07-20T18:47:43.868,1784562463.869,61.003,-8.885132e-03,4.008479e-03,-2.954102e-02,1.464844e-03,2000,0,-1.777026e-03
2026-07-20T18:47:43.968,1784562463.968,61.103,-9.076904e-03,4.054609e-03,-2.172852e-02,7.324219e-04,2000,0,-1.815381e-03
2026-07-20T18:47:44.068,1784562464.068,61.203,-8.726196e-03,3.901274e-03,-1.928711e-02,3.906250e-03,2000,0,-1.745239e-03
2026-07-20T18:47:44.168,1784562464.168,61.303,-9.118286e-03,4.004323e-03,-1.953125e-02,6.347656e-03,2000,0,-1.823657e-03
2026-07-20T18:47:44.268,1784562464.268,61.403,-8.727783e-03,4.036354e-03,-2.050781e-02,4.394531e-03,2000,0,-1.745557e-03
2026-07-20T18:47:44.368,1784562464.369,61.503,-9.280762e-03,3.913109e-03,-2.685547e-02,2.929688e-03,2000,0,-1.856152e-03
2026-07-20T18:47:44.470,1784562464.471,61.603,-9.327271e-03,3.994484e-03,-2.368164e-02,2.685547e-03,2000,0,-1.865454e-03
2026-07-20T18:47:44.570,1784562464.570,61.703,-8.683350e-03,3.958690e-03,-2.172852e-02,4.638672e-03,2000,0,-1.736670e-03
2026-07-20T18:47:44.670,1784562464.671,61.803,-8.806396e-03,3.946826e-03,-1.953125e-02,4.394531e-03,2000,0,-1.761279e-03
2026-07-20T18:47:44.768,1784562464.769,61.903,-9.492676e-03,4.058041e-03,-2.001953e-02,5.859375e-03,2000,0,-1.898535e-03
2026-07-20T18:47:44.870,1784562464.871,62.003,-8.518066e-03,4.014840e-03,-2.001953e-02,4.394531e-03,2000,0,-1.703613e-03
2026-07-20T18:47:44.970,1784562464.970,62.103,-8.932495e-03,3.976206e-03,-3.466797e-02,5.859375e-03,2000,0,-1.786499e-03
2026-07-20T18:47:45.070,1784562465.071,62.203,-9.343262e-03,3.949937e-03,-2.172852e-02,3.173828e-03,2000,0,-1.868652e-03
2026-07-20T18:47:45.170,1784562465.171,62.303,-8.570679e-03,4.018249e-03,-1.928711e-02,7.324219e-03,2000,0,-1.714136e-03
2026-07-20T18:47:45.268,1784562465.269,62.403,-8.940063e-03,3.935400e-03,-2.075195e-02,5.371094e-03,2000,0,-1.788013e-03
2026-07-20T18:47:45.368,1784562465.369,62.503,-9.320068e-03,3.927891e-03,-2.172852e-02,4.882812e-03,2000,0,-1.864014e-03
2026-07-20T18:47:45.468,1784562465.469,62.603,-8.668335e-03,4.105644e-03,-1.977539e-02,5.126953e-03,2000,0,-1.733667e-03
2026-07-20T18:47:45.570,1784562465.571,62.703,-8.852417e-03,4.030348e-03,-2.124023e-02,5.126953e-03,2000,0,-1.770483e-03
2026-07-20T18:47:45.668,1784562465.669,62.803,-9.470337e-03,3.867642e-03,-2.172852e-02,5.615234e-03,2000,0,-1.894067e-03
2026-07-20T18:47:45.768,1784562465.769,62.903,-8.743530e-03,3.857690e-03,-1.928711e-02,5.615234e-03,2000,0,-1.748706e-03
2026-07-20T18:47:45.868,1784562465.869,63.003,-9.039185e-03,3.920718e-03,-2.099609e-02,5.859375e-03,2000,0,-1.807837e-03
2026-07-20T18:47:45.968,1784562465.968,63.103,-9.109131e-03,4.096904e-03,-2.343750e-02,5.371094e-03,2000,0,-1.821826e-03
2026-07-20T18:47:46.068,1784562466.069,63.203,-8.697388e-03,3.701388e-03,-2.026367e-02,6.835938e-03,2000,0,-1.739478e-03
2026-07-20T18:47:46.168,1784562466.169,63.303,-8.774536e-03,3.716162e-03,-2.441406e-02,4.882812e-03,2000,0,-1.754907e-03
2026-07-20T18:47:46.268,1784562466.268,63.403,-9.190918e-03,3.934155e-03,-2.197266e-02,5.615234e-03,2000,0,-1.838184e-03
2026-07-20T18:47:46.368,1784562466.368,63.503,-8.846680e-03,3.804736e-03,-2.075195e-02,5.859375e-03,2000,0,-1.769336e-03
2026-07-20T18:47:46.468,1784562466.469,63.603,-8.314331e-03,3.607663e-03,-2.001953e-02,4.394531e-03,2000,0,-1.662866e-03
2026-07-20T18:47:46.568,1784562466.569,63.703,-9.491943e-03,3.567064e-03,-2.001953e-02,4.638672e-03,2000,0,-1.898389e-03
2026-07-20T18:47:46.668,1784562466.669,63.803,-8.680542e-03,3.547951e-03,-2.124023e-02,3.906250e-03,2000,0,-1.736108e-03
2026-07-20T18:47:46.768,1784562466.769,63.903,-9.110840e-03,3.366095e-03,-2.001953e-02,4.394531e-03,2000,0,-1.822168e-03
2026-07-20T18:47:46.868,1784562466.868,64.003,-9.251953e-03,3.711573e-03,-2.197266e-02,4.394531e-03,2000,0,-1.850391e-03
2026-07-20T18:47:46.968,1784562466.969,64.103,-8.594360e-03,3.302551e-03,-1.953125e-02,1.342773e-02,2000,0,-1.718872e-03
2026-07-20T18:47:47.068,1784562467.069,64.203,-8.506592e-03,3.296959e-03,-2.001953e-02,3.662109e-03,2000,0,-1.701318e-03
2026-07-20T18:47:47.170,1784562467.171,64.303,-8.942139e-03,3.169824e-03,-2.075195e-02,2.685547e-03,2000,0,-1.788428e-03
2026-07-20T18:47:47.268,1784562467.269,64.403,-8.515747e-03,3.204323e-03,-1.806641e-02,3.662109e-03,2000,0,-1.703149e-03
2026-07-20T18:47:47.368,1784562467.369,64.503,-8.421143e-03,3.356138e-03,-1.904297e-02,2.929688e-03,2000,0,-1.684229e-03
2026-07-20T18:47:47.468,1784562467.468,64.603,-8.750244e-03,3.387074e-03,-2.075195e-02,3.662109e-03,2000,0,-1.750049e-03
2026-07-20T18:47:47.568,1784562467.569,64.703,-8.710083e-03,3.256225e-03,-2.075195e-02,2.441406e-03,2000,0,-1.742017e-03
2026-07-20T18:47:47.668,1784562467.669,64.803,-8.809570e-03,3.174447e-03,-1.928711e-02,3.662109e-03,2000,0,-1.761914e-03
2026-07-20T18:47:47.768,1784562467.769,64.903,-9.365967e-03,3.255524e-03,-2.099609e-02,2.197266e-03,2000,0,-1.873193e-03
2026-07-20T18:47:47.868,1784562467.868,65.003,-8.655151e-03,3.270834e-03,-1.928711e-02,3.417969e-03,2000,0,-1.731030e-03
2026-07-20T18:47:47.970,1784562467.970,65.103,-9.046021e-03,3.230634e-03,-1.831055e-02,1.708984e-03,2000,0,-1.809204e-03
2026-07-20T18:47:48.068,1784562468.068,65.203,-9.076172e-03,3.234039e-03,-2.075195e-02,4.882812e-04,2000,0,-1.815234e-03
2026-07-20T18:47:48.168,1784562468.168,65.303,-8.664917e-03,3.217612e-03,-1.733398e-02,3.417969e-03,2000,0,-1.732983e-03
2026-07-20T18:47:48.270,1784562468.270,65.403,-8.495483e-03,3.290147e-03,-1.977539e-02,9.765625e-03,2000,0,-1.699097e-03
2026-07-20T18:47:48.368,1784562468.369,65.503,-9.336670e-03,3.240942e-03,-1.928711e-02,1.098633e-02,2000,0,-1.867334e-03
2026-07-20T18:47:48.468,1784562468.468,65.603,-8.153564e-03,3.356347e-03,-1.831055e-02,1.098633e-02,2000,0,-1.630713e-03
2026-07-20T18:47:48.568,1784562468.569,65.703,-8.922363e-03,3.284847e-03,-1.806641e-02,7.324219e-04,2000,0,-1.784473e-03
2026-07-20T18:47:48.670,1784562468.671,65.803,-8.821411e-03,3.355295e-03,-1.904297e-02,2.441406e-03,2000,0,-1.764282e-03
2026-07-20T18:47:48.768,1784562468.769,65.903,-8.776367e-03,3.349724e-03,-1.855469e-02,2.441406e-04,2000,0,-1.755273e-03
2026-07-20T18:47:48.868,1784562468.869,66.003,-8.888184e-03,3.355581e-03,-2.001953e-02,3.662109e-03,2000,0,-1.777637e-03
2026-07-20T18:47:48.968,1784562468.969,66.103,-9.029785e-03,3.348447e-03,-2.026367e-02,2.929688e-03,2000,0,-1.805957e-03
2026-07-20T18:47:49.068,1784562469.069,66.203,-8.366577e-03,3.275189e-03,-2.465820e-02,3.417969e-03,2000,0,-1.673315e-03
2026-07-20T18:47:49.168,1784562469.168,66.303,-8.908203e-03,3.297009e-03,-2.026367e-02,2.441406e-03,2000,0,-1.781641e-03
2026-07-20T18:47:49.268,1784562469.269,66.403,-8.779297e-03,3.343153e-03,-1.953125e-02,2.685547e-03,2000,0,-1.755859e-03
2026-07-20T18:47:49.368,1784562469.369,66.503,-8.327515e-03,3.413384e-03,-1.953125e-02,2.685547e-03,2000,0,-1.665503e-03
2026-07-20T18:47:49.468,1784562469.468,66.603,-8.637695e-03,3.200390e-03,-2.050781e-02,2.197266e-03,2000,0,-1.727539e-03
2026-07-20T18:47:49.568,1784562469.568,66.703,-9.028198e-03,3.147560e-03,-2.026367e-02,1.464844e-03,2000,0,-1.805640e-03
2026-07-20T18:47:49.668,1784562469.669,66.803,-7.984863e-03,3.275887e-03,-2.050781e-02,1.708984e-03,2000,0,-1.596973e-03
2026-07-20T18:47:49.768,1784562469.769,66.903,-9.000488e-03,3.299523e-03,-1.855469e-02,2.441406e-03,2000,0,-1.800098e-03
2026-07-20T18:47:49.868,1784562469.869,67.003,-8.745117e-03,3.097158e-03,-1.879883e-02,2.197266e-03,2000,0,-1.749023e-03
2026-07-20T18:47:49.968,1784562469.969,67.103,-8.198242e-03,3.079470e-03,-1.977539e-02,2.197266e-03,2000,0,-1.639648e-03
2026-07-20T18:47:50.068,1784562470.069,67.203,-8.627075e-03,2.946700e-03,-1.757812e-02,2.929688e-03,2000,0,-1.725415e-03
2026-07-20T18:47:50.168,1784562470.169,67.303,-8.919189e-03,2.917148e-03,-1.757812e-02,7.324219e-04,2000,0,-1.783838e-03
2026-07-20T18:47:50.271,1784562470.271,67.403,-9.162598e-03,2.875569e-03,-1.806641e-02,1.220703e-03,2000,0,-1.832520e-03
2026-07-20T18:47:50.370,1784562470.371,67.503,-9.276733e-03,2.797371e-03,-1.782227e-02,4.882812e-04,2000,0,-1.855347e-03
2026-07-20T18:47:50.468,1784562470.469,67.603,-8.776123e-03,2.708456e-03,-1.684570e-02,2.441406e-04,2000,0,-1.755225e-03
2026-07-20T18:47:50.568,1784562470.568,67.703,-8.528931e-03,2.646795e-03,-1.757812e-02,4.882812e-04,2000,0,-1.705786e-03
2026-07-20T18:47:50.670,1784562470.671,67.803,-8.547485e-03,2.682898e-03,-1.855469e-02,1.953125e-03,2000,0,-1.709497e-03
2026-07-20T18:47:50.768,1784562470.769,67.903,-8.908081e-03,2.662206e-03,-1.660156e-02,3.417969e-03,2000,0,-1.781616e-03
2026-07-20T18:47:50.871,1784562470.871,68.003,-8.725464e-03,2.612095e-03,-1.708984e-02,-2.441406e-04,2000,0,-1.745093e-03
2026-07-20T18:47:50.970,1784562470.971,68.103,-8.453369e-03,2.546006e-03,-2.026367e-02,1.708984e-03,2000,0,-1.690674e-03
2026-07-20T18:47:51.071,1784562471.071,68.203,-8.811768e-03,2.569310e-03,-1.708984e-02,4.882812e-04,2000,0,-1.762354e-03
2026-07-20T18:47:51.168,1784562471.169,68.303,-7.778687e-03,2.603898e-03,-1.684570e-02,7.568359e-03,2000,0,-1.555737e-03
2026-07-20T18:47:51.268,1784562471.269,68.403,-7.882080e-03,2.538074e-03,-1.977539e-02,4.150391e-03,2000,0,-1.576416e-03
2026-07-20T18:47:51.368,1784562471.369,68.503,-7.983521e-03,2.645225e-03,-1.879883e-02,9.765625e-04,2000,0,-1.596704e-03
2026-07-20T18:47:51.468,1784562471.469,68.603,-7.904663e-03,2.631571e-03,-2.416992e-02,1.708984e-03,2000,0,-1.580933e-03
2026-07-20T18:47:51.568,1784562471.569,68.703,-8.691040e-03,2.733920e-03,-1.782227e-02,3.906250e-03,2000,0,-1.738208e-03
2026-07-20T18:47:51.670,1784562471.671,68.803,-8.465454e-03,2.605766e-03,-1.879883e-02,1.708984e-03,2000,0,-1.693091e-03
2026-07-20T18:47:51.771,1784562471.771,68.903,-8.015259e-03,2.822056e-03,-1.733398e-02,2.197266e-03,2000,0,-1.603052e-03
2026-07-20T18:47:51.868,1784562471.869,69.003,-7.921753e-03,2.866623e-03,-1.684570e-02,1.953125e-03,2000,0,-1.584351e-03
2026-07-20T18:47:51.968,1784562471.969,69.103,-7.986938e-03,2.914072e-03,-1.757812e-02,2.197266e-03,2000,0,-1.597388e-03
2026-07-20T18:47:52.070,1784562472.071,69.203,-7.837524e-03,2.990449e-03,-1.879883e-02,2.197266e-03,2000,0,-1.567505e-03
2026-07-20T18:47:52.168,1784562472.169,69.303,-7.841919e-03,3.199425e-03,-1.757812e-02,2.197266e-03,2000,0,-1.568384e-03
2026-07-20T18:47:52.268,1784562472.269,69.403,-8.143555e-03,3.029049e-03,-1.684570e-02,8.056641e-03,2000,0,-1.628711e-03
2026-07-20T18:47:52.368,1784562472.369,69.503,-8.120728e-03,3.174275e-03,-1.831055e-02,3.662109e-03,2000,0,-1.624146e-03
2026-07-20T18:47:52.468,1784562472.469,69.603,-7.992676e-03,3.151924e-03,-2.490234e-02,1.708984e-03,2000,0,-1.598535e-03
2026-07-20T18:47:52.568,1784562472.569,69.703,-8.507202e-03,3.198341e-03,-2.148438e-02,2.441406e-03,2000,0,-1.701440e-03
2026-07-20T18:47:52.670,1784562472.671,69.803,-7.622559e-03,3.091940e-03,-1.660156e-02,3.662109e-03,2000,0,-1.524512e-03
2026-07-20T18:47:52.770,1784562472.771,69.903,-7.998413e-03,3.216089e-03,-1.684570e-02,2.685547e-03,2000,0,-1.599683e-03
2026-07-20T18:47:52.868,1784562472.869,70.003,-8.236206e-03,3.394034e-03,-2.075195e-02,3.662109e-03,2000,0,-1.647241e-03
2026-07-20T18:47:52.968,1784562472.968,70.103,-7.695190e-03,3.305836e-03,-1.782227e-02,3.662109e-03,2000,0,-1.539038e-03
2026-07-20T18:47:53.068,1784562473.068,70.203,-7.870117e-03,3.368674e-03,-1.757812e-02,2.685547e-03,2000,0,-1.574023e-03
2026-07-20T18:47:53.168,1784562473.168,70.303,-7.633545e-03,3.330509e-03,-1.953125e-02,5.371094e-03,2000,0,-1.526709e-03
2026-07-20T18:47:53.268,1784562473.268,70.403,-7.327759e-03,3.413984e-03,-1.782227e-02,6.835938e-03,2000,0,-1.465552e-03
2026-07-20T18:47:53.368,1784562473.368,70.503,-7.780396e-03,3.186696e-03,-1.635742e-02,4.150391e-03,2000,0,-1.556079e-03
2026-07-20T18:47:53.468,1784562473.469,70.603,-7.840454e-03,3.266446e-03,-1.855469e-02,4.882812e-03,2000,0,-1.568091e-03
2026-07-20T18:47:53.568,1784562473.568,70.703,-7.818115e-03,3.280622e-03,-2.124023e-02,1.708984e-03,2000,0,-1.563623e-03
2026-07-20T18:47:53.668,1784562473.669,70.803,-7.268188e-03,3.167331e-03,-1.660156e-02,1.953125e-03,2000,0,-1.453638e-03
2026-07-20T18:47:53.768,1784562473.769,70.903,-7.723999e-03,3.312225e-03,-1.879883e-02,2.929688e-03,2000,0,-1.544800e-03
2026-07-20T18:47:53.868,1784562473.869,71.003,-7.698608e-03,3.198921e-03,-1.831055e-02,1.708984e-03,2000,0,-1.539722e-03
2026-07-20T18:47:53.968,1784562473.968,71.103,-8.512573e-03,3.218982e-03,-1.855469e-02,1.464844e-03,2000,0,-1.702515e-03
2026-07-20T18:47:54.070,1784562474.070,71.203,-7.832520e-03,3.261359e-03,-1.782227e-02,1.464844e-03,2000,0,-1.566504e-03
2026-07-20T18:47:54.168,1784562474.169,71.303,-7.785645e-03,3.178959e-03,-1.708984e-02,4.394531e-03,2000,0,-1.557129e-03
2026-07-20T18:47:54.268,1784562474.268,71.403,-8.048584e-03,3.254578e-03,-1.879883e-02,1.953125e-03,2000,0,-1.609717e-03
2026-07-20T18:47:54.368,1784562474.368,71.503,-8.063965e-03,3.056170e-03,-1.879883e-02,3.662109e-03,2000,0,-1.612793e-03
2026-07-20T18:47:54.468,1784562474.469,71.603,-7.331055e-03,3.252190e-03,-1.928711e-02,2.441406e-03,2000,0,-1.466211e-03
2026-07-20T18:47:54.570,1784562474.571,71.703,-7.779785e-03,3.139377e-03,-1.806641e-02,3.417969e-03,2000,0,-1.555957e-03
2026-07-20T18:47:54.668,1784562474.668,71.803,-7.726440e-03,3.180078e-03,-1.831055e-02,3.173828e-03,2000,0,-1.545288e-03
2026-07-20T18:47:54.768,1784562474.768,71.903,-7.376099e-03,3.135533e-03,-1.733398e-02,3.173828e-03,2000,0,-1.475220e-03
2026-07-20T18:47:54.868,1784562474.869,72.003,-7.960693e-03,3.056408e-03,-1.879883e-02,1.220703e-03,2000,0,-1.592139e-03
2026-07-20T18:47:54.968,1784562474.968,72.103,-7.766602e-03,3.196552e-03,-2.221680e-02,2.441406e-03,2000,0,-1.553320e-03
2026-07-20T18:47:55.068,1784562475.069,72.203,-7.521851e-03,3.060332e-03,-1.733398e-02,3.417969e-03,2000,0,-1.504370e-03
2026-07-20T18:47:55.170,1784562475.170,72.303,-7.651611e-03,2.946300e-03,-1.733398e-02,1.464844e-03,2000,0,-1.530322e-03
2026-07-20T18:47:55.268,1784562475.269,72.403,-8.077393e-03,2.960821e-03,-1.928711e-02,2.685547e-03,2000,0,-1.615479e-03
2026-07-20T18:47:55.368,1784562475.369,72.503,-7.636108e-03,2.877490e-03,-1.708984e-02,1.708984e-03,2000,0,-1.527222e-03
2026-07-20T18:47:55.468,1784562475.469,72.603,-8.798218e-03,3.083633e-03,-2.099609e-02,4.394531e-03,2000,0,-1.759644e-03
2026-07-20T18:47:55.568,1784562475.569,72.703,-8.116821e-03,2.984600e-03,-2.075195e-02,1.708984e-03,2000,0,-1.623364e-03
2026-07-20T18:47:55.670,1784562475.671,72.803,-7.550415e-03,2.997378e-03,-1.904297e-02,2.441406e-03,2000,0,-1.510083e-03
2026-07-20T18:47:55.768,1784562475.769,72.903,-8.311768e-03,2.922425e-03,-1.782227e-02,3.173828e-03,2000,0,-1.662354e-03
2026-07-20T18:47:55.868,1784562475.869,73.003,-8.314453e-03,3.046792e-03,-1.660156e-02,2.929688e-03,2000,0,-1.662891e-03
2026-07-20T18:47:55.968,1784562475.969,73.103,-7.887329e-03,2.994766e-03,-1.708984e-02,2.929688e-03,2000,0,-1.577466e-03
2026-07-20T18:47:56.070,1784562476.071,73.203,-8.563721e-03,3.062073e-03,-1.879883e-02,1.708984e-03,2000,0,-1.712744e-03
2026-07-20T18:47:56.168,1784562476.168,73.303,-8.065918e-03,3.202326e-03,-1.757812e-02,2.197266e-03,2000,0,-1.613184e-03
2026-07-20T18:47:56.268,1784562476.269,73.403,-7.969116e-03,3.108342e-03,-1.782227e-02,2.685547e-03,2000,0,-1.593823e-03
2026-07-20T18:47:56.368,1784562476.369,73.503,-8.593384e-03,2.948387e-03,-1.782227e-02,2.929688e-03,2000,0,-1.718677e-03
2026-07-20T18:47:56.468,1784562476.469,73.603,-8.235840e-03,2.995927e-03,-1.684570e-02,2.441406e-03,2000,0,-1.647168e-03
2026-07-20T18:47:56.571,1784562476.571,73.703,-7.944580e-03,3.015491e-03,-2.124023e-02,2.197266e-03,2000,0,-1.588916e-03
2026-07-20T18:47:56.668,1784562476.669,73.803,-8.822144e-03,3.008454e-03,-1.928711e-02,4.150391e-03,2000,0,-1.764429e-03
2026-07-20T18:47:56.768,1784562476.769,73.903,-8.131226e-03,3.134086e-03,-1.879883e-02,2.197266e-03,2000,0,-1.626245e-03
2026-07-20T18:47:56.868,1784562476.869,74.003,-8.071533e-03,3.037636e-03,-1.831055e-02,2.685547e-03,2000,0,-1.614307e-03
2026-07-20T18:47:56.968,1784562476.969,74.103,-9.543579e-03,2.936092e-03,-1.831055e-02,-2.441406e-04,2000,0,-1.908716e-03
2026-07-20T18:47:57.068,1784562477.069,74.203,-8.342163e-03,3.060698e-03,-2.001953e-02,4.882812e-04,2000,0,-1.668433e-03
2026-07-20T18:47:57.168,1784562477.168,74.303,-8.579346e-03,3.080143e-03,-2.001953e-02,1.708984e-03,2000,0,-1.715869e-03
2026-07-20T18:47:57.268,1784562477.269,74.403,-8.847412e-03,3.185393e-03,-2.099609e-02,9.765625e-04,2000,0,-1.769482e-03
2026-07-20T18:47:57.368,1784562477.369,74.503,-9.222046e-03,3.154928e-03,-1.904297e-02,2.441406e-04,2000,0,-1.844409e-03
2026-07-20T18:47:57.468,1784562477.468,74.603,-8.225952e-03,3.133386e-03,-1.928711e-02,4.882812e-04,2000,0,-1.645190e-03
2026-07-20T18:47:57.570,1784562477.571,74.703,-8.788208e-03,3.014484e-03,-2.124023e-02,3.173828e-03,2000,0,-1.757642e-03
2026-07-20T18:47:57.668,1784562477.669,74.803,-8.803589e-03,3.104044e-03,-1.953125e-02,1.171875e-02,2000,0,-1.760718e-03
2026-07-20T18:47:57.768,1784562477.769,74.903,-8.278931e-03,3.207412e-03,-1.904297e-02,5.126953e-03,2000,0,-1.655786e-03
2026-07-20T18:47:57.868,1784562477.869,75.003,-8.985474e-03,3.093969e-03,-1.806641e-02,9.765625e-04,2000,0,-1.797095e-03
2026-07-20T18:47:57.968,1784562477.969,75.103,-8.692993e-03,3.238345e-03,-1.831055e-02,3.906250e-03,2000,0,-1.738599e-03
2026-07-20T18:47:58.068,1784562478.069,75.203,-8.137207e-03,3.104813e-03,-1.928711e-02,2.441406e-03,2000,0,-1.627441e-03
2026-07-20T18:47:58.170,1784562478.171,75.303,-8.982056e-03,3.180709e-03,-1.977539e-02,1.220703e-03,2000,0,-1.796411e-03
2026-07-20T18:47:58.268,1784562478.268,75.403,-8.800781e-03,3.115561e-03,-1.855469e-02,1.708984e-03,2000,0,-1.760156e-03
2026-07-20T18:47:58.368,1784562478.369,75.503,-8.639282e-03,3.136329e-03,-1.904297e-02,1.464844e-03,2000,0,-1.727856e-03
2026-07-20T18:47:58.468,1784562478.469,75.603,-8.968872e-03,3.231135e-03,-2.441406e-02,2.197266e-03,2000,0,-1.793774e-03
2026-07-20T18:47:58.568,1784562478.569,75.703,-9.294434e-03,3.309606e-03,-2.050781e-02,1.220703e-03,2000,0,-1.858887e-03
2026-07-20T18:47:58.668,1784562478.668,75.803,-8.753906e-03,3.091694e-03,-1.928711e-02,3.417969e-03,2000,0,-1.750781e-03
2026-07-20T18:47:58.768,1784562478.769,75.903,-8.874634e-03,3.275332e-03,-2.124023e-02,1.220703e-03,2000,0,-1.774927e-03
2026-07-20T18:47:58.868,1784562478.868,76.003,-9.525757e-03,3.081981e-03,-1.977539e-02,0.000000e+00,2000,0,-1.905151e-03
2026-07-20T18:47:58.968,1784562478.969,76.103,-8.755371e-03,3.264562e-03,-1.831055e-02,2.441406e-03,2000,0,-1.751074e-03
2026-07-20T18:47:59.068,1784562479.069,76.203,-8.917114e-03,3.244237e-03,-1.904297e-02,2.685547e-03,2000,0,-1.783423e-03
2026-07-20T18:47:59.168,1784562479.168,76.303,-9.386475e-03,3.229826e-03,-1.904297e-02,9.765625e-04,2000,0,-1.877295e-03
2026-07-20T18:47:59.268,1784562479.269,76.403,-8.862671e-03,3.308764e-03,-1.953125e-02,1.220703e-03,2000,0,-1.772534e-03
2026-07-20T18:47:59.368,1784562479.368,76.503,-9.191895e-03,3.189092e-03,-1.928711e-02,1.953125e-03,2000,0,-1.838379e-03
2026-07-20T18:47:59.468,1784562479.468,76.603,-9.245483e-03,3.189718e-03,-2.148438e-02,1.953125e-03,2000,0,-1.849097e-03
2026-07-20T18:47:59.568,1784562479.568,76.703,-8.872314e-03,3.202849e-03,-2.294922e-02,1.953125e-03,2000,0,-1.774463e-03
2026-07-20T18:47:59.668,1784562479.668,76.803,-8.904785e-03,3.113959e-03,-1.831055e-02,9.765625e-04,2000,0,-1.780957e-03
2026-07-20T18:47:59.768,1784562479.768,76.903,-9.274658e-03,3.158965e-03,-1.904297e-02,4.882812e-04,2000,0,-1.854932e-03
2026-07-20T18:47:59.868,1784562479.868,77.003,-8.547241e-03,3.298803e-03,-1.879883e-02,1.708984e-03,2000,0,-1.709448e-03
2026-07-20T18:47:59.968,1784562479.968,77.103,-9.002930e-03,3.200735e-03,-1.879883e-02,1.708984e-03,2000,0,-1.800586e-03
2026-07-20T18:48:00.068,1784562480.068,77.203,-9.162109e-03,3.168426e-03,-2.099609e-02,7.324219e-04,2000,0,-1.832422e-03
2026-07-20T18:48:00.168,1784562480.168,77.303,-8.821655e-03,3.334023e-03,-2.026367e-02,9.765625e-04,2000,0,-1.764331e-03
2026-07-20T18:48:00.270,1784562480.271,77.403,-9.253784e-03,3.293630e-03,-1.928711e-02,1.220703e-03,2000,0,-1.850757e-03
2026-07-20T18:48:00.368,1784562480.368,77.503,-9.317505e-03,3.243566e-03,-1.855469e-02,1.708984e-03,2000,0,-1.863501e-03
2026-07-20T18:48:00.468,1784562480.469,77.603,-8.951416e-03,3.217684e-03,-1.953125e-02,3.173828e-03,2000,0,-1.790283e-03
2026-07-20T18:48:00.568,1784562480.568,77.703,-8.951294e-03,3.202674e-03,-1.953125e-02,4.882812e-04,2000,0,-1.790259e-03
2026-07-20T18:48:00.670,1784562480.670,77.803,-9.320557e-03,3.168750e-03,-2.148438e-02,1.220703e-03,2000,0,-1.864111e-03
2026-07-20T18:48:00.768,1784562480.769,77.903,-9.446777e-03,3.308212e-03,-2.392578e-02,1.220703e-03,2000,0,-1.889355e-03
2026-07-20T18:48:00.868,1784562480.869,78.003,-9.393799e-03,3.237801e-03,-2.148438e-02,4.882812e-04,2000,0,-1.878760e-03
2026-07-20T18:48:00.970,1784562480.971,78.103,-9.520996e-03,3.188854e-03,-2.001953e-02,-2.441406e-04,2000,0,-1.904199e-03
2026-07-20T18:48:01.068,1784562481.069,78.203,-9.329224e-03,3.381258e-03,-2.270508e-02,1.220703e-03,2000,0,-1.865845e-03
2026-07-20T18:48:01.170,1784562481.171,78.303,-9.656982e-03,3.249309e-03,-2.050781e-02,0.000000e+00,2000,0,-1.931396e-03
2026-07-20T18:48:01.268,1784562481.268,78.403,-9.570923e-03,3.400832e-03,-2.172852e-02,1.708984e-03,2000,0,-1.914185e-03
2026-07-20T18:48:01.371,1784562481.371,78.503,-8.950562e-03,3.382867e-03,-2.294922e-02,5.371094e-03,2000,0,-1.790112e-03
2026-07-20T18:48:01.468,1784562481.468,78.603,-9.489624e-03,3.363053e-03,-2.197266e-02,1.464844e-03,2000,0,-1.897925e-03
2026-07-20T18:48:01.568,1784562481.568,78.703,-9.284790e-03,3.391724e-03,-2.148438e-02,4.882812e-04,2000,0,-1.856958e-03
2026-07-20T18:48:01.669,1784562481.670,78.803,-8.871704e-03,3.470757e-03,-2.099609e-02,9.765625e-04,2000,0,-1.774341e-03
2026-07-20T18:48:01.768,1784562481.768,78.903,-9.495361e-03,3.489662e-03,-2.221680e-02,3.662109e-03,2000,0,-1.899072e-03
2026-07-20T18:48:01.868,1784562481.868,79.003,-9.302002e-03,3.523295e-03,-2.270508e-02,0.000000e+00,2000,0,-1.860400e-03
2026-07-20T18:48:01.968,1784562481.969,79.103,-9.200195e-03,3.533105e-03,-2.587891e-02,0.000000e+00,2000,0,-1.840039e-03
2026-07-20T18:48:02.070,1784562482.070,79.203,-9.365356e-03,3.469654e-03,-2.294922e-02,0.000000e+00,2000,0,-1.873071e-03
2026-07-20T18:48:02.170,1784562482.170,79.303,-9.044067e-03,3.481693e-03,-2.124023e-02,1.953125e-03,2000,0,-1.808813e-03
2026-07-20T18:48:02.268,1784562482.269,79.403,-8.493652e-03,3.553323e-03,-2.294922e-02,1.708984e-03,2000,0,-1.698730e-03
2026-07-20T18:48:02.370,1784562482.370,79.503,-9.168945e-03,3.491304e-03,-2.050781e-02,1.953125e-03,2000,0,-1.833789e-03
2026-07-20T18:48:02.468,1784562482.468,79.603,-9.203003e-03,3.584270e-03,-2.539062e-02,1.708984e-03,2000,0,-1.840601e-03
2026-07-20T18:48:02.568,1784562482.569,79.703,-9.031616e-03,3.559738e-03,-2.270508e-02,7.324219e-04,2000,0,-1.806323e-03
2026-07-20T18:48:02.668,1784562482.669,79.803,-9.151855e-03,3.348937e-03,-2.124023e-02,4.882812e-04,2000,0,-1.830371e-03
2026-07-20T18:48:02.770,1784562482.771,79.903,-9.421021e-03,3.383142e-03,-2.075195e-02,3.173828e-03,2000,0,-1.884204e-03
2026-07-20T18:48:02.868,1784562482.868,80.003,-9.133423e-03,3.466719e-03,-2.294922e-02,0.000000e+00,2000,0,-1.826685e-03
2026-07-20T18:48:02.968,1784562482.968,80.103,-9.897705e-03,3.468828e-03,-2.270508e-02,1.220703e-03,2000,0,-1.979541e-03
2026-07-20T18:48:03.068,1784562483.069,80.203,-9.461426e-03,3.399403e-03,-2.001953e-02,9.765625e-04,2000,0,-1.892285e-03
2026-07-20T18:48:03.168,1784562483.169,80.303,-9.580200e-03,3.349834e-03,-2.441406e-02,2.197266e-03,2000,0,-1.916040e-03
2026-07-20T18:48:03.268,1784562483.269,80.403,-9.986084e-03,3.355212e-03,-2.246094e-02,1.464844e-03,2000,0,-1.997217e-03
2026-07-20T18:48:03.368,1784562483.368,80.503,-9.453979e-03,3.319783e-03,-2.075195e-02,1.464844e-03,2000,0,-1.890796e-03
2026-07-20T18:48:03.468,1784562483.468,80.603,-9.425781e-03,3.321042e-03,-2.001953e-02,1.464844e-03,2000,0,-1.885156e-03
2026-07-20T18:48:03.570,1784562483.570,80.703,-9.554932e-03,3.229716e-03,-1.977539e-02,4.882812e-04,2000,0,-1.910986e-03
2026-07-20T18:48:03.668,1784562483.668,80.803,-9.442627e-03,3.403522e-03,-2.343750e-02,1.464844e-03,2000,0,-1.888525e-03
2026-07-20T18:48:03.768,1784562483.769,80.903,-8.660767e-03,3.314305e-03,-2.148438e-02,2.197266e-03,2000,0,-1.732153e-03
2026-07-20T18:48:03.870,1784562483.870,81.003,-8.303101e-03,3.466379e-03,-2.148438e-02,8.056641e-03,2000,0,-1.660620e-03
2026-07-20T18:48:03.968,1784562483.969,81.103,-7.573242e-03,3.530206e-03,-1.904297e-02,6.835938e-03,2000,0,-1.514648e-03
2026-07-20T18:48:04.068,1784562484.068,81.203,-6.324951e-03,3.466224e-03,-1.757812e-02,3.173828e-03,2000,0,-1.264990e-03
2026-07-20T18:48:04.168,1784562484.168,81.303,-5.601562e-03,3.514081e-03,-1.635742e-02,6.835938e-03,2000,0,-1.120312e-03
2026-07-20T18:48:04.268,1784562484.269,81.403,-4.268921e-03,3.329283e-03,-1.513672e-02,5.371094e-03,2000,0,-8.537842e-04
2026-07-20T18:48:04.368,1784562484.368,81.503,-2.347656e-03,3.390212e-03,-1.318359e-02,9.765625e-03,2000,0,-4.695313e-04
2026-07-20T18:48:04.468,1784562484.469,81.603,-1.614380e-03,3.384086e-03,-1.489258e-02,1.196289e-02,2000,0,-3.228760e-04
2026-07-20T18:48:04.568,1784562484.569,81.703,-1.126709e-04,3.448537e-03,-1.196289e-02,1.342773e-02,2000,0,-2.253418e-05
2026-07-20T18:48:04.668,1784562484.669,81.803,2.315063e-03,3.523083e-03,-1.025391e-02,1.342773e-02,2000,0,4.630127e-04
2026-07-20T18:48:04.770,1784562484.771,81.903,2.962646e-03,3.406105e-03,-7.080078e-03,1.416016e-02,2000,0,5.925293e-04
2026-07-20T18:48:04.868,1784562484.869,82.003,4.826782e-03,3.360512e-03,-9.521484e-03,1.586914e-02,2000,0,9.653564e-04
2026-07-20T18:48:04.968,1784562484.969,82.103,7.281128e-03,3.414220e-03,-4.150391e-03,1.855469e-02,2000,0,1.456226e-03
2026-07-20T18:48:05.068,1784562485.068,82.203,8.438477e-03,3.475408e-03,-1.708984e-03,1.904297e-02,2000,0,1.687695e-03
2026-07-20T18:48:05.168,1784562485.169,82.303,1.046350e-02,3.459047e-03,-7.324219e-04,2.587891e-02,2000,0,2.092700e-03
2026-07-20T18:48:05.268,1784562485.269,82.403,1.325879e-02,3.355945e-03,1.953125e-03,2.539062e-02,2000,0,2.651758e-03
2026-07-20T18:48:05.368,1784562485.369,82.503,1.443127e-02,3.260601e-03,4.394531e-03,2.514648e-02,2000,0,2.886255e-03
2026-07-20T18:48:05.470,1784562485.471,82.603,1.636218e-02,3.223147e-03,3.662109e-03,3.100586e-02,2000,0,3.272437e-03
2026-07-20T18:48:05.568,1784562485.569,82.703,1.903577e-02,3.356731e-03,2.197266e-03,3.002930e-02,2000,0,3.807153e-03
2026-07-20T18:48:05.670,1784562485.671,82.803,2.007336e-02,3.296639e-03,4.394531e-03,3.051758e-02,2000,0,4.014673e-03
2026-07-20T18:48:05.768,1784562485.769,82.903,2.300464e-02,3.342021e-03,1.123047e-02,3.491211e-02,2000,0,4.600928e-03
2026-07-20T18:48:05.868,1784562485.869,83.003,2.539880e-02,3.279131e-03,1.538086e-02,3.588867e-02,2000,0,5.079761e-03
2026-07-20T18:48:05.968,1784562485.969,83.103,2.711023e-02,3.231564e-03,1.708984e-02,4.296875e-02,2000,0,5.422046e-03
2026-07-20T18:48:06.068,1784562486.069,83.203,2.943445e-02,3.260918e-03,1.904297e-02,3.906250e-02,2000,0,5.886890e-03
2026-07-20T18:48:06.168,1784562486.168,83.303,3.200903e-02,2.996105e-03,2.270508e-02,4.345703e-02,2000,0,6.401807e-03
2026-07-20T18:48:06.268,1784562486.269,83.403,3.430713e-02,3.177521e-03,2.026367e-02,4.516602e-02,2000,0,6.861426e-03
2026-07-20T18:48:06.368,1784562486.369,83.503,3.639917e-02,3.239128e-03,2.539062e-02,4.833984e-02,2000,0,7.279834e-03
2026-07-20T18:48:06.468,1784562486.469,83.603,3.949402e-02,3.165888e-03,3.002930e-02,5.029297e-02,2000,0,7.898804e-03
2026-07-20T18:48:06.568,1784562486.569,83.703,4.182104e-02,3.282458e-03,3.198242e-02,5.371094e-02,2000,0,8.364209e-03
2026-07-20T18:48:06.668,1784562486.669,83.803,4.340662e-02,3.150728e-03,3.173828e-02,5.297852e-02,2000,0,8.681323e-03
2026-07-20T18:48:06.768,1784562486.769,83.903,4.672864e-02,3.059746e-03,3.491211e-02,5.859375e-02,2000,0,9.345728e-03
2026-07-20T18:48:06.868,1784562486.868,84.003,4.887207e-02,3.007894e-03,3.491211e-02,6.005859e-02,2000,0,9.774414e-03
2026-07-20T18:48:06.968,1784562486.969,84.103,5.121826e-02,3.021085e-03,3.955078e-02,6.176758e-02,2000,0,1.024365e-02
2026-07-20T18:48:07.068,1784562487.069,84.203,5.390210e-02,3.134084e-03,4.150391e-02,6.542969e-02,2000,0,1.078042e-02
2026-07-20T18:48:07.168,1784562487.169,84.303,5.611914e-02,3.395113e-03,4.443359e-02,6.640625e-02,2000,0,1.122383e-02
2026-07-20T18:48:07.268,1784562487.269,84.403,5.836414e-02,3.116816e-03,4.809570e-02,6.909180e-02,2000,0,1.167283e-02
2026-07-20T18:48:07.368,1784562487.368,84.503,6.087439e-02,3.081804e-03,5.102539e-02,7.031250e-02,2000,0,1.217488e-02
2026-07-20T18:48:07.468,1784562487.469,84.603,6.317834e-02,3.259231e-03,5.346680e-02,7.495117e-02,2000,0,1.263567e-02
2026-07-20T18:48:07.568,1784562487.569,84.703,6.584009e-02,3.256796e-03,5.639648e-02,7.666016e-02,2000,0,1.316802e-02
2026-07-20T18:48:07.668,1784562487.668,84.803,6.839709e-02,3.140171e-03,5.859375e-02,7.910156e-02,2000,0,1.367942e-02
2026-07-20T18:48:07.768,1784562487.768,84.903,7.062732e-02,3.239312e-03,6.054688e-02,8.203125e-02,2000,0,1.412546e-02
2026-07-20T18:48:07.868,1784562487.869,85.003,7.231177e-02,3.363078e-03,5.493164e-02,8.325195e-02,2000,0,1.446235e-02
2026-07-20T18:48:07.968,1784562487.969,85.103,7.572180e-02,3.413667e-03,6.201172e-02,8.691406e-02,2000,0,1.514436e-02
2026-07-20T18:48:08.070,1784562488.071,85.203,7.700793e-02,3.248532e-03,6.665039e-02,9.008789e-02,2000,0,1.540159e-02
2026-07-20T18:48:08.171,1784562488.171,85.303,7.920886e-02,3.555934e-03,6.665039e-02,9.423828e-02,2000,0,1.584177e-02
2026-07-20T18:48:08.268,1784562488.269,85.403,8.181897e-02,3.477976e-03,7.128906e-02,9.375000e-02,2000,0,1.636379e-02
2026-07-20T18:48:08.368,1784562488.369,85.503,8.364905e-02,3.505208e-03,7.177734e-02,9.448242e-02,2000,0,1.672981e-02
2026-07-20T18:48:08.470,1784562488.470,85.603,8.560071e-02,3.353238e-03,7.421875e-02,9.521484e-02,2000,0,1.712014e-02
2026-07-20T18:48:08.568,1784562488.569,85.703,8.854333e-02,3.432958e-03,7.641602e-02,1.000977e-01,2000,0,1.770867e-02
2026-07-20T18:48:08.668,1784562488.669,85.803,9.034448e-02,3.506793e-03,7.763672e-02,1.022949e-01,2000,0,1.806890e-02
2026-07-20T18:48:08.770,1784562488.771,85.903,9.197156e-02,3.302741e-03,7.739258e-02,1.044922e-01,2000,0,1.839431e-02
2026-07-20T18:48:08.868,1784562488.869,86.003,9.432190e-02,3.259265e-03,7.885742e-02,1.057129e-01,2000,0,1.886438e-02
2026-07-20T18:48:08.968,1784562488.969,86.103,9.627905e-02,3.288631e-03,8.251953e-02,1.062012e-01,2000,0,1.925581e-02
2026-07-20T18:48:09.068,1784562489.069,86.203,9.701453e-02,3.385796e-03,8.447266e-02,1.083984e-01,2000,0,1.940291e-02
2026-07-20T18:48:09.168,1784562489.169,86.303,1.003707e-01,3.055208e-03,8.886719e-02,1.110840e-01,2000,0,2.007415e-02
2026-07-20T18:48:09.268,1784562489.269,86.403,1.018914e-01,3.202941e-03,9.033203e-02,1.159668e-01,2000,0,2.037827e-02
2026-07-20T18:48:09.368,1784562489.369,86.503,1.031719e-01,3.194042e-03,9.277344e-02,1.132812e-01,2000,0,2.063437e-02
2026-07-20T18:48:09.468,1784562489.469,86.603,1.054331e-01,3.168393e-03,9.350586e-02,1.169434e-01,2000,0,2.108662e-02
2026-07-20T18:48:09.568,1784562489.569,86.703,1.067307e-01,2.937423e-03,9.765625e-02,1.169434e-01,2000,0,2.134614e-02
2026-07-20T18:48:09.668,1784562489.669,86.803,1.073123e-01,3.066210e-03,9.692383e-02,1.171875e-01,2000,0,2.146245e-02
2026-07-20T18:48:09.768,1784562489.769,86.903,1.097926e-01,2.852652e-03,9.863281e-02,1.188965e-01,2000,0,2.195852e-02
2026-07-20T18:48:09.868,1784562489.869,87.003,1.108389e-01,2.753252e-03,1.020508e-01,1.198730e-01,2000,0,2.216777e-02
2026-07-20T18:48:09.968,1784562489.969,87.103,1.117977e-01,2.733455e-03,1.032715e-01,1.252441e-01,2000,0,2.235955e-02
2026-07-20T18:48:10.071,1784562490.071,87.203,1.131436e-01,2.577701e-03,1.025391e-01,1.225586e-01,2000,0,2.262871e-02
2026-07-20T18:48:10.168,1784562490.169,87.303,1.137993e-01,2.539979e-03,1.022949e-01,1.223145e-01,2000,0,2.275986e-02
2026-07-20T18:48:10.270,1784562490.271,87.403,1.139431e-01,2.527716e-03,1.015625e-01,1.232910e-01,2000,0,2.278862e-02
2026-07-20T18:48:10.368,1784562490.369,87.503,1.150493e-01,2.470149e-03,1.044922e-01,1.235352e-01,2000,0,2.300986e-02
2026-07-20T18:48:10.468,1784562490.468,87.603,1.152571e-01,2.421911e-03,1.059570e-01,1.252441e-01,2000,0,2.305142e-02
2026-07-20T18:48:10.568,1784562490.569,87.703,1.152220e-01,2.503554e-03,1.074219e-01,1.257324e-01,2000,0,2.304441e-02
2026-07-20T18:48:10.668,1784562490.669,87.803,1.161821e-01,2.392679e-03,1.093750e-01,1.271973e-01,2000,0,2.323643e-02
2026-07-20T18:48:10.768,1784562490.769,87.903,1.158738e-01,2.559088e-03,1.076660e-01,1.257324e-01,2000,0,2.317476e-02
2026-07-20T18:48:10.868,1784562490.869,88.003,1.162567e-01,2.549293e-03,1.079102e-01,1.247559e-01,2000,0,2.325134e-02
2026-07-20T18:48:10.971,1784562490.971,88.103,1.167750e-01,2.549652e-03,1.086426e-01,1.247559e-01,2000,0,2.335500e-02
2026-07-20T18:48:11.070,1784562491.070,88.203,1.163467e-01,2.650718e-03,1.081543e-01,1.254883e-01,2000,0,2.326934e-02
2026-07-20T18:48:11.168,1784562491.169,88.303,1.159746e-01,2.749526e-03,1.032715e-01,1.264648e-01,2000,0,2.319492e-02
2026-07-20T18:48:11.271,1784562491.271,88.403,1.161005e-01,2.717020e-03,1.071777e-01,1.254883e-01,2000,0,2.322009e-02
2026-07-20T18:48:11.368,1784562491.369,88.503,1.156349e-01,2.727033e-03,1.059570e-01,1.252441e-01,2000,0,2.312698e-02
2026-07-20T18:48:11.468,1784562491.469,88.603,1.155980e-01,2.955754e-03,1.027832e-01,1.264648e-01,2000,0,2.311960e-02
2026-07-20T18:48:11.568,1784562491.569,88.703,1.152032e-01,2.950722e-03,1.059570e-01,1.254883e-01,2000,0,2.304065e-02
2026-07-20T18:48:11.668,1784562491.669,88.803,1.144331e-01,3.065161e-03,1.047363e-01,1.245117e-01,2000,0,2.288662e-02
2026-07-20T18:48:11.768,1784562491.769,88.903,1.135251e-01,3.136461e-03,1.022949e-01,1.296387e-01,2000,0,2.270503e-02
2026-07-20T18:48:11.868,1784562491.869,89.003,1.128645e-01,3.080220e-03,1.025391e-01,1.245117e-01,2000,0,2.257290e-02
2026-07-20T18:48:11.968,1784562491.968,89.103,1.115992e-01,3.243519e-03,9.912109e-02,1.228027e-01,2000,0,2.231985e-02
2026-07-20T18:48:12.070,1784562492.071,89.203,1.097543e-01,3.174806e-03,9.863281e-02,1.220703e-01,2000,0,2.195085e-02
2026-07-20T18:48:12.168,1784562492.169,89.303,1.103649e-01,3.275477e-03,9.985352e-02,1.247559e-01,2000,0,2.207297e-02
2026-07-20T18:48:12.268,1784562492.269,89.403,1.094398e-01,3.453369e-03,9.838867e-02,1.215820e-01,2000,0,2.188796e-02
2026-07-20T18:48:12.368,1784562492.369,89.503,1.079125e-01,3.362308e-03,9.716797e-02,1.186523e-01,2000,0,2.158250e-02
2026-07-20T18:48:12.471,1784562492.471,89.603,1.072162e-01,3.602325e-03,9.594727e-02,1.176758e-01,2000,0,2.144324e-02
2026-07-20T18:48:12.568,1784562492.569,89.703,1.053833e-01,3.652955e-03,9.350586e-02,1.162109e-01,2000,0,2.107666e-02
2026-07-20T18:48:12.668,1784562492.669,89.803,1.042924e-01,3.538814e-03,9.228516e-02,1.152344e-01,2000,0,2.085847e-02
2026-07-20T18:48:12.770,1784562492.771,89.903,1.032152e-01,3.693416e-03,9.155273e-02,1.135254e-01,2000,0,2.064304e-02
2026-07-20T18:48:12.868,1784562492.868,90.003,1.016992e-01,3.654422e-03,8.911133e-02,1.164551e-01,2000,0,2.033984e-02
2026-07-20T18:48:12.968,1784562492.968,90.103,1.001978e-01,3.506015e-03,8.984375e-02,1.101074e-01,2000,0,2.003955e-02
2026-07-20T18:48:13.068,1784562493.069,90.203,9.940381e-02,3.655202e-03,8.154297e-02,1.118164e-01,2000,0,1.988076e-02
2026-07-20T18:48:13.168,1784562493.168,90.303,9.752417e-02,3.489916e-03,8.691406e-02,1.083984e-01,2000,0,1.950483e-02
2026-07-20T18:48:13.268,1784562493.269,90.403,9.608679e-02,3.516989e-03,8.618164e-02,1.164551e-01,2000,0,1.921736e-02
2026-07-20T18:48:13.368,1784562493.369,90.503,9.498291e-02,3.503384e-03,8.520508e-02,1.047363e-01,2000,0,1.899658e-02
2026-07-20T18:48:13.470,1784562493.471,90.603,9.331726e-02,3.779812e-03,8.203125e-02,1.035156e-01,2000,0,1.866345e-02
2026-07-20T18:48:13.570,1784562493.571,90.703,9.189111e-02,3.744547e-03,8.007812e-02,1.030273e-01,2000,0,1.837822e-02
2026-07-20T18:48:13.671,1784562493.671,90.803,9.090173e-02,3.625141e-03,7.934570e-02,1.003418e-01,2000,0,1.818035e-02
2026-07-20T18:48:13.768,1784562493.768,90.903,8.856812e-02,3.754732e-03,7.617188e-02,9.887695e-02,2000,0,1.771362e-02
2026-07-20T18:48:13.868,1784562493.869,91.003,8.676550e-02,3.870027e-03,6.958008e-02,9.790039e-02,2000,0,1.735310e-02
2026-07-20T18:48:13.968,1784562493.968,91.103,8.573462e-02,3.709367e-03,7.470703e-02,9.838867e-02,2000,0,1.714692e-02
2026-07-20T18:48:14.068,1784562494.069,91.203,8.414624e-02,3.788489e-03,7.373047e-02,9.790039e-02,2000,0,1.682925e-02
2026-07-20T18:48:14.170,1784562494.170,91.303,8.218701e-02,3.858650e-03,6.298828e-02,9.472656e-02,2000,0,1.643740e-02
2026-07-20T18:48:14.270,1784562494.271,91.403,8.152051e-02,3.762559e-03,7.006836e-02,9.350586e-02,2000,0,1.630410e-02
2026-07-20T18:48:14.370,1784562494.371,91.503,7.970178e-02,3.976947e-03,6.591797e-02,9.301758e-02,2000,0,1.594036e-02
2026-07-20T18:48:14.470,1784562494.471,91.603,7.738440e-02,3.796237e-03,6.616211e-02,8.959961e-02,2000,0,1.547688e-02
2026-07-20T18:48:14.570,1784562494.571,91.703,7.675659e-02,3.880070e-03,6.420898e-02,9.228516e-02,2000,0,1.535132e-02
2026-07-20T18:48:14.670,1784562494.671,91.803,7.459021e-02,3.973268e-03,6.152344e-02,8.666992e-02,2000,0,1.491804e-02
2026-07-20T18:48:14.768,1784562494.769,91.903,7.310986e-02,4.116947e-03,6.054688e-02,8.837891e-02,2000,0,1.462197e-02
2026-07-20T18:48:14.870,1784562494.870,92.003,7.205774e-02,3.961632e-03,5.932617e-02,8.569336e-02,2000,0,1.441155e-02
2026-07-20T18:48:14.968,1784562494.969,92.103,7.033655e-02,4.151581e-03,5.883789e-02,8.398438e-02,2000,0,1.406731e-02
2026-07-20T18:48:15.068,1784562495.069,92.203,6.843799e-02,3.980378e-03,5.615234e-02,8.276367e-02,2000,0,1.368760e-02
2026-07-20T18:48:15.170,1784562495.171,92.303,6.784387e-02,4.192955e-03,5.419922e-02,8.154297e-02,2000,0,1.356877e-02
2026-07-20T18:48:15.270,1784562495.270,92.403,6.538684e-02,4.203834e-03,5.322266e-02,8.837891e-02,2000,0,1.307737e-02
2026-07-20T18:48:15.368,1784562495.368,92.503,6.455298e-02,4.073212e-03,5.297852e-02,7.788086e-02,2000,0,1.291060e-02
2026-07-20T18:48:15.468,1784562495.469,92.603,6.354285e-02,3.882510e-03,5.029297e-02,7.739258e-02,2000,0,1.270857e-02
2026-07-20T18:48:15.568,1784562495.569,92.703,6.166675e-02,3.980776e-03,5.004883e-02,7.519531e-02,2000,0,1.233335e-02
2026-07-20T18:48:15.668,1784562495.669,92.803,6.026611e-02,4.095720e-03,4.687500e-02,7.495117e-02,2000,0,1.205322e-02
2026-07-20T18:48:15.768,1784562495.769,92.903,5.951929e-02,3.985122e-03,4.907227e-02,7.592773e-02,2000,0,1.190386e-02
2026-07-20T18:48:15.868,1784562495.869,93.003,5.774841e-02,4.027629e-03,4.565430e-02,7.177734e-02,2000,0,1.154968e-02
2026-07-20T18:48:15.968,1784562495.969,93.103,5.614355e-02,3.947216e-03,4.589844e-02,6.982422e-02,2000,0,1.122871e-02
2026-07-20T18:48:16.068,1784562496.069,93.203,5.513000e-02,3.894577e-03,4.272461e-02,7.031250e-02,2000,0,1.102600e-02
2026-07-20T18:48:16.168,1784562496.169,93.303,5.365552e-02,3.844695e-03,3.833008e-02,6.713867e-02,2000,0,1.073110e-02
2026-07-20T18:48:16.268,1784562496.269,93.403,5.206238e-02,3.824089e-03,4.101562e-02,6.591797e-02,2000,0,1.041248e-02
2026-07-20T18:48:16.368,1784562496.369,93.503,5.158728e-02,3.847153e-03,4.199219e-02,6.567383e-02,2000,0,1.031746e-02
2026-07-20T18:48:16.468,1784562496.468,93.603,4.942542e-02,3.798887e-03,3.833008e-02,6.445312e-02,2000,0,9.885083e-03
2026-07-20T18:48:16.568,1784562496.569,93.703,4.780273e-02,3.909255e-03,3.564453e-02,6.274414e-02,2000,0,9.560547e-03
2026-07-20T18:48:16.668,1784562496.669,93.803,4.734985e-02,3.752585e-03,3.686523e-02,6.176758e-02,2000,0,9.469971e-03
2026-07-20T18:48:16.768,1784562496.769,93.903,4.567981e-02,3.750413e-03,3.344727e-02,6.054688e-02,2000,0,9.135962e-03
2026-07-20T18:48:16.868,1784562496.869,94.003,4.443652e-02,3.812933e-03,3.393555e-02,6.005859e-02,2000,0,8.887305e-03
2026-07-20T18:48:16.968,1784562496.968,94.103,4.377747e-02,3.751003e-03,3.222656e-02,5.712891e-02,2000,0,8.755493e-03
2026-07-20T18:48:17.068,1784562497.069,94.203,4.229468e-02,3.811440e-03,3.051758e-02,5.566406e-02,2000,0,8.458936e-03
2026-07-20T18:48:17.168,1784562497.169,94.303,4.106128e-02,3.957007e-03,2.880859e-02,5.810547e-02,2000,0,8.212256e-03
2026-07-20T18:48:17.268,1784562497.269,94.403,4.070264e-02,3.906826e-03,2.783203e-02,5.419922e-02,2000,0,8.140527e-03
2026-07-20T18:48:17.368,1784562497.369,94.503,3.924805e-02,3.907618e-03,2.368164e-02,5.297852e-02,2000,0,7.849609e-03
2026-07-20T18:48:17.468,1784562497.468,94.603,3.804724e-02,3.862251e-03,2.709961e-02,5.029297e-02,2000,0,7.609448e-03
2026-07-20T18:48:17.568,1784562497.569,94.703,3.730103e-02,3.804662e-03,2.612305e-02,4.858398e-02,2000,0,7.460205e-03
2026-07-20T18:48:17.668,1784562497.669,94.803,3.595483e-02,3.911782e-03,2.465820e-02,4.785156e-02,2000,0,7.190967e-03
2026-07-20T18:48:17.768,1784562497.769,94.903,3.468494e-02,3.670585e-03,2.465820e-02,4.833984e-02,2000,0,6.936987e-03
2026-07-20T18:48:17.868,1784562497.869,95.003,3.394165e-02,3.826085e-03,2.221680e-02,4.687500e-02,2000,0,6.788330e-03
2026-07-20T18:48:17.968,1784562497.969,95.103,3.312378e-02,3.792184e-03,1.904297e-02,4.492188e-02,2000,0,6.624756e-03
2026-07-20T18:48:18.070,1784562498.070,95.203,3.182153e-02,3.872364e-03,2.050781e-02,4.418945e-02,2000,0,6.364307e-03
2026-07-20T18:48:18.168,1784562498.169,95.303,3.143518e-02,3.781376e-03,1.977539e-02,4.589844e-02,2000,0,6.287036e-03
2026-07-20T18:48:18.268,1784562498.268,95.403,3.013733e-02,3.906293e-03,1.831055e-02,4.345703e-02,2000,0,6.027466e-03
2026-07-20T18:48:18.368,1784562498.369,95.503,2.929395e-02,3.689472e-03,1.855469e-02,4.174805e-02,2000,0,5.858789e-03
2026-07-20T18:48:18.471,1784562498.471,95.603,2.873523e-02,3.687309e-03,1.635742e-02,4.223633e-02,2000,0,5.747046e-03
2026-07-20T18:48:18.568,1784562498.569,95.703,2.745239e-02,3.857677e-03,1.562500e-02,3.979492e-02,2000,0,5.490479e-03
2026-07-20T18:48:18.668,1784562498.669,95.803,2.645142e-02,3.697856e-03,1.464844e-02,3.857422e-02,2000,0,5.290283e-03
2026-07-20T18:48:18.768,1784562498.769,95.903,2.603625e-02,3.673599e-03,1.293945e-02,4.101562e-02,2000,0,5.207251e-03
2026-07-20T18:48:18.868,1784562498.869,96.003,2.512476e-02,3.735272e-03,1.293945e-02,3.613281e-02,2000,0,5.024951e-03
2026-07-20T18:48:18.970,1784562498.970,96.103,2.398035e-02,3.873817e-03,9.277344e-03,3.442383e-02,2000,0,4.796069e-03
2026-07-20T18:48:19.068,1784562499.069,96.203,2.355273e-02,3.684407e-03,1.074219e-02,3.417969e-02,2000,0,4.710547e-03
2026-07-20T18:48:19.170,1784562499.171,96.303,2.268286e-02,3.672217e-03,8.789062e-03,3.344727e-02,2000,0,4.536572e-03
2026-07-20T18:48:19.268,1784562499.269,96.403,2.182227e-02,3.597531e-03,1.171875e-02,3.540039e-02,2000,0,4.364453e-03
2026-07-20T18:48:19.368,1784562499.369,96.503,2.161426e-02,3.731943e-03,8.789062e-03,3.247070e-02,2000,0,4.322852e-03
2026-07-20T18:48:19.468,1784562499.469,96.603,2.038940e-02,3.747688e-03,7.080078e-03,3.540039e-02,2000,0,4.077881e-03
2026-07-20T18:48:19.568,1784562499.569,96.703,1.926526e-02,3.614596e-03,5.859375e-03,3.222656e-02,2000,0,3.853052e-03
2026-07-20T18:48:19.671,1784562499.671,96.803,1.933008e-02,3.670222e-03,5.126953e-03,3.027344e-02,2000,0,3.866016e-03
2026-07-20T18:48:19.770,1784562499.771,96.903,1.804614e-02,3.632523e-03,4.882812e-03,3.027344e-02,2000,0,3.609229e-03
2026-07-20T18:48:19.868,1784562499.869,97.003,1.742871e-02,3.674494e-03,5.371094e-03,2.807617e-02,2000,0,3.485742e-03
2026-07-20T18:48:19.968,1784562499.969,97.103,1.727063e-02,3.671806e-03,4.882812e-03,3.002930e-02,2000,0,3.454126e-03
2026-07-20T18:48:20.068,1784562500.069,97.203,1.646277e-02,3.694932e-03,4.638672e-03,2.880859e-02,2000,0,3.292554e-03
2026-07-20T18:48:20.168,1784562500.168,97.303,1.605615e-02,3.753373e-03,2.929688e-03,2.758789e-02,2000,0,3.211230e-03
2026-07-20T18:48:20.268,1784562500.268,97.403,1.569934e-02,3.673094e-03,4.638672e-03,2.832031e-02,2000,0,3.139868e-03
2026-07-20T18:48:20.368,1784562500.369,97.503,1.547339e-02,3.706384e-03,4.150391e-03,2.832031e-02,2000,0,3.094678e-03
2026-07-20T18:48:20.468,1784562500.469,97.603,1.528174e-02,3.676122e-03,4.638672e-03,2.880859e-02,2000,0,3.056348e-03
2026-07-20T18:48:20.568,1784562500.569,97.703,1.588684e-02,3.603943e-03,4.638672e-03,3.002930e-02,2000,0,3.177368e-03
2026-07-20T18:48:20.668,1784562500.669,97.803,1.550427e-02,3.871457e-03,2.685547e-03,2.856445e-02,2000,0,3.100854e-03
2026-07-20T18:48:20.768,1784562500.769,97.903,1.616980e-02,3.664297e-03,4.394531e-03,2.929688e-02,2000,0,3.233960e-03
2026-07-20T18:48:20.868,1784562500.868,98.003,1.666626e-02,3.786249e-03,4.150391e-03,3.076172e-02,2000,0,3.333252e-03
2026-07-20T18:48:20.968,1784562500.969,98.103,1.668555e-02,3.690682e-03,5.615234e-03,3.002930e-02,2000,0,3.337109e-03
2026-07-20T18:48:21.068,1784562501.069,98.203,1.776050e-02,3.568623e-03,8.056641e-03,3.051758e-02,2000,0,3.552100e-03
2026-07-20T18:48:21.168,1784562501.169,98.303,1.864685e-02,3.673720e-03,8.056641e-03,3.076172e-02,2000,0,3.729370e-03
2026-07-20T18:48:21.268,1784562501.269,98.403,1.918945e-02,3.783471e-03,7.812500e-03,3.344727e-02,2000,0,3.837891e-03
2026-07-20T18:48:21.368,1784562501.369,98.503,2.043274e-02,3.587496e-03,9.765625e-03,3.222656e-02,2000,0,4.086548e-03
2026-07-20T18:48:21.468,1784562501.468,98.603,2.155811e-02,3.860324e-03,5.859375e-03,3.613281e-02,2000,0,4.311621e-03
2026-07-20T18:48:21.568,1784562501.569,98.703,2.200720e-02,3.563771e-03,1.147461e-02,3.369141e-02,2000,0,4.401440e-03
2026-07-20T18:48:21.668,1784562501.668,98.803,2.255078e-02,3.792429e-03,1.171875e-02,3.491211e-02,2000,0,4.510156e-03
2026-07-20T18:48:21.768,1784562501.769,98.903,2.400293e-02,3.664454e-03,1.196289e-02,3.662109e-02,2000,0,4.800586e-03
2026-07-20T18:48:21.868,1784562501.869,99.003,2.466138e-02,3.481053e-03,1.342773e-02,3.588867e-02,2000,0,4.932275e-03
2026-07-20T18:48:21.968,1784562501.968,99.103,2.580249e-02,3.706655e-03,1.147461e-02,3.833008e-02,2000,0,5.160498e-03
2026-07-20T18:48:22.070,1784562502.071,99.203,2.713501e-02,3.571695e-03,1.611328e-02,4.296875e-02,2000,0,5.427002e-03
2026-07-20T18:48:22.168,1784562502.169,99.303,2.763684e-02,3.231691e-03,1.684570e-02,4.028320e-02,2000,0,5.527368e-03
2026-07-20T18:48:22.268,1784562502.269,99.403,2.842395e-02,3.308356e-03,1.586914e-02,3.906250e-02,2000,0,5.684790e-03
2026-07-20T18:48:22.368,1784562502.368,99.503,2.969434e-02,3.605178e-03,1.806641e-02,4.956055e-02,2000,0,5.938867e-03
2026-07-20T18:48:22.468,1784562502.469,99.603,2.979321e-02,3.463450e-03,1.342773e-02,4.296875e-02,2000,0,5.958643e-03
2026-07-20T18:48:22.568,1784562502.568,99.703,3.044019e-02,3.466715e-03,1.904297e-02,4.150391e-02,2000,0,6.088037e-03
2026-07-20T18:48:22.668,1784562502.669,99.803,3.173376e-02,3.245915e-03,2.075195e-02,4.223633e-02,2000,0,6.346753e-03
2026-07-20T18:48:22.768,1784562502.769,99.903,3.133057e-02,3.277492e-03,2.099609e-02,4.125977e-02,2000,0,6.266113e-03
2026-07-20T18:48:22.868,1784562502.869,100.003,3.165063e-02,3.215927e-03,1.782227e-02,4.345703e-02,2000,0,6.330127e-03
2026-07-20T18:48:22.968,1784562502.969,100.103,3.312427e-02,3.361371e-03,2.197266e-02,4.760742e-02,2000,0,6.624854e-03
2026-07-20T18:48:23.068,1784562503.069,100.203,3.344385e-02,3.333005e-03,1.586914e-02,4.467773e-02,2000,0,6.688770e-03
2026-07-20T18:48:23.170,1784562503.171,100.303,3.292957e-02,3.280327e-03,2.197266e-02,4.418945e-02,2000,0,6.585913e-03
2026-07-20T18:48:23.268,1784562503.269,100.403,3.357800e-02,3.086933e-03,2.490234e-02,4.614258e-02,2000,0,6.715601e-03
2026-07-20T18:48:23.368,1784562503.369,100.503,3.389368e-02,3.363325e-03,2.124023e-02,4.394531e-02,2000,0,6.778735e-03
2026-07-20T18:48:23.468,1784562503.468,100.603,3.375159e-02,3.414852e-03,2.124023e-02,4.614258e-02,2000,0,6.750317e-03
2026-07-20T18:48:23.568,1784562503.568,100.703,3.420068e-02,3.502568e-03,2.124023e-02,4.443359e-02,2000,0,6.840137e-03
2026-07-20T18:48:23.670,1784562503.671,100.803,3.413562e-02,3.343942e-03,2.124023e-02,4.394531e-02,2000,0,6.827124e-03
2026-07-20T18:48:23.768,1784562503.768,100.903,3.375098e-02,3.463541e-03,2.148438e-02,4.418945e-02,2000,0,6.750195e-03
2026-07-20T18:48:23.868,1784562503.869,101.003,3.436475e-02,3.295740e-03,2.465820e-02,4.370117e-02,2000,0,6.872949e-03
2026-07-20T18:48:23.968,1784562503.969,101.103,3.390613e-02,3.324600e-03,2.270508e-02,5.004883e-02,2000,0,6.781226e-03
2026-07-20T18:48:24.068,1784562504.068,101.203,3.363513e-02,3.471276e-03,2.221680e-02,4.467773e-02,2000,0,6.727026e-03
2026-07-20T18:48:24.168,1784562504.169,101.303,3.357971e-02,3.480868e-03,2.124023e-02,4.565430e-02,2000,0,6.715942e-03
2026-07-20T18:48:24.268,1784562504.269,101.403,3.348779e-02,3.303011e-03,2.197266e-02,4.418945e-02,2000,0,6.697559e-03
2026-07-20T18:48:24.368,1784562504.368,101.503,3.307019e-02,3.391956e-03,2.197266e-02,4.394531e-02,2000,0,6.614038e-03
2026-07-20T18:48:24.470,1784562504.471,101.603,3.325525e-02,3.356955e-03,2.050781e-02,4.467773e-02,2000,0,6.651050e-03
2026-07-20T18:48:24.568,1784562504.569,101.703,3.266016e-02,3.353090e-03,2.075195e-02,4.345703e-02,2000,0,6.532031e-03
2026-07-20T18:48:24.669,1784562504.670,101.803,3.277344e-02,3.288651e-03,1.879883e-02,4.394531e-02,2000,0,6.554688e-03
2026-07-20T18:48:24.768,1784562504.769,101.903,3.224219e-02,3.229205e-03,2.172852e-02,4.394531e-02,2000,0,6.448438e-03
2026-07-20T18:48:24.868,1784562504.868,102.003,3.217700e-02,3.318605e-03,1.928711e-02,4.467773e-02,2000,0,6.435400e-03
2026-07-20T18:48:24.968,1784562504.968,102.103,3.170850e-02,3.197255e-03,2.075195e-02,4.174805e-02,2000,0,6.341699e-03
2026-07-20T18:48:25.068,1784562505.068,102.203,3.184253e-02,3.394166e-03,2.050781e-02,4.736328e-02,2000,0,6.368506e-03
2026-07-20T18:48:25.168,1784562505.169,102.303,3.060242e-02,3.270006e-03,2.026367e-02,4.467773e-02,2000,0,6.120483e-03
2026-07-20T18:48:25.268,1784562505.269,102.403,2.993652e-02,3.114612e-03,1.855469e-02,4.052734e-02,2000,0,5.987305e-03
2026-07-20T18:48:25.368,1784562505.369,102.503,3.004639e-02,3.244684e-03,1.708984e-02,4.052734e-02,2000,0,6.009277e-03
2026-07-20T18:48:25.468,1784562505.469,102.603,2.891748e-02,3.118117e-03,1.953125e-02,3.930664e-02,2000,0,5.783496e-03
2026-07-20T18:48:25.568,1784562505.568,102.703,2.866101e-02,3.135721e-03,1.806641e-02,4.125977e-02,2000,0,5.732202e-03
2026-07-20T18:48:25.668,1784562505.668,102.803,2.708569e-02,3.199442e-03,1.464844e-02,3.759766e-02,2000,0,5.417139e-03
2026-07-20T18:48:25.768,1784562505.768,102.903,2.765002e-02,3.181881e-03,1.464844e-02,3.906250e-02,2000,0,5.530005e-03
2026-07-20T18:48:25.868,1784562505.869,103.003,2.751270e-02,3.183589e-03,1.562500e-02,3.808594e-02,2000,0,5.502539e-03
2026-07-20T18:48:25.968,1784562505.969,103.103,2.722815e-02,3.123410e-03,1.635742e-02,3.662109e-02,2000,0,5.445630e-03
2026-07-20T18:48:26.068,1784562506.069,103.203,2.662695e-02,3.146545e-03,1.416016e-02,3.784180e-02,2000,0,5.325391e-03
2026-07-20T18:48:26.168,1784562506.169,103.303,2.557410e-02,3.100699e-03,1.391602e-02,4.492188e-02,2000,0,5.114819e-03
2026-07-20T18:48:26.268,1784562506.269,103.403,2.573303e-02,3.079411e-03,1.660156e-02,3.564453e-02,2000,0,5.146606e-03
2026-07-20T18:48:26.368,1784562506.369,103.503,2.469519e-02,3.153552e-03,1.611328e-02,3.466797e-02,2000,0,4.939038e-03
2026-07-20T18:48:26.468,1784562506.468,103.603,2.435754e-02,3.067624e-03,1.416016e-02,3.295898e-02,2000,0,4.871509e-03
2026-07-20T18:48:26.568,1784562506.568,103.703,2.424438e-02,3.087399e-03,1.342773e-02,3.491211e-02,2000,0,4.848877e-03
2026-07-20T18:48:26.668,1784562506.669,103.803,2.303955e-02,3.077161e-03,5.371094e-03,3.173828e-02,2000,0,4.607910e-03
2026-07-20T18:48:26.768,1784562506.768,103.903,2.279761e-02,3.115902e-03,1.220703e-02,3.393555e-02,2000,0,4.559521e-03
2026-07-20T18:48:26.870,1784562506.871,104.003,2.188025e-02,3.079447e-03,1.245117e-02,3.198242e-02,2000,0,4.376050e-03
2026-07-20T18:48:26.968,1784562506.969,104.103,2.150317e-02,3.274608e-03,1.025391e-02,3.198242e-02,2000,0,4.300635e-03
2026-07-20T18:48:27.068,1784562507.068,104.203,2.079053e-02,3.297119e-03,9.277344e-03,3.198242e-02,2000,0,4.158105e-03
2026-07-20T18:48:27.168,1784562507.168,104.303,2.074219e-02,3.133356e-03,1.000977e-02,3.295898e-02,2000,0,4.148438e-03
2026-07-20T18:48:27.268,1784562507.269,104.403,2.001379e-02,3.311999e-03,5.615234e-03,2.929688e-02,2000,0,4.002759e-03
2026-07-20T18:48:27.368,1784562507.369,104.503,1.933643e-02,3.417168e-03,8.056641e-03,3.051758e-02,2000,0,3.867285e-03
2026-07-20T18:48:27.468,1784562507.469,104.603,1.836621e-02,3.343729e-03,5.126953e-03,3.149414e-02,2000,0,3.673242e-03
2026-07-20T18:48:27.568,1784562507.569,104.703,1.810828e-02,3.477167e-03,4.394531e-03,3.002930e-02,2000,0,3.621655e-03
2026-07-20T18:48:27.668,1784562507.669,104.803,1.768323e-02,3.327603e-03,6.347656e-03,2.807617e-02,2000,0,3.536646e-03
2026-07-20T18:48:27.768,1784562507.769,104.903,1.697876e-02,3.412427e-03,6.103516e-03,2.856445e-02,2000,0,3.395752e-03
2026-07-20T18:48:27.868,1784562507.869,105.003,1.658923e-02,3.351838e-03,4.394531e-03,2.758789e-02,2000,0,3.317847e-03
2026-07-20T18:48:27.968,1784562507.969,105.103,1.631152e-02,3.418323e-03,5.126953e-03,2.978516e-02,2000,0,3.262305e-03
2026-07-20T18:48:28.068,1784562508.069,105.203,1.616516e-02,3.374465e-03,6.347656e-03,2.856445e-02,2000,0,3.233032e-03
2026-07-20T18:48:28.168,1784562508.169,105.303,1.567285e-02,3.336337e-03,3.417969e-03,2.856445e-02,2000,0,3.134570e-03
2026-07-20T18:48:28.268,1784562508.269,105.403,1.488843e-02,3.206662e-03,2.929688e-03,2.539062e-02,2000,0,2.977686e-03
2026-07-20T18:48:28.368,1784562508.369,105.503,1.484753e-02,3.301224e-03,9.765625e-04,2.636719e-02,2000,0,2.969507e-03
2026-07-20T18:48:28.468,1784562508.469,105.603,1.357520e-02,3.209323e-03,1.953125e-03,2.392578e-02,2000,0,2.715039e-03
2026-07-20T18:48:28.568,1784562508.568,105.703,1.366602e-02,3.299580e-03,3.417969e-03,2.856445e-02,2000,0,2.733203e-03
2026-07-20T18:48:28.668,1784562508.668,105.803,1.356921e-02,3.045537e-03,2.685547e-03,2.539062e-02,2000,0,2.713843e-03
2026-07-20T18:48:28.768,1784562508.768,105.903,1.260840e-02,3.175896e-03,1.708984e-03,2.319336e-02,2000,0,2.521680e-03
2026-07-20T18:48:28.868,1784562508.868,106.003,1.181445e-02,3.013603e-03,1.708984e-03,2.148438e-02,2000,0,2.362891e-03
2026-07-20T18:48:28.968,1784562508.968,106.103,1.186060e-02,2.886662e-03,1.464844e-03,2.319336e-02,2000,0,2.372119e-03
2026-07-20T18:48:29.068,1784562509.068,106.203,1.101086e-02,2.827907e-03,1.464844e-03,2.343750e-02,2000,0,2.202173e-03
2026-07-20T18:48:29.168,1784562509.169,106.303,1.057251e-02,2.728952e-03,-4.882812e-04,2.050781e-02,2000,0,2.114502e-03
2026-07-20T18:48:29.270,1784562509.271,106.403,1.055139e-02,2.804014e-03,1.708984e-03,3.173828e-02,2000,0,2.110278e-03
2026-07-20T18:48:29.368,1784562509.369,106.503,9.396484e-03,2.773505e-03,0.000000e+00,1.855469e-02,2000,0,1.879297e-03
2026-07-20T18:48:29.468,1784562509.469,106.603,9.172729e-03,2.724427e-03,-1.171875e-02,1.855469e-02,2000,0,1.834546e-03
2026-07-20T18:48:29.568,1784562509.568,106.703,8.985107e-03,2.698899e-03,-8.300781e-03,1.806641e-02,2000,0,1.797021e-03
2026-07-20T18:48:29.668,1784562509.668,106.803,8.527466e-03,2.647079e-03,2.441406e-04,1.757812e-02,2000,0,1.705493e-03
2026-07-20T18:48:29.768,1784562509.769,106.903,7.678711e-03,2.595660e-03,-2.197266e-03,1.831055e-02,2000,0,1.535742e-03
2026-07-20T18:48:29.868,1784562509.869,107.003,7.938965e-03,2.543984e-03,-4.882812e-04,1.757812e-02,2000,0,1.587793e-03
2026-07-20T18:48:29.968,1784562509.969,107.103,6.961182e-03,2.590996e-03,-1.708984e-03,1.708984e-02,2000,0,1.392236e-03
2026-07-20T18:48:30.068,1784562510.069,107.203,6.954590e-03,2.619059e-03,-4.150391e-03,1.586914e-02,2000,0,1.390918e-03
2026-07-20T18:48:30.170,1784562510.170,107.303,7.536621e-03,2.559848e-03,-4.394531e-03,1.660156e-02,2000,0,1.507324e-03
2026-07-20T18:48:30.270,1784562510.270,107.403,6.039307e-03,2.558797e-03,-2.929688e-03,1.440430e-02,2000,0,1.207861e-03
2026-07-20T18:48:30.368,1784562510.368,107.503,5.351685e-03,2.517233e-03,-2.685547e-03,1.269531e-02,2000,0,1.070337e-03
2026-07-20T18:48:30.470,1784562510.471,107.603,5.420166e-03,2.462877e-03,-5.615234e-03,1.318359e-02,2000,0,1.084033e-03
2026-07-20T18:48:30.568,1784562510.569,107.703,4.744995e-03,2.749796e-03,-3.662109e-03,1.416016e-02,2000,0,9.489990e-04
2026-07-20T18:48:30.668,1784562510.669,107.803,4.785522e-03,2.670085e-03,-4.150391e-03,1.342773e-02,2000,0,9.571045e-04
2026-07-20T18:48:30.768,1784562510.769,107.903,4.661377e-03,2.701439e-03,-6.347656e-03,1.660156e-02,2000,0,9.322754e-04
2026-07-20T18:48:30.868,1784562510.869,108.003,4.331665e-03,2.846361e-03,-3.906250e-03,1.293945e-02,2000,0,8.663330e-04
2026-07-20T18:48:30.968,1784562510.969,108.103,3.708740e-03,2.750843e-03,-6.347656e-03,1.562500e-02,2000,0,7.417480e-04
2026-07-20T18:48:31.068,1784562511.068,108.203,4.076660e-03,2.891895e-03,-5.371094e-03,1.318359e-02,2000,0,8.153320e-04
2026-07-20T18:48:31.168,1784562511.169,108.303,3.159180e-03,2.926475e-03,-9.521484e-03,1.611328e-02,2000,0,6.318359e-04
2026-07-20T18:48:31.268,1784562511.269,108.403,2.810913e-03,2.937325e-03,-7.812500e-03,1.586914e-02,2000,0,5.621826e-04
2026-07-20T18:48:31.368,1784562511.369,108.503,2.869385e-03,3.090728e-03,-8.544922e-03,1.245117e-02,2000,0,5.738770e-04
2026-07-20T18:48:31.468,1784562511.469,108.603,2.467896e-03,3.023765e-03,-8.300781e-03,1.220703e-02,2000,0,4.935791e-04
2026-07-20T18:48:31.568,1784562511.569,108.703,1.986572e-03,3.132394e-03,-8.789062e-03,1.196289e-02,2000,0,3.973145e-04
2026-07-20T18:48:31.668,1784562511.668,108.803,2.258545e-03,3.130031e-03,-9.277344e-03,1.440430e-02,2000,0,4.517090e-04
2026-07-20T18:48:31.768,1784562511.768,108.903,1.808838e-03,3.151190e-03,-1.074219e-02,1.293945e-02,2000,0,3.617676e-04
2026-07-20T18:48:31.868,1784562511.869,109.003,1.196533e-03,3.236261e-03,-1.147461e-02,1.074219e-02,2000,0,2.393066e-04
2026-07-20T18:48:31.968,1784562511.969,109.103,1.205078e-03,3.035012e-03,-8.789062e-03,1.025391e-02,2000,0,2.410156e-04
2026-07-20T18:48:32.068,1784562512.068,109.203,1.078491e-03,3.167156e-03,-1.098633e-02,1.196289e-02,2000,0,2.156982e-04
2026-07-20T18:48:32.168,1784562512.168,109.303,4.771729e-04,3.203600e-03,-1.123047e-02,1.245117e-02,2000,0,9.543457e-05
2026-07-20T18:48:32.268,1784562512.268,109.403,8.264160e-04,3.098709e-03,-1.025391e-02,1.245117e-02,2000,0,1.652832e-04
2026-07-20T18:48:32.368,1784562512.369,109.503,5.053711e-05,3.312982e-03,-1.098633e-02,1.025391e-02,2000,0,1.010742e-05
2026-07-20T18:48:32.468,1784562512.469,109.603,-3.028564e-04,3.127980e-03,-1.123047e-02,9.765625e-03,2000,0,-6.057129e-05
2026-07-20T18:48:32.571,1784562512.571,109.703,-2.402344e-04,3.161171e-03,-9.521484e-03,9.277344e-03,2000,0,-4.804688e-05
2026-07-20T18:48:32.668,1784562512.669,109.803,-5.148926e-04,3.040116e-03,-1.293945e-02,8.789062e-03,2000,0,-1.029785e-04
2026-07-20T18:48:32.768,1784562512.769,109.903,-1.030151e-03,3.081508e-03,-1.391602e-02,1.757812e-02,2000,0,-2.060303e-04
2026-07-20T18:48:32.868,1784562512.868,110.003,-7.844238e-04,3.178216e-03,-1.074219e-02,1.000977e-02,2000,0,-1.568848e-04
2026-07-20T18:48:32.968,1784562512.969,110.103,-1.229004e-03,3.073418e-03,-1.098633e-02,9.521484e-03,2000,0,-2.458008e-04
2026-07-20T18:48:33.068,1784562513.068,110.203,-1.406738e-03,2.986982e-03,-1.123047e-02,8.789062e-03,2000,0,-2.813477e-04
2026-07-20T18:48:33.168,1784562513.169,110.303,-1.129028e-03,3.102253e-03,-1.049805e-02,8.789062e-03,2000,0,-2.258057e-04
2026-07-20T18:48:33.268,1784562513.269,110.403,-2.210205e-03,3.176392e-03,-1.318359e-02,2.050781e-02,2000,0,-4.420410e-04
2026-07-20T18:48:33.368,1784562513.369,110.503,-1.901245e-03,3.080629e-03,-1.416016e-02,8.300781e-03,2000,0,-3.802490e-04
2026-07-20T18:48:33.471,1784562513.471,110.603,-1.890015e-03,3.133074e-03,-1.782227e-02,7.568359e-03,2000,0,-3.780029e-04
2026-07-20T18:48:33.568,1784562513.569,110.703,-2.153687e-03,3.208547e-03,-1.391602e-02,9.277344e-03,2000,0,-4.307373e-04
2026-07-20T18:48:33.668,1784562513.668,110.803,-2.668579e-03,3.181984e-03,-1.391602e-02,7.324219e-03,2000,0,-5.337158e-04
2026-07-20T18:48:33.768,1784562513.769,110.903,-2.608765e-03,3.209642e-03,-1.220703e-02,8.544922e-03,2000,0,-5.217529e-04
2026-07-20T18:48:33.868,1784562513.869,111.003,-2.610718e-03,3.207199e-03,-1.220703e-02,9.521484e-03,2000,0,-5.221436e-04
2026-07-20T18:48:33.968,1784562513.969,111.103,-3.200562e-03,3.051968e-03,-1.367188e-02,6.347656e-03,2000,0,-6.401123e-04
2026-07-20T18:48:34.068,1784562514.069,111.203,-3.410156e-03,3.277327e-03,-1.440430e-02,6.591797e-03,2000,0,-6.820313e-04
2026-07-20T18:48:34.168,1784562514.169,111.303,-3.650513e-03,3.324549e-03,-1.440430e-02,7.812500e-03,2000,0,-7.301025e-04
2026-07-20T18:48:34.268,1784562514.268,111.403,-3.582520e-03,3.383059e-03,-1.440430e-02,1.000977e-02,2000,0,-7.165039e-04
2026-07-20T18:48:34.368,1784562514.369,111.503,-3.251953e-03,3.322211e-03,-1.464844e-02,1.245117e-02,2000,0,-6.503906e-04
2026-07-20T18:48:34.468,1784562514.469,111.603,-3.913086e-03,3.223176e-03,-1.611328e-02,8.056641e-03,2000,0,-7.826172e-04
2026-07-20T18:48:34.568,1784562514.569,111.703,-4.080322e-03,3.259013e-03,-1.708984e-02,6.591797e-03,2000,0,-8.160645e-04
2026-07-20T18:48:34.668,1784562514.668,111.803,-3.713257e-03,3.286051e-03,-1.611328e-02,1.196289e-02,2000,0,-7.426514e-04
2026-07-20T18:48:34.768,1784562514.769,111.903,-3.973877e-03,3.294997e-03,-1.416016e-02,6.347656e-03,2000,0,-7.947754e-04
2026-07-20T18:48:34.868,1784562514.869,112.003,-4.405273e-03,3.340528e-03,-1.611328e-02,5.126953e-03,2000,0,-8.810547e-04
2026-07-20T18:48:34.968,1784562514.969,112.103,-3.900146e-03,3.334369e-03,-1.513672e-02,8.789062e-03,2000,0,-7.800293e-04
2026-07-20T18:48:35.068,1784562515.069,112.203,-4.217285e-03,3.273815e-03,-1.611328e-02,6.347656e-03,2000,0,-8.434570e-04
2026-07-20T18:48:35.168,1784562515.169,112.303,-4.756470e-03,3.472197e-03,-1.806641e-02,7.812500e-03,2000,0,-9.512939e-04
2026-07-20T18:48:35.268,1784562515.269,112.403,-4.772827e-03,3.289088e-03,-1.977539e-02,1.171875e-02,2000,0,-9.545654e-04
2026-07-20T18:48:35.368,1784562515.369,112.503,-5.451904e-03,3.170046e-03,-1.635742e-02,4.638672e-03,2000,0,-1.090381e-03
2026-07-20T18:48:35.468,1784562515.469,112.603,-5.137939e-03,3.350967e-03,-2.099609e-02,4.882812e-03,2000,0,-1.027588e-03
2026-07-20T18:48:35.568,1784562515.569,112.703,-4.951172e-03,3.295090e-03,-1.660156e-02,4.638672e-03,2000,0,-9.902344e-04
2026-07-20T18:48:35.668,1784562515.669,112.803,-5.501465e-03,3.365440e-03,-1.806641e-02,1.245117e-02,2000,0,-1.100293e-03
2026-07-20T18:48:35.768,1784562515.769,112.903,-5.846313e-03,3.302769e-03,-1.855469e-02,3.173828e-03,2000,0,-1.169263e-03
2026-07-20T18:48:35.868,1784562515.868,113.003,-5.385620e-03,3.396205e-03,-2.172852e-02,3.906250e-03,2000,0,-1.077124e-03
2026-07-20T18:48:35.968,1784562515.969,113.103,-5.734497e-03,3.156228e-03,-1.806641e-02,3.417969e-03,2000,0,-1.146899e-03
2026-07-20T18:48:36.068,1784562516.069,113.203,-5.681396e-03,3.283356e-03,-1.611328e-02,5.371094e-03,2000,0,-1.136279e-03
2026-07-20T18:48:36.168,1784562516.169,113.303,-5.784058e-03,3.454235e-03,-1.733398e-02,4.150391e-03,2000,0,-1.156812e-03
2026-07-20T18:48:36.268,1784562516.269,113.403,-7.281006e-03,3.340515e-03,-1.953125e-02,1.708984e-03,2000,0,-1.456201e-03
2026-07-20T18:48:36.368,1784562516.369,113.503,-6.260132e-03,3.330726e-03,-1.855469e-02,2.929688e-03,2000,0,-1.252026e-03
2026-07-20T18:48:36.468,1784562516.469,113.603,-5.723755e-03,3.433323e-03,-1.879883e-02,4.882812e-03,2000,0,-1.144751e-03
2026-07-20T18:48:36.568,1784562516.569,113.703,-6.809814e-03,3.446973e-03,-1.977539e-02,5.371094e-03,2000,0,-1.361963e-03
2026-07-20T18:48:36.668,1784562516.669,113.803,-6.760742e-03,3.310147e-03,-2.075195e-02,3.417969e-03,2000,0,-1.352148e-03
2026-07-20T18:48:36.768,1784562516.769,113.903,-6.367554e-03,3.416476e-03,-1.879883e-02,3.173828e-03,2000,0,-1.273511e-03
2026-07-20T18:48:36.868,1784562516.869,114.003,-6.518921e-03,3.375957e-03,-1.928711e-02,3.173828e-03,2000,0,-1.303784e-03
2026-07-20T18:48:36.968,1784562516.969,114.103,-6.964966e-03,3.503807e-03,-1.879883e-02,3.417969e-03,2000,0,-1.392993e-03
2026-07-20T18:48:37.068,1784562517.069,114.203,-6.546265e-03,3.548815e-03,-1.806641e-02,5.615234e-03,2000,0,-1.309253e-03
2026-07-20T18:48:37.168,1784562517.169,114.303,-6.845825e-03,3.513631e-03,-1.904297e-02,3.906250e-03,2000,0,-1.369165e-03
2026-07-20T18:48:37.268,1784562517.269,114.403,-6.913086e-03,3.521691e-03,-1.879883e-02,4.882812e-03,2000,0,-1.382617e-03
2026-07-20T18:48:37.368,1784562517.369,114.503,-6.577759e-03,3.600443e-03,-1.977539e-02,5.371094e-03,2000,0,-1.315552e-03
2026-07-20T18:48:37.468,1784562517.469,114.603,-6.789551e-03,3.705271e-03,-1.977539e-02,1.049805e-02,2000,0,-1.357910e-03
2026-07-20T18:48:37.568,1784562517.568,114.703,-6.815186e-03,3.604708e-03,-1.928711e-02,2.929688e-03,2000,0,-1.363037e-03
2026-07-20T18:48:37.668,1784562517.669,114.803,-6.652710e-03,3.680546e-03,-2.490234e-02,6.103516e-03,2000,0,-1.330542e-03
2026-07-20T18:48:37.768,1784562517.769,114.903,-8.146118e-03,3.533586e-03,-2.099609e-02,3.173828e-03,2000,0,-1.629224e-03
2026-07-20T18:48:37.868,1784562517.868,115.003,-7.777344e-03,3.643575e-03,-1.928711e-02,2.685547e-03,2000,0,-1.555469e-03
2026-07-20T18:48:37.968,1784562517.969,115.103,-7.377319e-03,3.571338e-03,-2.050781e-02,3.662109e-03,2000,0,-1.475464e-03
2026-07-20T18:48:38.068,1784562518.068,115.203,-7.294556e-03,3.540853e-03,-1.806641e-02,4.150391e-03,2000,0,-1.458911e-03
2026-07-20T18:48:38.168,1784562518.168,115.303,-7.554687e-03,3.685948e-03,-1.904297e-02,8.300781e-03,2000,0,-1.510938e-03
2026-07-20T18:48:38.268,1784562518.269,115.403,-7.346558e-03,3.550607e-03,-1.928711e-02,4.638672e-03,2000,0,-1.469312e-03
2026-07-20T18:48:38.368,1784562518.368,115.503,-7.721802e-03,3.572099e-03,-2.001953e-02,3.173828e-03,2000,0,-1.544360e-03
2026-07-20T18:48:38.468,1784562518.469,115.603,-7.457520e-03,3.348635e-03,-1.782227e-02,3.173828e-03,2000,0,-1.491504e-03
2026-07-20T18:48:38.571,1784562518.571,115.703,-7.285522e-03,3.417449e-03,-1.782227e-02,1.171875e-02,2000,0,-1.457104e-03
2026-07-20T18:48:38.668,1784562518.668,115.803,-7.303467e-03,3.437495e-03,-1.708984e-02,3.662109e-03,2000,0,-1.460693e-03
2026-07-20T18:48:38.768,1784562518.769,115.903,-7.485107e-03,3.297171e-03,-1.977539e-02,3.906250e-03,2000,0,-1.497021e-03
2026-07-20T18:48:38.868,1784562518.869,116.003,-7.544067e-03,3.364375e-03,-1.831055e-02,5.126953e-03,2000,0,-1.508813e-03
2026-07-20T18:48:38.968,1784562518.969,116.103,-7.993408e-03,3.361710e-03,-1.831055e-02,2.685547e-03,2000,0,-1.598682e-03
2026-07-20T18:48:39.068,1784562519.068,116.203,-7.874268e-03,3.299911e-03,-1.831055e-02,6.347656e-03,2000,0,-1.574854e-03
2026-07-20T18:48:39.168,1784562519.169,116.303,-7.265747e-03,3.222990e-03,-2.099609e-02,2.929688e-03,2000,0,-1.453149e-03
2026-07-20T18:48:39.268,1784562519.269,116.403,-9.159302e-03,3.388560e-03,-2.343750e-02,2.929688e-03,2000,0,-1.831860e-03
2026-07-20T18:48:39.368,1784562519.369,116.503,-8.057251e-03,3.111127e-03,-1.757812e-02,1.464844e-03,2000,0,-1.611450e-03
2026-07-20T18:48:39.468,1784562519.469,116.603,-8.223877e-03,3.187478e-03,-1.977539e-02,1.464844e-03,2000,0,-1.644775e-03
2026-07-20T18:48:39.568,1784562519.568,116.703,-8.539673e-03,3.088403e-03,-1.855469e-02,4.882812e-04,2000,0,-1.707935e-03
2026-07-20T18:48:39.668,1784562519.668,116.803,-8.312988e-03,3.270095e-03,-1.855469e-02,6.103516e-03,2000,0,-1.662598e-03
2026-07-20T18:48:39.768,1784562519.769,116.903,-7.964111e-03,3.279931e-03,-1.806641e-02,1.953125e-03,2000,0,-1.592822e-03
2026-07-20T18:48:39.868,1784562519.869,117.003,-7.932617e-03,3.406527e-03,-2.929688e-02,2.441406e-03,2000,0,-1.586523e-03
2026-07-20T18:48:39.968,1784562519.968,117.103,-8.253418e-03,3.316355e-03,-1.953125e-02,2.441406e-03,2000,0,-1.650684e-03
2026-07-20T18:48:40.070,1784562520.071,117.203,-8.374878e-03,3.379389e-03,-2.221680e-02,3.417969e-03,2000,0,-1.674976e-03
2026-07-20T18:48:40.168,1784562520.169,117.303,-8.264160e-03,3.395859e-03,-2.099609e-02,5.615234e-03,2000,0,-1.652832e-03
2026-07-20T18:48:40.268,1784562520.268,117.403,-8.206421e-03,3.394583e-03,-2.319336e-02,1.708984e-03,2000,0,-1.641284e-03
2026-07-20T18:48:40.368,1784562520.369,117.503,-8.017090e-03,3.471640e-03,-2.099609e-02,2.441406e-03,2000,0,-1.603418e-03
2026-07-20T18:48:40.468,1784562520.468,117.603,-8.536743e-03,3.292790e-03,-1.879883e-02,2.929688e-03,2000,0,-1.707349e-03
2026-07-20T18:48:40.568,1784562520.569,117.703,-8.394653e-03,3.450387e-03,-2.075195e-02,2.441406e-03,2000,0,-1.678931e-03
2026-07-20T18:48:40.670,1784562520.671,117.803,-7.973511e-03,3.459056e-03,-1.953125e-02,1.220703e-03,2000,0,-1.594702e-03
2026-07-20T18:48:40.768,1784562520.769,117.903,-8.681274e-03,3.477471e-03,-2.172852e-02,1.245117e-02,2000,0,-1.736255e-03
2026-07-20T18:48:40.868,1784562520.869,118.003,-8.482422e-03,3.373786e-03,-1.928711e-02,1.220703e-03,2000,0,-1.696484e-03
2026-07-20T18:48:40.968,1784562520.969,118.103,-8.137817e-03,3.476891e-03,-2.783203e-02,2.929688e-03,2000,0,-1.627563e-03
2026-07-20T18:48:41.068,1784562521.069,118.203,-8.494507e-03,3.380143e-03,-2.001953e-02,3.417969e-03,2000,0,-1.698901e-03
2026-07-20T18:48:41.168,1784562521.169,118.303,-8.456665e-03,3.336392e-03,-2.368164e-02,1.464844e-03,2000,0,-1.691333e-03
2026-07-20T18:48:41.268,1784562521.269,118.403,-8.794189e-03,3.215403e-03,-1.953125e-02,2.197266e-03,2000,0,-1.758838e-03
2026-07-20T18:48:41.368,1784562521.369,118.503,-8.689575e-03,3.268317e-03,-2.197266e-02,1.220703e-03,2000,0,-1.737915e-03
2026-07-20T18:48:41.468,1784562521.469,118.603,-8.490479e-03,3.057371e-03,-2.758789e-02,4.638672e-03,2000,0,-1.698096e-03
2026-07-20T18:48:41.568,1784562521.568,118.703,-8.444946e-03,3.348340e-03,-2.026367e-02,5.615234e-03,2000,0,-1.688989e-03
2026-07-20T18:48:41.670,1784562521.671,118.803,-8.865112e-03,3.146446e-03,-2.148438e-02,2.197266e-03,2000,0,-1.773022e-03
2026-07-20T18:48:41.768,1784562521.769,118.903,-9.032715e-03,3.073700e-03,-1.953125e-02,-2.441406e-04,2000,0,-1.806543e-03
2026-07-20T18:48:41.868,1784562521.869,119.003,-8.220337e-03,2.952769e-03,-1.879883e-02,4.882812e-03,2000,0,-1.644067e-03
2026-07-20T18:48:41.968,1784562521.969,119.103,-8.643677e-03,3.151201e-03,-2.270508e-02,1.953125e-03,2000,0,-1.728735e-03
2026-07-20T18:48:42.068,1784562522.069,119.203,-8.432129e-03,3.134223e-03,-2.539062e-02,2.685547e-03,2000,0,-1.686426e-03
2026-07-20T18:48:42.171,1784562522.171,119.303,-7.813843e-03,2.986863e-03,-1.684570e-02,2.441406e-04,2000,0,-1.562769e-03
2026-07-20T18:48:42.268,1784562522.269,119.403,-8.771729e-03,2.955836e-03,-1.953125e-02,1.953125e-03,2000,0,-1.754346e-03
2026-07-20T18:48:42.368,1784562522.368,119.503,-8.678101e-03,3.064912e-03,-1.831055e-02,2.929688e-03,2000,0,-1.735620e-03
2026-07-20T18:48:42.471,1784562522.471,119.603,-8.109009e-03,3.138556e-03,-2.075195e-02,1.464844e-03,2000,0,-1.621802e-03
2026-07-20T18:48:42.568,1784562522.569,119.703,-8.750854e-03,3.129860e-03,-1.831055e-02,1.708984e-03,2000,0,-1.750171e-03
2026-07-20T18:48:42.668,1784562522.669,119.803,-8.581909e-03,3.151075e-03,-1.879883e-02,1.464844e-03,2000,0,-1.716382e-03
2026-07-20T18:48:42.768,1784562522.769,119.903,-8.297607e-03,3.048962e-03,-1.757812e-02,6.347656e-03,2000,0,-1.659521e-03
2026-07-20T18:48:42.868,1784562522.869,120.003,-8.971924e-03,3.190592e-03,-1.806641e-02,7.324219e-04,2000,0,-1.794385e-03
2026-07-20T18:48:42.968,1784562522.968,120.103,-9.103149e-03,3.209204e-03,-1.928711e-02,1.293945e-02,2000,0,-1.820630e-03
2026-07-20T18:48:43.071,1784562523.071,120.203,-8.663086e-03,3.196926e-03,-2.465820e-02,2.441406e-04,2000,0,-1.732617e-03
2026-07-20T18:48:43.168,1784562523.169,120.303,-8.769287e-03,3.141478e-03,-2.807617e-02,3.662109e-03,2000,0,-1.753857e-03
2026-07-20T18:48:43.268,1784562523.269,120.403,-8.828125e-03,3.162252e-03,-1.806641e-02,-7.324219e-04,2000,0,-1.765625e-03
2026-07-20T18:48:43.368,1784562523.369,120.503,-8.513306e-03,3.163103e-03,-1.831055e-02,4.882812e-04,2000,0,-1.702661e-03
2026-07-20T18:48:43.468,1784562523.469,120.603,-8.714478e-03,3.188276e-03,-1.855469e-02,4.394531e-03,2000,0,-1.742896e-03
2026-07-20T18:48:43.568,1784562523.569,120.703,-8.723877e-03,3.305043e-03,-2.075195e-02,1.464844e-03,2000,0,-1.744775e-03
2026-07-20T18:48:43.668,1784562523.669,120.803,-8.637573e-03,3.114573e-03,-2.319336e-02,1.464844e-03,2000,0,-1.727515e-03
2026-07-20T18:48:43.768,1784562523.769,120.903,-8.988403e-03,3.219074e-03,-1.977539e-02,4.882812e-04,2000,0,-1.797681e-03
2026-07-20T18:48:43.868,1784562523.869,121.003,-8.765625e-03,3.361150e-03,-2.001953e-02,1.220703e-03,2000,0,-1.753125e-03
2026-07-20T18:48:43.968,1784562523.969,121.103,-8.825439e-03,3.328639e-03,-2.099609e-02,7.324219e-04,2000,0,-1.765088e-03
2026-07-20T18:48:44.068,1784562524.069,121.203,-8.863037e-03,3.214074e-03,-1.831055e-02,7.324219e-04,2000,0,-1.772607e-03
2026-07-20T18:48:44.168,1784562524.168,121.303,-8.929077e-03,3.089615e-03,-1.855469e-02,2.441406e-04,2000,0,-1.785815e-03
2026-07-20T18:48:44.268,1784562524.269,121.403,-8.773437e-03,3.235309e-03,-2.075195e-02,2.685547e-03,2000,0,-1.754688e-03
2026-07-20T18:48:44.368,1784562524.369,121.503,-8.985596e-03,3.310928e-03,-2.148438e-02,2.685547e-03,2000,0,-1.797119e-03
2026-07-20T18:48:44.468,1784562524.469,121.603,-8.697632e-03,3.266007e-03,-1.879883e-02,3.173828e-03,2000,0,-1.739526e-03
2026-07-20T18:48:44.568,1784562524.569,121.703,-8.421631e-03,3.246207e-03,-2.026367e-02,3.417969e-03,2000,0,-1.684326e-03
2026-07-20T18:48:44.668,1784562524.669,121.803,-9.201294e-03,3.180670e-03,-2.099609e-02,2.441406e-04,2000,0,-1.840259e-03
2026-07-20T18:48:44.768,1784562524.769,121.903,-9.079224e-03,3.392017e-03,-2.075195e-02,-4.882812e-04,2000,0,-1.815845e-03
2026-07-20T18:48:44.868,1784562524.869,122.003,-8.934448e-03,3.211576e-03,-2.050781e-02,-2.441406e-04,2000,0,-1.786890e-03
2026-07-20T18:48:44.968,1784562524.969,122.103,-9.271240e-03,3.207764e-03,-2.124023e-02,2.441406e-03,2000,0,-1.854248e-03
2026-07-20T18:48:45.068,1784562525.069,122.203,-9.022217e-03,3.265128e-03,-2.172852e-02,9.765625e-04,2000,0,-1.804443e-03
2026-07-20T18:48:45.168,1784562525.169,122.303,-8.812988e-03,3.189540e-03,-1.928711e-02,1.220703e-03,2000,0,-1.762598e-03
2026-07-20T18:48:45.268,1784562525.269,122.403,-8.761475e-03,3.098069e-03,-1.977539e-02,2.441406e-03,2000,0,-1.752295e-03
2026-07-20T18:48:45.368,1784562525.369,122.503,-8.300293e-03,3.193822e-03,-1.977539e-02,9.765625e-04,2000,0,-1.660059e-03
2026-07-20T18:48:45.468,1784562525.468,122.603,-7.130371e-03,3.134642e-03,-1.806641e-02,3.417969e-03,2000,0,-1.426074e-03
2026-07-20T18:48:45.568,1784562525.569,122.703,-7.442383e-03,3.189291e-03,-1.855469e-02,4.882812e-03,2000,0,-1.488477e-03
2026-07-20T18:48:45.668,1784562525.668,122.803,-6.524414e-03,3.040279e-03,-1.831055e-02,4.150391e-03,2000,0,-1.304883e-03
2026-07-20T18:48:45.768,1784562525.768,122.903,-5.544922e-03,3.145769e-03,-1.586914e-02,3.662109e-03,2000,0,-1.108984e-03
2026-07-20T18:48:45.868,1784562525.869,123.003,-4.843262e-03,3.062420e-03,-1.464844e-02,7.080078e-03,2000,0,-9.686523e-04
2026-07-20T18:48:45.968,1784562525.969,123.103,-3.522339e-03,3.031493e-03,-1.733398e-02,9.033203e-03,2000,0,-7.044678e-04
2026-07-20T18:48:46.068,1784562526.069,123.203,-1.628174e-03,2.939675e-03,-1.196289e-02,7.324219e-03,2000,0,-3.256348e-04
2026-07-20T18:48:46.168,1784562526.169,123.303,-5.498047e-04,2.985666e-03,-1.025391e-02,1.000977e-02,2000,0,-1.099609e-04
2026-07-20T18:48:46.268,1784562526.269,123.403,1.355591e-03,3.200974e-03,-1.171875e-02,1.171875e-02,2000,0,2.711182e-04
2026-07-20T18:48:46.370,1784562526.370,123.503,1.632812e-03,3.124272e-03,-1.049805e-02,1.220703e-02,2000,0,3.265625e-04
2026-07-20T18:48:46.468,1784562526.469,123.603,4.151611e-03,3.090458e-03,-4.882812e-03,1.440430e-02,2000,0,8.303223e-04
2026-07-20T18:48:46.568,1784562526.568,123.703,5.746826e-03,3.211052e-03,-3.662109e-03,1.635742e-02,2000,0,1.149365e-03
2026-07-20T18:48:46.668,1784562526.668,123.803,7.859009e-03,3.185555e-03,-1.464844e-03,1.928711e-02,2000,0,1.571802e-03
2026-07-20T18:48:46.768,1784562526.768,123.903,1.005225e-02,3.279789e-03,-9.765625e-04,2.343750e-02,2000,0,2.010449e-03
2026-07-20T18:48:46.868,1784562526.868,124.003,1.177246e-02,3.144628e-03,1.220703e-03,2.587891e-02,2000,0,2.354492e-03
2026-07-20T18:48:46.968,1784562526.969,124.103,1.428674e-02,3.160086e-03,-7.324219e-04,2.514648e-02,2000,0,2.857349e-03
2026-07-20T18:48:47.068,1784562527.069,124.203,1.609033e-02,3.067840e-03,6.347656e-03,2.636719e-02,2000,0,3.218066e-03
2026-07-20T18:48:47.168,1784562527.169,124.303,1.749768e-02,3.140942e-03,8.789062e-03,2.734375e-02,2000,0,3.499536e-03
2026-07-20T18:48:47.268,1784562527.269,124.403,1.955493e-02,3.310538e-03,8.544922e-03,3.076172e-02,2000,0,3.910986e-03
2026-07-20T18:48:47.369,1784562527.370,124.503,2.063647e-02,3.365700e-03,9.521484e-03,3.125000e-02,2000,0,4.127295e-03
2026-07-20T18:48:47.468,1784562527.469,124.603,2.281128e-02,3.389722e-03,1.147461e-02,3.344727e-02,2000,0,4.562256e-03
2026-07-20T18:48:47.568,1784562527.569,124.703,2.435840e-02,3.147209e-03,1.245117e-02,3.540039e-02,2000,0,4.871680e-03
2026-07-20T18:48:47.668,1784562527.669,124.803,2.503870e-02,3.325968e-03,1.367188e-02,3.662109e-02,2000,0,5.007739e-03
2026-07-20T18:48:47.768,1784562527.768,124.903,2.676941e-02,3.078479e-03,1.757812e-02,3.637695e-02,2000,0,5.353882e-03
2026-07-20T18:48:47.868,1784562527.869,125.003,2.847302e-02,3.194002e-03,1.684570e-02,3.833008e-02,2000,0,5.694604e-03
2026-07-20T18:48:47.968,1784562527.969,125.103,2.932410e-02,3.114129e-03,1.855469e-02,4.003906e-02,2000,0,5.864819e-03
2026-07-20T18:48:48.068,1784562528.069,125.203,3.069092e-02,3.076791e-03,1.953125e-02,4.858398e-02,2000,0,6.138184e-03
2026-07-20T18:48:48.168,1784562528.169,125.303,3.240649e-02,2.959160e-03,1.904297e-02,4.248047e-02,2000,0,6.481299e-03
2026-07-20T18:48:48.268,1784562528.269,125.403,3.324268e-02,2.856797e-03,2.197266e-02,4.370117e-02,2000,0,6.648535e-03
2026-07-20T18:48:48.368,1784562528.369,125.503,3.487549e-02,2.826433e-03,2.587891e-02,4.541016e-02,2000,0,6.975098e-03
2026-07-20T18:48:48.468,1784562528.469,125.603,3.645325e-02,2.934707e-03,2.441406e-02,4.541016e-02,2000,0,7.290649e-03
2026-07-20T18:48:48.570,1784562528.571,125.703,3.816467e-02,2.790587e-03,2.905273e-02,4.785156e-02,2000,0,7.632935e-03
2026-07-20T18:48:48.668,1784562528.669,125.803,3.921143e-02,2.874904e-03,2.734375e-02,4.980469e-02,2000,0,7.842285e-03
2026-07-20T18:48:48.768,1784562528.769,125.903,4.095007e-02,2.755432e-03,3.222656e-02,5.688477e-02,2000,0,8.190015e-03
2026-07-20T18:48:48.868,1784562528.869,126.003,4.190210e-02,2.613113e-03,3.247070e-02,5.126953e-02,2000,0,8.380420e-03
2026-07-20T18:48:48.968,1784562528.969,126.103,4.391614e-02,2.546355e-03,3.540039e-02,5.200195e-02,2000,0,8.783228e-03
2026-07-20T18:48:49.068,1784562529.069,126.203,4.485730e-02,2.618259e-03,3.198242e-02,5.590820e-02,2000,0,8.971460e-03
2026-07-20T18:48:49.168,1784562529.169,126.303,4.560828e-02,2.482107e-03,3.784180e-02,5.541992e-02,2000,0,9.121655e-03
2026-07-20T18:48:49.268,1784562529.269,126.403,4.686682e-02,2.518963e-03,3.491211e-02,5.517578e-02,2000,0,9.373364e-03
2026-07-20T18:48:49.368,1784562529.369,126.503,4.784106e-02,2.387755e-03,3.735352e-02,5.541992e-02,2000,0,9.568213e-03
2026-07-20T18:48:49.468,1784562529.469,126.603,4.850732e-02,2.439763e-03,3.906250e-02,5.615234e-02,2000,0,9.701465e-03
2026-07-20T18:48:49.568,1784562529.569,126.703,4.934033e-02,2.480791e-03,3.833008e-02,5.883789e-02,2000,0,9.868066e-03
2026-07-20T18:48:49.668,1784562529.669,126.803,5.030481e-02,2.478817e-03,4.028320e-02,5.957031e-02,2000,0,1.006096e-02
2026-07-20T18:48:49.768,1784562529.769,126.903,5.037366e-02,2.428337e-03,4.199219e-02,5.908203e-02,2000,0,1.007473e-02
2026-07-20T18:48:49.868,1784562529.869,127.003,5.073401e-02,2.433496e-03,4.101562e-02,5.859375e-02,2000,0,1.014680e-02
2026-07-20T18:48:49.968,1784562529.969,127.103,5.156860e-02,2.508601e-03,4.272461e-02,6.152344e-02,2000,0,1.031372e-02
2026-07-20T18:48:50.068,1784562530.069,127.203,5.152551e-02,2.526321e-03,3.393555e-02,6.030273e-02,2000,0,1.030510e-02
2026-07-20T18:48:50.168,1784562530.169,127.303,5.189612e-02,2.683044e-03,4.394531e-02,6.201172e-02,2000,0,1.037922e-02
2026-07-20T18:48:50.268,1784562530.269,127.403,5.249475e-02,2.622440e-03,4.125977e-02,6.909180e-02,2000,0,1.049895e-02
2026-07-20T18:48:50.368,1784562530.369,127.503,5.194031e-02,2.579525e-03,4.248047e-02,6.225586e-02,2000,0,1.038806e-02
2026-07-20T18:48:50.468,1784562530.469,127.603,5.241577e-02,2.578857e-03,4.223633e-02,6.030273e-02,2000,0,1.048315e-02
2026-07-20T18:48:50.571,1784562530.571,127.703,5.257617e-02,2.660675e-03,4.345703e-02,6.127930e-02,2000,0,1.051523e-02
2026-07-20T18:48:50.668,1784562530.669,127.803,5.181396e-02,2.779529e-03,4.077148e-02,6.079102e-02,2000,0,1.036279e-02
2026-07-20T18:48:50.769,1784562530.769,127.903,5.164038e-02,2.858517e-03,4.272461e-02,6.616211e-02,2000,0,1.032808e-02
2026-07-20T18:48:50.868,1784562530.869,128.003,5.145410e-02,2.843965e-03,4.003906e-02,6.054688e-02,2000,0,1.029082e-02
2026-07-20T18:48:50.968,1784562530.969,128.103,5.092627e-02,2.874730e-03,3.295898e-02,6.616211e-02,2000,0,1.018525e-02
2026-07-20T18:48:51.068,1784562531.069,128.203,5.077039e-02,2.882519e-03,4.174805e-02,5.957031e-02,2000,0,1.015408e-02
2026-07-20T18:48:51.168,1784562531.169,128.303,5.073608e-02,2.789287e-03,3.881836e-02,5.957031e-02,2000,0,1.014722e-02
2026-07-20T18:48:51.268,1784562531.269,128.403,4.972534e-02,2.919317e-03,3.979492e-02,5.908203e-02,2000,0,9.945068e-03
2026-07-20T18:48:51.368,1784562531.369,128.503,4.824597e-02,3.011687e-03,3.930664e-02,6.127930e-02,2000,0,9.649194e-03
2026-07-20T18:48:51.468,1784562531.469,128.603,4.905432e-02,2.828684e-03,3.881836e-02,5.859375e-02,2000,0,9.810864e-03
2026-07-20T18:48:51.568,1784562531.569,128.703,4.806641e-02,2.788163e-03,3.710938e-02,5.761719e-02,2000,0,9.613281e-03
2026-07-20T18:48:51.668,1784562531.669,128.803,4.754858e-02,2.955553e-03,2.661133e-02,5.761719e-02,2000,0,9.509717e-03
2026-07-20T18:48:51.768,1784562531.769,128.903,4.736194e-02,2.906878e-03,3.735352e-02,5.664062e-02,2000,0,9.472388e-03
2026-07-20T18:48:51.868,1784562531.869,129.003,4.614832e-02,2.966755e-03,3.564453e-02,5.688477e-02,2000,0,9.229663e-03
2026-07-20T18:48:51.970,1784562531.971,129.103,4.549683e-02,3.017483e-03,3.417969e-02,5.444336e-02,2000,0,9.099365e-03
2026-07-20T18:48:52.071,1784562532.071,129.203,4.513135e-02,2.837601e-03,3.662109e-02,5.957031e-02,2000,0,9.026270e-03
2026-07-20T18:48:52.170,1784562532.171,129.303,4.434265e-02,3.037425e-03,3.344727e-02,5.419922e-02,2000,0,8.868530e-03
2026-07-20T18:48:52.269,1784562532.269,129.403,4.335706e-02,2.897249e-03,3.173828e-02,5.444336e-02,2000,0,8.671411e-03
2026-07-20T18:48:52.368,1784562532.369,129.503,4.316956e-02,2.978325e-03,3.271484e-02,5.297852e-02,2000,0,8.633911e-03
2026-07-20T18:48:52.468,1784562532.469,129.603,4.229578e-02,3.052229e-03,3.247070e-02,5.078125e-02,2000,0,8.459155e-03
2026-07-20T18:48:52.570,1784562532.570,129.703,4.203748e-02,3.023739e-03,3.222656e-02,5.273438e-02,2000,0,8.407495e-03
2026-07-20T18:48:52.668,1784562532.669,129.803,4.100439e-02,3.060056e-03,3.027344e-02,5.102539e-02,2000,0,8.200879e-03
2026-07-20T18:48:52.770,1784562532.771,129.903,4.045325e-02,3.009318e-03,2.929688e-02,5.541992e-02,2000,0,8.090649e-03
2026-07-20T18:48:52.870,1784562532.871,130.003,3.752832e-02,3.178138e-03,2.709961e-02,4.858398e-02,2000,0,7.505664e-03
2026-07-20T18:48:52.968,1784562532.969,130.103,3.915576e-02,2.972938e-03,2.978516e-02,4.833984e-02,2000,0,7.831152e-03
2026-07-20T18:48:53.068,1784562533.069,130.203,3.806885e-02,2.949792e-03,2.148438e-02,4.833984e-02,2000,0,7.613770e-03
2026-07-20T18:48:53.168,1784562533.169,130.303,3.721802e-02,2.845752e-03,2.905273e-02,5.444336e-02,2000,0,7.443604e-03
2026-07-20T18:48:53.268,1784562533.269,130.403,3.678833e-02,2.877462e-03,2.709961e-02,4.736328e-02,2000,0,7.357666e-03
2026-07-20T18:48:53.368,1784562533.369,130.503,3.535559e-02,2.736563e-03,2.319336e-02,4.638672e-02,2000,0,7.071118e-03
2026-07-20T18:48:53.468,1784562533.469,130.603,3.490222e-02,2.831819e-03,2.294922e-02,4.614258e-02,2000,0,6.980444e-03
2026-07-20T18:48:53.568,1784562533.569,130.703,3.456995e-02,2.662905e-03,2.221680e-02,4.443359e-02,2000,0,6.913989e-03
2026-07-20T18:48:53.668,1784562533.669,130.803,3.416760e-02,2.887370e-03,1.855469e-02,4.370117e-02,2000,0,6.833521e-03
2026-07-20T18:48:53.768,1784562533.769,130.903,3.381079e-02,3.003077e-03,2.392578e-02,4.492188e-02,2000,0,6.762158e-03
2026-07-20T18:48:53.868,1784562533.869,131.003,3.306555e-02,2.846642e-03,2.270508e-02,4.345703e-02,2000,0,6.613110e-03
2026-07-20T18:48:53.968,1784562533.969,131.103,3.270105e-02,2.782060e-03,2.319336e-02,4.467773e-02,2000,0,6.540210e-03
2026-07-20T18:48:54.068,1784562534.069,131.203,3.273669e-02,2.789145e-03,2.319336e-02,4.296875e-02,2000,0,6.547339e-03
2026-07-20T18:48:54.171,1784562534.171,131.303,3.272571e-02,2.869380e-03,2.172852e-02,4.248047e-02,2000,0,6.545142e-03
2026-07-20T18:48:54.268,1784562534.269,131.403,3.264917e-02,2.860403e-03,2.319336e-02,4.394531e-02,2000,0,6.529834e-03
2026-07-20T18:48:54.368,1784562534.369,131.503,3.170215e-02,3.087381e-03,2.197266e-02,4.516602e-02,2000,0,6.340430e-03
2026-07-20T18:48:54.468,1784562534.469,131.603,3.400464e-02,2.928944e-03,1.953125e-02,4.443359e-02,2000,0,6.800928e-03
2026-07-20T18:48:54.568,1784562534.569,131.703,3.402075e-02,2.902689e-03,2.416992e-02,4.394531e-02,2000,0,6.804150e-03
2026-07-20T18:48:54.668,1784562534.669,131.803,3.425452e-02,3.012171e-03,2.392578e-02,4.467773e-02,2000,0,6.850903e-03
2026-07-20T18:48:54.768,1784562534.769,131.903,3.522119e-02,2.991716e-03,2.612305e-02,4.614258e-02,2000,0,7.044238e-03
2026-07-20T18:48:54.868,1784562534.869,132.003,3.552795e-02,3.055832e-03,2.392578e-02,4.565430e-02,2000,0,7.105591e-03
2026-07-20T18:48:54.968,1784562534.969,132.103,3.658643e-02,3.066204e-03,2.758789e-02,4.541016e-02,2000,0,7.317285e-03
2026-07-20T18:48:55.068,1784562535.069,132.203,3.755261e-02,3.092130e-03,2.832031e-02,4.760742e-02,2000,0,7.510522e-03
2026-07-20T18:48:55.168,1784562535.169,132.303,3.827661e-02,3.057690e-03,2.587891e-02,4.833984e-02,2000,0,7.655322e-03
2026-07-20T18:48:55.268,1784562535.269,132.403,3.932056e-02,3.123834e-03,2.685547e-02,4.956055e-02,2000,0,7.864111e-03
2026-07-20T18:48:55.368,1784562535.369,132.503,4.106409e-02,3.267812e-03,3.051758e-02,5.151367e-02,2000,0,8.212817e-03
2026-07-20T18:48:55.468,1784562535.469,132.603,4.202380e-02,3.123977e-03,3.125000e-02,5.126953e-02,2000,0,8.404761e-03
2026-07-20T18:48:55.568,1784562535.569,132.703,4.315466e-02,3.320722e-03,2.954102e-02,5.419922e-02,2000,0,8.630933e-03
2026-07-20T18:48:55.668,1784562535.669,132.803,4.485254e-02,3.180163e-03,3.100586e-02,5.517578e-02,2000,0,8.970508e-03
2026-07-20T18:48:55.768,1784562535.769,132.903,4.552332e-02,3.198752e-03,3.540039e-02,5.810547e-02,2000,0,9.104663e-03
2026-07-20T18:48:55.868,1784562535.869,133.003,4.718591e-02,3.221682e-03,3.662109e-02,5.737305e-02,2000,0,9.437183e-03
2026-07-20T18:48:55.968,1784562535.969,133.103,4.883325e-02,3.229996e-03,3.662109e-02,5.908203e-02,2000,0,9.766650e-03
2026-07-20T18:48:56.068,1784562536.069,133.203,4.991235e-02,3.284826e-03,3.955078e-02,6.103516e-02,2000,0,9.982471e-03
2026-07-20T18:48:56.168,1784562536.169,133.303,5.075903e-02,3.204905e-03,4.174805e-02,6.079102e-02,2000,0,1.015181e-02
2026-07-20T18:48:56.268,1784562536.269,133.403,5.195044e-02,3.371771e-03,4.174805e-02,6.225586e-02,2000,0,1.039009e-02
2026-07-20T18:48:56.368,1784562536.369,133.503,5.329358e-02,3.284133e-03,4.248047e-02,6.420898e-02,2000,0,1.065872e-02
2026-07-20T18:48:56.468,1784562536.469,133.603,5.403699e-02,3.363058e-03,4.077148e-02,6.738281e-02,2000,0,1.080740e-02
2026-07-20T18:48:56.568,1784562536.569,133.703,5.558557e-02,3.243527e-03,3.979492e-02,6.616211e-02,2000,0,1.111711e-02
2026-07-20T18:48:56.668,1784562536.669,133.803,5.581909e-02,3.288691e-03,4.638672e-02,6.738281e-02,2000,0,1.116382e-02
2026-07-20T18:48:56.768,1784562536.769,133.903,5.633240e-02,3.211369e-03,4.687500e-02,6.591797e-02,2000,0,1.126648e-02
2026-07-20T18:48:56.870,1784562536.871,134.003,5.732434e-02,3.228539e-03,4.736328e-02,6.762695e-02,2000,0,1.146487e-02
2026-07-20T18:48:56.970,1784562536.971,134.103,5.773206e-02,3.237899e-03,4.687500e-02,6.713867e-02,2000,0,1.154641e-02
2026-07-20T18:48:57.070,1784562537.071,134.203,5.838635e-02,3.144299e-03,4.907227e-02,6.787109e-02,2000,0,1.167727e-02
2026-07-20T18:48:57.170,1784562537.171,134.303,5.889258e-02,3.173160e-03,4.882812e-02,7.299805e-02,2000,0,1.177852e-02
2026-07-20T18:48:57.270,1784562537.271,134.403,5.828943e-02,3.337329e-03,4.687500e-02,6.933594e-02,2000,0,1.165789e-02
2026-07-20T18:48:57.370,1784562537.371,134.503,5.823572e-02,3.315713e-03,4.809570e-02,6.958008e-02,2000,0,1.164714e-02
2026-07-20T18:48:57.470,1784562537.471,134.603,5.909534e-02,3.237304e-03,4.809570e-02,7.006836e-02,2000,0,1.181907e-02
2026-07-20T18:48:57.568,1784562537.569,134.703,5.841235e-02,3.212514e-03,4.760742e-02,6.982422e-02,2000,0,1.168247e-02
2026-07-20T18:48:57.668,1784562537.669,134.803,5.867566e-02,3.406719e-03,4.809570e-02,6.884766e-02,2000,0,1.173513e-02
2026-07-20T18:48:57.768,1784562537.769,134.903,5.934766e-02,3.288704e-03,4.858398e-02,7.080078e-02,2000,0,1.186953e-02
2026-07-20T18:48:57.868,1784562537.869,135.003,5.811292e-02,3.355602e-03,4.614258e-02,6.811523e-02,2000,0,1.162258e-02
2026-07-20T18:48:57.968,1784562537.969,135.103,5.809729e-02,3.489028e-03,4.663086e-02,6.884766e-02,2000,0,1.161946e-02
2026-07-20T18:48:58.068,1784562538.069,135.203,5.830530e-02,3.391012e-03,4.541016e-02,6.933594e-02,2000,0,1.166106e-02
2026-07-20T18:48:58.168,1784562538.169,135.303,5.740796e-02,3.275504e-03,4.736328e-02,6.738281e-02,2000,0,1.148159e-02
2026-07-20T18:48:58.268,1784562538.269,135.403,5.673364e-02,3.407296e-03,4.467773e-02,6.787109e-02,2000,0,1.134673e-02
2026-07-20T18:48:58.371,1784562538.371,135.503,5.681604e-02,3.374632e-03,4.467773e-02,6.933594e-02,2000,0,1.136321e-02
2026-07-20T18:48:58.468,1784562538.469,135.603,5.567139e-02,3.569509e-03,4.418945e-02,6.835938e-02,2000,0,1.113428e-02
2026-07-20T18:48:58.568,1784562538.569,135.703,5.535828e-02,3.570700e-03,4.321289e-02,6.689453e-02,2000,0,1.107166e-02
2026-07-20T18:48:58.668,1784562538.669,135.803,5.509900e-02,3.491959e-03,4.370117e-02,6.689453e-02,2000,0,1.101980e-02
2026-07-20T18:48:58.768,1784562538.769,135.903,5.392542e-02,3.491584e-03,4.321289e-02,6.591797e-02,2000,0,1.078508e-02
2026-07-20T18:48:58.868,1784562538.869,136.003,5.344531e-02,3.571497e-03,4.345703e-02,6.469727e-02,2000,0,1.068906e-02
2026-07-20T18:48:58.968,1784562538.969,136.103,5.308813e-02,3.568868e-03,4.125977e-02,6.445312e-02,2000,0,1.061763e-02
2026-07-20T18:48:59.068,1784562539.069,136.203,5.204810e-02,3.582145e-03,3.906250e-02,6.323242e-02,2000,0,1.040962e-02
2026-07-20T18:48:59.168,1784562539.169,136.303,5.127429e-02,3.615855e-03,3.930664e-02,6.323242e-02,2000,0,1.025486e-02
2026-07-20T18:48:59.268,1784562539.269,136.403,5.114734e-02,3.569341e-03,4.003906e-02,6.201172e-02,2000,0,1.022947e-02
2026-07-20T18:48:59.368,1784562539.369,136.503,4.996448e-02,3.642011e-03,3.930664e-02,6.372070e-02,2000,0,9.992896e-03
2026-07-20T18:48:59.470,1784562539.471,136.603,4.901819e-02,3.713502e-03,3.613281e-02,6.079102e-02,2000,0,9.803638e-03
2026-07-20T18:48:59.568,1784562539.569,136.703,4.923999e-02,3.584405e-03,3.662109e-02,6.005859e-02,2000,0,9.847998e-03
2026-07-20T18:48:59.668,1784562539.669,136.803,4.819666e-02,3.630343e-03,3.759766e-02,5.981445e-02,2000,0,9.639331e-03
2026-07-20T18:48:59.768,1784562539.769,136.903,4.731543e-02,3.691085e-03,3.417969e-02,5.908203e-02,2000,0,9.463086e-03
2026-07-20T18:48:59.868,1784562539.869,137.003,4.618494e-02,3.621219e-03,3.442383e-02,5.737305e-02,2000,0,9.236987e-03
2026-07-20T18:48:59.968,1784562539.969,137.103,4.540747e-02,3.610665e-03,3.198242e-02,5.590820e-02,2000,0,9.081494e-03
2026-07-20T18:49:00.068,1784562540.069,137.203,4.477698e-02,3.675401e-03,3.149414e-02,5.493164e-02,2000,0,8.955396e-03
2026-07-20T18:49:00.168,1784562540.169,137.303,4.410840e-02,3.632118e-03,3.198242e-02,5.468750e-02,2000,0,8.821680e-03
2026-07-20T18:49:00.268,1784562540.269,137.403,4.301147e-02,3.513262e-03,3.076172e-02,5.444336e-02,2000,0,8.602295e-03
2026-07-20T18:49:00.368,1784562540.368,137.503,4.203796e-02,3.460880e-03,3.002930e-02,5.322266e-02,2000,0,8.407593e-03
2026-07-20T18:49:00.468,1784562540.469,137.603,4.136414e-02,3.628933e-03,2.856445e-02,5.664062e-02,2000,0,8.272827e-03
2026-07-20T18:49:00.570,1784562540.570,137.703,4.005847e-02,3.458941e-03,2.783203e-02,5.004883e-02,2000,0,8.011694e-03
2026-07-20T18:49:00.668,1784562540.669,137.803,3.939087e-02,3.585934e-03,2.685547e-02,5.249023e-02,2000,0,7.878174e-03
2026-07-20T18:49:00.768,1784562540.769,137.903,3.859387e-02,3.546398e-03,2.416992e-02,4.980469e-02,2000,0,7.718774e-03
2026-07-20T18:49:00.868,1784562540.869,138.003,3.740698e-02,3.583740e-03,2.343750e-02,4.956055e-02,2000,0,7.481396e-03
2026-07-20T18:49:00.968,1784562540.969,138.103,3.692932e-02,3.685558e-03,2.563477e-02,4.833984e-02,2000,0,7.385864e-03
2026-07-20T18:49:01.068,1784562541.069,138.203,3.660718e-02,3.586772e-03,2.514648e-02,4.760742e-02,2000,0,7.321436e-03
2026-07-20T18:49:01.168,1784562541.169,138.303,3.570251e-02,3.566711e-03,2.392578e-02,4.589844e-02,2000,0,7.140503e-03
2026-07-20T18:49:01.269,1784562541.269,138.403,3.419714e-02,3.712306e-03,2.050781e-02,4.492188e-02,2000,0,6.839429e-03
2026-07-20T18:49:01.368,1784562541.369,138.503,3.417468e-02,3.512165e-03,1.733398e-02,4.565430e-02,2000,0,6.834937e-03
2026-07-20T18:49:01.468,1784562541.469,138.603,3.277808e-02,3.298944e-03,2.270508e-02,4.370117e-02,2000,0,6.555615e-03
2026-07-20T18:49:01.571,1784562541.571,138.703,3.237109e-02,3.275222e-03,2.099609e-02,4.833984e-02,2000,0,6.474219e-03
2026-07-20T18:49:01.668,1784562541.669,138.803,3.191516e-02,3.573844e-03,2.001953e-02,4.345703e-02,2000,0,6.383032e-03
2026-07-20T18:49:01.768,1784562541.769,138.903,3.105164e-02,3.316714e-03,1.635742e-02,4.003906e-02,2000,0,6.210327e-03
2026-07-20T18:49:01.868,1784562541.869,139.003,2.992688e-02,3.425116e-03,1.831055e-02,4.028320e-02,2000,0,5.985376e-03
2026-07-20T18:49:01.968,1784562541.969,139.103,2.977490e-02,3.285957e-03,1.953125e-02,4.052734e-02,2000,0,5.954980e-03
2026-07-20T18:49:02.068,1784562542.069,139.203,2.852246e-02,3.395902e-03,1.464844e-02,3.955078e-02,2000,0,5.704492e-03
2026-07-20T18:49:02.168,1784562542.169,139.303,2.772217e-02,3.461459e-03,1.708984e-02,3.857422e-02,2000,0,5.544434e-03
2026-07-20T18:49:02.268,1784562542.269,139.403,2.709595e-02,3.477035e-03,1.562500e-02,4.638672e-02,2000,0,5.419189e-03
2026-07-20T18:49:02.368,1784562542.369,139.503,2.572729e-02,3.644704e-03,1.562500e-02,3.686523e-02,2000,0,5.145459e-03
2026-07-20T18:49:02.468,1784562542.469,139.603,2.544299e-02,3.559420e-03,7.080078e-03,3.613281e-02,2000,0,5.088599e-03
2026-07-20T18:49:02.570,1784562542.570,139.703,2.486609e-02,3.643560e-03,1.416016e-02,4.150391e-02,2000,0,4.973218e-03
2026-07-20T18:49:02.668,1784562542.669,139.803,2.406641e-02,3.630891e-03,1.391602e-02,3.442383e-02,2000,0,4.813281e-03
2026-07-20T18:49:02.768,1784562542.769,139.903,2.326794e-02,3.645847e-03,1.293945e-02,3.466797e-02,2000,0,4.653589e-03
2026-07-20T18:49:02.868,1784562542.869,140.003,2.289392e-02,3.581928e-03,7.812500e-03,3.466797e-02,2000,0,4.578784e-03
2026-07-20T18:49:02.968,1784562542.969,140.103,2.165442e-02,3.531504e-03,1.098633e-02,3.369141e-02,2000,0,4.330884e-03
2026-07-20T18:49:03.068,1784562543.069,140.203,2.154102e-02,3.699687e-03,8.056641e-03,3.417969e-02,2000,0,4.308203e-03
2026-07-20T18:49:03.168,1784562543.169,140.303,2.138025e-02,3.581241e-03,1.196289e-02,3.344727e-02,2000,0,4.276050e-03
2026-07-20T18:49:03.268,1784562543.269,140.403,1.982288e-02,3.656903e-03,1.000977e-02,3.515625e-02,2000,0,3.964575e-03
2026-07-20T18:49:03.368,1784562543.369,140.503,1.969885e-02,3.654046e-03,-2.197266e-03,3.320312e-02,2000,0,3.939771e-03
2026-07-20T18:49:03.468,1784562543.469,140.603,1.856921e-02,3.723420e-03,2.441406e-04,3.002930e-02,2000,0,3.713843e-03
2026-07-20T18:49:03.570,1784562543.571,140.703,1.849084e-02,3.536907e-03,7.080078e-03,3.100586e-02,2000,0,3.698169e-03
2026-07-20T18:49:03.668,1784562543.669,140.803,1.764661e-02,3.647994e-03,4.394531e-03,2.978516e-02,2000,0,3.529321e-03
2026-07-20T18:49:03.768,1784562543.769,140.903,1.729199e-02,3.326943e-03,7.324219e-03,3.027344e-02,2000,0,3.458398e-03
2026-07-20T18:49:03.868,1784562543.869,141.003,1.625549e-02,3.554986e-03,5.615234e-03,2.978516e-02,2000,0,3.251099e-03
2026-07-20T18:49:03.970,1784562543.971,141.103,1.568213e-02,3.314475e-03,4.394531e-03,2.783203e-02,2000,0,3.136426e-03
2026-07-20T18:49:04.071,1784562544.071,141.203,1.525110e-02,3.629329e-03,9.765625e-04,2.978516e-02,2000,0,3.050220e-03
2026-07-20T18:49:04.170,1784562544.171,141.303,1.470593e-02,3.533627e-03,0.000000e+00,2.734375e-02,2000,0,2.941187e-03
2026-07-20T18:49:04.271,1784562544.271,141.403,1.401563e-02,3.640550e-03,1.220703e-03,3.100586e-02,2000,0,2.803125e-03
2026-07-20T18:49:04.370,1784562544.371,141.503,1.382959e-02,3.328853e-03,2.197266e-03,2.465820e-02,2000,0,2.765918e-03
2026-07-20T18:49:04.470,1784562544.471,141.603,1.315771e-02,3.442182e-03,-4.882812e-04,2.514648e-02,2000,0,2.631543e-03
2026-07-20T18:49:04.571,1784562544.571,141.703,1.276611e-02,3.632718e-03,9.765625e-04,3.173828e-02,2000,0,2.553223e-03
2026-07-20T18:49:04.670,1784562544.671,141.803,1.254712e-02,3.460434e-03,1.220703e-03,2.539062e-02,2000,0,2.509424e-03
2026-07-20T18:49:04.770,1784562544.771,141.903,1.180615e-02,3.509014e-03,0.000000e+00,2.368164e-02,2000,0,2.361230e-03
2026-07-20T18:49:04.868,1784562544.868,142.003,1.141870e-02,3.075383e-03,1.953125e-03,2.075195e-02,2000,0,2.283740e-03
2026-07-20T18:49:04.968,1784562544.969,142.103,1.040881e-02,3.165506e-03,-5.126953e-03,2.148438e-02,2000,0,2.081763e-03
2026-07-20T18:49:05.068,1784562545.068,142.203,1.013550e-02,3.245140e-03,-1.708984e-03,2.075195e-02,2000,0,2.027100e-03
2026-07-20T18:49:05.168,1784562545.169,142.303,9.742676e-03,3.192760e-03,-2.197266e-03,1.904297e-02,2000,0,1.948535e-03
2026-07-20T18:49:05.268,1784562545.268,142.403,1.021582e-02,3.017845e-03,0.000000e+00,1.977539e-02,2000,0,2.043164e-03
2026-07-20T18:49:05.368,1784562545.369,142.503,8.887817e-03,3.446812e-03,-2.441406e-03,3.051758e-02,2000,0,1.777563e-03
2026-07-20T18:49:05.468,1784562545.469,142.603,8.670044e-03,3.487640e-03,-2.197266e-03,2.001953e-02,2000,0,1.734009e-03
2026-07-20T18:49:05.568,1784562545.569,142.703,8.889282e-03,3.474508e-03,-9.765625e-03,2.050781e-02,2000,0,1.777856e-03
2026-07-20T18:49:05.668,1784562545.669,142.803,7.727905e-03,3.383497e-03,-3.417969e-03,1.831055e-02,2000,0,1.545581e-03
2026-07-20T18:49:05.768,1784562545.769,142.903,7.606201e-03,3.527371e-03,-3.906250e-03,1.879883e-02,2000,0,1.521240e-03
2026-07-20T18:49:05.870,1784562545.871,143.003,6.855347e-03,3.412420e-03,-3.417969e-03,1.782227e-02,2000,0,1.371069e-03
2026-07-20T18:49:05.968,1784562545.969,143.103,6.770630e-03,3.288747e-03,-3.662109e-03,1.831055e-02,2000,0,1.354126e-03
2026-07-20T18:49:06.068,1784562546.069,143.203,6.244995e-03,3.352947e-03,-3.417969e-03,2.075195e-02,2000,0,1.248999e-03
2026-07-20T18:49:06.168,1784562546.169,143.303,6.374756e-03,3.429091e-03,-5.615234e-03,1.782227e-02,2000,0,1.274951e-03
2026-07-20T18:49:06.268,1784562546.269,143.403,5.372314e-03,3.601144e-03,-1.196289e-02,1.977539e-02,2000,0,1.074463e-03
2026-07-20T18:49:06.368,1784562546.369,143.503,5.168701e-03,3.439297e-03,-4.882812e-03,1.586914e-02,2000,0,1.033740e-03
2026-07-20T18:49:06.468,1784562546.469,143.603,4.062866e-03,3.423501e-03,-6.103516e-03,1.464844e-02,2000,0,8.125732e-04
2026-07-20T18:49:06.568,1784562546.569,143.703,4.411621e-03,3.120477e-03,-4.394531e-03,1.367188e-02,2000,0,8.823242e-04
2026-07-20T18:49:06.668,1784562546.669,143.803,4.031128e-03,3.269597e-03,-9.277344e-03,1.562500e-02,2000,0,8.062256e-04
2026-07-20T18:49:06.768,1784562546.769,143.903,4.309204e-03,3.385733e-03,-6.835938e-03,1.635742e-02,2000,0,8.618408e-04
2026-07-20T18:49:06.868,1784562546.869,144.003,3.604126e-03,3.223813e-03,-7.568359e-03,1.318359e-02,2000,0,7.208252e-04
2026-07-20T18:49:06.968,1784562546.969,144.103,3.214355e-03,3.212017e-03,-1.049805e-02,1.440430e-02,2000,0,6.428711e-04
2026-07-20T18:49:07.070,1784562547.071,144.203,3.204102e-03,2.964672e-03,-6.591797e-03,1.196289e-02,2000,0,6.408203e-04
2026-07-20T18:49:07.168,1784562547.168,144.303,2.795044e-03,2.918745e-03,-5.859375e-03,1.538086e-02,2000,0,5.590088e-04
2026-07-20T18:49:07.268,1784562547.268,144.403,2.266357e-03,2.954968e-03,-6.103516e-03,1.196289e-02,2000,0,4.532715e-04
2026-07-20T18:49:07.371,1784562547.371,144.503,2.390625e-03,3.074318e-03,-6.835938e-03,1.562500e-02,2000,0,4.781250e-04
2026-07-20T18:49:07.468,1784562547.469,144.603,1.659424e-03,2.834070e-03,-8.300781e-03,1.269531e-02,2000,0,3.318848e-04
2026-07-20T18:49:07.570,1784562547.571,144.703,1.582275e-03,2.937202e-03,-1.196289e-02,1.318359e-02,2000,0,3.164551e-04
2026-07-20T18:49:07.670,1784562547.671,144.803,1.432129e-03,2.947739e-03,-7.812500e-03,1.318359e-02,2000,0,2.864258e-04
2026-07-20T18:49:07.770,1784562547.771,144.903,8.276367e-04,2.759555e-03,-8.056641e-03,1.000977e-02,2000,0,1.655273e-04
2026-07-20T18:49:07.870,1784562547.870,145.003,7.310791e-04,2.794994e-03,-1.025391e-02,1.098633e-02,2000,0,1.462158e-04
2026-07-20T18:49:07.970,1784562547.971,145.103,6.743164e-04,2.790030e-03,-8.056641e-03,1.000977e-02,2000,0,1.348633e-04
2026-07-20T18:49:08.070,1784562548.071,145.203,2.136230e-04,2.675311e-03,-1.733398e-02,9.765625e-03,2000,0,4.272461e-05
2026-07-20T18:49:08.170,1784562548.171,145.303,-1.243896e-04,2.691797e-03,-9.521484e-03,8.789062e-03,2000,0,-2.487793e-05
2026-07-20T18:49:08.270,1784562548.270,145.403,2.010498e-04,2.486706e-03,-7.568359e-03,1.098633e-02,2000,0,4.020996e-05
2026-07-20T18:49:08.370,1784562548.371,145.503,-5.561523e-04,2.633639e-03,-9.277344e-03,1.367188e-02,2000,0,-1.112305e-04
2026-07-20T18:49:08.470,1784562548.471,145.603,-6.451416e-04,2.535970e-03,-1.245117e-02,1.220703e-02,2000,0,-1.290283e-04
2026-07-20T18:49:08.570,1784562548.571,145.703,-5.550537e-04,2.428944e-03,-8.300781e-03,9.277344e-03,2000,0,-1.110107e-04
2026-07-20T18:49:08.670,1784562548.671,145.803,-1.068481e-03,2.423380e-03,-8.544922e-03,6.835938e-03,2000,0,-2.136963e-04
2026-07-20T18:49:08.770,1784562548.771,145.903,-1.400024e-03,2.415636e-03,-1.049805e-02,7.812500e-03,2000,0,-2.800049e-04
2026-07-20T18:49:08.868,1784562548.869,146.003,-1.274780e-03,2.330238e-03,-1.000977e-02,7.324219e-03,2000,0,-2.549561e-04
2026-07-20T18:49:08.971,1784562548.971,146.103,-1.746216e-03,2.453598e-03,-1.123047e-02,7.812500e-03,2000,0,-3.492432e-04
2026-07-20T18:49:09.068,1784562549.069,146.203,-1.677002e-03,2.345820e-03,-9.765625e-03,7.080078e-03,2000,0,-3.354004e-04
2026-07-20T18:49:09.168,1784562549.168,146.303,-1.777100e-03,2.272006e-03,-1.342773e-02,6.103516e-03,2000,0,-3.554199e-04
2026-07-20T18:49:09.268,1784562549.269,146.403,-2.195068e-03,2.291451e-03,-1.074219e-02,4.882812e-03,2000,0,-4.390137e-04
2026-07-20T18:49:09.368,1784562549.369,146.503,-2.050049e-03,2.335960e-03,-1.098633e-02,1.391602e-02,2000,0,-4.100098e-04
2026-07-20T18:49:09.468,1784562549.469,146.603,-2.451660e-03,2.393777e-03,-1.171875e-02,6.103516e-03,2000,0,-4.903320e-04
2026-07-20T18:49:09.568,1784562549.569,146.703,-2.583740e-03,2.396935e-03,-1.464844e-02,5.859375e-03,2000,0,-5.167480e-04
2026-07-20T18:49:09.668,1784562549.669,146.803,-2.858887e-03,2.421081e-03,-1.660156e-02,9.277344e-03,2000,0,-5.717773e-04
2026-07-20T18:49:09.770,1784562549.771,146.903,-2.582886e-03,2.508237e-03,-1.464844e-02,5.126953e-03,2000,0,-5.165771e-04
2026-07-20T18:49:09.868,1784562549.869,147.003,-3.135986e-03,2.392067e-03,-1.416016e-02,3.906250e-03,2000,0,-6.271973e-04
2026-07-20T18:49:09.968,1784562549.969,147.103,-3.351074e-03,2.462978e-03,-1.220703e-02,5.126953e-03,2000,0,-6.702148e-04
2026-07-20T18:49:10.068,1784562550.069,147.203,-3.486816e-03,2.477606e-03,-1.196289e-02,7.812500e-03,2000,0,-6.973633e-04
2026-07-20T18:49:10.168,1784562550.169,147.303,-4.117065e-03,2.693435e-03,-1.416016e-02,4.882812e-03,2000,0,-8.234131e-04
2026-07-20T18:49:10.268,1784562550.269,147.403,-3.920776e-03,2.608594e-03,-2.514648e-02,4.394531e-03,2000,0,-7.841553e-04
2026-07-20T18:49:10.368,1784562550.369,147.503,-3.760986e-03,2.570349e-03,-1.269531e-02,5.615234e-03,2000,0,-7.521973e-04
2026-07-20T18:49:10.468,1784562550.469,147.603,-3.659912e-03,2.547288e-03,-1.440430e-02,1.025391e-02,2000,0,-7.319824e-04
2026-07-20T18:49:10.568,1784562550.569,147.703,-4.479004e-03,2.676446e-03,-1.220703e-02,5.126953e-03,2000,0,-8.958008e-04
2026-07-20T18:49:10.670,1784562550.671,147.803,-4.117432e-03,2.924849e-03,-1.489258e-02,7.812500e-03,2000,0,-8.234863e-04
2026-07-20T18:49:10.768,1784562550.769,147.903,-4.470459e-03,2.853995e-03,-1.464844e-02,3.906250e-03,2000,0,-8.940918e-04
2026-07-20T18:49:10.868,1784562550.869,148.003,-4.463257e-03,2.989744e-03,-1.464844e-02,4.150391e-03,2000,0,-8.926514e-04
2026-07-20T18:49:10.968,1784562550.969,148.103,-4.462769e-03,2.767648e-03,-1.440430e-02,3.417969e-03,2000,0,-8.925537e-04
2026-07-20T18:49:11.068,1784562551.069,148.203,-4.984619e-03,2.918733e-03,-1.367188e-02,6.347656e-03,2000,0,-9.969238e-04
2026-07-20T18:49:11.168,1784562551.169,148.303,-4.883179e-03,2.956678e-03,-1.538086e-02,1.196289e-02,2000,0,-9.766357e-04
2026-07-20T18:49:11.268,1784562551.269,148.403,-4.660400e-03,3.049052e-03,-1.489258e-02,7.324219e-03,2000,0,-9.320801e-04
2026-07-20T18:49:11.368,1784562551.369,148.503,-5.254028e-03,3.158085e-03,-1.538086e-02,4.882812e-03,2000,0,-1.050806e-03
2026-07-20T18:49:11.468,1784562551.469,148.603,-5.435303e-03,3.073224e-03,-1.562500e-02,5.371094e-03,2000,0,-1.087061e-03
2026-07-20T18:49:11.568,1784562551.569,148.703,-4.848022e-03,3.070812e-03,-1.367188e-02,7.568359e-03,2000,0,-9.696045e-04
2026-07-20T18:49:11.668,1784562551.669,148.803,-4.986938e-03,3.070388e-03,-1.489258e-02,5.371094e-03,2000,0,-9.973877e-04
2026-07-20T18:49:11.768,1784562551.769,148.903,-5.343872e-03,3.044425e-03,-1.586914e-02,3.417969e-03,2000,0,-1.068774e-03
2026-07-20T18:49:11.868,1784562551.869,149.003,-5.105957e-03,3.067407e-03,-1.708984e-02,5.126953e-03,2000,0,-1.021191e-03
2026-07-20T18:49:11.968,1784562551.969,149.103,-5.584229e-03,3.036896e-03,-1.660156e-02,4.638672e-03,2000,0,-1.116846e-03
2026-07-20T18:49:12.068,1784562552.069,149.203,-5.640625e-03,2.963250e-03,-1.489258e-02,3.417969e-03,2000,0,-1.128125e-03
2026-07-20T18:49:12.171,1784562552.171,149.303,-5.391235e-03,2.977552e-03,-1.391602e-02,4.638672e-03,2000,0,-1.078247e-03
2026-07-20T18:49:12.268,1784562552.269,149.403,-5.474731e-03,2.990761e-03,-1.464844e-02,4.882812e-03,2000,0,-1.094946e-03
2026-07-20T18:49:12.368,1784562552.368,149.503,-5.934082e-03,3.039647e-03,-1.611328e-02,5.615234e-03,2000,0,-1.186816e-03
2026-07-20T18:49:12.468,1784562552.468,149.603,-5.916626e-03,2.871155e-03,-1.538086e-02,3.417969e-03,2000,0,-1.183325e-03
2026-07-20T18:49:12.568,1784562552.569,149.703,-6.104614e-03,2.944294e-03,-1.635742e-02,3.906250e-03,2000,0,-1.220923e-03
2026-07-20T18:49:12.668,1784562552.669,149.803,-5.994873e-03,3.013698e-03,-1.635742e-02,3.662109e-03,2000,0,-1.198975e-03
2026-07-20T18:49:12.768,1784562552.769,149.903,-5.996460e-03,2.953397e-03,-1.464844e-02,3.417969e-03,2000,0,-1.199292e-03
2026-07-20T18:49:12.868,1784562552.869,150.003,-6.172119e-03,3.008314e-03,-1.562500e-02,2.685547e-03,2000,0,-1.234424e-03
2026-07-20T18:49:12.968,1784562552.969,150.103,-6.233765e-03,3.042318e-03,-1.733398e-02,5.859375e-03,2000,0,-1.246753e-03
2026-07-20T18:49:13.071,1784562553.071,150.203,-6.177856e-03,3.160926e-03,-1.660156e-02,2.685547e-03,2000,0,-1.235571e-03
2026-07-20T18:49:13.168,1784562553.169,150.303,-6.629639e-03,3.072372e-03,-1.611328e-02,1.269531e-02,2000,0,-1.325928e-03
2026-07-20T18:49:13.268,1784562553.269,150.403,-6.513062e-03,3.024532e-03,-1.782227e-02,2.441406e-03,2000,0,-1.302612e-03
2026-07-20T18:49:13.368,1784562553.368,150.503,-6.309570e-03,2.946542e-03,-1.562500e-02,6.835938e-03,2000,0,-1.261914e-03
2026-07-20T18:49:13.468,1784562553.469,150.603,-6.627075e-03,2.913679e-03,-1.855469e-02,3.417969e-03,2000,0,-1.325415e-03
2026-07-20T18:49:13.568,1784562553.569,150.703,-6.844360e-03,3.158743e-03,-3.149414e-02,3.906250e-03,2000,0,-1.368872e-03
2026-07-20T18:49:13.671,1784562553.671,150.803,-6.667480e-03,2.832293e-03,-1.586914e-02,3.417969e-03,2000,0,-1.333496e-03
2026-07-20T18:49:13.768,1784562553.769,150.903,-6.739990e-03,3.026522e-03,-1.757812e-02,3.173828e-03,2000,0,-1.347998e-03
2026-07-20T18:49:13.868,1784562553.869,151.003,-6.678589e-03,3.259585e-03,-1.831055e-02,4.882812e-03,2000,0,-1.335718e-03
2026-07-20T18:49:13.968,1784562553.969,151.103,-6.500000e-03,3.143434e-03,-1.733398e-02,8.544922e-03,2000,0,-1.300000e-03
2026-07-20T18:49:14.068,1784562554.069,151.203,-7.068604e-03,3.146373e-03,-2.099609e-02,3.906250e-03,2000,0,-1.413721e-03
2026-07-20T18:49:14.168,1784562554.169,151.303,-6.941895e-03,3.161717e-03,-1.831055e-02,2.685547e-03,2000,0,-1.388379e-03
2026-07-20T18:49:14.268,1784562554.269,151.403,-6.753540e-03,3.145680e-03,-1.708984e-02,2.929688e-03,2000,0,-1.350708e-03
2026-07-20T18:49:14.368,1784562554.369,151.503,-7.251099e-03,3.170068e-03,-1.757812e-02,2.197266e-03,2000,0,-1.450220e-03
2026-07-20T18:49:14.468,1784562554.469,151.603,-7.355713e-03,3.293885e-03,-1.879883e-02,9.277344e-03,2000,0,-1.471143e-03
2026-07-20T18:49:14.571,1784562554.571,151.703,-7.045654e-03,3.043065e-03,-1.757812e-02,3.662109e-03,2000,0,-1.409131e-03
2026-07-20T18:49:14.668,1784562554.669,151.803,-7.349976e-03,3.191940e-03,-1.708984e-02,1.708984e-03,2000,0,-1.469995e-03
2026-07-20T18:49:14.768,1784562554.769,151.903,-7.311523e-03,3.311381e-03,-1.782227e-02,2.441406e-03,2000,0,-1.462305e-03
2026-07-20T18:49:14.868,1784562554.869,152.003,-7.169434e-03,3.338430e-03,-1.953125e-02,2.197266e-03,2000,0,-1.433887e-03
2026-07-20T18:49:14.968,1784562554.969,152.103,-7.778198e-03,3.319754e-03,-1.855469e-02,7.324219e-03,2000,0,-1.555640e-03
2026-07-20T18:49:15.068,1784562555.069,152.203,-7.657349e-03,3.385964e-03,-1.831055e-02,4.882812e-03,2000,0,-1.531470e-03
2026-07-20T18:49:15.168,1784562555.169,152.303,-7.201172e-03,3.230581e-03,-2.294922e-02,2.197266e-03,2000,0,-1.440234e-03
2026-07-20T18:49:15.268,1784562555.269,152.403,-7.712158e-03,3.325273e-03,-1.928711e-02,5.859375e-03,2000,0,-1.542432e-03
2026-07-20T18:49:15.368,1784562555.369,152.503,-7.641846e-03,3.557795e-03,-1.953125e-02,3.662109e-03,2000,0,-1.528369e-03
2026-07-20T18:49:15.471,1784562555.471,152.603,-7.373779e-03,3.346114e-03,-1.635742e-02,4.882812e-03,2000,0,-1.474756e-03
2026-07-20T18:49:15.568,1784562555.569,152.703,-7.940918e-03,3.368807e-03,-1.806641e-02,1.196289e-02,2000,0,-1.588184e-03
2026-07-20T18:49:15.668,1784562555.669,152.803,-7.739014e-03,3.317541e-03,-2.075195e-02,1.464844e-03,2000,0,-1.547803e-03
2026-07-20T18:49:15.768,1784562555.769,152.903,-7.615356e-03,3.301459e-03,-1.928711e-02,2.197266e-03,2000,0,-1.523071e-03
2026-07-20T18:49:15.868,1784562555.869,153.003,-7.631836e-03,3.320253e-03,-1.660156e-02,2.929688e-03,2000,0,-1.526367e-03
2026-07-20T18:49:15.968,1784562555.969,153.103,-8.022827e-03,3.546434e-03,-1.928711e-02,2.441406e-03,2000,0,-1.604565e-03
2026-07-20T18:49:16.068,1784562556.069,153.203,-7.628174e-03,3.421385e-03,-1.879883e-02,4.394531e-03,2000,0,-1.525635e-03
2026-07-20T18:49:16.168,1784562556.169,153.303,-7.783813e-03,3.420258e-03,-1.879883e-02,3.173828e-03,2000,0,-1.556763e-03
2026-07-20T18:49:16.268,1784562556.269,153.403,-7.897583e-03,3.467081e-03,-1.928711e-02,2.197266e-03,2000,0,-1.579517e-03
2026-07-20T18:49:16.368,1784562556.369,153.503,-7.093628e-03,3.513831e-03,-1.855469e-02,3.417969e-03,2000,0,-1.418726e-03
2026-07-20T18:49:16.468,1784562556.469,153.603,-7.777344e-03,3.589658e-03,-1.855469e-02,3.417969e-03,2000,0,-1.555469e-03
2026-07-20T18:49:16.568,1784562556.569,153.703,-8.089355e-03,3.430554e-03,-1.782227e-02,3.906250e-03,2000,0,-1.617871e-03
2026-07-20T18:49:16.668,1784562556.669,153.803,-7.566284e-03,3.426133e-03,-1.733398e-02,3.662109e-03,2000,0,-1.513257e-03
2026-07-20T18:49:16.768,1784562556.769,153.903,-8.062866e-03,3.460273e-03,-2.075195e-02,5.371094e-03,2000,0,-1.612573e-03
2026-07-20T18:49:16.868,1784562556.869,154.003,-8.155151e-03,3.790575e-03,-2.026367e-02,6.591797e-03,2000,0,-1.631030e-03
2026-07-20T18:49:16.968,1784562556.969,154.103,-7.496704e-03,3.390993e-03,-1.806641e-02,2.929688e-03,2000,0,-1.499341e-03
2026-07-20T18:49:17.068,1784562557.069,154.203,-8.068237e-03,3.338432e-03,-1.953125e-02,3.417969e-03,2000,0,-1.613647e-03
2026-07-20T18:49:17.168,1784562557.169,154.303,-8.399048e-03,3.452441e-03,-1.806641e-02,6.835938e-03,2000,0,-1.679810e-03
2026-07-20T18:49:17.268,1784562557.269,154.403,-8.087769e-03,3.565224e-03,-2.001953e-02,3.662109e-03,2000,0,-1.617554e-03
2026-07-20T18:49:17.368,1784562557.369,154.503,-8.264160e-03,3.564073e-03,-2.197266e-02,3.173828e-03,2000,0,-1.652832e-03
2026-07-20T18:49:17.468,1784562557.469,154.603,-8.101807e-03,3.507382e-03,-1.928711e-02,3.417969e-03,2000,0,-1.620361e-03
2026-07-20T18:49:17.571,1784562557.571,154.703,-8.063110e-03,3.403690e-03,-2.001953e-02,2.197266e-03,2000,0,-1.612622e-03
2026-07-20T18:49:17.668,1784562557.669,154.803,-8.208008e-03,3.516664e-03,-2.075195e-02,2.197266e-03,2000,0,-1.641602e-03
2026-07-20T18:49:17.768,1784562557.769,154.903,-8.141479e-03,3.661293e-03,-1.904297e-02,3.662109e-03,2000,0,-1.628296e-03
2026-07-20T18:49:17.868,1784562557.869,155.003,-8.013550e-03,3.563110e-03,-1.977539e-02,3.173828e-03,2000,0,-1.602710e-03
2026-07-20T18:49:17.968,1784562557.969,155.103,-8.187134e-03,3.584063e-03,-1.757812e-02,3.173828e-03,2000,0,-1.637427e-03
2026-07-20T18:49:18.068,1784562558.069,155.203,-8.148193e-03,3.623300e-03,-2.001953e-02,2.197266e-03,2000,0,-1.629639e-03
2026-07-20T18:49:18.168,1784562558.169,155.303,-7.869141e-03,3.618459e-03,-1.806641e-02,3.662109e-03,2000,0,-1.573828e-03
2026-07-20T18:49:18.268,1784562558.269,155.403,-7.972412e-03,3.603725e-03,-1.953125e-02,3.173828e-03,2000,0,-1.594482e-03
2026-07-20T18:49:18.368,1784562558.369,155.503,-8.262695e-03,3.615785e-03,-2.148438e-02,2.685547e-03,2000,0,-1.652539e-03
2026-07-20T18:49:18.468,1784562558.469,155.603,-7.873169e-03,3.785997e-03,-2.172852e-02,3.906250e-03,2000,0,-1.574634e-03
2026-07-20T18:49:18.568,1784562558.569,155.703,-8.851318e-03,3.598164e-03,-2.124023e-02,3.906250e-03,2000,0,-1.770264e-03
2026-07-20T18:49:18.668,1784562558.669,155.803,-8.169434e-03,3.670381e-03,-2.172852e-02,2.441406e-03,2000,0,-1.633887e-03
2026-07-20T18:49:18.771,1784562558.771,155.903,-8.029419e-03,3.774347e-03,-2.148438e-02,2.685547e-03,2000,0,-1.605884e-03
2026-07-20T18:49:18.868,1784562558.869,156.003,-8.519043e-03,3.696331e-03,-2.124023e-02,4.394531e-03,2000,0,-1.703809e-03
2026-07-20T18:49:18.968,1784562558.969,156.103,-8.383423e-03,3.823401e-03,-2.197266e-02,2.197266e-03,2000,0,-1.676685e-03
2026-07-20T18:49:19.068,1784562559.069,156.203,-8.145142e-03,3.732399e-03,-2.172852e-02,2.441406e-03,2000,0,-1.629028e-03
2026-07-20T18:49:19.168,1784562559.169,156.303,-8.509033e-03,3.861348e-03,-2.246094e-02,3.173828e-03,2000,0,-1.701807e-03
2026-07-20T18:49:19.268,1784562559.269,156.403,-8.648804e-03,3.795271e-03,-2.172852e-02,2.197266e-03,2000,0,-1.729761e-03
2026-07-20T18:49:19.368,1784562559.368,156.503,-8.550903e-03,3.818760e-03,-2.441406e-02,2.685547e-03,2000,0,-1.710181e-03
2026-07-20T18:49:19.468,1784562559.469,156.603,-9.075562e-03,3.903681e-03,-2.416992e-02,2.441406e-03,2000,0,-1.815112e-03
2026-07-20T18:49:19.568,1784562559.569,156.703,-8.619873e-03,3.922815e-03,-2.246094e-02,2.441406e-03,2000,0,-1.723975e-03
2026-07-20T18:49:19.668,1784562559.669,156.803,-8.453613e-03,3.852823e-03,-2.221680e-02,2.441406e-03,2000,0,-1.690723e-03
2026-07-20T18:49:19.768,1784562559.769,156.903,-8.718994e-03,3.778983e-03,-2.319336e-02,4.394531e-03,2000,0,-1.743799e-03
2026-07-20T18:49:19.871,1784562559.871,157.003,-8.012939e-03,3.843761e-03,-2.221680e-02,1.708984e-03,2000,0,-1.602588e-03
2026-07-20T18:49:19.970,1784562559.971,157.103,-7.903931e-03,3.980917e-03,-2.270508e-02,6.347656e-03,2000,0,-1.580786e-03
2026-07-20T18:49:20.068,1784562560.069,157.203,-9.179688e-03,3.988835e-03,-2.294922e-02,1.464844e-03,2000,0,-1.835938e-03
2026-07-20T18:49:20.168,1784562560.168,157.303,-8.482910e-03,3.711046e-03,-1.977539e-02,2.685547e-03,2000,0,-1.696582e-03
2026-07-20T18:49:20.268,1784562560.269,157.403,-8.110962e-03,3.921555e-03,-2.172852e-02,4.638672e-03,2000,0,-1.622192e-03
2026-07-20T18:49:20.368,1784562560.369,157.503,-8.244263e-03,4.005766e-03,-2.221680e-02,5.615234e-03,2000,0,-1.648853e-03
2026-07-20T18:49:20.469,1784562560.470,157.603,-8.405640e-03,4.074472e-03,-2.172852e-02,3.173828e-03,2000,0,-1.681128e-03
2026-07-20T18:49:20.568,1784562560.568,157.703,-7.861450e-03,3.846833e-03,-2.246094e-02,3.173828e-03,2000,0,-1.572290e-03
2026-07-20T18:49:20.668,1784562560.669,157.803,-8.459351e-03,3.948892e-03,-2.294922e-02,7.324219e-03,2000,0,-1.691870e-03
2026-07-20T18:49:20.768,1784562560.769,157.903,-8.385620e-03,3.979176e-03,-2.441406e-02,2.197266e-03,2000,0,-1.677124e-03
2026-07-20T18:49:20.871,1784562560.871,158.003,-8.629883e-03,3.959302e-03,-2.563477e-02,4.150391e-03,2000,0,-1.725977e-03
2026-07-20T18:49:20.968,1784562560.969,158.103,-9.090332e-03,3.887944e-03,-2.148438e-02,1.220703e-03,2000,0,-1.818066e-03
2026-07-20T18:49:21.068,1784562561.069,158.203,-9.172363e-03,4.032506e-03,-2.587891e-02,2.197266e-03,2000,0,-1.834473e-03
2026-07-20T18:49:21.168,1784562561.169,158.303,-8.527832e-03,3.991450e-03,-2.001953e-02,2.929688e-03,2000,0,-1.705566e-03
2026-07-20T18:49:21.268,1784562561.269,158.403,-8.617798e-03,3.994743e-03,-1.953125e-02,3.417969e-03,2000,0,-1.723560e-03
2026-07-20T18:49:21.368,1784562561.369,158.503,-8.789673e-03,3.970034e-03,-2.587891e-02,2.441406e-03,2000,0,-1.757935e-03
2026-07-20T18:49:21.468,1784562561.469,158.603,-8.996338e-03,3.945317e-03,-2.075195e-02,2.197266e-03,2000,0,-1.799268e-03
2026-07-20T18:49:21.568,1784562561.569,158.703,-9.841431e-03,3.897306e-03,-2.221680e-02,7.324219e-04,2000,0,-1.968286e-03
2026-07-20T18:49:21.668,1784562561.669,158.803,-8.699829e-03,3.968655e-03,-2.050781e-02,2.685547e-03,2000,0,-1.739966e-03
2026-07-20T18:49:21.770,1784562561.771,158.903,-8.464355e-03,4.007605e-03,-2.026367e-02,3.417969e-03,2000,0,-1.692871e-03
2026-07-20T18:49:21.868,1784562561.869,159.003,-9.019775e-03,3.931672e-03,-2.099609e-02,5.859375e-03,2000,0,-1.803955e-03
2026-07-20T18:49:21.968,1784562561.969,159.103,-8.920898e-03,3.991191e-03,-2.148438e-02,2.441406e-03,2000,0,-1.784180e-03
2026-07-20T18:49:22.068,1784562562.069,159.203,-8.556274e-03,4.051391e-03,-2.124023e-02,5.126953e-03,2000,0,-1.711255e-03
2026-07-20T18:49:22.168,1784562562.169,159.303,-8.990601e-03,3.932165e-03,-2.270508e-02,3.906250e-03,2000,0,-1.798120e-03
2026-07-20T18:49:22.268,1784562562.269,159.403,-9.198730e-03,3.997390e-03,-2.099609e-02,6.835938e-03,2000,0,-1.839746e-03
2026-07-20T18:49:22.368,1784562562.369,159.503,-8.941528e-03,3.933404e-03,-2.001953e-02,3.906250e-03,2000,0,-1.788306e-03
2026-07-20T18:49:22.468,1784562562.469,159.603,-9.232056e-03,3.938164e-03,-2.172852e-02,5.371094e-03,2000,0,-1.846411e-03
2026-07-20T18:49:22.568,1784562562.569,159.703,-9.703247e-03,4.003759e-03,-2.124023e-02,5.615234e-03,2000,0,-1.940649e-03
2026-07-20T18:49:22.668,1784562562.669,159.803,-8.909912e-03,4.024560e-03,-2.172852e-02,4.882812e-03,2000,0,-1.781982e-03
2026-07-20T18:49:22.768,1784562562.769,159.903,-9.003662e-03,4.149804e-03,-2.099609e-02,5.615234e-03,2000,0,-1.800732e-03
2026-07-20T18:49:22.868,1784562562.869,160.003,-9.210938e-03,3.985008e-03,-2.124023e-02,3.662109e-03,2000,0,-1.842188e-03
2026-07-20T18:49:22.968,1784562562.969,160.103,-8.610229e-03,3.963711e-03,-2.392578e-02,5.126953e-03,2000,0,-1.722046e-03
2026-07-20T18:49:23.068,1784562563.069,160.203,-1.001917e-02,4.001628e-03,-2.392578e-02,4.882812e-03,2000,0,-2.003833e-03
2026-07-20T18:49:23.168,1784562563.169,160.303,-8.831787e-03,4.047446e-03,-2.246094e-02,3.662109e-03,2000,0,-1.766357e-03
2026-07-20T18:49:23.271,1784562563.271,160.403,-8.760986e-03,4.322956e-03,-2.099609e-02,8.056641e-03,2000,0,-1.752197e-03
2026-07-20T18:49:23.368,1784562563.369,160.503,-8.876587e-03,4.151108e-03,-2.221680e-02,4.882812e-03,2000,0,-1.775317e-03
2026-07-20T18:49:23.468,1784562563.469,160.603,-9.280029e-03,4.062121e-03,-2.319336e-02,4.638672e-03,2000,0,-1.856006e-03
2026-07-20T18:49:23.571,1784562563.571,160.703,-8.986328e-03,4.122299e-03,-2.539062e-02,4.882812e-03,2000,0,-1.797266e-03
2026-07-20T18:49:23.668,1784562563.669,160.803,-9.185791e-03,4.078584e-03,-2.246094e-02,4.150391e-03,2000,0,-1.837158e-03
2026-07-20T18:49:23.768,1784562563.769,160.903,-9.068237e-03,4.073930e-03,-2.294922e-02,4.394531e-03,2000,0,-1.813647e-03
2026-07-20T18:49:23.868,1784562563.869,161.003,-8.432617e-03,4.212380e-03,-2.124023e-02,1.000977e-02,2000,0,-1.686523e-03
2026-07-20T18:49:23.968,1784562563.969,161.103,-9.308105e-03,4.117894e-03,-2.246094e-02,4.394531e-03,2000,0,-1.861621e-03
2026-07-20T18:49:24.068,1784562564.069,161.203,-8.722534e-03,3.944486e-03,-2.441406e-02,4.638672e-03,2000,0,-1.744507e-03
2026-07-20T18:49:24.168,1784562564.169,161.303,-9.352905e-03,3.974199e-03,-2.197266e-02,3.906250e-03,2000,0,-1.870581e-03
2026-07-20T18:49:24.268,1784562564.269,161.403,-9.406860e-03,4.059561e-03,-2.124023e-02,3.906250e-03,2000,0,-1.881372e-03
2026-07-20T18:49:24.368,1784562564.369,161.503,-9.519531e-03,3.993367e-03,-2.172852e-02,4.394531e-03,2000,0,-1.903906e-03
2026-07-20T18:49:24.468,1784562564.469,161.603,-8.896851e-03,3.921651e-03,-2.416992e-02,1.513672e-02,2000,0,-1.779370e-03
2026-07-20T18:49:24.568,1784562564.569,161.703,-9.014404e-03,3.791938e-03,-2.001953e-02,4.394531e-03,2000,0,-1.802881e-03
2026-07-20T18:49:24.668,1784562564.669,161.803,-9.232788e-03,3.914353e-03,-3.002930e-02,3.906250e-03,2000,0,-1.846558e-03
2026-07-20T18:49:24.771,1784562564.771,161.903,-9.069214e-03,3.823119e-03,-2.197266e-02,3.906250e-03,2000,0,-1.813843e-03
2026-07-20T18:49:24.868,1784562564.869,162.003,-9.260498e-03,3.758261e-03,-2.221680e-02,3.417969e-03,2000,0,-1.852100e-03
2026-07-20T18:49:24.968,1784562564.969,162.103,-9.162964e-03,3.784101e-03,-2.172852e-02,2.685547e-03,2000,0,-1.832593e-03
2026-07-20T18:49:25.068,1784562565.069,162.203,-9.016724e-03,3.782068e-03,-2.636719e-02,4.882812e-03,2000,0,-1.803345e-03
2026-07-20T18:49:25.168,1784562565.169,162.303,-9.225952e-03,3.789281e-03,-2.221680e-02,2.929688e-03,2000,0,-1.845190e-03
2026-07-20T18:49:25.268,1784562565.269,162.403,-9.278931e-03,3.800176e-03,-2.026367e-02,3.662109e-03,2000,0,-1.855786e-03
2026-07-20T18:49:25.368,1784562565.369,162.503,-8.544434e-03,3.658600e-03,-2.099609e-02,3.417969e-03,2000,0,-1.708887e-03
2026-07-20T18:49:25.468,1784562565.469,162.603,-9.387329e-03,3.600520e-03,-2.075195e-02,2.441406e-03,2000,0,-1.877466e-03
2026-07-20T18:49:25.568,1784562565.569,162.703,-9.336182e-03,3.615655e-03,-2.148438e-02,5.615234e-03,2000,0,-1.867236e-03
2026-07-20T18:49:25.668,1784562565.669,162.803,-9.357178e-03,3.491664e-03,-2.221680e-02,1.953125e-03,2000,0,-1.871436e-03
2026-07-20T18:49:25.768,1784562565.769,162.903,-9.668579e-03,3.558692e-03,-2.172852e-02,7.324219e-04,2000,0,-1.933716e-03
2026-07-20T18:49:25.868,1784562565.869,163.003,-9.032227e-03,3.638375e-03,-2.050781e-02,2.929688e-03,2000,0,-1.806445e-03
2026-07-20T18:49:25.971,1784562565.972,163.103,-8.802246e-03,3.508243e-03,-2.294922e-02,4.882812e-03,2000,0,-1.760449e-03
2026-07-20T18:49:26.068,1784562566.069,163.203,-9.273438e-03,3.549688e-03,-2.148438e-02,2.929688e-03,2000,0,-1.854688e-03
2026-07-20T18:49:26.168,1784562566.169,163.303,-9.210083e-03,3.622142e-03,-2.001953e-02,2.929688e-03,2000,0,-1.842017e-03
2026-07-20T18:49:26.268,1784562566.269,163.403,-9.227173e-03,3.412535e-03,-2.294922e-02,1.464844e-03,2000,0,-1.845435e-03
2026-07-20T18:49:26.368,1784562566.369,163.503,-9.323120e-03,3.458374e-03,-2.270508e-02,3.662109e-03,2000,0,-1.864624e-03
2026-07-20T18:49:26.468,1784562566.469,163.603,-9.414551e-03,3.449182e-03,-2.075195e-02,3.417969e-03,2000,0,-1.882910e-03
2026-07-20T18:49:26.571,1784562566.572,163.703,-9.076538e-03,3.259172e-03,-2.124023e-02,1.220703e-03,2000,0,-1.815308e-03
2026-07-20T18:49:26.668,1784562566.669,163.803,-9.388062e-03,3.322671e-03,-2.001953e-02,3.173828e-03,2000,0,-1.877612e-03
2026-07-20T18:49:26.768,1784562566.769,163.903,-9.453247e-03,3.356169e-03,-1.928711e-02,-4.882812e-04,2000,0,-1.890649e-03
2026-07-20T18:49:26.868,1784562566.869,164.003,-9.021606e-03,3.450928e-03,-2.465820e-02,2.441406e-03,2000,0,-1.804321e-03
2026-07-20T18:49:26.968,1784562566.969,164.103,-9.371582e-03,3.159193e-03,-1.953125e-02,0.000000e+00,2000,0,-1.874316e-03
2026-07-20T18:49:27.068,1784562567.069,164.203,-9.208130e-03,3.243288e-03,-1.855469e-02,1.220703e-03,2000,0,-1.841626e-03
2026-07-20T18:49:27.168,1784562567.169,164.303,-8.933960e-03,3.234207e-03,-1.855469e-02,4.394531e-03,2000,0,-1.786792e-03
2026-07-20T18:49:27.268,1784562567.269,164.403,-9.363159e-03,3.083448e-03,-2.001953e-02,7.324219e-04,2000,0,-1.872632e-03
2026-07-20T18:49:27.368,1784562567.369,164.503,-9.436157e-03,2.934275e-03,-1.953125e-02,0.000000e+00,2000,0,-1.887231e-03
2026-07-20T18:49:27.470,1784562567.471,164.603,-9.127197e-03,2.973196e-03,-1.928711e-02,2.197266e-03,2000,0,-1.825439e-03
2026-07-20T18:49:27.568,1784562567.568,164.703,-9.290405e-03,2.978512e-03,-1.977539e-02,5.371094e-03,2000,0,-1.858081e-03
2026-07-20T18:49:27.670,1784562567.670,164.803,-9.162964e-03,2.922058e-03,-1.757812e-02,2.441406e-04,2000,0,-1.832593e-03
2026-07-20T18:49:27.770,1784562567.770,164.903,-9.161987e-03,2.782167e-03,-2.368164e-02,7.812500e-03,2000,0,-1.832397e-03
2026-07-20T18:49:27.869,1784562567.869,165.003,-9.144165e-03,2.637950e-03,-1.806641e-02,4.882812e-04,2000,0,-1.828833e-03
2026-07-20T18:49:27.970,1784562567.970,165.103,-9.398804e-03,2.647401e-03,-1.879883e-02,1.708984e-03,2000,0,-1.879761e-03
2026-07-20T18:49:28.069,1784562568.069,165.203,-8.479980e-03,2.614941e-03,-1.806641e-02,4.150391e-03,2000,0,-1.695996e-03
2026-07-20T18:49:28.169,1784562568.169,165.303,-8.707642e-03,2.582429e-03,-1.782227e-02,3.417969e-03,2000,0,-1.741528e-03
2026-07-20T18:49:28.268,1784562568.269,165.403,-8.797607e-03,2.476647e-03,-1.904297e-02,1.464844e-03,2000,0,-1.759521e-03
2026-07-20T18:49:28.371,1784562568.371,165.503,-8.266968e-03,2.415380e-03,-1.708984e-02,7.324219e-04,2000,0,-1.653394e-03
2026-07-20T18:49:28.468,1784562568.469,165.603,-7.831787e-03,2.419220e-03,-1.757812e-02,2.441406e-04,2000,0,-1.566357e-03
2026-07-20T18:49:28.568,1784562568.568,165.703,-7.320679e-03,2.372417e-03,-1.586914e-02,-2.441406e-04,2000,0,-1.464136e-03
2026-07-20T18:49:28.668,1784562568.669,165.803,-6.275879e-03,2.405269e-03,-1.440430e-02,9.765625e-04,2000,0,-1.255176e-03
2026-07-20T18:49:28.768,1784562568.768,165.903,-5.504150e-03,2.436714e-03,-1.342773e-02,6.347656e-03,2000,0,-1.100830e-03
2026-07-20T18:49:28.868,1784562568.869,166.003,-4.355957e-03,2.320762e-03,-1.293945e-02,4.638672e-03,2000,0,-8.711914e-04
2026-07-20T18:49:28.971,1784562568.971,166.103,-3.084473e-03,2.334424e-03,-1.269531e-02,4.882812e-03,2000,0,-6.168945e-04
2026-07-20T18:49:29.068,1784562569.069,166.203,-2.289429e-03,2.294896e-03,-1.611328e-02,7.080078e-03,2000,0,-4.578857e-04
2026-07-20T18:49:29.168,1784562569.169,166.303,-9.627686e-04,2.337311e-03,-1.074219e-02,5.859375e-03,2000,0,-1.925537e-04
2026-07-20T18:49:29.268,1784562569.269,166.403,1.169189e-03,2.484069e-03,-9.277344e-03,1.269531e-02,2000,0,2.338379e-04
2026-07-20T18:49:29.368,1784562569.369,166.503,2.688232e-03,2.450956e-03,-6.103516e-03,1.147461e-02,2000,0,5.376465e-04
2026-07-20T18:49:29.468,1784562569.469,166.603,4.432129e-03,2.626042e-03,-6.347656e-03,1.391602e-02,2000,0,8.864258e-04
2026-07-20T18:49:29.568,1784562569.569,166.703,7.244751e-03,2.808239e-03,-2.929688e-03,1.635742e-02,2000,0,1.448950e-03
2026-07-20T18:49:29.668,1784562569.669,166.803,8.584595e-03,2.793337e-03,-2.441406e-04,1.831055e-02,2000,0,1.716919e-03
2026-07-20T18:49:29.770,1784562569.770,166.903,1.049854e-02,2.920997e-03,-1.220703e-03,2.416992e-02,2000,0,2.099707e-03
2026-07-20T18:49:29.868,1784562569.869,167.003,1.391174e-02,2.651666e-03,4.150391e-03,2.563477e-02,2000,0,2.782349e-03
2026-07-20T18:49:29.968,1784562569.969,167.103,1.473584e-02,2.754636e-03,4.882812e-03,2.905273e-02,2000,0,2.947168e-03
2026-07-20T18:49:30.068,1784562570.068,167.203,1.724280e-02,2.872385e-03,4.394531e-03,2.587891e-02,2000,0,3.448560e-03
2026-07-20T18:49:30.168,1784562570.168,167.303,2.078235e-02,3.028171e-03,9.277344e-03,3.027344e-02,2000,0,4.156470e-03
2026-07-20T18:49:30.268,1784562570.269,167.403,2.203027e-02,2.989893e-03,1.293945e-02,3.198242e-02,2000,0,4.406055e-03
2026-07-20T18:49:30.368,1784562570.369,167.503,2.444678e-02,3.181201e-03,1.342773e-02,3.735352e-02,2000,0,4.889355e-03
2026-07-20T18:49:30.471,1784562570.471,167.603,2.778528e-02,2.972725e-03,1.733398e-02,3.564453e-02,2000,0,5.557056e-03
2026-07-20T18:49:30.568,1784562570.569,167.703,2.990503e-02,3.036749e-03,1.904297e-02,4.003906e-02,2000,0,5.981006e-03
2026-07-20T18:49:30.668,1784562570.668,167.803,3.227051e-02,2.944053e-03,2.124023e-02,4.223633e-02,2000,0,6.454102e-03
2026-07-20T18:49:30.769,1784562570.770,167.903,3.448230e-02,3.080859e-03,2.392578e-02,4.370117e-02,2000,0,6.896460e-03
2026-07-20T18:49:30.868,1784562570.869,168.003,3.695105e-02,3.211790e-03,2.685547e-02,5.395508e-02,2000,0,7.390210e-03
2026-07-20T18:49:30.968,1784562570.969,168.103,3.964917e-02,3.254593e-03,2.978516e-02,4.980469e-02,2000,0,7.929834e-03
2026-07-20T18:49:31.068,1784562571.069,168.203,4.235876e-02,3.246015e-03,2.587891e-02,5.249023e-02,2000,0,8.471753e-03
2026-07-20T18:49:31.168,1784562571.168,168.303,4.452026e-02,3.200878e-03,3.247070e-02,5.908203e-02,2000,0,8.904053e-03
2026-07-20T18:49:31.268,1784562571.269,168.403,4.697583e-02,3.117461e-03,3.564453e-02,5.615234e-02,2000,0,9.395166e-03
2026-07-20T18:49:31.368,1784562571.369,168.503,4.945996e-02,3.125880e-03,3.833008e-02,5.981445e-02,2000,0,9.891992e-03
2026-07-20T18:49:31.468,1784562571.469,168.603,5.201440e-02,3.062680e-03,4.296875e-02,6.225586e-02,2000,0,1.040288e-02
2026-07-20T18:49:31.568,1784562571.569,168.703,5.426917e-02,3.057928e-03,4.248047e-02,6.689453e-02,2000,0,1.085383e-02
2026-07-20T18:49:31.668,1784562571.668,168.803,5.724658e-02,3.023361e-03,4.711914e-02,6.982422e-02,2000,0,1.144932e-02
2026-07-20T18:49:31.768,1784562571.768,168.903,5.983447e-02,3.021868e-03,5.078125e-02,6.958008e-02,2000,0,1.196689e-02
2026-07-20T18:49:31.868,1784562571.869,169.003,6.148364e-02,2.820870e-03,5.249023e-02,7.104492e-02,2000,0,1.229673e-02
2026-07-20T18:49:31.968,1784562571.969,169.103,6.460730e-02,3.068506e-03,5.419922e-02,8.374023e-02,2000,0,1.292146e-02
2026-07-20T18:49:32.068,1784562572.068,169.203,6.699402e-02,2.884431e-03,5.834961e-02,7.739258e-02,2000,0,1.339880e-02
2026-07-20T18:49:32.168,1784562572.168,169.303,6.827100e-02,3.046616e-03,5.834961e-02,8.056641e-02,2000,0,1.365420e-02
2026-07-20T18:49:32.271,1784562572.271,169.403,7.159900e-02,3.048395e-03,6.152344e-02,8.081055e-02,2000,0,1.431980e-02
2026-07-20T18:49:32.368,1784562572.369,169.503,7.435522e-02,3.011329e-03,6.396484e-02,8.496094e-02,2000,0,1.487104e-02
2026-07-20T18:49:32.468,1784562572.469,169.603,7.635022e-02,3.002889e-03,6.445312e-02,8.935547e-02,2000,0,1.527004e-02
2026-07-20T18:49:32.568,1784562572.569,169.703,7.933105e-02,3.019758e-03,6.811523e-02,8.984375e-02,2000,0,1.586621e-02
2026-07-20T18:49:32.668,1784562572.669,169.803,8.157727e-02,2.911296e-03,7.226562e-02,9.155273e-02,2000,0,1.631545e-02
2026-07-20T18:49:32.768,1784562572.769,169.903,8.344446e-02,3.038661e-03,7.373047e-02,9.423828e-02,2000,0,1.668889e-02
2026-07-20T18:49:32.868,1784562572.868,170.003,8.638110e-02,3.081926e-03,7.543945e-02,9.619141e-02,2000,0,1.727622e-02
2026-07-20T18:49:32.968,1784562572.969,170.103,8.842126e-02,3.208610e-03,7.836914e-02,1.020508e-01,2000,0,1.768425e-02
2026-07-20T18:49:33.068,1784562573.069,170.203,9.063696e-02,3.109550e-03,8.178711e-02,1.008301e-01,2000,0,1.812739e-02
2026-07-20T18:49:33.168,1784562573.168,170.303,9.454248e-02,3.038050e-03,8.520508e-02,1.079102e-01,2000,0,1.890850e-02
2026-07-20T18:49:33.268,1784562573.269,170.403,9.585510e-02,3.208587e-03,8.618164e-02,1.066895e-01,2000,0,1.917102e-02
2026-07-20T18:49:33.368,1784562573.369,170.503,9.749109e-02,3.206849e-03,8.764648e-02,1.101074e-01,2000,0,1.949822e-02
2026-07-20T18:49:33.468,1784562573.469,170.603,1.006655e-01,3.186234e-03,9.106445e-02,1.123047e-01,2000,0,2.013311e-02
2026-07-20T18:49:33.568,1784562573.569,170.703,1.025934e-01,3.237695e-03,9.155273e-02,1.140137e-01,2000,0,2.051868e-02
2026-07-20T18:49:33.668,1784562573.668,170.803,1.037698e-01,3.357829e-03,9.326172e-02,1.152344e-01,2000,0,2.075396e-02
2026-07-20T18:49:33.768,1784562573.768,170.903,1.066260e-01,3.313883e-03,9.545898e-02,1.176758e-01,2000,0,2.132520e-02
2026-07-20T18:49:33.868,1784562573.869,171.003,1.088154e-01,3.262981e-03,9.741211e-02,1.223145e-01,2000,0,2.176309e-02
2026-07-20T18:49:33.968,1784562573.969,171.103,1.108802e-01,3.248622e-03,9.887695e-02,1.240234e-01,2000,0,2.217605e-02
2026-07-20T18:49:34.070,1784562574.071,171.203,1.124415e-01,3.217588e-03,1.025391e-01,1.242676e-01,2000,0,2.248831e-02
2026-07-20T18:49:34.168,1784562574.169,171.303,1.144348e-01,3.335665e-03,1.042480e-01,1.252441e-01,2000,0,2.288696e-02
2026-07-20T18:49:34.268,1784562574.269,171.403,1.164331e-01,3.278954e-03,1.054688e-01,1.279297e-01,2000,0,2.328662e-02
2026-07-20T18:49:34.368,1784562574.369,171.503,1.183121e-01,3.329354e-03,1.083984e-01,1.320801e-01,2000,0,2.366243e-02
2026-07-20T18:49:34.468,1784562574.469,171.603,1.194880e-01,3.278101e-03,1.103516e-01,1.306152e-01,2000,0,2.389761e-02
2026-07-20T18:49:34.568,1784562574.569,171.703,1.223181e-01,3.310098e-03,1.125488e-01,1.335449e-01,2000,0,2.446362e-02
2026-07-20T18:49:34.668,1784562574.669,171.803,1.229531e-01,3.223281e-03,1.098633e-01,1.330566e-01,2000,0,2.459063e-02
2026-07-20T18:49:34.768,1784562574.769,171.903,1.251808e-01,3.224174e-03,1.123047e-01,1.357422e-01,2000,0,2.503616e-02
2026-07-20T18:49:34.870,1784562574.871,172.003,1.262905e-01,3.193190e-03,1.162109e-01,1.374512e-01,2000,0,2.525811e-02
2026-07-20T18:49:34.968,1784562574.969,172.103,1.284645e-01,3.225644e-03,1.181641e-01,1.386719e-01,2000,0,2.569290e-02
2026-07-20T18:49:35.070,1784562575.071,172.203,1.298861e-01,3.205161e-03,1.203613e-01,1.433105e-01,2000,0,2.597722e-02
2026-07-20T18:49:35.170,1784562575.171,172.303,1.309095e-01,3.203877e-03,1.213379e-01,1.416016e-01,2000,0,2.618191e-02
2026-07-20T18:49:35.270,1784562575.270,172.403,1.331592e-01,3.311231e-03,1.215820e-01,1.437988e-01,2000,0,2.663184e-02
2026-07-20T18:49:35.370,1784562575.371,172.503,1.337158e-01,3.355171e-03,1.201172e-01,1.433105e-01,2000,0,2.674316e-02
2026-07-20T18:49:35.470,1784562575.471,172.603,1.358936e-01,3.171608e-03,1.250000e-01,1.479492e-01,2000,0,2.717871e-02
2026-07-20T18:49:35.570,1784562575.571,172.703,1.371604e-01,3.221042e-03,1.254883e-01,1.528320e-01,2000,0,2.743208e-02
2026-07-20T18:49:35.668,1784562575.669,172.803,1.386658e-01,3.200668e-03,1.274414e-01,1.516113e-01,2000,0,2.773315e-02
2026-07-20T18:49:35.770,1784562575.771,172.903,1.393522e-01,3.167596e-03,1.279297e-01,1.486816e-01,2000,0,2.787043e-02
2026-07-20T18:49:35.870,1784562575.871,173.003,1.406826e-01,3.202007e-03,1.279297e-01,1.540527e-01,2000,0,2.813652e-02
2026-07-20T18:49:35.970,1784562575.971,173.103,1.415707e-01,3.116706e-03,1.308594e-01,1.516113e-01,2000,0,2.831414e-02
2026-07-20T18:49:36.068,1784562576.069,173.203,1.424769e-01,3.122144e-03,1.308594e-01,1.523438e-01,2000,0,2.849539e-02
2026-07-20T18:49:36.170,1784562576.171,173.303,1.437262e-01,3.214554e-03,1.323242e-01,1.547852e-01,2000,0,2.874524e-02
2026-07-20T18:49:36.270,1784562576.271,173.403,1.443580e-01,3.026626e-03,1.335449e-01,1.540527e-01,2000,0,2.887161e-02
2026-07-20T18:49:36.370,1784562576.371,173.503,1.457388e-01,3.238018e-03,1.337891e-01,1.564941e-01,2000,0,2.914775e-02
2026-07-20T18:49:36.471,1784562576.471,173.603,1.469994e-01,3.265024e-03,1.362305e-01,1.577148e-01,2000,0,2.939988e-02
2026-07-20T18:49:36.568,1784562576.569,173.703,1.476959e-01,3.276792e-03,1.359863e-01,1.579590e-01,2000,0,2.953918e-02
2026-07-20T18:49:36.668,1784562576.669,173.803,1.488434e-01,3.331071e-03,1.386719e-01,1.638184e-01,2000,0,2.976868e-02
2026-07-20T18:49:36.768,1784562576.769,173.903,1.496079e-01,3.250075e-03,1.364746e-01,1.596680e-01,2000,0,2.992158e-02
2026-07-20T18:49:36.871,1784562576.871,174.003,1.504543e-01,3.288103e-03,1.401367e-01,1.599121e-01,2000,0,3.009087e-02
2026-07-20T18:49:36.970,1784562576.971,174.103,1.509517e-01,3.353262e-03,1.394043e-01,1.621094e-01,2000,0,3.019033e-02
2026-07-20T18:49:37.070,1784562577.071,174.203,1.513844e-01,3.464196e-03,1.403809e-01,1.623535e-01,2000,0,3.027688e-02
2026-07-20T18:49:37.170,1784562577.171,174.303,1.509575e-01,3.287708e-03,1.384277e-01,1.606445e-01,2000,0,3.019150e-02
2026-07-20T18:49:37.270,1784562577.271,174.403,1.515701e-01,3.346637e-03,1.384277e-01,1.616211e-01,2000,0,3.031401e-02
2026-07-20T18:49:37.370,1784562577.371,174.503,1.515288e-01,3.309819e-03,1.406250e-01,1.621094e-01,2000,0,3.030576e-02
2026-07-20T18:49:37.470,1784562577.471,174.603,1.512106e-01,3.334285e-03,1.384277e-01,1.616211e-01,2000,0,3.024211e-02
2026-07-20T18:49:37.570,1784562577.571,174.703,1.509789e-01,3.324087e-03,1.401367e-01,1.633301e-01,2000,0,3.019578e-02
2026-07-20T18:49:37.671,1784562577.671,174.803,1.507870e-01,3.394167e-03,1.372070e-01,1.596680e-01,2000,0,3.015740e-02
2026-07-20T18:49:37.770,1784562577.771,174.903,1.498120e-01,3.449735e-03,1.386719e-01,1.611328e-01,2000,0,2.996240e-02
2026-07-20T18:49:37.870,1784562577.871,175.003,1.495409e-01,3.512603e-03,1.376953e-01,1.630859e-01,2000,0,2.990818e-02
2026-07-20T18:49:37.971,1784562577.971,175.103,1.487340e-01,3.469843e-03,1.376953e-01,1.584473e-01,2000,0,2.974680e-02
2026-07-20T18:49:38.068,1784562578.069,175.203,1.475248e-01,3.543927e-03,1.357422e-01,1.582031e-01,2000,0,2.950496e-02
2026-07-20T18:49:38.168,1784562578.169,175.303,1.465077e-01,3.268781e-03,1.345215e-01,1.577148e-01,2000,0,2.930154e-02
2026-07-20T18:49:38.268,1784562578.269,175.403,1.460321e-01,3.393148e-03,1.328125e-01,1.599121e-01,2000,0,2.920642e-02
2026-07-20T18:49:38.368,1784562578.369,175.503,1.448016e-01,3.474430e-03,1.345215e-01,1.564941e-01,2000,0,2.896033e-02
2026-07-20T18:49:38.468,1784562578.469,175.603,1.443613e-01,3.379656e-03,1.340332e-01,1.545410e-01,2000,0,2.887227e-02
2026-07-20T18:49:38.568,1784562578.569,175.703,1.437041e-01,3.306943e-03,1.313477e-01,1.547852e-01,2000,0,2.874082e-02
2026-07-20T18:49:38.668,1784562578.669,175.803,1.430281e-01,3.377060e-03,1.311035e-01,1.545410e-01,2000,0,2.860562e-02
2026-07-20T18:49:38.768,1784562578.769,175.903,1.421699e-01,3.336594e-03,1.296387e-01,1.540527e-01,2000,0,2.843398e-02
2026-07-20T18:49:38.868,1784562578.869,176.003,1.425785e-01,3.369216e-03,1.286621e-01,1.557617e-01,2000,0,2.851570e-02
2026-07-20T18:49:38.968,1784562578.969,176.103,1.419069e-01,3.379207e-03,1.306152e-01,1.538086e-01,2000,0,2.838137e-02
2026-07-20T18:49:39.068,1784562579.069,176.203,1.416372e-01,3.567576e-03,1.306152e-01,1.550293e-01,2000,0,2.832744e-02
2026-07-20T18:49:39.168,1784562579.169,176.303,1.416165e-01,3.459571e-03,1.281738e-01,1.520996e-01,2000,0,2.832329e-02
2026-07-20T18:49:39.268,1784562579.269,176.403,1.411646e-01,3.528308e-03,1.291504e-01,1.552734e-01,2000,0,2.823291e-02
2026-07-20T18:49:39.368,1784562579.369,176.503,1.413988e-01,3.533827e-03,1.293945e-01,1.540527e-01,2000,0,2.827976e-02
2026-07-20T18:49:39.471,1784562579.471,176.603,1.417084e-01,3.533813e-03,1.269531e-01,1.560059e-01,2000,0,2.834167e-02
2026-07-20T18:49:39.568,1784562579.568,176.703,1.412849e-01,3.374689e-03,1.303711e-01,1.523438e-01,2000,0,2.825698e-02
2026-07-20T18:49:39.668,1784562579.669,176.803,1.412856e-01,3.561422e-03,1.303711e-01,1.542969e-01,2000,0,2.825713e-02
2026-07-20T18:49:39.768,1784562579.769,176.903,1.416786e-01,3.469761e-03,1.289062e-01,1.552734e-01,2000,0,2.833572e-02
2026-07-20T18:49:39.868,1784562579.869,177.003,1.415780e-01,3.532515e-03,1.301270e-01,1.567383e-01,2000,0,2.831560e-02
2026-07-20T18:49:39.968,1784562579.969,177.103,1.419229e-01,3.637639e-03,1.313477e-01,1.630859e-01,2000,0,2.838457e-02
2026-07-20T18:49:40.068,1784562580.069,177.203,1.429930e-01,3.651508e-03,1.318359e-01,1.564941e-01,2000,0,2.859861e-02
2026-07-20T18:49:40.168,1784562580.169,177.303,1.429235e-01,3.548008e-03,1.301270e-01,1.545410e-01,2000,0,2.858469e-02
2026-07-20T18:49:40.268,1784562580.269,177.403,1.430028e-01,3.579385e-03,1.315918e-01,1.547852e-01,2000,0,2.860056e-02
2026-07-20T18:49:40.368,1784562580.369,177.503,1.434792e-01,3.533631e-03,1.303711e-01,1.557617e-01,2000,0,2.869585e-02
2026-07-20T18:49:40.468,1784562580.469,177.603,1.440647e-01,3.476755e-03,1.335449e-01,1.569824e-01,2000,0,2.881294e-02
2026-07-20T18:49:40.570,1784562580.571,177.703,1.442433e-01,3.589941e-03,1.328125e-01,1.574707e-01,2000,0,2.884866e-02
2026-07-20T18:49:40.670,1784562580.671,177.803,1.450798e-01,3.505803e-03,1.264648e-01,1.586914e-01,2000,0,2.901597e-02
2026-07-20T18:49:40.770,1784562580.771,177.903,1.452703e-01,3.443285e-03,1.320801e-01,1.569824e-01,2000,0,2.905405e-02
2026-07-20T18:49:40.870,1784562580.870,178.003,1.451812e-01,3.254531e-03,1.337891e-01,1.582031e-01,2000,0,2.903623e-02
2026-07-20T18:49:40.970,1784562580.971,178.103,1.466428e-01,3.516047e-03,1.354980e-01,1.582031e-01,2000,0,2.932856e-02
2026-07-20T18:49:41.070,1784562581.071,178.203,1.464775e-01,3.623545e-03,1.374512e-01,1.579590e-01,2000,0,2.929551e-02
2026-07-20T18:49:41.168,1784562581.169,178.303,1.466787e-01,3.456115e-03,1.347656e-01,1.577148e-01,2000,0,2.933574e-02
2026-07-20T18:49:41.271,1784562581.271,178.403,1.474177e-01,3.426578e-03,1.364746e-01,1.599121e-01,2000,0,2.948354e-02
2026-07-20T18:49:41.368,1784562581.369,178.503,1.472535e-01,3.480720e-03,1.376953e-01,1.586914e-01,2000,0,2.945071e-02
2026-07-20T18:49:41.468,1784562581.469,178.603,1.483719e-01,3.430661e-03,1.374512e-01,1.579590e-01,2000,0,2.967439e-02
2026-07-20T18:49:41.568,1784562581.569,178.703,1.482189e-01,3.514468e-03,1.374512e-01,1.650391e-01,2000,0,2.964377e-02
2026-07-20T18:49:41.668,1784562581.669,178.803,1.476622e-01,3.512162e-03,1.359863e-01,1.594238e-01,2000,0,2.953245e-02
2026-07-20T18:49:41.768,1784562581.769,178.903,1.471383e-01,3.501237e-03,1.303711e-01,1.567383e-01,2000,0,2.942766e-02
2026-07-20T18:49:41.868,1784562581.869,179.003,1.468706e-01,3.435357e-03,1.340332e-01,1.560059e-01,2000,0,2.937412e-02
2026-07-20T18:49:41.968,1784562581.969,179.103,1.467094e-01,3.463514e-03,1.342773e-01,1.599121e-01,2000,0,2.934187e-02
2026-07-20T18:49:42.068,1784562582.069,179.203,1.458297e-01,3.403114e-03,1.308594e-01,1.562500e-01,2000,0,2.916594e-02
2026-07-20T18:49:42.168,1784562582.169,179.303,1.451682e-01,3.497924e-03,1.311035e-01,1.560059e-01,2000,0,2.903364e-02
2026-07-20T18:49:42.268,1784562582.269,179.403,1.440388e-01,3.502271e-03,1.315918e-01,1.577148e-01,2000,0,2.880776e-02
2026-07-20T18:49:42.368,1784562582.369,179.503,1.425645e-01,3.507281e-03,1.289062e-01,1.518555e-01,2000,0,2.851289e-02
2026-07-20T18:49:42.468,1784562582.469,179.603,1.418989e-01,3.464840e-03,1.274414e-01,1.538086e-01,2000,0,2.837979e-02
2026-07-20T18:49:42.568,1784562582.569,179.703,1.403833e-01,3.531154e-03,1.281738e-01,1.516113e-01,2000,0,2.807666e-02
2026-07-20T18:49:42.668,1784562582.669,179.803,1.397618e-01,3.525899e-03,1.284180e-01,1.508789e-01,2000,0,2.795237e-02
2026-07-20T18:49:42.771,1784562582.771,179.903,1.386384e-01,3.546097e-03,1.259766e-01,1.511230e-01,2000,0,2.772769e-02
2026-07-20T18:49:42.868,1784562582.869,180.003,1.373906e-01,3.449272e-03,1.259766e-01,1.479492e-01,2000,0,2.747812e-02
2026-07-20T18:49:42.968,1784562582.969,180.103,1.366899e-01,3.511622e-03,1.225586e-01,1.467285e-01,2000,0,2.733799e-02
2026-07-20T18:49:43.068,1784562583.069,180.203,1.359294e-01,3.618908e-03,1.201172e-01,1.547852e-01,2000,0,2.718589e-02
2026-07-20T18:49:43.168,1784562583.169,180.303,1.354237e-01,3.489629e-03,1.237793e-01,1.452637e-01,2000,0,2.708474e-02
2026-07-20T18:49:43.268,1784562583.269,180.403,1.341493e-01,3.578442e-03,1.145020e-01,1.457520e-01,2000,0,2.682986e-02
2026-07-20T18:49:43.370,1784562583.371,180.503,1.328538e-01,3.458021e-03,1.193848e-01,1.459961e-01,2000,0,2.657075e-02
2026-07-20T18:49:43.468,1784562583.469,180.603,1.332312e-01,3.620473e-03,1.198730e-01,1.459961e-01,2000,0,2.664624e-02
2026-07-20T18:49:43.568,1784562583.569,180.703,1.324698e-01,3.337525e-03,1.218262e-01,1.440430e-01,2000,0,2.649397e-02
2026-07-20T18:49:43.668,1784562583.669,180.803,1.327015e-01,3.538599e-03,1.208496e-01,1.447754e-01,2000,0,2.654031e-02
2026-07-20T18:49:43.768,1784562583.769,180.903,1.322421e-01,3.282237e-03,1.203613e-01,1.489258e-01,2000,0,2.644841e-02
2026-07-20T18:49:43.868,1784562583.869,181.003,1.314188e-01,3.482138e-03,1.166992e-01,1.430664e-01,2000,0,2.628376e-02
2026-07-20T18:49:43.968,1784562583.969,181.103,1.312109e-01,3.339380e-03,1.096191e-01,1.442871e-01,2000,0,2.624219e-02
2026-07-20T18:49:44.068,1784562584.069,181.203,1.309886e-01,3.179786e-03,1.201172e-01,1.430664e-01,2000,0,2.619773e-02
2026-07-20T18:49:44.168,1784562584.169,181.303,1.300017e-01,3.267828e-03,1.186523e-01,1.408691e-01,2000,0,2.600034e-02
2026-07-20T18:49:44.271,1784562584.271,181.403,1.292227e-01,3.157375e-03,1.157227e-01,1.398926e-01,2000,0,2.584453e-02
2026-07-20T18:49:44.368,1784562584.369,181.503,1.286953e-01,3.268636e-03,1.181641e-01,1.389160e-01,2000,0,2.573906e-02
2026-07-20T18:49:44.468,1784562584.469,181.603,1.282349e-01,3.140226e-03,1.184082e-01,1.396484e-01,2000,0,2.564697e-02
2026-07-20T18:49:44.568,1784562584.569,181.703,1.284530e-01,3.297073e-03,1.176758e-01,1.408691e-01,2000,0,2.569060e-02
2026-07-20T18:49:44.668,1784562584.669,181.803,1.277681e-01,3.181404e-03,1.157227e-01,1.384277e-01,2000,0,2.555361e-02
2026-07-20T18:49:44.770,1784562584.770,181.903,1.270044e-01,3.205539e-03,1.164551e-01,1.367188e-01,2000,0,2.540088e-02
2026-07-20T18:49:44.868,1784562584.869,182.003,1.275240e-01,3.195025e-03,1.162109e-01,1.394043e-01,2000,0,2.550481e-02
2026-07-20T18:49:44.968,1784562584.969,182.103,1.272222e-01,3.178835e-03,1.171875e-01,1.391602e-01,2000,0,2.544443e-02
2026-07-20T18:49:45.068,1784562585.069,182.203,1.268561e-01,3.376338e-03,1.154785e-01,1.391602e-01,2000,0,2.537122e-02
2026-07-20T18:49:45.168,1784562585.169,182.303,1.273511e-01,3.215797e-03,1.154785e-01,1.379395e-01,2000,0,2.547021e-02
2026-07-20T18:49:45.268,1784562585.269,182.403,1.267972e-01,3.380487e-03,1.166992e-01,1.408691e-01,2000,0,2.535945e-02
2026-07-20T18:49:45.368,1784562585.369,182.503,1.263954e-01,3.407389e-03,1.137695e-01,1.394043e-01,2000,0,2.527908e-02
2026-07-20T18:49:45.468,1784562585.469,182.603,1.274403e-01,3.412755e-03,1.159668e-01,1.408691e-01,2000,0,2.548806e-02
2026-07-20T18:49:45.568,1784562585.569,182.703,1.272567e-01,3.410927e-03,1.164551e-01,1.374512e-01,2000,0,2.545134e-02
2026-07-20T18:49:45.668,1784562585.669,182.803,1.274707e-01,3.472497e-03,1.152344e-01,1.433105e-01,2000,0,2.549414e-02
2026-07-20T18:49:45.770,1784562585.770,182.903,1.273176e-01,3.461772e-03,1.162109e-01,1.394043e-01,2000,0,2.546353e-02
2026-07-20T18:49:45.871,1784562585.871,183.003,1.279497e-01,3.470683e-03,1.171875e-01,1.384277e-01,2000,0,2.558994e-02
2026-07-20T18:49:45.968,1784562585.968,183.103,1.283689e-01,3.354688e-03,1.176758e-01,1.450195e-01,2000,0,2.567378e-02
2026-07-20T18:49:46.070,1784562586.071,183.203,1.293551e-01,3.507583e-03,1.184082e-01,1.428223e-01,2000,0,2.587102e-02
2026-07-20T18:49:46.170,1784562586.171,183.303,1.292140e-01,3.440509e-03,1.098633e-01,1.406250e-01,2000,0,2.584280e-02
2026-07-20T18:49:46.270,1784562586.270,183.403,1.290840e-01,3.373587e-03,1.169434e-01,1.408691e-01,2000,0,2.581680e-02
2026-07-20T18:49:46.369,1784562586.369,183.503,1.304100e-01,3.410069e-03,1.186523e-01,1.433105e-01,2000,0,2.608201e-02
2026-07-20T18:49:46.470,1784562586.471,183.603,1.309064e-01,3.344499e-03,1.203613e-01,1.452637e-01,2000,0,2.618127e-02
2026-07-20T18:49:46.570,1784562586.571,183.703,1.310449e-01,3.403213e-03,1.186523e-01,1.447754e-01,2000,0,2.620898e-02
2026-07-20T18:49:46.670,1784562586.671,183.803,1.321036e-01,3.222723e-03,1.179199e-01,1.420898e-01,2000,0,2.642073e-02
2026-07-20T18:49:46.770,1784562586.771,183.903,1.321003e-01,3.257984e-03,1.208496e-01,1.428223e-01,2000,0,2.642007e-02
2026-07-20T18:49:46.868,1784562586.869,184.003,1.323042e-01,3.086021e-03,1.223145e-01,1.411133e-01,2000,0,2.646084e-02
2026-07-20T18:49:46.969,1784562586.969,184.103,1.328804e-01,3.029939e-03,1.237793e-01,1.459961e-01,2000,0,2.657607e-02
2026-07-20T18:49:47.068,1784562587.069,184.203,1.331527e-01,2.907905e-03,1.225586e-01,1.425781e-01,2000,0,2.663054e-02
2026-07-20T18:49:47.168,1784562587.169,184.303,1.335204e-01,2.940617e-03,1.225586e-01,1.420898e-01,2000,0,2.670408e-02
2026-07-20T18:49:47.268,1784562587.269,184.403,1.333258e-01,2.871606e-03,1.203613e-01,1.423340e-01,2000,0,2.666516e-02
2026-07-20T18:49:47.368,1784562587.369,184.503,1.341533e-01,2.843509e-03,1.215820e-01,1.428223e-01,2000,0,2.683066e-02
2026-07-20T18:49:47.468,1784562587.469,184.603,1.345366e-01,2.701437e-03,1.237793e-01,1.435547e-01,2000,0,2.690732e-02
2026-07-20T18:49:47.570,1784562587.571,184.703,1.354648e-01,2.666799e-03,1.247559e-01,1.452637e-01,2000,0,2.709297e-02
2026-07-20T18:49:47.670,1784562587.671,184.803,1.357136e-01,2.605740e-03,1.247559e-01,1.452637e-01,2000,0,2.714272e-02
2026-07-20T18:49:47.770,1784562587.771,184.903,1.360372e-01,2.461877e-03,1.257324e-01,1.437988e-01,2000,0,2.720745e-02
2026-07-20T18:49:47.870,1784562587.871,185.003,1.367617e-01,2.596582e-03,1.271973e-01,1.445312e-01,2000,0,2.735234e-02
2026-07-20T18:49:47.970,1784562587.971,185.103,1.372902e-01,2.555624e-03,1.281738e-01,1.467285e-01,2000,0,2.745803e-02
2026-07-20T18:49:48.070,1784562588.071,185.203,1.371859e-01,2.464092e-03,1.281738e-01,1.472168e-01,2000,0,2.743718e-02
2026-07-20T18:49:48.168,1784562588.169,185.303,1.383414e-01,2.713143e-03,1.198730e-01,1.467285e-01,2000,0,2.766829e-02
2026-07-20T18:49:48.268,1784562588.269,185.403,1.385974e-01,2.458170e-03,1.291504e-01,1.506348e-01,2000,0,2.771948e-02
2026-07-20T18:49:48.368,1784562588.369,185.503,1.388394e-01,2.470003e-03,1.298828e-01,1.491699e-01,2000,0,2.776787e-02
2026-07-20T18:49:48.468,1784562588.469,185.603,1.400690e-01,2.507141e-03,1.308594e-01,1.503906e-01,2000,0,2.801379e-02
2026-07-20T18:49:48.568,1784562588.569,185.703,1.406440e-01,2.537336e-03,1.318359e-01,1.496582e-01,2000,0,2.812881e-02
2026-07-20T18:49:48.668,1784562588.668,185.803,1.404415e-01,2.642418e-03,1.311035e-01,1.491699e-01,2000,0,2.808831e-02
2026-07-20T18:49:48.770,1784562588.770,185.903,1.409730e-01,2.805530e-03,1.291504e-01,1.508789e-01,2000,0,2.819460e-02
2026-07-20T18:49:48.868,1784562588.868,186.003,1.423430e-01,2.738096e-03,1.325684e-01,1.525879e-01,2000,0,2.846860e-02
2026-07-20T18:49:48.968,1784562588.969,186.103,1.425662e-01,2.926712e-03,1.313477e-01,1.545410e-01,2000,0,2.851323e-02
2026-07-20T18:49:49.070,1784562589.071,186.203,1.431586e-01,2.888752e-03,1.318359e-01,1.538086e-01,2000,0,2.863171e-02
2026-07-20T18:49:49.170,1784562589.170,186.303,1.441051e-01,2.882015e-03,1.350098e-01,1.562500e-01,2000,0,2.882102e-02
2026-07-20T18:49:49.268,1784562589.269,186.403,1.438723e-01,3.036519e-03,1.328125e-01,1.545410e-01,2000,0,2.877446e-02
2026-07-20T18:49:49.370,1784562589.371,186.503,1.444619e-01,3.098801e-03,1.352539e-01,1.552734e-01,2000,0,2.889238e-02
2026-07-20T18:49:49.470,1784562589.471,186.603,1.446356e-01,3.065961e-03,1.354980e-01,1.555176e-01,2000,0,2.892712e-02
2026-07-20T18:49:49.571,1784562589.571,186.703,1.440444e-01,3.258824e-03,1.340332e-01,1.540527e-01,2000,0,2.880889e-02
2026-07-20T18:49:49.670,1784562589.671,186.803,1.443696e-01,3.283757e-03,1.313477e-01,1.550293e-01,2000,0,2.887393e-02
2026-07-20T18:49:49.768,1784562589.769,186.903,1.447533e-01,3.175108e-03,1.345215e-01,1.552734e-01,2000,0,2.895066e-02
2026-07-20T18:49:49.868,1784562589.869,187.003,1.443832e-01,3.212001e-03,1.347656e-01,1.552734e-01,2000,0,2.887664e-02
2026-07-20T18:49:49.969,1784562589.969,187.103,1.440637e-01,3.269022e-03,1.342773e-01,1.574707e-01,2000,0,2.881274e-02
2026-07-20T18:49:50.070,1784562590.071,187.203,1.435408e-01,3.334694e-03,1.315918e-01,1.542969e-01,2000,0,2.870815e-02
2026-07-20T18:49:50.168,1784562590.169,187.303,1.431017e-01,3.197754e-03,1.315918e-01,1.547852e-01,2000,0,2.862034e-02
2026-07-20T18:49:50.270,1784562590.270,187.403,1.426165e-01,3.189792e-03,1.333008e-01,1.540527e-01,2000,0,2.852329e-02
2026-07-20T18:49:50.370,1784562590.371,187.503,1.413270e-01,3.315390e-03,1.320801e-01,1.608887e-01,2000,0,2.826541e-02
2026-07-20T18:49:50.470,1784562590.471,187.603,1.412737e-01,3.288261e-03,1.311035e-01,1.520996e-01,2000,0,2.825474e-02
2026-07-20T18:49:50.570,1784562590.571,187.703,1.400621e-01,3.257683e-03,1.298828e-01,1.511230e-01,2000,0,2.801243e-02
2026-07-20T18:49:50.670,1784562590.671,187.803,1.390057e-01,3.126682e-03,1.276855e-01,1.511230e-01,2000,0,2.780115e-02
2026-07-20T18:49:50.768,1784562590.769,187.903,1.379210e-01,3.280125e-03,1.279297e-01,1.506348e-01,2000,0,2.758420e-02
2026-07-20T18:49:50.868,1784562590.869,188.003,1.368978e-01,3.208991e-03,1.271973e-01,1.474609e-01,2000,0,2.737957e-02
2026-07-20T18:49:50.968,1784562590.969,188.103,1.350895e-01,3.252581e-03,1.257324e-01,1.442871e-01,2000,0,2.701790e-02
2026-07-20T18:49:51.068,1784562591.069,188.203,1.341746e-01,3.181975e-03,1.242676e-01,1.486816e-01,2000,0,2.683491e-02
2026-07-20T18:49:51.168,1784562591.169,188.303,1.329171e-01,3.228799e-03,1.237793e-01,1.437988e-01,2000,0,2.658342e-02
2026-07-20T18:49:51.268,1784562591.268,188.403,1.307463e-01,3.226886e-03,1.149902e-01,1.411133e-01,2000,0,2.614927e-02
2026-07-20T18:49:51.368,1784562591.369,188.503,1.291938e-01,3.268480e-03,1.186523e-01,1.394043e-01,2000,0,2.583877e-02
2026-07-20T18:49:51.470,1784562591.470,188.603,1.283945e-01,3.138236e-03,1.162109e-01,1.386719e-01,2000,0,2.567891e-02
2026-07-20T18:49:51.568,1784562591.569,188.703,1.260743e-01,3.194430e-03,1.140137e-01,1.357422e-01,2000,0,2.521487e-02
2026-07-20T18:49:51.671,1784562591.671,188.803,1.241434e-01,3.280781e-03,1.125488e-01,1.337891e-01,2000,0,2.482869e-02
2026-07-20T18:49:51.770,1784562591.771,188.903,1.226646e-01,3.144676e-03,1.127930e-01,1.335449e-01,2000,0,2.453291e-02
2026-07-20T18:49:51.868,1784562591.869,189.003,1.201279e-01,3.234749e-03,1.069336e-01,1.296387e-01,2000,0,2.402559e-02
2026-07-20T18:49:51.968,1784562591.969,189.103,1.186299e-01,3.254162e-03,1.079102e-01,1.296387e-01,2000,0,2.372598e-02
2026-07-20T18:49:52.070,1784562592.070,189.203,1.176647e-01,3.256862e-03,1.071777e-01,1.281738e-01,2000,0,2.353293e-02
2026-07-20T18:49:52.170,1784562592.171,189.303,1.149098e-01,3.260598e-03,1.054688e-01,1.254883e-01,2000,0,2.298196e-02
2026-07-20T18:49:52.269,1784562592.269,189.403,1.137117e-01,3.326633e-03,1.008301e-01,1.250000e-01,2000,0,2.274233e-02
2026-07-20T18:49:52.370,1784562592.371,189.503,1.118898e-01,3.351475e-03,9.594727e-02,1.257324e-01,2000,0,2.237795e-02
2026-07-20T18:49:52.470,1784562592.471,189.603,1.088644e-01,3.374957e-03,9.765625e-02,1.208496e-01,2000,0,2.177288e-02
2026-07-20T18:49:52.571,1784562592.571,189.703,1.081774e-01,3.461588e-03,9.790039e-02,1.196289e-01,2000,0,2.163547e-02
2026-07-20T18:49:52.670,1784562592.670,189.803,1.065350e-01,3.348186e-03,9.375000e-02,1.242676e-01,2000,0,2.130701e-02
2026-07-20T18:49:52.770,1784562592.771,189.903,1.040027e-01,3.413318e-03,9.375000e-02,1.181641e-01,2000,0,2.080054e-02
2026-07-20T18:49:52.870,1784562592.871,190.003,1.020583e-01,3.486778e-03,8.642578e-02,1.149902e-01,2000,0,2.041167e-02
2026-07-20T18:49:52.970,1784562592.970,190.103,1.012628e-01,3.377081e-03,9.204102e-02,1.142578e-01,2000,0,2.025256e-02
2026-07-20T18:49:53.070,1784562593.071,190.203,9.834790e-02,3.383644e-03,9.033203e-02,1.115723e-01,2000,0,1.966958e-02
2026-07-20T18:49:53.168,1784562593.168,190.303,9.694006e-02,3.232426e-03,8.715820e-02,1.101074e-01,2000,0,1.938801e-02
2026-07-20T18:49:53.268,1784562593.269,190.403,9.528149e-02,3.270505e-03,8.471680e-02,1.154785e-01,2000,0,1.905630e-02
2026-07-20T18:49:53.368,1784562593.369,190.503,9.323413e-02,3.219244e-03,8.251953e-02,1.057129e-01,2000,0,1.864683e-02
2026-07-20T18:49:53.468,1784562593.468,190.603,9.134448e-02,3.293052e-03,8.032227e-02,1.040039e-01,2000,0,1.826890e-02
2026-07-20T18:49:53.568,1784562593.569,190.703,9.006042e-02,3.337616e-03,7.690430e-02,1.018066e-01,2000,0,1.801208e-02
2026-07-20T18:49:53.668,1784562593.669,190.803,8.760376e-02,3.429506e-03,7.666016e-02,1.008301e-01,2000,0,1.752075e-02
2026-07-20T18:49:53.768,1784562593.768,190.903,8.520093e-02,3.460496e-03,7.519531e-02,9.960938e-02,2000,0,1.704019e-02
2026-07-20T18:49:53.868,1784562593.869,191.003,8.425208e-02,3.378479e-03,7.153320e-02,9.667969e-02,2000,0,1.685042e-02
2026-07-20T18:49:53.968,1784562593.968,191.103,8.220520e-02,3.263767e-03,6.811523e-02,9.619141e-02,2000,0,1.644104e-02
2026-07-20T18:49:54.070,1784562594.070,191.203,7.935571e-02,3.268771e-03,6.616211e-02,9.204102e-02,2000,0,1.587114e-02
2026-07-20T18:49:54.168,1784562594.169,191.303,7.861304e-02,3.316711e-03,6.616211e-02,9.082031e-02,2000,0,1.572261e-02
2026-07-20T18:49:54.268,1784562594.269,191.403,7.645679e-02,3.181969e-03,6.689453e-02,8.862305e-02,2000,0,1.529136e-02
2026-07-20T18:49:54.368,1784562594.369,191.503,7.441138e-02,3.245202e-03,6.420898e-02,8.862305e-02,2000,0,1.488228e-02
2026-07-20T18:49:54.468,1784562594.468,191.603,7.348706e-02,3.291265e-03,6.396484e-02,8.642578e-02,2000,0,1.469741e-02
2026-07-20T18:49:54.568,1784562594.569,191.703,7.100220e-02,3.312669e-03,5.957031e-02,8.398438e-02,2000,0,1.420044e-02
2026-07-20T18:49:54.668,1784562594.669,191.803,6.965369e-02,3.462269e-03,5.712891e-02,8.227539e-02,2000,0,1.393074e-02
2026-07-20T18:49:54.768,1784562594.769,191.903,6.882458e-02,3.443652e-03,5.761719e-02,8.398438e-02,2000,0,1.376492e-02
2026-07-20T18:49:54.868,1784562594.869,192.003,6.592798e-02,3.323330e-03,5.468750e-02,7.885742e-02,2000,0,1.318560e-02
2026-07-20T18:49:54.968,1784562594.969,192.103,6.479895e-02,3.390893e-03,5.126953e-02,7.885742e-02,2000,0,1.295979e-02
2026-07-20T18:49:55.068,1784562595.069,192.203,6.380334e-02,3.562152e-03,4.980469e-02,7.836914e-02,2000,0,1.276067e-02
2026-07-20T18:49:55.170,1784562595.171,192.303,6.212048e-02,3.484606e-03,5.078125e-02,7.324219e-02,2000,0,1.242410e-02
2026-07-20T18:49:55.268,1784562595.268,192.403,6.014722e-02,3.444782e-03,4.882812e-02,7.470703e-02,2000,0,1.202944e-02
2026-07-20T18:49:55.368,1784562595.369,192.503,5.897437e-02,3.423775e-03,4.711914e-02,7.031250e-02,2000,0,1.179487e-02
2026-07-20T18:49:55.468,1784562595.469,192.603,5.735559e-02,3.599790e-03,4.663086e-02,6.811523e-02,2000,0,1.147112e-02
2026-07-20T18:49:55.568,1784562595.569,192.703,5.628601e-02,3.565454e-03,4.321289e-02,6.713867e-02,2000,0,1.125720e-02
2026-07-20T18:49:55.668,1784562595.669,192.803,5.492651e-02,3.632847e-03,4.394531e-02,6.689453e-02,2000,0,1.098530e-02
2026-07-20T18:49:55.768,1784562595.769,192.903,5.328674e-02,3.602482e-03,4.125977e-02,6.884766e-02,2000,0,1.065735e-02
2026-07-20T18:49:55.868,1784562595.869,193.003,5.141858e-02,3.394589e-03,3.906250e-02,6.420898e-02,2000,0,1.028372e-02
2026-07-20T18:49:55.968,1784562595.969,193.103,5.040210e-02,3.519626e-03,3.393555e-02,6.225586e-02,2000,0,1.008042e-02
2026-07-20T18:49:56.068,1784562596.069,193.203,4.906909e-02,3.433513e-03,3.710938e-02,5.957031e-02,2000,0,9.813818e-03
2026-07-20T18:49:56.168,1784562596.169,193.303,4.818677e-02,3.520673e-03,3.564453e-02,5.859375e-02,2000,0,9.637354e-03
2026-07-20T18:49:56.268,1784562596.269,193.403,4.659790e-02,3.544950e-03,3.344727e-02,5.737305e-02,2000,0,9.319580e-03
2026-07-20T18:49:56.368,1784562596.369,193.503,4.555688e-02,3.455248e-03,3.271484e-02,5.737305e-02,2000,0,9.111377e-03
2026-07-20T18:49:56.468,1784562596.469,193.603,4.367505e-02,3.343020e-03,3.295898e-02,5.346680e-02,2000,0,8.735010e-03
2026-07-20T18:49:56.568,1784562596.569,193.703,4.223462e-02,3.439056e-03,3.027344e-02,5.200195e-02,2000,0,8.446924e-03
2026-07-20T18:49:56.668,1784562596.669,193.803,4.121729e-02,3.455161e-03,3.051758e-02,5.322266e-02,2000,0,8.243457e-03
2026-07-20T18:49:56.768,1784562596.769,193.903,3.970117e-02,3.472771e-03,2.880859e-02,5.297852e-02,2000,0,7.940234e-03
2026-07-20T18:49:56.868,1784562596.869,194.003,3.843933e-02,3.418651e-03,2.539062e-02,4.956055e-02,2000,0,7.687866e-03
2026-07-20T18:49:56.968,1784562596.969,194.103,3.753748e-02,3.405300e-03,2.416992e-02,4.809570e-02,2000,0,7.507495e-03
2026-07-20T18:49:57.068,1784562597.069,194.203,3.673987e-02,3.336580e-03,2.490234e-02,4.760742e-02,2000,0,7.347974e-03
2026-07-20T18:49:57.168,1784562597.169,194.303,3.565332e-02,3.408895e-03,2.416992e-02,4.711914e-02,2000,0,7.130664e-03
2026-07-20T18:49:57.268,1784562597.269,194.403,3.440784e-02,3.287834e-03,2.319336e-02,5.102539e-02,2000,0,6.881567e-03
2026-07-20T18:49:57.369,1784562597.369,194.503,3.309717e-02,3.344019e-03,2.001953e-02,4.541016e-02,2000,0,6.619434e-03
2026-07-20T18:49:57.468,1784562597.469,194.603,3.281628e-02,3.304287e-03,2.172852e-02,4.394531e-02,2000,0,6.563257e-03
2026-07-20T18:49:57.568,1784562597.569,194.703,3.214258e-02,3.238032e-03,2.026367e-02,4.638672e-02,2000,0,6.428516e-03
2026-07-20T18:49:57.668,1784562597.669,194.803,3.128699e-02,3.302453e-03,2.026367e-02,4.248047e-02,2000,0,6.257397e-03
2026-07-20T18:49:57.768,1784562597.769,194.903,3.091113e-02,3.310095e-03,2.026367e-02,4.345703e-02,2000,0,6.182227e-03
2026-07-20T18:49:57.870,1784562597.871,195.003,2.952954e-02,3.473623e-03,1.806641e-02,4.321289e-02,2000,0,5.905908e-03
2026-07-20T18:49:57.968,1784562597.969,195.103,3.035876e-02,3.404868e-03,1.953125e-02,4.125977e-02,2000,0,6.071753e-03
2026-07-20T18:49:58.068,1784562598.069,195.203,2.997363e-02,3.338234e-03,1.562500e-02,4.101562e-02,2000,0,5.994727e-03
2026-07-20T18:49:58.168,1784562598.169,195.303,2.972900e-02,3.501347e-03,1.855469e-02,4.077148e-02,2000,0,5.945801e-03
2026-07-20T18:49:58.268,1784562598.269,195.403,2.974536e-02,3.420004e-03,1.782227e-02,4.101562e-02,2000,0,5.949072e-03
2026-07-20T18:49:58.368,1784562598.369,195.503,2.980115e-02,3.443986e-03,1.904297e-02,4.516602e-02,2000,0,5.960229e-03
2026-07-20T18:49:58.468,1784562598.469,195.603,2.999084e-02,3.405055e-03,2.026367e-02,4.248047e-02,2000,0,5.998169e-03
2026-07-20T18:49:58.568,1784562598.569,195.703,2.997424e-02,3.444059e-03,1.660156e-02,4.052734e-02,2000,0,5.994849e-03
2026-07-20T18:49:58.668,1784562598.669,195.803,3.060046e-02,3.459286e-03,1.904297e-02,4.370117e-02,2000,0,6.120093e-03
2026-07-20T18:49:58.768,1784562598.769,195.903,3.044910e-02,3.447373e-03,1.879883e-02,4.394531e-02,2000,0,6.089819e-03
2026-07-20T18:49:58.869,1784562598.869,196.003,3.051294e-02,3.524080e-03,1.855469e-02,4.321289e-02,2000,0,6.102588e-03
2026-07-20T18:49:58.970,1784562598.971,196.103,3.074536e-02,3.242492e-03,1.904297e-02,4.150391e-02,2000,0,6.149072e-03
2026-07-20T18:49:59.068,1784562599.069,196.203,3.192566e-02,3.480485e-03,1.977539e-02,4.418945e-02,2000,0,6.385132e-03
2026-07-20T18:49:59.168,1784562599.169,196.303,3.225781e-02,3.393209e-03,1.953125e-02,4.565430e-02,2000,0,6.451562e-03
2026-07-20T18:49:59.268,1784562599.269,196.403,3.297534e-02,3.466277e-03,2.124023e-02,5.664062e-02,2000,0,6.595068e-03
2026-07-20T18:49:59.368,1784562599.369,196.503,3.191663e-02,3.301878e-03,2.099609e-02,4.394531e-02,2000,0,6.383325e-03
2026-07-20T18:49:59.468,1784562599.469,196.603,3.297607e-02,3.335564e-03,2.050781e-02,4.638672e-02,2000,0,6.595215e-03
2026-07-20T18:49:59.569,1784562599.569,196.703,3.353821e-02,3.593205e-03,1.953125e-02,4.760742e-02,2000,0,6.707642e-03
2026-07-20T18:49:59.668,1784562599.669,196.803,3.332690e-02,3.428737e-03,2.294922e-02,4.638672e-02,2000,0,6.665381e-03
2026-07-20T18:49:59.768,1784562599.769,196.903,3.344360e-02,3.193242e-03,2.221680e-02,4.614258e-02,2000,0,6.688721e-03
2026-07-20T18:49:59.868,1784562599.869,197.003,3.326721e-02,3.223207e-03,2.294922e-02,4.565430e-02,2000,0,6.653442e-03
2026-07-20T18:49:59.968,1784562599.969,197.103,3.288049e-02,3.427513e-03,2.197266e-02,4.589844e-02,2000,0,6.576099e-03
2026-07-20T18:50:00.068,1784562600.069,197.203,3.304749e-02,3.274672e-03,1.953125e-02,4.394531e-02,2000,0,6.609497e-03
2026-07-20T18:50:00.170,1784562600.170,197.303,3.302185e-02,3.216030e-03,2.368164e-02,5.102539e-02,2000,0,6.604370e-03
2026-07-20T18:50:00.270,1784562600.271,197.403,3.263416e-02,3.402503e-03,2.148438e-02,4.931641e-02,2000,0,6.526831e-03
2026-07-20T18:50:00.370,1784562600.371,197.503,3.209558e-02,3.349122e-03,1.953125e-02,4.516602e-02,2000,0,6.419116e-03
2026-07-20T18:50:00.470,1784562600.471,197.603,3.199634e-02,3.263721e-03,2.099609e-02,4.223633e-02,2000,0,6.399268e-03
2026-07-20T18:50:00.570,1784562600.571,197.703,3.144873e-02,3.262749e-03,2.026367e-02,4.174805e-02,2000,0,6.289746e-03
2026-07-20T18:50:00.668,1784562600.669,197.803,3.108557e-02,3.305937e-03,1.831055e-02,4.370117e-02,2000,0,6.217114e-03
2026-07-20T18:50:00.770,1784562600.771,197.903,3.124890e-02,3.297638e-03,2.050781e-02,4.370117e-02,2000,0,6.249780e-03
2026-07-20T18:50:00.868,1784562600.868,198.003,2.975903e-02,3.245900e-03,1.953125e-02,4.296875e-02,2000,0,5.951807e-03
2026-07-20T18:50:00.970,1784562600.971,198.103,3.033276e-02,3.240694e-03,1.782227e-02,4.028320e-02,2000,0,6.066553e-03
2026-07-20T18:50:01.070,1784562601.071,198.203,3.041272e-02,3.196723e-03,1.855469e-02,4.003906e-02,2000,0,6.082544e-03
2026-07-20T18:50:01.170,1784562601.171,198.303,3.062744e-02,3.368517e-03,1.708984e-02,4.077148e-02,2000,0,6.125488e-03
2026-07-20T18:50:01.268,1784562601.269,198.403,3.018225e-02,3.272696e-03,1.928711e-02,4.589844e-02,2000,0,6.036450e-03
2026-07-20T18:50:01.370,1784562601.371,198.503,2.945996e-02,3.376534e-03,1.733398e-02,4.028320e-02,2000,0,5.891992e-03
2026-07-20T18:50:01.470,1784562601.470,198.603,2.917322e-02,3.241430e-03,1.782227e-02,4.077148e-02,2000,0,5.834644e-03
2026-07-20T18:50:01.570,1784562601.571,198.703,2.922070e-02,3.428535e-03,1.440430e-02,4.101562e-02,2000,0,5.844141e-03
2026-07-20T18:50:01.670,1784562601.671,198.803,2.879773e-02,3.284027e-03,1.855469e-02,3.857422e-02,2000,0,5.759546e-03
2026-07-20T18:50:01.770,1784562601.771,198.903,2.826843e-02,3.328026e-03,1.562500e-02,3.857422e-02,2000,0,5.653687e-03
2026-07-20T18:50:01.871,1784562601.871,199.003,2.788306e-02,3.308050e-03,1.416016e-02,3.881836e-02,2000,0,5.576611e-03
2026-07-20T18:50:01.970,1784562601.971,199.103,2.753833e-02,3.374248e-03,1.513672e-02,4.345703e-02,2000,0,5.507666e-03
2026-07-20T18:50:02.070,1784562602.071,199.203,2.721082e-02,3.429242e-03,1.586914e-02,3.759766e-02,2000,0,5.442163e-03
2026-07-20T18:50:02.168,1784562602.169,199.303,2.696387e-02,3.356386e-03,1.367188e-02,3.759766e-02,2000,0,5.392773e-03
2026-07-20T18:50:02.268,1784562602.269,199.403,2.652808e-02,3.490397e-03,1.635742e-02,3.784180e-02,2000,0,5.305615e-03
2026-07-20T18:50:02.368,1784562602.369,199.503,2.529700e-02,3.457625e-03,1.342773e-02,3.564453e-02,2000,0,5.059399e-03
2026-07-20T18:50:02.468,1784562602.469,199.603,2.488672e-02,3.621478e-03,1.074219e-02,3.515625e-02,2000,0,4.977344e-03
2026-07-20T18:50:02.568,1784562602.569,199.703,2.468823e-02,3.471864e-03,1.245117e-02,3.613281e-02,2000,0,4.937646e-03
2026-07-20T18:50:02.668,1784562602.669,199.803,2.401892e-02,3.290667e-03,1.269531e-02,3.393555e-02,2000,0,4.803784e-03
2026-07-20T18:50:02.768,1784562602.769,199.903,2.385718e-02,3.300489e-03,1.171875e-02,3.247070e-02,2000,0,4.771436e-03
2026-07-20T18:50:02.868,1784562602.869,200.003,2.404358e-02,3.390486e-03,7.812500e-03,3.442383e-02,2000,0,4.808716e-03
2026-07-20T18:50:02.968,1784562602.969,200.103,2.352075e-02,3.215460e-03,1.293945e-02,3.637695e-02,2000,0,4.704150e-03
2026-07-20T18:50:03.068,1784562603.069,200.203,2.360742e-02,3.306241e-03,1.269531e-02,3.393555e-02,2000,0,4.721484e-03
2026-07-20T18:50:03.168,1784562603.169,200.303,2.403418e-02,3.168677e-03,1.391602e-02,3.393555e-02,2000,0,4.806836e-03
2026-07-20T18:50:03.268,1784562603.269,200.403,2.380969e-02,3.164240e-03,1.245117e-02,3.466797e-02,2000,0,4.761938e-03
2026-07-20T18:50:03.368,1784562603.369,200.503,2.400818e-02,3.175195e-03,1.342773e-02,3.637695e-02,2000,0,4.801636e-03
2026-07-20T18:50:03.470,1784562603.471,200.603,2.423511e-02,3.378352e-03,1.342773e-02,3.466797e-02,2000,0,4.847021e-03
2026-07-20T18:50:03.570,1784562603.571,200.703,2.434851e-02,3.149938e-03,1.416016e-02,3.540039e-02,2000,0,4.869702e-03
2026-07-20T18:50:03.670,1784562603.671,200.803,2.510449e-02,3.120518e-03,1.538086e-02,3.466797e-02,2000,0,5.020898e-03
2026-07-20T18:50:03.771,1784562603.772,200.903,2.514929e-02,3.333243e-03,1.171875e-02,3.637695e-02,2000,0,5.029858e-03
2026-07-20T18:50:03.868,1784562603.869,201.003,2.552771e-02,3.113518e-03,1.538086e-02,3.491211e-02,2000,0,5.105542e-03
2026-07-20T18:50:03.968,1784562603.969,201.103,2.625232e-02,3.018778e-03,1.562500e-02,3.930664e-02,2000,0,5.250464e-03
2026-07-20T18:50:04.068,1784562604.069,201.203,2.694043e-02,3.139680e-03,1.635742e-02,3.784180e-02,2000,0,5.388086e-03
2026-07-20T18:50:04.168,1784562604.169,201.303,2.731201e-02,3.092820e-03,1.708984e-02,3.930664e-02,2000,0,5.462402e-03
2026-07-20T18:50:04.268,1784562604.269,201.403,2.845667e-02,2.911663e-03,1.806641e-02,3.759766e-02,2000,0,5.691333e-03
2026-07-20T18:50:04.370,1784562604.371,201.503,2.942798e-02,3.134899e-03,1.782227e-02,4.248047e-02,2000,0,5.885596e-03
2026-07-20T18:50:04.468,1784562604.469,201.603,3.045093e-02,3.111826e-03,2.001953e-02,4.101562e-02,2000,0,6.090186e-03
2026-07-20T18:50:04.570,1784562604.571,201.703,3.166833e-02,3.112524e-03,2.001953e-02,4.223633e-02,2000,0,6.333667e-03
2026-07-20T18:50:04.670,1784562604.671,201.803,3.316479e-02,3.132500e-03,2.172852e-02,4.443359e-02,2000,0,6.632959e-03
2026-07-20T18:50:04.770,1784562604.771,201.903,3.443799e-02,3.209828e-03,2.270508e-02,4.418945e-02,2000,0,6.887598e-03
2026-07-20T18:50:04.870,1784562604.871,202.003,3.585120e-02,3.176540e-03,2.661133e-02,4.711914e-02,2000,0,7.170239e-03
2026-07-20T18:50:04.970,1784562604.971,202.103,3.806116e-02,3.403431e-03,2.709961e-02,5.102539e-02,2000,0,7.612231e-03
2026-07-20T18:50:05.070,1784562605.071,202.203,3.952551e-02,3.291689e-03,2.758789e-02,5.004883e-02,2000,0,7.905103e-03
2026-07-20T18:50:05.168,1784562605.169,202.303,4.092957e-02,3.262465e-03,3.051758e-02,5.249023e-02,2000,0,8.185913e-03
2026-07-20T18:50:05.268,1784562605.269,202.403,4.330273e-02,3.364658e-03,3.271484e-02,5.590820e-02,2000,0,8.660547e-03
2026-07-20T18:50:05.368,1784562605.369,202.503,4.534717e-02,3.314873e-03,3.466797e-02,5.590820e-02,2000,0,9.069434e-03
2026-07-20T18:50:05.468,1784562605.469,202.603,4.724622e-02,3.391610e-03,3.710938e-02,6.445312e-02,2000,0,9.449243e-03
2026-07-20T18:50:05.568,1784562605.569,202.703,4.998560e-02,3.144053e-03,3.857422e-02,6.103516e-02,2000,0,9.997119e-03
2026-07-20T18:50:05.668,1784562605.669,202.803,5.198535e-02,3.256596e-03,4.028320e-02,6.542969e-02,2000,0,1.039707e-02
2026-07-20T18:50:05.768,1784562605.769,202.903,5.347632e-02,3.186793e-03,4.028320e-02,6.445312e-02,2000,0,1.069526e-02
2026-07-20T18:50:05.868,1784562605.869,203.003,5.649963e-02,3.166844e-03,4.467773e-02,6.591797e-02,2000,0,1.129993e-02
2026-07-20T18:50:05.968,1784562605.969,203.103,5.837976e-02,3.371133e-03,4.809570e-02,7.055664e-02,2000,0,1.167595e-02
2026-07-20T18:50:06.068,1784562606.069,203.203,5.987280e-02,3.104523e-03,4.956055e-02,7.006836e-02,2000,0,1.197456e-02
2026-07-20T18:50:06.170,1784562606.170,203.303,6.278870e-02,3.031546e-03,5.175781e-02,7.373047e-02,2000,0,1.255774e-02
2026-07-20T18:50:06.270,1784562606.271,203.403,6.483716e-02,3.001378e-03,5.541992e-02,7.568359e-02,2000,0,1.296743e-02
2026-07-20T18:50:06.370,1784562606.371,203.503,6.684424e-02,2.999390e-03,5.639648e-02,8.007812e-02,2000,0,1.336885e-02
2026-07-20T18:50:06.470,1784562606.471,203.603,6.930151e-02,2.998521e-03,5.859375e-02,8.129883e-02,2000,0,1.386030e-02
2026-07-20T18:50:06.570,1784562606.571,203.703,7.093359e-02,3.059756e-03,6.030273e-02,7.958984e-02,2000,0,1.418672e-02
2026-07-20T18:50:06.668,1784562606.669,203.803,7.327881e-02,2.712187e-03,6.225586e-02,8.154297e-02,2000,0,1.465576e-02
2026-07-20T18:50:06.771,1784562606.771,203.903,7.540698e-02,2.690539e-03,6.640625e-02,8.349609e-02,2000,0,1.508140e-02
2026-07-20T18:50:06.868,1784562606.868,204.003,7.656323e-02,2.642267e-03,6.713867e-02,8.886719e-02,2000,0,1.531265e-02
2026-07-20T18:50:06.968,1784562606.969,204.103,7.964771e-02,2.528168e-03,7.031250e-02,8.813477e-02,2000,0,1.592954e-02
2026-07-20T18:50:07.068,1784562607.069,204.203,8.121924e-02,2.525973e-03,7.080078e-02,8.959961e-02,2000,0,1.624385e-02
2026-07-20T18:50:07.168,1784562607.168,204.303,8.275037e-02,2.545668e-03,7.250977e-02,9.155273e-02,2000,0,1.655007e-02
2026-07-20T18:50:07.268,1784562607.269,204.403,8.479114e-02,2.611720e-03,7.250977e-02,9.375000e-02,2000,0,1.695823e-02
2026-07-20T18:50:07.368,1784562607.369,204.503,8.674890e-02,2.539882e-03,7.861328e-02,9.472656e-02,2000,0,1.734978e-02
2026-07-20T18:50:07.468,1784562607.469,204.603,8.839160e-02,2.457507e-03,7.861328e-02,1.020508e-01,2000,0,1.767832e-02
2026-07-20T18:50:07.568,1784562607.569,204.703,9.059216e-02,2.380280e-03,7.666016e-02,1.008301e-01,2000,0,1.811843e-02
2026-07-20T18:50:07.668,1784562607.669,204.803,9.225464e-02,2.380795e-03,8.349609e-02,1.018066e-01,2000,0,1.845093e-02
2026-07-20T18:50:07.768,1784562607.769,204.903,9.338147e-02,2.377344e-03,8.154297e-02,1.010742e-01,2000,0,1.867629e-02
2026-07-20T18:50:07.868,1784562607.869,205.003,9.548669e-02,2.413063e-03,8.691406e-02,1.049805e-01,2000,0,1.909734e-02
2026-07-20T18:50:07.968,1784562607.969,205.103,9.728052e-02,2.397449e-03,8.764648e-02,1.062012e-01,2000,0,1.945610e-02
2026-07-20T18:50:08.068,1784562608.069,205.203,9.916467e-02,2.328181e-03,9.106445e-02,1.074219e-01,2000,0,1.983293e-02
2026-07-20T18:50:08.168,1784562608.169,205.303,1.008960e-01,2.542067e-03,9.155273e-02,1.120605e-01,2000,0,2.017920e-02
2026-07-20T18:50:08.268,1784562608.269,205.403,1.024495e-01,2.721673e-03,9.277344e-02,1.132812e-01,2000,0,2.048989e-02
2026-07-20T18:50:08.368,1784562608.369,205.503,1.037092e-01,2.667656e-03,9.326172e-02,1.120605e-01,2000,0,2.074185e-02
2026-07-20T18:50:08.468,1784562608.469,205.603,1.060447e-01,2.588974e-03,9.716797e-02,1.147461e-01,2000,0,2.120894e-02
2026-07-20T18:50:08.568,1784562608.569,205.703,1.075713e-01,2.627315e-03,9.765625e-02,1.171875e-01,2000,0,2.151426e-02
2026-07-20T18:50:08.668,1784562608.669,205.803,1.095671e-01,2.710419e-03,1.015625e-01,1.186523e-01,2000,0,2.191343e-02
2026-07-20T18:50:08.768,1784562608.768,205.903,1.107589e-01,2.944123e-03,9.692383e-02,1.203613e-01,2000,0,2.215178e-02
2026-07-20T18:50:08.868,1784562608.869,206.003,1.126010e-01,2.729083e-03,1.020508e-01,1.218262e-01,2000,0,2.252019e-02
2026-07-20T18:50:08.968,1784562608.969,206.103,1.145732e-01,3.027381e-03,1.040039e-01,1.267090e-01,2000,0,2.291465e-02
2026-07-20T18:50:09.068,1784562609.069,206.203,1.154783e-01,3.027984e-03,1.042480e-01,1.328125e-01,2000,0,2.309565e-02
2026-07-20T18:50:09.168,1784562609.169,206.303,1.176095e-01,2.949314e-03,1.083984e-01,1.267090e-01,2000,0,2.352190e-02
2026-07-20T18:50:09.268,1784562609.269,206.403,1.189244e-01,3.145952e-03,1.064453e-01,1.293945e-01,2000,0,2.378489e-02
2026-07-20T18:50:09.371,1784562609.371,206.503,1.202968e-01,3.124919e-03,1.110840e-01,1.296387e-01,2000,0,2.405935e-02
2026-07-20T18:50:09.470,1784562609.470,206.603,1.201967e-01,3.350456e-03,1.088867e-01,1.315918e-01,2000,0,2.403933e-02
2026-07-20T18:50:09.568,1784562609.568,206.703,1.232858e-01,3.356086e-03,1.079102e-01,1.333008e-01,2000,0,2.465715e-02
2026-07-20T18:50:09.668,1784562609.668,206.803,1.249719e-01,3.392051e-03,1.137695e-01,1.362305e-01,2000,0,2.499438e-02
2026-07-20T18:50:09.768,1784562609.769,206.903,1.266426e-01,3.148742e-03,1.159668e-01,1.403809e-01,2000,0,2.532852e-02
2026-07-20T18:50:09.868,1784562609.869,207.003,1.278073e-01,3.250098e-03,1.179199e-01,1.376953e-01,2000,0,2.556145e-02
2026-07-20T18:50:09.968,1784562609.969,207.103,1.297407e-01,3.249990e-03,1.181641e-01,1.455078e-01,2000,0,2.594814e-02
2026-07-20T18:50:10.069,1784562610.069,207.203,1.307930e-01,3.121355e-03,1.208496e-01,1.418457e-01,2000,0,2.615859e-02
2026-07-20T18:50:10.168,1784562610.169,207.303,1.318716e-01,3.262715e-03,1.206055e-01,1.423340e-01,2000,0,2.637432e-02
2026-07-20T18:50:10.268,1784562610.269,207.403,1.331824e-01,3.269286e-03,1.223145e-01,1.457520e-01,2000,0,2.663647e-02
2026-07-20T18:50:10.368,1784562610.369,207.503,1.339639e-01,3.204092e-03,1.235352e-01,1.499023e-01,2000,0,2.679277e-02
2026-07-20T18:50:10.468,1784562610.469,207.603,1.350214e-01,3.278184e-03,1.257324e-01,1.459961e-01,2000,0,2.700427e-02
2026-07-20T18:50:10.568,1784562610.569,207.703,1.361536e-01,3.344101e-03,1.242676e-01,1.491699e-01,2000,0,2.723071e-02
2026-07-20T18:50:10.668,1784562610.669,207.803,1.371322e-01,3.036442e-03,1.269531e-01,1.462402e-01,2000,0,2.742644e-02
2026-07-20T18:50:10.768,1784562610.769,207.903,1.381625e-01,3.128069e-03,1.286621e-01,1.491699e-01,2000,0,2.763250e-02
2026-07-20T18:50:10.868,1784562610.869,208.003,1.388096e-01,3.158211e-03,1.281738e-01,1.484375e-01,2000,0,2.776191e-02
2026-07-20T18:50:10.968,1784562610.969,208.103,1.396102e-01,3.159693e-03,1.298828e-01,1.496582e-01,2000,0,2.792205e-02
2026-07-20T18:50:11.068,1784562611.069,208.203,1.400468e-01,3.108033e-03,1.271973e-01,1.523438e-01,2000,0,2.800935e-02
2026-07-20T18:50:11.168,1784562611.169,208.303,1.411493e-01,3.152646e-03,1.315918e-01,1.528320e-01,2000,0,2.822986e-02
2026-07-20T18:50:11.268,1784562611.269,208.403,1.409109e-01,3.094262e-03,1.303711e-01,1.501465e-01,2000,0,2.818218e-02
2026-07-20T18:50:11.368,1784562611.369,208.503,1.415200e-01,3.074645e-03,1.306152e-01,1.513672e-01,2000,0,2.830400e-02
2026-07-20T18:50:11.468,1784562611.469,208.603,1.417081e-01,3.033510e-03,1.308594e-01,1.560059e-01,2000,0,2.834163e-02
2026-07-20T18:50:11.568,1784562611.569,208.703,1.424023e-01,3.228150e-03,1.291504e-01,1.538086e-01,2000,0,2.848047e-02
2026-07-20T18:50:11.668,1784562611.669,208.803,1.423146e-01,3.104142e-03,1.291504e-01,1.520996e-01,2000,0,2.846292e-02
2026-07-20T18:50:11.768,1784562611.769,208.903,1.427493e-01,3.148653e-03,1.303711e-01,1.560059e-01,2000,0,2.854985e-02
2026-07-20T18:50:11.868,1784562611.869,209.003,1.424788e-01,3.175756e-03,1.306152e-01,1.533203e-01,2000,0,2.849575e-02
2026-07-20T18:50:11.968,1784562611.969,209.103,1.428259e-01,3.061788e-03,1.313477e-01,1.523438e-01,2000,0,2.856519e-02
2026-07-20T18:50:12.068,1784562612.069,209.203,1.426923e-01,3.334222e-03,1.313477e-01,1.542969e-01,2000,0,2.853845e-02
2026-07-20T18:50:12.168,1784562612.169,209.303,1.429714e-01,3.150102e-03,1.286621e-01,1.533203e-01,2000,0,2.859429e-02
2026-07-20T18:50:12.268,1784562612.269,209.403,1.426675e-01,3.358527e-03,1.303711e-01,1.542969e-01,2000,0,2.853350e-02
2026-07-20T18:50:12.368,1784562612.369,209.503,1.424391e-01,3.265596e-03,1.293945e-01,1.540527e-01,2000,0,2.848782e-02
2026-07-20T18:50:12.468,1784562612.469,209.603,1.427805e-01,3.357025e-03,1.308594e-01,1.547852e-01,2000,0,2.855610e-02
2026-07-20T18:50:12.568,1784562612.569,209.703,1.420010e-01,3.559747e-03,1.257324e-01,1.584473e-01,2000,0,2.840020e-02
2026-07-20T18:50:12.668,1784562612.669,209.803,1.423092e-01,3.317010e-03,1.281738e-01,1.528320e-01,2000,0,2.846184e-02
2026-07-20T18:50:12.768,1784562612.769,209.903,1.419578e-01,3.407309e-03,1.284180e-01,1.516113e-01,2000,0,2.839155e-02
2026-07-20T18:50:12.868,1784562612.869,210.003,1.415715e-01,3.379649e-03,1.303711e-01,1.564941e-01,2000,0,2.831431e-02
2026-07-20T18:50:12.968,1784562612.969,210.103,1.416940e-01,3.490129e-03,1.276855e-01,1.545410e-01,2000,0,2.833879e-02
2026-07-20T18:50:13.068,1784562613.069,210.203,1.407400e-01,3.601071e-03,1.274414e-01,1.518555e-01,2000,0,2.814800e-02
2026-07-20T18:50:13.170,1784562613.171,210.303,1.408428e-01,3.473739e-03,1.269531e-01,1.538086e-01,2000,0,2.816855e-02
2026-07-20T18:50:13.268,1784562613.269,210.403,1.401825e-01,3.604167e-03,1.259766e-01,1.523438e-01,2000,0,2.803650e-02
2026-07-20T18:50:13.368,1784562613.369,210.503,1.395308e-01,3.553154e-03,1.267090e-01,1.506348e-01,2000,0,2.790615e-02
2026-07-20T18:50:13.468,1784562613.469,210.603,1.394950e-01,3.513348e-03,1.262207e-01,1.516113e-01,2000,0,2.789900e-02
2026-07-20T18:50:13.568,1784562613.569,210.703,1.386735e-01,3.627263e-03,1.257324e-01,1.494141e-01,2000,0,2.773469e-02
2026-07-20T18:50:13.668,1784562613.669,210.803,1.387124e-01,3.439251e-03,1.276855e-01,1.518555e-01,2000,0,2.774248e-02
2026-07-20T18:50:13.768,1784562613.769,210.903,1.380677e-01,3.499203e-03,1.232910e-01,1.506348e-01,2000,0,2.761355e-02
2026-07-20T18:50:13.868,1784562613.868,211.003,1.374008e-01,3.909414e-03,1.257324e-01,1.506348e-01,2000,0,2.748015e-02
2026-07-20T18:50:13.968,1784562613.969,211.103,1.373280e-01,3.732039e-03,1.242676e-01,1.484375e-01,2000,0,2.746560e-02
2026-07-20T18:50:14.068,1784562614.068,211.203,1.369370e-01,3.819227e-03,1.242676e-01,1.491699e-01,2000,0,2.738740e-02
2026-07-20T18:50:14.168,1784562614.168,211.303,1.359962e-01,3.933058e-03,1.206055e-01,1.540527e-01,2000,0,2.719924e-02
2026-07-20T18:50:14.268,1784562614.269,211.403,1.349495e-01,3.731568e-03,1.198730e-01,1.462402e-01,2000,0,2.698989e-02
2026-07-20T18:50:14.368,1784562614.369,211.503,1.350508e-01,3.893946e-03,1.179199e-01,1.459961e-01,2000,0,2.701016e-02
2026-07-20T18:50:14.471,1784562614.471,211.603,1.337006e-01,3.539543e-03,1.232910e-01,1.450195e-01,2000,0,2.674011e-02
2026-07-20T18:50:14.568,1784562614.569,211.703,1.340062e-01,3.702876e-03,1.215820e-01,1.542969e-01,2000,0,2.680125e-02
2026-07-20T18:50:14.668,1784562614.668,211.803,1.324778e-01,4.070325e-03,1.191406e-01,1.430664e-01,2000,0,2.649556e-02
2026-07-20T18:50:14.768,1784562614.769,211.903,1.311290e-01,3.612527e-03,1.186523e-01,1.430664e-01,2000,0,2.622581e-02
2026-07-20T18:50:14.868,1784562614.869,212.003,1.302719e-01,3.869126e-03,1.164551e-01,1.411133e-01,2000,0,2.605437e-02
2026-07-20T18:50:14.968,1784562614.968,212.103,1.291769e-01,3.896860e-03,1.176758e-01,1.416016e-01,2000,0,2.583538e-02
2026-07-20T18:50:15.068,1784562615.069,212.203,1.273678e-01,3.686084e-03,1.164551e-01,1.411133e-01,2000,0,2.547356e-02
2026-07-20T18:50:15.168,1784562615.168,212.303,1.272196e-01,4.075928e-03,1.120605e-01,1.396484e-01,2000,0,2.544392e-02
2026-07-20T18:50:15.268,1784562615.268,212.403,1.256245e-01,3.964889e-03,1.140137e-01,1.381836e-01,2000,0,2.512490e-02
2026-07-20T18:50:15.368,1784562615.368,212.503,1.239799e-01,3.917370e-03,1.120605e-01,1.347656e-01,2000,0,2.479597e-02
2026-07-20T18:50:15.468,1784562615.469,212.603,1.222671e-01,3.898624e-03,1.110840e-01,1.345215e-01,2000,0,2.445342e-02
2026-07-20T18:50:15.568,1784562615.568,212.703,1.208235e-01,4.015075e-03,1.093750e-01,1.333008e-01,2000,0,2.416470e-02
2026-07-20T18:50:15.668,1784562615.668,212.803,1.193513e-01,3.970880e-03,1.079102e-01,1.303711e-01,2000,0,2.387026e-02
2026-07-20T18:50:15.768,1784562615.769,212.903,1.174475e-01,3.825535e-03,1.032715e-01,1.311035e-01,2000,0,2.348950e-02
2026-07-20T18:50:15.868,1784562615.868,213.003,1.163899e-01,3.921028e-03,1.044922e-01,1.301270e-01,2000,0,2.327798e-02
2026-07-20T18:50:15.968,1784562615.968,213.103,1.135599e-01,3.848352e-03,1.025391e-01,1.315918e-01,2000,0,2.271199e-02
2026-07-20T18:50:16.068,1784562616.069,213.203,1.125099e-01,3.752165e-03,9.887695e-02,1.264648e-01,2000,0,2.250198e-02
2026-07-20T18:50:16.168,1784562616.168,213.303,1.108551e-01,3.706764e-03,9.692383e-02,1.235352e-01,2000,0,2.217102e-02
2026-07-20T18:50:16.268,1784562616.269,213.403,1.089277e-01,3.742715e-03,9.570312e-02,1.232910e-01,2000,0,2.178555e-02
2026-07-20T18:50:16.368,1784562616.369,213.503,1.070353e-01,3.868801e-03,9.423828e-02,1.184082e-01,2000,0,2.140706e-02
2026-07-20T18:50:16.468,1784562616.469,213.603,1.059025e-01,3.673603e-03,9.326172e-02,1.174316e-01,2000,0,2.118049e-02
2026-07-20T18:50:16.568,1784562616.569,213.703,1.040629e-01,3.760029e-03,9.301758e-02,1.154785e-01,2000,0,2.081257e-02
2026-07-20T18:50:16.668,1784562616.668,213.803,1.018168e-01,3.847797e-03,9.082031e-02,1.142578e-01,2000,0,2.036335e-02
2026-07-20T18:50:16.768,1784562616.769,213.903,9.995496e-02,3.772671e-03,8.837891e-02,1.137695e-01,2000,0,1.999099e-02
2026-07-20T18:50:16.868,1784562616.868,214.003,9.849341e-02,3.651180e-03,8.666992e-02,1.101074e-01,2000,0,1.969868e-02
2026-07-20T18:50:16.968,1784562616.969,214.103,9.651636e-02,3.691600e-03,8.203125e-02,1.096191e-01,2000,0,1.930327e-02
2026-07-20T18:50:17.068,1784562617.069,214.203,9.529102e-02,3.789411e-03,8.276367e-02,1.081543e-01,2000,0,1.905820e-02
2026-07-20T18:50:17.168,1784562617.168,214.303,9.307275e-02,3.779995e-03,7.885742e-02,1.047363e-01,2000,0,1.861455e-02
2026-07-20T18:50:17.268,1784562617.268,214.403,9.164978e-02,3.720150e-03,7.885742e-02,1.059570e-01,2000,0,1.832996e-02
2026-07-20T18:50:17.368,1784562617.369,214.503,8.951514e-02,3.674704e-03,7.543945e-02,9.863281e-02,2000,0,1.790303e-02
2026-07-20T18:50:17.468,1784562617.469,214.603,8.711426e-02,3.857372e-03,7.373047e-02,9.814453e-02,2000,0,1.742285e-02
2026-07-20T18:50:17.568,1784562617.569,214.703,8.618835e-02,3.999309e-03,7.202148e-02,9.936523e-02,2000,0,1.723767e-02
2026-07-20T18:50:17.668,1784562617.669,214.803,8.428357e-02,3.928955e-03,6.933594e-02,9.619141e-02,2000,0,1.685671e-02
2026-07-20T18:50:17.768,1784562617.768,214.903,8.237012e-02,4.001661e-03,6.860352e-02,9.448242e-02,2000,0,1.647402e-02
2026-07-20T18:50:17.871,1784562617.871,215.003,8.118518e-02,4.007067e-03,6.713867e-02,9.619141e-02,2000,0,1.623704e-02
2026-07-20T18:50:17.968,1784562617.969,215.103,7.871289e-02,4.005406e-03,6.323242e-02,9.399414e-02,2000,0,1.574258e-02
2026-07-20T18:50:18.068,1784562618.069,215.203,7.786694e-02,4.010494e-03,6.298828e-02,8.984375e-02,2000,0,1.557339e-02
2026-07-20T18:50:18.170,1784562618.171,215.303,7.616138e-02,4.101970e-03,6.030273e-02,8.740234e-02,2000,0,1.523228e-02
2026-07-20T18:50:18.270,1784562618.271,215.403,7.401831e-02,4.113106e-03,5.761719e-02,8.520508e-02,2000,0,1.480366e-02
2026-07-20T18:50:18.371,1784562618.371,215.503,7.277271e-02,4.236322e-03,5.664062e-02,8.398438e-02,2000,0,1.455454e-02
2026-07-20T18:50:18.470,1784562618.471,215.603,7.054578e-02,4.161918e-03,5.419922e-02,8.251953e-02,2000,0,1.410916e-02
2026-07-20T18:50:18.570,1784562618.571,215.703,6.907593e-02,4.205543e-03,5.493164e-02,8.203125e-02,2000,0,1.381519e-02
2026-07-20T18:50:18.670,1784562618.670,215.803,6.788501e-02,4.085726e-03,5.004883e-02,8.178711e-02,2000,0,1.357700e-02
2026-07-20T18:50:18.768,1784562618.769,215.903,6.604907e-02,3.959150e-03,5.004883e-02,7.641602e-02,2000,0,1.320981e-02
2026-07-20T18:50:18.868,1784562618.869,216.003,6.455554e-02,4.112502e-03,5.102539e-02,8.105469e-02,2000,0,1.291111e-02
2026-07-20T18:50:18.968,1784562618.969,216.103,6.320312e-02,4.164281e-03,4.638672e-02,7.446289e-02,2000,0,1.264063e-02
2026-07-20T18:50:19.068,1784562619.068,216.203,6.194873e-02,3.947833e-03,4.931641e-02,7.202148e-02,2000,0,1.238975e-02
2026-07-20T18:50:19.168,1784562619.169,216.303,5.988696e-02,3.917371e-03,4.736328e-02,7.031250e-02,2000,0,1.197739e-02
2026-07-20T18:50:19.268,1784562619.269,216.403,5.905188e-02,4.121028e-03,4.467773e-02,7.446289e-02,2000,0,1.181038e-02
2026-07-20T18:50:19.368,1784562619.369,216.503,5.739526e-02,4.102745e-03,4.467773e-02,6.811523e-02,2000,0,1.147905e-02
2026-07-20T18:50:19.468,1784562619.468,216.603,5.558228e-02,3.905035e-03,3.833008e-02,6.591797e-02,2000,0,1.111646e-02
2026-07-20T18:50:19.568,1784562619.569,216.703,5.471375e-02,3.901509e-03,4.101562e-02,7.226562e-02,2000,0,1.094275e-02
2026-07-20T18:50:19.670,1784562619.671,216.803,5.246521e-02,3.813497e-03,3.662109e-02,6.396484e-02,2000,0,1.049304e-02
2026-07-20T18:50:19.768,1784562619.769,216.903,5.162769e-02,3.889444e-03,3.857422e-02,6.176758e-02,2000,0,1.032554e-02
2026-07-20T18:50:19.868,1784562619.869,217.003,5.053772e-02,3.859974e-03,3.710938e-02,6.225586e-02,2000,0,1.010754e-02
2026-07-20T18:50:19.968,1784562619.969,217.103,4.843250e-02,3.880120e-03,3.564453e-02,5.908203e-02,2000,0,9.686499e-03
2026-07-20T18:50:20.068,1784562620.069,217.203,4.806152e-02,3.756311e-03,3.759766e-02,6.152344e-02,2000,0,9.612305e-03
2026-07-20T18:50:20.170,1784562620.171,217.303,4.677136e-02,3.692398e-03,3.271484e-02,5.957031e-02,2000,0,9.354272e-03
2026-07-20T18:50:20.268,1784562620.269,217.403,4.617554e-02,3.807262e-03,3.491211e-02,5.737305e-02,2000,0,9.235107e-03
2026-07-20T18:50:20.368,1784562620.369,217.503,4.487109e-02,3.763226e-03,3.369141e-02,5.712891e-02,2000,0,8.974219e-03
2026-07-20T18:50:20.468,1784562620.469,217.603,4.416980e-02,3.885642e-03,3.295898e-02,5.883789e-02,2000,0,8.833960e-03
2026-07-20T18:50:20.568,1784562620.569,217.703,4.279517e-02,3.927247e-03,3.198242e-02,5.859375e-02,2000,0,8.559033e-03
2026-07-20T18:50:20.668,1784562620.669,217.803,4.160315e-02,3.931614e-03,2.734375e-02,5.493164e-02,2000,0,8.320630e-03
2026-07-20T18:50:20.768,1784562620.769,217.903,4.069299e-02,3.862241e-03,2.856445e-02,5.200195e-02,2000,0,8.138599e-03
2026-07-20T18:50:20.868,1784562620.869,218.003,4.022681e-02,3.896882e-03,2.758789e-02,5.346680e-02,2000,0,8.045361e-03
2026-07-20T18:50:20.968,1784562620.969,218.103,3.901404e-02,3.819276e-03,2.905273e-02,5.322266e-02,2000,0,7.802808e-03
2026-07-20T18:50:21.068,1784562621.069,218.203,3.868201e-02,3.821792e-03,2.734375e-02,5.322266e-02,2000,0,7.736401e-03
2026-07-20T18:50:21.170,1784562621.170,218.303,3.755408e-02,3.763653e-03,2.416992e-02,5.102539e-02,2000,0,7.510815e-03
2026-07-20T18:50:21.268,1784562621.268,218.403,3.647375e-02,3.648602e-03,2.709961e-02,4.956055e-02,2000,0,7.294751e-03
2026-07-20T18:50:21.368,1784562621.368,218.503,3.663599e-02,3.798684e-03,2.539062e-02,5.102539e-02,2000,0,7.327197e-03
2026-07-20T18:50:21.468,1784562621.469,218.603,3.662476e-02,3.951382e-03,2.319336e-02,5.078125e-02,2000,0,7.324951e-03
2026-07-20T18:50:21.568,1784562621.568,218.703,3.591223e-02,3.574949e-03,2.587891e-02,4.882812e-02,2000,0,7.182446e-03
2026-07-20T18:50:21.668,1784562621.669,218.803,3.628491e-02,3.720809e-03,2.416992e-02,5.200195e-02,2000,0,7.256982e-03
2026-07-20T18:50:21.768,1784562621.769,218.903,3.620459e-02,3.750238e-03,2.392578e-02,4.907227e-02,2000,0,7.240918e-03
2026-07-20T18:50:21.868,1784562621.869,219.003,3.619641e-02,3.758661e-03,2.368164e-02,4.956055e-02,2000,0,7.239282e-03
2026-07-20T18:50:21.968,1784562621.969,219.103,3.576868e-02,3.816020e-03,2.294922e-02,5.004883e-02,2000,0,7.153735e-03
2026-07-20T18:50:22.068,1784562622.069,219.203,3.695911e-02,3.708091e-03,2.465820e-02,4.931641e-02,2000,0,7.391821e-03
2026-07-20T18:50:22.171,1784562622.171,219.303,3.668091e-02,3.890310e-03,2.490234e-02,5.346680e-02,2000,0,7.336182e-03
2026-07-20T18:50:22.268,1784562622.268,219.403,3.654285e-02,3.626543e-03,2.514648e-02,4.833984e-02,2000,0,7.308569e-03
2026-07-20T18:50:22.368,1784562622.368,219.503,3.754956e-02,3.582827e-03,2.514648e-02,5.102539e-02,2000,0,7.509912e-03
2026-07-20T18:50:22.468,1784562622.469,219.603,3.725244e-02,3.548176e-03,2.612305e-02,4.980469e-02,2000,0,7.450488e-03
2026-07-20T18:50:22.568,1784562622.569,219.703,3.812292e-02,3.634438e-03,2.514648e-02,5.102539e-02,2000,0,7.624585e-03
2026-07-20T18:50:22.668,1784562622.669,219.803,3.878857e-02,3.563877e-03,2.734375e-02,5.200195e-02,2000,0,7.757715e-03
2026-07-20T18:50:22.768,1784562622.769,219.903,3.906580e-02,3.462223e-03,2.807617e-02,5.224609e-02,2000,0,7.813159e-03
2026-07-20T18:50:22.868,1784562622.869,220.003,3.962756e-02,3.799252e-03,2.587891e-02,5.322266e-02,2000,0,7.925513e-03
2026-07-20T18:50:22.968,1784562622.969,220.103,4.090527e-02,3.753353e-03,2.880859e-02,5.688477e-02,2000,0,8.181055e-03
2026-07-20T18:50:23.068,1784562623.069,220.203,4.176331e-02,3.449212e-03,2.954102e-02,5.322266e-02,2000,0,8.352661e-03
2026-07-20T18:50:23.168,1784562623.169,220.303,4.262402e-02,3.463841e-03,2.807617e-02,5.395508e-02,2000,0,8.524805e-03
2026-07-20T18:50:23.268,1784562623.269,220.403,4.427551e-02,3.549189e-03,3.247070e-02,5.566406e-02,2000,0,8.855103e-03
2026-07-20T18:50:23.368,1784562623.369,220.503,4.526917e-02,3.472938e-03,3.222656e-02,5.688477e-02,2000,0,9.053833e-03
2026-07-20T18:50:23.468,1784562623.469,220.603,4.738049e-02,3.264148e-03,3.686523e-02,5.810547e-02,2000,0,9.476099e-03
2026-07-20T18:50:23.568,1784562623.569,220.703,4.867834e-02,3.329778e-03,3.759766e-02,5.859375e-02,2000,0,9.735669e-03
2026-07-20T18:50:23.668,1784562623.669,220.803,4.969592e-02,3.287986e-03,3.881836e-02,5.981445e-02,2000,0,9.939185e-03
2026-07-20T18:50:23.768,1784562623.769,220.903,5.208228e-02,3.314318e-03,4.028320e-02,6.469727e-02,2000,0,1.041646e-02
2026-07-20T18:50:23.868,1784562623.869,221.003,5.405676e-02,3.388414e-03,4.248047e-02,6.640625e-02,2000,0,1.081135e-02
2026-07-20T18:50:23.968,1784562623.969,221.103,5.634583e-02,3.511820e-03,4.541016e-02,6.787109e-02,2000,0,1.126917e-02
2026-07-20T18:50:24.068,1784562624.069,221.203,5.871082e-02,3.327249e-03,4.760742e-02,7.055664e-02,2000,0,1.174216e-02
2026-07-20T18:50:24.168,1784562624.169,221.303,5.978772e-02,3.237396e-03,4.980469e-02,7.080078e-02,2000,0,1.195754e-02
2026-07-20T18:50:24.271,1784562624.271,221.403,6.278613e-02,3.247037e-03,5.175781e-02,7.373047e-02,2000,0,1.255723e-02
2026-07-20T18:50:24.368,1784562624.369,221.503,6.484570e-02,3.269528e-03,5.078125e-02,7.568359e-02,2000,0,1.296914e-02
2026-07-20T18:50:24.468,1784562624.469,221.603,6.748743e-02,3.342943e-03,5.688477e-02,7.812500e-02,2000,0,1.349749e-02
2026-07-20T18:50:24.568,1784562624.569,221.703,6.969031e-02,3.402673e-03,5.883789e-02,8.007812e-02,2000,0,1.393806e-02
2026-07-20T18:50:24.668,1784562624.669,221.803,7.248853e-02,3.256249e-03,6.127930e-02,8.447266e-02,2000,0,1.449771e-02
2026-07-20T18:50:24.768,1784562624.769,221.903,7.432568e-02,3.316416e-03,6.396484e-02,8.447266e-02,2000,0,1.486514e-02
2026-07-20T18:50:24.868,1784562624.869,222.003,7.713342e-02,3.129829e-03,6.567383e-02,8.862305e-02,2000,0,1.542668e-02
2026-07-20T18:50:24.968,1784562624.969,222.103,7.963586e-02,3.181593e-03,6.738281e-02,9.155273e-02,2000,0,1.592717e-02
2026-07-20T18:50:25.068,1784562625.069,222.203,8.135266e-02,3.122633e-03,6.884766e-02,9.155273e-02,2000,0,1.627053e-02
2026-07-20T18:50:25.168,1784562625.169,222.303,8.478870e-02,3.242494e-03,7.543945e-02,9.667969e-02,2000,0,1.695774e-02
2026-07-20T18:50:25.268,1784562625.269,222.403,8.675708e-02,3.094193e-03,7.739258e-02,9.667969e-02,2000,0,1.735142e-02
2026-07-20T18:50:25.368,1784562625.369,222.503,8.917871e-02,3.041632e-03,7.812500e-02,1.022949e-01,2000,0,1.783574e-02
2026-07-20T18:50:25.468,1784562625.469,222.603,9.195703e-02,2.945946e-03,8.203125e-02,1.042480e-01,2000,0,1.839141e-02
2026-07-20T18:50:25.568,1784562625.569,222.703,9.490259e-02,2.944048e-03,8.520508e-02,1.042480e-01,2000,0,1.898052e-02
2026-07-20T18:50:25.668,1784562625.669,222.803,9.624170e-02,2.972893e-03,8.398438e-02,1.064453e-01,2000,0,1.924834e-02
2026-07-20T18:50:25.768,1784562625.769,222.903,9.846118e-02,2.906728e-03,8.886719e-02,1.093750e-01,2000,0,1.969224e-02
2026-07-20T18:50:25.868,1784562625.869,223.003,1.005096e-01,2.971993e-03,8.837891e-02,1.113281e-01,2000,0,2.010193e-02
2026-07-20T18:50:25.968,1784562625.969,223.103,1.026384e-01,2.753094e-03,8.813477e-02,1.166992e-01,2000,0,2.052769e-02
2026-07-20T18:50:26.068,1784562626.069,223.203,1.054042e-01,2.878184e-03,9.619141e-02,1.169434e-01,2000,0,2.108083e-02
2026-07-20T18:50:26.168,1784562626.169,223.303,1.075272e-01,2.716423e-03,9.667969e-02,1.157227e-01,2000,0,2.150544e-02
2026-07-20T18:50:26.268,1784562626.269,223.403,1.093102e-01,2.745372e-03,9.863281e-02,1.210938e-01,2000,0,2.186204e-02
2026-07-20T18:50:26.368,1784562626.369,223.503,1.108611e-01,2.646696e-03,1.008301e-01,1.196289e-01,2000,0,2.217222e-02
2026-07-20T18:50:26.468,1784562626.469,223.603,1.129500e-01,2.423378e-03,1.037598e-01,1.237793e-01,2000,0,2.258999e-02
2026-07-20T18:50:26.568,1784562626.569,223.703,1.141901e-01,2.531816e-03,1.052246e-01,1.220703e-01,2000,0,2.283801e-02
2026-07-20T18:50:26.668,1784562626.669,223.803,1.159307e-01,2.509833e-03,1.057129e-01,1.250000e-01,2000,0,2.318613e-02
2026-07-20T18:50:26.768,1784562626.768,223.903,1.169841e-01,2.632535e-03,1.040039e-01,1.267090e-01,2000,0,2.339683e-02
2026-07-20T18:50:26.868,1784562626.869,224.003,1.188610e-01,2.527761e-03,1.103516e-01,1.281738e-01,2000,0,2.377219e-02
2026-07-20T18:50:26.968,1784562626.969,224.103,1.204004e-01,2.608405e-03,1.105957e-01,1.289062e-01,2000,0,2.408008e-02
2026-07-20T18:50:27.068,1784562627.069,224.203,1.221570e-01,2.476132e-03,1.103516e-01,1.311035e-01,2000,0,2.443140e-02
2026-07-20T18:50:27.168,1784562627.169,224.303,1.230394e-01,2.483218e-03,1.130371e-01,1.308594e-01,2000,0,2.460789e-02
2026-07-20T18:50:27.268,1784562627.269,224.403,1.244128e-01,2.408692e-03,1.162109e-01,1.320801e-01,2000,0,2.488257e-02
2026-07-20T18:50:27.368,1784562627.369,224.503,1.259623e-01,2.463391e-03,1.157227e-01,1.364746e-01,2000,0,2.519246e-02
2026-07-20T18:50:27.468,1784562627.469,224.603,1.269867e-01,2.483303e-03,1.193848e-01,1.350098e-01,2000,0,2.539734e-02
2026-07-20T18:50:27.568,1784562627.569,224.703,1.285791e-01,2.549375e-03,1.174316e-01,1.374512e-01,2000,0,2.571582e-02
2026-07-20T18:50:27.668,1784562627.669,224.803,1.305298e-01,2.522996e-03,1.215820e-01,1.386719e-01,2000,0,2.610596e-02
2026-07-20T18:50:27.768,1784562627.769,224.903,1.310602e-01,2.684870e-03,1.201172e-01,1.408691e-01,2000,0,2.621204e-02
2026-07-20T18:50:27.868,1784562627.868,225.003,1.328990e-01,2.808581e-03,1.232910e-01,1.447754e-01,2000,0,2.657981e-02
2026-07-20T18:50:27.968,1784562627.968,225.103,1.345034e-01,2.819571e-03,1.245117e-01,1.455078e-01,2000,0,2.690068e-02
2026-07-20T18:50:28.068,1784562628.068,225.203,1.348878e-01,2.956834e-03,1.237793e-01,1.452637e-01,2000,0,2.697756e-02
2026-07-20T18:50:28.168,1784562628.168,225.303,1.370797e-01,2.922645e-03,1.264648e-01,1.462402e-01,2000,0,2.741594e-02
2026-07-20T18:50:28.268,1784562628.268,225.403,1.389204e-01,3.008945e-03,1.289062e-01,1.530762e-01,2000,0,2.778408e-02
2026-07-20T18:50:28.368,1784562628.369,225.503,1.401942e-01,2.938606e-03,1.308594e-01,1.511230e-01,2000,0,2.803884e-02
2026-07-20T18:50:28.468,1784562628.468,225.603,1.410455e-01,3.064004e-03,1.311035e-01,1.538086e-01,2000,0,2.820911e-02
2026-07-20T18:50:28.568,1784562628.569,225.703,1.438898e-01,3.098468e-03,1.323242e-01,1.535645e-01,2000,0,2.877795e-02
2026-07-20T18:50:28.668,1784562628.669,225.803,1.447687e-01,3.019436e-03,1.350098e-01,1.545410e-01,2000,0,2.895374e-02
2026-07-20T18:50:28.768,1784562628.769,225.903,1.456775e-01,2.981915e-03,1.369629e-01,1.550293e-01,2000,0,2.913550e-02
2026-07-20T18:50:28.868,1784562628.868,226.003,1.471616e-01,3.106692e-03,1.357422e-01,1.572266e-01,2000,0,2.943232e-02
2026-07-20T18:50:28.968,1784562628.969,226.103,1.492069e-01,3.117424e-03,1.384277e-01,1.601562e-01,2000,0,2.984138e-02
2026-07-20T18:50:29.068,1784562629.069,226.203,1.504186e-01,3.086872e-03,1.408691e-01,1.611328e-01,2000,0,3.008372e-02
2026-07-20T18:50:29.168,1784562629.168,226.303,1.520745e-01,3.210133e-03,1.413574e-01,1.623535e-01,2000,0,3.041489e-02
2026-07-20T18:50:29.268,1784562629.269,226.403,1.535210e-01,3.042558e-03,1.403809e-01,1.633301e-01,2000,0,3.070420e-02
2026-07-20T18:50:29.368,1784562629.369,226.503,1.551051e-01,2.929485e-03,1.462402e-01,1.647949e-01,2000,0,3.102102e-02
2026-07-20T18:50:29.468,1784562629.468,226.603,1.565043e-01,2.958253e-03,1.467285e-01,1.660156e-01,2000,0,3.130085e-02
2026-07-20T18:50:29.568,1784562629.569,226.703,1.573204e-01,3.054429e-03,1.474609e-01,1.684570e-01,2000,0,3.146409e-02
2026-07-20T18:50:29.668,1784562629.668,226.803,1.589327e-01,3.006355e-03,1.477051e-01,1.699219e-01,2000,0,3.178655e-02
2026-07-20T18:50:29.768,1784562629.768,226.903,1.601140e-01,2.957107e-03,1.501465e-01,1.706543e-01,2000,0,3.202280e-02
2026-07-20T18:50:29.868,1784562629.869,227.003,1.610541e-01,2.928278e-03,1.508789e-01,1.704102e-01,2000,0,3.221082e-02
2026-07-20T18:50:29.968,1784562629.969,227.103,1.614336e-01,2.987758e-03,1.513672e-01,1.721191e-01,2000,0,3.228672e-02
2026-07-20T18:50:30.068,1784562630.069,227.203,1.620697e-01,2.913837e-03,1.525879e-01,1.755371e-01,2000,0,3.241394e-02
2026-07-20T18:50:30.168,1784562630.169,227.303,1.619274e-01,2.982163e-03,1.430664e-01,1.699219e-01,2000,0,3.238547e-02
2026-07-20T18:50:30.268,1784562630.269,227.403,1.621642e-01,2.942387e-03,1.528320e-01,1.711426e-01,2000,0,3.243284e-02
2026-07-20T18:50:30.368,1784562630.369,227.503,1.623788e-01,3.085466e-03,1.523438e-01,1.713867e-01,2000,0,3.247576e-02
2026-07-20T18:50:30.468,1784562630.469,227.603,1.622805e-01,2.893418e-03,1.516113e-01,1.708984e-01,2000,0,3.245610e-02
2026-07-20T18:50:30.568,1784562630.569,227.703,1.616082e-01,2.957723e-03,1.520996e-01,1.738281e-01,2000,0,3.232163e-02
2026-07-20T18:50:30.668,1784562630.669,227.803,1.610186e-01,2.968744e-03,1.513672e-01,1.704102e-01,2000,0,3.220371e-02
2026-07-20T18:50:30.768,1784562630.769,227.903,1.602732e-01,2.930456e-03,1.513672e-01,1.684570e-01,2000,0,3.205464e-02
2026-07-20T18:50:30.868,1784562630.869,228.003,1.594816e-01,2.925183e-03,1.503906e-01,1.694336e-01,2000,0,3.189631e-02
2026-07-20T18:50:30.968,1784562630.969,228.103,1.585529e-01,2.969842e-03,1.491699e-01,1.679688e-01,2000,0,3.171057e-02
2026-07-20T18:50:31.068,1784562631.069,228.203,1.575245e-01,3.065320e-03,1.447754e-01,1.760254e-01,2000,0,3.150491e-02
2026-07-20T18:50:31.168,1784562631.169,228.303,1.558096e-01,3.100217e-03,1.450195e-01,1.650391e-01,2000,0,3.116191e-02
2026-07-20T18:50:31.268,1784562631.269,228.403,1.547224e-01,2.960963e-03,1.437988e-01,1.643066e-01,2000,0,3.094448e-02
2026-07-20T18:50:31.368,1784562631.369,228.503,1.529252e-01,3.153716e-03,1.416016e-01,1.640625e-01,2000,0,3.058503e-02
2026-07-20T18:50:31.468,1784562631.469,228.603,1.519548e-01,3.096088e-03,1.416016e-01,1.633301e-01,2000,0,3.039097e-02
2026-07-20T18:50:31.568,1784562631.569,228.703,1.502760e-01,3.220964e-03,1.408691e-01,1.618652e-01,2000,0,3.005520e-02
2026-07-20T18:50:31.668,1784562631.669,228.803,1.487300e-01,3.165289e-03,1.362305e-01,1.577148e-01,2000,0,2.974600e-02
2026-07-20T18:50:31.768,1784562631.769,228.903,1.466637e-01,3.233910e-03,1.357422e-01,1.572266e-01,2000,0,2.933274e-02
2026-07-20T18:50:31.868,1784562631.869,229.003,1.451714e-01,3.195857e-03,1.313477e-01,1.562500e-01,2000,0,2.903428e-02
2026-07-20T18:50:31.968,1784562631.969,229.103,1.432198e-01,3.136475e-03,1.262207e-01,1.601562e-01,2000,0,2.864397e-02
2026-07-20T18:50:32.068,1784562632.069,229.203,1.417225e-01,3.085806e-03,1.323242e-01,1.567383e-01,2000,0,2.834451e-02
2026-07-20T18:50:32.168,1784562632.169,229.303,1.398453e-01,3.095796e-03,1.245117e-01,1.511230e-01,2000,0,2.796907e-02
2026-07-20T18:50:32.268,1784562632.269,229.403,1.374377e-01,3.155625e-03,1.228027e-01,1.486816e-01,2000,0,2.748755e-02
2026-07-20T18:50:32.368,1784562632.369,229.503,1.359667e-01,3.086830e-03,1.257324e-01,1.496582e-01,2000,0,2.719333e-02
2026-07-20T18:50:32.468,1784562632.469,229.603,1.336030e-01,3.096300e-03,1.245117e-01,1.445312e-01,2000,0,2.672061e-02
2026-07-20T18:50:32.568,1784562632.569,229.703,1.316244e-01,3.061816e-03,1.220703e-01,1.433105e-01,2000,0,2.632488e-02
2026-07-20T18:50:32.668,1784562632.669,229.803,1.298890e-01,2.959321e-03,1.210938e-01,1.411133e-01,2000,0,2.597781e-02
2026-07-20T18:50:32.768,1784562632.769,229.903,1.269904e-01,3.050315e-03,1.176758e-01,1.398926e-01,2000,0,2.539807e-02
2026-07-20T18:50:32.868,1784562632.869,230.003,1.248824e-01,2.997304e-03,1.149902e-01,1.367188e-01,2000,0,2.497649e-02
2026-07-20T18:50:32.968,1784562632.969,230.103,1.231263e-01,2.930934e-03,1.152344e-01,1.354980e-01,2000,0,2.462527e-02
2026-07-20T18:50:33.069,1784562633.069,230.203,1.208270e-01,3.097787e-03,1.118164e-01,1.359863e-01,2000,0,2.416541e-02
2026-07-20T18:50:33.168,1784562633.169,230.303,1.183376e-01,3.067425e-03,1.086426e-01,1.301270e-01,2000,0,2.366753e-02
2026-07-20T18:50:33.268,1784562633.269,230.403,1.169031e-01,3.002838e-03,1.069336e-01,1.298828e-01,2000,0,2.338062e-02
2026-07-20T18:50:33.369,1784562633.369,230.503,1.137793e-01,3.117097e-03,1.044922e-01,1.264648e-01,2000,0,2.275586e-02
2026-07-20T18:50:33.468,1784562633.469,230.603,1.120072e-01,2.976541e-03,1.005859e-01,1.220703e-01,2000,0,2.240144e-02
2026-07-20T18:50:33.568,1784562633.569,230.703,1.095070e-01,3.113395e-03,1.000977e-01,1.203613e-01,2000,0,2.190139e-02
2026-07-20T18:50:33.668,1784562633.669,230.803,1.079508e-01,3.031119e-03,9.643555e-02,1.184082e-01,2000,0,2.159016e-02
2026-07-20T18:50:33.768,1784562633.769,230.903,1.060856e-01,3.127662e-03,9.643555e-02,1.181641e-01,2000,0,2.121711e-02
2026-07-20T18:50:33.868,1784562633.869,231.003,1.033103e-01,3.050173e-03,9.008789e-02,1.152344e-01,2000,0,2.066206e-02
2026-07-20T18:50:33.968,1784562633.969,231.103,1.018741e-01,3.231762e-03,8.984375e-02,1.149902e-01,2000,0,2.037483e-02
2026-07-20T18:50:34.068,1784562634.069,231.203,9.904749e-02,3.130761e-03,8.886719e-02,1.113281e-01,2000,0,1.980950e-02
2026-07-20T18:50:34.168,1784562634.169,231.303,9.769263e-02,3.161435e-03,7.836914e-02,1.071777e-01,2000,0,1.953853e-02
2026-07-20T18:50:34.268,1784562634.269,231.403,9.562036e-02,3.153056e-03,8.618164e-02,1.054688e-01,2000,0,1.912407e-02
2026-07-20T18:50:34.368,1784562634.369,231.503,9.344043e-02,3.169357e-03,8.203125e-02,1.042480e-01,2000,0,1.868809e-02
2026-07-20T18:50:34.468,1784562634.469,231.603,9.172974e-02,3.192099e-03,8.129883e-02,1.027832e-01,2000,0,1.834595e-02
2026-07-20T18:50:34.568,1784562634.569,231.703,9.048352e-02,3.137824e-03,7.934570e-02,9.985352e-02,2000,0,1.809670e-02
2026-07-20T18:50:34.668,1784562634.669,231.803,8.865186e-02,3.330601e-03,7.861328e-02,9.863281e-02,2000,0,1.773037e-02
2026-07-20T18:50:34.768,1784562634.769,231.903,8.645740e-02,3.243394e-03,7.714844e-02,9.643555e-02,2000,0,1.729148e-02
2026-07-20T18:50:34.868,1784562634.868,232.003,8.456763e-02,3.074580e-03,7.397461e-02,9.545898e-02,2000,0,1.691353e-02
2026-07-20T18:50:34.968,1784562634.969,232.103,8.295508e-02,3.206519e-03,7.153320e-02,1.005859e-01,2000,0,1.659102e-02
2026-07-20T18:50:35.068,1784562635.069,232.203,8.153516e-02,3.233614e-03,7.128906e-02,9.277344e-02,2000,0,1.630703e-02
2026-07-20T18:50:35.168,1784562635.169,232.303,8.022888e-02,3.209342e-03,6.909180e-02,9.179688e-02,2000,0,1.604578e-02
2026-07-20T18:50:35.268,1784562635.269,232.403,7.796069e-02,3.199603e-03,6.542969e-02,8.837891e-02,2000,0,1.559214e-02
2026-07-20T18:50:35.368,1784562635.369,232.503,7.621191e-02,3.133411e-03,6.323242e-02,8.642578e-02,2000,0,1.524238e-02
2026-07-20T18:50:35.468,1784562635.469,232.603,7.553101e-02,3.157319e-03,6.420898e-02,8.569336e-02,2000,0,1.510620e-02
2026-07-20T18:50:35.568,1784562635.569,232.703,7.356201e-02,3.198912e-03,6.152344e-02,8.374023e-02,2000,0,1.471240e-02
2026-07-20T18:50:35.668,1784562635.669,232.803,7.186633e-02,3.247535e-03,6.030273e-02,8.178711e-02,2000,0,1.437327e-02
2026-07-20T18:50:35.768,1784562635.769,232.903,7.041919e-02,3.165159e-03,6.127930e-02,7.934570e-02,2000,0,1.408384e-02
2026-07-20T18:50:35.868,1784562635.868,233.003,6.801135e-02,3.037373e-03,5.615234e-02,7.836914e-02,2000,0,1.360227e-02
2026-07-20T18:50:35.968,1784562635.969,233.103,6.642200e-02,3.201077e-03,5.590820e-02,8.764648e-02,2000,0,1.328440e-02
2026-07-20T18:50:36.068,1784562636.069,233.203,6.564990e-02,3.217746e-03,5.566406e-02,7.641602e-02,2000,0,1.312998e-02
2026-07-20T18:50:36.168,1784562636.169,233.303,6.310229e-02,3.121640e-03,4.858398e-02,7.348633e-02,2000,0,1.262046e-02
2026-07-20T18:50:36.268,1784562636.269,233.403,6.201489e-02,3.211297e-03,5.151367e-02,7.690430e-02,2000,0,1.240298e-02
2026-07-20T18:50:36.368,1784562636.369,233.503,6.081274e-02,3.079765e-03,5.078125e-02,6.958008e-02,2000,0,1.216255e-02
2026-07-20T18:50:36.468,1784562636.468,233.603,5.918481e-02,3.147111e-03,4.956055e-02,6.884766e-02,2000,0,1.183696e-02
2026-07-20T18:50:36.568,1784562636.568,233.703,5.755981e-02,3.329749e-03,4.638672e-02,6.738281e-02,2000,0,1.151196e-02
2026-07-20T18:50:36.668,1784562636.669,233.803,5.694849e-02,3.392333e-03,4.467773e-02,6.689453e-02,2000,0,1.138970e-02
2026-07-20T18:50:36.768,1784562636.769,233.903,5.523474e-02,3.288495e-03,4.394531e-02,6.494141e-02,2000,0,1.104695e-02
2026-07-20T18:50:36.868,1784562636.869,234.003,5.325293e-02,3.311600e-03,4.272461e-02,6.372070e-02,2000,0,1.065059e-02
2026-07-20T18:50:36.970,1784562636.970,234.103,5.205627e-02,3.258541e-03,3.906250e-02,6.127930e-02,2000,0,1.041125e-02
2026-07-20T18:50:37.068,1784562637.069,234.203,5.056689e-02,3.279092e-03,3.906250e-02,6.005859e-02,2000,0,1.011338e-02
2026-07-20T18:50:37.168,1784562637.168,234.303,4.886157e-02,3.164257e-03,3.784180e-02,5.957031e-02,2000,0,9.772314e-03
2026-07-20T18:50:37.268,1784562637.269,234.403,4.903198e-02,3.259326e-03,3.417969e-02,6.127930e-02,2000,0,9.806396e-03
2026-07-20T18:50:37.368,1784562637.368,234.503,4.605530e-02,3.162905e-03,3.466797e-02,5.737305e-02,2000,0,9.211060e-03
2026-07-20T18:50:37.468,1784562637.468,234.603,4.530054e-02,3.373617e-03,3.320312e-02,5.517578e-02,2000,0,9.060107e-03
2026-07-20T18:50:37.568,1784562637.568,234.703,4.437122e-02,3.460535e-03,3.417969e-02,5.615234e-02,2000,0,8.874243e-03
2026-07-20T18:50:37.668,1784562637.668,234.803,4.365332e-02,3.355149e-03,3.320312e-02,5.297852e-02,2000,0,8.730664e-03
2026-07-20T18:50:37.768,1784562637.768,234.903,4.190698e-02,3.297645e-03,3.002930e-02,5.322266e-02,2000,0,8.381396e-03
2026-07-20T18:50:37.868,1784562637.868,235.003,4.118726e-02,3.338446e-03,2.856445e-02,5.395508e-02,2000,0,8.237451e-03
2026-07-20T18:50:37.970,1784562637.971,235.103,3.970532e-02,3.188221e-03,3.002930e-02,5.004883e-02,2000,0,7.941064e-03
2026-07-20T18:50:38.069,1784562638.069,235.203,3.881799e-02,3.373636e-03,2.636719e-02,5.200195e-02,2000,0,7.763599e-03
2026-07-20T18:50:38.168,1784562638.169,235.303,3.905273e-02,3.309564e-03,2.563477e-02,5.224609e-02,2000,0,7.810547e-03
2026-07-20T18:50:38.268,1784562638.269,235.403,3.804822e-02,3.236476e-03,2.734375e-02,4.687500e-02,2000,0,7.609644e-03
2026-07-20T18:50:38.368,1784562638.369,235.503,3.820911e-02,3.238293e-03,2.807617e-02,4.736328e-02,2000,0,7.641821e-03
2026-07-20T18:50:38.469,1784562638.469,235.603,3.817249e-02,3.115600e-03,2.514648e-02,4.956055e-02,2000,0,7.634497e-03
2026-07-20T18:50:38.568,1784562638.568,235.703,3.826831e-02,3.008284e-03,2.734375e-02,4.785156e-02,2000,0,7.653662e-03
2026-07-20T18:50:38.668,1784562638.668,235.803,3.852979e-02,3.034118e-03,2.807617e-02,4.687500e-02,2000,0,7.705957e-03
2026-07-20T18:50:38.768,1784562638.769,235.903,3.939819e-02,3.100080e-03,2.709961e-02,4.980469e-02,2000,0,7.879639e-03
2026-07-20T18:50:38.868,1784562638.869,236.003,3.891772e-02,3.044683e-03,2.685547e-02,5.004883e-02,2000,0,7.783545e-03
2026-07-20T18:50:38.970,1784562638.970,236.103,3.980542e-02,3.152111e-03,2.563477e-02,4.956055e-02,2000,0,7.961084e-03
2026-07-20T18:50:39.068,1784562639.068,236.203,4.118665e-02,3.175704e-03,2.880859e-02,5.078125e-02,2000,0,8.237329e-03
2026-07-20T18:50:39.168,1784562639.168,236.303,4.166455e-02,3.169177e-03,2.783203e-02,5.175781e-02,2000,0,8.332910e-03
2026-07-20T18:50:39.268,1784562639.269,236.403,4.283435e-02,3.125290e-03,3.173828e-02,5.297852e-02,2000,0,8.566870e-03
2026-07-20T18:50:39.368,1784562639.368,236.503,4.420850e-02,3.131458e-03,3.344727e-02,5.493164e-02,2000,0,8.841699e-03
2026-07-20T18:50:39.468,1784562639.468,236.603,4.558032e-02,3.373633e-03,3.222656e-02,5.908203e-02,2000,0,9.116064e-03
2026-07-20T18:50:39.568,1784562639.568,236.703,4.677283e-02,3.269811e-03,3.540039e-02,5.639648e-02,2000,0,9.354565e-03
2026-07-20T18:50:39.668,1784562639.668,236.803,4.828333e-02,3.176943e-03,3.613281e-02,5.908203e-02,2000,0,9.656665e-03
2026-07-20T18:50:39.768,1784562639.769,236.903,5.055811e-02,3.040885e-03,4.003906e-02,6.176758e-02,2000,0,1.011162e-02
2026-07-20T18:50:39.868,1784562639.868,237.003,5.148486e-02,3.258560e-03,3.637695e-02,6.298828e-02,2000,0,1.029697e-02
2026-07-20T18:50:39.968,1784562639.968,237.103,5.302832e-02,3.261479e-03,4.296875e-02,6.445312e-02,2000,0,1.060566e-02
2026-07-20T18:50:40.068,1784562640.068,237.203,5.473425e-02,3.285273e-03,4.321289e-02,6.518555e-02,2000,0,1.094685e-02
2026-07-20T18:50:40.168,1784562640.168,237.303,5.557593e-02,3.450033e-03,4.443359e-02,7.104492e-02,2000,0,1.111519e-02
2026-07-20T18:50:40.268,1784562640.268,237.403,5.759021e-02,3.288741e-03,4.565430e-02,6.713867e-02,2000,0,1.151804e-02
2026-07-20T18:50:40.368,1784562640.368,237.503,5.747119e-02,3.395885e-03,4.638672e-02,6.982422e-02,2000,0,1.149424e-02
2026-07-20T18:50:40.468,1784562640.468,237.603,5.953406e-02,3.362211e-03,4.882812e-02,7.128906e-02,2000,0,1.190681e-02
2026-07-20T18:50:40.568,1784562640.568,237.703,6.013660e-02,3.444161e-03,4.736328e-02,7.373047e-02,2000,0,1.202732e-02
2026-07-20T18:50:40.668,1784562640.668,237.803,6.081287e-02,3.485500e-03,4.882812e-02,7.861328e-02,2000,0,1.216257e-02
2026-07-20T18:50:40.770,1784562640.771,237.903,6.175195e-02,3.334231e-03,5.053711e-02,7.763672e-02,2000,0,1.235039e-02
2026-07-20T18:50:40.868,1784562640.868,238.003,6.240015e-02,3.321943e-03,5.175781e-02,7.397461e-02,2000,0,1.248003e-02
2026-07-20T18:50:40.968,1784562640.968,238.103,6.324512e-02,3.504845e-03,4.956055e-02,7.666016e-02,2000,0,1.264902e-02
2026-07-20T18:50:41.068,1784562641.068,238.203,6.379858e-02,3.384297e-03,5.346680e-02,7.495117e-02,2000,0,1.275972e-02
2026-07-20T18:50:41.168,1784562641.168,238.303,6.520923e-02,3.553346e-03,5.371094e-02,7.714844e-02,2000,0,1.304185e-02
2026-07-20T18:50:41.268,1784562641.269,238.403,6.615247e-02,3.394274e-03,5.468750e-02,7.690430e-02,2000,0,1.323049e-02
2026-07-20T18:50:41.368,1784562641.368,238.503,6.705176e-02,3.548416e-03,5.566406e-02,7.910156e-02,2000,0,1.341035e-02
2026-07-20T18:50:41.468,1784562641.469,238.603,6.840356e-02,3.596451e-03,5.371094e-02,8.251953e-02,2000,0,1.368071e-02
2026-07-20T18:50:41.568,1784562641.568,238.703,6.961145e-02,3.505778e-03,5.712891e-02,8.374023e-02,2000,0,1.392229e-02
2026-07-20T18:50:41.668,1784562641.668,238.803,7.057068e-02,3.583675e-03,5.957031e-02,8.300781e-02,2000,0,1.411414e-02
2026-07-20T18:50:41.768,1784562641.768,238.903,7.265649e-02,3.560118e-03,6.225586e-02,8.642578e-02,2000,0,1.453130e-02
2026-07-20T18:50:41.868,1784562641.869,239.003,7.432690e-02,3.354982e-03,6.250000e-02,8.398438e-02,2000,0,1.486538e-02
2026-07-20T18:50:41.968,1784562641.968,239.103,7.564551e-02,3.398668e-03,6.298828e-02,8.789062e-02,2000,0,1.512910e-02
2026-07-20T18:50:42.068,1784562642.068,239.203,7.734387e-02,3.232192e-03,6.420898e-02,8.837891e-02,2000,0,1.546877e-02
2026-07-20T18:50:42.168,1784562642.168,239.303,7.884814e-02,3.227300e-03,6.372070e-02,9.057617e-02,2000,0,1.576963e-02
2026-07-20T18:50:42.268,1784562642.268,239.403,8.041577e-02,3.371999e-03,6.933594e-02,9.375000e-02,2000,0,1.608315e-02
2026-07-20T18:50:42.368,1784562642.369,239.503,8.205640e-02,3.281911e-03,6.958008e-02,9.301758e-02,2000,0,1.641128e-02
2026-07-20T18:50:42.468,1784562642.468,239.603,8.421448e-02,3.364911e-03,6.982422e-02,9.643555e-02,2000,0,1.684290e-02
2026-07-20T18:50:42.568,1784562642.568,239.703,8.621997e-02,3.407825e-03,7.617188e-02,9.960938e-02,2000,0,1.724399e-02
2026-07-20T18:50:42.668,1784562642.668,239.803,8.792041e-02,3.362519e-03,7.788086e-02,1.027832e-01,2000,0,1.758408e-02
2026-07-20T18:50:42.768,1784562642.768,239.903,8.927344e-02,3.264838e-03,7.739258e-02,9.985352e-02,2000,0,1.785469e-02
2026-07-20T18:50:42.869,1784562642.869,240.003,9.160486e-02,3.129383e-03,7.958984e-02,1.032715e-01,2000,0,1.832097e-02
2026-07-20T18:50:42.968,1784562642.969,240.103,9.371594e-02,3.134304e-03,8.154297e-02,1.049805e-01,2000,0,1.874319e-02
2026-07-20T18:50:43.069,1784562643.069,240.203,9.479980e-02,3.175218e-03,8.471680e-02,1.069336e-01,2000,0,1.895996e-02
2026-07-20T18:50:43.169,1784562643.169,240.303,9.593640e-02,3.133881e-03,8.496094e-02,1.071777e-01,2000,0,1.918728e-02
2026-07-20T18:50:43.268,1784562643.269,240.403,9.851477e-02,3.211352e-03,8.447266e-02,1.108398e-01,2000,0,1.970295e-02
2026-07-20T18:50:43.368,1784562643.368,240.503,9.900769e-02,3.190888e-03,8.813477e-02,1.101074e-01,2000,0,1.980154e-02
2026-07-20T18:50:43.468,1784562643.468,240.603,1.010415e-01,3.270647e-03,8.715820e-02,1.118164e-01,2000,0,2.020830e-02
2026-07-20T18:50:43.568,1784562643.568,240.703,1.028778e-01,3.358539e-03,9.204102e-02,1.135254e-01,2000,0,2.057556e-02
2026-07-20T18:50:43.668,1784562643.668,240.803,1.038948e-01,3.367488e-03,9.155273e-02,1.142578e-01,2000,0,2.077896e-02
2026-07-20T18:50:43.768,1784562643.768,240.903,1.049642e-01,3.473677e-03,9.399414e-02,1.154785e-01,2000,0,2.099285e-02
2026-07-20T18:50:43.869,1784562643.869,241.003,1.063851e-01,3.423925e-03,9.448242e-02,1.184082e-01,2000,0,2.127703e-02
2026-07-20T18:50:43.969,1784562643.969,241.103,1.072196e-01,3.452835e-03,9.594727e-02,1.171875e-01,2000,0,2.144392e-02
2026-07-20T18:50:44.069,1784562644.069,241.203,1.087084e-01,3.465652e-03,9.667969e-02,1.215820e-01,2000,0,2.174167e-02
2026-07-20T18:50:44.169,1784562644.169,241.303,1.099033e-01,3.302530e-03,9.692383e-02,1.208496e-01,2000,0,2.198066e-02
2026-07-20T18:50:44.269,1784562644.269,241.403,1.111674e-01,3.237040e-03,9.863281e-02,1.228027e-01,2000,0,2.223347e-02
2026-07-20T18:50:44.368,1784562644.368,241.503,1.124066e-01,3.445932e-03,1.013184e-01,1.250000e-01,2000,0,2.248132e-02
2026-07-20T18:50:44.468,1784562644.468,241.603,1.139940e-01,3.255687e-03,1.044922e-01,1.254883e-01,2000,0,2.279880e-02
2026-07-20T18:50:44.568,1784562644.568,241.703,1.144944e-01,3.356521e-03,1.008301e-01,1.293945e-01,2000,0,2.289888e-02
2026-07-20T18:50:44.668,1784562644.668,241.803,1.154783e-01,3.348209e-03,1.040039e-01,1.262207e-01,2000,0,2.309565e-02
2026-07-20T18:50:44.768,1784562644.768,241.903,1.172994e-01,3.362883e-03,1.069336e-01,1.281738e-01,2000,0,2.345989e-02
2026-07-20T18:50:44.868,1784562644.868,242.003,1.182670e-01,3.515691e-03,1.062012e-01,1.289062e-01,2000,0,2.365339e-02
2026-07-20T18:50:44.968,1784562644.968,242.103,1.198783e-01,3.465843e-03,1.081543e-01,1.367188e-01,2000,0,2.397566e-02
2026-07-20T18:50:45.068,1784562645.069,242.203,1.212256e-01,3.173024e-03,1.110840e-01,1.330566e-01,2000,0,2.424512e-02
2026-07-20T18:50:45.168,1784562645.169,242.303,1.231466e-01,3.144467e-03,1.135254e-01,1.359863e-01,2000,0,2.462932e-02
2026-07-20T18:50:45.268,1784562645.268,242.403,1.240763e-01,2.977671e-03,1.120605e-01,1.379395e-01,2000,0,2.481526e-02
2026-07-20T18:50:45.368,1784562645.369,242.503,1.260117e-01,3.032176e-03,1.149902e-01,1.376953e-01,2000,0,2.520234e-02
2026-07-20T18:50:45.468,1784562645.469,242.603,1.275322e-01,2.892233e-03,1.152344e-01,1.391602e-01,2000,0,2.550645e-02
2026-07-20T18:50:45.568,1784562645.568,242.703,1.285038e-01,2.831768e-03,1.181641e-01,1.398926e-01,2000,0,2.570076e-02
2026-07-20T18:50:45.668,1784562645.669,242.803,1.302666e-01,2.927925e-03,1.206055e-01,1.420898e-01,2000,0,2.605332e-02
2026-07-20T18:50:45.768,1784562645.769,242.903,1.319209e-01,2.747020e-03,1.235352e-01,1.481934e-01,2000,0,2.638418e-02
2026-07-20T18:50:45.868,1784562645.868,243.003,1.331742e-01,2.820027e-03,1.228027e-01,1.469727e-01,2000,0,2.663484e-02
2026-07-20T18:50:45.968,1784562645.969,243.103,1.351573e-01,2.691567e-03,1.254883e-01,1.445312e-01,2000,0,2.703147e-02
2026-07-20T18:50:46.068,1784562646.069,243.203,1.369453e-01,2.520979e-03,1.284180e-01,1.447754e-01,2000,0,2.738906e-02
2026-07-20T18:50:46.168,1784562646.168,243.303,1.375629e-01,2.576305e-03,1.274414e-01,1.474609e-01,2000,0,2.751257e-02
2026-07-20T18:50:46.268,1784562646.268,243.403,1.388829e-01,2.514733e-03,1.279297e-01,1.474609e-01,2000,0,2.777659e-02
2026-07-20T18:50:46.368,1784562646.368,243.503,1.405531e-01,2.600651e-03,1.308594e-01,1.503906e-01,2000,0,2.811062e-02
2026-07-20T18:50:46.468,1784562646.469,243.603,1.420347e-01,2.446417e-03,1.325684e-01,1.533203e-01,2000,0,2.840693e-02
2026-07-20T18:50:46.568,1784562646.569,243.703,1.436256e-01,2.533576e-03,1.340332e-01,1.550293e-01,2000,0,2.872512e-02
2026-07-20T18:50:46.668,1784562646.669,243.803,1.448710e-01,2.561828e-03,1.364746e-01,1.540527e-01,2000,0,2.897419e-02
2026-07-20T18:50:46.768,1784562646.769,243.903,1.458544e-01,2.594234e-03,1.376953e-01,1.550293e-01,2000,0,2.917087e-02
2026-07-20T18:50:46.868,1784562646.869,244.003,1.474996e-01,2.717268e-03,1.396484e-01,1.582031e-01,2000,0,2.949993e-02
2026-07-20T18:50:46.968,1784562646.968,244.103,1.492219e-01,2.594431e-03,1.408691e-01,1.577148e-01,2000,0,2.984438e-02
2026-07-20T18:50:47.068,1784562647.069,244.203,1.502528e-01,2.868843e-03,1.418457e-01,1.616211e-01,2000,0,3.005056e-02
2026-07-20T18:50:47.168,1784562647.169,244.303,1.519769e-01,2.847144e-03,1.425781e-01,1.613770e-01,2000,0,3.039539e-02
2026-07-20T18:50:47.268,1784562647.268,244.403,1.531587e-01,2.932044e-03,1.379395e-01,1.633301e-01,2000,0,3.063174e-02
2026-07-20T18:50:47.368,1784562647.369,244.503,1.544785e-01,2.910147e-03,1.394043e-01,1.633301e-01,2000,0,3.089570e-02
2026-07-20T18:50:47.470,1784562647.471,244.603,1.553586e-01,2.852772e-03,1.447754e-01,1.643066e-01,2000,0,3.107173e-02
2026-07-20T18:50:47.568,1784562647.568,244.703,1.573523e-01,2.894357e-03,1.479492e-01,1.694336e-01,2000,0,3.147046e-02
2026-07-20T18:50:47.668,1784562647.669,244.803,1.585922e-01,2.875167e-03,1.474609e-01,1.687012e-01,2000,0,3.171843e-02
2026-07-20T18:50:47.768,1784562647.768,244.903,1.605020e-01,2.986140e-03,1.516113e-01,1.699219e-01,2000,0,3.210039e-02
2026-07-20T18:50:47.868,1784562647.868,245.003,1.615095e-01,3.092850e-03,1.506348e-01,1.723633e-01,2000,0,3.230190e-02
2026-07-20T18:50:47.968,1784562647.969,245.103,1.623613e-01,3.078080e-03,1.472168e-01,1.728516e-01,2000,0,3.247227e-02
2026-07-20T18:50:48.069,1784562648.069,245.203,1.635677e-01,3.022268e-03,1.535645e-01,1.735840e-01,2000,0,3.271355e-02
2026-07-20T18:50:48.168,1784562648.168,245.303,1.649225e-01,3.256130e-03,1.540527e-01,1.770020e-01,2000,0,3.298450e-02
2026-07-20T18:50:48.268,1784562648.269,245.403,1.658369e-01,3.240457e-03,1.545410e-01,1.757812e-01,2000,0,3.316738e-02
2026-07-20T18:50:48.368,1784562648.369,245.503,1.669410e-01,3.271344e-03,1.560059e-01,1.772461e-01,2000,0,3.338821e-02
2026-07-20T18:50:48.468,1784562648.468,245.603,1.687123e-01,3.279995e-03,1.582031e-01,1.789551e-01,2000,0,3.374246e-02
2026-07-20T18:50:48.568,1784562648.569,245.703,1.691731e-01,3.231453e-03,1.577148e-01,1.789551e-01,2000,0,3.383462e-02
2026-07-20T18:50:48.668,1784562648.669,245.803,1.707682e-01,3.346471e-03,1.604004e-01,1.806641e-01,2000,0,3.415364e-02
2026-07-20T18:50:48.768,1784562648.768,245.903,1.720680e-01,3.318450e-03,1.628418e-01,1.857910e-01,2000,0,3.441360e-02
2026-07-20T18:50:48.868,1784562648.869,246.003,1.721392e-01,3.078431e-03,1.589355e-01,1.821289e-01,2000,0,3.442783e-02
2026-07-20T18:50:48.968,1784562648.969,246.103,1.740862e-01,3.328576e-03,1.623535e-01,1.853027e-01,2000,0,3.481724e-02
2026-07-20T18:50:49.068,1784562649.069,246.203,1.750309e-01,3.199035e-03,1.650391e-01,1.872559e-01,2000,0,3.500618e-02
2026-07-20T18:50:49.168,1784562649.169,246.303,1.759264e-01,3.115736e-03,1.640625e-01,1.877441e-01,2000,0,3.518528e-02
2026-07-20T18:50:49.268,1784562649.269,246.403,1.774874e-01,3.203255e-03,1.652832e-01,1.877441e-01,2000,0,3.549749e-02
2026-07-20T18:50:49.368,1784562649.369,246.503,1.785544e-01,3.117267e-03,1.616211e-01,1.877441e-01,2000,0,3.571089e-02
2026-07-20T18:50:49.468,1784562649.469,246.603,1.786664e-01,3.110261e-03,1.674805e-01,1.892090e-01,2000,0,3.573328e-02
2026-07-20T18:50:49.568,1784562649.569,246.703,1.804978e-01,3.116063e-03,1.660156e-01,1.914062e-01,2000,0,3.609956e-02
2026-07-20T18:50:49.668,1784562649.669,246.803,1.817007e-01,3.083598e-03,1.701660e-01,1.928711e-01,2000,0,3.634014e-02
2026-07-20T18:50:49.768,1784562649.769,246.903,1.823314e-01,3.080581e-03,1.718750e-01,1.926270e-01,2000,0,3.646628e-02
2026-07-20T18:50:49.869,1784562649.869,247.003,1.832158e-01,3.081541e-03,1.735840e-01,2.011719e-01,2000,0,3.664316e-02
2026-07-20T18:50:49.969,1784562649.969,247.103,1.847351e-01,3.150865e-03,1.713867e-01,1.940918e-01,2000,0,3.694702e-02
2026-07-20T18:50:50.069,1784562650.069,247.203,1.851990e-01,3.192006e-03,1.733398e-01,1.950684e-01,2000,0,3.703979e-02
2026-07-20T18:50:50.169,1784562650.169,247.303,1.862861e-01,3.007038e-03,1.760254e-01,1.972656e-01,2000,0,3.725723e-02
2026-07-20T18:50:50.269,1784562650.269,247.403,1.873976e-01,3.059185e-03,1.774902e-01,2.023926e-01,2000,0,3.747952e-02
2026-07-20T18:50:50.368,1784562650.369,247.503,1.880544e-01,3.076371e-03,1.782227e-01,2.004395e-01,2000,0,3.761089e-02
2026-07-20T18:50:50.468,1784562650.469,247.603,1.889486e-01,3.017869e-03,1.777344e-01,2.006836e-01,2000,0,3.778972e-02
2026-07-20T18:50:50.568,1784562650.569,247.703,1.893563e-01,3.144322e-03,1.796875e-01,2.026367e-01,2000,0,3.787126e-02
2026-07-20T18:50:50.668,1784562650.669,247.803,1.892264e-01,3.066054e-03,1.796875e-01,2.009277e-01,2000,0,3.784529e-02
2026-07-20T18:50:50.768,1784562650.769,247.903,1.899900e-01,3.054631e-03,1.799316e-01,2.011719e-01,2000,0,3.799800e-02
2026-07-20T18:50:50.868,1784562650.869,248.003,1.899279e-01,3.231922e-03,1.750488e-01,2.043457e-01,2000,0,3.798557e-02
2026-07-20T18:50:50.969,1784562650.969,248.103,1.896005e-01,3.123534e-03,1.779785e-01,2.006836e-01,2000,0,3.792009e-02
2026-07-20T18:50:51.069,1784562651.069,248.203,1.890670e-01,3.139637e-03,1.765137e-01,1.982422e-01,2000,0,3.781340e-02
2026-07-20T18:50:51.169,1784562651.169,248.303,1.892285e-01,3.225684e-03,1.777344e-01,2.009277e-01,2000,0,3.784570e-02
2026-07-20T18:50:51.269,1784562651.269,248.403,1.879404e-01,3.136438e-03,1.770020e-01,1.979980e-01,2000,0,3.758809e-02
2026-07-20T18:50:51.368,1784562651.369,248.503,1.873463e-01,3.291675e-03,1.752930e-01,1.987305e-01,2000,0,3.746926e-02
2026-07-20T18:50:51.468,1784562651.469,248.603,1.860852e-01,3.286082e-03,1.699219e-01,1.982422e-01,2000,0,3.721704e-02
2026-07-20T18:50:51.568,1784562651.569,248.703,1.847606e-01,3.234600e-03,1.738281e-01,1.945801e-01,2000,0,3.695212e-02
2026-07-20T18:50:51.668,1784562651.669,248.803,1.834037e-01,3.211887e-03,1.721191e-01,1.931152e-01,2000,0,3.668074e-02
2026-07-20T18:50:51.768,1784562651.768,248.903,1.823358e-01,3.252584e-03,1.718750e-01,1.943359e-01,2000,0,3.646716e-02
2026-07-20T18:50:51.868,1784562651.869,249.003,1.808094e-01,3.364926e-03,1.650391e-01,1.928711e-01,2000,0,3.616189e-02
2026-07-20T18:50:51.968,1784562651.969,249.103,1.791962e-01,3.277403e-03,1.665039e-01,1.950684e-01,2000,0,3.583923e-02
2026-07-20T18:50:52.068,1784562652.069,249.203,1.778829e-01,3.473206e-03,1.650391e-01,1.894531e-01,2000,0,3.557659e-02
2026-07-20T18:50:52.168,1784562652.169,249.303,1.762174e-01,3.275480e-03,1.643066e-01,1.867676e-01,2000,0,3.524348e-02
2026-07-20T18:50:52.268,1784562652.269,249.403,1.753959e-01,3.339000e-03,1.633301e-01,1.855469e-01,2000,0,3.507917e-02
2026-07-20T18:50:52.368,1784562652.369,249.503,1.747886e-01,3.206456e-03,1.618652e-01,1.848145e-01,2000,0,3.495771e-02
2026-07-20T18:50:52.468,1784562652.469,249.603,1.732242e-01,3.145061e-03,1.628418e-01,1.823730e-01,2000,0,3.464485e-02
2026-07-20T18:50:52.568,1784562652.569,249.703,1.725693e-01,3.214764e-03,1.608887e-01,1.838379e-01,2000,0,3.451387e-02
2026-07-20T18:50:52.668,1784562652.669,249.803,1.719803e-01,3.207039e-03,1.616211e-01,1.833496e-01,2000,0,3.439607e-02
2026-07-20T18:50:52.768,1784562652.769,249.903,1.711050e-01,3.243537e-03,1.599121e-01,1.816406e-01,2000,0,3.422100e-02
2026-07-20T18:50:52.868,1784562652.869,250.003,1.699646e-01,3.260108e-03,1.584473e-01,1.813965e-01,2000,0,3.399292e-02
2026-07-20T18:50:52.968,1784562652.969,250.103,1.693652e-01,3.184446e-03,1.579590e-01,1.821289e-01,2000,0,3.387305e-02
2026-07-20T18:50:53.068,1784562653.069,250.203,1.690797e-01,3.265580e-03,1.584473e-01,1.804199e-01,2000,0,3.381594e-02
2026-07-20T18:50:53.168,1784562653.168,250.303,1.692844e-01,3.267863e-03,1.577148e-01,1.794434e-01,2000,0,3.385688e-02
2026-07-20T18:50:53.268,1784562653.269,250.403,1.694084e-01,3.327086e-03,1.577148e-01,1.796875e-01,2000,0,3.388169e-02
2026-07-20T18:50:53.368,1784562653.369,250.503,1.683622e-01,3.337649e-03,1.574707e-01,1.782227e-01,2000,0,3.367244e-02
2026-07-20T18:50:53.468,1784562653.469,250.603,1.685574e-01,3.094227e-03,1.591797e-01,1.777344e-01,2000,0,3.371147e-02
2026-07-20T18:50:53.568,1784562653.569,250.703,1.686775e-01,3.326980e-03,1.577148e-01,1.787109e-01,2000,0,3.373550e-02
2026-07-20T18:50:53.668,1784562653.669,250.803,1.678193e-01,3.345720e-03,1.572266e-01,1.784668e-01,2000,0,3.356387e-02
2026-07-20T18:50:53.768,1784562653.769,250.903,1.681362e-01,3.269246e-03,1.574707e-01,1.784668e-01,2000,0,3.362725e-02
2026-07-20T18:50:53.868,1784562653.868,251.003,1.687974e-01,3.255995e-03,1.552734e-01,1.787109e-01,2000,0,3.375947e-02
2026-07-20T18:50:53.968,1784562653.969,251.103,1.691748e-01,3.274375e-03,1.589355e-01,1.811523e-01,2000,0,3.383496e-02
2026-07-20T18:50:54.068,1784562654.069,251.203,1.690017e-01,3.180316e-03,1.569824e-01,1.809082e-01,2000,0,3.380034e-02
2026-07-20T18:50:54.168,1784562654.169,251.303,1.699459e-01,3.179221e-03,1.596680e-01,1.838379e-01,2000,0,3.398918e-02
2026-07-20T18:50:54.268,1784562654.269,251.403,1.694492e-01,3.090804e-03,1.586914e-01,1.806641e-01,2000,0,3.388984e-02
2026-07-20T18:50:54.368,1784562654.369,251.503,1.700861e-01,3.231930e-03,1.599121e-01,1.833496e-01,2000,0,3.401721e-02
2026-07-20T18:50:54.468,1784562654.469,251.603,1.709000e-01,3.252696e-03,1.608887e-01,1.850586e-01,2000,0,3.418000e-02
2026-07-20T18:50:54.568,1784562654.569,251.703,1.705114e-01,3.214663e-03,1.611328e-01,1.831055e-01,2000,0,3.410227e-02
2026-07-20T18:50:54.668,1784562654.669,251.803,1.714919e-01,3.153596e-03,1.599121e-01,1.835938e-01,2000,0,3.429839e-02
2026-07-20T18:50:54.768,1784562654.769,251.903,1.721018e-01,3.203121e-03,1.621094e-01,1.831055e-01,2000,0,3.442036e-02
2026-07-20T18:50:54.868,1784562654.869,252.003,1.721005e-01,3.167904e-03,1.604004e-01,1.843262e-01,2000,0,3.442009e-02
2026-07-20T18:50:54.968,1784562654.969,252.103,1.721346e-01,3.205869e-03,1.601562e-01,1.870117e-01,2000,0,3.442693e-02
2026-07-20T18:50:55.071,1784562655.071,252.203,1.729645e-01,3.235279e-03,1.586914e-01,1.865234e-01,2000,0,3.459290e-02
2026-07-20T18:50:55.168,1784562655.169,252.303,1.730148e-01,3.158397e-03,1.604004e-01,1.831055e-01,2000,0,3.460295e-02
2026-07-20T18:50:55.268,1784562655.269,252.403,1.728528e-01,3.393045e-03,1.611328e-01,1.833496e-01,2000,0,3.457056e-02
2026-07-20T18:50:55.368,1784562655.369,252.503,1.740663e-01,3.276408e-03,1.623535e-01,1.848145e-01,2000,0,3.481326e-02
2026-07-20T18:50:55.468,1784562655.469,252.603,1.745106e-01,3.249178e-03,1.628418e-01,1.835938e-01,2000,0,3.490212e-02
2026-07-20T18:50:55.568,1784562655.569,252.703,1.749292e-01,3.382400e-03,1.640625e-01,1.884766e-01,2000,0,3.498584e-02
2026-07-20T18:50:55.668,1784562655.669,252.803,1.759926e-01,3.203004e-03,1.628418e-01,1.887207e-01,2000,0,3.519851e-02
2026-07-20T18:50:55.768,1784562655.769,252.903,1.756909e-01,3.327379e-03,1.647949e-01,1.872559e-01,2000,0,3.513818e-02
2026-07-20T18:50:55.869,1784562655.869,253.003,1.760214e-01,3.314934e-03,1.630859e-01,1.892090e-01,2000,0,3.520427e-02
2026-07-20T18:50:55.969,1784562655.969,253.103,1.765377e-01,3.472035e-03,1.596680e-01,1.879883e-01,2000,0,3.530754e-02
2026-07-20T18:50:56.069,1784562656.069,253.203,1.773768e-01,3.411561e-03,1.657715e-01,1.899414e-01,2000,0,3.547537e-02
2026-07-20T18:50:56.169,1784562656.169,253.303,1.778684e-01,3.483858e-03,1.665039e-01,1.892090e-01,2000,0,3.557368e-02
2026-07-20T18:50:56.269,1784562656.269,253.403,1.785544e-01,3.429738e-03,1.679688e-01,1.892090e-01,2000,0,3.571089e-02
2026-07-20T18:50:56.369,1784562656.369,253.503,1.789183e-01,3.577804e-03,1.647949e-01,1.916504e-01,2000,0,3.578367e-02
2026-07-20T18:50:56.468,1784562656.469,253.603,1.799445e-01,3.501829e-03,1.691895e-01,1.928711e-01,2000,0,3.598889e-02
2026-07-20T18:50:56.568,1784562656.569,253.703,1.801154e-01,3.467469e-03,1.657715e-01,1.911621e-01,2000,0,3.602307e-02
2026-07-20T18:50:56.668,1784562656.669,253.803,1.807651e-01,3.485475e-03,1.669922e-01,1.931152e-01,2000,0,3.615303e-02
2026-07-20T18:50:56.768,1784562656.769,253.903,1.814170e-01,3.730465e-03,1.682129e-01,1.931152e-01,2000,0,3.628340e-02
2026-07-20T18:50:56.870,1784562656.871,254.003,1.822548e-01,3.628087e-03,1.721191e-01,1.948242e-01,2000,0,3.645095e-02
2026-07-20T18:50:56.968,1784562656.969,254.103,1.833571e-01,3.604987e-03,1.699219e-01,1.940918e-01,2000,0,3.667141e-02
2026-07-20T18:50:57.068,1784562657.069,254.203,1.835667e-01,3.552608e-03,1.730957e-01,1.962891e-01,2000,0,3.671333e-02
2026-07-20T18:50:57.168,1784562657.169,254.303,1.847660e-01,3.577698e-03,1.728516e-01,1.960449e-01,2000,0,3.695320e-02
2026-07-20T18:50:57.268,1784562657.269,254.403,1.860839e-01,3.509649e-03,1.755371e-01,1.977539e-01,2000,0,3.721677e-02
2026-07-20T18:50:57.368,1784562657.369,254.503,1.861780e-01,3.423038e-03,1.755371e-01,2.009277e-01,2000,0,3.723560e-02
2026-07-20T18:50:57.468,1784562657.469,254.603,1.866057e-01,3.567457e-03,1.740723e-01,1.994629e-01,2000,0,3.732114e-02
2026-07-20T18:50:57.568,1784562657.569,254.703,1.877455e-01,3.646005e-03,1.767578e-01,2.026367e-01,2000,0,3.754910e-02
2026-07-20T18:50:57.668,1784562657.669,254.803,1.884753e-01,3.535937e-03,1.779785e-01,2.019043e-01,2000,0,3.769507e-02
2026-07-20T18:50:57.768,1784562657.768,254.903,1.893258e-01,3.641565e-03,1.777344e-01,2.060547e-01,2000,0,3.786516e-02
2026-07-20T18:50:57.868,1784562657.868,255.003,1.901989e-01,3.721335e-03,1.765137e-01,2.036133e-01,2000,0,3.803977e-02
2026-07-20T18:50:57.969,1784562657.969,255.103,1.905824e-01,3.526723e-03,1.784668e-01,2.026367e-01,2000,0,3.811648e-02
2026-07-20T18:50:58.069,1784562658.069,255.203,1.918888e-01,3.711660e-03,1.806641e-01,2.087402e-01,2000,0,3.837776e-02
2026-07-20T18:50:58.169,1784562658.169,255.303,1.921378e-01,3.676676e-03,1.801758e-01,2.062988e-01,2000,0,3.842756e-02
2026-07-20T18:50:58.269,1784562658.269,255.403,1.924318e-01,3.656582e-03,1.823730e-01,2.065430e-01,2000,0,3.848635e-02
2026-07-20T18:50:58.369,1784562658.369,255.503,1.934839e-01,3.747546e-03,1.831055e-01,2.075195e-01,2000,0,3.869678e-02
2026-07-20T18:50:58.468,1784562658.468,255.603,1.944175e-01,3.681592e-03,1.821289e-01,2.067871e-01,2000,0,3.888350e-02
2026-07-20T18:50:58.568,1784562658.568,255.703,1.955450e-01,3.820705e-03,1.835938e-01,2.109375e-01,2000,0,3.910901e-02
2026-07-20T18:50:58.668,1784562658.669,255.803,1.965377e-01,3.737985e-03,1.857910e-01,2.104492e-01,2000,0,3.930754e-02
2026-07-20T18:50:58.768,1784562658.768,255.903,1.968673e-01,3.765981e-03,1.860352e-01,2.089844e-01,2000,0,3.937346e-02
2026-07-20T18:50:58.868,1784562658.869,256.003,1.977485e-01,3.754146e-03,1.833496e-01,2.099609e-01,2000,0,3.954971e-02
2026-07-20T18:50:58.968,1784562658.969,256.103,1.986671e-01,3.853752e-03,1.867676e-01,2.094727e-01,2000,0,3.973342e-02
2026-07-20T18:50:59.068,1784562659.069,256.203,1.996718e-01,3.717081e-03,1.894531e-01,2.106934e-01,2000,0,3.993435e-02
2026-07-20T18:50:59.168,1784562659.169,256.303,2.008304e-01,3.822300e-03,1.850586e-01,2.128906e-01,2000,0,4.016609e-02
2026-07-20T18:50:59.268,1784562659.269,256.403,2.013715e-01,3.705579e-03,1.892090e-01,2.163086e-01,2000,0,4.027429e-02
2026-07-20T18:50:59.368,1784562659.369,256.503,2.019084e-01,3.736394e-03,1.879883e-01,2.160645e-01,2000,0,4.038169e-02
2026-07-20T18:50:59.468,1784562659.469,256.603,2.027366e-01,3.603153e-03,1.904297e-01,2.136230e-01,2000,0,4.054731e-02
2026-07-20T18:50:59.568,1784562659.569,256.703,2.035188e-01,3.766618e-03,1.914062e-01,2.133789e-01,2000,0,4.070376e-02
2026-07-20T18:50:59.668,1784562659.669,256.803,2.039912e-01,3.796647e-03,1.923828e-01,2.158203e-01,2000,0,4.079824e-02
2026-07-20T18:50:59.768,1784562659.769,256.903,2.045034e-01,3.678485e-03,1.914062e-01,2.163086e-01,2000,0,4.090068e-02
2026-07-20T18:50:59.868,1784562659.869,257.003,2.054994e-01,3.707403e-03,1.914062e-01,2.214355e-01,2000,0,4.109988e-02
2026-07-20T18:50:59.968,1784562659.969,257.103,2.065184e-01,3.827082e-03,1.899414e-01,2.167969e-01,2000,0,4.130369e-02
2026-07-20T18:51:00.068,1784562660.069,257.203,2.072885e-01,3.975653e-03,1.923828e-01,2.192383e-01,2000,0,4.145769e-02
2026-07-20T18:51:00.168,1784562660.169,257.303,2.079335e-01,3.958488e-03,1.936035e-01,2.189941e-01,2000,0,4.158669e-02
2026-07-20T18:51:00.268,1784562660.269,257.403,2.083097e-01,4.082281e-03,1.918945e-01,2.216797e-01,2000,0,4.166194e-02
2026-07-20T18:51:00.368,1784562660.369,257.503,2.094963e-01,3.997825e-03,1.967773e-01,2.250977e-01,2000,0,4.189927e-02
2026-07-20T18:51:00.468,1784562660.468,257.603,2.096108e-01,4.157347e-03,1.936035e-01,2.209473e-01,2000,0,4.192217e-02
2026-07-20T18:51:00.570,1784562660.570,257.703,2.102900e-01,4.035238e-03,1.945801e-01,2.216797e-01,2000,0,4.205801e-02
2026-07-20T18:51:00.668,1784562660.668,257.803,2.112699e-01,3.948727e-03,1.967773e-01,2.216797e-01,2000,0,4.225398e-02
2026-07-20T18:51:00.768,1784562660.768,257.903,2.125288e-01,4.172460e-03,1.933594e-01,2.246094e-01,2000,0,4.250576e-02
2026-07-20T18:51:00.868,1784562660.869,258.003,2.125496e-01,4.118858e-03,1.979980e-01,2.241211e-01,2000,0,4.250991e-02
2026-07-20T18:51:00.968,1784562660.969,258.103,2.134509e-01,4.151410e-03,1.970215e-01,2.290039e-01,2000,0,4.269019e-02
2026-07-20T18:51:01.069,1784562661.069,258.203,2.141061e-01,4.083620e-03,1.987305e-01,2.250977e-01,2000,0,4.282122e-02
2026-07-20T18:51:01.168,1784562661.169,258.303,2.149937e-01,3.993509e-03,1.987305e-01,2.282715e-01,2000,0,4.299873e-02
2026-07-20T18:51:01.268,1784562661.269,258.403,2.151090e-01,4.073002e-03,1.982422e-01,2.272949e-01,2000,0,4.302180e-02
2026-07-20T18:51:01.368,1784562661.369,258.503,2.157450e-01,4.133953e-03,2.026367e-01,2.285156e-01,2000,0,4.314900e-02
2026-07-20T18:51:01.470,1784562661.471,258.603,2.159249e-01,4.096218e-03,1.992188e-01,2.285156e-01,2000,0,4.318499e-02
2026-07-20T18:51:01.568,1784562661.569,258.703,2.167903e-01,3.888948e-03,2.048340e-01,2.285156e-01,2000,0,4.335806e-02
2026-07-20T18:51:01.670,1784562661.671,258.803,2.175259e-01,4.063242e-03,2.033691e-01,2.285156e-01,2000,0,4.350518e-02
2026-07-20T18:51:01.770,1784562661.771,258.903,2.173597e-01,4.097958e-03,2.028809e-01,2.294922e-01,2000,0,4.347195e-02
2026-07-20T18:51:01.868,1784562661.869,259.003,2.188862e-01,4.070745e-03,2.036133e-01,2.314453e-01,2000,0,4.377725e-02
2026-07-20T18:51:01.968,1784562661.969,259.103,2.201252e-01,4.017388e-03,2.011719e-01,2.324219e-01,2000,0,4.402505e-02
2026-07-20T18:51:02.068,1784562662.069,259.203,2.206700e-01,3.964938e-03,2.075195e-01,2.326660e-01,2000,0,4.413401e-02
2026-07-20T18:51:02.168,1784562662.169,259.303,2.209189e-01,4.150998e-03,2.084961e-01,2.338867e-01,2000,0,4.418379e-02
2026-07-20T18:51:02.268,1784562662.269,259.403,2.217543e-01,3.915784e-03,2.089844e-01,2.341309e-01,2000,0,4.435085e-02
2026-07-20T18:51:02.368,1784562662.369,259.503,2.221604e-01,3.915250e-03,2.104492e-01,2.346191e-01,2000,0,4.443208e-02
2026-07-20T18:51:02.468,1784562662.469,259.603,2.230925e-01,3.896898e-03,2.109375e-01,2.351074e-01,2000,0,4.461851e-02
2026-07-20T18:51:02.568,1784562662.569,259.703,2.234214e-01,4.035638e-03,2.106934e-01,2.360840e-01,2000,0,4.468428e-02
2026-07-20T18:51:02.669,1784562662.669,259.803,2.243977e-01,4.035588e-03,2.121582e-01,2.387695e-01,2000,0,4.487954e-02
2026-07-20T18:51:02.768,1784562662.769,259.903,2.244587e-01,3.887922e-03,2.121582e-01,2.390137e-01,2000,0,4.489175e-02
2026-07-20T18:51:02.868,1784562662.869,260.003,2.250984e-01,3.943192e-03,2.136230e-01,2.407227e-01,2000,0,4.501968e-02
2026-07-20T18:51:02.968,1784562662.969,260.103,2.252832e-01,4.088691e-03,2.119141e-01,2.375488e-01,2000,0,4.505664e-02
2026-07-20T18:51:03.068,1784562663.069,260.203,2.259468e-01,3.960428e-03,2.121582e-01,2.377930e-01,2000,0,4.518936e-02
2026-07-20T18:51:03.171,1784562663.171,260.303,2.266954e-01,3.973662e-03,2.153320e-01,2.404785e-01,2000,0,4.533909e-02
2026-07-20T18:51:03.269,1784562663.269,260.403,2.262125e-01,3.863911e-03,2.109375e-01,2.380371e-01,2000,0,4.524250e-02
2026-07-20T18:51:03.369,1784562663.370,260.503,2.267368e-01,3.714014e-03,2.155762e-01,2.387695e-01,2000,0,4.534736e-02
2026-07-20T18:51:03.469,1784562663.470,260.603,2.281797e-01,4.052496e-03,2.165527e-01,2.407227e-01,2000,0,4.563594e-02
2026-07-20T18:51:03.569,1784562663.570,260.703,2.278140e-01,3.886280e-03,2.077637e-01,2.409668e-01,2000,0,4.556279e-02
2026-07-20T18:51:03.669,1784562663.669,260.803,2.288262e-01,3.910375e-03,2.172852e-01,2.421875e-01,2000,0,4.576523e-02
2026-07-20T18:51:03.771,1784562663.771,260.903,2.295812e-01,3.809678e-03,2.189941e-01,2.424316e-01,2000,0,4.591624e-02
2026-07-20T18:51:03.868,1784562663.869,261.003,2.288094e-01,3.888411e-03,2.182617e-01,2.409668e-01,2000,0,4.576189e-02
2026-07-20T18:51:03.968,1784562663.969,261.103,2.303710e-01,3.741411e-03,2.148438e-01,2.412109e-01,2000,0,4.607419e-02
2026-07-20T18:51:04.068,1784562664.069,261.203,2.308335e-01,3.842435e-03,2.192383e-01,2.424316e-01,2000,0,4.616670e-02
2026-07-20T18:51:04.168,1784562664.169,261.303,2.307633e-01,3.688502e-03,2.185059e-01,2.436523e-01,2000,0,4.615266e-02
2026-07-20T18:51:04.268,1784562664.269,261.403,2.307480e-01,3.576025e-03,2.207031e-01,2.424316e-01,2000,0,4.614961e-02
2026-07-20T18:51:04.370,1784562664.370,261.504,2.307850e-01,3.703543e-03,2.202148e-01,2.431641e-01,2000,0,4.615701e-02
2026-07-20T18:51:04.469,1784562664.469,261.603,2.305635e-01,3.578393e-03,2.187500e-01,2.419434e-01,2000,0,4.611270e-02
2026-07-20T18:51:04.570,1784562664.571,261.704,2.308215e-01,3.606553e-03,2.185059e-01,2.414551e-01,2000,0,4.616431e-02
2026-07-20T18:51:04.669,1784562664.669,261.803,2.309725e-01,3.320056e-03,2.192383e-01,2.419434e-01,2000,0,4.619451e-02
2026-07-20T18:51:04.769,1784562664.769,261.903,2.302467e-01,3.233369e-03,2.182617e-01,2.404785e-01,2000,0,4.604934e-02
2026-07-20T18:51:04.868,1784562664.869,262.003,2.302922e-01,3.145430e-03,2.204590e-01,2.414551e-01,2000,0,4.605845e-02
2026-07-20T18:51:04.968,1784562664.969,262.103,2.296681e-01,3.072831e-03,2.182617e-01,2.426758e-01,2000,0,4.593362e-02
2026-07-20T18:51:05.068,1784562665.069,262.203,2.294618e-01,3.078477e-03,2.189941e-01,2.395020e-01,2000,0,4.589236e-02
2026-07-20T18:51:05.168,1784562665.168,262.303,2.294153e-01,2.898647e-03,2.182617e-01,2.399902e-01,2000,0,4.588306e-02
2026-07-20T18:51:05.268,1784562665.269,262.403,2.290565e-01,2.804368e-03,2.185059e-01,2.380371e-01,2000,0,4.581130e-02
2026-07-20T18:51:05.368,1784562665.369,262.503,2.282531e-01,2.639089e-03,2.199707e-01,2.397461e-01,2000,0,4.565061e-02
2026-07-20T18:51:05.468,1784562665.469,262.603,2.283478e-01,2.671827e-03,2.197266e-01,2.368164e-01,2000,0,4.566956e-02
2026-07-20T18:51:05.568,1784562665.569,262.703,2.283444e-01,2.613484e-03,2.165527e-01,2.382812e-01,2000,0,4.566887e-02
2026-07-20T18:51:05.668,1784562665.669,262.803,2.274292e-01,2.653355e-03,2.172852e-01,2.358398e-01,2000,0,4.548584e-02
2026-07-20T18:51:05.768,1784562665.768,262.903,2.276194e-01,2.460385e-03,2.185059e-01,2.382812e-01,2000,0,4.552388e-02
2026-07-20T18:51:05.868,1784562665.869,263.003,2.274862e-01,2.598047e-03,2.170410e-01,2.365723e-01,2000,0,4.549724e-02
2026-07-20T18:51:05.968,1784562665.969,263.103,2.273307e-01,2.513772e-03,2.158203e-01,2.363281e-01,2000,0,4.546614e-02
2026-07-20T18:51:06.069,1784562666.069,263.203,2.273212e-01,2.414216e-03,2.172852e-01,2.375488e-01,2000,0,4.546423e-02
2026-07-20T18:51:06.168,1784562666.169,263.303,2.272931e-01,2.427701e-03,2.194824e-01,2.353516e-01,2000,0,4.545862e-02
2026-07-20T18:51:06.268,1784562666.269,263.403,2.270688e-01,2.337148e-03,2.185059e-01,2.365723e-01,2000,0,4.541377e-02
2026-07-20T18:51:06.370,1784562666.371,263.503,2.267755e-01,2.419448e-03,2.192383e-01,2.365723e-01,2000,0,4.535510e-02
2026-07-20T18:51:06.469,1784562666.469,263.603,2.267378e-01,2.526442e-03,2.165527e-01,2.351074e-01,2000,0,4.534756e-02
2026-07-20T18:51:06.568,1784562666.569,263.703,2.267001e-01,2.475145e-03,2.160645e-01,2.368164e-01,2000,0,4.534001e-02
2026-07-20T18:51:06.669,1784562666.669,263.803,2.269277e-01,2.511968e-03,2.160645e-01,2.351074e-01,2000,0,4.538555e-02
2026-07-20T18:51:06.768,1784562666.769,263.903,2.262074e-01,2.543588e-03,2.160645e-01,2.360840e-01,2000,0,4.524148e-02
2026-07-20T18:51:06.869,1784562666.869,264.003,2.259998e-01,2.540822e-03,2.128906e-01,2.363281e-01,2000,0,4.519995e-02
2026-07-20T18:51:06.969,1784562666.969,264.103,2.264425e-01,2.691820e-03,2.145996e-01,2.368164e-01,2000,0,4.528850e-02
2026-07-20T18:51:07.069,1784562667.069,264.203,2.266124e-01,2.680723e-03,2.155762e-01,2.402344e-01,2000,0,4.532249e-02
2026-07-20T18:51:07.169,1784562667.169,264.303,2.265439e-01,2.734890e-03,2.150879e-01,2.363281e-01,2000,0,4.530879e-02
2026-07-20T18:51:07.268,1784562667.269,264.403,2.266090e-01,2.824636e-03,2.167969e-01,2.373047e-01,2000,0,4.532180e-02
2026-07-20T18:51:07.368,1784562667.369,264.503,2.267736e-01,2.764887e-03,2.185059e-01,2.368164e-01,2000,0,4.535471e-02
2026-07-20T18:51:07.468,1784562667.469,264.603,2.258879e-01,2.907815e-03,2.165527e-01,2.368164e-01,2000,0,4.517759e-02
2026-07-20T18:51:07.569,1784562667.569,264.703,2.261373e-01,2.799205e-03,2.084961e-01,2.346191e-01,2000,0,4.522747e-02
2026-07-20T18:51:07.669,1784562667.669,264.803,2.263900e-01,2.866208e-03,2.158203e-01,2.355957e-01,2000,0,4.527800e-02
2026-07-20T18:51:07.768,1784562667.769,264.903,2.260356e-01,2.991824e-03,2.163086e-01,2.373047e-01,2000,0,4.520713e-02
2026-07-20T18:51:07.869,1784562667.869,265.003,2.259243e-01,2.875195e-03,2.170410e-01,2.397461e-01,2000,0,4.518486e-02
2026-07-20T18:51:07.969,1784562667.969,265.103,2.261385e-01,2.985312e-03,2.160645e-01,2.365723e-01,2000,0,4.522771e-02
2026-07-20T18:51:08.069,1784562668.070,265.204,2.258639e-01,3.245356e-03,2.163086e-01,2.360840e-01,2000,0,4.517278e-02
2026-07-20T18:51:08.171,1784562668.171,265.303,2.249945e-01,3.061634e-03,2.143555e-01,2.360840e-01,2000,0,4.499890e-02
2026-07-20T18:51:08.269,1784562668.269,265.403,2.258616e-01,2.970604e-03,2.165527e-01,2.363281e-01,2000,0,4.517231e-02
2026-07-20T18:51:08.369,1784562668.369,265.503,2.250217e-01,3.117861e-03,2.116699e-01,2.353516e-01,2000,0,4.500435e-02
2026-07-20T18:51:08.468,1784562668.469,265.603,2.257955e-01,2.975417e-03,2.170410e-01,2.363281e-01,2000,0,4.515911e-02
2026-07-20T18:51:08.571,1784562668.571,265.703,2.258240e-01,3.152293e-03,2.158203e-01,2.402344e-01,2000,0,4.516479e-02
2026-07-20T18:51:08.669,1784562668.669,265.803,2.250244e-01,2.936921e-03,2.143555e-01,2.343750e-01,2000,0,4.500488e-02
2026-07-20T18:51:08.768,1784562668.769,265.903,2.254706e-01,2.937959e-03,2.145996e-01,2.348633e-01,2000,0,4.509412e-02
2026-07-20T18:51:08.869,1784562668.869,266.003,2.255699e-01,3.076736e-03,2.141113e-01,2.375488e-01,2000,0,4.511399e-02
2026-07-20T18:51:08.969,1784562668.969,266.103,2.249109e-01,2.971240e-03,2.121582e-01,2.346191e-01,2000,0,4.498218e-02
2026-07-20T18:51:09.069,1784562669.069,266.203,2.257944e-01,3.082286e-03,2.143555e-01,2.377930e-01,2000,0,4.515889e-02
2026-07-20T18:51:09.169,1784562669.169,266.303,2.259186e-01,3.076308e-03,2.158203e-01,2.368164e-01,2000,0,4.518372e-02
2026-07-20T18:51:09.269,1784562669.269,266.403,2.255481e-01,3.082037e-03,2.155762e-01,2.353516e-01,2000,0,4.510962e-02
2026-07-20T18:51:09.369,1784562669.369,266.503,2.258103e-01,3.049779e-03,2.158203e-01,2.368164e-01,2000,0,4.516206e-02
2026-07-20T18:51:09.469,1784562669.469,266.603,2.261074e-01,3.025172e-03,2.172852e-01,2.382812e-01,2000,0,4.522148e-02
2026-07-20T18:51:09.569,1784562669.569,266.703,2.260616e-01,2.896560e-03,2.145996e-01,2.365723e-01,2000,0,4.521233e-02
2026-07-20T18:51:09.669,1784562669.669,266.803,2.260828e-01,2.820905e-03,2.155762e-01,2.368164e-01,2000,0,4.521655e-02
2026-07-20T18:51:09.768,1784562669.769,266.903,2.267086e-01,3.062095e-03,2.160645e-01,2.365723e-01,2000,0,4.534172e-02
2026-07-20T18:51:09.869,1784562669.870,267.003,2.257787e-01,3.134324e-03,2.133789e-01,2.380371e-01,2000,0,4.515574e-02
2026-07-20T18:51:09.969,1784562669.970,267.103,2.267061e-01,2.938294e-03,2.153320e-01,2.392578e-01,2000,0,4.534121e-02
2026-07-20T18:51:10.069,1784562670.070,267.203,2.266376e-01,3.155747e-03,2.172852e-01,2.365723e-01,2000,0,4.532751e-02
2026-07-20T18:51:10.169,1784562670.170,267.303,2.262340e-01,3.236463e-03,2.160645e-01,2.368164e-01,2000,0,4.524680e-02
2026-07-20T18:51:10.269,1784562670.270,267.403,2.262395e-01,2.954582e-03,2.163086e-01,2.360840e-01,2000,0,4.524790e-02
2026-07-20T18:51:10.369,1784562670.369,267.503,2.252753e-01,3.003627e-03,2.150879e-01,2.351074e-01,2000,0,4.505505e-02
2026-07-20T18:51:10.469,1784562670.469,267.603,2.257499e-01,2.921442e-03,2.155762e-01,2.355957e-01,2000,0,4.514998e-02
2026-07-20T18:51:10.569,1784562670.569,267.703,2.267026e-01,3.187204e-03,2.153320e-01,2.370605e-01,2000,0,4.534053e-02
2026-07-20T18:51:10.668,1784562670.669,267.803,2.268701e-01,3.025398e-03,2.170410e-01,2.375488e-01,2000,0,4.537402e-02
2026-07-20T18:51:10.769,1784562670.769,267.903,2.270170e-01,3.173709e-03,2.138672e-01,2.353516e-01,2000,0,4.540339e-02
2026-07-20T18:51:10.869,1784562670.869,268.003,2.266869e-01,3.223340e-03,2.155762e-01,2.370605e-01,2000,0,4.533738e-02
2026-07-20T18:51:10.969,1784562670.969,268.103,2.260887e-01,3.154245e-03,2.133789e-01,2.368164e-01,2000,0,4.521775e-02
2026-07-20T18:51:11.069,1784562671.069,268.203,2.264326e-01,3.181041e-03,2.121582e-01,2.353516e-01,2000,0,4.528652e-02
2026-07-20T18:51:11.169,1784562671.169,268.303,2.265809e-01,3.083147e-03,2.138672e-01,2.363281e-01,2000,0,4.531619e-02
2026-07-20T18:51:11.269,1784562671.269,268.403,2.270601e-01,3.234882e-03,2.148438e-01,2.387695e-01,2000,0,4.541201e-02
2026-07-20T18:51:11.369,1784562671.369,268.503,2.267590e-01,3.149802e-03,2.136230e-01,2.382812e-01,2000,0,4.535181e-02
2026-07-20T18:51:11.469,1784562671.469,268.603,2.271542e-01,3.115766e-03,2.158203e-01,2.373047e-01,2000,0,4.543083e-02
2026-07-20T18:51:11.569,1784562671.569,268.703,2.275072e-01,3.044938e-03,2.119141e-01,2.375488e-01,2000,0,4.550144e-02
2026-07-20T18:51:11.669,1784562671.669,268.803,2.271224e-01,3.250358e-03,2.145996e-01,2.375488e-01,2000,0,4.542449e-02
2026-07-20T18:51:11.769,1784562671.769,268.903,2.278689e-01,3.133008e-03,2.163086e-01,2.404785e-01,2000,0,4.557378e-02
2026-07-20T18:51:11.869,1784562671.869,269.003,2.275691e-01,3.176539e-03,2.158203e-01,2.382812e-01,2000,0,4.551382e-02
2026-07-20T18:51:11.969,1784562671.969,269.103,2.270660e-01,3.244395e-03,2.143555e-01,2.358398e-01,2000,0,4.541321e-02
2026-07-20T18:51:12.069,1784562672.069,269.203,2.281680e-01,3.338860e-03,2.155762e-01,2.416992e-01,2000,0,4.563359e-02
2026-07-20T18:51:12.169,1784562672.169,269.304,2.277622e-01,3.416474e-03,2.155762e-01,2.397461e-01,2000,0,4.555244e-02
2026-07-20T18:51:12.269,1784562672.269,269.403,2.280214e-01,3.352211e-03,2.158203e-01,2.407227e-01,2000,0,4.560427e-02
2026-07-20T18:51:12.369,1784562672.369,269.504,2.278019e-01,3.381014e-03,2.167969e-01,2.387695e-01,2000,0,4.556038e-02
2026-07-20T18:51:12.469,1784562672.470,269.603,2.290151e-01,3.204171e-03,2.175293e-01,2.404785e-01,2000,0,4.580303e-02
2026-07-20T18:51:12.569,1784562672.570,269.703,2.290327e-01,3.355145e-03,2.175293e-01,2.407227e-01,2000,0,4.580654e-02
2026-07-20T18:51:12.669,1784562672.670,269.803,2.292299e-01,3.416032e-03,2.165527e-01,2.429199e-01,2000,0,4.584597e-02
2026-07-20T18:51:12.769,1784562672.770,269.903,2.299573e-01,3.344165e-03,2.192383e-01,2.397461e-01,2000,0,4.599146e-02
2026-07-20T18:51:12.869,1784562672.870,270.003,2.295618e-01,3.384689e-03,2.182617e-01,2.392578e-01,2000,0,4.591235e-02
2026-07-20T18:51:12.969,1784562672.969,270.103,2.300414e-01,3.474562e-03,2.180176e-01,2.419434e-01,2000,0,4.600828e-02
2026-07-20T18:51:13.069,1784562673.069,270.203,2.306270e-01,3.432031e-03,2.170410e-01,2.436523e-01,2000,0,4.612539e-02
2026-07-20T18:51:13.169,1784562673.169,270.303,2.304335e-01,3.485355e-03,2.192383e-01,2.404785e-01,2000,0,4.608669e-02
2026-07-20T18:51:13.271,1784562673.271,270.403,2.306105e-01,3.485038e-03,2.182617e-01,2.429199e-01,2000,0,4.612209e-02
2026-07-20T18:51:13.369,1784562673.369,270.504,2.301349e-01,3.507634e-03,2.189941e-01,2.426758e-01,2000,0,4.602698e-02
2026-07-20T18:51:13.469,1784562673.469,270.603,2.312601e-01,3.542052e-03,2.199707e-01,2.414551e-01,2000,0,4.625203e-02
2026-07-20T18:51:13.569,1784562673.569,270.703,2.306403e-01,3.562103e-03,2.189941e-01,2.416992e-01,2000,0,4.612805e-02
2026-07-20T18:51:13.669,1784562673.669,270.803,2.312023e-01,3.373494e-03,2.207031e-01,2.424316e-01,2000,0,4.624045e-02
2026-07-20T18:51:13.769,1784562673.769,270.903,2.312524e-01,3.541629e-03,2.197266e-01,2.441406e-01,2000,0,4.625049e-02
2026-07-20T18:51:13.869,1784562673.869,271.003,2.315670e-01,3.487966e-03,2.204590e-01,2.429199e-01,2000,0,4.631340e-02
2026-07-20T18:51:13.969,1784562673.969,271.103,2.311042e-01,3.562901e-03,2.182617e-01,2.436523e-01,2000,0,4.622085e-02
2026-07-20T18:51:14.069,1784562674.069,271.203,2.316738e-01,3.350477e-03,2.185059e-01,2.424316e-01,2000,0,4.633477e-02
2026-07-20T18:51:14.171,1784562674.171,271.303,2.312615e-01,3.629116e-03,2.182617e-01,2.431641e-01,2000,0,4.625229e-02
2026-07-20T18:51:14.269,1784562674.269,271.403,2.316533e-01,3.470372e-03,2.175293e-01,2.438965e-01,2000,0,4.633066e-02
2026-07-20T18:51:14.369,1784562674.369,271.503,2.312330e-01,3.457582e-03,2.202148e-01,2.421875e-01,2000,0,4.624661e-02
2026-07-20T18:51:14.469,1784562674.469,271.603,2.316090e-01,3.406544e-03,2.214355e-01,2.431641e-01,2000,0,4.632180e-02
2026-07-20T18:51:14.569,1784562674.569,271.703,2.314989e-01,3.335914e-03,2.204590e-01,2.421875e-01,2000,0,4.629978e-02
2026-07-20T18:51:14.669,1784562674.669,271.803,2.312512e-01,3.457164e-03,2.204590e-01,2.426758e-01,2000,0,4.625024e-02
2026-07-20T18:51:14.769,1784562674.769,271.903,2.311219e-01,3.377076e-03,2.207031e-01,2.421875e-01,2000,0,4.622439e-02
2026-07-20T18:51:14.869,1784562674.869,272.003,2.314049e-01,3.292950e-03,2.209473e-01,2.424316e-01,2000,0,4.628098e-02
2026-07-20T18:51:14.969,1784562674.969,272.103,2.310775e-01,3.318804e-03,2.143555e-01,2.473145e-01,2000,0,4.621550e-02
2026-07-20T18:51:15.069,1784562675.069,272.203,2.308783e-01,3.228814e-03,2.207031e-01,2.429199e-01,2000,0,4.617566e-02
2026-07-20T18:51:15.169,1784562675.169,272.303,2.313071e-01,3.250489e-03,2.204590e-01,2.424316e-01,2000,0,4.626143e-02
2026-07-20T18:51:15.269,1784562675.269,272.403,2.310413e-01,3.356929e-03,2.189941e-01,2.412109e-01,2000,0,4.620825e-02
2026-07-20T18:51:15.371,1784562675.371,272.503,2.308359e-01,3.225365e-03,2.192383e-01,2.446289e-01,2000,0,4.616719e-02
2026-07-20T18:51:15.469,1784562675.469,272.603,2.306051e-01,3.429047e-03,2.158203e-01,2.419434e-01,2000,0,4.612102e-02
2026-07-20T18:51:15.569,1784562675.569,272.703,2.301633e-01,3.366371e-03,2.172852e-01,2.414551e-01,2000,0,4.603267e-02
2026-07-20T18:51:15.669,1784562675.669,272.803,2.306295e-01,3.375229e-03,2.197266e-01,2.402344e-01,2000,0,4.612590e-02
2026-07-20T18:51:15.769,1784562675.769,272.903,2.306631e-01,3.314989e-03,2.204590e-01,2.397461e-01,2000,0,4.613262e-02
2026-07-20T18:51:15.869,1784562675.870,273.004,2.302760e-01,3.376441e-03,2.194824e-01,2.407227e-01,2000,0,4.605520e-02
2026-07-20T18:51:15.969,1784562675.969,273.103,2.304761e-01,3.390340e-03,2.192383e-01,2.424316e-01,2000,0,4.609521e-02
2026-07-20T18:51:16.069,1784562676.069,273.203,2.313539e-01,3.621752e-03,2.207031e-01,2.424316e-01,2000,0,4.627078e-02
2026-07-20T18:51:16.169,1784562676.169,273.303,2.308295e-01,3.316446e-03,2.207031e-01,2.441406e-01,2000,0,4.616589e-02
2026-07-20T18:51:16.269,1784562676.269,273.403,2.308657e-01,3.579272e-03,2.172852e-01,2.434082e-01,2000,0,4.617314e-02
2026-07-20T18:51:16.369,1784562676.369,273.503,2.305349e-01,3.468478e-03,2.189941e-01,2.412109e-01,2000,0,4.610698e-02
2026-07-20T18:51:16.468,1784562676.469,273.603,2.306793e-01,3.515325e-03,2.158203e-01,2.431641e-01,2000,0,4.613586e-02
2026-07-20T18:51:16.569,1784562676.569,273.703,2.318055e-01,3.516044e-03,2.211914e-01,2.438965e-01,2000,0,4.636111e-02
2026-07-20T18:51:16.669,1784562676.669,273.804,2.316674e-01,3.429861e-03,2.204590e-01,2.431641e-01,2000,0,4.633347e-02
2026-07-20T18:51:16.769,1784562676.769,273.903,2.315068e-01,3.342574e-03,2.199707e-01,2.446289e-01,2000,0,4.630137e-02
2026-07-20T18:51:16.869,1784562676.870,274.003,2.317158e-01,3.402574e-03,2.214355e-01,2.424316e-01,2000,0,4.634316e-02
2026-07-20T18:51:16.970,1784562676.971,274.103,2.324730e-01,3.312473e-03,2.221680e-01,2.424316e-01,2000,0,4.649460e-02
2026-07-20T18:51:17.069,1784562677.070,274.203,2.323258e-01,3.363277e-03,2.197266e-01,2.419434e-01,2000,0,4.646516e-02
2026-07-20T18:51:17.169,1784562677.170,274.303,2.324664e-01,3.242323e-03,2.224121e-01,2.429199e-01,2000,0,4.649329e-02
2026-07-20T18:51:17.269,1784562677.270,274.403,2.329132e-01,3.287763e-03,2.197266e-01,2.436523e-01,2000,0,4.658264e-02
2026-07-20T18:51:17.369,1784562677.369,274.503,2.333043e-01,3.243304e-03,2.216797e-01,2.487793e-01,2000,0,4.666086e-02
2026-07-20T18:51:17.469,1784562677.469,274.603,2.326752e-01,3.319667e-03,2.224121e-01,2.465820e-01,2000,0,4.653503e-02
2026-07-20T18:51:17.569,1784562677.569,274.703,2.332944e-01,3.367739e-03,2.226562e-01,2.446289e-01,2000,0,4.665889e-02
2026-07-20T18:51:17.669,1784562677.669,274.804,2.329760e-01,3.184626e-03,2.229004e-01,2.448730e-01,2000,0,4.659519e-02
2026-07-20T18:51:17.769,1784562677.769,274.903,2.339950e-01,3.411552e-03,2.233887e-01,2.456055e-01,2000,0,4.679900e-02
2026-07-20T18:51:17.869,1784562677.869,275.004,2.335579e-01,3.159906e-03,2.226562e-01,2.453613e-01,2000,0,4.671157e-02
2026-07-20T18:51:17.969,1784562677.969,275.103,2.342974e-01,3.458025e-03,2.209473e-01,2.485352e-01,2000,0,4.685947e-02
2026-07-20T18:51:18.069,1784562678.069,275.203,2.346049e-01,3.364822e-03,2.238770e-01,2.468262e-01,2000,0,4.692097e-02
2026-07-20T18:51:18.169,1784562678.169,275.303,2.352163e-01,3.394723e-03,2.258301e-01,2.487793e-01,2000,0,4.704326e-02
2026-07-20T18:51:18.269,1784562678.269,275.403,2.348337e-01,3.228831e-03,2.241211e-01,2.468262e-01,2000,0,4.696675e-02
2026-07-20T18:51:18.369,1784562678.370,275.504,2.350629e-01,3.149955e-03,2.233887e-01,2.458496e-01,2000,0,4.701257e-02
2026-07-20T18:51:18.469,1784562678.469,275.603,2.357341e-01,3.501504e-03,2.243652e-01,2.482910e-01,2000,0,4.714683e-02
2026-07-20T18:51:18.569,1784562678.569,275.703,2.353289e-01,3.130930e-03,2.248535e-01,2.490234e-01,2000,0,4.706577e-02
2026-07-20T18:51:18.669,1784562678.669,275.803,2.361106e-01,3.288694e-03,2.243652e-01,2.473145e-01,2000,0,4.722212e-02
2026-07-20T18:51:18.769,1784562678.769,275.903,2.371484e-01,3.355929e-03,2.248535e-01,2.475586e-01,2000,0,4.742969e-02
2026-07-20T18:51:18.869,1784562678.870,276.003,2.365471e-01,3.374262e-03,2.258301e-01,2.470703e-01,2000,0,4.730942e-02
2026-07-20T18:51:18.969,1784562678.970,276.103,2.367635e-01,3.539859e-03,2.233887e-01,2.470703e-01,2000,0,4.735271e-02
2026-07-20T18:51:19.070,1784562679.071,276.203,2.375298e-01,3.477045e-03,2.255859e-01,2.473145e-01,2000,0,4.750596e-02
2026-07-20T18:51:19.169,1784562679.170,276.303,2.376212e-01,3.540667e-03,2.258301e-01,2.482910e-01,2000,0,4.752424e-02
2026-07-20T18:51:19.269,1784562679.270,276.403,2.377256e-01,3.505207e-03,2.246094e-01,2.490234e-01,2000,0,4.754512e-02
2026-07-20T18:51:19.369,1784562679.369,276.503,2.381752e-01,3.505274e-03,2.258301e-01,2.514648e-01,2000,0,4.763503e-02
2026-07-20T18:51:19.469,1784562679.469,276.603,2.385817e-01,3.446357e-03,2.250977e-01,2.512207e-01,2000,0,4.771633e-02
2026-07-20T18:51:19.569,1784562679.569,276.703,2.390464e-01,3.501517e-03,2.258301e-01,2.500000e-01,2000,0,4.780928e-02
2026-07-20T18:51:19.670,1784562679.670,276.804,2.389795e-01,3.247542e-03,2.224121e-01,2.492676e-01,2000,0,4.779590e-02
2026-07-20T18:51:19.769,1784562679.769,276.903,2.394585e-01,3.467969e-03,2.236328e-01,2.497559e-01,2000,0,4.789170e-02
2026-07-20T18:51:19.869,1784562679.869,277.003,2.400078e-01,3.633423e-03,2.250977e-01,2.514648e-01,2000,0,4.800156e-02
2026-07-20T18:51:19.969,1784562679.969,277.103,2.404880e-01,3.527908e-03,2.268066e-01,2.524414e-01,2000,0,4.809761e-02
2026-07-20T18:51:20.071,1784562680.072,277.203,2.405573e-01,3.524384e-03,2.292480e-01,2.517090e-01,2000,0,4.811145e-02
2026-07-20T18:51:20.169,1784562680.169,277.303,2.407277e-01,3.574339e-03,2.258301e-01,2.524414e-01,2000,0,4.814553e-02
2026-07-20T18:51:20.269,1784562680.269,277.403,2.410023e-01,3.525405e-03,2.282715e-01,2.512207e-01,2000,0,4.820046e-02
2026-07-20T18:51:20.369,1784562680.369,277.503,2.413441e-01,3.409290e-03,2.287598e-01,2.519531e-01,2000,0,4.826882e-02
2026-07-20T18:51:20.469,1784562680.469,277.603,2.421259e-01,3.594408e-03,2.290039e-01,2.548828e-01,2000,0,4.842517e-02
2026-07-20T18:51:20.569,1784562680.569,277.703,2.421183e-01,3.457570e-03,2.270508e-01,2.529297e-01,2000,0,4.842366e-02
2026-07-20T18:51:20.669,1784562680.669,277.803,2.424030e-01,3.520121e-03,2.294922e-01,2.529297e-01,2000,0,4.848059e-02
2026-07-20T18:51:20.769,1784562680.769,277.903,2.422823e-01,3.341772e-03,2.292480e-01,2.534180e-01,2000,0,4.845647e-02
2026-07-20T18:51:20.869,1784562680.869,278.003,2.427286e-01,3.452667e-03,2.309570e-01,2.524414e-01,2000,0,4.854573e-02
2026-07-20T18:51:20.969,1784562680.969,278.103,2.432029e-01,3.218693e-03,2.329102e-01,2.543945e-01,2000,0,4.864058e-02
2026-07-20T18:51:21.069,1784562681.069,278.203,2.431907e-01,3.437029e-03,2.321777e-01,2.556152e-01,2000,0,4.863813e-02
2026-07-20T18:51:21.169,1784562681.169,278.303,2.433571e-01,3.258721e-03,2.329102e-01,2.556152e-01,2000,0,4.867141e-02
2026-07-20T18:51:21.269,1784562681.269,278.403,2.436802e-01,3.323695e-03,2.299805e-01,2.539062e-01,2000,0,4.873604e-02
2026-07-20T18:51:21.369,1784562681.369,278.503,2.440146e-01,3.242825e-03,2.336426e-01,2.548828e-01,2000,0,4.880293e-02
2026-07-20T18:51:21.469,1784562681.469,278.603,2.438977e-01,3.221796e-03,2.336426e-01,2.561035e-01,2000,0,4.877954e-02
2026-07-20T18:51:21.569,1784562681.569,278.703,2.439218e-01,3.058945e-03,2.321777e-01,2.600098e-01,2000,0,4.878435e-02
2026-07-20T18:51:21.669,1784562681.669,278.803,2.436277e-01,3.139840e-03,2.338867e-01,2.548828e-01,2000,0,4.872554e-02
2026-07-20T18:51:21.769,1784562681.769,278.903,2.433102e-01,3.193797e-03,2.312012e-01,2.536621e-01,2000,0,4.866204e-02
2026-07-20T18:51:21.869,1784562681.869,279.003,2.437478e-01,2.986690e-03,2.348633e-01,2.546387e-01,2000,0,4.874956e-02
2026-07-20T18:51:21.969,1784562681.969,279.103,2.450227e-01,3.260756e-03,2.336426e-01,2.558594e-01,2000,0,4.900454e-02
2026-07-20T18:51:22.068,1784562682.069,279.203,2.452633e-01,3.097858e-03,2.346191e-01,2.568359e-01,2000,0,4.905266e-02
2026-07-20T18:51:22.169,1784562682.169,279.303,2.452964e-01,3.262446e-03,2.333984e-01,2.556152e-01,2000,0,4.905928e-02
2026-07-20T18:51:22.269,1784562682.269,279.403,2.455009e-01,3.276153e-03,2.331543e-01,2.556152e-01,2000,0,4.910017e-02
2026-07-20T18:51:22.369,1784562682.369,279.503,2.453501e-01,3.381756e-03,2.343750e-01,2.583008e-01,2000,0,4.907002e-02
2026-07-20T18:51:22.469,1784562682.469,279.603,2.450909e-01,3.282951e-03,2.348633e-01,2.561035e-01,2000,0,4.901819e-02
2026-07-20T18:51:22.569,1784562682.569,279.703,2.461821e-01,3.478571e-03,2.348633e-01,2.575684e-01,2000,0,4.923643e-02
2026-07-20T18:51:22.669,1784562682.669,279.803,2.458435e-01,3.318682e-03,2.353516e-01,2.595215e-01,2000,0,4.916870e-02
2026-07-20T18:51:22.769,1784562682.769,279.903,2.462103e-01,3.619697e-03,2.353516e-01,2.597656e-01,2000,0,4.924207e-02
2026-07-20T18:51:22.869,1784562682.869,280.003,2.459377e-01,3.594590e-03,2.346191e-01,2.570801e-01,2000,0,4.918755e-02
2026-07-20T18:51:22.969,1784562682.969,280.103,2.448462e-01,3.612662e-03,2.343750e-01,2.587891e-01,2000,0,4.896924e-02
2026-07-20T18:51:23.069,1784562683.069,280.203,2.452504e-01,3.655446e-03,2.333984e-01,2.585449e-01,2000,0,4.905007e-02
2026-07-20T18:51:23.171,1784562683.172,280.304,2.448329e-01,3.349361e-03,2.346191e-01,2.563477e-01,2000,0,4.896658e-02
2026-07-20T18:51:23.269,1784562683.269,280.403,2.450475e-01,3.499856e-03,2.326660e-01,2.570801e-01,2000,0,4.900950e-02
2026-07-20T18:51:23.369,1784562683.369,280.503,2.453485e-01,3.669765e-03,2.331543e-01,2.575684e-01,2000,0,4.906970e-02
2026-07-20T18:51:23.469,1784562683.469,280.603,2.455719e-01,3.761942e-03,2.346191e-01,2.575684e-01,2000,0,4.911438e-02
2026-07-20T18:51:23.569,1784562683.569,280.703,2.457018e-01,3.666281e-03,2.341309e-01,2.592773e-01,2000,0,4.914036e-02
2026-07-20T18:51:23.669,1784562683.669,280.803,2.455181e-01,3.457757e-03,2.336426e-01,2.585449e-01,2000,0,4.910361e-02
2026-07-20T18:51:23.769,1784562683.769,280.903,2.456960e-01,3.731563e-03,2.343750e-01,2.580566e-01,2000,0,4.913921e-02
2026-07-20T18:51:23.869,1784562683.869,281.004,2.451472e-01,3.282805e-03,2.346191e-01,2.558594e-01,2000,0,4.902944e-02
2026-07-20T18:51:23.969,1784562683.969,281.103,2.449030e-01,3.621252e-03,2.329102e-01,2.565918e-01,2000,0,4.898059e-02
2026-07-20T18:51:24.069,1784562684.069,281.203,2.453328e-01,3.451619e-03,2.343750e-01,2.634277e-01,2000,0,4.906655e-02
2026-07-20T18:51:24.169,1784562684.169,281.303,2.453418e-01,3.382617e-03,2.346191e-01,2.565918e-01,2000,0,4.906836e-02
2026-07-20T18:51:24.269,1784562684.269,281.403,2.453290e-01,3.338903e-03,2.331543e-01,2.561035e-01,2000,0,4.906580e-02
2026-07-20T18:51:24.369,1784562684.369,281.503,2.457271e-01,3.225411e-03,2.316895e-01,2.568359e-01,2000,0,4.914541e-02
2026-07-20T18:51:24.470,1784562684.470,281.603,2.454934e-01,3.204631e-03,2.365723e-01,2.600098e-01,2000,0,4.909868e-02
2026-07-20T18:51:24.571,1784562684.571,281.703,2.454368e-01,3.030802e-03,2.329102e-01,2.556152e-01,2000,0,4.908735e-02
2026-07-20T18:51:24.669,1784562684.670,281.803,2.463053e-01,3.155131e-03,2.360840e-01,2.612305e-01,2000,0,4.926106e-02
2026-07-20T18:51:24.769,1784562684.770,281.903,2.455262e-01,2.961228e-03,2.314453e-01,2.558594e-01,2000,0,4.910525e-02
2026-07-20T18:51:24.869,1784562684.870,282.003,2.458235e-01,2.870294e-03,2.353516e-01,2.558594e-01,2000,0,4.916470e-02
2026-07-20T18:51:24.969,1784562684.969,282.103,2.457196e-01,2.731779e-03,2.348633e-01,2.575684e-01,2000,0,4.914392e-02
2026-07-20T18:51:25.069,1784562685.069,282.203,2.456289e-01,2.707065e-03,2.343750e-01,2.578125e-01,2000,0,4.912578e-02
2026-07-20T18:51:25.169,1784562685.169,282.303,2.462263e-01,2.712436e-03,2.353516e-01,2.543945e-01,2000,0,4.924526e-02
2026-07-20T18:51:25.269,1784562685.269,282.403,2.463031e-01,2.659275e-03,2.355957e-01,2.573242e-01,2000,0,4.926062e-02
2026-07-20T18:51:25.369,1784562685.369,282.503,2.459104e-01,2.729127e-03,2.341309e-01,2.558594e-01,2000,0,4.918208e-02
2026-07-20T18:51:25.470,1784562685.470,282.603,2.463379e-01,2.704115e-03,2.343750e-01,2.543945e-01,2000,0,4.926758e-02
2026-07-20T18:51:25.569,1784562685.570,282.703,2.464011e-01,2.666055e-03,2.363281e-01,2.548828e-01,2000,0,4.928022e-02
2026-07-20T18:51:25.669,1784562685.670,282.803,2.465422e-01,2.627235e-03,2.351074e-01,2.578125e-01,2000,0,4.930845e-02
2026-07-20T18:51:25.769,1784562685.770,282.903,2.466840e-01,2.882826e-03,2.365723e-01,2.556152e-01,2000,0,4.933679e-02
2026-07-20T18:51:25.869,1784562685.870,283.003,2.464532e-01,2.685605e-03,2.370605e-01,2.597656e-01,2000,0,4.929065e-02
2026-07-20T18:51:25.969,1784562685.969,283.103,2.467620e-01,2.809133e-03,2.375488e-01,2.553711e-01,2000,0,4.935239e-02
2026-07-20T18:51:26.069,1784562686.069,283.203,2.474080e-01,2.849962e-03,2.377930e-01,2.558594e-01,2000,0,4.948159e-02
2026-07-20T18:51:26.169,1784562686.169,283.303,2.474971e-01,2.905791e-03,2.380371e-01,2.573242e-01,2000,0,4.949941e-02
2026-07-20T18:51:26.269,1784562686.269,283.403,2.472339e-01,3.038645e-03,2.382812e-01,2.573242e-01,2000,0,4.944678e-02
2026-07-20T18:51:26.369,1784562686.369,283.503,2.477025e-01,3.156456e-03,2.380371e-01,2.573242e-01,2000,0,4.954050e-02
2026-07-20T18:51:26.469,1784562686.469,283.604,2.477253e-01,3.180006e-03,2.365723e-01,2.614746e-01,2000,0,4.954507e-02
2026-07-20T18:51:26.569,1784562686.569,283.703,2.474448e-01,3.180440e-03,2.358398e-01,2.580566e-01,2000,0,4.948896e-02
2026-07-20T18:51:26.669,1784562686.669,283.803,2.476343e-01,3.120428e-03,2.375488e-01,2.595215e-01,2000,0,4.952686e-02
2026-07-20T18:51:26.769,1784562686.769,283.903,2.486117e-01,3.402792e-03,2.377930e-01,2.602539e-01,2000,0,4.972234e-02
2026-07-20T18:51:26.869,1784562686.869,284.003,2.480220e-01,3.254172e-03,2.368164e-01,2.590332e-01,2000,0,4.960439e-02
2026-07-20T18:51:26.969,1784562686.969,284.103,2.488531e-01,3.033294e-03,2.390137e-01,2.575684e-01,2000,0,4.977063e-02
2026-07-20T18:51:27.069,1784562687.069,284.203,2.490858e-01,3.322190e-03,2.382812e-01,2.595215e-01,2000,0,4.981716e-02
2026-07-20T18:51:27.169,1784562687.169,284.303,2.493787e-01,3.190769e-03,2.390137e-01,2.634277e-01,2000,0,4.987573e-02
2026-07-20T18:51:27.269,1784562687.269,284.403,2.494846e-01,3.237554e-03,2.402344e-01,2.595215e-01,2000,0,4.989692e-02
2026-07-20T18:51:27.369,1784562687.369,284.503,2.496823e-01,3.343654e-03,2.373047e-01,2.680664e-01,2000,0,4.993645e-02
2026-07-20T18:51:27.469,1784562687.469,284.603,2.496753e-01,3.128766e-03,2.395020e-01,2.587891e-01,2000,0,4.993506e-02
2026-07-20T18:51:27.569,1784562687.569,284.703,2.503124e-01,3.353406e-03,2.377930e-01,2.622070e-01,2000,0,5.006248e-02
2026-07-20T18:51:27.669,1784562687.669,284.803,2.500665e-01,3.278821e-03,2.385254e-01,2.617188e-01,2000,0,5.001331e-02
2026-07-20T18:51:27.769,1784562687.769,284.903,2.501896e-01,3.119498e-03,2.399902e-01,2.602539e-01,2000,0,5.003792e-02
2026-07-20T18:51:27.869,1784562687.869,285.003,2.506563e-01,3.009162e-03,2.407227e-01,2.609863e-01,2000,0,5.013125e-02
2026-07-20T18:51:27.969,1784562687.970,285.104,2.503622e-01,3.527716e-03,2.375488e-01,2.607422e-01,2000,0,5.007244e-02
2026-07-20T18:51:28.069,1784562688.069,285.203,2.505586e-01,3.194093e-03,2.377930e-01,2.641602e-01,2000,0,5.011172e-02
2026-07-20T18:51:28.169,1784562688.169,285.303,2.512513e-01,3.115638e-03,2.414551e-01,2.622070e-01,2000,0,5.025027e-02
2026-07-20T18:51:28.269,1784562688.269,285.403,2.510979e-01,3.237888e-03,2.395020e-01,2.622070e-01,2000,0,5.021958e-02
2026-07-20T18:51:28.369,1784562688.369,285.503,2.506838e-01,2.926302e-03,2.407227e-01,2.602539e-01,2000,0,5.013677e-02
2026-07-20T18:51:28.469,1784562688.469,285.603,2.509556e-01,3.085522e-03,2.397461e-01,2.622070e-01,2000,0,5.019111e-02
2026-07-20T18:51:28.569,1784562688.569,285.703,2.513809e-01,3.174858e-03,2.395020e-01,2.670898e-01,2000,0,5.027617e-02
2026-07-20T18:51:28.669,1784562688.669,285.803,2.513136e-01,3.093992e-03,2.407227e-01,2.619629e-01,2000,0,5.026272e-02
2026-07-20T18:51:28.769,1784562688.769,285.903,2.513579e-01,3.042869e-03,2.416992e-01,2.619629e-01,2000,0,5.027158e-02
2026-07-20T18:51:28.869,1784562688.870,286.004,2.514093e-01,3.120101e-03,2.407227e-01,2.617188e-01,2000,0,5.028186e-02
2026-07-20T18:51:28.969,1784562688.969,286.103,2.518630e-01,2.888781e-03,2.424316e-01,2.622070e-01,2000,0,5.037261e-02
2026-07-20T18:51:29.069,1784562689.070,286.204,2.520610e-01,3.235187e-03,2.414551e-01,2.641602e-01,2000,0,5.041221e-02
2026-07-20T18:51:29.169,1784562689.169,286.303,2.521432e-01,2.899394e-03,2.390137e-01,2.624512e-01,2000,0,5.042864e-02
2026-07-20T18:51:29.269,1784562689.269,286.403,2.520326e-01,2.777088e-03,2.421875e-01,2.631836e-01,2000,0,5.040652e-02
2026-07-20T18:51:29.369,1784562689.370,286.504,2.515803e-01,3.237412e-03,2.409668e-01,2.634277e-01,2000,0,5.031606e-02
2026-07-20T18:51:29.469,1784562689.470,286.604,2.520986e-01,3.053513e-03,2.426758e-01,2.634277e-01,2000,0,5.041973e-02
2026-07-20T18:51:29.569,1784562689.569,286.703,2.523497e-01,2.832152e-03,2.421875e-01,2.609863e-01,2000,0,5.046995e-02
2026-07-20T18:51:29.669,1784562689.669,286.803,2.525663e-01,3.027234e-03,2.421875e-01,2.634277e-01,2000,0,5.051326e-02
2026-07-20T18:51:29.769,1784562689.769,286.903,2.530270e-01,2.798098e-03,2.421875e-01,2.622070e-01,2000,0,5.060540e-02
2026-07-20T18:51:29.869,1784562689.870,287.003,2.524271e-01,2.993856e-03,2.407227e-01,2.626953e-01,2000,0,5.048542e-02
2026-07-20T18:51:29.969,1784562689.970,287.104,2.520148e-01,3.081735e-03,2.373047e-01,2.631836e-01,2000,0,5.040295e-02
2026-07-20T18:51:30.069,1784562690.070,287.203,2.523861e-01,3.087681e-03,2.426758e-01,2.656250e-01,2000,0,5.047722e-02
2026-07-20T18:51:30.169,1784562690.170,287.303,2.525244e-01,3.104240e-03,2.431641e-01,2.626953e-01,2000,0,5.050488e-02
2026-07-20T18:51:30.269,1784562690.269,287.403,2.523462e-01,3.144754e-03,2.419434e-01,2.648926e-01,2000,0,5.046924e-02
2026-07-20T18:51:30.369,1784562690.369,287.503,2.518839e-01,3.101577e-03,2.424316e-01,2.634277e-01,2000,0,5.037678e-02
2026-07-20T18:51:30.469,1784562690.470,287.603,2.516234e-01,2.985039e-03,2.414551e-01,2.629395e-01,2000,0,5.032468e-02
2026-07-20T18:51:30.569,1784562690.570,287.703,2.518491e-01,3.035018e-03,2.414551e-01,2.626953e-01,2000,0,5.036982e-02
2026-07-20T18:51:30.669,1784562690.670,287.803,2.516107e-01,3.165888e-03,2.402344e-01,2.641602e-01,2000,0,5.032214e-02
2026-07-20T18:51:30.769,1784562690.770,287.903,2.508368e-01,2.987684e-03,2.426758e-01,2.634277e-01,2000,0,5.016736e-02
2026-07-20T18:51:30.870,1784562690.870,288.003,2.502507e-01,3.255350e-03,2.399902e-01,2.639160e-01,2000,0,5.005015e-02
2026-07-20T18:51:30.970,1784562690.970,288.103,2.499955e-01,3.138723e-03,2.399902e-01,2.617188e-01,2000,0,4.999910e-02
2026-07-20T18:51:31.070,1784562691.070,288.203,2.489272e-01,3.173375e-03,2.397461e-01,2.607422e-01,2000,0,4.978545e-02
2026-07-20T18:51:31.170,1784562691.170,288.303,2.486250e-01,3.159170e-03,2.390137e-01,2.604980e-01,2000,0,4.972500e-02
2026-07-20T18:51:31.269,1784562691.270,288.403,2.479843e-01,3.147120e-03,2.373047e-01,2.595215e-01,2000,0,4.959685e-02
2026-07-20T18:51:31.369,1784562691.370,288.503,2.474691e-01,3.219392e-03,2.377930e-01,2.587891e-01,2000,0,4.949382e-02
2026-07-20T18:51:31.469,1784562691.470,288.603,2.466753e-01,3.241284e-03,2.302246e-01,2.590332e-01,2000,0,4.933506e-02
2026-07-20T18:51:31.569,1784562691.570,288.703,2.460413e-01,3.145520e-03,2.363281e-01,2.575684e-01,2000,0,4.920825e-02
2026-07-20T18:51:31.669,1784562691.670,288.803,2.450814e-01,2.981936e-03,2.312012e-01,2.543945e-01,2000,0,4.901628e-02
2026-07-20T18:51:31.769,1784562691.770,288.903,2.444098e-01,3.264645e-03,2.331543e-01,2.563477e-01,2000,0,4.888196e-02
2026-07-20T18:51:31.869,1784562691.870,289.003,2.432360e-01,3.168300e-03,2.336426e-01,2.561035e-01,2000,0,4.864719e-02
2026-07-20T18:51:31.969,1784562691.970,289.104,2.424432e-01,3.169489e-03,2.321777e-01,2.531738e-01,2000,0,4.848865e-02
2026-07-20T18:51:32.069,1784562692.070,289.203,2.419193e-01,3.067477e-03,2.324219e-01,2.551270e-01,2000,0,4.838386e-02
2026-07-20T18:51:32.169,1784562692.170,289.303,2.404288e-01,3.227241e-03,2.287598e-01,2.514648e-01,2000,0,4.808577e-02
2026-07-20T18:51:32.269,1784562692.269,289.403,2.397028e-01,3.298655e-03,2.280273e-01,2.507324e-01,2000,0,4.794055e-02
2026-07-20T18:51:32.369,1784562692.370,289.503,2.386963e-01,3.271840e-03,2.280273e-01,2.504883e-01,2000,0,4.773926e-02
2026-07-20T18:51:32.469,1784562692.470,289.603,2.375663e-01,3.192034e-03,2.263184e-01,2.490234e-01,2000,0,4.751326e-02
2026-07-20T18:51:32.569,1784562692.570,289.703,2.373246e-01,3.386468e-03,2.260742e-01,2.470703e-01,2000,0,4.746492e-02
2026-07-20T18:51:32.671,1784562692.671,289.803,2.359427e-01,3.254083e-03,2.211914e-01,2.465820e-01,2000,0,4.718855e-02
2026-07-20T18:51:32.769,1784562692.769,289.903,2.352694e-01,3.098271e-03,2.253418e-01,2.456055e-01,2000,0,4.705388e-02
2026-07-20T18:51:32.869,1784562692.870,290.003,2.346599e-01,3.289310e-03,2.231445e-01,2.451172e-01,2000,0,4.693198e-02
2026-07-20T18:51:32.971,1784562692.971,290.103,2.339889e-01,3.284316e-03,2.219238e-01,2.443848e-01,2000,0,4.679778e-02
2026-07-20T18:51:33.069,1784562693.069,290.203,2.330095e-01,3.237477e-03,2.231445e-01,2.485352e-01,2000,0,4.660190e-02
2026-07-20T18:51:33.169,1784562693.170,290.303,2.324955e-01,3.289813e-03,2.219238e-01,2.434082e-01,2000,0,4.649910e-02
2026-07-20T18:51:33.270,1784562693.270,290.403,2.320093e-01,3.272549e-03,2.202148e-01,2.429199e-01,2000,0,4.640186e-02
2026-07-20T18:51:33.370,1784562693.370,290.503,2.312451e-01,3.329496e-03,2.202148e-01,2.429199e-01,2000,0,4.624902e-02
2026-07-20T18:51:33.470,1784562693.470,290.603,2.311716e-01,3.347411e-03,2.204590e-01,2.434082e-01,2000,0,4.623433e-02
2026-07-20T18:51:33.570,1784562693.571,290.703,2.304349e-01,3.206686e-03,2.180176e-01,2.402344e-01,2000,0,4.608699e-02
2026-07-20T18:51:33.670,1784562693.670,290.803,2.293612e-01,3.143757e-03,2.177734e-01,2.402344e-01,2000,0,4.587224e-02
2026-07-20T18:51:33.769,1784562693.770,290.903,2.295189e-01,3.313857e-03,2.167969e-01,2.387695e-01,2000,0,4.590378e-02
2026-07-20T18:51:33.869,1784562693.870,291.003,2.282168e-01,3.228494e-03,2.167969e-01,2.375488e-01,2000,0,4.564336e-02
2026-07-20T18:51:33.969,1784562693.970,291.103,2.275311e-01,3.140368e-03,2.167969e-01,2.373047e-01,2000,0,4.550623e-02
2026-07-20T18:51:34.069,1784562694.070,291.203,2.270336e-01,3.209307e-03,2.167969e-01,2.365723e-01,2000,0,4.540671e-02
2026-07-20T18:51:34.169,1784562694.170,291.303,2.262961e-01,3.057755e-03,2.155762e-01,2.370605e-01,2000,0,4.525923e-02
2026-07-20T18:51:34.269,1784562694.270,291.403,2.256414e-01,3.247130e-03,2.155762e-01,2.404785e-01,2000,0,4.512827e-02
2026-07-20T18:51:34.369,1784562694.370,291.503,2.252249e-01,3.058533e-03,2.155762e-01,2.377930e-01,2000,0,4.504497e-02
2026-07-20T18:51:34.469,1784562694.470,291.603,2.240179e-01,3.227434e-03,2.128906e-01,2.336426e-01,2000,0,4.480359e-02
2026-07-20T18:51:34.569,1784562694.570,291.703,2.238546e-01,3.193114e-03,2.080078e-01,2.353516e-01,2000,0,4.477092e-02
2026-07-20T18:51:34.669,1784562694.670,291.803,2.232004e-01,3.183266e-03,2.126465e-01,2.326660e-01,2000,0,4.464009e-02
2026-07-20T18:51:34.769,1784562694.770,291.903,2.232150e-01,3.101742e-03,2.126465e-01,2.338867e-01,2000,0,4.464299e-02
2026-07-20T18:51:34.869,1784562694.870,292.003,2.217355e-01,3.178701e-03,2.126465e-01,2.316895e-01,2000,0,4.434709e-02
2026-07-20T18:51:34.969,1784562694.970,292.103,2.210315e-01,3.167455e-03,2.111816e-01,2.319336e-01,2000,0,4.420630e-02
2026-07-20T18:51:35.069,1784562695.070,292.203,2.210322e-01,3.180646e-03,2.067871e-01,2.304688e-01,2000,0,4.420645e-02
2026-07-20T18:51:35.169,1784562695.170,292.303,2.204940e-01,3.198074e-03,2.097168e-01,2.326660e-01,2000,0,4.409880e-02
2026-07-20T18:51:35.269,1784562695.270,292.403,2.195148e-01,3.179410e-03,2.067871e-01,2.299805e-01,2000,0,4.390295e-02
2026-07-20T18:51:35.369,1784562695.370,292.503,2.198383e-01,3.290552e-03,2.062988e-01,2.336426e-01,2000,0,4.396765e-02
2026-07-20T18:51:35.469,1784562695.470,292.603,2.186670e-01,3.323187e-03,2.084961e-01,2.321777e-01,2000,0,4.373340e-02
2026-07-20T18:51:35.569,1784562695.570,292.703,2.181814e-01,3.209635e-03,2.072754e-01,2.294922e-01,2000,0,4.363628e-02
2026-07-20T18:51:35.670,1784562695.670,292.804,2.185195e-01,3.311908e-03,2.077637e-01,2.319336e-01,2000,0,4.370391e-02
2026-07-20T18:51:35.769,1784562695.770,292.903,2.178645e-01,3.327610e-03,2.048340e-01,2.304688e-01,2000,0,4.357290e-02
2026-07-20T18:51:35.869,1784562695.870,293.003,2.171180e-01,3.294976e-03,2.067871e-01,2.265625e-01,2000,0,4.342361e-02
2026-07-20T18:51:35.969,1784562695.970,293.103,2.165022e-01,3.413896e-03,2.058105e-01,2.270508e-01,2000,0,4.330044e-02
2026-07-20T18:51:36.069,1784562696.070,293.203,2.161890e-01,3.243635e-03,2.041016e-01,2.260742e-01,2000,0,4.323779e-02
2026-07-20T18:51:36.169,1784562696.169,293.303,2.154490e-01,3.343680e-03,2.055664e-01,2.258301e-01,2000,0,4.308979e-02
2026-07-20T18:51:36.269,1784562696.270,293.403,2.155193e-01,3.394395e-03,1.997070e-01,2.253418e-01,2000,0,4.310386e-02
2026-07-20T18:51:36.369,1784562696.370,293.503,2.149634e-01,3.322151e-03,1.999512e-01,2.250977e-01,2000,0,4.299268e-02
2026-07-20T18:51:36.469,1784562696.470,293.603,2.149579e-01,3.287106e-03,2.041016e-01,2.238770e-01,2000,0,4.299158e-02
2026-07-20T18:51:36.569,1784562696.570,293.703,2.149784e-01,3.248927e-03,2.036133e-01,2.246094e-01,2000,0,4.299568e-02
2026-07-20T18:51:36.669,1784562696.670,293.803,2.148932e-01,3.336899e-03,2.050781e-01,2.265625e-01,2000,0,4.297864e-02
2026-07-20T18:51:36.769,1784562696.770,293.903,2.140879e-01,3.220443e-03,2.021484e-01,2.241211e-01,2000,0,4.281758e-02
2026-07-20T18:51:36.869,1784562696.870,294.003,2.143639e-01,3.295965e-03,2.023926e-01,2.248535e-01,2000,0,4.287278e-02
2026-07-20T18:51:36.969,1784562696.970,294.103,2.132390e-01,3.330124e-03,2.041016e-01,2.238770e-01,2000,0,4.264780e-02
2026-07-20T18:51:37.069,1784562697.070,294.203,2.135454e-01,3.232968e-03,2.021484e-01,2.219238e-01,2000,0,4.270908e-02
2026-07-20T18:51:37.169,1784562697.169,294.303,2.128645e-01,3.207413e-03,2.019043e-01,2.243652e-01,2000,0,4.257290e-02
2026-07-20T18:51:37.269,1784562697.270,294.403,2.130090e-01,3.293843e-03,1.997070e-01,2.268066e-01,2000,0,4.260181e-02
2026-07-20T18:51:37.369,1784562697.369,294.503,2.130011e-01,3.332012e-03,1.962891e-01,2.224121e-01,2000,0,4.260022e-02
2026-07-20T18:51:37.469,1784562697.470,294.603,2.132722e-01,3.159335e-03,2.004395e-01,2.231445e-01,2000,0,4.265444e-02
2026-07-20T18:51:37.569,1784562697.570,294.703,2.129363e-01,3.198382e-03,2.026367e-01,2.270508e-01,2000,0,4.258726e-02
2026-07-20T18:51:37.669,1784562697.670,294.803,2.132466e-01,3.423320e-03,2.001953e-01,2.229004e-01,2000,0,4.264932e-02
2026-07-20T18:51:37.769,1784562697.770,294.903,2.130378e-01,3.288098e-03,2.026367e-01,2.241211e-01,2000,0,4.260757e-02
2026-07-20T18:51:37.870,1784562697.870,295.003,2.129247e-01,3.425390e-03,2.001953e-01,2.224121e-01,2000,0,4.258494e-02
2026-07-20T18:51:37.970,1784562697.970,295.103,2.130613e-01,3.370807e-03,2.004395e-01,2.241211e-01,2000,0,4.261226e-02
2026-07-20T18:51:38.070,1784562698.070,295.203,2.129581e-01,3.299613e-03,1.984863e-01,2.250977e-01,2000,0,4.259163e-02
2026-07-20T18:51:38.170,1784562698.170,295.303,2.129454e-01,3.442842e-03,2.028809e-01,2.253418e-01,2000,0,4.258909e-02
2026-07-20T18:51:38.270,1784562698.270,295.403,2.127429e-01,3.330726e-03,2.016602e-01,2.243652e-01,2000,0,4.254858e-02
2026-07-20T18:51:38.369,1784562698.370,295.503,2.134086e-01,3.244231e-03,2.036133e-01,2.246094e-01,2000,0,4.268171e-02
2026-07-20T18:51:38.469,1784562698.470,295.603,2.134536e-01,3.477452e-03,2.011719e-01,2.263184e-01,2000,0,4.269072e-02
2026-07-20T18:51:38.569,1784562698.570,295.703,2.134907e-01,3.244805e-03,2.031250e-01,2.238770e-01,2000,0,4.269814e-02
2026-07-20T18:51:38.669,1784562698.670,295.803,2.141597e-01,3.560411e-03,2.028809e-01,2.290039e-01,2000,0,4.283193e-02
2026-07-20T18:51:38.769,1784562698.770,295.903,2.135142e-01,3.427626e-03,2.033691e-01,2.243652e-01,2000,0,4.270283e-02
2026-07-20T18:51:38.869,1784562698.870,296.003,2.142192e-01,3.625448e-03,2.043457e-01,2.272949e-01,2000,0,4.284385e-02
2026-07-20T18:51:38.969,1784562698.970,296.103,2.143660e-01,3.606348e-03,2.014160e-01,2.265625e-01,2000,0,4.287319e-02
2026-07-20T18:51:39.069,1784562699.070,296.203,2.141267e-01,3.624325e-03,2.038574e-01,2.275391e-01,2000,0,4.282534e-02
2026-07-20T18:51:39.169,1784562699.170,296.303,2.146261e-01,3.511076e-03,2.033691e-01,2.294922e-01,2000,0,4.292522e-02
2026-07-20T18:51:39.269,1784562699.270,296.404,2.151958e-01,3.295588e-03,2.026367e-01,2.248535e-01,2000,0,4.303916e-02
2026-07-20T18:51:39.369,1784562699.370,296.503,2.156410e-01,3.706976e-03,2.043457e-01,2.294922e-01,2000,0,4.312820e-02
2026-07-20T18:51:39.469,1784562699.470,296.603,2.158740e-01,3.575244e-03,2.045898e-01,2.294922e-01,2000,0,4.317480e-02
2026-07-20T18:51:39.569,1784562699.570,296.703,2.159829e-01,3.558356e-03,2.041016e-01,2.353516e-01,2000,0,4.319658e-02
2026-07-20T18:51:39.669,1784562699.670,296.803,2.163126e-01,3.668039e-03,2.058105e-01,2.290039e-01,2000,0,4.326252e-02
2026-07-20T18:51:39.769,1784562699.769,296.903,2.162528e-01,3.684262e-03,2.026367e-01,2.275391e-01,2000,0,4.325056e-02
2026-07-20T18:51:39.869,1784562699.870,297.003,2.160304e-01,3.702206e-03,2.033691e-01,2.285156e-01,2000,0,4.320608e-02
2026-07-20T18:51:39.969,1784562699.970,297.103,2.163252e-01,3.584999e-03,2.060547e-01,2.285156e-01,2000,0,4.326504e-02
2026-07-20T18:51:40.069,1784562700.070,297.203,2.171812e-01,3.644951e-03,2.060547e-01,2.302246e-01,2000,0,4.343623e-02
2026-07-20T18:51:40.169,1784562700.170,297.303,2.179512e-01,3.584364e-03,2.060547e-01,2.285156e-01,2000,0,4.359023e-02
2026-07-20T18:51:40.269,1784562700.270,297.403,2.185928e-01,3.616598e-03,2.048340e-01,2.294922e-01,2000,0,4.371855e-02
2026-07-20T18:51:40.369,1784562700.370,297.504,2.179769e-01,3.451606e-03,2.067871e-01,2.316895e-01,2000,0,4.359539e-02
2026-07-20T18:51:40.469,1784562700.470,297.603,2.184465e-01,3.520563e-03,2.072754e-01,2.319336e-01,2000,0,4.368931e-02
2026-07-20T18:51:40.569,1784562700.570,297.703,2.189734e-01,3.568738e-03,2.080078e-01,2.304688e-01,2000,0,4.379468e-02
2026-07-20T18:51:40.669,1784562700.670,297.803,2.197172e-01,3.554632e-03,2.084961e-01,2.331543e-01,2000,0,4.394343e-02
2026-07-20T18:51:40.769,1784562700.770,297.903,2.200829e-01,3.335066e-03,2.097168e-01,2.304688e-01,2000,0,4.401658e-02
2026-07-20T18:51:40.870,1784562700.870,298.004,2.195594e-01,3.193281e-03,2.087402e-01,2.326660e-01,2000,0,4.391189e-02
2026-07-20T18:51:40.969,1784562700.970,298.103,2.200640e-01,3.399671e-03,2.028809e-01,2.336426e-01,2000,0,4.401279e-02
2026-07-20T18:51:41.069,1784562701.070,298.203,2.214865e-01,3.303386e-03,2.102051e-01,2.341309e-01,2000,0,4.429729e-02
2026-07-20T18:51:41.169,1784562701.170,298.303,2.209033e-01,3.181421e-03,2.072754e-01,2.341309e-01,2000,0,4.418066e-02
2026-07-20T18:51:41.269,1784562701.270,298.403,2.219822e-01,3.255456e-03,2.114258e-01,2.341309e-01,2000,0,4.439644e-02
2026-07-20T18:51:41.370,1784562701.370,298.503,2.222324e-01,3.152737e-03,2.114258e-01,2.355957e-01,2000,0,4.444648e-02
2026-07-20T18:51:41.470,1784562701.470,298.603,2.224589e-01,3.262899e-03,2.121582e-01,2.343750e-01,2000,0,4.449177e-02
2026-07-20T18:51:41.570,1784562701.570,298.703,2.234073e-01,3.298254e-03,2.116699e-01,2.370605e-01,2000,0,4.468147e-02
2026-07-20T18:51:41.670,1784562701.670,298.803,2.232772e-01,3.155362e-03,2.126465e-01,2.348633e-01,2000,0,4.465544e-02
2026-07-20T18:51:41.770,1784562701.770,298.903,2.241241e-01,3.129359e-03,2.138672e-01,2.346191e-01,2000,0,4.482483e-02
2026-07-20T18:51:41.869,1784562701.870,299.003,2.246910e-01,3.176049e-03,2.136230e-01,2.353516e-01,2000,0,4.493821e-02
2026-07-20T18:51:41.969,1784562701.970,299.103,2.254232e-01,3.166300e-03,2.150879e-01,2.355957e-01,2000,0,4.508464e-02
2026-07-20T18:51:42.069,1784562702.070,299.203,2.247487e-01,3.078429e-03,2.119141e-01,2.346191e-01,2000,0,4.494973e-02
2026-07-20T18:51:42.169,1784562702.170,299.303,2.257877e-01,3.309816e-03,2.158203e-01,2.392578e-01,2000,0,4.515754e-02
2026-07-20T18:51:42.269,1784562702.270,299.403,2.261176e-01,3.326634e-03,2.163086e-01,2.363281e-01,2000,0,4.522351e-02
2026-07-20T18:51:42.369,1784562702.370,299.503,2.264430e-01,3.315003e-03,2.150879e-01,2.397461e-01,2000,0,4.528860e-02
2026-07-20T18:51:42.469,1784562702.470,299.603,2.269602e-01,3.345318e-03,2.148438e-01,2.368164e-01,2000,0,4.539204e-02
2026-07-20T18:51:42.569,1784562702.570,299.704,2.269453e-01,3.277395e-03,2.136230e-01,2.375488e-01,2000,0,4.538906e-02
2026-07-20T18:51:42.669,1784562702.670,299.803,2.271104e-01,3.386579e-03,2.175293e-01,2.387695e-01,2000,0,4.542207e-02
2026-07-20T18:51:42.769,1784562702.770,299.903,2.279558e-01,3.385344e-03,2.172852e-01,2.375488e-01,2000,0,4.559116e-02
