# board,CSE142502
# channel,1
# input_range_mv,4000
# impedance_ohm,1000000
# sample_rate,1000000
# samples_per_reading,2000
# rate_hz,10.0
# duration_s,300.0
# start,2026-07-20T18:58:23
# value,mean_v = raw volts at DAQ input. r_v = R in volts = mean_v × 0.2 (SEN full-scale = 200 mV; ±1.0 V output = full scale).
# param:Laser.wavelength,1296.7,cm^-1
# param:Laser.power,3.1,W
# param:Laser.rep_rate,12458.8,Hz
# param:Laser.pulse_width,500,ns
# param:Lock-in.sensitivity,200 mV
# param:Lock-in.time_constant,3 s
# param:Lock-in.mod_frequency,12447.8,Hz
# param:Gas.gas_type,N2O
# param:Gas.concentration,100,ppm
# param:Gas.adm_pressure,600,torr
# param:General.operator,burak
# param:General.notes,
iso_time,epoch_s,elapsed_s,mean_v,std_v,min_v,max_v,n,clipped,r_v
2026-07-20T18:58:25.945,1784563105.945,0.003,1.965516e-01,3.545909e-03,1.823730e-01,2.070312e-01,2000,0,3.931033e-02
2026-07-20T18:58:26.048,1784563106.049,0.103,1.931233e-01,3.477259e-03,1.811523e-01,2.033691e-01,2000,0,3.862466e-02
2026-07-20T18:58:26.148,1784563106.149,0.203,1.910234e-01,3.374986e-03,1.765137e-01,2.011719e-01,2000,0,3.820469e-02
2026-07-20T18:58:26.248,1784563106.249,0.303,1.886852e-01,3.372680e-03,1.770020e-01,1.987305e-01,2000,0,3.773704e-02
2026-07-20T18:58:26.348,1784563106.349,0.403,1.854670e-01,3.347301e-03,1.735840e-01,1.992188e-01,2000,0,3.709341e-02
2026-07-20T18:58:26.448,1784563106.449,0.503,1.836316e-01,3.501933e-03,1.704102e-01,1.948242e-01,2000,0,3.672632e-02
2026-07-20T18:58:26.551,1784563106.551,0.603,1.813118e-01,3.409777e-03,1.662598e-01,1.916504e-01,2000,0,3.626235e-02
2026-07-20T18:58:26.648,1784563106.649,0.703,1.781294e-01,3.468044e-03,1.655273e-01,1.896973e-01,2000,0,3.562588e-02
2026-07-20T18:58:26.750,1784563106.751,0.803,1.758302e-01,3.425166e-03,1.633301e-01,1.860352e-01,2000,0,3.516604e-02
2026-07-20T18:58:26.851,1784563106.851,0.903,1.737457e-01,3.477942e-03,1.611328e-01,1.845703e-01,2000,0,3.474915e-02
2026-07-20T18:58:26.949,1784563106.949,1.003,1.702892e-01,3.383528e-03,1.591797e-01,1.899414e-01,2000,0,3.405784e-02
2026-07-20T18:58:27.050,1784563107.051,1.103,1.680006e-01,3.513263e-03,1.538086e-01,1.784668e-01,2000,0,3.360012e-02
2026-07-20T18:58:27.150,1784563107.151,1.203,1.655774e-01,3.366167e-03,1.555176e-01,1.770020e-01,2000,0,3.311548e-02
2026-07-20T18:58:27.250,1784563107.251,1.303,1.627474e-01,3.274044e-03,1.508789e-01,1.738281e-01,2000,0,3.254949e-02
2026-07-20T18:58:27.350,1784563107.351,1.403,1.605109e-01,3.220369e-03,1.491699e-01,1.721191e-01,2000,0,3.210217e-02
2026-07-20T18:58:27.448,1784563107.449,1.503,1.584059e-01,3.214042e-03,1.499023e-01,1.694336e-01,2000,0,3.168118e-02
2026-07-20T18:58:27.550,1784563107.551,1.603,1.558486e-01,3.277821e-03,1.450195e-01,1.674805e-01,2000,0,3.116973e-02
2026-07-20T18:58:27.651,1784563107.651,1.703,1.542509e-01,3.354513e-03,1.437988e-01,1.655273e-01,2000,0,3.085017e-02
2026-07-20T18:58:27.749,1784563107.749,1.803,1.523159e-01,3.330941e-03,1.401367e-01,1.655273e-01,2000,0,3.046318e-02
2026-07-20T18:58:27.848,1784563107.849,1.903,1.495593e-01,3.512020e-03,1.323242e-01,1.625977e-01,2000,0,2.991187e-02
2026-07-20T18:58:27.950,1784563107.951,2.003,1.492252e-01,3.376670e-03,1.381836e-01,1.599121e-01,2000,0,2.984504e-02
2026-07-20T18:58:28.051,1784563108.051,2.103,1.478356e-01,3.499207e-03,1.364746e-01,1.604004e-01,2000,0,2.956711e-02
2026-07-20T18:58:28.150,1784563108.151,2.203,1.463127e-01,3.479495e-03,1.357422e-01,1.582031e-01,2000,0,2.926255e-02
2026-07-20T18:58:28.251,1784563108.251,2.303,1.451968e-01,3.488290e-03,1.342773e-01,1.555176e-01,2000,0,2.903936e-02
2026-07-20T18:58:28.350,1784563108.351,2.403,1.445663e-01,3.451029e-03,1.320801e-01,1.562500e-01,2000,0,2.891326e-02
2026-07-20T18:58:28.450,1784563108.451,2.503,1.422968e-01,3.478402e-03,1.308594e-01,1.542969e-01,2000,0,2.845935e-02
2026-07-20T18:58:28.550,1784563108.551,2.603,1.427139e-01,3.419554e-03,1.289062e-01,1.528320e-01,2000,0,2.854277e-02
2026-07-20T18:58:28.650,1784563108.651,2.703,1.421471e-01,3.460933e-03,1.311035e-01,1.562500e-01,2000,0,2.842942e-02
2026-07-20T18:58:28.751,1784563108.751,2.803,1.410146e-01,3.402394e-03,1.296387e-01,1.540527e-01,2000,0,2.820293e-02
2026-07-20T18:58:28.851,1784563108.851,2.903,1.408260e-01,3.255635e-03,1.291504e-01,1.530762e-01,2000,0,2.816521e-02
2026-07-20T18:58:28.948,1784563108.949,3.003,1.403500e-01,3.469293e-03,1.240234e-01,1.535645e-01,2000,0,2.807000e-02
2026-07-20T18:58:29.050,1784563109.051,3.103,1.396865e-01,3.434371e-03,1.281738e-01,1.523438e-01,2000,0,2.793730e-02
2026-07-20T18:58:29.150,1784563109.151,3.203,1.398782e-01,3.335300e-03,1.293945e-01,1.516113e-01,2000,0,2.797563e-02
2026-07-20T18:58:29.250,1784563109.251,3.303,1.393486e-01,3.437679e-03,1.271973e-01,1.530762e-01,2000,0,2.786973e-02
2026-07-20T18:58:29.350,1784563109.351,3.403,1.397212e-01,3.349581e-03,1.286621e-01,1.538086e-01,2000,0,2.794424e-02
2026-07-20T18:58:29.451,1784563109.451,3.503,1.388248e-01,3.299902e-03,1.286621e-01,1.494141e-01,2000,0,2.776497e-02
2026-07-20T18:58:29.550,1784563109.551,3.603,1.390005e-01,3.176543e-03,1.264648e-01,1.491699e-01,2000,0,2.780010e-02
2026-07-20T18:58:29.650,1784563109.651,3.703,1.389233e-01,3.155626e-03,1.274414e-01,1.528320e-01,2000,0,2.778467e-02
2026-07-20T18:58:29.750,1784563109.751,3.803,1.388546e-01,3.138971e-03,1.293945e-01,1.479492e-01,2000,0,2.777092e-02
2026-07-20T18:58:29.851,1784563109.851,3.903,1.391327e-01,3.225834e-03,1.267090e-01,1.494141e-01,2000,0,2.782654e-02
2026-07-20T18:58:29.951,1784563109.951,4.003,1.384294e-01,3.024063e-03,1.284180e-01,1.503906e-01,2000,0,2.768589e-02
2026-07-20T18:58:30.048,1784563110.049,4.103,1.388137e-01,3.041070e-03,1.296387e-01,1.523438e-01,2000,0,2.776274e-02
2026-07-20T18:58:30.151,1784563110.151,4.203,1.387048e-01,3.121085e-03,1.279297e-01,1.499023e-01,2000,0,2.774097e-02
2026-07-20T18:58:30.250,1784563110.251,4.303,1.381177e-01,3.029726e-03,1.259766e-01,1.479492e-01,2000,0,2.762354e-02
2026-07-20T18:58:30.350,1784563110.351,4.403,1.380664e-01,3.011053e-03,1.267090e-01,1.481934e-01,2000,0,2.761328e-02
2026-07-20T18:58:30.450,1784563110.451,4.503,1.382412e-01,3.097252e-03,1.274414e-01,1.486816e-01,2000,0,2.764824e-02
2026-07-20T18:58:30.550,1784563110.551,4.603,1.375186e-01,3.185402e-03,1.250000e-01,1.484375e-01,2000,0,2.750371e-02
2026-07-20T18:58:30.650,1784563110.651,4.703,1.375194e-01,3.080880e-03,1.271973e-01,1.455078e-01,2000,0,2.750388e-02
2026-07-20T18:58:30.750,1784563110.751,4.803,1.374409e-01,3.023790e-03,1.281738e-01,1.511230e-01,2000,0,2.748818e-02
2026-07-20T18:58:30.848,1784563110.849,4.903,1.370842e-01,3.199360e-03,1.250000e-01,1.503906e-01,2000,0,2.741685e-02
2026-07-20T18:58:30.948,1784563110.949,5.003,1.368231e-01,3.345437e-03,1.240234e-01,1.491699e-01,2000,0,2.736462e-02
2026-07-20T18:58:31.050,1784563111.051,5.103,1.363251e-01,3.141895e-03,1.257324e-01,1.455078e-01,2000,0,2.726501e-02
2026-07-20T18:58:31.148,1784563111.149,5.203,1.361318e-01,3.314067e-03,1.252441e-01,1.555176e-01,2000,0,2.722637e-02
2026-07-20T18:58:31.250,1784563111.251,5.303,1.362754e-01,3.275091e-03,1.267090e-01,1.472168e-01,2000,0,2.725508e-02
2026-07-20T18:58:31.350,1784563111.351,5.403,1.360233e-01,3.189616e-03,1.257324e-01,1.484375e-01,2000,0,2.720466e-02
2026-07-20T18:58:31.448,1784563111.449,5.503,1.347992e-01,3.274686e-03,1.245117e-01,1.462402e-01,2000,0,2.695984e-02
2026-07-20T18:58:31.550,1784563111.551,5.603,1.354323e-01,3.407523e-03,1.223145e-01,1.511230e-01,2000,0,2.708645e-02
2026-07-20T18:58:31.650,1784563111.651,5.703,1.354932e-01,3.315153e-03,1.245117e-01,1.464844e-01,2000,0,2.709863e-02
2026-07-20T18:58:31.748,1784563111.749,5.803,1.343920e-01,3.304884e-03,1.228027e-01,1.445312e-01,2000,0,2.687839e-02
2026-07-20T18:58:31.851,1784563111.851,5.903,1.355106e-01,3.420086e-03,1.250000e-01,1.457520e-01,2000,0,2.710212e-02
2026-07-20T18:58:31.950,1784563111.951,6.003,1.349628e-01,3.419542e-03,1.228027e-01,1.464844e-01,2000,0,2.699255e-02
2026-07-20T18:58:32.050,1784563112.051,6.103,1.345555e-01,3.360195e-03,1.237793e-01,1.442871e-01,2000,0,2.691111e-02
2026-07-20T18:58:32.150,1784563112.151,6.203,1.355938e-01,3.503323e-03,1.223145e-01,1.486816e-01,2000,0,2.711875e-02
2026-07-20T18:58:32.251,1784563112.251,6.303,1.351810e-01,3.465416e-03,1.230469e-01,1.484375e-01,2000,0,2.703621e-02
2026-07-20T18:58:32.351,1784563112.351,6.403,1.354132e-01,3.263246e-03,1.242676e-01,1.459961e-01,2000,0,2.708264e-02
2026-07-20T18:58:32.448,1784563112.449,6.503,1.356917e-01,3.399189e-03,1.250000e-01,1.503906e-01,2000,0,2.713833e-02
2026-07-20T18:58:32.550,1784563112.551,6.603,1.355270e-01,3.141535e-03,1.247559e-01,1.462402e-01,2000,0,2.710540e-02
2026-07-20T18:58:32.650,1784563112.651,6.703,1.350143e-01,3.380639e-03,1.213379e-01,1.440430e-01,2000,0,2.700286e-02
2026-07-20T18:58:32.750,1784563112.751,6.803,1.353682e-01,3.215944e-03,1.254883e-01,1.462402e-01,2000,0,2.707363e-02
2026-07-20T18:58:32.851,1784563112.851,6.903,1.352378e-01,3.269677e-03,1.250000e-01,1.462402e-01,2000,0,2.704756e-02
2026-07-20T18:58:32.951,1784563112.951,7.003,1.350367e-01,3.079873e-03,1.225586e-01,1.462402e-01,2000,0,2.700735e-02
2026-07-20T18:58:33.050,1784563113.051,7.103,1.347744e-01,3.057628e-03,1.245117e-01,1.440430e-01,2000,0,2.695488e-02
2026-07-20T18:58:33.150,1784563113.151,7.203,1.348864e-01,3.044552e-03,1.245117e-01,1.464844e-01,2000,0,2.697727e-02
2026-07-20T18:58:33.250,1784563113.251,7.303,1.346350e-01,2.938583e-03,1.259766e-01,1.457520e-01,2000,0,2.692700e-02
2026-07-20T18:58:33.350,1784563113.351,7.403,1.340094e-01,2.792525e-03,1.245117e-01,1.433105e-01,2000,0,2.680188e-02
2026-07-20T18:58:33.450,1784563113.451,7.503,1.343472e-01,2.747306e-03,1.262207e-01,1.496582e-01,2000,0,2.686943e-02
2026-07-20T18:58:33.550,1784563113.551,7.603,1.339056e-01,2.775069e-03,1.245117e-01,1.425781e-01,2000,0,2.678113e-02
2026-07-20T18:58:33.651,1784563113.651,7.703,1.334530e-01,2.756376e-03,1.220703e-01,1.428223e-01,2000,0,2.669060e-02
2026-07-20T18:58:33.750,1784563113.751,7.803,1.342783e-01,2.601994e-03,1.250000e-01,1.442871e-01,2000,0,2.685566e-02
2026-07-20T18:58:33.850,1784563113.851,7.903,1.339545e-01,2.767918e-03,1.240234e-01,1.423340e-01,2000,0,2.679089e-02
2026-07-20T18:58:33.951,1784563113.951,8.003,1.334817e-01,2.513391e-03,1.240234e-01,1.418457e-01,2000,0,2.669634e-02
2026-07-20T18:58:34.051,1784563114.052,8.103,1.337903e-01,2.600046e-03,1.240234e-01,1.430664e-01,2000,0,2.675806e-02
2026-07-20T18:58:34.150,1784563114.151,8.203,1.336776e-01,2.387105e-03,1.257324e-01,1.420898e-01,2000,0,2.673552e-02
2026-07-20T18:58:34.251,1784563114.251,8.303,1.337626e-01,2.514610e-03,1.242676e-01,1.416016e-01,2000,0,2.675251e-02
2026-07-20T18:58:34.350,1784563114.351,8.403,1.336608e-01,2.465921e-03,1.254883e-01,1.440430e-01,2000,0,2.673215e-02
2026-07-20T18:58:34.450,1784563114.451,8.503,1.339369e-01,2.475168e-03,1.230469e-01,1.442871e-01,2000,0,2.678738e-02
2026-07-20T18:58:34.550,1784563114.551,8.603,1.344846e-01,2.592415e-03,1.259766e-01,1.452637e-01,2000,0,2.689692e-02
2026-07-20T18:58:34.650,1784563114.651,8.703,1.350714e-01,2.669058e-03,1.259766e-01,1.452637e-01,2000,0,2.701428e-02
2026-07-20T18:58:34.749,1784563114.749,8.803,1.347596e-01,2.704544e-03,1.230469e-01,1.435547e-01,2000,0,2.695193e-02
2026-07-20T18:58:34.850,1784563114.851,8.903,1.351517e-01,2.743389e-03,1.250000e-01,1.442871e-01,2000,0,2.703035e-02
2026-07-20T18:58:34.950,1784563114.951,9.003,1.359301e-01,2.788738e-03,1.276855e-01,1.486816e-01,2000,0,2.718601e-02
2026-07-20T18:58:35.048,1784563115.049,9.103,1.358459e-01,2.784438e-03,1.232910e-01,1.447754e-01,2000,0,2.716919e-02
2026-07-20T18:58:35.150,1784563115.151,9.203,1.369012e-01,2.968731e-03,1.267090e-01,1.491699e-01,2000,0,2.738025e-02
2026-07-20T18:58:35.250,1784563115.251,9.303,1.380392e-01,2.998496e-03,1.281738e-01,1.503906e-01,2000,0,2.760784e-02
2026-07-20T18:58:35.348,1784563115.349,9.403,1.384592e-01,2.932121e-03,1.271973e-01,1.481934e-01,2000,0,2.769185e-02
2026-07-20T18:58:35.449,1784563115.449,9.503,1.390872e-01,3.103877e-03,1.281738e-01,1.496582e-01,2000,0,2.781743e-02
2026-07-20T18:58:35.551,1784563115.551,9.603,1.402194e-01,3.150861e-03,1.250000e-01,1.511230e-01,2000,0,2.804387e-02
2026-07-20T18:58:35.650,1784563115.651,9.703,1.409220e-01,3.232311e-03,1.308594e-01,1.520996e-01,2000,0,2.818440e-02
2026-07-20T18:58:35.751,1784563115.751,9.803,1.421364e-01,3.314799e-03,1.315918e-01,1.528320e-01,2000,0,2.842727e-02
2026-07-20T18:58:35.850,1784563115.851,9.903,1.433217e-01,3.338282e-03,1.328125e-01,1.552734e-01,2000,0,2.866433e-02
2026-07-20T18:58:35.950,1784563115.951,10.003,1.439762e-01,3.250480e-03,1.337891e-01,1.611328e-01,2000,0,2.879524e-02
2026-07-20T18:58:36.048,1784563116.049,10.103,1.446677e-01,3.282166e-03,1.318359e-01,1.569824e-01,2000,0,2.893354e-02
2026-07-20T18:58:36.150,1784563116.151,10.203,1.464381e-01,3.510302e-03,1.352539e-01,1.589355e-01,2000,0,2.928762e-02
2026-07-20T18:58:36.250,1784563116.251,10.303,1.474473e-01,3.572561e-03,1.379395e-01,1.579590e-01,2000,0,2.948945e-02
2026-07-20T18:58:36.350,1784563116.351,10.403,1.486750e-01,3.535695e-03,1.381836e-01,1.589355e-01,2000,0,2.973501e-02
2026-07-20T18:58:36.450,1784563116.451,10.503,1.505215e-01,3.572118e-03,1.398926e-01,1.643066e-01,2000,0,3.010430e-02
2026-07-20T18:58:36.550,1784563116.551,10.603,1.517263e-01,3.495947e-03,1.396484e-01,1.613770e-01,2000,0,3.034526e-02
2026-07-20T18:58:36.650,1784563116.651,10.703,1.526796e-01,3.758517e-03,1.416016e-01,1.643066e-01,2000,0,3.053591e-02
2026-07-20T18:58:36.750,1784563116.751,10.803,1.549716e-01,3.632912e-03,1.428223e-01,1.679688e-01,2000,0,3.099431e-02
2026-07-20T18:58:36.850,1784563116.851,10.903,1.557906e-01,3.684926e-03,1.445312e-01,1.704102e-01,2000,0,3.115813e-02
2026-07-20T18:58:36.950,1784563116.951,11.003,1.570021e-01,3.611689e-03,1.435547e-01,1.682129e-01,2000,0,3.140042e-02
2026-07-20T18:58:37.051,1784563117.051,11.103,1.589849e-01,3.727670e-03,1.452637e-01,1.701660e-01,2000,0,3.179697e-02
2026-07-20T18:58:37.151,1784563117.151,11.203,1.601013e-01,3.633510e-03,1.484375e-01,1.713867e-01,2000,0,3.202026e-02
2026-07-20T18:58:37.251,1784563117.251,11.303,1.612126e-01,3.754610e-03,1.494141e-01,1.716309e-01,2000,0,3.224253e-02
2026-07-20T18:58:37.350,1784563117.351,11.403,1.630503e-01,3.768710e-03,1.530762e-01,1.745605e-01,2000,0,3.261006e-02
2026-07-20T18:58:37.448,1784563117.449,11.503,1.646925e-01,3.716663e-03,1.530762e-01,1.755371e-01,2000,0,3.293850e-02
2026-07-20T18:58:37.551,1784563117.551,11.603,1.662445e-01,3.811954e-03,1.545410e-01,1.772461e-01,2000,0,3.324890e-02
2026-07-20T18:58:37.650,1784563117.651,11.703,1.679652e-01,3.783457e-03,1.555176e-01,1.787109e-01,2000,0,3.359304e-02
2026-07-20T18:58:37.750,1784563117.751,11.803,1.689197e-01,3.952236e-03,1.557617e-01,1.801758e-01,2000,0,3.378394e-02
2026-07-20T18:58:37.851,1784563117.852,11.903,1.707948e-01,3.871629e-03,1.601562e-01,1.872559e-01,2000,0,3.415896e-02
2026-07-20T18:58:37.951,1784563117.951,12.003,1.730604e-01,3.926481e-03,1.613770e-01,1.850586e-01,2000,0,3.461208e-02
2026-07-20T18:58:38.050,1784563118.051,12.103,1.735079e-01,3.840740e-03,1.594238e-01,1.867676e-01,2000,0,3.470159e-02
2026-07-20T18:58:38.151,1784563118.151,12.203,1.753539e-01,3.930818e-03,1.613770e-01,1.877441e-01,2000,0,3.507078e-02
2026-07-20T18:58:38.250,1784563118.251,12.303,1.771252e-01,3.957195e-03,1.625977e-01,1.899414e-01,2000,0,3.542505e-02
2026-07-20T18:58:38.350,1784563118.351,12.403,1.786870e-01,3.897141e-03,1.652832e-01,1.894531e-01,2000,0,3.573740e-02
2026-07-20T18:58:38.450,1784563118.451,12.503,1.792601e-01,3.980685e-03,1.665039e-01,1.921387e-01,2000,0,3.585203e-02
2026-07-20T18:58:38.550,1784563118.551,12.603,1.818925e-01,3.960827e-03,1.699219e-01,1.936035e-01,2000,0,3.637849e-02
2026-07-20T18:58:38.650,1784563118.651,12.703,1.832244e-01,4.002289e-03,1.713867e-01,1.970215e-01,2000,0,3.664487e-02
2026-07-20T18:58:38.751,1784563118.751,12.803,1.845236e-01,4.046920e-03,1.726074e-01,1.984863e-01,2000,0,3.690471e-02
2026-07-20T18:58:38.850,1784563118.851,12.903,1.864647e-01,3.918443e-03,1.740723e-01,2.001953e-01,2000,0,3.729294e-02
2026-07-20T18:58:38.950,1784563118.951,13.003,1.875405e-01,3.956596e-03,1.743164e-01,2.023926e-01,2000,0,3.750811e-02
2026-07-20T18:58:39.051,1784563119.051,13.103,1.895862e-01,3.892401e-03,1.777344e-01,2.036133e-01,2000,0,3.791724e-02
2026-07-20T18:58:39.150,1784563119.151,13.203,1.910212e-01,4.041925e-03,1.750488e-01,2.067871e-01,2000,0,3.820425e-02
2026-07-20T18:58:39.250,1784563119.251,13.303,1.921466e-01,3.949215e-03,1.799316e-01,2.082520e-01,2000,0,3.842932e-02
2026-07-20T18:58:39.350,1784563119.351,13.403,1.931760e-01,3.798204e-03,1.801758e-01,2.080078e-01,2000,0,3.863521e-02
2026-07-20T18:58:39.451,1784563119.451,13.503,1.947589e-01,3.877395e-03,1.840820e-01,2.089844e-01,2000,0,3.895178e-02
2026-07-20T18:58:39.551,1784563119.551,13.603,1.957915e-01,3.923603e-03,1.840820e-01,2.089844e-01,2000,0,3.915830e-02
2026-07-20T18:58:39.650,1784563119.651,13.703,1.977838e-01,3.757145e-03,1.865234e-01,2.167969e-01,2000,0,3.955676e-02
2026-07-20T18:58:39.751,1784563119.751,13.803,1.993497e-01,3.697765e-03,1.892090e-01,2.119141e-01,2000,0,3.986995e-02
2026-07-20T18:58:39.849,1784563119.849,13.903,2.008055e-01,3.610245e-03,1.896973e-01,2.172852e-01,2000,0,4.016111e-02
2026-07-20T18:58:39.951,1784563119.951,14.003,2.001631e-01,3.694757e-03,1.899414e-01,2.153320e-01,2000,0,4.003262e-02
2026-07-20T18:58:40.050,1784563120.051,14.103,2.028284e-01,3.669238e-03,1.892090e-01,2.180176e-01,2000,0,4.056567e-02
2026-07-20T18:58:40.150,1784563120.151,14.203,2.041118e-01,3.738520e-03,1.938477e-01,2.185059e-01,2000,0,4.082236e-02
2026-07-20T18:58:40.251,1784563120.251,14.303,2.052452e-01,3.432586e-03,1.940918e-01,2.172852e-01,2000,0,4.104905e-02
2026-07-20T18:58:40.351,1784563120.351,14.403,2.067896e-01,3.471684e-03,1.960449e-01,2.182617e-01,2000,0,4.135791e-02
2026-07-20T18:58:40.450,1784563120.451,14.503,2.079692e-01,3.474465e-03,1.953125e-01,2.204590e-01,2000,0,4.159385e-02
2026-07-20T18:58:40.551,1784563120.551,14.603,2.096865e-01,3.492889e-03,2.001953e-01,2.194824e-01,2000,0,4.193730e-02
2026-07-20T18:58:40.650,1784563120.651,14.703,2.104414e-01,3.458551e-03,1.979980e-01,2.231445e-01,2000,0,4.208828e-02
2026-07-20T18:58:40.750,1784563120.751,14.803,2.113004e-01,3.451900e-03,2.016602e-01,2.246094e-01,2000,0,4.226008e-02
2026-07-20T18:58:40.851,1784563120.851,14.903,2.133363e-01,3.320367e-03,2.009277e-01,2.243652e-01,2000,0,4.266726e-02
2026-07-20T18:58:40.950,1784563120.951,15.003,2.140245e-01,3.536578e-03,2.045898e-01,2.275391e-01,2000,0,4.280491e-02
2026-07-20T18:58:41.051,1784563121.051,15.103,2.146360e-01,3.437668e-03,2.016602e-01,2.246094e-01,2000,0,4.292720e-02
2026-07-20T18:58:41.148,1784563121.149,15.203,2.154680e-01,3.279034e-03,2.031250e-01,2.263184e-01,2000,0,4.309360e-02
2026-07-20T18:58:41.250,1784563121.251,15.303,2.171538e-01,3.175683e-03,2.055664e-01,2.338867e-01,2000,0,4.343076e-02
2026-07-20T18:58:41.351,1784563121.351,15.403,2.176704e-01,3.147482e-03,2.075195e-01,2.282715e-01,2000,0,4.353408e-02
2026-07-20T18:58:41.451,1784563121.451,15.503,2.186973e-01,3.056669e-03,2.092285e-01,2.307129e-01,2000,0,4.373945e-02
2026-07-20T18:58:41.550,1784563121.551,15.603,2.192971e-01,3.243387e-03,2.062988e-01,2.338867e-01,2000,0,4.385942e-02
2026-07-20T18:58:41.650,1784563121.651,15.703,2.200104e-01,3.076308e-03,2.089844e-01,2.329102e-01,2000,0,4.400208e-02
2026-07-20T18:58:41.750,1784563121.751,15.803,2.210183e-01,3.026697e-03,2.072754e-01,2.314453e-01,2000,0,4.420366e-02
2026-07-20T18:58:41.851,1784563121.851,15.903,2.218208e-01,3.092568e-03,2.102051e-01,2.333984e-01,2000,0,4.436416e-02
2026-07-20T18:58:41.951,1784563121.951,16.003,2.221418e-01,3.103598e-03,2.094727e-01,2.307129e-01,2000,0,4.442837e-02
2026-07-20T18:58:42.051,1784563122.051,16.103,2.233691e-01,2.994100e-03,2.102051e-01,2.360840e-01,2000,0,4.467383e-02
2026-07-20T18:58:42.151,1784563122.151,16.203,2.243751e-01,3.039907e-03,2.099609e-01,2.355957e-01,2000,0,4.487502e-02
2026-07-20T18:58:42.251,1784563122.251,16.303,2.251072e-01,3.110973e-03,2.153320e-01,2.355957e-01,2000,0,4.502144e-02
2026-07-20T18:58:42.351,1784563122.351,16.403,2.254126e-01,3.087775e-03,2.121582e-01,2.382812e-01,2000,0,4.508252e-02
2026-07-20T18:58:42.450,1784563122.451,16.503,2.263862e-01,3.116307e-03,2.155762e-01,2.380371e-01,2000,0,4.527725e-02
2026-07-20T18:58:42.550,1784563122.551,16.603,2.267906e-01,3.044407e-03,2.172852e-01,2.385254e-01,2000,0,4.535813e-02
2026-07-20T18:58:42.650,1784563122.651,16.703,2.277198e-01,3.140062e-03,2.187500e-01,2.392578e-01,2000,0,4.554397e-02
2026-07-20T18:58:42.749,1784563122.749,16.803,2.280096e-01,3.253436e-03,2.185059e-01,2.390137e-01,2000,0,4.560193e-02
2026-07-20T18:58:42.851,1784563122.851,16.903,2.285240e-01,3.301692e-03,2.177734e-01,2.392578e-01,2000,0,4.570481e-02
2026-07-20T18:58:42.950,1784563122.951,17.003,2.290204e-01,3.279254e-03,2.199707e-01,2.414551e-01,2000,0,4.580408e-02
2026-07-20T18:58:43.051,1784563123.051,17.103,2.294177e-01,3.279427e-03,2.187500e-01,2.434082e-01,2000,0,4.588354e-02
2026-07-20T18:58:43.148,1784563123.149,17.203,2.297614e-01,3.329885e-03,2.194824e-01,2.434082e-01,2000,0,4.595227e-02
2026-07-20T18:58:43.251,1784563123.251,17.303,2.304368e-01,3.311548e-03,2.214355e-01,2.416992e-01,2000,0,4.608735e-02
2026-07-20T18:58:43.350,1784563123.351,17.403,2.309247e-01,3.278200e-03,2.207031e-01,2.414551e-01,2000,0,4.618494e-02
2026-07-20T18:58:43.450,1784563123.451,17.503,2.310739e-01,3.399237e-03,2.185059e-01,2.414551e-01,2000,0,4.621477e-02
2026-07-20T18:58:43.551,1784563123.551,17.603,2.318336e-01,3.392596e-03,2.199707e-01,2.507324e-01,2000,0,4.636672e-02
2026-07-20T18:58:43.650,1784563123.651,17.703,2.315671e-01,3.370671e-03,2.182617e-01,2.438965e-01,2000,0,4.631343e-02
2026-07-20T18:58:43.750,1784563123.751,17.803,2.317224e-01,3.334605e-03,2.199707e-01,2.414551e-01,2000,0,4.634448e-02
2026-07-20T18:58:43.850,1784563123.851,17.903,2.330697e-01,3.357421e-03,2.224121e-01,2.456055e-01,2000,0,4.661394e-02
2026-07-20T18:58:43.950,1784563123.951,18.003,2.328719e-01,3.503218e-03,2.211914e-01,2.441406e-01,2000,0,4.657439e-02
2026-07-20T18:58:44.049,1784563124.049,18.103,2.328459e-01,3.339080e-03,2.214355e-01,2.456055e-01,2000,0,4.656919e-02
2026-07-20T18:58:44.151,1784563124.151,18.203,2.338976e-01,3.314532e-03,2.216797e-01,2.478027e-01,2000,0,4.677952e-02
2026-07-20T18:58:44.250,1784563124.251,18.303,2.340502e-01,3.343000e-03,2.207031e-01,2.453613e-01,2000,0,4.681003e-02
2026-07-20T18:58:44.351,1784563124.351,18.403,2.339052e-01,3.426823e-03,2.182617e-01,2.465820e-01,2000,0,4.678103e-02
2026-07-20T18:58:44.450,1784563124.451,18.503,2.348113e-01,3.464661e-03,2.219238e-01,2.453613e-01,2000,0,4.696226e-02
2026-07-20T18:58:44.550,1784563124.551,18.603,2.348318e-01,3.354117e-03,2.221680e-01,2.431641e-01,2000,0,4.696636e-02
2026-07-20T18:58:44.650,1784563124.651,18.703,2.352151e-01,3.342761e-03,2.216797e-01,2.485352e-01,2000,0,4.704302e-02
2026-07-20T18:58:44.750,1784563124.751,18.803,2.354313e-01,3.497300e-03,2.221680e-01,2.478027e-01,2000,0,4.708625e-02
2026-07-20T18:58:44.850,1784563124.851,18.903,2.356615e-01,3.383994e-03,2.224121e-01,2.463379e-01,2000,0,4.713230e-02
2026-07-20T18:58:44.951,1784563124.951,19.003,2.355081e-01,3.469101e-03,2.229004e-01,2.470703e-01,2000,0,4.710161e-02
2026-07-20T18:58:45.050,1784563125.051,19.103,2.356093e-01,3.529352e-03,2.216797e-01,2.487793e-01,2000,0,4.712185e-02
2026-07-20T18:58:45.151,1784563125.151,19.203,2.358615e-01,3.493128e-03,2.243652e-01,2.460938e-01,2000,0,4.717229e-02
2026-07-20T18:58:45.250,1784563125.251,19.303,2.356210e-01,3.547262e-03,2.229004e-01,2.470703e-01,2000,0,4.712419e-02
2026-07-20T18:58:45.351,1784563125.351,19.403,2.361511e-01,3.508721e-03,2.204590e-01,2.458496e-01,2000,0,4.723022e-02
2026-07-20T18:58:45.451,1784563125.451,19.503,2.358644e-01,3.534296e-03,2.233887e-01,2.448730e-01,2000,0,4.717288e-02
2026-07-20T18:58:45.550,1784563125.551,19.603,2.361951e-01,3.501320e-03,2.231445e-01,2.468262e-01,2000,0,4.723901e-02
2026-07-20T18:58:45.651,1784563125.651,19.703,2.370011e-01,3.511734e-03,2.246094e-01,2.509766e-01,2000,0,4.740022e-02
2026-07-20T18:58:45.750,1784563125.751,19.803,2.366351e-01,3.551816e-03,2.231445e-01,2.482910e-01,2000,0,4.732703e-02
2026-07-20T18:58:45.851,1784563125.851,19.903,2.368479e-01,3.536858e-03,2.226562e-01,2.473145e-01,2000,0,4.736958e-02
2026-07-20T18:58:45.950,1784563125.951,20.003,2.373417e-01,3.545058e-03,2.231445e-01,2.497559e-01,2000,0,4.746833e-02
2026-07-20T18:58:46.051,1784563126.051,20.103,2.372383e-01,3.250841e-03,2.255859e-01,2.487793e-01,2000,0,4.744766e-02
2026-07-20T18:58:46.151,1784563126.151,20.203,2.372209e-01,3.312579e-03,2.265625e-01,2.495117e-01,2000,0,4.744419e-02
2026-07-20T18:58:46.248,1784563126.249,20.303,2.371508e-01,3.211178e-03,2.260742e-01,2.475586e-01,2000,0,4.743015e-02
2026-07-20T18:58:46.350,1784563126.351,20.403,2.374933e-01,3.287540e-03,2.258301e-01,2.526855e-01,2000,0,4.749866e-02
2026-07-20T18:58:46.449,1784563126.450,20.503,2.369552e-01,3.303362e-03,2.253418e-01,2.470703e-01,2000,0,4.739104e-02
2026-07-20T18:58:46.550,1784563126.551,20.603,2.380354e-01,3.315498e-03,2.268066e-01,2.478027e-01,2000,0,4.760708e-02
2026-07-20T18:58:46.651,1784563126.651,20.703,2.377493e-01,3.315686e-03,2.263184e-01,2.482910e-01,2000,0,4.754985e-02
2026-07-20T18:58:46.751,1784563126.751,20.803,2.372827e-01,3.225502e-03,2.236328e-01,2.490234e-01,2000,0,4.745654e-02
2026-07-20T18:58:46.849,1784563126.849,20.903,2.381174e-01,3.193307e-03,2.268066e-01,2.487793e-01,2000,0,4.762349e-02
2026-07-20T18:58:46.950,1784563126.951,21.003,2.383375e-01,3.213352e-03,2.275391e-01,2.507324e-01,2000,0,4.766750e-02
2026-07-20T18:58:47.049,1784563127.049,21.103,2.377686e-01,3.144556e-03,2.263184e-01,2.487793e-01,2000,0,4.755371e-02
2026-07-20T18:58:47.151,1784563127.151,21.203,2.382784e-01,3.115959e-03,2.260742e-01,2.475586e-01,2000,0,4.765569e-02
2026-07-20T18:58:47.250,1784563127.251,21.303,2.387113e-01,3.251634e-03,2.268066e-01,2.502441e-01,2000,0,4.774226e-02
2026-07-20T18:58:47.351,1784563127.351,21.403,2.382606e-01,3.124908e-03,2.280273e-01,2.504883e-01,2000,0,4.765212e-02
2026-07-20T18:58:47.450,1784563127.451,21.502,2.384540e-01,3.183588e-03,2.280273e-01,2.512207e-01,2000,0,4.769080e-02
2026-07-20T18:58:47.550,1784563127.551,21.603,2.391196e-01,3.211397e-03,2.280273e-01,2.509766e-01,2000,0,4.782393e-02
2026-07-20T18:58:47.649,1784563127.649,21.703,2.387864e-01,3.142330e-03,2.265625e-01,2.514648e-01,2000,0,4.775728e-02
2026-07-20T18:58:47.750,1784563127.751,21.803,2.388965e-01,3.293742e-03,2.280273e-01,2.492676e-01,2000,0,4.777930e-02
2026-07-20T18:58:47.851,1784563127.851,21.903,2.391547e-01,3.193897e-03,2.275391e-01,2.529297e-01,2000,0,4.783093e-02
2026-07-20T18:58:47.951,1784563127.951,22.003,2.385802e-01,3.102422e-03,2.263184e-01,2.502441e-01,2000,0,4.771604e-02
2026-07-20T18:58:48.050,1784563128.051,22.103,2.392657e-01,3.275303e-03,2.277832e-01,2.502441e-01,2000,0,4.785315e-02
2026-07-20T18:58:48.151,1784563128.151,22.203,2.389026e-01,3.169289e-03,2.294922e-01,2.500000e-01,2000,0,4.778052e-02
2026-07-20T18:58:48.250,1784563128.251,22.303,2.385864e-01,3.122725e-03,2.272949e-01,2.492676e-01,2000,0,4.771729e-02
2026-07-20T18:58:48.350,1784563128.351,22.403,2.393732e-01,3.189968e-03,2.275391e-01,2.512207e-01,2000,0,4.787463e-02
2026-07-20T18:58:48.451,1784563128.451,22.503,2.393201e-01,3.098672e-03,2.285156e-01,2.490234e-01,2000,0,4.786401e-02
2026-07-20T18:58:48.550,1784563128.551,22.603,2.391060e-01,3.071315e-03,2.299805e-01,2.485352e-01,2000,0,4.782119e-02
2026-07-20T18:58:48.650,1784563128.651,22.703,2.394445e-01,3.005182e-03,2.302246e-01,2.583008e-01,2000,0,4.788889e-02
2026-07-20T18:58:48.750,1784563128.751,22.803,2.397476e-01,3.027540e-03,2.290039e-01,2.497559e-01,2000,0,4.794951e-02
2026-07-20T18:58:48.850,1784563128.851,22.903,2.398715e-01,3.107219e-03,2.297363e-01,2.509766e-01,2000,0,4.797429e-02
2026-07-20T18:58:48.950,1784563128.951,23.003,2.400786e-01,3.154038e-03,2.294922e-01,2.524414e-01,2000,0,4.801572e-02
2026-07-20T18:58:49.048,1784563129.049,23.103,2.399882e-01,3.201934e-03,2.275391e-01,2.500000e-01,2000,0,4.799763e-02
2026-07-20T18:58:49.150,1784563129.151,23.203,2.398369e-01,3.083513e-03,2.294922e-01,2.509766e-01,2000,0,4.796738e-02
2026-07-20T18:58:49.250,1784563129.251,23.303,2.400583e-01,3.082764e-03,2.312012e-01,2.524414e-01,2000,0,4.801167e-02
2026-07-20T18:58:49.350,1784563129.351,23.402,2.403413e-01,3.012176e-03,2.307129e-01,2.504883e-01,2000,0,4.806826e-02
2026-07-20T18:58:49.448,1784563129.449,23.503,2.398268e-01,3.083277e-03,2.265625e-01,2.521973e-01,2000,0,4.796536e-02
2026-07-20T18:58:49.550,1784563129.551,23.603,2.401523e-01,3.095209e-03,2.287598e-01,2.504883e-01,2000,0,4.803047e-02
2026-07-20T18:58:49.650,1784563129.651,23.703,2.402311e-01,3.052845e-03,2.299805e-01,2.519531e-01,2000,0,4.804622e-02
2026-07-20T18:58:49.750,1784563129.751,23.803,2.401605e-01,3.054940e-03,2.253418e-01,2.509766e-01,2000,0,4.803210e-02
2026-07-20T18:58:49.851,1784563129.851,23.903,2.405570e-01,3.046843e-03,2.297363e-01,2.507324e-01,2000,0,4.811140e-02
2026-07-20T18:58:49.950,1784563129.951,24.003,2.406832e-01,3.047012e-03,2.290039e-01,2.524414e-01,2000,0,4.813665e-02
2026-07-20T18:58:50.051,1784563130.051,24.103,2.407119e-01,3.119312e-03,2.277832e-01,2.502441e-01,2000,0,4.814238e-02
2026-07-20T18:58:50.150,1784563130.151,24.203,2.402899e-01,3.023933e-03,2.297363e-01,2.504883e-01,2000,0,4.805798e-02
2026-07-20T18:58:50.251,1784563130.251,24.303,2.403926e-01,2.927490e-03,2.307129e-01,2.541504e-01,2000,0,4.807852e-02
2026-07-20T18:58:50.350,1784563130.351,24.403,2.401322e-01,3.144777e-03,2.280273e-01,2.490234e-01,2000,0,4.802644e-02
2026-07-20T18:58:50.450,1784563130.451,24.503,2.405779e-01,3.041127e-03,2.272949e-01,2.504883e-01,2000,0,4.811558e-02
2026-07-20T18:58:50.548,1784563130.549,24.603,2.404857e-01,3.069039e-03,2.292480e-01,2.507324e-01,2000,0,4.809714e-02
2026-07-20T18:58:50.650,1784563130.651,24.703,2.403575e-01,3.166806e-03,2.292480e-01,2.509766e-01,2000,0,4.807151e-02
2026-07-20T18:58:50.750,1784563130.751,24.803,2.407836e-01,3.113748e-03,2.292480e-01,2.514648e-01,2000,0,4.815671e-02
2026-07-20T18:58:50.848,1784563130.849,24.903,2.403495e-01,3.207112e-03,2.309570e-01,2.519531e-01,2000,0,4.806990e-02
2026-07-20T18:58:50.951,1784563130.951,25.003,2.408564e-01,3.052429e-03,2.302246e-01,2.524414e-01,2000,0,4.817129e-02
2026-07-20T18:58:51.051,1784563131.051,25.103,2.410840e-01,3.095628e-03,2.302246e-01,2.512207e-01,2000,0,4.821680e-02
2026-07-20T18:58:51.150,1784563131.151,25.203,2.411360e-01,3.229444e-03,2.294922e-01,2.514648e-01,2000,0,4.822720e-02
2026-07-20T18:58:51.251,1784563131.251,25.303,2.406705e-01,3.219500e-03,2.299805e-01,2.534180e-01,2000,0,4.813411e-02
2026-07-20T18:58:51.350,1784563131.351,25.403,2.405101e-01,3.115494e-03,2.294922e-01,2.512207e-01,2000,0,4.810203e-02
2026-07-20T18:58:51.450,1784563131.451,25.503,2.409105e-01,3.108250e-03,2.307129e-01,2.507324e-01,2000,0,4.818210e-02
2026-07-20T18:58:51.548,1784563131.549,25.603,2.405621e-01,3.278184e-03,2.304688e-01,2.507324e-01,2000,0,4.811243e-02
2026-07-20T18:58:51.650,1784563131.651,25.703,2.407864e-01,3.254413e-03,2.307129e-01,2.507324e-01,2000,0,4.815728e-02
2026-07-20T18:58:51.750,1784563131.751,25.803,2.404117e-01,3.295335e-03,2.292480e-01,2.519531e-01,2000,0,4.808235e-02
2026-07-20T18:58:51.850,1784563131.851,25.903,2.402242e-01,3.090301e-03,2.290039e-01,2.495117e-01,2000,0,4.804485e-02
2026-07-20T18:58:51.950,1784563131.951,26.003,2.406046e-01,3.121008e-03,2.290039e-01,2.509766e-01,2000,0,4.812092e-02
2026-07-20T18:58:52.048,1784563132.049,26.103,2.392136e-01,3.147637e-03,2.268066e-01,2.519531e-01,2000,0,4.784272e-02
2026-07-20T18:58:52.150,1784563132.151,26.203,2.404221e-01,3.000811e-03,2.294922e-01,2.492676e-01,2000,0,4.808442e-02
2026-07-20T18:58:52.251,1784563132.251,26.303,2.403982e-01,3.035442e-03,2.292480e-01,2.500000e-01,2000,0,4.807964e-02
2026-07-20T18:58:52.350,1784563132.351,26.403,2.406183e-01,3.015119e-03,2.297363e-01,2.500000e-01,2000,0,4.812366e-02
2026-07-20T18:58:52.450,1784563132.451,26.503,2.399825e-01,2.824471e-03,2.280273e-01,2.495117e-01,2000,0,4.799651e-02
2026-07-20T18:58:52.551,1784563132.551,26.603,2.404337e-01,2.817999e-03,2.314453e-01,2.509766e-01,2000,0,4.808674e-02
2026-07-20T18:58:52.650,1784563132.651,26.703,2.401409e-01,2.763434e-03,2.294922e-01,2.485352e-01,2000,0,4.802817e-02
2026-07-20T18:58:52.750,1784563132.750,26.803,2.394049e-01,2.688613e-03,2.294922e-01,2.490234e-01,2000,0,4.788098e-02
2026-07-20T18:58:52.850,1784563132.851,26.903,2.400679e-01,2.703331e-03,2.292480e-01,2.534180e-01,2000,0,4.801357e-02
2026-07-20T18:58:52.950,1784563132.951,27.003,2.400016e-01,2.518087e-03,2.299805e-01,2.500000e-01,2000,0,4.800032e-02
2026-07-20T18:58:53.050,1784563133.051,27.103,2.395074e-01,2.583753e-03,2.258301e-01,2.482910e-01,2000,0,4.790149e-02
2026-07-20T18:58:53.150,1784563133.151,27.203,2.397155e-01,2.571019e-03,2.285156e-01,2.487793e-01,2000,0,4.794309e-02
2026-07-20T18:58:53.250,1784563133.251,27.303,2.397449e-01,2.537336e-03,2.285156e-01,2.500000e-01,2000,0,4.794897e-02
2026-07-20T18:58:53.350,1784563133.351,27.403,2.390345e-01,2.485109e-03,2.275391e-01,2.485352e-01,2000,0,4.780691e-02
2026-07-20T18:58:53.450,1784563133.451,27.503,2.397917e-01,2.445858e-03,2.287598e-01,2.482910e-01,2000,0,4.795835e-02
2026-07-20T18:58:53.550,1784563133.551,27.603,2.382307e-01,2.323433e-03,2.297363e-01,2.463379e-01,2000,0,4.764614e-02
2026-07-20T18:58:53.650,1784563133.651,27.703,2.393964e-01,2.482208e-03,2.314453e-01,2.504883e-01,2000,0,4.787927e-02
2026-07-20T18:58:53.750,1784563133.751,27.803,2.398770e-01,2.319229e-03,2.307129e-01,2.485352e-01,2000,0,4.797539e-02
2026-07-20T18:58:53.850,1784563133.851,27.903,2.396442e-01,2.369764e-03,2.294922e-01,2.500000e-01,2000,0,4.792883e-02
2026-07-20T18:58:53.948,1784563133.949,28.003,2.391224e-01,2.336491e-03,2.236328e-01,2.465820e-01,2000,0,4.782449e-02
2026-07-20T18:58:54.050,1784563134.051,28.103,2.394475e-01,2.406715e-03,2.292480e-01,2.512207e-01,2000,0,4.788950e-02
2026-07-20T18:58:54.150,1784563134.151,28.203,2.396202e-01,2.427988e-03,2.304688e-01,2.514648e-01,2000,0,4.792405e-02
2026-07-20T18:58:54.249,1784563134.249,28.303,2.390704e-01,2.608177e-03,2.304688e-01,2.504883e-01,2000,0,4.781409e-02
2026-07-20T18:58:54.348,1784563134.349,28.403,2.394298e-01,2.605739e-03,2.277832e-01,2.497559e-01,2000,0,4.788596e-02
2026-07-20T18:58:54.450,1784563134.451,28.503,2.394919e-01,2.704625e-03,2.287598e-01,2.492676e-01,2000,0,4.789839e-02
2026-07-20T18:58:54.550,1784563134.551,28.603,2.386830e-01,2.711685e-03,2.287598e-01,2.470703e-01,2000,0,4.773660e-02
2026-07-20T18:58:54.650,1784563134.651,28.703,2.391947e-01,2.898225e-03,2.290039e-01,2.500000e-01,2000,0,4.783894e-02
2026-07-20T18:58:54.750,1784563134.751,28.803,2.388285e-01,2.999516e-03,2.290039e-01,2.500000e-01,2000,0,4.776570e-02
2026-07-20T18:58:54.851,1784563134.851,28.903,2.382058e-01,2.975047e-03,2.250977e-01,2.473145e-01,2000,0,4.764116e-02
2026-07-20T18:58:54.948,1784563134.949,29.003,2.383726e-01,3.133943e-03,2.275391e-01,2.482910e-01,2000,0,4.767451e-02
2026-07-20T18:58:55.050,1784563135.051,29.103,2.379951e-01,3.149626e-03,2.287598e-01,2.495117e-01,2000,0,4.759902e-02
2026-07-20T18:58:55.150,1784563135.151,29.203,2.379495e-01,3.291991e-03,2.277832e-01,2.502441e-01,2000,0,4.758989e-02
2026-07-20T18:58:55.248,1784563135.249,29.303,2.380007e-01,3.152883e-03,2.263184e-01,2.487793e-01,2000,0,4.760015e-02
2026-07-20T18:58:55.350,1784563135.351,29.403,2.381738e-01,3.417981e-03,2.265625e-01,2.490234e-01,2000,0,4.763477e-02
2026-07-20T18:58:55.450,1784563135.451,29.503,2.377026e-01,3.249301e-03,2.280273e-01,2.487793e-01,2000,0,4.754053e-02
2026-07-20T18:58:55.550,1784563135.551,29.603,2.380212e-01,3.547144e-03,2.231445e-01,2.507324e-01,2000,0,4.760425e-02
2026-07-20T18:58:55.651,1784563135.651,29.703,2.377997e-01,3.410818e-03,2.243652e-01,2.497559e-01,2000,0,4.755994e-02
2026-07-20T18:58:55.750,1784563135.751,29.803,2.374241e-01,3.520834e-03,2.250977e-01,2.487793e-01,2000,0,4.748481e-02
2026-07-20T18:58:55.850,1784563135.851,29.903,2.376946e-01,3.475688e-03,2.253418e-01,2.502441e-01,2000,0,4.753892e-02
2026-07-20T18:58:55.950,1784563135.951,30.003,2.375135e-01,3.657554e-03,2.253418e-01,2.500000e-01,2000,0,4.750271e-02
2026-07-20T18:58:56.050,1784563136.051,30.103,2.374578e-01,3.582741e-03,2.246094e-01,2.490234e-01,2000,0,4.749155e-02
2026-07-20T18:58:56.151,1784563136.151,30.203,2.369838e-01,3.551618e-03,2.258301e-01,2.485352e-01,2000,0,4.739675e-02
2026-07-20T18:58:56.249,1784563136.249,30.303,2.370400e-01,3.563859e-03,2.246094e-01,2.485352e-01,2000,0,4.740801e-02
2026-07-20T18:58:56.351,1784563136.351,30.403,2.369224e-01,3.555970e-03,2.260742e-01,2.480469e-01,2000,0,4.738447e-02
2026-07-20T18:58:56.450,1784563136.451,30.503,2.375869e-01,3.632519e-03,2.265625e-01,2.521973e-01,2000,0,4.751738e-02
2026-07-20T18:58:56.551,1784563136.551,30.603,2.373695e-01,3.413301e-03,2.272949e-01,2.487793e-01,2000,0,4.747390e-02
2026-07-20T18:58:56.650,1784563136.651,30.703,2.372253e-01,3.530457e-03,2.263184e-01,2.502441e-01,2000,0,4.744507e-02
2026-07-20T18:58:56.750,1784563136.751,30.803,2.372825e-01,3.520155e-03,2.270508e-01,2.500000e-01,2000,0,4.745649e-02
2026-07-20T18:58:56.850,1784563136.851,30.903,2.372013e-01,3.722293e-03,2.253418e-01,2.492676e-01,2000,0,4.744026e-02
2026-07-20T18:58:56.950,1784563136.951,31.003,2.364738e-01,3.816752e-03,2.255859e-01,2.480469e-01,2000,0,4.729475e-02
2026-07-20T18:58:57.050,1784563137.051,31.103,2.372677e-01,3.749817e-03,2.260742e-01,2.517090e-01,2000,0,4.745354e-02
2026-07-20T18:58:57.151,1784563137.151,31.203,2.371652e-01,3.777439e-03,2.260742e-01,2.502441e-01,2000,0,4.743303e-02
2026-07-20T18:58:57.250,1784563137.251,31.303,2.365997e-01,3.611473e-03,2.243652e-01,2.490234e-01,2000,0,4.731995e-02
2026-07-20T18:58:57.350,1784563137.351,31.403,2.369746e-01,3.621331e-03,2.250977e-01,2.478027e-01,2000,0,4.739492e-02
2026-07-20T18:58:57.451,1784563137.451,31.503,2.368700e-01,3.696069e-03,2.250977e-01,2.482910e-01,2000,0,4.737400e-02
2026-07-20T18:58:57.548,1784563137.549,31.603,2.352235e-01,3.787277e-03,2.219238e-01,2.495117e-01,2000,0,4.704470e-02
2026-07-20T18:58:57.650,1784563137.651,31.703,2.366686e-01,3.693291e-03,2.255859e-01,2.482910e-01,2000,0,4.733372e-02
2026-07-20T18:58:57.750,1784563137.751,31.803,2.366300e-01,3.574052e-03,2.248535e-01,2.497559e-01,2000,0,4.732600e-02
2026-07-20T18:58:57.848,1784563137.849,31.903,2.363751e-01,3.682960e-03,2.194824e-01,2.507324e-01,2000,0,4.727502e-02
2026-07-20T18:58:57.950,1784563137.951,32.003,2.358478e-01,3.740928e-03,2.229004e-01,2.478027e-01,2000,0,4.716956e-02
2026-07-20T18:58:58.051,1784563138.051,32.103,2.366104e-01,3.769595e-03,2.226562e-01,2.470703e-01,2000,0,4.732207e-02
2026-07-20T18:58:58.148,1784563138.149,32.203,2.362906e-01,3.680163e-03,2.221680e-01,2.492676e-01,2000,0,4.725813e-02
2026-07-20T18:58:58.250,1784563138.251,32.303,2.363595e-01,3.425050e-03,2.233887e-01,2.473145e-01,2000,0,4.727190e-02
2026-07-20T18:58:58.351,1784563138.351,32.403,2.361875e-01,3.646404e-03,2.209473e-01,2.485352e-01,2000,0,4.723750e-02
2026-07-20T18:58:58.450,1784563138.451,32.503,2.362668e-01,3.617634e-03,2.214355e-01,2.480469e-01,2000,0,4.725337e-02
2026-07-20T18:58:58.550,1784563138.551,32.603,2.361377e-01,3.609597e-03,2.214355e-01,2.485352e-01,2000,0,4.722754e-02
2026-07-20T18:58:58.650,1784563138.651,32.703,2.363069e-01,3.666757e-03,2.221680e-01,2.475586e-01,2000,0,4.726138e-02
2026-07-20T18:58:58.748,1784563138.749,32.803,2.358696e-01,3.619800e-03,2.214355e-01,2.490234e-01,2000,0,4.717393e-02
2026-07-20T18:58:58.851,1784563138.851,32.903,2.359742e-01,3.337755e-03,2.231445e-01,2.448730e-01,2000,0,4.719485e-02
2026-07-20T18:58:58.950,1784563138.951,33.003,2.354720e-01,3.529542e-03,2.224121e-01,2.470703e-01,2000,0,4.709441e-02
2026-07-20T18:58:59.051,1784563139.051,33.103,2.352429e-01,3.233476e-03,2.231445e-01,2.465820e-01,2000,0,4.704858e-02
2026-07-20T18:58:59.150,1784563139.151,33.203,2.350465e-01,3.389444e-03,2.231445e-01,2.465820e-01,2000,0,4.700930e-02
2026-07-20T18:58:59.251,1784563139.251,33.303,2.350005e-01,3.406555e-03,2.238770e-01,2.507324e-01,2000,0,4.700010e-02
2026-07-20T18:58:59.350,1784563139.351,33.403,2.345890e-01,3.376662e-03,2.226562e-01,2.458496e-01,2000,0,4.691780e-02
2026-07-20T18:58:59.450,1784563139.451,33.503,2.344800e-01,3.355554e-03,2.233887e-01,2.438965e-01,2000,0,4.689600e-02
2026-07-20T18:58:59.550,1784563139.551,33.603,2.342649e-01,3.400193e-03,2.236328e-01,2.443848e-01,2000,0,4.685298e-02
2026-07-20T18:58:59.651,1784563139.651,33.703,2.339307e-01,3.216599e-03,2.233887e-01,2.458496e-01,2000,0,4.678613e-02
2026-07-20T18:58:59.751,1784563139.751,33.803,2.337146e-01,3.314949e-03,2.236328e-01,2.453613e-01,2000,0,4.674292e-02
2026-07-20T18:58:59.850,1784563139.851,33.903,2.334736e-01,3.294597e-03,2.221680e-01,2.436523e-01,2000,0,4.669473e-02
2026-07-20T18:58:59.948,1784563139.949,34.003,2.331946e-01,3.393061e-03,2.189941e-01,2.438965e-01,2000,0,4.663892e-02
2026-07-20T18:59:00.050,1784563140.051,34.103,2.332161e-01,3.198932e-03,2.231445e-01,2.441406e-01,2000,0,4.664321e-02
2026-07-20T18:59:00.150,1784563140.151,34.203,2.331309e-01,3.146799e-03,2.219238e-01,2.485352e-01,2000,0,4.662617e-02
2026-07-20T18:59:00.251,1784563140.251,34.303,2.326438e-01,3.421505e-03,2.207031e-01,2.438965e-01,2000,0,4.652876e-02
2026-07-20T18:59:00.351,1784563140.351,34.403,2.324724e-01,3.235155e-03,2.189941e-01,2.429199e-01,2000,0,4.649448e-02
2026-07-20T18:59:00.450,1784563140.451,34.503,2.324965e-01,3.171453e-03,2.219238e-01,2.451172e-01,2000,0,4.649929e-02
2026-07-20T18:59:00.550,1784563140.551,34.603,2.318383e-01,3.160315e-03,2.202148e-01,2.441406e-01,2000,0,4.636765e-02
2026-07-20T18:59:00.650,1784563140.651,34.703,2.318477e-01,3.393933e-03,2.216797e-01,2.441406e-01,2000,0,4.636953e-02
2026-07-20T18:59:00.748,1784563140.749,34.803,2.322295e-01,3.327423e-03,2.224121e-01,2.446289e-01,2000,0,4.644590e-02
2026-07-20T18:59:00.850,1784563140.851,34.903,2.320017e-01,3.288649e-03,2.199707e-01,2.443848e-01,2000,0,4.640034e-02
2026-07-20T18:59:00.950,1784563140.951,35.003,2.323397e-01,3.399708e-03,2.167969e-01,2.460938e-01,2000,0,4.646794e-02
2026-07-20T18:59:01.050,1784563141.051,35.103,2.317025e-01,3.461641e-03,2.202148e-01,2.434082e-01,2000,0,4.634050e-02
2026-07-20T18:59:01.150,1784563141.151,35.203,2.319983e-01,3.368351e-03,2.177734e-01,2.431641e-01,2000,0,4.639966e-02
2026-07-20T18:59:01.250,1784563141.251,35.303,2.323296e-01,3.523653e-03,2.175293e-01,2.441406e-01,2000,0,4.646592e-02
2026-07-20T18:59:01.350,1784563141.351,35.403,2.315179e-01,3.541588e-03,2.194824e-01,2.431641e-01,2000,0,4.630359e-02
2026-07-20T18:59:01.450,1784563141.451,35.503,2.315627e-01,3.633840e-03,2.197266e-01,2.431641e-01,2000,0,4.631255e-02
2026-07-20T18:59:01.548,1784563141.549,35.603,2.315801e-01,3.610610e-03,2.177734e-01,2.453613e-01,2000,0,4.631602e-02
2026-07-20T18:59:01.650,1784563141.651,35.703,2.319630e-01,3.705834e-03,2.192383e-01,2.443848e-01,2000,0,4.639260e-02
2026-07-20T18:59:01.751,1784563141.751,35.803,2.323043e-01,3.635422e-03,2.202148e-01,2.426758e-01,2000,0,4.646086e-02
2026-07-20T18:59:01.850,1784563141.851,35.903,2.320906e-01,3.549217e-03,2.204590e-01,2.460938e-01,2000,0,4.641812e-02
2026-07-20T18:59:01.950,1784563141.951,36.003,2.318088e-01,3.567260e-03,2.199707e-01,2.419434e-01,2000,0,4.636177e-02
2026-07-20T18:59:02.048,1784563142.049,36.103,2.316925e-01,3.559419e-03,2.177734e-01,2.431641e-01,2000,0,4.633850e-02
2026-07-20T18:59:02.151,1784563142.151,36.203,2.315929e-01,3.394232e-03,2.202148e-01,2.409668e-01,2000,0,4.631858e-02
2026-07-20T18:59:02.251,1784563142.252,36.303,2.314615e-01,3.552293e-03,2.192383e-01,2.441406e-01,2000,0,4.629231e-02
2026-07-20T18:59:02.351,1784563142.351,36.403,2.314442e-01,3.400446e-03,2.182617e-01,2.412109e-01,2000,0,4.628884e-02
2026-07-20T18:59:02.450,1784563142.451,36.503,2.316432e-01,3.403688e-03,2.182617e-01,2.421875e-01,2000,0,4.632864e-02
2026-07-20T18:59:02.551,1784563142.551,36.603,2.313279e-01,3.306674e-03,2.197266e-01,2.434082e-01,2000,0,4.626558e-02
2026-07-20T18:59:02.650,1784563142.651,36.703,2.306447e-01,3.372963e-03,2.172852e-01,2.424316e-01,2000,0,4.612893e-02
2026-07-20T18:59:02.751,1784563142.751,36.803,2.309904e-01,3.286652e-03,2.211914e-01,2.414551e-01,2000,0,4.619807e-02
2026-07-20T18:59:02.851,1784563142.851,36.903,2.300951e-01,3.205652e-03,2.194824e-01,2.438965e-01,2000,0,4.601902e-02
2026-07-20T18:59:02.950,1784563142.951,37.003,2.294709e-01,3.303182e-03,2.175293e-01,2.395020e-01,2000,0,4.589419e-02
2026-07-20T18:59:03.051,1784563143.051,37.103,2.296746e-01,3.378777e-03,2.177734e-01,2.409668e-01,2000,0,4.593491e-02
2026-07-20T18:59:03.150,1784563143.151,37.203,2.293635e-01,3.269509e-03,2.177734e-01,2.414551e-01,2000,0,4.587271e-02
2026-07-20T18:59:03.250,1784563143.251,37.303,2.290270e-01,3.430341e-03,2.165527e-01,2.431641e-01,2000,0,4.580540e-02
2026-07-20T18:59:03.350,1784563143.351,37.403,2.292968e-01,3.306458e-03,2.185059e-01,2.409668e-01,2000,0,4.585935e-02
2026-07-20T18:59:03.450,1784563143.451,37.503,2.286075e-01,3.460496e-03,2.182617e-01,2.402344e-01,2000,0,4.572151e-02
2026-07-20T18:59:03.549,1784563143.549,37.603,2.286637e-01,3.370075e-03,2.177734e-01,2.404785e-01,2000,0,4.573274e-02
2026-07-20T18:59:03.650,1784563143.651,37.703,2.288008e-01,3.446447e-03,2.170410e-01,2.397461e-01,2000,0,4.576016e-02
2026-07-20T18:59:03.750,1784563143.751,37.803,2.277449e-01,3.544568e-03,2.167969e-01,2.390137e-01,2000,0,4.554897e-02
2026-07-20T18:59:03.851,1784563143.851,37.903,2.277914e-01,3.450402e-03,2.170410e-01,2.380371e-01,2000,0,4.555828e-02
2026-07-20T18:59:03.951,1784563143.951,38.003,2.273965e-01,3.297191e-03,2.170410e-01,2.380371e-01,2000,0,4.547930e-02
2026-07-20T18:59:04.050,1784563144.051,38.103,2.268693e-01,3.439973e-03,2.160645e-01,2.377930e-01,2000,0,4.537385e-02
2026-07-20T18:59:04.149,1784563144.149,38.203,2.261433e-01,3.341294e-03,2.167969e-01,2.409668e-01,2000,0,4.522866e-02
2026-07-20T18:59:04.250,1784563144.251,38.303,2.265494e-01,3.307422e-03,2.172852e-01,2.380371e-01,2000,0,4.530989e-02
2026-07-20T18:59:04.348,1784563144.349,38.403,2.259939e-01,3.315388e-03,2.155762e-01,2.368164e-01,2000,0,4.519878e-02
2026-07-20T18:59:04.451,1784563144.451,38.503,2.255170e-01,3.201723e-03,2.145996e-01,2.368164e-01,2000,0,4.510339e-02
2026-07-20T18:59:04.551,1784563144.551,38.603,2.251323e-01,3.227866e-03,2.143555e-01,2.368164e-01,2000,0,4.502646e-02
2026-07-20T18:59:04.651,1784563144.651,38.703,2.242216e-01,3.179178e-03,2.089844e-01,2.348633e-01,2000,0,4.484431e-02
2026-07-20T18:59:04.749,1784563144.749,38.803,2.237708e-01,3.132732e-03,2.136230e-01,2.333984e-01,2000,0,4.475415e-02
2026-07-20T18:59:04.851,1784563144.851,38.903,2.234731e-01,3.131281e-03,2.109375e-01,2.329102e-01,2000,0,4.469463e-02
2026-07-20T18:59:04.949,1784563144.949,39.003,2.228281e-01,3.220106e-03,2.106934e-01,2.338867e-01,2000,0,4.456562e-02
2026-07-20T18:59:05.048,1784563145.049,39.103,2.221460e-01,2.966524e-03,2.102051e-01,2.314453e-01,2000,0,4.442920e-02
2026-07-20T18:59:05.151,1784563145.151,39.203,2.218275e-01,3.133209e-03,2.109375e-01,2.319336e-01,2000,0,4.436550e-02
2026-07-20T18:59:05.250,1784563145.251,39.303,2.210247e-01,3.103454e-03,2.102051e-01,2.304688e-01,2000,0,4.420493e-02
2026-07-20T18:59:05.350,1784563145.351,39.403,2.206882e-01,3.002913e-03,2.097168e-01,2.287598e-01,2000,0,4.413765e-02
2026-07-20T18:59:05.451,1784563145.451,39.503,2.203658e-01,2.960390e-03,2.099609e-01,2.341309e-01,2000,0,4.407317e-02
2026-07-20T18:59:05.551,1784563145.552,39.603,2.196196e-01,3.250017e-03,2.082520e-01,2.304688e-01,2000,0,4.392393e-02
2026-07-20T18:59:05.648,1784563145.649,39.703,2.186313e-01,3.108973e-03,2.067871e-01,2.307129e-01,2000,0,4.372627e-02
2026-07-20T18:59:05.750,1784563145.751,39.803,2.188663e-01,3.085405e-03,2.067871e-01,2.292480e-01,2000,0,4.377327e-02
2026-07-20T18:59:05.851,1784563145.851,39.903,2.185853e-01,3.097091e-03,2.060547e-01,2.280273e-01,2000,0,4.371707e-02
2026-07-20T18:59:05.951,1784563145.951,40.003,2.181654e-01,3.234222e-03,2.067871e-01,2.292480e-01,2000,0,4.363308e-02
2026-07-20T18:59:06.051,1784563146.051,40.103,2.176357e-01,3.161672e-03,2.070312e-01,2.270508e-01,2000,0,4.352715e-02
2026-07-20T18:59:06.148,1784563146.149,40.203,2.169906e-01,3.146260e-03,2.060547e-01,2.263184e-01,2000,0,4.339812e-02
2026-07-20T18:59:06.250,1784563146.251,40.303,2.166591e-01,3.377629e-03,2.036133e-01,2.263184e-01,2000,0,4.333181e-02
2026-07-20T18:59:06.351,1784563146.351,40.403,2.161549e-01,3.185527e-03,2.072754e-01,2.263184e-01,2000,0,4.323098e-02
2026-07-20T18:59:06.451,1784563146.451,40.503,2.158708e-01,3.405522e-03,2.028809e-01,2.277832e-01,2000,0,4.317417e-02
2026-07-20T18:59:06.551,1784563146.551,40.603,2.160151e-01,3.440791e-03,2.038574e-01,2.268066e-01,2000,0,4.320303e-02
2026-07-20T18:59:06.651,1784563146.651,40.703,2.154703e-01,3.301081e-03,2.023926e-01,2.272949e-01,2000,0,4.309407e-02
2026-07-20T18:59:06.750,1784563146.751,40.803,2.148934e-01,3.390313e-03,2.038574e-01,2.258301e-01,2000,0,4.297869e-02
2026-07-20T18:59:06.850,1784563146.851,40.903,2.149966e-01,3.440314e-03,2.031250e-01,2.253418e-01,2000,0,4.299932e-02
2026-07-20T18:59:06.951,1784563146.951,41.003,2.144988e-01,3.365861e-03,2.023926e-01,2.258301e-01,2000,0,4.289976e-02
2026-07-20T18:59:07.050,1784563147.051,41.103,2.142522e-01,3.406178e-03,2.028809e-01,2.260742e-01,2000,0,4.285044e-02
2026-07-20T18:59:07.149,1784563147.149,41.203,2.126315e-01,3.528966e-03,2.006836e-01,2.250977e-01,2000,0,4.252629e-02
2026-07-20T18:59:07.251,1784563147.251,41.303,2.139089e-01,3.402104e-03,2.031250e-01,2.250977e-01,2000,0,4.278179e-02
2026-07-20T18:59:07.348,1784563147.349,41.403,2.129467e-01,3.331557e-03,2.026367e-01,2.243652e-01,2000,0,4.258933e-02
2026-07-20T18:59:07.450,1784563147.451,41.503,2.135382e-01,3.437486e-03,2.014160e-01,2.263184e-01,2000,0,4.270764e-02
2026-07-20T18:59:07.551,1784563147.551,41.603,2.138403e-01,3.513233e-03,2.031250e-01,2.290039e-01,2000,0,4.276807e-02
2026-07-20T18:59:07.650,1784563147.651,41.703,2.128268e-01,3.458191e-03,2.026367e-01,2.248535e-01,2000,0,4.256536e-02
2026-07-20T18:59:07.751,1784563147.751,41.803,2.127026e-01,3.489957e-03,2.023926e-01,2.231445e-01,2000,0,4.254053e-02
2026-07-20T18:59:07.848,1784563147.849,41.903,2.128839e-01,3.537055e-03,2.021484e-01,2.253418e-01,2000,0,4.257678e-02
2026-07-20T18:59:07.948,1784563147.949,42.003,2.124468e-01,3.582441e-03,2.019043e-01,2.263184e-01,2000,0,4.248936e-02
2026-07-20T18:59:08.048,1784563148.049,42.103,2.123351e-01,3.429021e-03,2.016602e-01,2.236328e-01,2000,0,4.246702e-02
2026-07-20T18:59:08.148,1784563148.149,42.203,2.123107e-01,3.484850e-03,1.992188e-01,2.248535e-01,2000,0,4.246213e-02
2026-07-20T18:59:08.249,1784563148.249,42.303,2.122500e-01,3.468856e-03,2.014160e-01,2.258301e-01,2000,0,4.245000e-02
2026-07-20T18:59:08.348,1784563148.349,42.403,2.119647e-01,3.305491e-03,2.001953e-01,2.263184e-01,2000,0,4.239294e-02
2026-07-20T18:59:08.451,1784563148.452,42.503,2.123805e-01,3.284526e-03,2.019043e-01,2.229004e-01,2000,0,4.247610e-02
2026-07-20T18:59:08.548,1784563148.549,42.603,2.121038e-01,3.329628e-03,2.019043e-01,2.238770e-01,2000,0,4.242075e-02
2026-07-20T18:59:08.651,1784563148.651,42.703,2.107255e-01,3.256274e-03,1.999512e-01,2.202148e-01,2000,0,4.214509e-02
2026-07-20T18:59:08.750,1784563148.751,42.803,2.122882e-01,3.346962e-03,2.009277e-01,2.282715e-01,2000,0,4.245764e-02
2026-07-20T18:59:08.850,1784563148.851,42.903,2.118829e-01,3.349119e-03,1.992188e-01,2.258301e-01,2000,0,4.237659e-02
2026-07-20T18:59:08.950,1784563148.951,43.003,2.120458e-01,3.251963e-03,2.006836e-01,2.268066e-01,2000,0,4.240916e-02
2026-07-20T18:59:09.051,1784563149.051,43.103,2.123246e-01,3.200730e-03,2.009277e-01,2.238770e-01,2000,0,4.246492e-02
2026-07-20T18:59:09.149,1784563149.149,43.203,2.121981e-01,3.135376e-03,2.014160e-01,2.229004e-01,2000,0,4.243962e-02
2026-07-20T18:59:09.250,1784563149.251,43.303,2.122531e-01,3.096071e-03,2.026367e-01,2.226562e-01,2000,0,4.245061e-02
2026-07-20T18:59:09.351,1784563149.351,43.403,2.125393e-01,3.102232e-03,2.026367e-01,2.219238e-01,2000,0,4.250786e-02
2026-07-20T18:59:09.450,1784563149.451,43.503,2.125638e-01,3.000298e-03,2.031250e-01,2.229004e-01,2000,0,4.251277e-02
2026-07-20T18:59:09.550,1784563149.551,43.603,2.124541e-01,3.012799e-03,2.026367e-01,2.250977e-01,2000,0,4.249082e-02
2026-07-20T18:59:09.650,1784563149.651,43.703,2.127758e-01,3.223120e-03,2.004395e-01,2.233887e-01,2000,0,4.255515e-02
2026-07-20T18:59:09.750,1784563149.751,43.803,2.128733e-01,3.194242e-03,2.016602e-01,2.243652e-01,2000,0,4.257466e-02
2026-07-20T18:59:09.850,1784563149.851,43.903,2.128666e-01,3.192794e-03,2.023926e-01,2.221680e-01,2000,0,4.257332e-02
2026-07-20T18:59:09.948,1784563149.949,44.003,2.133860e-01,3.250713e-03,2.036133e-01,2.253418e-01,2000,0,4.267720e-02
2026-07-20T18:59:10.050,1784563150.051,44.103,2.131171e-01,3.264392e-03,2.006836e-01,2.229004e-01,2000,0,4.262341e-02
2026-07-20T18:59:10.151,1784563150.151,44.203,2.137203e-01,3.213058e-03,2.043457e-01,2.250977e-01,2000,0,4.274407e-02
2026-07-20T18:59:10.251,1784563150.251,44.303,2.140575e-01,3.243589e-03,2.009277e-01,2.238770e-01,2000,0,4.281150e-02
2026-07-20T18:59:10.351,1784563150.351,44.403,2.138427e-01,3.390747e-03,2.041016e-01,2.243652e-01,2000,0,4.276853e-02
2026-07-20T18:59:10.450,1784563150.451,44.503,2.145172e-01,3.369845e-03,2.021484e-01,2.253418e-01,2000,0,4.290344e-02
2026-07-20T18:59:10.549,1784563150.549,44.603,2.150450e-01,3.400062e-03,2.038574e-01,2.263184e-01,2000,0,4.300901e-02
2026-07-20T18:59:10.650,1784563150.651,44.703,2.145189e-01,3.468363e-03,2.033691e-01,2.265625e-01,2000,0,4.290378e-02
2026-07-20T18:59:10.750,1784563150.751,44.803,2.147289e-01,3.387130e-03,2.038574e-01,2.248535e-01,2000,0,4.294578e-02
2026-07-20T18:59:10.851,1784563150.851,44.903,2.153398e-01,3.392562e-03,2.050781e-01,2.268066e-01,2000,0,4.306797e-02
2026-07-20T18:59:10.948,1784563150.949,45.003,2.153317e-01,3.513916e-03,2.041016e-01,2.265625e-01,2000,0,4.306633e-02
2026-07-20T18:59:11.050,1784563151.051,45.103,2.151855e-01,3.524861e-03,2.038574e-01,2.302246e-01,2000,0,4.303711e-02
2026-07-20T18:59:11.151,1784563151.151,45.203,2.160181e-01,3.643621e-03,2.033691e-01,2.270508e-01,2000,0,4.320361e-02
2026-07-20T18:59:11.250,1784563151.250,45.303,2.151449e-01,3.518616e-03,2.043457e-01,2.321777e-01,2000,0,4.302898e-02
2026-07-20T18:59:11.351,1784563151.351,45.403,2.160586e-01,3.533504e-03,2.053223e-01,2.297363e-01,2000,0,4.321172e-02
2026-07-20T18:59:11.450,1784563151.451,45.503,2.165140e-01,3.441996e-03,2.053223e-01,2.272949e-01,2000,0,4.330281e-02
2026-07-20T18:59:11.551,1784563151.551,45.603,2.165083e-01,3.450381e-03,2.050781e-01,2.285156e-01,2000,0,4.330166e-02
2026-07-20T18:59:11.650,1784563151.651,45.703,2.168027e-01,3.214957e-03,2.062988e-01,2.275391e-01,2000,0,4.336055e-02
2026-07-20T18:59:11.751,1784563151.751,45.803,2.173945e-01,3.565551e-03,2.050781e-01,2.297363e-01,2000,0,4.347891e-02
2026-07-20T18:59:11.848,1784563151.849,45.903,2.171855e-01,3.377662e-03,2.072754e-01,2.268066e-01,2000,0,4.343711e-02
2026-07-20T18:59:11.949,1784563151.949,46.003,2.173868e-01,3.261978e-03,2.075195e-01,2.280273e-01,2000,0,4.347737e-02
2026-07-20T18:59:12.051,1784563152.051,46.103,2.178245e-01,3.077667e-03,2.075195e-01,2.272949e-01,2000,0,4.356489e-02
2026-07-20T18:59:12.150,1784563152.151,46.203,2.176288e-01,3.080039e-03,2.060547e-01,2.285156e-01,2000,0,4.352576e-02
2026-07-20T18:59:12.249,1784563152.250,46.303,2.172515e-01,3.170605e-03,2.067871e-01,2.302246e-01,2000,0,4.345029e-02
2026-07-20T18:59:12.351,1784563152.351,46.403,2.180559e-01,2.866593e-03,2.082520e-01,2.277832e-01,2000,0,4.361118e-02
2026-07-20T18:59:12.448,1784563152.449,46.503,2.175667e-01,2.868705e-03,2.072754e-01,2.275391e-01,2000,0,4.351333e-02
2026-07-20T18:59:12.549,1784563152.549,46.603,2.176558e-01,2.737182e-03,2.082520e-01,2.321777e-01,2000,0,4.353115e-02
2026-07-20T18:59:12.650,1784563152.651,46.703,2.175740e-01,2.584036e-03,2.087402e-01,2.280273e-01,2000,0,4.351479e-02
2026-07-20T18:59:12.751,1784563152.751,46.803,2.171946e-01,2.816957e-03,2.070312e-01,2.263184e-01,2000,0,4.343892e-02
2026-07-20T18:59:12.851,1784563152.851,46.903,2.171094e-01,2.511074e-03,2.077637e-01,2.255859e-01,2000,0,4.342187e-02
2026-07-20T18:59:12.951,1784563152.951,47.003,2.171736e-01,2.543638e-03,2.062988e-01,2.255859e-01,2000,0,4.343472e-02
2026-07-20T18:59:13.050,1784563153.051,47.103,2.170048e-01,2.408561e-03,2.092285e-01,2.250977e-01,2000,0,4.340095e-02
2026-07-20T18:59:13.150,1784563153.151,47.203,2.169095e-01,2.481128e-03,2.087402e-01,2.287598e-01,2000,0,4.338191e-02
2026-07-20T18:59:13.249,1784563153.250,47.303,2.164760e-01,2.609515e-03,2.080078e-01,2.258301e-01,2000,0,4.329519e-02
2026-07-20T18:59:13.348,1784563153.349,47.403,2.163362e-01,2.607329e-03,2.038574e-01,2.253418e-01,2000,0,4.326724e-02
2026-07-20T18:59:13.449,1784563153.449,47.503,2.163408e-01,2.440278e-03,2.072754e-01,2.243652e-01,2000,0,4.326816e-02
2026-07-20T18:59:13.551,1784563153.551,47.603,2.157578e-01,2.625749e-03,2.077637e-01,2.236328e-01,2000,0,4.315156e-02
2026-07-20T18:59:13.650,1784563153.651,47.703,2.155994e-01,2.688441e-03,2.070312e-01,2.246094e-01,2000,0,4.311987e-02
2026-07-20T18:59:13.751,1784563153.751,47.803,2.147225e-01,2.627184e-03,2.065430e-01,2.229004e-01,2000,0,4.294451e-02
2026-07-20T18:59:13.851,1784563153.851,47.903,2.148682e-01,2.755481e-03,2.050781e-01,2.238770e-01,2000,0,4.297363e-02
2026-07-20T18:59:13.951,1784563153.951,48.003,2.139700e-01,3.020531e-03,2.011719e-01,2.246094e-01,2000,0,4.279399e-02
2026-07-20T18:59:14.049,1784563154.049,48.103,2.139049e-01,3.070593e-03,2.036133e-01,2.285156e-01,2000,0,4.278098e-02
2026-07-20T18:59:14.151,1784563154.152,48.203,2.132572e-01,3.052451e-03,2.028809e-01,2.265625e-01,2000,0,4.265144e-02
2026-07-20T18:59:14.248,1784563154.249,48.303,2.124471e-01,3.143531e-03,2.011719e-01,2.221680e-01,2000,0,4.248943e-02
2026-07-20T18:59:14.351,1784563154.351,48.403,2.121953e-01,3.275971e-03,2.006836e-01,2.241211e-01,2000,0,4.243906e-02
2026-07-20T18:59:14.450,1784563154.451,48.503,2.117421e-01,3.255441e-03,2.006836e-01,2.219238e-01,2000,0,4.234841e-02
2026-07-20T18:59:14.551,1784563154.551,48.603,2.113069e-01,3.422516e-03,2.011719e-01,2.272949e-01,2000,0,4.226138e-02
2026-07-20T18:59:14.650,1784563154.651,48.703,2.104078e-01,3.322491e-03,2.001953e-01,2.219238e-01,2000,0,4.208157e-02
2026-07-20T18:59:14.751,1784563154.751,48.803,2.096708e-01,3.432082e-03,1.982422e-01,2.216797e-01,2000,0,4.193416e-02
2026-07-20T18:59:14.851,1784563154.851,48.903,2.090610e-01,3.406146e-03,1.972656e-01,2.182617e-01,2000,0,4.181221e-02
2026-07-20T18:59:14.949,1784563154.949,49.003,2.080959e-01,3.480033e-03,1.982422e-01,2.199707e-01,2000,0,4.161919e-02
2026-07-20T18:59:15.051,1784563155.051,49.103,2.078395e-01,3.414314e-03,1.958008e-01,2.197266e-01,2000,0,4.156790e-02
2026-07-20T18:59:15.149,1784563155.149,49.203,2.069128e-01,3.463699e-03,1.938477e-01,2.207031e-01,2000,0,4.138257e-02
2026-07-20T18:59:15.249,1784563155.249,49.303,2.061975e-01,3.595933e-03,1.933594e-01,2.189941e-01,2000,0,4.123950e-02
2026-07-20T18:59:15.351,1784563155.351,49.403,2.058397e-01,3.528565e-03,1.943359e-01,2.158203e-01,2000,0,4.116794e-02
2026-07-20T18:59:15.451,1784563155.451,49.503,2.051454e-01,3.494160e-03,1.931152e-01,2.150879e-01,2000,0,4.102908e-02
2026-07-20T18:59:15.551,1784563155.551,49.603,2.040051e-01,3.470783e-03,1.911621e-01,2.192383e-01,2000,0,4.080103e-02
2026-07-20T18:59:15.651,1784563155.651,49.703,2.038241e-01,3.396433e-03,1.899414e-01,2.192383e-01,2000,0,4.076482e-02
2026-07-20T18:59:15.751,1784563155.751,49.803,2.027777e-01,3.494129e-03,1.896973e-01,2.150879e-01,2000,0,4.055554e-02
2026-07-20T18:59:15.851,1784563155.851,49.903,2.020393e-01,3.266463e-03,1.904297e-01,2.119141e-01,2000,0,4.040786e-02
2026-07-20T18:59:15.951,1784563155.951,50.003,2.016667e-01,3.447066e-03,1.921387e-01,2.150879e-01,2000,0,4.033335e-02
2026-07-20T18:59:16.049,1784563156.049,50.103,2.009653e-01,3.390869e-03,1.899414e-01,2.106934e-01,2000,0,4.019307e-02
2026-07-20T18:59:16.151,1784563156.151,50.203,2.000079e-01,3.333905e-03,1.904297e-01,2.114258e-01,2000,0,4.000159e-02
2026-07-20T18:59:16.251,1784563156.251,50.303,1.995375e-01,3.460664e-03,1.899414e-01,2.109375e-01,2000,0,3.990750e-02
2026-07-20T18:59:16.351,1784563156.351,50.403,1.988379e-01,3.219995e-03,1.877441e-01,2.089844e-01,2000,0,3.976758e-02
2026-07-20T18:59:16.449,1784563156.449,50.503,1.984446e-01,3.248885e-03,1.882324e-01,2.114258e-01,2000,0,3.968892e-02
2026-07-20T18:59:16.551,1784563156.552,50.603,1.977362e-01,3.249220e-03,1.875000e-01,2.080078e-01,2000,0,3.954724e-02
2026-07-20T18:59:16.649,1784563156.649,50.703,1.970142e-01,3.138913e-03,1.835938e-01,2.087402e-01,2000,0,3.940283e-02
2026-07-20T18:59:16.750,1784563156.751,50.803,1.967157e-01,3.193129e-03,1.860352e-01,2.070312e-01,2000,0,3.934314e-02
2026-07-20T18:59:16.851,1784563156.851,50.903,1.961530e-01,3.219147e-03,1.848145e-01,2.087402e-01,2000,0,3.923059e-02
2026-07-20T18:59:16.951,1784563156.951,51.003,1.950636e-01,3.262025e-03,1.848145e-01,2.077637e-01,2000,0,3.901272e-02
2026-07-20T18:59:17.051,1784563157.051,51.103,1.954791e-01,2.964119e-03,1.840820e-01,2.045898e-01,2000,0,3.909583e-02
2026-07-20T18:59:17.150,1784563157.151,51.203,1.949998e-01,3.009433e-03,1.848145e-01,2.084961e-01,2000,0,3.899995e-02
2026-07-20T18:59:17.251,1784563157.251,51.303,1.942596e-01,2.986099e-03,1.821289e-01,2.087402e-01,2000,0,3.885193e-02
2026-07-20T18:59:17.351,1784563157.351,51.403,1.937460e-01,3.076143e-03,1.831055e-01,2.045898e-01,2000,0,3.874919e-02
2026-07-20T18:59:17.450,1784563157.451,51.503,1.935580e-01,2.957869e-03,1.823730e-01,2.099609e-01,2000,0,3.871160e-02
2026-07-20T18:59:17.551,1784563157.551,51.603,1.917805e-01,3.085950e-03,1.809082e-01,2.016602e-01,2000,0,3.835610e-02
2026-07-20T18:59:17.650,1784563157.651,51.703,1.915225e-01,2.952814e-03,1.818848e-01,2.009277e-01,2000,0,3.830449e-02
2026-07-20T18:59:17.750,1784563157.750,51.803,1.915496e-01,2.929285e-03,1.806641e-01,2.014160e-01,2000,0,3.830991e-02
2026-07-20T18:59:17.851,1784563157.851,51.903,1.903629e-01,3.011450e-03,1.733398e-01,1.997070e-01,2000,0,3.807258e-02
2026-07-20T18:59:17.951,1784563157.951,52.003,1.909569e-01,2.963087e-03,1.816406e-01,2.041016e-01,2000,0,3.819138e-02
2026-07-20T18:59:18.051,1784563158.051,52.103,1.909292e-01,2.984452e-03,1.779785e-01,1.997070e-01,2000,0,3.818584e-02
2026-07-20T18:59:18.151,1784563158.151,52.203,1.902386e-01,3.072655e-03,1.735840e-01,1.992188e-01,2000,0,3.804773e-02
2026-07-20T18:59:18.249,1784563158.249,52.303,1.896249e-01,3.124281e-03,1.772461e-01,2.009277e-01,2000,0,3.792498e-02
2026-07-20T18:59:18.351,1784563158.351,52.403,1.898093e-01,3.102809e-03,1.772461e-01,1.989746e-01,2000,0,3.796187e-02
2026-07-20T18:59:18.450,1784563158.451,52.503,1.896227e-01,3.193609e-03,1.782227e-01,2.001953e-01,2000,0,3.792454e-02
2026-07-20T18:59:18.549,1784563158.549,52.603,1.883312e-01,3.276335e-03,1.755371e-01,2.014160e-01,2000,0,3.766624e-02
2026-07-20T18:59:18.651,1784563158.651,52.703,1.882883e-01,3.377671e-03,1.730957e-01,1.977539e-01,2000,0,3.765767e-02
2026-07-20T18:59:18.751,1784563158.752,52.803,1.879124e-01,3.220614e-03,1.762695e-01,1.965332e-01,2000,0,3.758247e-02
2026-07-20T18:59:18.849,1784563158.849,52.903,1.876055e-01,3.216069e-03,1.760254e-01,1.975098e-01,2000,0,3.752109e-02
2026-07-20T18:59:18.949,1784563158.950,53.003,1.870273e-01,3.164555e-03,1.728516e-01,1.972656e-01,2000,0,3.740547e-02
2026-07-20T18:59:19.051,1784563159.051,53.103,1.868192e-01,3.215952e-03,1.765137e-01,1.999512e-01,2000,0,3.736384e-02
2026-07-20T18:59:19.151,1784563159.151,53.203,1.862369e-01,3.233121e-03,1.699219e-01,1.953125e-01,2000,0,3.724739e-02
2026-07-20T18:59:19.251,1784563159.251,53.303,1.863152e-01,3.365276e-03,1.745605e-01,1.972656e-01,2000,0,3.726304e-02
2026-07-20T18:59:19.351,1784563159.351,53.403,1.856088e-01,3.276911e-03,1.733398e-01,1.950684e-01,2000,0,3.712175e-02
2026-07-20T18:59:19.449,1784563159.449,53.503,1.851350e-01,3.316541e-03,1.713867e-01,1.967773e-01,2000,0,3.702700e-02
2026-07-20T18:59:19.551,1784563159.551,53.603,1.852118e-01,3.245792e-03,1.733398e-01,1.950684e-01,2000,0,3.704236e-02
2026-07-20T18:59:19.651,1784563159.651,53.703,1.846334e-01,3.473519e-03,1.718750e-01,1.953125e-01,2000,0,3.692668e-02
2026-07-20T18:59:19.749,1784563159.749,53.803,1.842052e-01,3.308092e-03,1.706543e-01,1.972656e-01,2000,0,3.684104e-02
2026-07-20T18:59:19.849,1784563159.849,53.903,1.838860e-01,3.442783e-03,1.708984e-01,1.945801e-01,2000,0,3.677720e-02
2026-07-20T18:59:19.951,1784563159.951,54.003,1.838103e-01,3.442558e-03,1.694336e-01,1.979980e-01,2000,0,3.676206e-02
2026-07-20T18:59:20.051,1784563160.051,54.103,1.838621e-01,3.295557e-03,1.711426e-01,1.967773e-01,2000,0,3.677241e-02
2026-07-20T18:59:20.151,1784563160.151,54.203,1.840250e-01,3.483793e-03,1.708984e-01,1.962891e-01,2000,0,3.680500e-02
2026-07-20T18:59:20.251,1784563160.251,54.303,1.835413e-01,3.501097e-03,1.716309e-01,1.940918e-01,2000,0,3.670825e-02
2026-07-20T18:59:20.351,1784563160.351,54.403,1.830486e-01,3.527386e-03,1.718750e-01,1.965332e-01,2000,0,3.660972e-02
2026-07-20T18:59:20.449,1784563160.449,54.503,1.830394e-01,3.594338e-03,1.708984e-01,1.940918e-01,2000,0,3.660789e-02
2026-07-20T18:59:20.551,1784563160.552,54.603,1.830449e-01,3.647476e-03,1.721191e-01,1.948242e-01,2000,0,3.660898e-02
2026-07-20T18:59:20.651,1784563160.651,54.703,1.830934e-01,3.712319e-03,1.706543e-01,1.958008e-01,2000,0,3.661868e-02
2026-07-20T18:59:20.751,1784563160.751,54.803,1.831619e-01,3.593752e-03,1.721191e-01,1.967773e-01,2000,0,3.663237e-02
2026-07-20T18:59:20.849,1784563160.849,54.903,1.825023e-01,3.680319e-03,1.691895e-01,1.948242e-01,2000,0,3.650046e-02
2026-07-20T18:59:20.951,1784563160.951,55.003,1.826240e-01,3.666373e-03,1.716309e-01,1.948242e-01,2000,0,3.652480e-02
2026-07-20T18:59:21.051,1784563161.051,55.103,1.827290e-01,3.591708e-03,1.706543e-01,1.943359e-01,2000,0,3.654580e-02
2026-07-20T18:59:21.151,1784563161.151,55.203,1.822889e-01,3.657751e-03,1.689453e-01,1.938477e-01,2000,0,3.645779e-02
2026-07-20T18:59:21.251,1784563161.251,55.303,1.823044e-01,3.620985e-03,1.706543e-01,1.962891e-01,2000,0,3.646089e-02
2026-07-20T18:59:21.351,1784563161.352,55.403,1.825785e-01,3.488686e-03,1.713867e-01,1.933594e-01,2000,0,3.651570e-02
2026-07-20T18:59:21.449,1784563161.449,55.503,1.821525e-01,3.443397e-03,1.704102e-01,1.940918e-01,2000,0,3.643049e-02
2026-07-20T18:59:21.549,1784563161.549,55.603,1.819154e-01,3.542621e-03,1.704102e-01,1.943359e-01,2000,0,3.638308e-02
2026-07-20T18:59:21.651,1784563161.651,55.703,1.824291e-01,3.460609e-03,1.689453e-01,1.928711e-01,2000,0,3.648582e-02
2026-07-20T18:59:21.751,1784563161.751,55.803,1.820667e-01,3.351785e-03,1.711426e-01,1.936035e-01,2000,0,3.641333e-02
2026-07-20T18:59:21.851,1784563161.851,55.903,1.818944e-01,3.474104e-03,1.721191e-01,2.004395e-01,2000,0,3.637888e-02
2026-07-20T18:59:21.951,1784563161.951,56.003,1.818843e-01,3.325003e-03,1.691895e-01,1.945801e-01,2000,0,3.637686e-02
2026-07-20T18:59:22.049,1784563162.049,56.103,1.819675e-01,3.257581e-03,1.718750e-01,1.916504e-01,2000,0,3.639351e-02
2026-07-20T18:59:22.149,1784563162.149,56.203,1.808730e-01,3.296606e-03,1.684570e-01,1.928711e-01,2000,0,3.617461e-02
2026-07-20T18:59:22.251,1784563162.251,56.303,1.813059e-01,3.181691e-03,1.711426e-01,1.953125e-01,2000,0,3.626118e-02
2026-07-20T18:59:22.351,1784563162.351,56.403,1.821539e-01,3.138703e-03,1.701660e-01,1.938477e-01,2000,0,3.643079e-02
2026-07-20T18:59:22.451,1784563162.451,56.503,1.817087e-01,3.337092e-03,1.716309e-01,1.928711e-01,2000,0,3.634175e-02
2026-07-20T18:59:22.549,1784563162.549,56.603,1.825726e-01,3.333071e-03,1.723633e-01,1.950684e-01,2000,0,3.651453e-02
2026-07-20T18:59:22.650,1784563162.651,56.703,1.820118e-01,3.306367e-03,1.711426e-01,1.948242e-01,2000,0,3.640237e-02
2026-07-20T18:59:22.749,1784563162.749,56.803,1.821324e-01,3.332705e-03,1.726074e-01,1.948242e-01,2000,0,3.642649e-02
2026-07-20T18:59:22.851,1784563162.851,56.903,1.824993e-01,3.219582e-03,1.713867e-01,1.940918e-01,2000,0,3.649985e-02
2026-07-20T18:59:22.951,1784563162.951,57.003,1.821946e-01,3.351568e-03,1.701660e-01,1.928711e-01,2000,0,3.643892e-02
2026-07-20T18:59:23.048,1784563163.049,57.103,1.821931e-01,3.301571e-03,1.718750e-01,1.916504e-01,2000,0,3.643862e-02
2026-07-20T18:59:23.151,1784563163.151,57.203,1.826003e-01,3.356674e-03,1.706543e-01,1.958008e-01,2000,0,3.652007e-02
2026-07-20T18:59:23.251,1784563163.251,57.303,1.824182e-01,3.400527e-03,1.708984e-01,1.921387e-01,2000,0,3.648364e-02
2026-07-20T18:59:23.348,1784563163.349,57.403,1.825757e-01,3.411703e-03,1.691895e-01,1.940918e-01,2000,0,3.651514e-02
2026-07-20T18:59:23.451,1784563163.451,57.503,1.829326e-01,3.362081e-03,1.723633e-01,1.933594e-01,2000,0,3.658652e-02
2026-07-20T18:59:23.548,1784563163.549,57.603,1.826052e-01,3.322552e-03,1.704102e-01,1.928711e-01,2000,0,3.652104e-02
2026-07-20T18:59:23.650,1784563163.651,57.703,1.833267e-01,3.344443e-03,1.699219e-01,1.950684e-01,2000,0,3.666533e-02
2026-07-20T18:59:23.751,1784563163.751,57.803,1.822450e-01,3.178392e-03,1.718750e-01,1.926270e-01,2000,0,3.644900e-02
2026-07-20T18:59:23.851,1784563163.851,57.903,1.832845e-01,3.219376e-03,1.718750e-01,1.926270e-01,2000,0,3.665691e-02
2026-07-20T18:59:23.949,1784563163.949,58.003,1.834221e-01,3.384522e-03,1.743164e-01,1.948242e-01,2000,0,3.668442e-02
2026-07-20T18:59:24.051,1784563164.051,58.103,1.841851e-01,3.133685e-03,1.748047e-01,1.948242e-01,2000,0,3.683701e-02
2026-07-20T18:59:24.151,1784563164.151,58.203,1.841086e-01,3.317826e-03,1.730957e-01,1.994629e-01,2000,0,3.682173e-02
2026-07-20T18:59:24.250,1784563164.251,58.303,1.841243e-01,3.181679e-03,1.733398e-01,1.940918e-01,2000,0,3.682485e-02
2026-07-20T18:59:24.351,1784563164.351,58.403,1.846516e-01,3.443526e-03,1.718750e-01,1.943359e-01,2000,0,3.693032e-02
2026-07-20T18:59:24.449,1784563164.449,58.503,1.850807e-01,3.231082e-03,1.755371e-01,1.984863e-01,2000,0,3.701614e-02
2026-07-20T18:59:24.549,1784563164.549,58.603,1.850016e-01,3.427877e-03,1.743164e-01,1.982422e-01,2000,0,3.700032e-02
2026-07-20T18:59:24.651,1784563164.651,58.703,1.851696e-01,3.280744e-03,1.730957e-01,1.955566e-01,2000,0,3.703391e-02
2026-07-20T18:59:24.751,1784563164.751,58.803,1.851132e-01,3.266183e-03,1.740723e-01,1.967773e-01,2000,0,3.702263e-02
2026-07-20T18:59:24.851,1784563164.851,58.903,1.851000e-01,3.301353e-03,1.726074e-01,1.977539e-01,2000,0,3.702000e-02
2026-07-20T18:59:24.950,1784563164.951,59.003,1.856823e-01,3.153774e-03,1.765137e-01,1.970215e-01,2000,0,3.713645e-02
2026-07-20T18:59:25.050,1784563165.051,59.103,1.855863e-01,3.212889e-03,1.757812e-01,1.958008e-01,2000,0,3.711726e-02
2026-07-20T18:59:25.148,1784563165.149,59.203,1.858192e-01,3.170447e-03,1.755371e-01,1.960449e-01,2000,0,3.716384e-02
2026-07-20T18:59:25.248,1784563165.249,59.303,1.846112e-01,3.229847e-03,1.721191e-01,1.958008e-01,2000,0,3.692224e-02
2026-07-20T18:59:25.351,1784563165.351,59.403,1.858727e-01,3.265025e-03,1.760254e-01,1.960449e-01,2000,0,3.717454e-02
2026-07-20T18:59:25.450,1784563165.451,59.503,1.858215e-01,3.179957e-03,1.752930e-01,2.001953e-01,2000,0,3.716431e-02
2026-07-20T18:59:25.551,1784563165.552,59.603,1.862079e-01,3.271138e-03,1.743164e-01,1.967773e-01,2000,0,3.724158e-02
2026-07-20T18:59:25.651,1784563165.651,59.703,1.861969e-01,3.344393e-03,1.740723e-01,1.965332e-01,2000,0,3.723938e-02
2026-07-20T18:59:25.748,1784563165.749,59.803,1.861816e-01,3.276982e-03,1.755371e-01,1.975098e-01,2000,0,3.723633e-02
2026-07-20T18:59:25.851,1784563165.851,59.903,1.865083e-01,3.208264e-03,1.765137e-01,1.972656e-01,2000,0,3.730166e-02
2026-07-20T18:59:25.950,1784563165.951,60.003,1.863724e-01,3.289426e-03,1.755371e-01,1.970215e-01,2000,0,3.727449e-02
2026-07-20T18:59:26.048,1784563166.049,60.103,1.863264e-01,3.195434e-03,1.752930e-01,2.062988e-01,2000,0,3.726528e-02
2026-07-20T18:59:26.150,1784563166.151,60.203,1.864694e-01,3.228269e-03,1.770020e-01,1.967773e-01,2000,0,3.729387e-02
2026-07-20T18:59:26.250,1784563166.251,60.303,1.866536e-01,3.206608e-03,1.657715e-01,1.953125e-01,2000,0,3.733071e-02
2026-07-20T18:59:26.350,1784563166.351,60.403,1.867629e-01,3.238051e-03,1.750488e-01,1.953125e-01,2000,0,3.735259e-02
2026-07-20T18:59:26.451,1784563166.452,60.503,1.867831e-01,3.272135e-03,1.757812e-01,1.984863e-01,2000,0,3.735662e-02
2026-07-20T18:59:26.550,1784563166.551,60.603,1.867345e-01,3.265267e-03,1.757812e-01,1.970215e-01,2000,0,3.734690e-02
2026-07-20T18:59:26.651,1784563166.651,60.703,1.863619e-01,3.330618e-03,1.745605e-01,1.965332e-01,2000,0,3.727239e-02
2026-07-20T18:59:26.750,1784563166.751,60.803,1.870200e-01,3.297723e-03,1.748047e-01,2.014160e-01,2000,0,3.740400e-02
2026-07-20T18:59:26.850,1784563166.851,60.903,1.869387e-01,3.262349e-03,1.708984e-01,1.962891e-01,2000,0,3.738774e-02
2026-07-20T18:59:26.951,1784563166.951,61.003,1.868806e-01,3.256388e-03,1.752930e-01,1.979980e-01,2000,0,3.737612e-02
2026-07-20T18:59:27.051,1784563167.052,61.103,1.871041e-01,3.229901e-03,1.757812e-01,1.989746e-01,2000,0,3.742083e-02
2026-07-20T18:59:27.151,1784563167.151,61.203,1.869603e-01,3.263971e-03,1.730957e-01,1.992188e-01,2000,0,3.739207e-02
2026-07-20T18:59:27.248,1784563167.249,61.303,1.868492e-01,3.346202e-03,1.762695e-01,1.987305e-01,2000,0,3.736985e-02
2026-07-20T18:59:27.350,1784563167.351,61.403,1.868064e-01,3.223717e-03,1.757812e-01,2.084961e-01,2000,0,3.736128e-02
2026-07-20T18:59:27.450,1784563167.451,61.503,1.869320e-01,3.338161e-03,1.757812e-01,1.967773e-01,2000,0,3.738640e-02
2026-07-20T18:59:27.550,1784563167.551,61.603,1.864813e-01,3.318748e-03,1.743164e-01,1.987305e-01,2000,0,3.729626e-02
2026-07-20T18:59:27.650,1784563167.651,61.703,1.867498e-01,3.314713e-03,1.748047e-01,1.960449e-01,2000,0,3.734995e-02
2026-07-20T18:59:27.750,1784563167.751,61.803,1.866479e-01,3.304143e-03,1.748047e-01,1.987305e-01,2000,0,3.732959e-02
2026-07-20T18:59:27.850,1784563167.851,61.903,1.863676e-01,3.207843e-03,1.711426e-01,1.955566e-01,2000,0,3.727351e-02
2026-07-20T18:59:27.951,1784563167.951,62.003,1.865670e-01,3.150205e-03,1.723633e-01,1.960449e-01,2000,0,3.731340e-02
2026-07-20T18:59:28.050,1784563168.051,62.103,1.861549e-01,3.287686e-03,1.750488e-01,2.004395e-01,2000,0,3.723098e-02
2026-07-20T18:59:28.150,1784563168.151,62.203,1.863184e-01,3.264530e-03,1.723633e-01,1.975098e-01,2000,0,3.726367e-02
2026-07-20T18:59:28.250,1784563168.251,62.303,1.862889e-01,3.015645e-03,1.750488e-01,2.036133e-01,2000,0,3.725779e-02
2026-07-20T18:59:28.350,1784563168.351,62.403,1.862030e-01,2.987196e-03,1.760254e-01,1.984863e-01,2000,0,3.724060e-02
2026-07-20T18:59:28.451,1784563168.451,62.503,1.861073e-01,3.043653e-03,1.745605e-01,1.982422e-01,2000,0,3.722146e-02
2026-07-20T18:59:28.550,1784563168.551,62.603,1.861614e-01,3.072223e-03,1.757812e-01,1.955566e-01,2000,0,3.723228e-02
2026-07-20T18:59:28.650,1784563168.651,62.703,1.854719e-01,3.024199e-03,1.713867e-01,1.945801e-01,2000,0,3.709438e-02
2026-07-20T18:59:28.751,1784563168.751,62.803,1.854446e-01,3.109679e-03,1.728516e-01,1.953125e-01,2000,0,3.708892e-02
2026-07-20T18:59:28.850,1784563168.851,62.903,1.857639e-01,3.110812e-03,1.750488e-01,1.965332e-01,2000,0,3.715278e-02
2026-07-20T18:59:28.950,1784563168.951,63.003,1.851316e-01,3.121742e-03,1.738281e-01,1.972656e-01,2000,0,3.702632e-02
2026-07-20T18:59:29.050,1784563169.051,63.103,1.849662e-01,3.194459e-03,1.745605e-01,1.955566e-01,2000,0,3.699324e-02
2026-07-20T18:59:29.150,1784563169.151,63.203,1.849532e-01,3.182823e-03,1.723633e-01,1.948242e-01,2000,0,3.699065e-02
2026-07-20T18:59:29.248,1784563169.249,63.303,1.847930e-01,3.192985e-03,1.752930e-01,1.955566e-01,2000,0,3.695859e-02
2026-07-20T18:59:29.350,1784563169.351,63.403,1.844369e-01,3.349542e-03,1.750488e-01,1.945801e-01,2000,0,3.688738e-02
2026-07-20T18:59:29.450,1784563169.451,63.503,1.843524e-01,3.312926e-03,1.743164e-01,1.960449e-01,2000,0,3.687048e-02
2026-07-20T18:59:29.551,1784563169.551,63.603,1.842310e-01,3.376544e-03,1.745605e-01,1.950684e-01,2000,0,3.684619e-02
2026-07-20T18:59:29.648,1784563169.649,63.703,1.840674e-01,3.367764e-03,1.735840e-01,1.989746e-01,2000,0,3.681348e-02
2026-07-20T18:59:29.750,1784563169.751,63.803,1.842640e-01,3.423621e-03,1.716309e-01,1.965332e-01,2000,0,3.685281e-02
2026-07-20T18:59:29.850,1784563169.851,63.903,1.838406e-01,3.511918e-03,1.716309e-01,1.948242e-01,2000,0,3.676812e-02
2026-07-20T18:59:29.950,1784563169.951,64.003,1.839839e-01,3.630966e-03,1.699219e-01,1.977539e-01,2000,0,3.679678e-02
2026-07-20T18:59:30.050,1784563170.051,64.103,1.835414e-01,3.786687e-03,1.699219e-01,1.958008e-01,2000,0,3.670828e-02
2026-07-20T18:59:30.150,1784563170.151,64.203,1.834381e-01,3.622582e-03,1.726074e-01,1.950684e-01,2000,0,3.668762e-02
2026-07-20T18:59:30.251,1784563170.251,64.303,1.835134e-01,3.792792e-03,1.721191e-01,1.965332e-01,2000,0,3.670269e-02
2026-07-20T18:59:30.350,1784563170.351,64.403,1.832095e-01,3.795131e-03,1.689453e-01,1.950684e-01,2000,0,3.664189e-02
2026-07-20T18:59:30.448,1784563170.449,64.503,1.822775e-01,3.895717e-03,1.694336e-01,1.940918e-01,2000,0,3.645549e-02
2026-07-20T18:59:30.550,1784563170.551,64.603,1.828651e-01,3.922932e-03,1.696777e-01,1.965332e-01,2000,0,3.657302e-02
2026-07-20T18:59:30.650,1784563170.651,64.703,1.833629e-01,3.864928e-03,1.706543e-01,1.955566e-01,2000,0,3.667258e-02
2026-07-20T18:59:30.750,1784563170.751,64.803,1.825542e-01,3.629866e-03,1.716309e-01,1.955566e-01,2000,0,3.651084e-02
2026-07-20T18:59:30.850,1784563170.851,64.903,1.821415e-01,3.796248e-03,1.716309e-01,1.953125e-01,2000,0,3.642830e-02
2026-07-20T18:59:30.950,1784563170.951,65.003,1.823699e-01,3.649227e-03,1.647949e-01,1.945801e-01,2000,0,3.647397e-02
2026-07-20T18:59:31.051,1784563171.051,65.103,1.819873e-01,3.617886e-03,1.701660e-01,1.962891e-01,2000,0,3.639746e-02
2026-07-20T18:59:31.150,1784563171.151,65.203,1.819789e-01,3.560370e-03,1.691895e-01,1.945801e-01,2000,0,3.639578e-02
2026-07-20T18:59:31.251,1784563171.251,65.303,1.820125e-01,3.413017e-03,1.718750e-01,1.955566e-01,2000,0,3.640249e-02
2026-07-20T18:59:31.350,1784563171.351,65.403,1.813357e-01,3.242487e-03,1.718750e-01,1.921387e-01,2000,0,3.626714e-02
2026-07-20T18:59:31.451,1784563171.451,65.503,1.812094e-01,3.285801e-03,1.704102e-01,1.931152e-01,2000,0,3.624187e-02
2026-07-20T18:59:31.550,1784563171.551,65.603,1.813506e-01,3.374538e-03,1.682129e-01,1.938477e-01,2000,0,3.627012e-02
2026-07-20T18:59:31.650,1784563171.651,65.703,1.807697e-01,3.066638e-03,1.716309e-01,1.909180e-01,2000,0,3.615393e-02
2026-07-20T18:59:31.748,1784563171.749,65.803,1.803286e-01,2.973199e-03,1.713867e-01,1.950684e-01,2000,0,3.606572e-02
2026-07-20T18:59:31.850,1784563171.851,65.903,1.800024e-01,2.848431e-03,1.713867e-01,1.940918e-01,2000,0,3.600049e-02
2026-07-20T18:59:31.950,1784563171.951,66.003,1.797385e-01,2.942966e-03,1.691895e-01,1.896973e-01,2000,0,3.594771e-02
2026-07-20T18:59:32.048,1784563172.049,66.103,1.793314e-01,2.784983e-03,1.691895e-01,1.879883e-01,2000,0,3.586628e-02
2026-07-20T18:59:32.150,1784563172.151,66.203,1.793040e-01,2.771829e-03,1.694336e-01,1.884766e-01,2000,0,3.586079e-02
2026-07-20T18:59:32.248,1784563172.249,66.303,1.784373e-01,2.537693e-03,1.677246e-01,1.914062e-01,2000,0,3.568745e-02
2026-07-20T18:59:32.351,1784563172.351,66.403,1.783113e-01,2.454885e-03,1.674805e-01,1.879883e-01,2000,0,3.566226e-02
2026-07-20T18:59:32.451,1784563172.451,66.503,1.786492e-01,2.434022e-03,1.711426e-01,1.877441e-01,2000,0,3.572983e-02
2026-07-20T18:59:32.549,1784563172.549,66.603,1.783934e-01,2.448710e-03,1.674805e-01,1.870117e-01,2000,0,3.567869e-02
2026-07-20T18:59:32.648,1784563172.649,66.703,1.783483e-01,2.440622e-03,1.708984e-01,1.882324e-01,2000,0,3.566965e-02
2026-07-20T18:59:32.750,1784563172.751,66.803,1.784701e-01,2.367639e-03,1.677246e-01,1.877441e-01,2000,0,3.569402e-02
2026-07-20T18:59:32.850,1784563172.851,66.903,1.782125e-01,2.330306e-03,1.699219e-01,1.862793e-01,2000,0,3.564250e-02
2026-07-20T18:59:32.950,1784563172.951,67.003,1.776382e-01,2.438729e-03,1.682129e-01,1.865234e-01,2000,0,3.552764e-02
2026-07-20T18:59:33.050,1784563173.051,67.103,1.778972e-01,2.445518e-03,1.687012e-01,1.867676e-01,2000,0,3.557944e-02
2026-07-20T18:59:33.150,1784563173.151,67.203,1.772806e-01,2.447264e-03,1.660156e-01,1.855469e-01,2000,0,3.545613e-02
2026-07-20T18:59:33.250,1784563173.251,67.303,1.774696e-01,2.446215e-03,1.679688e-01,1.879883e-01,2000,0,3.549392e-02
2026-07-20T18:59:33.350,1784563173.351,67.403,1.776002e-01,2.534370e-03,1.672363e-01,1.875000e-01,2000,0,3.552004e-02
2026-07-20T18:59:33.450,1784563173.451,67.503,1.770802e-01,2.420772e-03,1.679688e-01,1.857910e-01,2000,0,3.541604e-02
2026-07-20T18:59:33.551,1784563173.551,67.603,1.765773e-01,2.757143e-03,1.655273e-01,1.875000e-01,2000,0,3.531545e-02
2026-07-20T18:59:33.650,1784563173.651,67.703,1.763688e-01,2.680651e-03,1.674805e-01,1.879883e-01,2000,0,3.527375e-02
2026-07-20T18:59:33.750,1784563173.751,67.803,1.754893e-01,2.693587e-03,1.640625e-01,1.879883e-01,2000,0,3.509785e-02
2026-07-20T18:59:33.848,1784563173.849,67.903,1.753748e-01,2.688761e-03,1.625977e-01,1.843262e-01,2000,0,3.507495e-02
2026-07-20T18:59:33.950,1784563173.951,68.003,1.752812e-01,2.847508e-03,1.638184e-01,1.867676e-01,2000,0,3.505625e-02
2026-07-20T18:59:34.048,1784563174.049,68.103,1.743104e-01,2.866380e-03,1.655273e-01,1.855469e-01,2000,0,3.486208e-02
2026-07-20T18:59:34.149,1784563174.149,68.203,1.741688e-01,3.164642e-03,1.640625e-01,1.862793e-01,2000,0,3.483376e-02
2026-07-20T18:59:34.250,1784563174.251,68.303,1.739247e-01,3.043446e-03,1.640625e-01,1.826172e-01,2000,0,3.478494e-02
2026-07-20T18:59:34.349,1784563174.349,68.403,1.730792e-01,3.043572e-03,1.608887e-01,1.823730e-01,2000,0,3.461584e-02
2026-07-20T18:59:34.448,1784563174.449,68.503,1.731151e-01,3.100434e-03,1.599121e-01,1.857910e-01,2000,0,3.462302e-02
2026-07-20T18:59:34.550,1784563174.551,68.603,1.731461e-01,3.186216e-03,1.638184e-01,1.843262e-01,2000,0,3.462922e-02
2026-07-20T18:59:34.650,1784563174.651,68.703,1.727587e-01,3.277425e-03,1.621094e-01,1.843262e-01,2000,0,3.455173e-02
2026-07-20T18:59:34.748,1784563174.749,68.803,1.721619e-01,3.261022e-03,1.591797e-01,1.818848e-01,2000,0,3.443237e-02
2026-07-20T18:59:34.850,1784563174.851,68.903,1.722637e-01,3.198378e-03,1.591797e-01,1.833496e-01,2000,0,3.445273e-02
2026-07-20T18:59:34.951,1784563174.951,69.003,1.712885e-01,3.261846e-03,1.596680e-01,1.813965e-01,2000,0,3.425769e-02
2026-07-20T18:59:35.048,1784563175.049,69.103,1.711906e-01,3.266278e-03,1.618652e-01,1.816406e-01,2000,0,3.423811e-02
2026-07-20T18:59:35.151,1784563175.151,69.203,1.707839e-01,3.251372e-03,1.599121e-01,1.816406e-01,2000,0,3.415679e-02
2026-07-20T18:59:35.249,1784563175.249,69.303,1.703990e-01,3.274884e-03,1.591797e-01,1.799316e-01,2000,0,3.407981e-02
2026-07-20T18:59:35.348,1784563175.349,69.403,1.702819e-01,3.413863e-03,1.596680e-01,1.796875e-01,2000,0,3.405637e-02
2026-07-20T18:59:35.451,1784563175.451,69.503,1.699337e-01,3.247384e-03,1.572266e-01,1.838379e-01,2000,0,3.398674e-02
2026-07-20T18:59:35.548,1784563175.549,69.603,1.695190e-01,3.278632e-03,1.589355e-01,1.811523e-01,2000,0,3.390381e-02
2026-07-20T18:59:35.651,1784563175.651,69.703,1.689912e-01,3.387557e-03,1.552734e-01,1.789551e-01,2000,0,3.379824e-02
2026-07-20T18:59:35.751,1784563175.751,69.803,1.691847e-01,3.289084e-03,1.601562e-01,1.806641e-01,2000,0,3.383694e-02
2026-07-20T18:59:35.848,1784563175.849,69.903,1.677533e-01,3.369748e-03,1.520996e-01,1.779785e-01,2000,0,3.355066e-02
2026-07-20T18:59:35.949,1784563175.949,70.003,1.684298e-01,3.187565e-03,1.594238e-01,1.779785e-01,2000,0,3.368596e-02
2026-07-20T18:59:36.048,1784563176.049,70.103,1.681084e-01,3.377258e-03,1.579590e-01,1.826172e-01,2000,0,3.362168e-02
2026-07-20T18:59:36.150,1784563176.151,70.203,1.683856e-01,3.392193e-03,1.564941e-01,1.787109e-01,2000,0,3.367712e-02
2026-07-20T18:59:36.249,1784563176.249,70.303,1.681794e-01,3.256128e-03,1.542969e-01,1.789551e-01,2000,0,3.363589e-02
2026-07-20T18:59:36.350,1784563176.351,70.403,1.669692e-01,3.325462e-03,1.567383e-01,1.772461e-01,2000,0,3.339385e-02
2026-07-20T18:59:36.451,1784563176.451,70.503,1.676205e-01,3.381119e-03,1.562500e-01,1.789551e-01,2000,0,3.352410e-02
2026-07-20T18:59:36.551,1784563176.551,70.603,1.674720e-01,3.239363e-03,1.567383e-01,1.806641e-01,2000,0,3.349441e-02
2026-07-20T18:59:36.651,1784563176.651,70.703,1.677413e-01,3.354769e-03,1.545410e-01,1.777344e-01,2000,0,3.354827e-02
2026-07-20T18:59:36.751,1784563176.751,70.803,1.666289e-01,3.386600e-03,1.550293e-01,1.789551e-01,2000,0,3.332578e-02
2026-07-20T18:59:36.851,1784563176.851,70.903,1.665098e-01,3.249964e-03,1.555176e-01,1.767578e-01,2000,0,3.330195e-02
2026-07-20T18:59:36.951,1784563176.951,71.003,1.665112e-01,3.385106e-03,1.567383e-01,1.774902e-01,2000,0,3.330225e-02
2026-07-20T18:59:37.051,1784563177.051,71.103,1.659681e-01,3.321665e-03,1.545410e-01,1.911621e-01,2000,0,3.319363e-02
2026-07-20T18:59:37.151,1784563177.151,71.203,1.660781e-01,3.346753e-03,1.528320e-01,1.762695e-01,2000,0,3.321562e-02
2026-07-20T18:59:37.248,1784563177.249,71.303,1.662607e-01,3.310064e-03,1.525879e-01,1.782227e-01,2000,0,3.325215e-02
2026-07-20T18:59:37.349,1784563177.349,71.403,1.651121e-01,3.099534e-03,1.538086e-01,1.777344e-01,2000,0,3.302241e-02
2026-07-20T18:59:37.449,1784563177.449,71.503,1.657535e-01,2.990041e-03,1.567383e-01,1.765137e-01,2000,0,3.315071e-02
2026-07-20T18:59:37.549,1784563177.549,71.603,1.657473e-01,2.866685e-03,1.557617e-01,1.750488e-01,2000,0,3.314946e-02
2026-07-20T18:59:37.651,1784563177.651,71.703,1.659827e-01,3.172868e-03,1.555176e-01,1.755371e-01,2000,0,3.319653e-02
2026-07-20T18:59:37.751,1784563177.751,71.803,1.654996e-01,2.934969e-03,1.572266e-01,1.752930e-01,2000,0,3.309993e-02
2026-07-20T18:59:37.851,1784563177.851,71.903,1.665106e-01,3.099968e-03,1.560059e-01,1.777344e-01,2000,0,3.330212e-02
2026-07-20T18:59:37.949,1784563177.950,72.003,1.655217e-01,3.167648e-03,1.577148e-01,1.752930e-01,2000,0,3.310435e-02
2026-07-20T18:59:38.050,1784563178.051,72.103,1.661827e-01,3.083758e-03,1.562500e-01,1.765137e-01,2000,0,3.323655e-02
2026-07-20T18:59:38.151,1784563178.151,72.203,1.661753e-01,2.962989e-03,1.523438e-01,1.772461e-01,2000,0,3.323506e-02
2026-07-20T18:59:38.251,1784563178.251,72.303,1.667275e-01,3.052285e-03,1.557617e-01,1.755371e-01,2000,0,3.334551e-02
2026-07-20T18:59:38.351,1784563178.351,72.403,1.664073e-01,3.133001e-03,1.557617e-01,1.777344e-01,2000,0,3.328147e-02
2026-07-20T18:59:38.451,1784563178.452,72.503,1.666730e-01,3.164160e-03,1.550293e-01,1.772461e-01,2000,0,3.333459e-02
2026-07-20T18:59:38.551,1784563178.551,72.603,1.668005e-01,3.117321e-03,1.542969e-01,1.787109e-01,2000,0,3.336011e-02
2026-07-20T18:59:38.651,1784563178.651,72.703,1.672797e-01,3.107786e-03,1.574707e-01,1.787109e-01,2000,0,3.345593e-02
2026-07-20T18:59:38.751,1784563178.751,72.803,1.676158e-01,3.082308e-03,1.564941e-01,1.826172e-01,2000,0,3.352317e-02
2026-07-20T18:59:38.851,1784563178.851,72.903,1.667488e-01,3.024399e-03,1.569824e-01,1.750488e-01,2000,0,3.334976e-02
2026-07-20T18:59:38.951,1784563178.951,73.003,1.673163e-01,3.130738e-03,1.555176e-01,1.760254e-01,2000,0,3.346326e-02
2026-07-20T18:59:39.050,1784563179.051,73.103,1.683849e-01,2.953730e-03,1.562500e-01,1.770020e-01,2000,0,3.367698e-02
2026-07-20T18:59:39.151,1784563179.151,73.203,1.684111e-01,3.202234e-03,1.572266e-01,1.777344e-01,2000,0,3.368223e-02
2026-07-20T18:59:39.248,1784563179.249,73.303,1.677091e-01,3.152852e-03,1.533203e-01,1.765137e-01,2000,0,3.354182e-02
2026-07-20T18:59:39.351,1784563179.351,73.403,1.686906e-01,3.143661e-03,1.569824e-01,1.784668e-01,2000,0,3.373811e-02
2026-07-20T18:59:39.449,1784563179.450,73.503,1.687815e-01,3.165458e-03,1.577148e-01,1.777344e-01,2000,0,3.375630e-02
2026-07-20T18:59:39.551,1784563179.551,73.603,1.688383e-01,3.295674e-03,1.572266e-01,1.818848e-01,2000,0,3.376765e-02
2026-07-20T18:59:39.651,1784563179.651,73.703,1.690170e-01,3.346761e-03,1.564941e-01,1.791992e-01,2000,0,3.380339e-02
2026-07-20T18:59:39.751,1784563179.751,73.803,1.694371e-01,3.407413e-03,1.574707e-01,1.826172e-01,2000,0,3.388743e-02
2026-07-20T18:59:39.851,1784563179.851,73.903,1.693247e-01,3.206609e-03,1.579590e-01,1.787109e-01,2000,0,3.386494e-02
2026-07-20T18:59:39.950,1784563179.950,74.003,1.693116e-01,3.344539e-03,1.574707e-01,1.806641e-01,2000,0,3.386233e-02
2026-07-20T18:59:40.051,1784563180.051,74.103,1.699813e-01,3.491477e-03,1.582031e-01,1.806641e-01,2000,0,3.399626e-02
2026-07-20T18:59:40.151,1784563180.151,74.203,1.703448e-01,3.512953e-03,1.604004e-01,1.828613e-01,2000,0,3.406897e-02
2026-07-20T18:59:40.251,1784563180.251,74.303,1.707283e-01,3.635910e-03,1.584473e-01,1.845703e-01,2000,0,3.414565e-02
2026-07-20T18:59:40.351,1784563180.351,74.403,1.709167e-01,3.381179e-03,1.594238e-01,1.833496e-01,2000,0,3.418335e-02
2026-07-20T18:59:40.449,1784563180.449,74.503,1.706176e-01,3.388421e-03,1.589355e-01,1.813965e-01,2000,0,3.412351e-02
2026-07-20T18:59:40.551,1784563180.552,74.603,1.711340e-01,3.531043e-03,1.591797e-01,1.835938e-01,2000,0,3.422681e-02
2026-07-20T18:59:40.649,1784563180.649,74.703,1.713500e-01,3.447780e-03,1.601562e-01,1.848145e-01,2000,0,3.427000e-02
2026-07-20T18:59:40.749,1784563180.749,74.803,1.711495e-01,3.501318e-03,1.599121e-01,1.833496e-01,2000,0,3.422991e-02
2026-07-20T18:59:40.851,1784563180.852,74.903,1.716349e-01,3.411381e-03,1.608887e-01,1.882324e-01,2000,0,3.432698e-02
2026-07-20T18:59:40.949,1784563180.949,75.003,1.719570e-01,3.383758e-03,1.606445e-01,1.833496e-01,2000,0,3.439141e-02
2026-07-20T18:59:41.051,1784563181.051,75.103,1.720496e-01,3.416135e-03,1.611328e-01,1.860352e-01,2000,0,3.440991e-02
2026-07-20T18:59:41.151,1784563181.151,75.203,1.731987e-01,3.325110e-03,1.630859e-01,1.835938e-01,2000,0,3.463975e-02
2026-07-20T18:59:41.251,1784563181.251,75.303,1.725438e-01,3.403907e-03,1.623535e-01,1.850586e-01,2000,0,3.450876e-02
2026-07-20T18:59:41.351,1784563181.351,75.403,1.729347e-01,3.374051e-03,1.623535e-01,1.848145e-01,2000,0,3.458694e-02
2026-07-20T18:59:41.451,1784563181.452,75.503,1.732817e-01,3.340405e-03,1.611328e-01,1.862793e-01,2000,0,3.465635e-02
2026-07-20T18:59:41.551,1784563181.551,75.603,1.732308e-01,3.308309e-03,1.618652e-01,1.867676e-01,2000,0,3.464617e-02
2026-07-20T18:59:41.651,1784563181.651,75.703,1.732391e-01,3.329440e-03,1.608887e-01,1.845703e-01,2000,0,3.464783e-02
2026-07-20T18:59:41.749,1784563181.749,75.803,1.715796e-01,3.413186e-03,1.613770e-01,1.845703e-01,2000,0,3.431592e-02
2026-07-20T18:59:41.851,1784563181.851,75.903,1.724083e-01,3.398999e-03,1.577148e-01,1.816406e-01,2000,0,3.448167e-02
2026-07-20T18:59:41.951,1784563181.951,76.003,1.726039e-01,3.417309e-03,1.628418e-01,1.875000e-01,2000,0,3.452078e-02
2026-07-20T18:59:42.051,1784563182.051,76.103,1.727140e-01,3.383783e-03,1.601562e-01,1.857910e-01,2000,0,3.454280e-02
2026-07-20T18:59:42.151,1784563182.151,76.203,1.727371e-01,3.471599e-03,1.621094e-01,1.833496e-01,2000,0,3.454741e-02
2026-07-20T18:59:42.251,1784563182.251,76.303,1.719238e-01,3.343523e-03,1.616211e-01,1.816406e-01,2000,0,3.438477e-02
2026-07-20T18:59:42.350,1784563182.351,76.403,1.717401e-01,3.290145e-03,1.616211e-01,1.821289e-01,2000,0,3.434802e-02
2026-07-20T18:59:42.451,1784563182.451,76.503,1.699868e-01,3.715418e-03,1.574707e-01,1.809082e-01,2000,0,3.399736e-02
2026-07-20T18:59:42.548,1784563182.549,76.603,1.716285e-01,3.489139e-03,1.591797e-01,1.806641e-01,2000,0,3.432571e-02
2026-07-20T18:59:42.649,1784563182.649,76.703,1.717711e-01,3.499698e-03,1.606445e-01,1.823730e-01,2000,0,3.435422e-02
2026-07-20T18:59:42.751,1784563182.751,76.803,1.716873e-01,3.442890e-03,1.599121e-01,1.843262e-01,2000,0,3.433745e-02
2026-07-20T18:59:42.849,1784563182.849,76.903,1.711624e-01,3.482180e-03,1.601562e-01,1.806641e-01,2000,0,3.423247e-02
2026-07-20T18:59:42.951,1784563182.951,77.003,1.712631e-01,3.491484e-03,1.608887e-01,1.816406e-01,2000,0,3.425261e-02
2026-07-20T18:59:43.051,1784563183.051,77.103,1.714272e-01,3.562006e-03,1.604004e-01,1.816406e-01,2000,0,3.428545e-02
2026-07-20T18:59:43.151,1784563183.151,77.203,1.711611e-01,3.544979e-03,1.579590e-01,1.835938e-01,2000,0,3.423223e-02
2026-07-20T18:59:43.251,1784563183.252,77.303,1.708607e-01,3.588042e-03,1.535645e-01,1.845703e-01,2000,0,3.417214e-02
2026-07-20T18:59:43.351,1784563183.351,77.403,1.710448e-01,3.562723e-03,1.601562e-01,1.821289e-01,2000,0,3.420896e-02
2026-07-20T18:59:43.451,1784563183.451,77.503,1.710038e-01,3.465131e-03,1.591797e-01,1.833496e-01,2000,0,3.420076e-02
2026-07-20T18:59:43.551,1784563183.551,77.603,1.712570e-01,3.605140e-03,1.579590e-01,1.826172e-01,2000,0,3.425139e-02
2026-07-20T18:59:43.649,1784563183.649,77.703,1.709308e-01,3.459292e-03,1.604004e-01,1.813965e-01,2000,0,3.418616e-02
2026-07-20T18:59:43.748,1784563183.749,77.803,1.718444e-01,3.498508e-03,1.606445e-01,1.840820e-01,2000,0,3.436887e-02
2026-07-20T18:59:43.851,1784563183.851,77.903,1.720953e-01,3.470612e-03,1.613770e-01,1.865234e-01,2000,0,3.441907e-02
2026-07-20T18:59:43.951,1784563183.951,78.003,1.713025e-01,3.519234e-03,1.613770e-01,1.838379e-01,2000,0,3.426050e-02
2026-07-20T18:59:44.049,1784563184.049,78.103,1.711735e-01,3.465640e-03,1.596680e-01,1.835938e-01,2000,0,3.423469e-02
2026-07-20T18:59:44.151,1784563184.151,78.203,1.718392e-01,3.488180e-03,1.601562e-01,1.982422e-01,2000,0,3.436785e-02
2026-07-20T18:59:44.251,1784563184.251,78.303,1.720063e-01,3.468460e-03,1.574707e-01,1.835938e-01,2000,0,3.440127e-02
2026-07-20T18:59:44.351,1784563184.351,78.403,1.723196e-01,3.683296e-03,1.611328e-01,1.879883e-01,2000,0,3.446392e-02
2026-07-20T18:59:44.451,1784563184.452,78.503,1.721145e-01,3.592508e-03,1.618652e-01,1.860352e-01,2000,0,3.442290e-02
2026-07-20T18:59:44.549,1784563184.549,78.603,1.722595e-01,3.807094e-03,1.606445e-01,1.857910e-01,2000,0,3.445190e-02
2026-07-20T18:59:44.649,1784563184.649,78.703,1.725764e-01,3.804287e-03,1.616211e-01,1.838379e-01,2000,0,3.451528e-02
2026-07-20T18:59:44.751,1784563184.751,78.803,1.731587e-01,3.862081e-03,1.616211e-01,1.879883e-01,2000,0,3.463174e-02
2026-07-20T18:59:44.851,1784563184.851,78.903,1.728820e-01,3.922338e-03,1.596680e-01,1.848145e-01,2000,0,3.457639e-02
2026-07-20T18:59:44.951,1784563184.951,79.003,1.732279e-01,3.859703e-03,1.608887e-01,1.855469e-01,2000,0,3.464558e-02
2026-07-20T18:59:45.051,1784563185.051,79.103,1.734320e-01,3.953985e-03,1.606445e-01,1.877441e-01,2000,0,3.468640e-02
2026-07-20T18:59:45.151,1784563185.151,79.203,1.736632e-01,3.912541e-03,1.625977e-01,1.850586e-01,2000,0,3.473264e-02
2026-07-20T18:59:45.249,1784563185.249,79.303,1.743218e-01,3.968059e-03,1.621094e-01,1.853027e-01,2000,0,3.486436e-02
2026-07-20T18:59:45.351,1784563185.351,79.403,1.742493e-01,3.853227e-03,1.625977e-01,1.857910e-01,2000,0,3.484985e-02
2026-07-20T18:59:45.451,1784563185.452,79.503,1.744208e-01,3.930162e-03,1.630859e-01,1.867676e-01,2000,0,3.488416e-02
2026-07-20T18:59:45.551,1784563185.551,79.603,1.747864e-01,3.871422e-03,1.623535e-01,1.848145e-01,2000,0,3.495728e-02
2026-07-20T18:59:45.651,1784563185.652,79.703,1.745094e-01,3.971190e-03,1.596680e-01,1.867676e-01,2000,0,3.490188e-02
2026-07-20T18:59:45.751,1784563185.751,79.803,1.746295e-01,4.078827e-03,1.613770e-01,1.867676e-01,2000,0,3.492590e-02
2026-07-20T18:59:45.849,1784563185.849,79.903,1.747599e-01,4.004798e-03,1.601562e-01,1.872559e-01,2000,0,3.495198e-02
2026-07-20T18:59:45.951,1784563185.951,80.003,1.743372e-01,3.921584e-03,1.604004e-01,1.853027e-01,2000,0,3.486743e-02
2026-07-20T18:59:46.051,1784563186.051,80.103,1.741492e-01,3.868144e-03,1.613770e-01,1.862793e-01,2000,0,3.482983e-02
2026-07-20T18:59:46.151,1784563186.152,80.203,1.738344e-01,4.018052e-03,1.491699e-01,1.853027e-01,2000,0,3.476687e-02
2026-07-20T18:59:46.251,1784563186.252,80.303,1.738003e-01,4.042198e-03,1.613770e-01,1.867676e-01,2000,0,3.476006e-02
2026-07-20T18:59:46.349,1784563186.349,80.403,1.730657e-01,3.917707e-03,1.599121e-01,1.850586e-01,2000,0,3.461313e-02
2026-07-20T18:59:46.451,1784563186.452,80.503,1.729696e-01,3.988908e-03,1.577148e-01,1.845703e-01,2000,0,3.459392e-02
2026-07-20T18:59:46.551,1784563186.551,80.603,1.728459e-01,4.070524e-03,1.579590e-01,1.853027e-01,2000,0,3.456919e-02
2026-07-20T18:59:46.651,1784563186.651,80.703,1.715396e-01,4.017045e-03,1.564941e-01,1.853027e-01,2000,0,3.430791e-02
2026-07-20T18:59:46.751,1784563186.751,80.803,1.718121e-01,4.100677e-03,1.577148e-01,1.840820e-01,2000,0,3.436243e-02
2026-07-20T18:59:46.851,1784563186.851,80.903,1.712418e-01,4.100692e-03,1.564941e-01,1.838379e-01,2000,0,3.424836e-02
2026-07-20T18:59:46.949,1784563186.950,81.003,1.711315e-01,3.959668e-03,1.582031e-01,1.843262e-01,2000,0,3.422629e-02
2026-07-20T18:59:47.049,1784563187.050,81.103,1.707482e-01,4.048280e-03,1.567383e-01,1.853027e-01,2000,0,3.414963e-02
2026-07-20T18:59:47.149,1784563187.150,81.203,1.705907e-01,4.133328e-03,1.525879e-01,1.835938e-01,2000,0,3.411814e-02
2026-07-20T18:59:47.250,1784563187.251,81.303,1.699772e-01,4.085299e-03,1.552734e-01,1.823730e-01,2000,0,3.399543e-02
2026-07-20T18:59:47.351,1784563187.351,81.403,1.703380e-01,3.797303e-03,1.560059e-01,1.828613e-01,2000,0,3.406760e-02
2026-07-20T18:59:47.451,1784563187.451,81.503,1.700754e-01,3.803468e-03,1.530762e-01,1.809082e-01,2000,0,3.401509e-02
2026-07-20T18:59:47.550,1784563187.551,81.603,1.694600e-01,4.077721e-03,1.555176e-01,1.835938e-01,2000,0,3.389199e-02
2026-07-20T18:59:47.651,1784563187.651,81.703,1.696569e-01,3.651418e-03,1.567383e-01,1.821289e-01,2000,0,3.393137e-02
2026-07-20T18:59:47.751,1784563187.751,81.803,1.695925e-01,3.548407e-03,1.567383e-01,1.801758e-01,2000,0,3.391851e-02
2026-07-20T18:59:47.850,1784563187.851,81.903,1.691447e-01,3.802970e-03,1.545410e-01,1.801758e-01,2000,0,3.382893e-02
2026-07-20T18:59:47.951,1784563187.951,82.003,1.691545e-01,3.590159e-03,1.552734e-01,1.787109e-01,2000,0,3.383091e-02
2026-07-20T18:59:48.051,1784563188.052,82.103,1.684402e-01,3.525464e-03,1.528320e-01,1.813965e-01,2000,0,3.368804e-02
2026-07-20T18:59:48.151,1784563188.151,82.203,1.679613e-01,3.451103e-03,1.513672e-01,1.784668e-01,2000,0,3.359226e-02
2026-07-20T18:59:48.251,1784563188.251,82.303,1.680704e-01,3.458724e-03,1.562500e-01,1.811523e-01,2000,0,3.361409e-02
2026-07-20T18:59:48.350,1784563188.351,82.403,1.673187e-01,3.568728e-03,1.557617e-01,1.843262e-01,2000,0,3.346375e-02
2026-07-20T18:59:48.450,1784563188.451,82.503,1.667069e-01,3.593209e-03,1.523438e-01,1.772461e-01,2000,0,3.334138e-02
2026-07-20T18:59:48.550,1784563188.551,82.603,1.666581e-01,3.448539e-03,1.542969e-01,1.794434e-01,2000,0,3.333162e-02
2026-07-20T18:59:48.651,1784563188.652,82.703,1.658085e-01,3.180053e-03,1.538086e-01,1.782227e-01,2000,0,3.316169e-02
2026-07-20T18:59:48.748,1784563188.749,82.803,1.656534e-01,3.522635e-03,1.538086e-01,1.772461e-01,2000,0,3.313069e-02
2026-07-20T18:59:48.850,1784563188.851,82.903,1.651582e-01,3.552761e-03,1.538086e-01,1.772461e-01,2000,0,3.303164e-02
2026-07-20T18:59:48.950,1784563188.950,83.003,1.644219e-01,3.543323e-03,1.528320e-01,1.765137e-01,2000,0,3.288438e-02
2026-07-20T18:59:49.050,1784563189.051,83.103,1.647084e-01,3.330044e-03,1.523438e-01,1.782227e-01,2000,0,3.294167e-02
2026-07-20T18:59:49.151,1784563189.151,83.203,1.648458e-01,3.085217e-03,1.538086e-01,1.745605e-01,2000,0,3.296917e-02
2026-07-20T18:59:49.250,1784563189.251,83.303,1.645347e-01,3.409690e-03,1.525879e-01,1.782227e-01,2000,0,3.290693e-02
2026-07-20T18:59:49.350,1784563189.351,83.403,1.639436e-01,3.394835e-03,1.506348e-01,1.745605e-01,2000,0,3.278872e-02
2026-07-20T18:59:49.450,1784563189.451,83.503,1.636165e-01,3.294045e-03,1.484375e-01,1.730957e-01,2000,0,3.272329e-02
2026-07-20T18:59:49.551,1784563189.551,83.603,1.636003e-01,3.248681e-03,1.506348e-01,1.745605e-01,2000,0,3.272007e-02
2026-07-20T18:59:49.649,1784563189.649,83.703,1.625844e-01,3.111807e-03,1.508789e-01,1.740723e-01,2000,0,3.251687e-02
2026-07-20T18:59:49.748,1784563189.749,83.803,1.631479e-01,3.214642e-03,1.518555e-01,1.730957e-01,2000,0,3.262959e-02
2026-07-20T18:59:49.851,1784563189.851,83.903,1.628088e-01,3.295851e-03,1.523438e-01,1.748047e-01,2000,0,3.256177e-02
2026-07-20T18:59:49.950,1784563189.951,84.003,1.622053e-01,3.160519e-03,1.508789e-01,1.718750e-01,2000,0,3.244106e-02
2026-07-20T18:59:50.050,1784563190.051,84.103,1.622179e-01,3.181415e-03,1.518555e-01,1.723633e-01,2000,0,3.244358e-02
2026-07-20T18:59:50.151,1784563190.152,84.203,1.622242e-01,3.193991e-03,1.511230e-01,1.718750e-01,2000,0,3.244485e-02
2026-07-20T18:59:50.250,1784563190.251,84.303,1.617926e-01,3.135796e-03,1.513672e-01,1.772461e-01,2000,0,3.235852e-02
2026-07-20T18:59:50.351,1784563190.351,84.403,1.623627e-01,3.324610e-03,1.501465e-01,1.730957e-01,2000,0,3.247253e-02
2026-07-20T18:59:50.451,1784563190.451,84.503,1.618137e-01,3.147876e-03,1.518555e-01,1.723633e-01,2000,0,3.236274e-02
2026-07-20T18:59:50.550,1784563190.551,84.603,1.615573e-01,3.071548e-03,1.518555e-01,1.723633e-01,2000,0,3.231145e-02
2026-07-20T18:59:50.650,1784563190.651,84.703,1.620333e-01,3.019611e-03,1.508789e-01,1.726074e-01,2000,0,3.240667e-02
2026-07-20T18:59:50.750,1784563190.751,84.803,1.615809e-01,3.057206e-03,1.508789e-01,1.738281e-01,2000,0,3.231619e-02
2026-07-20T18:59:50.850,1784563190.851,84.903,1.613569e-01,2.953287e-03,1.513672e-01,1.713867e-01,2000,0,3.227139e-02
2026-07-20T18:59:50.950,1784563190.951,85.003,1.619501e-01,3.085823e-03,1.508789e-01,1.728516e-01,2000,0,3.239001e-02
2026-07-20T18:59:51.050,1784563191.051,85.103,1.617012e-01,3.006187e-03,1.503906e-01,1.716309e-01,2000,0,3.234023e-02
2026-07-20T18:59:51.149,1784563191.150,85.203,1.613390e-01,2.826631e-03,1.513672e-01,1.711426e-01,2000,0,3.226780e-02
2026-07-20T18:59:51.250,1784563191.251,85.303,1.620912e-01,2.718810e-03,1.523438e-01,1.767578e-01,2000,0,3.241824e-02
2026-07-20T18:59:51.351,1784563191.352,85.403,1.617576e-01,2.680054e-03,1.523438e-01,1.716309e-01,2000,0,3.235151e-02
2026-07-20T18:59:51.450,1784563191.451,85.503,1.615793e-01,2.691364e-03,1.469727e-01,1.706543e-01,2000,0,3.231587e-02
2026-07-20T18:59:51.550,1784563191.551,85.603,1.624053e-01,2.684460e-03,1.530762e-01,1.726074e-01,2000,0,3.248105e-02
2026-07-20T18:59:51.651,1784563191.651,85.703,1.621029e-01,2.567157e-03,1.538086e-01,1.813965e-01,2000,0,3.242058e-02
2026-07-20T18:59:51.750,1784563191.751,85.803,1.621923e-01,2.602249e-03,1.523438e-01,1.740723e-01,2000,0,3.243845e-02
2026-07-20T18:59:51.850,1784563191.851,85.903,1.620847e-01,2.451977e-03,1.520996e-01,1.728516e-01,2000,0,3.241694e-02
2026-07-20T18:59:51.950,1784563191.951,86.003,1.627354e-01,2.486880e-03,1.545410e-01,1.708984e-01,2000,0,3.254707e-02
2026-07-20T18:59:52.050,1784563192.051,86.103,1.622194e-01,2.575800e-03,1.533203e-01,1.718750e-01,2000,0,3.244387e-02
2026-07-20T18:59:52.150,1784563192.151,86.203,1.626616e-01,2.378278e-03,1.523438e-01,1.728516e-01,2000,0,3.253232e-02
2026-07-20T18:59:52.250,1784563192.251,86.303,1.629362e-01,2.430654e-03,1.545410e-01,1.721191e-01,2000,0,3.258723e-02
2026-07-20T18:59:52.349,1784563192.349,86.403,1.626692e-01,2.593541e-03,1.523438e-01,1.716309e-01,2000,0,3.253384e-02
2026-07-20T18:59:52.450,1784563192.451,86.503,1.629687e-01,2.637720e-03,1.533203e-01,1.728516e-01,2000,0,3.259375e-02
2026-07-20T18:59:52.550,1784563192.551,86.603,1.633925e-01,2.634629e-03,1.540527e-01,1.762695e-01,2000,0,3.267849e-02
2026-07-20T18:59:52.650,1784563192.651,86.703,1.637378e-01,2.773303e-03,1.523438e-01,1.757812e-01,2000,0,3.274756e-02
2026-07-20T18:59:52.751,1784563192.751,86.803,1.638877e-01,2.804360e-03,1.538086e-01,1.757812e-01,2000,0,3.277754e-02
2026-07-20T18:59:52.850,1784563192.851,86.903,1.643838e-01,2.783815e-03,1.547852e-01,1.733398e-01,2000,0,3.287676e-02
2026-07-20T18:59:52.951,1784563192.951,87.003,1.640905e-01,2.835054e-03,1.547852e-01,1.726074e-01,2000,0,3.281809e-02
2026-07-20T18:59:53.050,1784563193.051,87.103,1.644143e-01,2.969131e-03,1.545410e-01,1.745605e-01,2000,0,3.288286e-02
2026-07-20T18:59:53.150,1784563193.151,87.203,1.648595e-01,2.892850e-03,1.552734e-01,1.755371e-01,2000,0,3.297190e-02
2026-07-20T18:59:53.250,1784563193.251,87.303,1.648964e-01,3.025787e-03,1.550293e-01,1.750488e-01,2000,0,3.297927e-02
2026-07-20T18:59:53.350,1784563193.351,87.403,1.653838e-01,3.078295e-03,1.560059e-01,1.735840e-01,2000,0,3.307676e-02
2026-07-20T18:59:53.450,1784563193.451,87.503,1.657279e-01,2.977601e-03,1.569824e-01,1.772461e-01,2000,0,3.314558e-02
2026-07-20T18:59:53.551,1784563193.551,87.603,1.656987e-01,3.049826e-03,1.540527e-01,1.767578e-01,2000,0,3.313975e-02
2026-07-20T18:59:53.650,1784563193.651,87.703,1.658733e-01,3.096952e-03,1.564941e-01,1.760254e-01,2000,0,3.317466e-02
2026-07-20T18:59:53.751,1784563193.751,87.803,1.659731e-01,3.224429e-03,1.542969e-01,1.762695e-01,2000,0,3.319463e-02
2026-07-20T18:59:53.851,1784563193.851,87.903,1.660374e-01,2.982386e-03,1.550293e-01,1.762695e-01,2000,0,3.320747e-02
2026-07-20T18:59:53.951,1784563193.951,88.003,1.654675e-01,2.994223e-03,1.557617e-01,1.770020e-01,2000,0,3.309351e-02
2026-07-20T18:59:54.051,1784563194.051,88.103,1.666793e-01,3.048213e-03,1.555176e-01,1.760254e-01,2000,0,3.333586e-02
2026-07-20T18:59:54.151,1784563194.151,88.203,1.661942e-01,3.171540e-03,1.560059e-01,1.806641e-01,2000,0,3.323884e-02
2026-07-20T18:59:54.251,1784563194.251,88.303,1.656747e-01,3.194702e-03,1.540527e-01,1.767578e-01,2000,0,3.313494e-02
2026-07-20T18:59:54.351,1784563194.351,88.403,1.659711e-01,2.973140e-03,1.567383e-01,1.765137e-01,2000,0,3.319421e-02
2026-07-20T18:59:54.449,1784563194.449,88.503,1.655297e-01,2.861005e-03,1.550293e-01,1.760254e-01,2000,0,3.310593e-02
2026-07-20T18:59:54.551,1784563194.551,88.603,1.655590e-01,2.800940e-03,1.560059e-01,1.760254e-01,2000,0,3.311179e-02
2026-07-20T18:59:54.651,1784563194.651,88.703,1.655974e-01,2.999679e-03,1.564941e-01,1.767578e-01,2000,0,3.311948e-02
2026-07-20T18:59:54.751,1784563194.751,88.803,1.652731e-01,2.944459e-03,1.552734e-01,1.743164e-01,2000,0,3.305461e-02
2026-07-20T18:59:54.849,1784563194.849,88.903,1.653722e-01,2.829406e-03,1.516113e-01,1.745605e-01,2000,0,3.307444e-02
2026-07-20T18:59:54.949,1784563194.949,89.003,1.652621e-01,2.990349e-03,1.552734e-01,1.750488e-01,2000,0,3.305242e-02
2026-07-20T18:59:55.051,1784563195.051,89.103,1.649559e-01,2.780499e-03,1.555176e-01,1.762695e-01,2000,0,3.299119e-02
2026-07-20T18:59:55.151,1784563195.151,89.203,1.651741e-01,2.968354e-03,1.555176e-01,1.740723e-01,2000,0,3.303481e-02
2026-07-20T18:59:55.251,1784563195.251,89.303,1.656531e-01,2.924523e-03,1.555176e-01,1.767578e-01,2000,0,3.313062e-02
2026-07-20T18:59:55.348,1784563195.349,89.403,1.648881e-01,2.902060e-03,1.552734e-01,1.752930e-01,2000,0,3.297761e-02
2026-07-20T18:59:55.449,1784563195.449,89.503,1.650240e-01,2.844356e-03,1.530762e-01,1.740723e-01,2000,0,3.300481e-02
2026-07-20T18:59:55.551,1784563195.551,89.603,1.655511e-01,2.921630e-03,1.542969e-01,1.767578e-01,2000,0,3.311023e-02
2026-07-20T18:59:55.651,1784563195.651,89.703,1.654608e-01,2.892868e-03,1.567383e-01,1.772461e-01,2000,0,3.309216e-02
2026-07-20T18:59:55.750,1784563195.751,89.803,1.653779e-01,2.705938e-03,1.564941e-01,1.748047e-01,2000,0,3.307559e-02
2026-07-20T18:59:55.851,1784563195.851,89.903,1.654891e-01,2.938808e-03,1.503906e-01,1.770020e-01,2000,0,3.309783e-02
2026-07-20T18:59:55.949,1784563195.949,90.003,1.652920e-01,2.923289e-03,1.560059e-01,1.752930e-01,2000,0,3.305840e-02
2026-07-20T18:59:56.051,1784563196.051,90.103,1.654739e-01,2.806981e-03,1.562500e-01,1.750488e-01,2000,0,3.309478e-02
2026-07-20T18:59:56.151,1784563196.151,90.203,1.656798e-01,2.893767e-03,1.540527e-01,1.770020e-01,2000,0,3.313596e-02
2026-07-20T18:59:56.249,1784563196.249,90.303,1.655486e-01,2.921583e-03,1.562500e-01,1.750488e-01,2000,0,3.310972e-02
2026-07-20T18:59:56.350,1784563196.351,90.403,1.649597e-01,2.875437e-03,1.555176e-01,1.809082e-01,2000,0,3.299194e-02
2026-07-20T18:59:56.451,1784563196.451,90.503,1.656960e-01,3.064130e-03,1.557617e-01,1.767578e-01,2000,0,3.313921e-02
2026-07-20T18:59:56.551,1784563196.551,90.603,1.657672e-01,3.085180e-03,1.560059e-01,1.767578e-01,2000,0,3.315344e-02
2026-07-20T18:59:56.650,1784563196.651,90.703,1.653151e-01,3.013812e-03,1.540527e-01,1.760254e-01,2000,0,3.306301e-02
2026-07-20T18:59:56.751,1784563196.751,90.803,1.656807e-01,2.963244e-03,1.564941e-01,1.755371e-01,2000,0,3.313613e-02
2026-07-20T18:59:56.851,1784563196.851,90.903,1.654519e-01,3.170601e-03,1.550293e-01,1.794434e-01,2000,0,3.309038e-02
2026-07-20T18:59:56.948,1784563196.949,91.003,1.647565e-01,3.283303e-03,1.542969e-01,1.750488e-01,2000,0,3.295129e-02
2026-07-20T18:59:57.048,1784563197.049,91.103,1.654108e-01,3.028864e-03,1.560059e-01,1.762695e-01,2000,0,3.308215e-02
2026-07-20T18:59:57.148,1784563197.149,91.203,1.651210e-01,3.111083e-03,1.564941e-01,1.782227e-01,2000,0,3.302419e-02
2026-07-20T18:59:57.251,1784563197.251,91.303,1.652313e-01,3.234585e-03,1.545410e-01,1.765137e-01,2000,0,3.304626e-02
2026-07-20T18:59:57.348,1784563197.349,91.403,1.656357e-01,3.182313e-03,1.552734e-01,1.770020e-01,2000,0,3.312715e-02
2026-07-20T18:59:57.450,1784563197.451,91.503,1.651072e-01,3.245447e-03,1.535645e-01,1.774902e-01,2000,0,3.302144e-02
2026-07-20T18:59:57.549,1784563197.549,91.603,1.652375e-01,3.115487e-03,1.552734e-01,1.760254e-01,2000,0,3.304751e-02
2026-07-20T18:59:57.651,1784563197.651,91.703,1.650911e-01,3.132046e-03,1.562500e-01,1.896973e-01,2000,0,3.301821e-02
2026-07-20T18:59:57.751,1784563197.751,91.803,1.652224e-01,3.155634e-03,1.535645e-01,1.757812e-01,2000,0,3.304448e-02
2026-07-20T18:59:57.851,1784563197.851,91.903,1.648746e-01,3.128935e-03,1.511230e-01,1.801758e-01,2000,0,3.297493e-02
2026-07-20T18:59:57.951,1784563197.951,92.003,1.651703e-01,3.062905e-03,1.535645e-01,1.779785e-01,2000,0,3.303406e-02
2026-07-20T18:59:58.050,1784563198.051,92.103,1.649634e-01,3.125533e-03,1.530762e-01,1.762695e-01,2000,0,3.299268e-02
2026-07-20T18:59:58.151,1784563198.151,92.203,1.645568e-01,3.027914e-03,1.530762e-01,1.740723e-01,2000,0,3.291135e-02
2026-07-20T18:59:58.250,1784563198.251,92.303,1.644634e-01,3.051092e-03,1.552734e-01,1.782227e-01,2000,0,3.289268e-02
2026-07-20T18:59:58.350,1784563198.351,92.403,1.636771e-01,3.192822e-03,1.528320e-01,1.772461e-01,2000,0,3.273542e-02
2026-07-20T18:59:58.451,1784563198.451,92.503,1.634277e-01,3.105139e-03,1.501465e-01,1.767578e-01,2000,0,3.268555e-02
2026-07-20T18:59:58.551,1784563198.551,92.603,1.637080e-01,3.136648e-03,1.530762e-01,1.750488e-01,2000,0,3.274160e-02
2026-07-20T18:59:58.651,1784563198.651,92.703,1.633126e-01,3.107541e-03,1.496582e-01,1.740723e-01,2000,0,3.266252e-02
2026-07-20T18:59:58.751,1784563198.751,92.803,1.629207e-01,3.105107e-03,1.528320e-01,1.782227e-01,2000,0,3.258413e-02
2026-07-20T18:59:58.850,1784563198.851,92.903,1.629766e-01,3.221614e-03,1.525879e-01,1.743164e-01,2000,0,3.259531e-02
2026-07-20T18:59:58.950,1784563198.951,93.003,1.622006e-01,3.148591e-03,1.516113e-01,1.730957e-01,2000,0,3.244011e-02
2026-07-20T18:59:59.051,1784563199.051,93.103,1.618629e-01,3.138973e-03,1.518555e-01,1.730957e-01,2000,0,3.237258e-02
2026-07-20T18:59:59.148,1784563199.149,93.203,1.622200e-01,3.174455e-03,1.520996e-01,1.740723e-01,2000,0,3.244399e-02
2026-07-20T18:59:59.251,1784563199.251,93.303,1.614011e-01,3.215539e-03,1.503906e-01,1.740723e-01,2000,0,3.228022e-02
2026-07-20T18:59:59.351,1784563199.351,93.403,1.611013e-01,3.179789e-03,1.501465e-01,1.721191e-01,2000,0,3.222026e-02
2026-07-20T18:59:59.450,1784563199.451,93.503,1.612358e-01,3.058069e-03,1.506348e-01,1.713867e-01,2000,0,3.224717e-02
2026-07-20T18:59:59.551,1784563199.551,93.603,1.602684e-01,3.097425e-03,1.494141e-01,1.708984e-01,2000,0,3.205369e-02
2026-07-20T18:59:59.650,1784563199.651,93.703,1.604033e-01,3.123262e-03,1.445312e-01,1.721191e-01,2000,0,3.208066e-02
2026-07-20T18:59:59.748,1784563199.749,93.803,1.604327e-01,3.195408e-03,1.508789e-01,1.718750e-01,2000,0,3.208655e-02
2026-07-20T18:59:59.851,1784563199.851,93.903,1.600173e-01,3.165406e-03,1.496582e-01,1.755371e-01,2000,0,3.200347e-02
2026-07-20T18:59:59.951,1784563199.951,94.003,1.601685e-01,3.122505e-03,1.464844e-01,1.701660e-01,2000,0,3.203369e-02
2026-07-20T19:00:00.050,1784563200.051,94.103,1.603954e-01,3.029805e-03,1.501465e-01,1.718750e-01,2000,0,3.207908e-02
2026-07-20T19:00:00.150,1784563200.151,94.203,1.599696e-01,3.141475e-03,1.479492e-01,1.718750e-01,2000,0,3.199392e-02
2026-07-20T19:00:00.251,1784563200.251,94.303,1.602305e-01,3.076536e-03,1.506348e-01,1.721191e-01,2000,0,3.204609e-02
2026-07-20T19:00:00.350,1784563200.351,94.403,1.604247e-01,3.136210e-03,1.484375e-01,1.701660e-01,2000,0,3.208494e-02
2026-07-20T19:00:00.451,1784563200.451,94.503,1.601129e-01,3.045805e-03,1.477051e-01,1.704102e-01,2000,0,3.202258e-02
2026-07-20T19:00:00.551,1784563200.551,94.603,1.598279e-01,3.099788e-03,1.496582e-01,1.701660e-01,2000,0,3.196558e-02
2026-07-20T19:00:00.650,1784563200.651,94.703,1.594957e-01,3.108762e-03,1.499023e-01,1.699219e-01,2000,0,3.189915e-02
2026-07-20T19:00:00.749,1784563200.749,94.803,1.595310e-01,3.151592e-03,1.477051e-01,1.713867e-01,2000,0,3.190620e-02
2026-07-20T19:00:00.851,1784563200.851,94.903,1.589712e-01,3.391698e-03,1.457520e-01,1.713867e-01,2000,0,3.179424e-02
2026-07-20T19:00:00.948,1784563200.949,95.003,1.599160e-01,3.286034e-03,1.494141e-01,1.713867e-01,2000,0,3.198320e-02
2026-07-20T19:00:01.051,1784563201.051,95.103,1.601614e-01,3.308529e-03,1.491699e-01,1.711426e-01,2000,0,3.203228e-02
2026-07-20T19:00:01.149,1784563201.149,95.203,1.600217e-01,3.315061e-03,1.479492e-01,1.701660e-01,2000,0,3.200435e-02
2026-07-20T19:00:01.251,1784563201.251,95.303,1.602281e-01,3.311925e-03,1.489258e-01,1.716309e-01,2000,0,3.204563e-02
2026-07-20T19:00:01.351,1784563201.351,95.403,1.599741e-01,3.468855e-03,1.494141e-01,1.706543e-01,2000,0,3.199482e-02
2026-07-20T19:00:01.451,1784563201.451,95.503,1.603171e-01,3.483149e-03,1.467285e-01,1.708984e-01,2000,0,3.206343e-02
2026-07-20T19:00:01.550,1784563201.551,95.603,1.607754e-01,3.430351e-03,1.489258e-01,1.748047e-01,2000,0,3.215508e-02
2026-07-20T19:00:01.648,1784563201.649,95.703,1.607416e-01,3.598301e-03,1.484375e-01,1.728516e-01,2000,0,3.214832e-02
2026-07-20T19:00:01.749,1784563201.749,95.803,1.605277e-01,3.644264e-03,1.494141e-01,1.723633e-01,2000,0,3.210554e-02
2026-07-20T19:00:01.850,1784563201.851,95.903,1.610320e-01,3.534566e-03,1.491699e-01,1.721191e-01,2000,0,3.220640e-02
2026-07-20T19:00:01.948,1784563201.949,96.003,1.598339e-01,3.411386e-03,1.484375e-01,1.704102e-01,2000,0,3.196677e-02
2026-07-20T19:00:02.050,1784563202.051,96.103,1.608579e-01,3.485402e-03,1.489258e-01,1.755371e-01,2000,0,3.217158e-02
2026-07-20T19:00:02.150,1784563202.151,96.203,1.609373e-01,3.550945e-03,1.464844e-01,1.718750e-01,2000,0,3.218745e-02
2026-07-20T19:00:02.250,1784563202.251,96.303,1.609026e-01,3.425187e-03,1.508789e-01,1.733398e-01,2000,0,3.218052e-02
2026-07-20T19:00:02.348,1784563202.349,96.403,1.607703e-01,3.572377e-03,1.469727e-01,1.716309e-01,2000,0,3.215405e-02
2026-07-20T19:00:02.450,1784563202.451,96.503,1.611046e-01,3.567580e-03,1.479492e-01,1.723633e-01,2000,0,3.222092e-02
2026-07-20T19:00:02.550,1784563202.551,96.603,1.608356e-01,3.529493e-03,1.513672e-01,1.723633e-01,2000,0,3.216711e-02
2026-07-20T19:00:02.650,1784563202.651,96.703,1.602844e-01,3.709213e-03,1.455078e-01,1.716309e-01,2000,0,3.205688e-02
2026-07-20T19:00:02.750,1784563202.751,96.803,1.604689e-01,3.653463e-03,1.477051e-01,1.726074e-01,2000,0,3.209377e-02
2026-07-20T19:00:02.850,1784563202.851,96.903,1.598416e-01,3.644566e-03,1.457520e-01,1.733398e-01,2000,0,3.196831e-02
2026-07-20T19:00:02.948,1784563202.949,97.003,1.599229e-01,3.562087e-03,1.455078e-01,1.733398e-01,2000,0,3.198457e-02
2026-07-20T19:00:03.050,1784563203.051,97.103,1.602489e-01,3.608614e-03,1.491699e-01,1.711426e-01,2000,0,3.204978e-02
2026-07-20T19:00:03.148,1784563203.149,97.203,1.596334e-01,3.663025e-03,1.462402e-01,1.721191e-01,2000,0,3.192668e-02
2026-07-20T19:00:03.248,1784563203.249,97.303,1.597430e-01,3.788099e-03,1.440430e-01,1.718750e-01,2000,0,3.194861e-02
2026-07-20T19:00:03.350,1784563203.351,97.403,1.596713e-01,3.666447e-03,1.457520e-01,1.713867e-01,2000,0,3.193425e-02
2026-07-20T19:00:03.450,1784563203.451,97.503,1.587323e-01,3.758413e-03,1.459961e-01,1.721191e-01,2000,0,3.174646e-02
2026-07-20T19:00:03.548,1784563203.549,97.603,1.593171e-01,3.753681e-03,1.430664e-01,1.701660e-01,2000,0,3.186343e-02
2026-07-20T19:00:03.650,1784563203.651,97.703,1.593617e-01,3.888255e-03,1.457520e-01,1.752930e-01,2000,0,3.187234e-02
2026-07-20T19:00:03.750,1784563203.751,97.803,1.591757e-01,3.710104e-03,1.447754e-01,1.694336e-01,2000,0,3.183513e-02
2026-07-20T19:00:03.850,1784563203.851,97.903,1.591154e-01,3.909652e-03,1.455078e-01,1.779785e-01,2000,0,3.182307e-02
2026-07-20T19:00:03.950,1784563203.951,98.003,1.591549e-01,3.829626e-03,1.474609e-01,1.701660e-01,2000,0,3.183098e-02
2026-07-20T19:00:04.050,1784563204.051,98.103,1.590903e-01,3.861499e-03,1.469727e-01,1.726074e-01,2000,0,3.181807e-02
2026-07-20T19:00:04.148,1784563204.149,98.203,1.587491e-01,3.980088e-03,1.425781e-01,1.735840e-01,2000,0,3.174983e-02
2026-07-20T19:00:04.250,1784563204.251,98.303,1.584458e-01,3.916064e-03,1.462402e-01,1.684570e-01,2000,0,3.168916e-02
2026-07-20T19:00:04.350,1784563204.351,98.403,1.578729e-01,3.927321e-03,1.459961e-01,1.701660e-01,2000,0,3.157458e-02
2026-07-20T19:00:04.451,1784563204.451,98.503,1.572828e-01,4.032641e-03,1.450195e-01,1.684570e-01,2000,0,3.145657e-02
2026-07-20T19:00:04.551,1784563204.551,98.603,1.568535e-01,3.873629e-03,1.450195e-01,1.672363e-01,2000,0,3.137070e-02
2026-07-20T19:00:04.650,1784563204.651,98.703,1.564755e-01,3.879737e-03,1.447754e-01,1.679688e-01,2000,0,3.129509e-02
2026-07-20T19:00:04.750,1784563204.751,98.803,1.558978e-01,3.947571e-03,1.440430e-01,1.684570e-01,2000,0,3.117957e-02
2026-07-20T19:00:04.850,1784563204.851,98.903,1.558434e-01,3.927809e-03,1.428223e-01,1.677246e-01,2000,0,3.116868e-02
2026-07-20T19:00:04.951,1784563204.951,99.003,1.548032e-01,3.966301e-03,1.430664e-01,1.674805e-01,2000,0,3.096064e-02
2026-07-20T19:00:05.050,1784563205.051,99.103,1.552466e-01,3.863319e-03,1.433105e-01,1.674805e-01,2000,0,3.104932e-02
2026-07-20T19:00:05.150,1784563205.151,99.203,1.548373e-01,3.867514e-03,1.420898e-01,1.721191e-01,2000,0,3.096746e-02
2026-07-20T19:00:05.248,1784563205.249,99.303,1.542087e-01,3.974896e-03,1.420898e-01,1.677246e-01,2000,0,3.084175e-02
2026-07-20T19:00:05.351,1784563205.351,99.403,1.534779e-01,3.898230e-03,1.386719e-01,1.716309e-01,2000,0,3.069558e-02
2026-07-20T19:00:05.450,1784563205.451,99.503,1.532881e-01,3.984436e-03,1.420898e-01,1.674805e-01,2000,0,3.065762e-02
2026-07-20T19:00:05.551,1784563205.551,99.603,1.532617e-01,3.952435e-03,1.413574e-01,1.674805e-01,2000,0,3.065234e-02
2026-07-20T19:00:05.651,1784563205.651,99.703,1.529248e-01,3.976365e-03,1.420898e-01,1.655273e-01,2000,0,3.058496e-02
2026-07-20T19:00:05.750,1784563205.751,99.803,1.519375e-01,3.941953e-03,1.389160e-01,1.647949e-01,2000,0,3.038750e-02
2026-07-20T19:00:05.848,1784563205.849,99.903,1.516567e-01,4.055303e-03,1.398926e-01,1.674805e-01,2000,0,3.033135e-02
2026-07-20T19:00:05.949,1784563205.949,100.003,1.509905e-01,3.947839e-03,1.391602e-01,1.660156e-01,2000,0,3.019810e-02
2026-07-20T19:00:06.048,1784563206.049,100.103,1.506779e-01,4.084002e-03,1.367188e-01,1.645508e-01,2000,0,3.013557e-02
2026-07-20T19:00:06.148,1784563206.149,100.203,1.497803e-01,3.908531e-03,1.389160e-01,1.650391e-01,2000,0,2.995605e-02
2026-07-20T19:00:06.251,1784563206.251,100.303,1.491398e-01,3.832022e-03,1.369629e-01,1.640625e-01,2000,0,2.982795e-02
2026-07-20T19:00:06.351,1784563206.351,100.403,1.483483e-01,4.009440e-03,1.352539e-01,1.650391e-01,2000,0,2.966965e-02
2026-07-20T19:00:06.448,1784563206.449,100.503,1.479832e-01,3.762021e-03,1.347656e-01,1.608887e-01,2000,0,2.959663e-02
2026-07-20T19:00:06.548,1784563206.549,100.603,1.471505e-01,3.684621e-03,1.352539e-01,1.613770e-01,2000,0,2.943010e-02
2026-07-20T19:00:06.648,1784563206.649,100.703,1.463768e-01,3.625439e-03,1.347656e-01,1.589355e-01,2000,0,2.927537e-02
2026-07-20T19:00:06.748,1784563206.749,100.803,1.458112e-01,3.600290e-03,1.328125e-01,1.586914e-01,2000,0,2.916223e-02
2026-07-20T19:00:06.848,1784563206.849,100.903,1.449882e-01,3.428459e-03,1.337891e-01,1.572266e-01,2000,0,2.899763e-02
2026-07-20T19:00:06.948,1784563206.949,101.003,1.443209e-01,3.380385e-03,1.320801e-01,1.564941e-01,2000,0,2.886418e-02
2026-07-20T19:00:07.049,1784563207.049,101.103,1.432339e-01,3.185043e-03,1.301270e-01,1.569824e-01,2000,0,2.864678e-02
2026-07-20T19:00:07.148,1784563207.149,101.203,1.428759e-01,3.284534e-03,1.293945e-01,1.564941e-01,2000,0,2.857517e-02
2026-07-20T19:00:07.251,1784563207.252,101.303,1.423760e-01,3.131387e-03,1.293945e-01,1.523438e-01,2000,0,2.847520e-02
2026-07-20T19:00:07.350,1784563207.351,101.403,1.413556e-01,3.289431e-03,1.308594e-01,1.545410e-01,2000,0,2.827112e-02
2026-07-20T19:00:07.448,1784563207.449,101.503,1.407480e-01,3.146602e-03,1.289062e-01,1.518555e-01,2000,0,2.814961e-02
2026-07-20T19:00:07.548,1784563207.549,101.603,1.400125e-01,3.137496e-03,1.296387e-01,1.491699e-01,2000,0,2.800249e-02
2026-07-20T19:00:07.648,1784563207.649,101.703,1.396506e-01,3.178594e-03,1.250000e-01,1.513672e-01,2000,0,2.793013e-02
2026-07-20T19:00:07.749,1784563207.749,101.803,1.394402e-01,3.044507e-03,1.271973e-01,1.494141e-01,2000,0,2.788804e-02
2026-07-20T19:00:07.851,1784563207.851,101.903,1.389373e-01,3.172010e-03,1.274414e-01,1.486816e-01,2000,0,2.778745e-02
2026-07-20T19:00:07.948,1784563207.949,102.003,1.381949e-01,3.009951e-03,1.291504e-01,1.501465e-01,2000,0,2.763899e-02
2026-07-20T19:00:08.048,1784563208.049,102.103,1.376744e-01,3.065722e-03,1.267090e-01,1.506348e-01,2000,0,2.753489e-02
2026-07-20T19:00:08.148,1784563208.149,102.203,1.368815e-01,3.246155e-03,1.250000e-01,1.486816e-01,2000,0,2.737629e-02
2026-07-20T19:00:08.249,1784563208.249,102.303,1.359059e-01,3.337769e-03,1.259766e-01,1.472168e-01,2000,0,2.718118e-02
2026-07-20T19:00:08.349,1784563208.349,102.403,1.357205e-01,3.169779e-03,1.247559e-01,1.467285e-01,2000,0,2.714409e-02
2026-07-20T19:00:08.448,1784563208.449,102.503,1.351804e-01,3.251596e-03,1.240234e-01,1.455078e-01,2000,0,2.703608e-02
2026-07-20T19:00:08.549,1784563208.549,102.603,1.341333e-01,3.152468e-03,1.230469e-01,1.440430e-01,2000,0,2.682666e-02
2026-07-20T19:00:08.649,1784563208.649,102.703,1.332574e-01,3.306542e-03,1.215820e-01,1.452637e-01,2000,0,2.665149e-02
2026-07-20T19:00:08.749,1784563208.749,102.803,1.325707e-01,3.304310e-03,1.193848e-01,1.433105e-01,2000,0,2.651414e-02
2026-07-20T19:00:08.849,1784563208.849,102.903,1.319313e-01,3.455534e-03,1.208496e-01,1.450195e-01,2000,0,2.638625e-02
2026-07-20T19:00:08.951,1784563208.951,103.003,1.315800e-01,3.601932e-03,1.203613e-01,1.430664e-01,2000,0,2.631599e-02
2026-07-20T19:00:09.049,1784563209.049,103.103,1.297880e-01,3.408588e-03,1.193848e-01,1.406250e-01,2000,0,2.595759e-02
2026-07-20T19:00:09.151,1784563209.151,103.203,1.295487e-01,3.409297e-03,1.152344e-01,1.457520e-01,2000,0,2.590974e-02
2026-07-20T19:00:09.249,1784563209.249,103.303,1.286538e-01,3.410522e-03,1.159668e-01,1.401367e-01,2000,0,2.573076e-02
2026-07-20T19:00:09.350,1784563209.351,103.403,1.284149e-01,3.428932e-03,1.169434e-01,1.406250e-01,2000,0,2.568298e-02
2026-07-20T19:00:09.450,1784563209.451,103.503,1.275193e-01,3.406634e-03,1.145020e-01,1.398926e-01,2000,0,2.550386e-02
2026-07-20T19:00:09.550,1784563209.551,103.603,1.267026e-01,3.265625e-03,1.154785e-01,1.367188e-01,2000,0,2.534053e-02
2026-07-20T19:00:09.651,1784563209.651,103.703,1.262750e-01,3.267273e-03,1.149902e-01,1.379395e-01,2000,0,2.525500e-02
2026-07-20T19:00:09.751,1784563209.751,103.803,1.256406e-01,3.453702e-03,1.142578e-01,1.364746e-01,2000,0,2.512813e-02
2026-07-20T19:00:09.850,1784563209.851,103.903,1.252946e-01,3.329767e-03,1.152344e-01,1.374512e-01,2000,0,2.505891e-02
2026-07-20T19:00:09.951,1784563209.951,104.003,1.247570e-01,3.312967e-03,1.123047e-01,1.337891e-01,2000,0,2.495139e-02
2026-07-20T19:00:10.048,1784563210.049,104.103,1.238650e-01,3.315937e-03,1.132812e-01,1.374512e-01,2000,0,2.477300e-02
2026-07-20T19:00:10.151,1784563210.151,104.203,1.234590e-01,3.176688e-03,1.132812e-01,1.359863e-01,2000,0,2.469180e-02
2026-07-20T19:00:10.251,1784563210.251,104.303,1.232300e-01,3.209966e-03,1.083984e-01,1.335449e-01,2000,0,2.464600e-02
2026-07-20T19:00:10.350,1784563210.351,104.403,1.227112e-01,3.095915e-03,1.125488e-01,1.320801e-01,2000,0,2.454224e-02
2026-07-20T19:00:10.450,1784563210.451,104.503,1.224749e-01,3.060947e-03,1.118164e-01,1.306152e-01,2000,0,2.449497e-02
2026-07-20T19:00:10.549,1784563210.549,104.603,1.216783e-01,2.979015e-03,1.123047e-01,1.303711e-01,2000,0,2.433567e-02
2026-07-20T19:00:10.649,1784563210.649,104.703,1.213270e-01,2.936318e-03,1.118164e-01,1.320801e-01,2000,0,2.426541e-02
2026-07-20T19:00:10.751,1784563210.751,104.803,1.210178e-01,2.893589e-03,1.096191e-01,1.291504e-01,2000,0,2.420356e-02
2026-07-20T19:00:10.851,1784563210.851,104.903,1.208567e-01,2.826861e-03,1.105957e-01,1.318359e-01,2000,0,2.417134e-02
2026-07-20T19:00:10.950,1784563210.951,105.003,1.201096e-01,2.773120e-03,1.103516e-01,1.318359e-01,2000,0,2.402192e-02
2026-07-20T19:00:11.048,1784563211.049,105.103,1.200457e-01,2.661627e-03,1.103516e-01,1.293945e-01,2000,0,2.400913e-02
2026-07-20T19:00:11.149,1784563211.149,105.203,1.200005e-01,2.651917e-03,1.127930e-01,1.345215e-01,2000,0,2.400010e-02
2026-07-20T19:00:11.248,1784563211.249,105.303,1.197095e-01,2.647909e-03,1.120605e-01,1.306152e-01,2000,0,2.394189e-02
2026-07-20T19:00:11.348,1784563211.349,105.403,1.187087e-01,2.587288e-03,1.071777e-01,1.284180e-01,2000,0,2.374175e-02
2026-07-20T19:00:11.451,1784563211.452,105.503,1.196067e-01,2.521498e-03,1.098633e-01,1.271973e-01,2000,0,2.392134e-02
2026-07-20T19:00:11.548,1784563211.549,105.603,1.191876e-01,2.512128e-03,1.115723e-01,1.264648e-01,2000,0,2.383752e-02
2026-07-20T19:00:11.649,1784563211.649,105.703,1.193138e-01,2.554277e-03,1.105957e-01,1.303711e-01,2000,0,2.386277e-02
2026-07-20T19:00:11.748,1784563211.749,105.803,1.194410e-01,2.593313e-03,1.110840e-01,1.303711e-01,2000,0,2.388821e-02
2026-07-20T19:00:11.848,1784563211.849,105.903,1.191205e-01,2.513945e-03,1.096191e-01,1.267090e-01,2000,0,2.382410e-02
2026-07-20T19:00:11.949,1784563211.949,106.003,1.188936e-01,2.546316e-03,1.101074e-01,1.274414e-01,2000,0,2.377871e-02
2026-07-20T19:00:12.048,1784563212.049,106.103,1.185134e-01,2.601573e-03,1.086426e-01,1.264648e-01,2000,0,2.370269e-02
2026-07-20T19:00:12.148,1784563212.149,106.203,1.186434e-01,2.571859e-03,1.091309e-01,1.320801e-01,2000,0,2.372869e-02
2026-07-20T19:00:12.248,1784563212.249,106.303,1.185959e-01,2.602379e-03,1.108398e-01,1.303711e-01,2000,0,2.371919e-02
2026-07-20T19:00:12.348,1784563212.349,106.403,1.185883e-01,2.740076e-03,1.079102e-01,1.328125e-01,2000,0,2.371765e-02
2026-07-20T19:00:12.448,1784563212.449,106.503,1.180603e-01,2.701727e-03,1.091309e-01,1.281738e-01,2000,0,2.361206e-02
2026-07-20T19:00:12.548,1784563212.549,106.603,1.176162e-01,2.727909e-03,1.081543e-01,1.293945e-01,2000,0,2.352324e-02
2026-07-20T19:00:12.649,1784563212.649,106.703,1.178875e-01,2.555131e-03,1.076660e-01,1.264648e-01,2000,0,2.357749e-02
2026-07-20T19:00:12.748,1784563212.749,106.803,1.174124e-01,2.726306e-03,1.062012e-01,1.262207e-01,2000,0,2.348247e-02
2026-07-20T19:00:12.851,1784563212.851,106.903,1.162720e-01,2.839309e-03,1.064453e-01,1.250000e-01,2000,0,2.325439e-02
2026-07-20T19:00:12.948,1784563212.949,107.003,1.164194e-01,2.728305e-03,1.086426e-01,1.252441e-01,2000,0,2.328389e-02
2026-07-20T19:00:13.049,1784563213.049,107.103,1.158102e-01,2.683137e-03,1.071777e-01,1.242676e-01,2000,0,2.316204e-02
2026-07-20T19:00:13.149,1784563213.149,107.203,1.160688e-01,2.807280e-03,1.081543e-01,1.286621e-01,2000,0,2.321377e-02
2026-07-20T19:00:13.249,1784563213.249,107.303,1.157258e-01,2.807509e-03,1.062012e-01,1.254883e-01,2000,0,2.314517e-02
2026-07-20T19:00:13.349,1784563213.349,107.403,1.151486e-01,2.849812e-03,1.032715e-01,1.245117e-01,2000,0,2.302971e-02
2026-07-20T19:00:13.449,1784563213.449,107.503,1.152380e-01,2.824073e-03,1.069336e-01,1.240234e-01,2000,0,2.304761e-02
2026-07-20T19:00:13.548,1784563213.549,107.603,1.148292e-01,2.884835e-03,1.054688e-01,1.318359e-01,2000,0,2.296584e-02
2026-07-20T19:00:13.649,1784563213.649,107.703,1.141198e-01,2.844974e-03,1.025391e-01,1.242676e-01,2000,0,2.282395e-02
2026-07-20T19:00:13.749,1784563213.749,107.803,1.138522e-01,2.827154e-03,1.037598e-01,1.235352e-01,2000,0,2.277043e-02
2026-07-20T19:00:13.849,1784563213.849,107.903,1.135544e-01,2.903589e-03,1.030273e-01,1.240234e-01,2000,0,2.271089e-02
2026-07-20T19:00:13.949,1784563213.949,108.003,1.130562e-01,2.963750e-03,9.985352e-02,1.237793e-01,2000,0,2.261123e-02
2026-07-20T19:00:14.048,1784563214.049,108.103,1.126606e-01,2.909817e-03,1.027832e-01,1.269531e-01,2000,0,2.253213e-02
2026-07-20T19:00:14.148,1784563214.149,108.203,1.127269e-01,2.893920e-03,1.020508e-01,1.240234e-01,2000,0,2.254539e-02
2026-07-20T19:00:14.249,1784563214.249,108.303,1.121167e-01,2.860544e-03,9.667969e-02,1.230469e-01,2000,0,2.242334e-02
2026-07-20T19:00:14.350,1784563214.351,108.403,1.118138e-01,2.798989e-03,1.005859e-01,1.218262e-01,2000,0,2.236277e-02
2026-07-20T19:00:14.450,1784563214.451,108.503,1.117019e-01,2.911043e-03,1.027832e-01,1.213379e-01,2000,0,2.234038e-02
2026-07-20T19:00:14.551,1784563214.551,108.603,1.110687e-01,2.833384e-03,1.010742e-01,1.208496e-01,2000,0,2.221375e-02
2026-07-20T19:00:14.649,1784563214.649,108.703,1.109226e-01,3.034532e-03,1.005859e-01,1.210938e-01,2000,0,2.218452e-02
2026-07-20T19:00:14.751,1784563214.751,108.803,1.108429e-01,2.983098e-03,9.790039e-02,1.215820e-01,2000,0,2.216858e-02
2026-07-20T19:00:14.851,1784563214.851,108.903,1.099988e-01,2.895954e-03,1.000977e-01,1.206055e-01,2000,0,2.199976e-02
2026-07-20T19:00:14.949,1784563214.949,109.003,1.097847e-01,3.004322e-03,9.765625e-02,1.210938e-01,2000,0,2.195693e-02
2026-07-20T19:00:15.051,1784563215.051,109.103,1.098730e-01,3.040903e-03,9.594727e-02,1.225586e-01,2000,0,2.197461e-02
2026-07-20T19:00:15.149,1784563215.149,109.203,1.088059e-01,3.039933e-03,1.000977e-01,1.201172e-01,2000,0,2.176118e-02
2026-07-20T19:00:15.249,1784563215.249,109.303,1.083317e-01,3.153137e-03,9.765625e-02,1.203613e-01,2000,0,2.166633e-02
2026-07-20T19:00:15.349,1784563215.349,109.403,1.077318e-01,3.156304e-03,9.375000e-02,1.193848e-01,2000,0,2.154636e-02
2026-07-20T19:00:15.448,1784563215.449,109.503,1.069061e-01,3.236782e-03,9.643555e-02,1.171875e-01,2000,0,2.138123e-02
2026-07-20T19:00:15.549,1784563215.549,109.603,1.067029e-01,3.186582e-03,9.497070e-02,1.191406e-01,2000,0,2.134058e-02
2026-07-20T19:00:15.648,1784563215.649,109.703,1.060828e-01,3.269286e-03,9.667969e-02,1.166992e-01,2000,0,2.121655e-02
2026-07-20T19:00:15.749,1784563215.749,109.803,1.056021e-01,3.239728e-03,9.277344e-02,1.157227e-01,2000,0,2.112041e-02
2026-07-20T19:00:15.848,1784563215.849,109.903,1.051763e-01,3.223228e-03,9.521484e-02,1.166992e-01,2000,0,2.103525e-02
2026-07-20T19:00:15.949,1784563215.949,110.003,1.047054e-01,3.308214e-03,9.326172e-02,1.147461e-01,2000,0,2.094109e-02
2026-07-20T19:00:16.048,1784563216.049,110.103,1.042439e-01,3.297460e-03,9.326172e-02,1.147461e-01,2000,0,2.084878e-02
2026-07-20T19:00:16.149,1784563216.149,110.203,1.038044e-01,3.241058e-03,9.228516e-02,1.135254e-01,2000,0,2.076089e-02
2026-07-20T19:00:16.248,1784563216.249,110.303,1.036144e-01,3.261593e-03,9.375000e-02,1.132812e-01,2000,0,2.072288e-02
2026-07-20T19:00:16.349,1784563216.349,110.403,1.031128e-01,3.067406e-03,9.301758e-02,1.169434e-01,2000,0,2.062256e-02
2026-07-20T19:00:16.449,1784563216.449,110.503,1.029896e-01,3.217868e-03,9.008789e-02,1.152344e-01,2000,0,2.059792e-02
2026-07-20T19:00:16.549,1784563216.549,110.603,1.019337e-01,3.138072e-03,9.057617e-02,1.118164e-01,2000,0,2.038674e-02
2026-07-20T19:00:16.648,1784563216.649,110.703,1.010970e-01,3.108398e-03,9.057617e-02,1.108398e-01,2000,0,2.021941e-02
2026-07-20T19:00:16.749,1784563216.749,110.803,1.010831e-01,3.171011e-03,9.033203e-02,1.120605e-01,2000,0,2.021663e-02
2026-07-20T19:00:16.848,1784563216.849,110.903,1.004568e-01,3.185517e-03,8.984375e-02,1.147461e-01,2000,0,2.009136e-02
2026-07-20T19:00:16.949,1784563216.949,111.003,9.996204e-02,3.090100e-03,8.886719e-02,1.103516e-01,2000,0,1.999241e-02
2026-07-20T19:00:17.048,1784563217.049,111.103,9.935095e-02,3.075572e-03,8.593750e-02,1.091309e-01,2000,0,1.987019e-02
2026-07-20T19:00:17.149,1784563217.149,111.203,9.906567e-02,3.157773e-03,8.862305e-02,1.103516e-01,2000,0,1.981313e-02
2026-07-20T19:00:17.248,1784563217.249,111.303,9.808130e-02,3.150397e-03,8.789062e-02,1.093750e-01,2000,0,1.961626e-02
2026-07-20T19:00:17.348,1784563217.349,111.403,9.783386e-02,3.014788e-03,8.740234e-02,1.079102e-01,2000,0,1.956677e-02
2026-07-20T19:00:17.451,1784563217.451,111.503,9.738721e-02,3.168035e-03,8.544922e-02,1.083984e-01,2000,0,1.947744e-02
2026-07-20T19:00:17.548,1784563217.549,111.603,9.657141e-02,3.220175e-03,8.056641e-02,1.098633e-01,2000,0,1.931428e-02
2026-07-20T19:00:17.650,1784563217.651,111.703,9.663660e-02,3.119773e-03,8.593750e-02,1.096191e-01,2000,0,1.932732e-02
2026-07-20T19:00:17.748,1784563217.749,111.803,9.595410e-02,3.251035e-03,8.471680e-02,1.079102e-01,2000,0,1.919082e-02
2026-07-20T19:00:17.851,1784563217.851,111.903,9.561084e-02,3.186761e-03,8.471680e-02,1.066895e-01,2000,0,1.912217e-02
2026-07-20T19:00:17.950,1784563217.951,112.003,9.508997e-02,3.213923e-03,8.447266e-02,1.052246e-01,2000,0,1.901799e-02
2026-07-20T19:00:18.050,1784563218.051,112.103,9.508899e-02,3.222830e-03,8.471680e-02,1.066895e-01,2000,0,1.901780e-02
2026-07-20T19:00:18.150,1784563218.151,112.203,9.469910e-02,3.158569e-03,8.398438e-02,1.064453e-01,2000,0,1.893982e-02
2026-07-20T19:00:18.250,1784563218.251,112.303,9.464795e-02,3.275948e-03,8.276367e-02,1.074219e-01,2000,0,1.892959e-02
2026-07-20T19:00:18.350,1784563218.351,112.403,9.465271e-02,3.146356e-03,8.300781e-02,1.047363e-01,2000,0,1.893054e-02
2026-07-20T19:00:18.450,1784563218.451,112.503,9.410474e-02,3.176126e-03,8.520508e-02,1.081543e-01,2000,0,1.882095e-02
2026-07-20T19:00:18.550,1784563218.551,112.603,9.441724e-02,3.243991e-03,8.374023e-02,1.052246e-01,2000,0,1.888345e-02
2026-07-20T19:00:18.650,1784563218.651,112.703,9.418445e-02,3.234378e-03,8.398438e-02,1.057129e-01,2000,0,1.883689e-02
2026-07-20T19:00:18.750,1784563218.751,112.803,9.423437e-02,3.264880e-03,8.251953e-02,1.052246e-01,2000,0,1.884687e-02
2026-07-20T19:00:18.850,1784563218.851,112.903,9.403601e-02,3.243131e-03,8.251953e-02,1.032715e-01,2000,0,1.880720e-02
2026-07-20T19:00:18.950,1784563218.951,113.003,9.377393e-02,3.155846e-03,8.374023e-02,1.035156e-01,2000,0,1.875479e-02
2026-07-20T19:00:19.051,1784563219.051,113.103,9.402087e-02,3.549107e-03,8.007812e-02,1.066895e-01,2000,0,1.880417e-02
2026-07-20T19:00:19.151,1784563219.151,113.203,9.376233e-02,3.430006e-03,8.349609e-02,1.049805e-01,2000,0,1.875247e-02
2026-07-20T19:00:19.250,1784563219.251,113.303,9.282739e-02,3.443163e-03,8.056641e-02,1.040039e-01,2000,0,1.856548e-02
2026-07-20T19:00:19.349,1784563219.349,113.403,9.327588e-02,3.745205e-03,7.983398e-02,1.069336e-01,2000,0,1.865518e-02
2026-07-20T19:00:19.450,1784563219.451,113.503,9.352698e-02,3.446761e-03,8.251953e-02,1.059570e-01,2000,0,1.870540e-02
2026-07-20T19:00:19.550,1784563219.551,113.603,9.277625e-02,3.471139e-03,8.081055e-02,1.032715e-01,2000,0,1.855525e-02
2026-07-20T19:00:19.651,1784563219.651,113.703,9.274072e-02,3.761399e-03,8.056641e-02,1.044922e-01,2000,0,1.854814e-02
2026-07-20T19:00:19.750,1784563219.751,113.803,9.276831e-02,3.747591e-03,7.739258e-02,1.054688e-01,2000,0,1.855366e-02
2026-07-20T19:00:19.851,1784563219.851,113.903,9.203003e-02,3.813934e-03,7.885742e-02,1.032715e-01,2000,0,1.840601e-02
2026-07-20T19:00:19.948,1784563219.949,114.003,9.163306e-02,3.836286e-03,7.592773e-02,1.020508e-01,2000,0,1.832661e-02
2026-07-20T19:00:20.051,1784563220.052,114.103,9.145557e-02,3.969869e-03,7.910156e-02,1.054688e-01,2000,0,1.829111e-02
2026-07-20T19:00:20.148,1784563220.149,114.203,9.095691e-02,4.002972e-03,7.836914e-02,1.042480e-01,2000,0,1.819138e-02
2026-07-20T19:00:20.248,1784563220.249,114.303,9.044653e-02,3.851855e-03,7.788086e-02,1.064453e-01,2000,0,1.808931e-02
2026-07-20T19:00:20.348,1784563220.349,114.403,9.029541e-02,3.934101e-03,7.861328e-02,1.020508e-01,2000,0,1.805908e-02
2026-07-20T19:00:20.448,1784563220.449,114.503,8.941687e-02,3.908807e-03,7.641602e-02,1.027832e-01,2000,0,1.788337e-02
2026-07-20T19:00:20.549,1784563220.549,114.603,8.948279e-02,3.958901e-03,7.617188e-02,1.013184e-01,2000,0,1.789656e-02
2026-07-20T19:00:20.649,1784563220.649,114.703,8.912402e-02,3.950715e-03,7.446289e-02,1.052246e-01,2000,0,1.782480e-02
2026-07-20T19:00:20.751,1784563220.752,114.803,8.889307e-02,3.860965e-03,7.495117e-02,1.005859e-01,2000,0,1.777861e-02
2026-07-20T19:00:20.848,1784563220.849,114.903,8.836621e-02,3.834767e-03,7.519531e-02,9.960938e-02,2000,0,1.767324e-02
2026-07-20T19:00:20.949,1784563220.949,115.003,8.830798e-02,3.886318e-03,7.617188e-02,1.015625e-01,2000,0,1.766160e-02
2026-07-20T19:00:21.051,1784563221.051,115.103,8.849243e-02,3.872703e-03,7.714844e-02,1.015625e-01,2000,0,1.769849e-02
2026-07-20T19:00:21.150,1784563221.150,115.203,8.742883e-02,3.900812e-03,7.470703e-02,1.020508e-01,2000,0,1.748577e-02
2026-07-20T19:00:21.249,1784563221.249,115.303,8.767468e-02,3.883549e-03,7.324219e-02,1.010742e-01,2000,0,1.753494e-02
2026-07-20T19:00:21.348,1784563221.349,115.403,8.729126e-02,3.863235e-03,7.543945e-02,9.985352e-02,2000,0,1.745825e-02
2026-07-20T19:00:21.449,1784563221.449,115.503,8.725647e-02,3.979091e-03,7.275391e-02,1.013184e-01,2000,0,1.745129e-02
2026-07-20T19:00:21.551,1784563221.551,115.603,8.727795e-02,3.857073e-03,7.348633e-02,9.936523e-02,2000,0,1.745559e-02
2026-07-20T19:00:21.649,1784563221.649,115.703,8.740002e-02,3.898318e-03,7.666016e-02,9.936523e-02,2000,0,1.748000e-02
2026-07-20T19:00:21.748,1784563221.749,115.803,8.696301e-02,3.899227e-03,7.592773e-02,1.000977e-01,2000,0,1.739260e-02
2026-07-20T19:00:21.849,1784563221.849,115.903,8.725977e-02,3.937058e-03,7.421875e-02,1.005859e-01,2000,0,1.745195e-02
2026-07-20T19:00:21.948,1784563221.949,116.003,8.743286e-02,4.143214e-03,7.250977e-02,1.015625e-01,2000,0,1.748657e-02
2026-07-20T19:00:22.049,1784563222.049,116.103,8.761389e-02,3.948643e-03,7.446289e-02,1.035156e-01,2000,0,1.752278e-02
2026-07-20T19:00:22.151,1784563222.151,116.203,8.695496e-02,4.117520e-03,7.470703e-02,1.035156e-01,2000,0,1.739099e-02
2026-07-20T19:00:22.251,1784563222.252,116.303,8.722339e-02,3.821255e-03,7.543945e-02,1.005859e-01,2000,0,1.744468e-02
2026-07-20T19:00:22.349,1784563222.349,116.403,8.706006e-02,3.888214e-03,7.690430e-02,9.960938e-02,2000,0,1.741201e-02
2026-07-20T19:00:22.449,1784563222.449,116.503,8.731140e-02,3.746200e-03,7.470703e-02,1.003418e-01,2000,0,1.746228e-02
2026-07-20T19:00:22.548,1784563222.549,116.603,8.710242e-02,3.777214e-03,7.592773e-02,9.960938e-02,2000,0,1.742048e-02
2026-07-20T19:00:22.648,1784563222.649,116.703,8.652466e-02,3.828464e-03,7.055664e-02,1.003418e-01,2000,0,1.730493e-02
2026-07-20T19:00:22.749,1784563222.749,116.803,8.734656e-02,3.604596e-03,7.714844e-02,9.912109e-02,2000,0,1.746931e-02
2026-07-20T19:00:22.848,1784563222.849,116.903,8.642969e-02,3.714058e-03,7.543945e-02,1.000977e-01,2000,0,1.728594e-02
2026-07-20T19:00:22.949,1784563222.949,117.003,8.592163e-02,3.662580e-03,7.348633e-02,9.716797e-02,2000,0,1.718433e-02
2026-07-20T19:00:23.049,1784563223.049,117.103,8.628284e-02,3.463087e-03,7.446289e-02,9.887695e-02,2000,0,1.725657e-02
2026-07-20T19:00:23.150,1784563223.151,117.203,8.473328e-02,3.459361e-03,7.324219e-02,9.619141e-02,2000,0,1.694666e-02
2026-07-20T19:00:23.249,1784563223.249,117.303,8.549243e-02,3.433399e-03,7.153320e-02,9.643555e-02,2000,0,1.709849e-02
2026-07-20T19:00:23.349,1784563223.349,117.403,8.495776e-02,3.376844e-03,7.470703e-02,9.912109e-02,2000,0,1.699155e-02
2026-07-20T19:00:23.448,1784563223.449,117.503,8.394080e-02,3.308179e-03,7.373047e-02,9.375000e-02,2000,0,1.678816e-02
2026-07-20T19:00:23.548,1784563223.549,117.603,8.456580e-02,3.424328e-03,7.397461e-02,9.643555e-02,2000,0,1.691316e-02
2026-07-20T19:00:23.649,1784563223.649,117.703,8.438696e-02,3.243129e-03,7.324219e-02,9.472656e-02,2000,0,1.687739e-02
2026-07-20T19:00:23.748,1784563223.749,117.803,8.331653e-02,3.516282e-03,7.275391e-02,9.472656e-02,2000,0,1.666331e-02
2026-07-20T19:00:23.849,1784563223.849,117.903,8.297253e-02,3.197279e-03,7.128906e-02,9.228516e-02,2000,0,1.659451e-02
2026-07-20T19:00:23.949,1784563223.949,118.003,8.322888e-02,3.392260e-03,7.226562e-02,9.545898e-02,2000,0,1.664578e-02
2026-07-20T19:00:24.048,1784563224.049,118.103,8.311023e-02,3.303156e-03,7.299805e-02,9.350586e-02,2000,0,1.662205e-02
2026-07-20T19:00:24.148,1784563224.149,118.203,8.184094e-02,3.226038e-03,7.177734e-02,9.179688e-02,2000,0,1.636819e-02
2026-07-20T19:00:24.249,1784563224.249,118.303,8.285852e-02,3.235610e-03,7.324219e-02,9.643555e-02,2000,0,1.657170e-02
2026-07-20T19:00:24.349,1784563224.349,118.403,8.258545e-02,3.307769e-03,7.006836e-02,9.326172e-02,2000,0,1.651709e-02
2026-07-20T19:00:24.449,1784563224.449,118.503,8.244312e-02,3.194811e-03,7.104492e-02,9.228516e-02,2000,0,1.648862e-02
2026-07-20T19:00:24.548,1784563224.549,118.603,8.238611e-02,3.271784e-03,7.128906e-02,9.252930e-02,2000,0,1.647722e-02
2026-07-20T19:00:24.649,1784563224.649,118.703,8.216577e-02,3.274475e-03,6.982422e-02,9.350586e-02,2000,0,1.643315e-02
2026-07-20T19:00:24.749,1784563224.749,118.803,8.218152e-02,3.410249e-03,7.031250e-02,9.375000e-02,2000,0,1.643630e-02
2026-07-20T19:00:24.849,1784563224.849,118.903,8.229773e-02,3.238948e-03,6.762695e-02,9.179688e-02,2000,0,1.645955e-02
2026-07-20T19:00:24.949,1784563224.949,119.003,8.199292e-02,3.354996e-03,7.275391e-02,9.448242e-02,2000,0,1.639858e-02
2026-07-20T19:00:25.049,1784563225.049,119.103,8.175781e-02,3.415348e-03,7.128906e-02,9.375000e-02,2000,0,1.635156e-02
2026-07-20T19:00:25.148,1784563225.149,119.203,8.190833e-02,3.400021e-03,6.982422e-02,9.399414e-02,2000,0,1.638167e-02
2026-07-20T19:00:25.248,1784563225.249,119.303,8.157678e-02,3.456253e-03,7.031250e-02,9.423828e-02,2000,0,1.631536e-02
2026-07-20T19:00:25.349,1784563225.349,119.403,8.130566e-02,3.372034e-03,7.031250e-02,9.277344e-02,2000,0,1.626113e-02
2026-07-20T19:00:25.448,1784563225.449,119.503,8.080969e-02,3.444758e-03,6.762695e-02,9.350586e-02,2000,0,1.616194e-02
2026-07-20T19:00:25.549,1784563225.549,119.603,7.989429e-02,3.569082e-03,6.909180e-02,9.277344e-02,2000,0,1.597886e-02
2026-07-20T19:00:25.651,1784563225.651,119.703,7.928479e-02,3.676236e-03,6.713867e-02,9.521484e-02,2000,0,1.585696e-02
2026-07-20T19:00:25.748,1784563225.749,119.803,7.914526e-02,3.438458e-03,6.762695e-02,9.228516e-02,2000,0,1.582905e-02
2026-07-20T19:00:25.850,1784563225.851,119.903,7.813672e-02,3.398887e-03,6.396484e-02,9.082031e-02,2000,0,1.562734e-02
2026-07-20T19:00:25.948,1784563225.949,120.003,7.764001e-02,3.609777e-03,6.323242e-02,9.033203e-02,2000,0,1.552800e-02
2026-07-20T19:00:26.048,1784563226.049,120.103,7.752832e-02,3.479016e-03,6.542969e-02,8.984375e-02,2000,0,1.550566e-02
2026-07-20T19:00:26.148,1784563226.149,120.203,7.701611e-02,3.502914e-03,5.444336e-02,9.130859e-02,2000,0,1.540322e-02
2026-07-20T19:00:26.249,1784563226.249,120.303,7.651807e-02,3.563661e-03,6.542969e-02,9.179688e-02,2000,0,1.530361e-02
2026-07-20T19:00:26.351,1784563226.352,120.403,7.600928e-02,3.494576e-03,6.445312e-02,9.082031e-02,2000,0,1.520186e-02
2026-07-20T19:00:26.448,1784563226.449,120.503,7.531921e-02,3.496678e-03,6.420898e-02,8.569336e-02,2000,0,1.506384e-02
2026-07-20T19:00:26.549,1784563226.549,120.603,7.474817e-02,3.502266e-03,6.274414e-02,8.886719e-02,2000,0,1.494963e-02
2026-07-20T19:00:26.648,1784563226.649,120.703,7.442920e-02,3.471727e-03,6.079102e-02,8.715820e-02,2000,0,1.488584e-02
2026-07-20T19:00:26.749,1784563226.749,120.803,7.334961e-02,3.381003e-03,6.201172e-02,8.398438e-02,2000,0,1.466992e-02
2026-07-20T19:00:26.849,1784563226.849,120.903,7.295825e-02,3.476450e-03,6.298828e-02,9.155273e-02,2000,0,1.459165e-02
2026-07-20T19:00:26.951,1784563226.952,121.003,7.229114e-02,3.388172e-03,6.176758e-02,8.544922e-02,2000,0,1.445823e-02
2026-07-20T19:00:27.049,1784563227.049,121.103,7.162292e-02,3.181701e-03,5.786133e-02,8.203125e-02,2000,0,1.432458e-02
2026-07-20T19:00:27.149,1784563227.149,121.203,7.107336e-02,3.180825e-03,6.201172e-02,8.105469e-02,2000,0,1.421467e-02
2026-07-20T19:00:27.248,1784563227.249,121.303,7.033826e-02,3.265068e-03,6.054688e-02,8.105469e-02,2000,0,1.406765e-02
2026-07-20T19:00:27.348,1784563227.349,121.403,6.965942e-02,3.171652e-03,5.810547e-02,8.349609e-02,2000,0,1.393188e-02
2026-07-20T19:00:27.451,1784563227.451,121.503,6.894067e-02,3.154679e-03,5.810547e-02,8.032227e-02,2000,0,1.378813e-02
2026-07-20T19:00:27.549,1784563227.549,121.603,6.892004e-02,3.114450e-03,5.908203e-02,8.032227e-02,2000,0,1.378401e-02
2026-07-20T19:00:27.649,1784563227.649,121.703,6.857385e-02,3.241685e-03,5.932617e-02,7.861328e-02,2000,0,1.371477e-02
2026-07-20T19:00:27.749,1784563227.749,121.803,6.767297e-02,3.115907e-03,5.590820e-02,7.861328e-02,2000,0,1.353459e-02
2026-07-20T19:00:27.849,1784563227.850,121.903,6.747290e-02,2.883949e-03,5.761719e-02,7.714844e-02,2000,0,1.349458e-02
2026-07-20T19:00:27.950,1784563227.951,122.003,6.621240e-02,2.908621e-03,5.517578e-02,7.495117e-02,2000,0,1.324248e-02
2026-07-20T19:00:28.048,1784563228.049,122.103,6.595313e-02,3.093545e-03,5.078125e-02,7.666016e-02,2000,0,1.319063e-02
2026-07-20T19:00:28.148,1784563228.149,122.203,6.621301e-02,3.167399e-03,5.517578e-02,8.740234e-02,2000,0,1.324260e-02
2026-07-20T19:00:28.249,1784563228.249,122.303,6.585266e-02,2.934484e-03,5.566406e-02,7.470703e-02,2000,0,1.317053e-02
2026-07-20T19:00:28.348,1784563228.349,122.403,6.526086e-02,3.201300e-03,5.322266e-02,8.007812e-02,2000,0,1.305217e-02
2026-07-20T19:00:28.449,1784563228.449,122.503,6.576868e-02,2.983280e-03,5.493164e-02,7.519531e-02,2000,0,1.315374e-02
2026-07-20T19:00:28.549,1784563228.549,122.603,6.514001e-02,3.045773e-03,5.346680e-02,7.470703e-02,2000,0,1.302800e-02
2026-07-20T19:00:28.649,1784563228.649,122.703,6.543042e-02,2.959111e-03,5.493164e-02,7.568359e-02,2000,0,1.308608e-02
2026-07-20T19:00:28.749,1784563228.750,122.803,6.515930e-02,3.032035e-03,5.493164e-02,7.641602e-02,2000,0,1.303186e-02
2026-07-20T19:00:28.851,1784563228.851,122.903,6.483459e-02,2.901384e-03,5.249023e-02,7.446289e-02,2000,0,1.296692e-02
2026-07-20T19:00:28.949,1784563228.949,123.003,6.444788e-02,3.006134e-03,5.078125e-02,7.397461e-02,2000,0,1.288958e-02
2026-07-20T19:00:29.051,1784563229.052,123.103,6.462976e-02,3.049179e-03,5.200195e-02,7.373047e-02,2000,0,1.292595e-02
2026-07-20T19:00:29.149,1784563229.149,123.203,6.388770e-02,3.006452e-03,5.419922e-02,7.543945e-02,2000,0,1.277754e-02
2026-07-20T19:00:29.248,1784563229.249,123.303,6.378040e-02,2.937761e-03,5.126953e-02,8.251953e-02,2000,0,1.275608e-02
2026-07-20T19:00:29.349,1784563229.349,123.403,6.369519e-02,3.098476e-03,5.249023e-02,7.324219e-02,2000,0,1.273904e-02
2026-07-20T19:00:29.449,1784563229.449,123.503,6.356323e-02,3.075862e-03,5.395508e-02,7.421875e-02,2000,0,1.271265e-02
2026-07-20T19:00:29.550,1784563229.551,123.603,6.364636e-02,3.039544e-03,5.395508e-02,7.641602e-02,2000,0,1.272927e-02
2026-07-20T19:00:29.651,1784563229.651,123.703,6.329834e-02,3.019854e-03,5.053711e-02,7.421875e-02,2000,0,1.265967e-02
2026-07-20T19:00:29.751,1784563229.752,123.803,6.304565e-02,3.030500e-03,5.249023e-02,7.397461e-02,2000,0,1.260913e-02
2026-07-20T19:00:29.849,1784563229.849,123.903,6.293298e-02,2.963813e-03,5.126953e-02,7.373047e-02,2000,0,1.258660e-02
2026-07-20T19:00:29.949,1784563229.949,124.003,6.282947e-02,2.800521e-03,4.931641e-02,7.226562e-02,2000,0,1.256589e-02
2026-07-20T19:00:30.049,1784563230.049,124.103,6.234473e-02,2.868206e-03,5.297852e-02,7.617188e-02,2000,0,1.246895e-02
2026-07-20T19:00:30.149,1784563230.149,124.203,6.174390e-02,2.729560e-03,5.175781e-02,7.348633e-02,2000,0,1.234878e-02
2026-07-20T19:00:30.249,1784563230.249,124.303,6.154065e-02,2.691074e-03,4.736328e-02,6.933594e-02,2000,0,1.230813e-02
2026-07-20T19:00:30.349,1784563230.349,124.403,6.124976e-02,2.673673e-03,5.224609e-02,7.324219e-02,2000,0,1.224995e-02
2026-07-20T19:00:30.449,1784563230.449,124.503,6.091614e-02,2.539319e-03,5.249023e-02,7.177734e-02,2000,0,1.218323e-02
2026-07-20T19:00:30.551,1784563230.551,124.603,6.064673e-02,2.559063e-03,5.297852e-02,6.811523e-02,2000,0,1.212935e-02
2026-07-20T19:00:30.649,1784563230.649,124.703,5.997327e-02,2.477376e-03,5.151367e-02,6.762695e-02,2000,0,1.199465e-02
2026-07-20T19:00:30.749,1784563230.749,124.803,5.948889e-02,2.576965e-03,5.102539e-02,6.689453e-02,2000,0,1.189778e-02
2026-07-20T19:00:30.849,1784563230.849,124.903,5.897266e-02,2.529364e-03,4.833984e-02,6.835938e-02,2000,0,1.179453e-02
2026-07-20T19:00:30.949,1784563230.949,125.003,5.811340e-02,2.445802e-03,4.980469e-02,6.884766e-02,2000,0,1.162268e-02
2026-07-20T19:00:31.049,1784563231.049,125.103,5.776147e-02,2.501991e-03,5.004883e-02,6.567383e-02,2000,0,1.155229e-02
2026-07-20T19:00:31.151,1784563231.151,125.203,5.722192e-02,2.570406e-03,4.907227e-02,6.762695e-02,2000,0,1.144438e-02
2026-07-20T19:00:31.251,1784563231.252,125.303,5.659216e-02,2.472134e-03,4.980469e-02,6.445312e-02,2000,0,1.131843e-02
2026-07-20T19:00:31.349,1784563231.349,125.403,5.534253e-02,2.518349e-03,4.711914e-02,6.372070e-02,2000,0,1.106851e-02
2026-07-20T19:00:31.450,1784563231.451,125.503,5.510718e-02,2.547839e-03,4.711914e-02,6.445312e-02,2000,0,1.102144e-02
2026-07-20T19:00:31.551,1784563231.552,125.603,5.455298e-02,2.576006e-03,4.565430e-02,6.420898e-02,2000,0,1.091060e-02
2026-07-20T19:00:31.649,1784563231.649,125.703,5.333337e-02,2.639925e-03,4.492188e-02,6.420898e-02,2000,0,1.066667e-02
2026-07-20T19:00:31.748,1784563231.749,125.803,5.305042e-02,2.618717e-03,4.467773e-02,6.176758e-02,2000,0,1.061008e-02
2026-07-20T19:00:31.849,1784563231.849,125.903,5.267444e-02,2.644092e-03,4.321289e-02,6.152344e-02,2000,0,1.053489e-02
2026-07-20T19:00:31.950,1784563231.951,126.003,5.043164e-02,2.782511e-03,3.955078e-02,6.152344e-02,2000,0,1.008633e-02
2026-07-20T19:00:32.051,1784563232.052,126.103,5.127454e-02,2.790390e-03,3.930664e-02,6.079102e-02,2000,0,1.025491e-02
2026-07-20T19:00:32.149,1784563232.149,126.203,5.080652e-02,2.798578e-03,3.784180e-02,6.030273e-02,2000,0,1.016130e-02
2026-07-20T19:00:32.249,1784563232.249,126.303,5.000244e-02,2.656861e-03,4.077148e-02,5.908203e-02,2000,0,1.000049e-02
2026-07-20T19:00:32.349,1784563232.349,126.403,4.973999e-02,2.739338e-03,4.101562e-02,5.908203e-02,2000,0,9.947998e-03
2026-07-20T19:00:32.448,1784563232.449,126.503,4.906494e-02,2.979567e-03,3.710938e-02,6.030273e-02,2000,0,9.812988e-03
2026-07-20T19:00:32.548,1784563232.549,126.603,4.826221e-02,2.987885e-03,3.735352e-02,6.298828e-02,2000,0,9.652441e-03
2026-07-20T19:00:32.648,1784563232.649,126.703,4.806140e-02,2.915378e-03,3.808594e-02,6.127930e-02,2000,0,9.612280e-03
2026-07-20T19:00:32.748,1784563232.749,126.803,4.776953e-02,2.815939e-03,3.857422e-02,5.761719e-02,2000,0,9.553906e-03
2026-07-20T19:00:32.848,1784563232.849,126.903,4.738757e-02,3.024779e-03,3.613281e-02,5.688477e-02,2000,0,9.477515e-03
2026-07-20T19:00:32.950,1784563232.951,127.003,4.730310e-02,3.021813e-03,3.613281e-02,5.908203e-02,2000,0,9.460620e-03
2026-07-20T19:00:33.048,1784563233.049,127.103,4.659766e-02,3.006704e-03,3.686523e-02,5.712891e-02,2000,0,9.319531e-03
2026-07-20T19:00:33.148,1784563233.149,127.203,4.617041e-02,3.000030e-03,3.442383e-02,5.541992e-02,2000,0,9.234082e-03
2026-07-20T19:00:33.248,1784563233.249,127.303,4.597229e-02,2.968222e-03,3.198242e-02,5.566406e-02,2000,0,9.194458e-03
2026-07-20T19:00:33.348,1784563233.349,127.403,4.611462e-02,2.913401e-03,3.466797e-02,5.419922e-02,2000,0,9.222925e-03
2026-07-20T19:00:33.448,1784563233.449,127.503,4.523438e-02,3.092594e-03,3.369141e-02,5.493164e-02,2000,0,9.046875e-03
2026-07-20T19:00:33.548,1784563233.549,127.603,4.493811e-02,2.944958e-03,3.295898e-02,5.517578e-02,2000,0,8.987622e-03
2026-07-20T19:00:33.651,1784563233.652,127.703,4.522437e-02,3.095082e-03,3.491211e-02,5.590820e-02,2000,0,9.044873e-03
2026-07-20T19:00:33.749,1784563233.749,127.803,4.482861e-02,3.219270e-03,3.295898e-02,5.688477e-02,2000,0,8.965723e-03
2026-07-20T19:00:33.848,1784563233.849,127.903,4.472083e-02,2.987271e-03,3.613281e-02,5.493164e-02,2000,0,8.944165e-03
2026-07-20T19:00:33.950,1784563233.951,128.003,4.349780e-02,2.991576e-03,3.295898e-02,5.297852e-02,2000,0,8.699561e-03
2026-07-20T19:00:34.048,1784563234.049,128.103,4.378638e-02,3.146216e-03,3.442383e-02,5.493164e-02,2000,0,8.757275e-03
2026-07-20T19:00:34.148,1784563234.149,128.203,4.358264e-02,3.031247e-03,3.393555e-02,5.273438e-02,2000,0,8.716528e-03
2026-07-20T19:00:34.248,1784563234.249,128.303,4.309839e-02,3.274226e-03,3.100586e-02,5.615234e-02,2000,0,8.619678e-03
2026-07-20T19:00:34.348,1784563234.349,128.403,4.271729e-02,3.117219e-03,3.051758e-02,5.175781e-02,2000,0,8.543457e-03
2026-07-20T19:00:34.448,1784563234.449,128.503,4.268323e-02,3.277707e-03,3.125000e-02,5.444336e-02,2000,0,8.536646e-03
2026-07-20T19:00:34.548,1784563234.549,128.603,4.253418e-02,3.123231e-03,3.198242e-02,5.371094e-02,2000,0,8.506836e-03
2026-07-20T19:00:34.651,1784563234.652,128.703,4.241309e-02,3.751718e-03,3.002930e-02,5.395508e-02,2000,0,8.482617e-03
2026-07-20T19:00:34.751,1784563234.751,128.803,4.214648e-02,3.655720e-03,3.076172e-02,5.322266e-02,2000,0,8.429297e-03
2026-07-20T19:00:34.849,1784563234.849,128.903,4.200073e-02,3.706934e-03,3.125000e-02,5.493164e-02,2000,0,8.400146e-03
2026-07-20T19:00:34.951,1784563234.951,129.003,4.158948e-02,3.723754e-03,2.954102e-02,5.371094e-02,2000,0,8.317896e-03
2026-07-20T19:00:35.048,1784563235.049,129.103,4.161890e-02,3.836102e-03,2.758789e-02,5.419922e-02,2000,0,8.323779e-03
2026-07-20T19:00:35.151,1784563235.152,129.203,4.135217e-02,3.925112e-03,3.002930e-02,5.541992e-02,2000,0,8.270435e-03
2026-07-20T19:00:35.248,1784563235.249,129.303,4.110779e-02,3.955847e-03,2.685547e-02,5.395508e-02,2000,0,8.221558e-03
2026-07-20T19:00:35.348,1784563235.349,129.403,4.124927e-02,4.015309e-03,2.954102e-02,5.395508e-02,2000,0,8.249854e-03
2026-07-20T19:00:35.448,1784563235.449,129.503,4.116675e-02,3.893724e-03,2.856445e-02,5.444336e-02,2000,0,8.233350e-03
2026-07-20T19:00:35.548,1784563235.549,129.603,4.006177e-02,3.973597e-03,2.612305e-02,5.224609e-02,2000,0,8.012354e-03
2026-07-20T19:00:35.648,1784563235.649,129.703,4.037317e-02,4.075231e-03,2.709961e-02,5.688477e-02,2000,0,8.074634e-03
2026-07-20T19:00:35.749,1784563235.749,129.803,4.089062e-02,3.725508e-03,2.441406e-02,5.932617e-02,2000,0,8.178125e-03
2026-07-20T19:00:35.848,1784563235.849,129.903,3.967554e-02,4.085618e-03,2.343750e-02,5.078125e-02,2000,0,7.935107e-03
2026-07-20T19:00:35.948,1784563235.949,130.003,4.000830e-02,4.022050e-03,2.636719e-02,5.273438e-02,2000,0,8.001660e-03
2026-07-20T19:00:36.048,1784563236.049,130.103,3.954614e-02,3.817681e-03,2.539062e-02,5.053711e-02,2000,0,7.909229e-03
2026-07-20T19:00:36.148,1784563236.149,130.203,3.912646e-02,3.843842e-03,2.539062e-02,5.126953e-02,2000,0,7.825293e-03
2026-07-20T19:00:36.248,1784563236.249,130.303,3.899622e-02,3.789050e-03,2.661133e-02,5.078125e-02,2000,0,7.799243e-03
2026-07-20T19:00:36.349,1784563236.349,130.403,3.880835e-02,3.574775e-03,2.343750e-02,4.980469e-02,2000,0,7.761670e-03
2026-07-20T19:00:36.448,1784563236.449,130.503,3.775427e-02,3.603213e-03,2.587891e-02,4.980469e-02,2000,0,7.550854e-03
2026-07-20T19:00:36.548,1784563236.549,130.603,3.757141e-02,3.586283e-03,2.441406e-02,4.882812e-02,2000,0,7.514282e-03
2026-07-20T19:00:36.648,1784563236.649,130.703,3.774097e-02,3.691318e-03,2.368164e-02,4.833984e-02,2000,0,7.548193e-03
2026-07-20T19:00:36.748,1784563236.749,130.803,3.696997e-02,3.453386e-03,2.490234e-02,4.833984e-02,2000,0,7.393994e-03
2026-07-20T19:00:36.848,1784563236.849,130.903,3.658240e-02,3.498803e-03,2.197266e-02,4.711914e-02,2000,0,7.316479e-03
2026-07-20T19:00:36.951,1784563236.951,131.003,3.612085e-02,3.556649e-03,2.465820e-02,5.126953e-02,2000,0,7.224170e-03
2026-07-20T19:00:37.048,1784563237.049,131.103,3.552478e-02,3.519132e-03,2.026367e-02,4.785156e-02,2000,0,7.104956e-03
2026-07-20T19:00:37.148,1784563237.149,131.203,3.537476e-02,3.493472e-03,2.124023e-02,4.589844e-02,2000,0,7.074951e-03
2026-07-20T19:00:37.248,1784563237.249,131.303,3.417822e-02,3.437462e-03,2.124023e-02,4.833984e-02,2000,0,6.835645e-03
2026-07-20T19:00:37.348,1784563237.349,131.403,3.399731e-02,3.328408e-03,2.221680e-02,4.589844e-02,2000,0,6.799463e-03
2026-07-20T19:00:37.448,1784563237.449,131.503,3.382605e-02,3.209454e-03,2.246094e-02,4.589844e-02,2000,0,6.765210e-03
2026-07-20T19:00:37.548,1784563237.549,131.603,3.289124e-02,3.244256e-03,2.221680e-02,4.418945e-02,2000,0,6.578247e-03
2026-07-20T19:00:37.648,1784563237.649,131.703,3.181946e-02,3.161154e-03,2.001953e-02,4.150391e-02,2000,0,6.363892e-03
2026-07-20T19:00:37.748,1784563237.749,131.803,3.100781e-02,3.147170e-03,2.001953e-02,4.077148e-02,2000,0,6.201563e-03
2026-07-20T19:00:37.848,1784563237.849,131.903,3.060449e-02,3.023554e-03,2.026367e-02,4.125977e-02,2000,0,6.120898e-03
2026-07-20T19:00:37.948,1784563237.949,132.003,3.013586e-02,3.073816e-03,1.977539e-02,3.979492e-02,2000,0,6.027173e-03
2026-07-20T19:00:38.048,1784563238.049,132.103,3.031458e-02,3.154559e-03,1.977539e-02,4.052734e-02,2000,0,6.062915e-03
2026-07-20T19:00:38.148,1784563238.149,132.203,2.982458e-02,3.099590e-03,1.879883e-02,3.955078e-02,2000,0,5.964917e-03
2026-07-20T19:00:38.248,1784563238.249,132.303,2.914404e-02,3.038851e-03,1.977539e-02,4.223633e-02,2000,0,5.828809e-03
2026-07-20T19:00:38.348,1784563238.349,132.403,2.843445e-02,3.115812e-03,1.806641e-02,4.174805e-02,2000,0,5.686890e-03
2026-07-20T19:00:38.448,1784563238.449,132.503,2.835327e-02,3.223006e-03,1.757812e-02,4.077148e-02,2000,0,5.670654e-03
2026-07-20T19:00:38.548,1784563238.549,132.603,2.768750e-02,3.186223e-03,1.635742e-02,3.857422e-02,2000,0,5.537500e-03
2026-07-20T19:00:38.648,1784563238.649,132.703,2.778076e-02,3.266980e-03,1.586914e-02,4.003906e-02,2000,0,5.556152e-03
2026-07-20T19:00:38.748,1784563238.749,132.803,2.681030e-02,3.366803e-03,1.489258e-02,3.662109e-02,2000,0,5.362061e-03
2026-07-20T19:00:38.848,1784563238.849,132.903,2.643506e-02,3.521162e-03,1.318359e-02,3.833008e-02,2000,0,5.287012e-03
2026-07-20T19:00:38.948,1784563238.949,133.003,2.643335e-02,3.542981e-03,1.489258e-02,3.881836e-02,2000,0,5.286670e-03
2026-07-20T19:00:39.048,1784563239.049,133.103,2.568542e-02,3.391002e-03,9.277344e-03,3.637695e-02,2000,0,5.137085e-03
2026-07-20T19:00:39.148,1784563239.149,133.203,2.534106e-02,3.610879e-03,1.123047e-02,3.686523e-02,2000,0,5.068213e-03
2026-07-20T19:00:39.248,1784563239.249,133.303,2.483484e-02,3.660164e-03,1.171875e-02,3.442383e-02,2000,0,4.966968e-03
2026-07-20T19:00:39.348,1784563239.349,133.403,2.484192e-02,3.560892e-03,1.245117e-02,3.466797e-02,2000,0,4.968384e-03
2026-07-20T19:00:39.448,1784563239.449,133.503,2.451050e-02,3.621297e-03,1.025391e-02,3.930664e-02,2000,0,4.902100e-03
2026-07-20T19:00:39.550,1784563239.551,133.603,2.438354e-02,3.654398e-03,1.220703e-02,3.466797e-02,2000,0,4.876709e-03
2026-07-20T19:00:39.650,1784563239.651,133.703,2.398279e-02,3.332658e-03,7.812500e-03,3.417969e-02,2000,0,4.796558e-03
2026-07-20T19:00:39.750,1784563239.751,133.803,2.343286e-02,3.515597e-03,1.049805e-02,3.369141e-02,2000,0,4.686572e-03
2026-07-20T19:00:39.850,1784563239.851,133.903,2.380090e-02,3.404111e-03,1.049805e-02,3.515625e-02,2000,0,4.760181e-03
2026-07-20T19:00:39.950,1784563239.951,134.003,2.282983e-02,3.449897e-03,1.074219e-02,3.588867e-02,2000,0,4.565967e-03
2026-07-20T19:00:40.048,1784563240.049,134.103,2.223547e-02,3.382089e-03,1.123047e-02,3.833008e-02,2000,0,4.447095e-03
2026-07-20T19:00:40.151,1784563240.151,134.203,2.223779e-02,3.254392e-03,1.049805e-02,3.173828e-02,2000,0,4.447559e-03
2026-07-20T19:00:40.248,1784563240.249,134.303,2.201672e-02,3.186338e-03,1.147461e-02,3.149414e-02,2000,0,4.403345e-03
2026-07-20T19:00:40.350,1784563240.351,134.403,2.144226e-02,3.363685e-03,5.126953e-03,3.173828e-02,2000,0,4.288452e-03
2026-07-20T19:00:40.451,1784563240.451,134.503,2.152759e-02,3.350332e-03,1.074219e-02,3.125000e-02,2000,0,4.305518e-03
2026-07-20T19:00:40.550,1784563240.551,134.603,2.127087e-02,3.292476e-03,1.269531e-02,3.662109e-02,2000,0,4.254175e-03
2026-07-20T19:00:40.648,1784563240.649,134.703,2.058691e-02,3.236627e-03,1.025391e-02,3.125000e-02,2000,0,4.117383e-03
2026-07-20T19:00:40.748,1784563240.749,134.803,1.988403e-02,3.342819e-03,8.300781e-03,3.002930e-02,2000,0,3.976807e-03
2026-07-20T19:00:40.850,1784563240.851,134.903,1.982825e-02,3.416570e-03,1.000977e-02,3.076172e-02,2000,0,3.965649e-03
2026-07-20T19:00:40.951,1784563240.951,135.003,1.944617e-02,3.380312e-03,7.812500e-03,2.929688e-02,2000,0,3.889233e-03
2026-07-20T19:00:41.048,1784563241.049,135.103,1.946960e-02,3.379851e-03,9.521484e-03,3.100586e-02,2000,0,3.893921e-03
2026-07-20T19:00:41.148,1784563241.149,135.203,1.863660e-02,3.434347e-03,9.277344e-03,2.929688e-02,2000,0,3.727319e-03
2026-07-20T19:00:41.248,1784563241.249,135.303,1.795361e-02,3.478002e-03,5.615234e-03,3.002930e-02,2000,0,3.590723e-03
2026-07-20T19:00:41.348,1784563241.349,135.403,1.825146e-02,3.372389e-03,6.103516e-03,3.173828e-02,2000,0,3.650293e-03
2026-07-20T19:00:41.448,1784563241.449,135.503,1.731152e-02,3.317291e-03,-1.464844e-03,3.198242e-02,2000,0,3.462305e-03
2026-07-20T19:00:41.548,1784563241.549,135.603,1.622485e-02,3.270456e-03,4.638672e-03,2.636719e-02,2000,0,3.244971e-03
2026-07-20T19:00:41.648,1784563241.649,135.703,1.697473e-02,3.421099e-03,5.126953e-03,2.954102e-02,2000,0,3.394946e-03
2026-07-20T19:00:41.750,1784563241.751,135.803,1.592993e-02,3.212403e-03,3.662109e-03,2.563477e-02,2000,0,3.185986e-03
2026-07-20T19:00:41.848,1784563241.849,135.903,1.568591e-02,3.088753e-03,6.103516e-03,2.807617e-02,2000,0,3.137183e-03
2026-07-20T19:00:41.948,1784563241.949,136.003,1.551392e-02,3.211456e-03,2.197266e-03,2.954102e-02,2000,0,3.102783e-03
2026-07-20T19:00:42.048,1784563242.049,136.103,1.492395e-02,3.085516e-03,4.638672e-03,2.490234e-02,2000,0,2.984790e-03
2026-07-20T19:00:42.148,1784563242.149,136.203,1.481067e-02,3.226103e-03,5.371094e-03,2.514648e-02,2000,0,2.962134e-03
2026-07-20T19:00:42.248,1784563242.249,136.303,1.418921e-02,3.220518e-03,3.173828e-03,2.319336e-02,2000,0,2.837842e-03
2026-07-20T19:00:42.348,1784563242.349,136.403,1.365894e-02,3.096548e-03,1.708984e-03,2.343750e-02,2000,0,2.731787e-03
2026-07-20T19:00:42.448,1784563242.449,136.503,1.325159e-02,3.197794e-03,1.708984e-03,2.612305e-02,2000,0,2.650317e-03
2026-07-20T19:00:42.551,1784563242.551,136.603,1.373840e-02,3.155344e-03,2.441406e-03,2.368164e-02,2000,0,2.747681e-03
2026-07-20T19:00:42.651,1784563242.651,136.703,1.355603e-02,3.235709e-03,1.220703e-03,2.343750e-02,2000,0,2.711206e-03
2026-07-20T19:00:42.749,1784563242.749,136.803,1.291040e-02,3.173254e-03,1.464844e-03,2.368164e-02,2000,0,2.582080e-03
2026-07-20T19:00:42.848,1784563242.849,136.903,1.281116e-02,3.152898e-03,1.953125e-03,2.197266e-02,2000,0,2.562231e-03
2026-07-20T19:00:42.948,1784563242.949,137.003,1.237854e-02,3.392422e-03,-4.882812e-04,2.441406e-02,2000,0,2.475708e-03
2026-07-20T19:00:43.049,1784563243.049,137.103,1.193359e-02,3.322776e-03,-2.441406e-04,2.319336e-02,2000,0,2.386719e-03
2026-07-20T19:00:43.148,1784563243.149,137.203,1.199194e-02,3.358162e-03,0.000000e+00,2.221680e-02,2000,0,2.398389e-03
2026-07-20T19:00:43.248,1784563243.249,137.303,1.109302e-02,3.363360e-03,9.765625e-04,2.050781e-02,2000,0,2.218604e-03
2026-07-20T19:00:43.349,1784563243.349,137.403,1.098901e-02,3.388351e-03,-2.441406e-04,2.197266e-02,2000,0,2.197803e-03
2026-07-20T19:00:43.449,1784563243.449,137.503,1.101160e-02,3.362321e-03,-2.441406e-04,2.490234e-02,2000,0,2.202319e-03
2026-07-20T19:00:43.548,1784563243.549,137.603,1.087891e-02,3.375260e-03,-1.220703e-03,2.099609e-02,2000,0,2.175781e-03
2026-07-20T19:00:43.648,1784563243.649,137.703,9.866577e-03,3.313552e-03,-3.417969e-03,2.124023e-02,2000,0,1.973315e-03
2026-07-20T19:00:43.749,1784563243.749,137.803,9.903564e-03,3.408869e-03,-2.685547e-03,2.001953e-02,2000,0,1.980713e-03
2026-07-20T19:00:43.849,1784563243.849,137.903,9.126221e-03,3.425962e-03,-2.929688e-03,2.099609e-02,2000,0,1.825244e-03
2026-07-20T19:00:43.949,1784563243.949,138.003,9.207886e-03,3.357653e-03,-2.441406e-04,1.831055e-02,2000,0,1.841577e-03
2026-07-20T19:00:44.049,1784563244.049,138.103,9.434570e-03,3.383821e-03,-7.324219e-03,2.050781e-02,2000,0,1.886914e-03
2026-07-20T19:00:44.148,1784563244.149,138.203,8.747314e-03,3.355986e-03,-2.197266e-03,1.977539e-02,2000,0,1.749463e-03
2026-07-20T19:00:44.249,1784563244.249,138.303,8.839355e-03,3.365535e-03,-2.441406e-03,2.001953e-02,2000,0,1.767871e-03
2026-07-20T19:00:44.348,1784563244.349,138.403,8.903564e-03,3.389495e-03,-1.708984e-03,2.001953e-02,2000,0,1.780713e-03
2026-07-20T19:00:44.448,1784563244.449,138.503,8.638184e-03,3.452869e-03,-9.765625e-04,2.197266e-02,2000,0,1.727637e-03
2026-07-20T19:00:44.551,1784563244.551,138.603,7.795898e-03,3.459442e-03,-4.150391e-03,1.953125e-02,2000,0,1.559180e-03
2026-07-20T19:00:44.648,1784563244.649,138.703,8.477783e-03,3.388144e-03,-4.150391e-03,2.124023e-02,2000,0,1.695557e-03
2026-07-20T19:00:44.749,1784563244.749,138.803,8.305298e-03,3.516533e-03,-7.812500e-03,2.026367e-02,2000,0,1.661060e-03
2026-07-20T19:00:44.851,1784563244.851,138.903,7.720215e-03,3.525201e-03,-4.150391e-03,1.953125e-02,2000,0,1.544043e-03
2026-07-20T19:00:44.948,1784563244.949,139.003,7.948730e-03,3.556993e-03,-3.906250e-03,2.026367e-02,2000,0,1.589746e-03
2026-07-20T19:00:45.049,1784563245.049,139.103,7.192993e-03,3.568711e-03,-4.638672e-03,1.977539e-02,2000,0,1.438599e-03
2026-07-20T19:00:45.149,1784563245.149,139.203,7.572632e-03,3.442367e-03,-7.080078e-03,2.221680e-02,2000,0,1.514526e-03
2026-07-20T19:00:45.251,1784563245.251,139.303,7.923462e-03,3.511375e-03,-2.685547e-03,1.879883e-02,2000,0,1.584692e-03
2026-07-20T19:00:45.350,1784563245.351,139.403,7.644043e-03,3.568012e-03,-4.638672e-03,1.831055e-02,2000,0,1.528809e-03
2026-07-20T19:00:45.451,1784563245.451,139.503,7.761108e-03,3.401460e-03,-3.906250e-03,1.757812e-02,2000,0,1.552222e-03
2026-07-20T19:00:45.551,1784563245.551,139.603,7.378784e-03,3.434622e-03,-2.685547e-03,1.928711e-02,2000,0,1.475757e-03
2026-07-20T19:00:45.650,1784563245.651,139.703,7.337891e-03,3.353944e-03,-5.859375e-03,2.075195e-02,2000,0,1.467578e-03
2026-07-20T19:00:45.751,1784563245.751,139.803,6.966553e-03,3.368537e-03,-5.371094e-03,1.757812e-02,2000,0,1.393311e-03
2026-07-20T19:00:45.851,1784563245.851,139.903,7.102905e-03,3.364881e-03,-4.638672e-03,1.806641e-02,2000,0,1.420581e-03
2026-07-20T19:00:45.950,1784563245.951,140.003,5.351318e-03,3.240257e-03,-5.371094e-03,1.611328e-02,2000,0,1.070264e-03
2026-07-20T19:00:46.049,1784563246.049,140.103,6.417603e-03,3.138289e-03,-3.173828e-03,1.855469e-02,2000,0,1.283521e-03
2026-07-20T19:00:46.149,1784563246.149,140.203,6.443115e-03,3.206786e-03,-4.150391e-03,1.635742e-02,2000,0,1.288623e-03
2026-07-20T19:00:46.249,1784563246.249,140.303,6.115967e-03,3.209148e-03,-2.929688e-03,1.562500e-02,2000,0,1.223193e-03
2026-07-20T19:00:46.349,1784563246.349,140.403,5.833618e-03,3.147979e-03,-3.173828e-03,1.586914e-02,2000,0,1.166724e-03
2026-07-20T19:00:46.449,1784563246.449,140.503,5.908691e-03,3.446996e-03,-5.126953e-03,1.782227e-02,2000,0,1.181738e-03
2026-07-20T19:00:46.549,1784563246.549,140.603,5.640747e-03,3.110188e-03,-5.126953e-03,1.513672e-02,2000,0,1.128149e-03
2026-07-20T19:00:46.649,1784563246.649,140.703,5.106567e-03,3.341870e-03,-5.859375e-03,1.513672e-02,2000,0,1.021313e-03
2026-07-20T19:00:46.749,1784563246.749,140.803,5.207764e-03,3.282502e-03,-7.324219e-03,2.099609e-02,2000,0,1.041553e-03
2026-07-20T19:00:46.848,1784563246.849,140.903,4.791504e-03,3.299903e-03,-6.347656e-03,1.733398e-02,2000,0,9.583008e-04
2026-07-20T19:00:46.951,1784563246.951,141.003,4.069214e-03,3.285374e-03,-6.347656e-03,1.440430e-02,2000,0,8.138428e-04
2026-07-20T19:00:47.048,1784563247.049,141.103,3.717163e-03,3.214746e-03,-6.835938e-03,1.586914e-02,2000,0,7.434326e-04
2026-07-20T19:00:47.148,1784563247.149,141.203,4.064941e-03,3.376452e-03,-5.859375e-03,1.928711e-02,2000,0,8.129883e-04
2026-07-20T19:00:47.249,1784563247.249,141.303,3.810791e-03,3.660523e-03,-7.080078e-03,1.806641e-02,2000,0,7.621582e-04
2026-07-20T19:00:47.348,1784563247.349,141.403,4.049438e-03,3.585357e-03,-1.074219e-02,1.635742e-02,2000,0,8.098877e-04
2026-07-20T19:00:47.448,1784563247.449,141.503,3.708496e-03,3.723684e-03,-8.544922e-03,1.562500e-02,2000,0,7.416992e-04
2026-07-20T19:00:47.549,1784563247.549,141.603,3.634521e-03,3.797491e-03,-1.074219e-02,1.660156e-02,2000,0,7.269043e-04
2026-07-20T19:00:47.648,1784563247.649,141.703,3.987549e-03,3.782511e-03,-7.324219e-03,1.660156e-02,2000,0,7.975098e-04
2026-07-20T19:00:47.748,1784563247.749,141.803,3.092896e-03,3.745507e-03,-8.300781e-03,1.562500e-02,2000,0,6.185791e-04
2026-07-20T19:00:47.849,1784563247.849,141.903,2.805664e-03,3.851530e-03,-1.000977e-02,1.538086e-02,2000,0,5.611328e-04
2026-07-20T19:00:47.950,1784563247.951,142.003,2.844482e-03,3.913226e-03,-9.521484e-03,1.562500e-02,2000,0,5.688965e-04
2026-07-20T19:00:48.048,1784563248.049,142.103,2.666260e-03,3.903172e-03,-9.765625e-03,1.440430e-02,2000,0,5.332520e-04
2026-07-20T19:00:48.148,1784563248.149,142.203,2.213501e-03,4.044527e-03,-9.033203e-03,1.464844e-02,2000,0,4.427002e-04
2026-07-20T19:00:48.249,1784563248.249,142.303,2.654785e-03,3.853597e-03,-1.220703e-02,1.391602e-02,2000,0,5.309570e-04
2026-07-20T19:00:48.348,1784563248.349,142.403,1.989990e-03,3.897498e-03,-1.025391e-02,1.513672e-02,2000,0,3.979980e-04
2026-07-20T19:00:48.449,1784563248.449,142.503,2.444824e-03,4.077381e-03,-1.000977e-02,1.708984e-02,2000,0,4.889648e-04
2026-07-20T19:00:48.549,1784563248.549,142.603,2.425415e-03,3.801546e-03,-1.098633e-02,1.440430e-02,2000,0,4.850830e-04
2026-07-20T19:00:48.649,1784563248.649,142.703,2.048706e-03,3.702385e-03,-1.074219e-02,1.416016e-02,2000,0,4.097412e-04
2026-07-20T19:00:48.749,1784563248.749,142.803,1.911011e-03,3.710574e-03,-1.123047e-02,1.367188e-02,2000,0,3.822021e-04
2026-07-20T19:00:48.849,1784563248.849,142.903,1.771240e-03,3.696534e-03,-9.033203e-03,1.342773e-02,2000,0,3.542480e-04
2026-07-20T19:00:48.949,1784563248.949,143.003,2.088867e-03,3.632833e-03,-9.765625e-03,2.026367e-02,2000,0,4.177734e-04
2026-07-20T19:00:49.049,1784563249.049,143.103,1.487915e-03,3.605392e-03,-9.521484e-03,1.245117e-02,2000,0,2.975830e-04
2026-07-20T19:00:49.149,1784563249.149,143.203,2.031250e-03,3.406760e-03,-1.000977e-02,1.245117e-02,2000,0,4.062500e-04
2026-07-20T19:00:49.249,1784563249.249,143.303,1.648193e-03,3.292089e-03,-9.765625e-03,1.220703e-02,2000,0,3.296387e-04
2026-07-20T19:00:49.348,1784563249.349,143.403,1.587524e-03,3.249676e-03,-1.025391e-02,1.245117e-02,2000,0,3.175049e-04
2026-07-20T19:00:49.448,1784563249.449,143.503,1.905029e-03,3.177602e-03,-1.147461e-02,1.196289e-02,2000,0,3.810059e-04
2026-07-20T19:00:49.549,1784563249.549,143.603,2.100342e-03,3.097407e-03,-1.196289e-02,1.196289e-02,2000,0,4.200684e-04
2026-07-20T19:00:49.649,1784563249.649,143.703,1.838257e-03,2.950024e-03,-8.056641e-03,1.147461e-02,2000,0,3.676514e-04
2026-07-20T19:00:49.748,1784563249.749,143.803,1.884521e-03,2.903612e-03,-7.812500e-03,1.293945e-02,2000,0,3.769043e-04
2026-07-20T19:00:49.849,1784563249.849,143.903,2.039551e-03,2.813870e-03,-1.367188e-02,1.611328e-02,2000,0,4.079102e-04
2026-07-20T19:00:49.949,1784563249.949,144.003,2.468994e-03,2.669633e-03,-7.324219e-03,1.318359e-02,2000,0,4.937988e-04
2026-07-20T19:00:50.051,1784563250.052,144.103,2.267212e-03,2.611853e-03,-9.765625e-03,1.049805e-02,2000,0,4.534424e-04
2026-07-20T19:00:50.151,1784563250.151,144.203,1.946411e-03,2.452268e-03,-5.859375e-03,1.123047e-02,2000,0,3.892822e-04
2026-07-20T19:00:50.249,1784563250.249,144.303,2.212769e-03,2.421667e-03,-5.371094e-03,2.099609e-02,2000,0,4.425537e-04
2026-07-20T19:00:50.349,1784563250.349,144.403,1.731201e-03,2.351731e-03,-6.347656e-03,1.464844e-02,2000,0,3.462402e-04
2026-07-20T19:00:50.448,1784563250.449,144.503,1.614746e-03,2.319888e-03,-1.171875e-02,9.521484e-03,2000,0,3.229492e-04
2026-07-20T19:00:50.551,1784563250.551,144.603,1.787842e-03,2.310384e-03,-6.591797e-03,1.000977e-02,2000,0,3.575684e-04
2026-07-20T19:00:50.649,1784563250.649,144.703,1.674561e-03,2.385844e-03,-6.835938e-03,9.765625e-03,2000,0,3.349121e-04
2026-07-20T19:00:50.749,1784563250.749,144.803,1.572510e-03,2.374392e-03,-7.324219e-03,9.033203e-03,2000,0,3.145020e-04
2026-07-20T19:00:50.849,1784563250.849,144.903,1.596802e-03,2.343627e-03,-6.591797e-03,1.049805e-02,2000,0,3.193604e-04
2026-07-20T19:00:50.949,1784563250.949,145.003,1.475220e-03,2.354593e-03,-8.056641e-03,1.660156e-02,2000,0,2.950439e-04
2026-07-20T19:00:51.049,1784563251.049,145.103,1.584229e-03,2.325545e-03,-7.568359e-03,1.245117e-02,2000,0,3.168457e-04
2026-07-20T19:00:51.149,1784563251.149,145.203,1.264648e-03,2.362729e-03,-7.080078e-03,1.000977e-02,2000,0,2.529297e-04
2026-07-20T19:00:51.249,1784563251.249,145.303,1.589600e-03,2.442967e-03,-7.568359e-03,1.049805e-02,2000,0,3.179199e-04
2026-07-20T19:00:51.349,1784563251.349,145.403,9.744873e-04,2.612047e-03,-1.220703e-02,9.033203e-03,2000,0,1.948975e-04
2026-07-20T19:00:51.449,1784563251.449,145.503,1.469604e-03,2.613344e-03,-1.025391e-02,1.318359e-02,2000,0,2.939209e-04
2026-07-20T19:00:51.549,1784563251.549,145.603,1.459717e-03,2.580828e-03,-1.196289e-02,1.000977e-02,2000,0,2.919434e-04
2026-07-20T19:00:51.651,1784563251.651,145.703,1.333618e-03,2.630479e-03,-8.544922e-03,1.098633e-02,2000,0,2.667236e-04
2026-07-20T19:00:51.751,1784563251.751,145.803,1.554810e-03,2.772977e-03,-8.056641e-03,1.074219e-02,2000,0,3.109619e-04
2026-07-20T19:00:51.851,1784563251.851,145.903,1.671021e-03,2.884264e-03,-8.789062e-03,1.123047e-02,2000,0,3.342041e-04
2026-07-20T19:00:51.951,1784563251.951,146.003,1.783325e-03,2.959059e-03,-8.056641e-03,1.196289e-02,2000,0,3.566650e-04
2026-07-20T19:00:52.049,1784563252.049,146.103,1.416138e-03,2.996996e-03,-1.513672e-02,1.098633e-02,2000,0,2.832275e-04
2026-07-20T19:00:52.151,1784563252.151,146.203,1.697388e-03,2.937178e-03,-7.324219e-03,1.269531e-02,2000,0,3.394775e-04
2026-07-20T19:00:52.251,1784563252.251,146.303,1.357544e-03,3.085269e-03,-9.521484e-03,1.196289e-02,2000,0,2.715088e-04
2026-07-20T19:00:52.351,1784563252.351,146.403,1.751953e-03,3.186554e-03,-9.521484e-03,1.318359e-02,2000,0,3.503906e-04
2026-07-20T19:00:52.451,1784563252.451,146.503,1.607056e-03,3.059436e-03,-8.544922e-03,1.245117e-02,2000,0,3.214111e-04
2026-07-20T19:00:52.551,1784563252.551,146.603,1.744873e-03,3.136721e-03,-8.544922e-03,1.220703e-02,2000,0,3.489746e-04
2026-07-20T19:00:52.651,1784563252.651,146.703,1.909302e-03,3.253235e-03,-9.033203e-03,1.245117e-02,2000,0,3.818604e-04
2026-07-20T19:00:52.751,1784563252.751,146.803,2.030884e-03,3.309723e-03,-9.765625e-03,1.586914e-02,2000,0,4.061768e-04
2026-07-20T19:00:52.851,1784563252.851,146.903,1.066162e-03,3.156695e-03,-8.789062e-03,1.074219e-02,2000,0,2.132324e-04
2026-07-20T19:00:52.949,1784563252.949,147.003,1.652588e-03,3.094588e-03,-1.220703e-02,1.342773e-02,2000,0,3.305176e-04
2026-07-20T19:00:53.051,1784563253.051,147.103,1.950684e-03,3.156965e-03,-8.544922e-03,1.269531e-02,2000,0,3.901367e-04
2026-07-20T19:00:53.149,1784563253.149,147.203,1.218140e-03,3.209780e-03,-1.074219e-02,1.049805e-02,2000,0,2.436279e-04
2026-07-20T19:00:53.249,1784563253.249,147.303,1.719360e-03,3.135213e-03,-8.544922e-03,1.049805e-02,2000,0,3.438721e-04
2026-07-20T19:00:53.349,1784563253.349,147.403,1.576050e-03,3.146650e-03,-1.293945e-02,1.538086e-02,2000,0,3.152100e-04
2026-07-20T19:00:53.449,1784563253.449,147.503,1.739990e-03,3.123597e-03,-8.300781e-03,1.391602e-02,2000,0,3.479980e-04
2026-07-20T19:00:53.549,1784563253.549,147.603,1.899902e-03,3.002250e-03,-8.300781e-03,1.123047e-02,2000,0,3.799805e-04
2026-07-20T19:00:53.651,1784563253.652,147.703,1.854492e-03,3.213347e-03,-8.544922e-03,1.318359e-02,2000,0,3.708984e-04
2026-07-20T19:00:53.749,1784563253.749,147.803,2.121948e-03,3.247385e-03,-1.025391e-02,1.318359e-02,2000,0,4.243896e-04
2026-07-20T19:00:53.849,1784563253.849,147.903,2.223145e-03,3.037974e-03,-1.245117e-02,1.220703e-02,2000,0,4.446289e-04
2026-07-20T19:00:53.949,1784563253.949,148.003,2.921143e-03,3.060970e-03,-7.080078e-03,1.611328e-02,2000,0,5.842285e-04
2026-07-20T19:00:54.049,1784563254.049,148.103,2.872192e-03,3.069490e-03,-1.318359e-02,1.562500e-02,2000,0,5.744385e-04
2026-07-20T19:00:54.149,1784563254.149,148.203,2.651001e-03,3.074384e-03,-6.591797e-03,1.391602e-02,2000,0,5.302002e-04
2026-07-20T19:00:54.248,1784563254.249,148.303,2.688110e-03,3.336130e-03,-2.148438e-02,1.293945e-02,2000,0,5.376221e-04
2026-07-20T19:00:54.349,1784563254.349,148.403,2.452148e-03,3.189172e-03,-9.277344e-03,1.489258e-02,2000,0,4.904297e-04
2026-07-20T19:00:54.449,1784563254.449,148.503,3.379395e-03,3.011136e-03,-5.371094e-03,1.855469e-02,2000,0,6.758789e-04
2026-07-20T19:00:54.548,1784563254.549,148.603,3.875122e-03,3.272707e-03,-6.591797e-03,1.464844e-02,2000,0,7.750244e-04
2026-07-20T19:00:54.649,1784563254.649,148.703,4.223145e-03,3.117889e-03,-1.074219e-02,1.733398e-02,2000,0,8.446289e-04
2026-07-20T19:00:54.749,1784563254.749,148.803,4.402344e-03,2.819977e-03,-4.882812e-03,1.367188e-02,2000,0,8.804688e-04
2026-07-20T19:00:54.848,1784563254.849,148.903,5.244263e-03,3.150328e-03,-1.049805e-02,1.684570e-02,2000,0,1.048853e-03
2026-07-20T19:00:54.949,1784563254.949,149.003,5.278809e-03,3.070238e-03,-5.371094e-03,1.513672e-02,2000,0,1.055762e-03
2026-07-20T19:00:55.049,1784563255.049,149.103,5.619873e-03,3.020678e-03,-7.324219e-03,1.635742e-02,2000,0,1.123975e-03
2026-07-20T19:00:55.148,1784563255.149,149.203,5.680420e-03,3.112680e-03,-5.126953e-03,1.855469e-02,2000,0,1.136084e-03
2026-07-20T19:00:55.249,1784563255.249,149.303,6.188354e-03,2.788966e-03,-3.417969e-03,1.562500e-02,2000,0,1.237671e-03
2026-07-20T19:00:55.348,1784563255.349,149.403,6.924438e-03,3.256117e-03,-4.638672e-03,1.660156e-02,2000,0,1.384888e-03
2026-07-20T19:00:55.449,1784563255.449,149.503,7.279663e-03,2.904578e-03,-1.708984e-03,1.782227e-02,2000,0,1.455933e-03
2026-07-20T19:00:55.549,1784563255.549,149.603,7.982178e-03,2.980536e-03,-1.220703e-03,1.977539e-02,2000,0,1.596436e-03
2026-07-20T19:00:55.649,1784563255.649,149.703,8.197144e-03,3.022026e-03,-2.197266e-03,1.855469e-02,2000,0,1.639429e-03
2026-07-20T19:00:55.748,1784563255.749,149.803,8.151855e-03,3.112806e-03,-2.929688e-03,2.001953e-02,2000,0,1.630371e-03
2026-07-20T19:00:55.849,1784563255.849,149.903,8.299072e-03,3.050976e-03,-4.150391e-03,1.757812e-02,2000,0,1.659814e-03
2026-07-20T19:00:55.948,1784563255.949,150.003,8.952148e-03,2.972995e-03,-1.708984e-03,1.733398e-02,2000,0,1.790430e-03
2026-07-20T19:00:56.049,1784563256.050,150.103,9.358643e-03,3.120850e-03,-4.882812e-04,1.928711e-02,2000,0,1.871729e-03
2026-07-20T19:00:56.148,1784563256.149,150.203,9.259033e-03,3.038951e-03,-2.441406e-04,2.124023e-02,2000,0,1.851807e-03
2026-07-20T19:00:56.248,1784563256.249,150.303,9.201782e-03,2.980573e-03,-1.220703e-03,2.709961e-02,2000,0,1.840356e-03
2026-07-20T19:00:56.349,1784563256.349,150.403,9.800537e-03,2.986246e-03,0.000000e+00,1.855469e-02,2000,0,1.960107e-03
2026-07-20T19:00:56.449,1784563256.449,150.503,9.968872e-03,3.129150e-03,-4.150391e-03,2.026367e-02,2000,0,1.993774e-03
2026-07-20T19:00:56.548,1784563256.549,150.603,1.008020e-02,3.073247e-03,7.324219e-04,1.879883e-02,2000,0,2.016040e-03
2026-07-20T19:00:56.649,1784563256.649,150.703,1.069275e-02,3.032041e-03,1.220703e-03,2.343750e-02,2000,0,2.138550e-03
2026-07-20T19:00:56.749,1784563256.749,150.803,1.059570e-02,3.077305e-03,-2.441406e-04,2.343750e-02,2000,0,2.119141e-03
2026-07-20T19:00:56.848,1784563256.849,150.903,1.070190e-02,3.130934e-03,7.324219e-04,2.294922e-02,2000,0,2.140381e-03
2026-07-20T19:00:56.948,1784563256.949,151.003,1.100000e-02,3.139879e-03,-7.324219e-04,2.490234e-02,2000,0,2.200000e-03
2026-07-20T19:00:57.048,1784563257.049,151.103,1.080188e-02,3.142714e-03,1.953125e-03,2.270508e-02,2000,0,2.160376e-03
2026-07-20T19:00:57.149,1784563257.149,151.203,1.104578e-02,3.055790e-03,9.765625e-04,2.246094e-02,2000,0,2.209155e-03
2026-07-20T19:00:57.248,1784563257.249,151.303,1.087048e-02,3.220180e-03,1.708984e-03,2.368164e-02,2000,0,2.174097e-03
2026-07-20T19:00:57.349,1784563257.349,151.403,1.054431e-02,3.155045e-03,-4.394531e-03,2.368164e-02,2000,0,2.108862e-03
2026-07-20T19:00:57.448,1784563257.449,151.503,1.115869e-02,3.103397e-03,1.953125e-03,2.148438e-02,2000,0,2.231738e-03
2026-07-20T19:00:57.548,1784563257.549,151.603,1.071167e-02,3.079758e-03,9.765625e-04,2.075195e-02,2000,0,2.142334e-03
2026-07-20T19:00:57.649,1784563257.649,151.703,1.132520e-02,3.136361e-03,2.441406e-03,2.416992e-02,2000,0,2.265039e-03
2026-07-20T19:00:57.748,1784563257.749,151.803,1.145422e-02,3.203843e-03,2.441406e-03,2.343750e-02,2000,0,2.290845e-03
2026-07-20T19:00:57.848,1784563257.849,151.903,1.159875e-02,3.201054e-03,1.220703e-03,2.465820e-02,2000,0,2.319751e-03
2026-07-20T19:00:57.949,1784563257.950,152.003,1.180981e-02,3.397714e-03,1.220703e-03,2.368164e-02,2000,0,2.361963e-03
2026-07-20T19:00:58.048,1784563258.049,152.103,1.122461e-02,3.365684e-03,-1.464844e-03,2.246094e-02,2000,0,2.244922e-03
2026-07-20T19:00:58.149,1784563258.149,152.203,1.195813e-02,3.194719e-03,2.685547e-03,2.172852e-02,2000,0,2.391626e-03
2026-07-20T19:00:58.248,1784563258.249,152.303,1.168225e-02,3.297193e-03,1.220703e-03,2.246094e-02,2000,0,2.336450e-03
2026-07-20T19:00:58.348,1784563258.349,152.403,1.167102e-02,3.363397e-03,1.708984e-03,2.197266e-02,2000,0,2.334204e-03
2026-07-20T19:00:58.448,1784563258.449,152.503,1.183813e-02,3.315695e-03,1.464844e-03,2.319336e-02,2000,0,2.367627e-03
2026-07-20T19:00:58.548,1784563258.549,152.603,1.155945e-02,3.395036e-03,7.324219e-04,2.270508e-02,2000,0,2.311890e-03
2026-07-20T19:00:58.648,1784563258.649,152.703,1.149756e-02,3.429382e-03,-3.417969e-03,2.099609e-02,2000,0,2.299512e-03
2026-07-20T19:00:58.748,1784563258.749,152.803,1.190186e-02,3.295695e-03,2.441406e-04,2.416992e-02,2000,0,2.380371e-03
2026-07-20T19:00:58.848,1784563258.849,152.903,1.132080e-02,3.410498e-03,-4.882812e-04,2.416992e-02,2000,0,2.264160e-03
2026-07-20T19:00:58.948,1784563258.949,153.003,1.154041e-02,3.297064e-03,1.220703e-03,2.124023e-02,2000,0,2.308081e-03
2026-07-20T19:00:59.048,1784563259.049,153.103,1.129944e-02,3.197121e-03,4.882812e-04,2.001953e-02,2000,0,2.259888e-03
2026-07-20T19:00:59.149,1784563259.149,153.203,1.134924e-02,3.116193e-03,1.464844e-03,2.148438e-02,2000,0,2.269849e-03
2026-07-20T19:00:59.248,1784563259.249,153.303,1.109985e-02,3.269159e-03,-1.464844e-03,2.514648e-02,2000,0,2.219971e-03
2026-07-20T19:00:59.350,1784563259.351,153.403,1.122913e-02,3.296174e-03,2.441406e-04,1.977539e-02,2000,0,2.245825e-03
2026-07-20T19:00:59.449,1784563259.449,153.503,1.115930e-02,3.293832e-03,0.000000e+00,2.075195e-02,2000,0,2.231860e-03
2026-07-20T19:00:59.548,1784563259.549,153.603,1.062854e-02,3.269596e-03,-1.171875e-02,2.099609e-02,2000,0,2.125708e-03
2026-07-20T19:00:59.648,1784563259.649,153.703,1.059204e-02,3.224873e-03,-9.765625e-04,2.124023e-02,2000,0,2.118408e-03
2026-07-20T19:00:59.748,1784563259.749,153.803,9.798462e-03,3.461458e-03,-1.220703e-03,2.075195e-02,2000,0,1.959692e-03
2026-07-20T19:00:59.848,1784563259.849,153.903,1.012988e-02,3.283187e-03,-3.662109e-03,2.075195e-02,2000,0,2.025977e-03
2026-07-20T19:00:59.948,1784563259.949,154.003,1.065125e-02,3.342977e-03,7.324219e-04,2.294922e-02,2000,0,2.130249e-03
2026-07-20T19:01:00.048,1784563260.049,154.103,9.659912e-03,3.308637e-03,-1.953125e-03,2.050781e-02,2000,0,1.931982e-03
2026-07-20T19:01:00.148,1784563260.149,154.203,9.439819e-03,3.447803e-03,-3.417969e-03,2.148438e-02,2000,0,1.887964e-03
2026-07-20T19:01:00.248,1784563260.249,154.303,9.465332e-03,3.567563e-03,-4.638672e-03,2.026367e-02,2000,0,1.893066e-03
2026-07-20T19:01:00.348,1784563260.349,154.403,9.661743e-03,3.479877e-03,0.000000e+00,2.099609e-02,2000,0,1.932349e-03
2026-07-20T19:01:00.448,1784563260.449,154.503,9.547485e-03,3.514948e-03,-1.220703e-03,2.270508e-02,2000,0,1.909497e-03
2026-07-20T19:01:00.549,1784563260.549,154.603,9.842285e-03,3.703843e-03,-2.685547e-03,2.050781e-02,2000,0,1.968457e-03
2026-07-20T19:01:00.648,1784563260.649,154.703,9.615112e-03,3.614217e-03,-9.765625e-04,2.172852e-02,2000,0,1.923022e-03
2026-07-20T19:01:00.748,1784563260.749,154.803,9.473511e-03,3.533541e-03,-1.708984e-03,2.026367e-02,2000,0,1.894702e-03
2026-07-20T19:01:00.851,1784563260.851,154.903,9.596313e-03,3.646317e-03,-2.197266e-03,2.075195e-02,2000,0,1.919263e-03
2026-07-20T19:01:00.948,1784563260.949,155.003,9.545898e-03,3.629904e-03,-3.906250e-03,1.953125e-02,2000,0,1.909180e-03
2026-07-20T19:01:01.049,1784563261.050,155.103,9.022583e-03,3.490755e-03,-3.906250e-03,2.026367e-02,2000,0,1.804517e-03
2026-07-20T19:01:01.149,1784563261.149,155.203,8.572266e-03,3.816750e-03,-4.394531e-03,2.416992e-02,2000,0,1.714453e-03
2026-07-20T19:01:01.249,1784563261.249,155.303,8.540527e-03,3.661122e-03,-2.197266e-03,2.001953e-02,2000,0,1.708105e-03
2026-07-20T19:01:01.349,1784563261.349,155.403,7.959595e-03,3.727896e-03,-4.638672e-03,1.928711e-02,2000,0,1.591919e-03
2026-07-20T19:01:01.449,1784563261.449,155.503,8.073975e-03,3.705102e-03,-4.638672e-03,1.855469e-02,2000,0,1.614795e-03
2026-07-20T19:01:01.549,1784563261.549,155.603,6.949951e-03,3.682252e-03,-6.347656e-03,1.806641e-02,2000,0,1.389990e-03
2026-07-20T19:01:01.648,1784563261.649,155.703,7.717529e-03,3.705936e-03,-5.126953e-03,1.928711e-02,2000,0,1.543506e-03
2026-07-20T19:01:01.748,1784563261.749,155.803,7.218994e-03,3.743538e-03,-5.126953e-03,2.319336e-02,2000,0,1.443799e-03
2026-07-20T19:01:01.848,1784563261.849,155.903,7.284058e-03,3.863570e-03,-5.371094e-03,2.050781e-02,2000,0,1.456812e-03
2026-07-20T19:01:01.948,1784563261.949,156.003,7.463867e-03,3.962326e-03,-9.277344e-03,1.928711e-02,2000,0,1.492773e-03
2026-07-20T19:01:02.048,1784563262.049,156.103,6.919312e-03,3.930671e-03,-4.882812e-03,2.026367e-02,2000,0,1.383862e-03
2026-07-20T19:01:02.148,1784563262.149,156.203,7.147217e-03,3.948112e-03,-7.568359e-03,1.953125e-02,2000,0,1.429443e-03
2026-07-20T19:01:02.248,1784563262.249,156.303,7.025513e-03,3.968968e-03,-4.638672e-03,1.928711e-02,2000,0,1.405103e-03
2026-07-20T19:01:02.348,1784563262.349,156.403,6.958618e-03,4.030014e-03,-6.347656e-03,1.904297e-02,2000,0,1.391724e-03
2026-07-20T19:01:02.448,1784563262.449,156.503,6.247070e-03,3.978490e-03,-5.371094e-03,1.684570e-02,2000,0,1.249414e-03
2026-07-20T19:01:02.548,1784563262.549,156.603,6.079834e-03,3.950657e-03,-5.126953e-03,1.684570e-02,2000,0,1.215967e-03
2026-07-20T19:01:02.648,1784563262.649,156.703,6.546387e-03,3.991392e-03,-4.638672e-03,1.733398e-02,2000,0,1.309277e-03
2026-07-20T19:01:02.748,1784563262.749,156.803,6.002563e-03,3.922083e-03,-5.615234e-03,1.831055e-02,2000,0,1.200513e-03
2026-07-20T19:01:02.848,1784563262.849,156.903,5.974365e-03,4.045913e-03,-6.591797e-03,1.953125e-02,2000,0,1.194873e-03
2026-07-20T19:01:02.948,1784563262.949,157.003,5.562866e-03,4.113088e-03,-5.615234e-03,1.733398e-02,2000,0,1.112573e-03
2026-07-20T19:01:03.049,1784563263.050,157.103,5.104980e-03,4.042455e-03,-5.615234e-03,1.684570e-02,2000,0,1.020996e-03
2026-07-20T19:01:03.149,1784563263.150,157.203,4.820557e-03,4.055101e-03,-8.544922e-03,2.099609e-02,2000,0,9.641113e-04
2026-07-20T19:01:03.249,1784563263.249,157.303,4.430908e-03,4.017577e-03,-6.347656e-03,1.684570e-02,2000,0,8.861816e-04
2026-07-20T19:01:03.349,1784563263.349,157.403,4.500732e-03,3.911372e-03,-7.812500e-03,2.050781e-02,2000,0,9.001465e-04
2026-07-20T19:01:03.449,1784563263.449,157.503,3.747437e-03,4.043792e-03,-8.056641e-03,1.635742e-02,2000,0,7.494873e-04
2026-07-20T19:01:03.548,1784563263.549,157.603,3.845825e-03,3.955833e-03,-1.635742e-02,1.708984e-02,2000,0,7.691650e-04
2026-07-20T19:01:03.648,1784563263.649,157.703,3.478516e-03,3.929318e-03,-8.544922e-03,1.782227e-02,2000,0,6.957031e-04
2026-07-20T19:01:03.749,1784563263.749,157.803,2.702148e-03,3.950889e-03,-1.049805e-02,1.562500e-02,2000,0,5.404297e-04
2026-07-20T19:01:03.848,1784563263.849,157.903,2.982544e-03,3.966850e-03,-1.147461e-02,1.538086e-02,2000,0,5.965088e-04
2026-07-20T19:01:03.948,1784563263.949,158.003,2.737793e-03,3.865219e-03,-1.000977e-02,2.368164e-02,2000,0,5.475586e-04
2026-07-20T19:01:04.051,1784563264.051,158.103,2.732422e-03,3.938550e-03,-1.171875e-02,1.684570e-02,2000,0,5.464844e-04
2026-07-20T19:01:04.149,1784563264.149,158.203,2.604492e-03,3.591422e-03,-7.812500e-03,1.464844e-02,2000,0,5.208984e-04
2026-07-20T19:01:04.249,1784563264.249,158.303,2.483765e-03,3.644140e-03,-9.033203e-03,1.440430e-02,2000,0,4.967529e-04
2026-07-20T19:01:04.348,1784563264.349,158.403,1.378662e-03,3.771237e-03,-1.074219e-02,1.538086e-02,2000,0,2.757324e-04
2026-07-20T19:01:04.448,1784563264.449,158.503,1.300049e-03,3.784450e-03,-1.000977e-02,1.562500e-02,2000,0,2.600098e-04
2026-07-20T19:01:04.549,1784563264.549,158.603,1.532104e-03,3.534391e-03,-1.196289e-02,1.416016e-02,2000,0,3.064209e-04
2026-07-20T19:01:04.649,1784563264.649,158.703,1.501953e-03,3.489033e-03,-1.049805e-02,1.416016e-02,2000,0,3.003906e-04
2026-07-20T19:01:04.749,1784563264.749,158.803,1.534302e-03,3.444569e-03,-1.147461e-02,1.245117e-02,2000,0,3.068604e-04
2026-07-20T19:01:04.849,1784563264.849,158.903,9.179687e-04,3.448839e-03,-1.074219e-02,1.293945e-02,2000,0,1.835938e-04
2026-07-20T19:01:04.949,1784563264.949,159.003,5.645752e-04,3.345696e-03,-1.074219e-02,1.196289e-02,2000,0,1.129150e-04
2026-07-20T19:01:05.049,1784563265.049,159.103,4.503174e-04,3.385732e-03,-1.123047e-02,1.074219e-02,2000,0,9.006348e-05
2026-07-20T19:01:05.149,1784563265.149,159.203,4.101562e-04,3.362771e-03,-1.123047e-02,1.196289e-02,2000,0,8.203125e-05
2026-07-20T19:01:05.249,1784563265.249,159.303,7.739258e-05,3.268828e-03,-1.098633e-02,1.391602e-02,2000,0,1.547852e-05
2026-07-20T19:01:05.349,1784563265.349,159.403,1.898193e-04,3.185095e-03,-1.074219e-02,1.025391e-02,2000,0,3.796387e-05
2026-07-20T19:01:05.449,1784563265.449,159.503,8.081055e-05,3.124985e-03,-1.098633e-02,9.277344e-03,2000,0,1.616211e-05
2026-07-20T19:01:05.549,1784563265.549,159.603,-5.021973e-04,3.145245e-03,-1.074219e-02,1.879883e-02,2000,0,-1.004395e-04
2026-07-20T19:01:05.649,1784563265.649,159.703,5.126953e-06,3.207469e-03,-1.074219e-02,9.521484e-03,2000,0,1.025391e-06
2026-07-20T19:01:05.749,1784563265.749,159.803,-4.899902e-04,3.013787e-03,-1.586914e-02,8.789062e-03,2000,0,-9.799805e-05
2026-07-20T19:01:05.848,1784563265.849,159.903,-1.317017e-03,3.109511e-03,-1.245117e-02,1.098633e-02,2000,0,-2.634033e-04
2026-07-20T19:01:05.949,1784563265.949,160.003,-6.174316e-04,3.091905e-03,-1.025391e-02,1.147461e-02,2000,0,-1.234863e-04
2026-07-20T19:01:06.049,1784563266.049,160.103,-1.020752e-03,3.195270e-03,-1.123047e-02,1.025391e-02,2000,0,-2.041504e-04
2026-07-20T19:01:06.149,1784563266.149,160.203,-1.166016e-03,3.205770e-03,-1.147461e-02,1.025391e-02,2000,0,-2.332031e-04
2026-07-20T19:01:06.248,1784563266.249,160.303,-1.493530e-03,3.079006e-03,-1.293945e-02,1.147461e-02,2000,0,-2.987061e-04
2026-07-20T19:01:06.348,1784563266.349,160.403,-1.965698e-03,3.202264e-03,-1.171875e-02,7.812500e-03,2000,0,-3.931396e-04
2026-07-20T19:01:06.448,1784563266.449,160.503,-2.407104e-03,3.074745e-03,-1.220703e-02,8.300781e-03,2000,0,-4.814209e-04
2026-07-20T19:01:06.548,1784563266.549,160.603,-2.159912e-03,3.107869e-03,-1.342773e-02,6.835938e-03,2000,0,-4.319824e-04
2026-07-20T19:01:06.648,1784563266.649,160.703,-2.638184e-03,3.120528e-03,-1.269531e-02,8.056641e-03,2000,0,-5.276367e-04
2026-07-20T19:01:06.748,1784563266.749,160.803,-2.402466e-03,3.183064e-03,-1.293945e-02,7.324219e-03,2000,0,-4.804932e-04
2026-07-20T19:01:06.848,1784563266.849,160.903,-2.248901e-03,3.094079e-03,-1.269531e-02,9.033203e-03,2000,0,-4.497803e-04
2026-07-20T19:01:06.948,1784563266.949,161.003,-2.663330e-03,3.369368e-03,-1.318359e-02,8.300781e-03,2000,0,-5.326660e-04
2026-07-20T19:01:07.048,1784563267.049,161.103,-3.088013e-03,3.224921e-03,-1.342773e-02,7.568359e-03,2000,0,-6.176025e-04
2026-07-20T19:01:07.148,1784563267.149,161.203,-3.019653e-03,3.229019e-03,-1.391602e-02,1.000977e-02,2000,0,-6.039307e-04
2026-07-20T19:01:07.248,1784563267.249,161.303,-3.626221e-03,3.464521e-03,-1.733398e-02,1.098633e-02,2000,0,-7.252441e-04
2026-07-20T19:01:07.349,1784563267.349,161.403,-3.708374e-03,3.387609e-03,-1.367188e-02,9.033203e-03,2000,0,-7.416748e-04
2026-07-20T19:01:07.448,1784563267.449,161.503,-3.525146e-03,3.466258e-03,-1.416016e-02,8.789062e-03,2000,0,-7.050293e-04
2026-07-20T19:01:07.548,1784563267.549,161.603,-3.463013e-03,3.399595e-03,-2.099609e-02,6.835938e-03,2000,0,-6.926025e-04
2026-07-20T19:01:07.648,1784563267.649,161.703,-3.883179e-03,3.604541e-03,-1.416016e-02,9.765625e-03,2000,0,-7.766357e-04
2026-07-20T19:01:07.748,1784563267.749,161.803,-3.389282e-03,3.457868e-03,-1.464844e-02,8.056641e-03,2000,0,-6.778564e-04
2026-07-20T19:01:07.848,1784563267.849,161.903,-3.833252e-03,3.551995e-03,-1.611328e-02,7.812500e-03,2000,0,-7.666504e-04
2026-07-20T19:01:07.948,1784563267.949,162.003,-3.959106e-03,3.459479e-03,-1.757812e-02,5.859375e-03,2000,0,-7.918213e-04
2026-07-20T19:01:08.049,1784563268.050,162.103,-3.469727e-03,3.422657e-03,-1.464844e-02,7.324219e-03,2000,0,-6.939453e-04
2026-07-20T19:01:08.149,1784563268.150,162.203,-3.761597e-03,3.315879e-03,-1.513672e-02,8.789062e-03,2000,0,-7.523193e-04
2026-07-20T19:01:08.249,1784563268.250,162.303,-3.911743e-03,3.328220e-03,-1.586914e-02,5.859375e-03,2000,0,-7.823486e-04
2026-07-20T19:01:08.351,1784563268.351,162.403,-3.713623e-03,3.417336e-03,-1.489258e-02,7.568359e-03,2000,0,-7.427246e-04
2026-07-20T19:01:08.449,1784563268.450,162.503,-4.275391e-03,3.382029e-03,-1.635742e-02,1.000977e-02,2000,0,-8.550781e-04
2026-07-20T19:01:08.548,1784563268.549,162.603,-3.792969e-03,3.267854e-03,-1.635742e-02,6.103516e-03,2000,0,-7.585938e-04
2026-07-20T19:01:08.648,1784563268.649,162.703,-4.094360e-03,3.198352e-03,-1.513672e-02,1.123047e-02,2000,0,-8.188721e-04
2026-07-20T19:01:08.748,1784563268.749,162.803,-4.266846e-03,3.181710e-03,-1.562500e-02,1.000977e-02,2000,0,-8.533691e-04
2026-07-20T19:01:08.849,1784563268.849,162.903,-4.139160e-03,3.051034e-03,-1.391602e-02,7.812500e-03,2000,0,-8.278320e-04
2026-07-20T19:01:08.948,1784563268.949,163.003,-3.845581e-03,3.059568e-03,-1.684570e-02,5.371094e-03,2000,0,-7.691162e-04
2026-07-20T19:01:09.048,1784563269.049,163.103,-4.172241e-03,2.929062e-03,-1.391602e-02,6.103516e-03,2000,0,-8.344482e-04
2026-07-20T19:01:09.148,1784563269.149,163.203,-3.998413e-03,2.871638e-03,-1.342773e-02,5.126953e-03,2000,0,-7.996826e-04
2026-07-20T19:01:09.248,1784563269.249,163.303,-4.215942e-03,2.789710e-03,-1.586914e-02,3.662109e-03,2000,0,-8.431885e-04
2026-07-20T19:01:09.348,1784563269.349,163.403,-4.331299e-03,2.676698e-03,-1.464844e-02,4.638672e-03,2000,0,-8.662598e-04
2026-07-20T19:01:09.448,1784563269.449,163.503,-4.060059e-03,2.755807e-03,-1.464844e-02,4.394531e-03,2000,0,-8.120117e-04
2026-07-20T19:01:09.548,1784563269.549,163.603,-4.062012e-03,2.569607e-03,-1.318359e-02,5.615234e-03,2000,0,-8.124023e-04
2026-07-20T19:01:09.648,1784563269.649,163.703,-4.273804e-03,2.523391e-03,-1.269531e-02,5.126953e-03,2000,0,-8.547607e-04
2026-07-20T19:01:09.748,1784563269.749,163.803,-4.106079e-03,2.370863e-03,-1.611328e-02,2.929688e-03,2000,0,-8.212158e-04
2026-07-20T19:01:09.848,1784563269.849,163.903,-4.118042e-03,2.465179e-03,-1.440430e-02,3.173828e-03,2000,0,-8.236084e-04
2026-07-20T19:01:09.948,1784563269.949,164.003,-4.172852e-03,2.429102e-03,-1.196289e-02,1.318359e-02,2000,0,-8.345703e-04
2026-07-20T19:01:10.048,1784563270.049,164.103,-4.452271e-03,2.295059e-03,-1.342773e-02,4.394531e-03,2000,0,-8.904541e-04
2026-07-20T19:01:10.148,1784563270.149,164.203,-4.113159e-03,2.419719e-03,-1.733398e-02,2.441406e-03,2000,0,-8.226318e-04
2026-07-20T19:01:10.249,1784563270.250,164.303,-4.681030e-03,2.332615e-03,-1.391602e-02,3.173828e-03,2000,0,-9.362061e-04
2026-07-20T19:01:10.349,1784563270.350,164.403,-4.684570e-03,2.427201e-03,-1.318359e-02,4.394531e-03,2000,0,-9.369141e-04
2026-07-20T19:01:10.449,1784563270.450,164.503,-4.812744e-03,2.431384e-03,-1.293945e-02,4.394531e-03,2000,0,-9.625488e-04
2026-07-20T19:01:10.549,1784563270.550,164.603,-4.665161e-03,2.505872e-03,-1.342773e-02,5.371094e-03,2000,0,-9.330322e-04
2026-07-20T19:01:10.651,1784563270.651,164.703,-4.874146e-03,2.483358e-03,-2.197266e-02,2.441406e-03,2000,0,-9.748291e-04
2026-07-20T19:01:10.748,1784563270.749,164.803,-4.330444e-03,2.521508e-03,-1.293945e-02,3.662109e-03,2000,0,-8.660889e-04
2026-07-20T19:01:10.849,1784563270.849,164.903,-5.022217e-03,2.657692e-03,-1.416016e-02,3.662109e-03,2000,0,-1.004443e-03
2026-07-20T19:01:10.949,1784563270.949,165.003,-4.975830e-03,2.758485e-03,-1.562500e-02,3.662109e-03,2000,0,-9.951660e-04
2026-07-20T19:01:11.048,1784563271.049,165.103,-4.878418e-03,2.851105e-03,-2.148438e-02,3.906250e-03,2000,0,-9.756836e-04
2026-07-20T19:01:11.148,1784563271.149,165.203,-5.171631e-03,2.850748e-03,-1.416016e-02,3.906250e-03,2000,0,-1.034326e-03
2026-07-20T19:01:11.248,1784563271.249,165.303,-5.096680e-03,2.880504e-03,-1.464844e-02,3.417969e-03,2000,0,-1.019336e-03
2026-07-20T19:01:11.348,1784563271.349,165.403,-4.967041e-03,3.011353e-03,-1.733398e-02,4.394531e-03,2000,0,-9.934082e-04
2026-07-20T19:01:11.448,1784563271.449,165.503,-5.067505e-03,3.077685e-03,-1.855469e-02,6.103516e-03,2000,0,-1.013501e-03
2026-07-20T19:01:11.549,1784563271.549,165.603,-5.554687e-03,3.148027e-03,-1.562500e-02,5.371094e-03,2000,0,-1.110937e-03
2026-07-20T19:01:11.651,1784563271.651,165.703,-5.103149e-03,3.117916e-03,-1.562500e-02,5.615234e-03,2000,0,-1.020630e-03
2026-07-20T19:01:11.748,1784563271.749,165.803,-5.703369e-03,3.165946e-03,-1.879883e-02,3.662109e-03,2000,0,-1.140674e-03
2026-07-20T19:01:11.849,1784563271.849,165.903,-5.659546e-03,3.201014e-03,-1.635742e-02,5.859375e-03,2000,0,-1.131909e-03
2026-07-20T19:01:11.948,1784563271.949,166.003,-5.614746e-03,3.141076e-03,-1.708984e-02,1.342773e-02,2000,0,-1.122949e-03
2026-07-20T19:01:12.048,1784563272.049,166.103,-5.835571e-03,3.253031e-03,-1.708984e-02,5.371094e-03,2000,0,-1.167114e-03
2026-07-20T19:01:12.149,1784563272.149,166.203,-5.454712e-03,3.268141e-03,-1.611328e-02,4.150391e-03,2000,0,-1.090942e-03
2026-07-20T19:01:12.249,1784563272.249,166.303,-5.789062e-03,3.145002e-03,-1.831055e-02,4.394531e-03,2000,0,-1.157812e-03
2026-07-20T19:01:12.348,1784563272.349,166.403,-6.514771e-03,3.173076e-03,-2.197266e-02,3.662109e-03,2000,0,-1.302954e-03
2026-07-20T19:01:12.449,1784563272.449,166.503,-6.454590e-03,3.011642e-03,-1.708984e-02,2.929688e-03,2000,0,-1.290918e-03
2026-07-20T19:01:12.548,1784563272.549,166.603,-5.543579e-03,3.023998e-03,-1.684570e-02,3.417969e-03,2000,0,-1.108716e-03
2026-07-20T19:01:12.648,1784563272.649,166.703,-6.035522e-03,3.136090e-03,-1.708984e-02,3.173828e-03,2000,0,-1.207104e-03
2026-07-20T19:01:12.749,1784563272.749,166.803,-6.259644e-03,3.254538e-03,-1.855469e-02,4.638672e-03,2000,0,-1.251929e-03
2026-07-20T19:01:12.848,1784563272.849,166.903,-6.011719e-03,3.070981e-03,-2.026367e-02,5.126953e-03,2000,0,-1.202344e-03
2026-07-20T19:01:12.951,1784563272.951,167.003,-6.387207e-03,3.166305e-03,-1.733398e-02,6.103516e-03,2000,0,-1.277441e-03
2026-07-20T19:01:13.049,1784563273.049,167.103,-6.338867e-03,2.990655e-03,-1.611328e-02,5.126953e-03,2000,0,-1.267773e-03
2026-07-20T19:01:13.148,1784563273.149,167.203,-6.355469e-03,3.078990e-03,-1.733398e-02,5.371094e-03,2000,0,-1.271094e-03
2026-07-20T19:01:13.248,1784563273.249,167.303,-6.979004e-03,3.130513e-03,-1.831055e-02,2.441406e-03,2000,0,-1.395801e-03
2026-07-20T19:01:13.348,1784563273.349,167.403,-7.278198e-03,3.050068e-03,-1.904297e-02,1.708984e-03,2000,0,-1.455640e-03
2026-07-20T19:01:13.448,1784563273.449,167.503,-7.023438e-03,2.907336e-03,-1.831055e-02,3.173828e-03,2000,0,-1.404688e-03
2026-07-20T19:01:13.548,1784563273.549,167.603,-7.726440e-03,3.022124e-03,-1.855469e-02,1.464844e-03,2000,0,-1.545288e-03
2026-07-20T19:01:13.648,1784563273.649,167.703,-7.396729e-03,2.990207e-03,-2.001953e-02,2.441406e-03,2000,0,-1.479346e-03
2026-07-20T19:01:13.748,1784563273.749,167.803,-6.461914e-03,2.989561e-03,-1.562500e-02,3.417969e-03,2000,0,-1.292383e-03
2026-07-20T19:01:13.849,1784563273.849,167.903,-6.049316e-03,2.970026e-03,-1.855469e-02,3.662109e-03,2000,0,-1.209863e-03
2026-07-20T19:01:13.949,1784563273.949,168.003,-5.314575e-03,2.997853e-03,-1.416016e-02,7.812500e-03,2000,0,-1.062915e-03
2026-07-20T19:01:14.049,1784563274.049,168.103,-4.034302e-03,2.961501e-03,-1.391602e-02,7.568359e-03,2000,0,-8.068604e-04
2026-07-20T19:01:14.148,1784563274.149,168.203,-2.138306e-03,2.970040e-03,-1.660156e-02,6.591797e-03,2000,0,-4.276611e-04
2026-07-20T19:01:14.248,1784563274.249,168.303,-6.749268e-04,2.900346e-03,-1.196289e-02,8.544922e-03,2000,0,-1.349854e-04
2026-07-20T19:01:14.348,1784563274.349,168.403,3.599854e-04,2.868516e-03,-1.196289e-02,1.171875e-02,2000,0,7.199707e-05
2026-07-20T19:01:14.449,1784563274.449,168.503,2.148926e-03,3.017778e-03,-8.544922e-03,1.367188e-02,2000,0,4.297852e-04
2026-07-20T19:01:14.549,1784563274.549,168.603,4.335327e-03,3.177448e-03,-7.324219e-03,1.660156e-02,2000,0,8.670654e-04
2026-07-20T19:01:14.648,1784563274.649,168.703,5.703979e-03,3.103251e-03,-4.150391e-03,1.782227e-02,2000,0,1.140796e-03
2026-07-20T19:01:14.748,1784563274.749,168.803,7.507935e-03,3.148934e-03,-1.953125e-03,1.733398e-02,2000,0,1.501587e-03
2026-07-20T19:01:14.849,1784563274.849,168.903,9.696533e-03,3.397889e-03,-7.324219e-04,2.270508e-02,2000,0,1.939307e-03
2026-07-20T19:01:14.948,1784563274.949,169.003,1.032239e-02,3.296620e-03,-4.882812e-04,2.221680e-02,2000,0,2.064478e-03
2026-07-20T19:01:15.049,1784563275.050,169.103,1.244080e-02,3.608302e-03,2.197266e-03,2.978516e-02,2000,0,2.488159e-03
2026-07-20T19:01:15.149,1784563275.150,169.203,1.451929e-02,3.454863e-03,2.441406e-03,2.709961e-02,2000,0,2.903857e-03
2026-07-20T19:01:15.249,1784563275.249,169.303,1.597351e-02,3.493666e-03,3.417969e-03,3.002930e-02,2000,0,3.194702e-03
2026-07-20T19:01:15.349,1784563275.350,169.403,1.783582e-02,3.643470e-03,6.347656e-03,3.442383e-02,2000,0,3.567163e-03
2026-07-20T19:01:15.450,1784563275.450,169.503,1.951880e-02,3.745553e-03,9.033203e-03,3.662109e-02,2000,0,3.903760e-03
2026-07-20T19:01:15.549,1784563275.549,169.603,2.063281e-02,3.647104e-03,7.568359e-03,3.564453e-02,2000,0,4.126563e-03
2026-07-20T19:01:15.649,1784563275.649,169.703,2.229187e-02,3.833077e-03,9.765625e-03,3.735352e-02,2000,0,4.458374e-03
2026-07-20T19:01:15.749,1784563275.749,169.803,2.403149e-02,3.865861e-03,1.220703e-02,3.784180e-02,2000,0,4.806299e-03
2026-07-20T19:01:15.849,1784563275.849,169.903,2.458252e-02,3.773105e-03,1.367188e-02,3.833008e-02,2000,0,4.916504e-03
2026-07-20T19:01:15.949,1784563275.949,170.003,2.597510e-02,3.852047e-03,1.025391e-02,4.052734e-02,2000,0,5.195020e-03
2026-07-20T19:01:16.049,1784563276.049,170.103,2.732666e-02,3.777220e-03,1.635742e-02,4.174805e-02,2000,0,5.465332e-03
2026-07-20T19:01:16.148,1784563276.149,170.203,2.811279e-02,3.875485e-03,1.611328e-02,4.199219e-02,2000,0,5.622559e-03
2026-07-20T19:01:16.249,1784563276.249,170.303,2.834851e-02,3.918705e-03,1.757812e-02,4.345703e-02,2000,0,5.669702e-03
2026-07-20T19:01:16.349,1784563276.349,170.403,2.948096e-02,3.840562e-03,1.513672e-02,4.174805e-02,2000,0,5.896191e-03
2026-07-20T19:01:16.448,1784563276.449,170.503,3.011133e-02,3.735616e-03,1.879883e-02,4.296875e-02,2000,0,6.022266e-03
2026-07-20T19:01:16.549,1784563276.549,170.603,3.055066e-02,3.793392e-03,1.879883e-02,4.760742e-02,2000,0,6.110132e-03
2026-07-20T19:01:16.649,1784563276.649,170.703,3.117041e-02,3.808803e-03,1.733398e-02,4.443359e-02,2000,0,6.234082e-03
2026-07-20T19:01:16.748,1784563276.749,170.803,3.153320e-02,3.903360e-03,2.050781e-02,4.467773e-02,2000,0,6.306641e-03
2026-07-20T19:01:16.849,1784563276.849,170.903,3.176416e-02,3.744975e-03,1.928711e-02,4.541016e-02,2000,0,6.352832e-03
2026-07-20T19:01:16.949,1784563276.949,171.003,3.217334e-02,3.565235e-03,1.977539e-02,4.321289e-02,2000,0,6.434668e-03
2026-07-20T19:01:17.051,1784563277.052,171.103,3.210510e-02,3.745964e-03,1.831055e-02,4.418945e-02,2000,0,6.421021e-03
2026-07-20T19:01:17.149,1784563277.150,171.203,3.226062e-02,3.645536e-03,2.001953e-02,4.370117e-02,2000,0,6.452124e-03
2026-07-20T19:01:17.249,1784563277.250,171.303,3.225391e-02,3.676092e-03,2.026367e-02,4.687500e-02,2000,0,6.450781e-03
2026-07-20T19:01:17.349,1784563277.350,171.403,3.249792e-02,3.614123e-03,2.026367e-02,4.492188e-02,2000,0,6.499585e-03
2026-07-20T19:01:17.449,1784563277.450,171.503,3.235730e-02,3.497102e-03,1.611328e-02,4.516602e-02,2000,0,6.471460e-03
2026-07-20T19:01:17.549,1784563277.549,171.603,3.263867e-02,3.416980e-03,2.124023e-02,4.443359e-02,2000,0,6.527734e-03
2026-07-20T19:01:17.649,1784563277.649,171.703,3.243384e-02,3.400759e-03,2.050781e-02,4.345703e-02,2000,0,6.486768e-03
2026-07-20T19:01:17.749,1784563277.749,171.803,3.199402e-02,3.204751e-03,2.026367e-02,4.418945e-02,2000,0,6.398804e-03
2026-07-20T19:01:17.849,1784563277.850,171.903,3.195251e-02,3.078985e-03,2.172852e-02,4.467773e-02,2000,0,6.390503e-03
2026-07-20T19:01:17.949,1784563277.949,172.003,3.164062e-02,3.188826e-03,2.124023e-02,4.418945e-02,2000,0,6.328125e-03
2026-07-20T19:01:18.049,1784563278.049,172.103,3.164258e-02,3.127958e-03,1.928711e-02,4.443359e-02,2000,0,6.328516e-03
2026-07-20T19:01:18.149,1784563278.149,172.203,3.160083e-02,3.146167e-03,1.904297e-02,4.174805e-02,2000,0,6.320166e-03
2026-07-20T19:01:18.249,1784563278.249,172.303,3.132593e-02,2.959577e-03,2.246094e-02,4.296875e-02,2000,0,6.265186e-03
2026-07-20T19:01:18.349,1784563278.349,172.403,3.019336e-02,3.108979e-03,1.977539e-02,4.199219e-02,2000,0,6.038672e-03
2026-07-20T19:01:18.449,1784563278.449,172.503,3.055115e-02,3.071378e-03,2.099609e-02,4.296875e-02,2000,0,6.110229e-03
2026-07-20T19:01:18.549,1784563278.549,172.603,2.983020e-02,3.196606e-03,1.831055e-02,4.077148e-02,2000,0,5.966040e-03
2026-07-20T19:01:18.649,1784563278.649,172.703,2.927417e-02,3.214752e-03,1.782227e-02,4.077148e-02,2000,0,5.854834e-03
2026-07-20T19:01:18.749,1784563278.749,172.803,2.898694e-02,3.117523e-03,1.806641e-02,3.906250e-02,2000,0,5.797388e-03
2026-07-20T19:01:18.849,1784563278.849,172.903,2.882349e-02,3.232539e-03,1.586914e-02,3.857422e-02,2000,0,5.764697e-03
2026-07-20T19:01:18.949,1784563278.949,173.003,2.802954e-02,3.240506e-03,1.806641e-02,4.052734e-02,2000,0,5.605908e-03
2026-07-20T19:01:19.049,1784563279.050,173.104,2.729211e-02,3.211593e-03,1.733398e-02,3.979492e-02,2000,0,5.458423e-03
2026-07-20T19:01:19.149,1784563279.149,173.203,2.724500e-02,3.161304e-03,1.538086e-02,3.759766e-02,2000,0,5.448999e-03
2026-07-20T19:01:19.249,1784563279.249,173.303,2.695471e-02,3.229984e-03,1.806641e-02,3.784180e-02,2000,0,5.390942e-03
2026-07-20T19:01:19.349,1784563279.349,173.403,2.638574e-02,3.441181e-03,1.513672e-02,3.808594e-02,2000,0,5.277148e-03
2026-07-20T19:01:19.449,1784563279.449,173.503,2.591455e-02,3.358764e-03,1.342773e-02,3.735352e-02,2000,0,5.182910e-03
2026-07-20T19:01:19.549,1784563279.549,173.603,2.456311e-02,3.433695e-03,1.220703e-02,3.540039e-02,2000,0,4.912622e-03
2026-07-20T19:01:19.649,1784563279.649,173.703,2.420410e-02,3.254985e-03,8.789062e-03,3.417969e-02,2000,0,4.840820e-03
2026-07-20T19:01:19.749,1784563279.749,173.803,2.403955e-02,3.433418e-03,1.391602e-02,3.442383e-02,2000,0,4.807910e-03
2026-07-20T19:01:19.849,1784563279.849,173.903,2.319788e-02,3.256063e-03,1.342773e-02,3.247070e-02,2000,0,4.639575e-03
2026-07-20T19:01:19.949,1784563279.949,174.003,2.258264e-02,3.250134e-03,1.342773e-02,3.686523e-02,2000,0,4.516528e-03
2026-07-20T19:01:20.049,1784563280.049,174.103,2.230408e-02,3.283893e-03,1.147461e-02,3.393555e-02,2000,0,4.460815e-03
2026-07-20T19:01:20.149,1784563280.149,174.203,2.095056e-02,3.479331e-03,4.638672e-03,3.198242e-02,2000,0,4.190112e-03
2026-07-20T19:01:20.249,1784563280.249,174.303,2.122058e-02,3.444114e-03,9.765625e-03,3.393555e-02,2000,0,4.244116e-03
2026-07-20T19:01:20.349,1784563280.349,174.403,2.009924e-02,3.294966e-03,9.765625e-03,3.881836e-02,2000,0,4.019849e-03
2026-07-20T19:01:20.448,1784563280.449,174.503,1.971729e-02,3.284144e-03,9.765625e-03,3.466797e-02,2000,0,3.943457e-03
2026-07-20T19:01:20.549,1784563280.549,174.603,1.921875e-02,3.390942e-03,5.615234e-03,2.929688e-02,2000,0,3.843750e-03
2026-07-20T19:01:20.649,1784563280.649,174.703,1.831384e-02,3.416018e-03,4.150391e-03,2.880859e-02,2000,0,3.662769e-03
2026-07-20T19:01:20.749,1784563280.749,174.803,1.752478e-02,3.354609e-03,5.859375e-03,2.929688e-02,2000,0,3.504956e-03
2026-07-20T19:01:20.849,1784563280.849,174.903,1.739502e-02,3.532256e-03,4.150391e-03,2.856445e-02,2000,0,3.479004e-03
2026-07-20T19:01:20.949,1784563280.949,175.003,1.677124e-02,3.485623e-03,3.662109e-03,3.149414e-02,2000,0,3.354248e-03
2026-07-20T19:01:21.049,1784563281.049,175.103,1.609155e-02,3.503066e-03,-2.441406e-04,2.734375e-02,2000,0,3.218311e-03
2026-07-20T19:01:21.149,1784563281.149,175.203,1.531616e-02,3.603773e-03,2.441406e-03,2.587891e-02,2000,0,3.063232e-03
2026-07-20T19:01:21.249,1784563281.249,175.303,1.549036e-02,3.471885e-03,-2.441406e-04,2.783203e-02,2000,0,3.098071e-03
2026-07-20T19:01:21.349,1784563281.349,175.403,1.457849e-02,3.405148e-03,-2.441406e-04,2.514648e-02,2000,0,2.915698e-03
2026-07-20T19:01:21.449,1784563281.449,175.503,1.422559e-02,3.620846e-03,1.220703e-03,2.514648e-02,2000,0,2.845117e-03
2026-07-20T19:01:21.549,1784563281.549,175.603,1.347852e-02,3.516343e-03,0.000000e+00,2.392578e-02,2000,0,2.695703e-03
2026-07-20T19:01:21.649,1784563281.649,175.703,1.209314e-02,3.388430e-03,-4.638672e-03,2.661133e-02,2000,0,2.418628e-03
2026-07-20T19:01:21.749,1784563281.749,175.803,1.266321e-02,3.432266e-03,4.882812e-04,2.197266e-02,2000,0,2.532642e-03
2026-07-20T19:01:21.849,1784563281.849,175.903,1.246960e-02,3.383403e-03,4.882812e-04,2.392578e-02,2000,0,2.493921e-03
2026-07-20T19:01:21.949,1784563281.949,176.003,1.083374e-02,3.297601e-03,-2.441406e-04,2.270508e-02,2000,0,2.166748e-03
2026-07-20T19:01:22.051,1784563282.051,176.103,1.137744e-02,3.222791e-03,0.000000e+00,2.099609e-02,2000,0,2.275488e-03
2026-07-20T19:01:22.149,1784563282.149,176.203,1.034729e-02,3.146756e-03,-1.220703e-03,2.001953e-02,2000,0,2.069458e-03
2026-07-20T19:01:22.249,1784563282.249,176.303,1.068323e-02,3.346492e-03,-1.220703e-03,2.148438e-02,2000,0,2.136646e-03
2026-07-20T19:01:22.349,1784563282.349,176.403,1.039001e-02,3.211565e-03,-4.150391e-03,2.246094e-02,2000,0,2.078003e-03
2026-07-20T19:01:22.449,1784563282.449,176.503,1.025391e-02,3.288639e-03,-2.929688e-03,2.026367e-02,2000,0,2.050781e-03
2026-07-20T19:01:22.549,1784563282.549,176.603,9.607300e-03,3.186572e-03,-2.441406e-03,1.928711e-02,2000,0,1.921460e-03
2026-07-20T19:01:22.649,1784563282.649,176.703,9.862549e-03,3.290019e-03,-1.220703e-03,1.904297e-02,2000,0,1.972510e-03
2026-07-20T19:01:22.749,1784563282.749,176.803,9.178955e-03,3.281559e-03,-5.859375e-03,2.172852e-02,2000,0,1.835791e-03
2026-07-20T19:01:22.849,1784563282.849,176.903,8.181885e-03,3.202050e-03,-1.464844e-03,1.831055e-02,2000,0,1.636377e-03
2026-07-20T19:01:22.949,1784563282.949,177.003,8.097534e-03,3.126921e-03,-1.464844e-03,1.831055e-02,2000,0,1.619507e-03
2026-07-20T19:01:23.049,1784563283.049,177.103,7.821533e-03,3.282049e-03,-1.220703e-03,1.708984e-02,2000,0,1.564307e-03
2026-07-20T19:01:23.149,1784563283.149,177.203,8.491821e-03,3.250494e-03,-3.662109e-03,1.904297e-02,2000,0,1.698364e-03
2026-07-20T19:01:23.249,1784563283.249,177.303,7.468262e-03,3.240942e-03,-2.929688e-03,1.660156e-02,2000,0,1.493652e-03
2026-07-20T19:01:23.349,1784563283.349,177.403,7.664429e-03,3.378642e-03,-6.347656e-03,1.953125e-02,2000,0,1.532886e-03
2026-07-20T19:01:23.449,1784563283.449,177.503,6.935913e-03,3.221147e-03,-3.662109e-03,1.708984e-02,2000,0,1.387183e-03
2026-07-20T19:01:23.548,1784563283.549,177.603,6.754883e-03,3.250252e-03,-3.906250e-03,1.635742e-02,2000,0,1.350977e-03
2026-07-20T19:01:23.648,1784563283.649,177.703,7.033325e-03,3.252809e-03,-1.464844e-03,2.319336e-02,2000,0,1.406665e-03
2026-07-20T19:01:23.748,1784563283.749,177.803,6.509521e-03,3.297846e-03,-6.347656e-03,1.757812e-02,2000,0,1.301904e-03
2026-07-20T19:01:23.849,1784563283.849,177.903,6.682251e-03,3.332455e-03,-7.812500e-03,1.611328e-02,2000,0,1.336450e-03
2026-07-20T19:01:23.949,1784563283.949,178.003,6.238647e-03,3.292561e-03,-4.394531e-03,1.513672e-02,2000,0,1.247729e-03
2026-07-20T19:01:24.049,1784563284.049,178.103,6.077515e-03,3.324808e-03,-1.000977e-02,1.684570e-02,2000,0,1.215503e-03
2026-07-20T19:01:24.149,1784563284.149,178.203,5.628174e-03,3.299578e-03,-6.591797e-03,1.464844e-02,2000,0,1.125635e-03
2026-07-20T19:01:24.249,1784563284.249,178.303,5.571899e-03,3.323166e-03,-5.859375e-03,1.562500e-02,2000,0,1.114380e-03
2026-07-20T19:01:24.348,1784563284.349,178.403,4.905273e-03,3.272573e-03,-1.611328e-02,1.855469e-02,2000,0,9.810547e-04
2026-07-20T19:01:24.449,1784563284.449,178.503,5.286255e-03,3.326354e-03,-7.568359e-03,1.464844e-02,2000,0,1.057251e-03
2026-07-20T19:01:24.551,1784563284.551,178.603,5.209473e-03,3.269550e-03,-7.568359e-03,1.586914e-02,2000,0,1.041895e-03
2026-07-20T19:01:24.649,1784563284.650,178.703,4.702271e-03,3.195778e-03,-5.371094e-03,1.464844e-02,2000,0,9.404541e-04
2026-07-20T19:01:24.750,1784563284.751,178.803,4.337036e-03,3.176269e-03,-6.103516e-03,1.611328e-02,2000,0,8.674072e-04
2026-07-20T19:01:24.851,1784563284.851,178.903,4.254517e-03,3.214402e-03,-8.789062e-03,1.464844e-02,2000,0,8.509033e-04
2026-07-20T19:01:24.951,1784563284.951,179.003,3.923462e-03,3.236512e-03,-9.277344e-03,1.367188e-02,2000,0,7.846924e-04
2026-07-20T19:01:25.050,1784563285.051,179.103,3.095093e-03,3.044469e-03,-8.300781e-03,1.269531e-02,2000,0,6.190186e-04
2026-07-20T19:01:25.150,1784563285.151,179.203,3.264771e-03,3.072321e-03,-8.300781e-03,1.293945e-02,2000,0,6.529541e-04
2026-07-20T19:01:25.248,1784563285.249,179.303,2.679688e-03,2.930811e-03,-7.080078e-03,2.148438e-02,2000,0,5.359375e-04
2026-07-20T19:01:25.351,1784563285.351,179.403,2.533325e-03,3.078513e-03,-8.056641e-03,1.196289e-02,2000,0,5.066650e-04
2026-07-20T19:01:25.449,1784563285.449,179.503,2.321167e-03,3.041368e-03,-1.220703e-02,1.440430e-02,2000,0,4.642334e-04
2026-07-20T19:01:25.548,1784563285.549,179.603,2.537964e-03,3.133838e-03,-7.568359e-03,1.293945e-02,2000,0,5.075928e-04
2026-07-20T19:01:25.649,1784563285.649,179.703,1.686279e-03,3.012960e-03,-9.277344e-03,1.513672e-02,2000,0,3.372559e-04
2026-07-20T19:01:25.750,1784563285.751,179.803,1.845459e-03,2.981721e-03,-8.544922e-03,1.123047e-02,2000,0,3.690918e-04
2026-07-20T19:01:25.851,1784563285.851,179.903,1.595215e-03,2.993386e-03,-9.765625e-03,1.147461e-02,2000,0,3.190430e-04
2026-07-20T19:01:25.949,1784563285.949,180.003,1.012939e-03,3.026909e-03,-9.765625e-03,1.293945e-02,2000,0,2.025879e-04
2026-07-20T19:01:26.051,1784563286.051,180.103,-7.934570e-06,2.950381e-03,-9.521484e-03,9.033203e-03,2000,0,-1.586914e-06
2026-07-20T19:01:26.149,1784563286.149,180.203,5.355225e-04,3.068072e-03,-1.000977e-02,1.513672e-02,2000,0,1.071045e-04
2026-07-20T19:01:26.249,1784563286.249,180.303,-1.589722e-03,3.155917e-03,-1.196289e-02,1.147461e-02,2000,0,-3.179443e-04
2026-07-20T19:01:26.348,1784563286.349,180.403,-2.242065e-03,3.039279e-03,-1.293945e-02,1.000977e-02,2000,0,-4.484131e-04
2026-07-20T19:01:26.449,1784563286.449,180.503,-1.180176e-03,3.036097e-03,-1.269531e-02,8.056641e-03,2000,0,-2.360352e-04
2026-07-20T19:01:26.551,1784563286.552,180.603,-2.371582e-03,3.235459e-03,-1.684570e-02,8.789062e-03,2000,0,-4.743164e-04
2026-07-20T19:01:26.648,1784563286.649,180.703,-3.817993e-03,3.288782e-03,-1.367188e-02,5.859375e-03,2000,0,-7.635986e-04
2026-07-20T19:01:26.750,1784563286.751,180.803,-2.654053e-03,3.172028e-03,-1.196289e-02,1.708984e-02,2000,0,-5.308105e-04
2026-07-20T19:01:26.851,1784563286.851,180.903,-1.895752e-03,3.230920e-03,-1.293945e-02,1.025391e-02,2000,0,-3.791504e-04
2026-07-20T19:01:26.949,1784563286.949,181.003,-2.190308e-03,3.168957e-03,-1.367188e-02,8.544922e-03,2000,0,-4.380615e-04
2026-07-20T19:01:27.048,1784563287.049,181.103,-2.276855e-03,3.244993e-03,-1.562500e-02,1.000977e-02,2000,0,-4.553711e-04
2026-07-20T19:01:27.149,1784563287.149,181.203,-3.815796e-03,3.252666e-03,-1.489258e-02,7.812500e-03,2000,0,-7.631592e-04
2026-07-20T19:01:27.250,1784563287.251,181.303,-3.388672e-03,3.257833e-03,-1.391602e-02,6.835938e-03,2000,0,-6.777344e-04
2026-07-20T19:01:27.350,1784563287.350,181.403,-4.162354e-03,3.280905e-03,-1.440430e-02,6.835938e-03,2000,0,-8.324707e-04
2026-07-20T19:01:27.450,1784563287.451,181.503,-3.375122e-03,3.344332e-03,-2.001953e-02,1.367188e-02,2000,0,-6.750244e-04
2026-07-20T19:01:27.548,1784563287.549,181.603,-3.744629e-03,3.151323e-03,-1.611328e-02,7.324219e-03,2000,0,-7.489258e-04
2026-07-20T19:01:27.649,1784563287.650,181.703,-3.208862e-03,3.262909e-03,-2.392578e-02,8.544922e-03,2000,0,-6.417725e-04
2026-07-20T19:01:27.750,1784563287.751,181.803,-3.040283e-03,3.185364e-03,-1.220703e-02,7.568359e-03,2000,0,-6.080566e-04
2026-07-20T19:01:27.848,1784563287.849,181.903,-2.266602e-03,3.105334e-03,-1.440430e-02,7.324219e-03,2000,0,-4.533203e-04
2026-07-20T19:01:27.950,1784563287.950,182.003,-2.875610e-03,3.073608e-03,-1.538086e-02,7.812500e-03,2000,0,-5.751221e-04
2026-07-20T19:01:28.051,1784563288.051,182.103,-2.063965e-03,2.929178e-03,-1.440430e-02,1.171875e-02,2000,0,-4.127930e-04
2026-07-20T19:01:28.149,1784563288.149,182.203,-1.925781e-03,3.048157e-03,-1.220703e-02,8.056641e-03,2000,0,-3.851563e-04
2026-07-20T19:01:28.248,1784563288.249,182.303,-1.636597e-03,2.914282e-03,-1.245117e-02,8.544922e-03,2000,0,-3.273193e-04
2026-07-20T19:01:28.351,1784563288.351,182.403,-1.211670e-03,2.875088e-03,-1.171875e-02,9.765625e-03,2000,0,-2.423340e-04
2026-07-20T19:01:28.448,1784563288.449,182.503,-3.104248e-03,2.872445e-03,-1.342773e-02,6.347656e-03,2000,0,-6.208496e-04
2026-07-20T19:01:28.551,1784563288.551,182.603,-2.720459e-03,2.736484e-03,-1.416016e-02,7.324219e-03,2000,0,-5.440918e-04
2026-07-20T19:01:28.650,1784563288.651,182.703,-1.245361e-03,2.697348e-03,-1.293945e-02,7.080078e-03,2000,0,-2.490723e-04
2026-07-20T19:01:28.749,1784563288.749,182.803,-6.683350e-04,2.714264e-03,-1.220703e-02,1.171875e-02,2000,0,-1.336670e-04
2026-07-20T19:01:28.848,1784563288.849,182.903,-9.537354e-04,2.612861e-03,-1.269531e-02,6.835938e-03,2000,0,-1.907471e-04
2026-07-20T19:01:28.948,1784563288.949,183.003,4.091797e-04,2.454275e-03,-1.025391e-02,9.765625e-03,2000,0,8.183594e-05
2026-07-20T19:01:29.048,1784563289.049,183.103,2.587891e-04,2.571421e-03,-9.521484e-03,8.300781e-03,2000,0,5.175781e-05
2026-07-20T19:01:29.148,1784563289.149,183.203,-8.337402e-05,2.555301e-03,-9.765625e-03,1.147461e-02,2000,0,-1.667480e-05
2026-07-20T19:01:29.248,1784563289.249,183.303,2.222900e-04,2.487642e-03,-1.025391e-02,1.147461e-02,2000,0,4.445801e-05
2026-07-20T19:01:29.348,1784563289.349,183.403,-1.328125e-04,2.410523e-03,-9.277344e-03,9.765625e-03,2000,0,-2.656250e-05
2026-07-20T19:01:29.449,1784563289.449,183.503,-6.225586e-06,2.402186e-03,-1.220703e-02,9.277344e-03,2000,0,-1.245117e-06
2026-07-20T19:01:29.548,1784563289.549,183.603,3.527832e-04,2.480870e-03,-8.056641e-03,1.245117e-02,2000,0,7.055664e-05
2026-07-20T19:01:29.651,1784563289.651,183.703,5.871582e-05,2.388610e-03,-8.056641e-03,9.765625e-03,2000,0,1.174316e-05
2026-07-20T19:01:29.749,1784563289.750,183.803,8.671875e-04,2.427024e-03,-8.789062e-03,8.300781e-03,2000,0,1.734375e-04
2026-07-20T19:01:29.851,1784563289.851,183.903,2.076294e-03,2.381917e-03,-7.324219e-03,1.098633e-02,2000,0,4.152588e-04
2026-07-20T19:01:29.949,1784563289.949,184.003,2.489380e-03,2.321454e-03,-6.347656e-03,1.049805e-02,2000,0,4.978760e-04
2026-07-20T19:01:30.051,1784563290.051,184.103,2.491333e-03,2.607311e-03,-5.859375e-03,1.269531e-02,2000,0,4.982666e-04
2026-07-20T19:01:30.151,1784563290.151,184.203,2.937256e-03,2.583338e-03,-5.371094e-03,1.196289e-02,2000,0,5.874512e-04
2026-07-20T19:01:30.248,1784563290.249,184.303,3.292969e-03,2.553212e-03,-4.638672e-03,1.269531e-02,2000,0,6.585937e-04
2026-07-20T19:01:30.348,1784563290.349,184.403,3.457642e-03,2.596801e-03,-4.638672e-03,1.147461e-02,2000,0,6.915283e-04
2026-07-20T19:01:30.448,1784563290.449,184.503,4.270142e-03,2.665988e-03,-3.906250e-03,1.269531e-02,2000,0,8.540283e-04
2026-07-20T19:01:30.548,1784563290.549,184.603,4.661743e-03,2.749207e-03,-4.882812e-03,1.293945e-02,2000,0,9.323486e-04
2026-07-20T19:01:30.649,1784563290.649,184.703,5.265991e-03,2.692000e-03,-4.150391e-03,1.538086e-02,2000,0,1.053198e-03
2026-07-20T19:01:30.750,1784563290.751,184.803,5.563477e-03,2.815060e-03,-2.929688e-03,1.708984e-02,2000,0,1.112695e-03
2026-07-20T19:01:30.848,1784563290.849,184.903,5.948975e-03,2.755636e-03,-3.417969e-03,1.513672e-02,2000,0,1.189795e-03
2026-07-20T19:01:30.949,1784563290.949,185.003,6.324463e-03,2.898536e-03,-2.929688e-03,1.928711e-02,2000,0,1.264893e-03
2026-07-20T19:01:31.048,1784563291.049,185.103,5.867798e-03,3.003340e-03,-5.126953e-03,1.782227e-02,2000,0,1.173560e-03
2026-07-20T19:01:31.149,1784563291.149,185.203,5.845215e-03,2.949888e-03,-4.150391e-03,1.489258e-02,2000,0,1.169043e-03
2026-07-20T19:01:31.248,1784563291.249,185.303,6.193359e-03,2.935324e-03,-3.417969e-03,1.757812e-02,2000,0,1.238672e-03
2026-07-20T19:01:31.348,1784563291.349,185.403,6.197388e-03,2.905137e-03,-2.441406e-03,1.928711e-02,2000,0,1.239478e-03
2026-07-20T19:01:31.449,1784563291.449,185.503,7.127930e-03,3.141167e-03,-3.173828e-03,1.684570e-02,2000,0,1.425586e-03
2026-07-20T19:01:31.548,1784563291.549,185.603,7.102539e-03,3.090077e-03,-6.103516e-03,1.733398e-02,2000,0,1.420508e-03
2026-07-20T19:01:31.649,1784563291.649,185.703,7.287109e-03,3.338625e-03,-3.906250e-03,1.757812e-02,2000,0,1.457422e-03
2026-07-20T19:01:31.748,1784563291.749,185.803,7.800293e-03,3.087694e-03,-2.441406e-03,1.977539e-02,2000,0,1.560059e-03
2026-07-20T19:01:31.849,1784563291.849,185.903,7.348267e-03,3.258192e-03,-2.197266e-03,1.855469e-02,2000,0,1.469653e-03
2026-07-20T19:01:31.948,1784563291.949,186.003,7.954224e-03,3.110859e-03,-3.173828e-03,2.001953e-02,2000,0,1.590845e-03
2026-07-20T19:01:32.048,1784563292.049,186.103,7.677979e-03,3.203683e-03,-3.906250e-03,1.928711e-02,2000,0,1.535596e-03
2026-07-20T19:01:32.148,1784563292.149,186.203,7.197754e-03,3.354129e-03,-5.126953e-03,1.904297e-02,2000,0,1.439551e-03
2026-07-20T19:01:32.249,1784563292.249,186.303,8.430054e-03,3.438659e-03,-2.685547e-03,1.953125e-02,2000,0,1.686011e-03
2026-07-20T19:01:32.348,1784563292.349,186.403,9.278320e-03,3.333785e-03,-6.835938e-03,2.050781e-02,2000,0,1.855664e-03
2026-07-20T19:01:32.450,1784563292.451,186.503,1.015051e-02,3.241358e-03,0.000000e+00,2.148438e-02,2000,0,2.030103e-03
2026-07-20T19:01:32.548,1784563292.549,186.603,1.129102e-02,3.121340e-03,-2.441406e-04,2.661133e-02,2000,0,2.258203e-03
2026-07-20T19:01:32.648,1784563292.649,186.703,1.195764e-02,3.188742e-03,9.765625e-04,2.148438e-02,2000,0,2.391528e-03
2026-07-20T19:01:32.748,1784563292.749,186.803,1.321240e-02,3.242800e-03,3.173828e-03,2.490234e-02,2000,0,2.642480e-03
2026-07-20T19:01:32.849,1784563292.849,186.903,1.430176e-02,3.500040e-03,1.464844e-03,2.539062e-02,2000,0,2.860352e-03
2026-07-20T19:01:32.948,1784563292.949,187.003,1.550427e-02,3.312233e-03,3.906250e-03,2.832031e-02,2000,0,3.100854e-03
2026-07-20T19:01:33.048,1784563293.049,187.103,1.703882e-02,3.346431e-03,6.103516e-03,3.369141e-02,2000,0,3.407764e-03
2026-07-20T19:01:33.149,1784563293.149,187.203,1.940564e-02,3.602723e-03,9.277344e-03,3.149414e-02,2000,0,3.881128e-03
2026-07-20T19:01:33.248,1784563293.249,187.303,2.069055e-02,3.480886e-03,8.544922e-03,3.149414e-02,2000,0,4.138110e-03
2026-07-20T19:01:33.348,1784563293.349,187.403,2.279431e-02,3.682082e-03,1.171875e-02,3.686523e-02,2000,0,4.558862e-03
2026-07-20T19:01:33.448,1784563293.449,187.503,2.457324e-02,3.612150e-03,1.416016e-02,3.564453e-02,2000,0,4.914648e-03
2026-07-20T19:01:33.549,1784563293.550,187.603,2.651172e-02,3.782853e-03,1.391602e-02,3.759766e-02,2000,0,5.302344e-03
2026-07-20T19:01:33.648,1784563293.649,187.703,2.874512e-02,3.822032e-03,1.416016e-02,4.174805e-02,2000,0,5.749023e-03
2026-07-20T19:01:33.748,1784563293.749,187.803,3.136780e-02,3.804685e-03,1.855469e-02,4.394531e-02,2000,0,6.273560e-03
2026-07-20T19:01:33.848,1784563293.849,187.903,3.273206e-02,3.778659e-03,1.538086e-02,4.370117e-02,2000,0,6.546411e-03
2026-07-20T19:01:33.949,1784563293.949,188.003,3.509888e-02,3.952604e-03,2.124023e-02,4.785156e-02,2000,0,7.019775e-03
2026-07-20T19:01:34.048,1784563294.049,188.103,3.749841e-02,3.894814e-03,2.221680e-02,4.980469e-02,2000,0,7.499683e-03
2026-07-20T19:01:34.149,1784563294.150,188.203,3.866541e-02,3.858225e-03,2.612305e-02,4.931641e-02,2000,0,7.733081e-03
2026-07-20T19:01:34.248,1784563294.249,188.303,4.158289e-02,3.880545e-03,2.465820e-02,5.419922e-02,2000,0,8.316577e-03
2026-07-20T19:01:34.348,1784563294.349,188.403,4.396301e-02,4.078371e-03,3.051758e-02,5.737305e-02,2000,0,8.792603e-03
2026-07-20T19:01:34.450,1784563294.451,188.503,4.582190e-02,3.893229e-03,3.222656e-02,5.786133e-02,2000,0,9.164380e-03
2026-07-20T19:01:34.549,1784563294.549,188.603,4.778687e-02,3.826547e-03,3.344727e-02,6.079102e-02,2000,0,9.557373e-03
2026-07-20T19:01:34.648,1784563294.649,188.703,5.022742e-02,3.932350e-03,3.417969e-02,6.298828e-02,2000,0,1.004548e-02
2026-07-20T19:01:34.748,1784563294.749,188.803,5.114771e-02,3.956969e-03,3.686523e-02,6.323242e-02,2000,0,1.022954e-02
2026-07-20T19:01:34.848,1784563294.849,188.903,5.360486e-02,3.944044e-03,4.052734e-02,6.469727e-02,2000,0,1.072097e-02
2026-07-20T19:01:34.948,1784563294.949,189.003,5.554224e-02,3.877027e-03,4.125977e-02,6.713867e-02,2000,0,1.110845e-02
2026-07-20T19:01:35.048,1784563295.049,189.103,5.659509e-02,3.943296e-03,4.345703e-02,6.958008e-02,2000,0,1.131902e-02
2026-07-20T19:01:35.149,1784563295.150,189.203,5.789026e-02,3.811585e-03,4.467773e-02,7.080078e-02,2000,0,1.157805e-02
2026-07-20T19:01:35.248,1784563295.249,189.303,5.890271e-02,3.825583e-03,4.345703e-02,7.177734e-02,2000,0,1.178054e-02
2026-07-20T19:01:35.348,1784563295.349,189.403,5.996082e-02,3.867831e-03,4.711914e-02,7.568359e-02,2000,0,1.199216e-02
2026-07-20T19:01:35.449,1784563295.449,189.503,6.040845e-02,3.646406e-03,4.296875e-02,7.055664e-02,2000,0,1.208169e-02
2026-07-20T19:01:35.548,1784563295.549,189.603,6.147925e-02,3.726975e-03,4.858398e-02,7.324219e-02,2000,0,1.229585e-02
2026-07-20T19:01:35.651,1784563295.651,189.703,6.177234e-02,3.694180e-03,4.882812e-02,7.910156e-02,2000,0,1.235447e-02
2026-07-20T19:01:35.748,1784563295.749,189.803,6.263306e-02,3.656596e-03,4.858398e-02,7.373047e-02,2000,0,1.252661e-02
2026-07-20T19:01:35.849,1784563295.849,189.903,6.237195e-02,3.673245e-03,4.833984e-02,7.250977e-02,2000,0,1.247439e-02
2026-07-20T19:01:35.948,1784563295.949,190.003,6.321155e-02,3.730299e-03,4.980469e-02,8.007812e-02,2000,0,1.264231e-02
2026-07-20T19:01:36.048,1784563296.049,190.103,6.311829e-02,3.801960e-03,4.907227e-02,7.348633e-02,2000,0,1.262366e-02
2026-07-20T19:01:36.148,1784563296.149,190.203,6.317566e-02,3.710700e-03,5.200195e-02,7.666016e-02,2000,0,1.263513e-02
2026-07-20T19:01:36.248,1784563296.249,190.303,6.332568e-02,3.739897e-03,5.053711e-02,7.421875e-02,2000,0,1.266514e-02
2026-07-20T19:01:36.348,1784563296.349,190.403,6.283264e-02,3.580945e-03,4.711914e-02,7.690430e-02,2000,0,1.256653e-02
2026-07-20T19:01:36.448,1784563296.449,190.503,6.218640e-02,3.844618e-03,4.858398e-02,7.495117e-02,2000,0,1.243728e-02
2026-07-20T19:01:36.548,1784563296.549,190.603,6.313037e-02,3.701813e-03,5.151367e-02,7.617188e-02,2000,0,1.262607e-02
2026-07-20T19:01:36.648,1784563296.649,190.703,6.344995e-02,3.611508e-03,5.249023e-02,7.714844e-02,2000,0,1.268999e-02
2026-07-20T19:01:36.750,1784563296.751,190.803,6.298999e-02,3.268622e-03,5.297852e-02,7.470703e-02,2000,0,1.259800e-02
2026-07-20T19:01:36.849,1784563296.850,190.903,6.418286e-02,3.625982e-03,5.102539e-02,7.739258e-02,2000,0,1.283657e-02
2026-07-20T19:01:36.951,1784563296.951,191.003,6.371033e-02,3.491473e-03,5.175781e-02,8.203125e-02,2000,0,1.274207e-02
2026-07-20T19:01:37.048,1784563297.049,191.103,6.556653e-02,3.539890e-03,5.322266e-02,7.885742e-02,2000,0,1.311331e-02
2026-07-20T19:01:37.148,1784563297.149,191.203,6.617871e-02,3.543887e-03,5.395508e-02,7.885742e-02,2000,0,1.323574e-02
2026-07-20T19:01:37.248,1784563297.249,191.303,6.591687e-02,3.271516e-03,5.664062e-02,7.739258e-02,2000,0,1.318337e-02
2026-07-20T19:01:37.348,1784563297.349,191.403,6.677795e-02,3.263718e-03,5.468750e-02,7.861328e-02,2000,0,1.335559e-02
2026-07-20T19:01:37.451,1784563297.451,191.503,6.708423e-02,3.301439e-03,5.786133e-02,8.081055e-02,2000,0,1.341685e-02
2026-07-20T19:01:37.550,1784563297.551,191.603,6.809985e-02,3.563734e-03,5.493164e-02,8.154297e-02,2000,0,1.361997e-02
2026-07-20T19:01:37.648,1784563297.649,191.703,6.930505e-02,3.439122e-03,5.761719e-02,8.227539e-02,2000,0,1.386101e-02
2026-07-20T19:01:37.751,1784563297.751,191.803,7.025623e-02,3.103203e-03,6.030273e-02,8.129883e-02,2000,0,1.405125e-02
2026-07-20T19:01:37.848,1784563297.849,191.903,7.022388e-02,3.221197e-03,5.932617e-02,8.178711e-02,2000,0,1.404478e-02
2026-07-20T19:01:37.949,1784563297.949,192.003,7.177820e-02,3.255187e-03,5.957031e-02,8.251953e-02,2000,0,1.435564e-02
2026-07-20T19:01:38.049,1784563298.050,192.103,7.276282e-02,3.395567e-03,6.298828e-02,8.520508e-02,2000,0,1.455256e-02
2026-07-20T19:01:38.150,1784563298.151,192.203,7.415552e-02,3.279981e-03,6.176758e-02,8.374023e-02,2000,0,1.483110e-02
2026-07-20T19:01:38.249,1784563298.250,192.303,7.470801e-02,3.253031e-03,6.201172e-02,8.618164e-02,2000,0,1.494160e-02
2026-07-20T19:01:38.350,1784563298.351,192.403,7.598425e-02,3.284349e-03,6.323242e-02,8.691406e-02,2000,0,1.519685e-02
2026-07-20T19:01:38.450,1784563298.451,192.503,7.614758e-02,3.265718e-03,6.665039e-02,8.764648e-02,2000,0,1.522952e-02
2026-07-20T19:01:38.548,1784563298.549,192.603,7.826929e-02,3.257340e-03,6.762695e-02,9.301758e-02,2000,0,1.565386e-02
2026-07-20T19:01:38.650,1784563298.651,192.703,7.948462e-02,3.327120e-03,6.835938e-02,9.082031e-02,2000,0,1.589692e-02
2026-07-20T19:01:38.748,1784563298.749,192.803,7.963513e-02,3.352844e-03,6.835938e-02,9.155273e-02,2000,0,1.592703e-02
2026-07-20T19:01:38.849,1784563298.849,192.903,8.101318e-02,3.318554e-03,7.080078e-02,9.204102e-02,2000,0,1.620264e-02
2026-07-20T19:01:38.950,1784563298.951,193.003,8.260486e-02,3.472761e-03,7.055664e-02,9.448242e-02,2000,0,1.652097e-02
2026-07-20T19:01:39.050,1784563299.051,193.103,8.319312e-02,3.434356e-03,7.177734e-02,9.497070e-02,2000,0,1.663862e-02
2026-07-20T19:01:39.151,1784563299.151,193.203,8.397009e-02,3.433724e-03,7.348633e-02,9.692383e-02,2000,0,1.679402e-02
2026-07-20T19:01:39.248,1784563299.249,193.303,8.561646e-02,3.487759e-03,7.446289e-02,9.741211e-02,2000,0,1.712329e-02
2026-07-20T19:01:39.348,1784563299.349,193.403,8.561169e-02,3.584527e-03,7.226562e-02,9.716797e-02,2000,0,1.712234e-02
2026-07-20T19:01:39.448,1784563299.449,193.503,8.714319e-02,3.656406e-03,7.617188e-02,1.003418e-01,2000,0,1.742864e-02
2026-07-20T19:01:39.548,1784563299.549,193.603,8.884875e-02,3.517318e-03,7.763672e-02,1.025391e-01,2000,0,1.776975e-02
2026-07-20T19:01:39.650,1784563299.651,193.703,8.946985e-02,3.458104e-03,7.861328e-02,9.960938e-02,2000,0,1.789397e-02
2026-07-20T19:01:39.748,1784563299.749,193.803,9.025439e-02,3.431864e-03,7.836914e-02,1.052246e-01,2000,0,1.805088e-02
2026-07-20T19:01:39.849,1784563299.849,193.903,9.159705e-02,3.407337e-03,7.714844e-02,1.030273e-01,2000,0,1.831941e-02
2026-07-20T19:01:39.949,1784563299.949,194.003,9.219629e-02,3.465907e-03,8.227539e-02,1.062012e-01,2000,0,1.843926e-02
2026-07-20T19:01:40.049,1784563300.050,194.103,9.288220e-02,3.609213e-03,8.178711e-02,1.052246e-01,2000,0,1.857644e-02
2026-07-20T19:01:40.149,1784563300.150,194.203,9.389502e-02,3.495972e-03,8.276367e-02,1.059570e-01,2000,0,1.877900e-02
2026-07-20T19:01:40.249,1784563300.250,194.303,9.420642e-02,3.405271e-03,8.276367e-02,1.076660e-01,2000,0,1.884128e-02
2026-07-20T19:01:40.349,1784563300.350,194.403,9.451392e-02,3.438549e-03,7.910156e-02,1.071777e-01,2000,0,1.890278e-02
2026-07-20T19:01:40.449,1784563300.450,194.503,9.489331e-02,3.450222e-03,8.178711e-02,1.083984e-01,2000,0,1.897866e-02
2026-07-20T19:01:40.550,1784563300.551,194.603,9.519312e-02,3.696132e-03,8.349609e-02,1.108398e-01,2000,0,1.903862e-02
2026-07-20T19:01:40.648,1784563300.649,194.703,9.538892e-02,3.489124e-03,8.349609e-02,1.074219e-01,2000,0,1.907778e-02
2026-07-20T19:01:40.749,1784563300.749,194.803,9.543701e-02,3.501881e-03,8.374023e-02,1.093750e-01,2000,0,1.908740e-02
2026-07-20T19:01:40.850,1784563300.851,194.903,9.554980e-02,3.475551e-03,8.496094e-02,1.071777e-01,2000,0,1.910996e-02
2026-07-20T19:01:40.948,1784563300.949,195.003,9.491602e-02,3.520511e-03,8.374023e-02,1.079102e-01,2000,0,1.898320e-02
2026-07-20T19:01:41.051,1784563301.051,195.103,9.440308e-02,3.515713e-03,8.032227e-02,1.081543e-01,2000,0,1.888062e-02
2026-07-20T19:01:41.149,1784563301.150,195.203,9.439282e-02,3.554979e-03,8.251953e-02,1.066895e-01,2000,0,1.887856e-02
2026-07-20T19:01:41.250,1784563301.251,195.303,9.384692e-02,3.420874e-03,8.471680e-02,1.083984e-01,2000,0,1.876938e-02
2026-07-20T19:01:41.350,1784563301.351,195.403,9.294458e-02,3.593743e-03,8.129883e-02,1.115723e-01,2000,0,1.858892e-02
2026-07-20T19:01:41.449,1784563301.449,195.503,9.193652e-02,3.413893e-03,7.958984e-02,1.042480e-01,2000,0,1.838730e-02
2026-07-20T19:01:41.548,1784563301.549,195.603,9.146252e-02,3.537681e-03,8.105469e-02,1.013184e-01,2000,0,1.829250e-02
2026-07-20T19:01:41.650,1784563301.651,195.703,9.027722e-02,3.529315e-03,8.007812e-02,1.020508e-01,2000,0,1.805544e-02
2026-07-20T19:01:41.750,1784563301.751,195.803,8.953809e-02,3.581198e-03,7.714844e-02,1.013184e-01,2000,0,1.790762e-02
2026-07-20T19:01:41.849,1784563301.850,195.903,8.881604e-02,3.393920e-03,7.763672e-02,1.027832e-01,2000,0,1.776321e-02
2026-07-20T19:01:41.949,1784563301.950,196.003,8.728638e-02,3.484276e-03,7.641602e-02,9.912109e-02,2000,0,1.745728e-02
2026-07-20T19:01:42.049,1784563302.050,196.103,8.587341e-02,3.375880e-03,7.153320e-02,9.863281e-02,2000,0,1.717468e-02
2026-07-20T19:01:42.149,1784563302.150,196.203,8.604651e-02,3.397093e-03,7.592773e-02,9.838867e-02,2000,0,1.720930e-02
2026-07-20T19:01:42.248,1784563302.249,196.303,8.440198e-02,3.382010e-03,7.373047e-02,9.497070e-02,2000,0,1.688040e-02
2026-07-20T19:01:42.349,1784563302.350,196.403,8.290271e-02,3.433004e-03,6.860352e-02,9.716797e-02,2000,0,1.658054e-02
2026-07-20T19:01:42.448,1784563302.449,196.503,8.065576e-02,3.346785e-03,7.006836e-02,9.204102e-02,2000,0,1.613115e-02
2026-07-20T19:01:42.548,1784563302.549,196.603,7.977576e-02,3.358390e-03,6.884766e-02,9.057617e-02,2000,0,1.595515e-02
2026-07-20T19:01:42.648,1784563302.649,196.703,7.962805e-02,3.234813e-03,7.080078e-02,8.911133e-02,2000,0,1.592561e-02
2026-07-20T19:01:42.748,1784563302.749,196.803,7.827930e-02,3.248626e-03,6.738281e-02,8.911133e-02,2000,0,1.565586e-02
2026-07-20T19:01:42.848,1784563302.849,196.903,7.681531e-02,3.427074e-03,6.542969e-02,8.959961e-02,2000,0,1.536306e-02
2026-07-20T19:01:42.948,1784563302.949,197.003,7.593665e-02,3.395128e-03,6.420898e-02,8.886719e-02,2000,0,1.518733e-02
2026-07-20T19:01:43.049,1784563303.050,197.103,7.491797e-02,3.443997e-03,5.712891e-02,8.520508e-02,2000,0,1.498359e-02
2026-07-20T19:01:43.148,1784563303.149,197.203,7.335681e-02,3.304117e-03,6.396484e-02,8.325195e-02,2000,0,1.467136e-02
2026-07-20T19:01:43.249,1784563303.250,197.303,7.187903e-02,3.518184e-03,6.103516e-02,8.203125e-02,2000,0,1.437581e-02
2026-07-20T19:01:43.348,1784563303.349,197.403,7.093848e-02,3.331038e-03,5.932617e-02,8.178711e-02,2000,0,1.418770e-02
2026-07-20T19:01:43.448,1784563303.449,197.503,6.899121e-02,3.435157e-03,5.932617e-02,8.105469e-02,2000,0,1.379824e-02
2026-07-20T19:01:43.549,1784563303.550,197.603,6.771008e-02,3.398851e-03,5.615234e-02,7.934570e-02,2000,0,1.354202e-02
2026-07-20T19:01:43.648,1784563303.649,197.703,6.657776e-02,3.276427e-03,5.712891e-02,7.763672e-02,2000,0,1.331555e-02
2026-07-20T19:01:43.749,1784563303.749,197.803,6.416394e-02,3.208527e-03,5.224609e-02,7.373047e-02,2000,0,1.283279e-02
2026-07-20T19:01:43.848,1784563303.849,197.903,6.340881e-02,3.259497e-03,5.419922e-02,7.543945e-02,2000,0,1.268176e-02
2026-07-20T19:01:43.949,1784563303.950,198.003,6.291882e-02,3.226497e-03,5.200195e-02,7.446289e-02,2000,0,1.258376e-02
2026-07-20T19:01:44.050,1784563304.050,198.103,6.031323e-02,3.361340e-03,4.980469e-02,7.153320e-02,2000,0,1.206265e-02
2026-07-20T19:01:44.150,1784563304.150,198.203,5.915649e-02,3.305577e-03,4.541016e-02,6.933594e-02,2000,0,1.183130e-02
2026-07-20T19:01:44.250,1784563304.250,198.303,5.789063e-02,3.204959e-03,4.785156e-02,6.909180e-02,2000,0,1.157813e-02
2026-07-20T19:01:44.351,1784563304.351,198.403,5.703906e-02,3.242989e-03,4.663086e-02,6.738281e-02,2000,0,1.140781e-02
2026-07-20T19:01:44.450,1784563304.450,198.503,5.496057e-02,3.157895e-03,4.272461e-02,6.518555e-02,2000,0,1.099211e-02
2026-07-20T19:01:44.548,1784563304.549,198.603,5.471240e-02,3.130875e-03,4.394531e-02,6.445312e-02,2000,0,1.094248e-02
2026-07-20T19:01:44.651,1784563304.651,198.703,5.311340e-02,3.206313e-03,4.296875e-02,6.347656e-02,2000,0,1.062268e-02
2026-07-20T19:01:44.749,1784563304.750,198.803,5.148645e-02,3.067742e-03,4.150391e-02,6.079102e-02,2000,0,1.029729e-02
2026-07-20T19:01:44.851,1784563304.851,198.903,5.083826e-02,3.173969e-03,4.003906e-02,6.298828e-02,2000,0,1.016765e-02
2026-07-20T19:01:44.949,1784563304.950,199.003,4.949963e-02,3.084456e-03,3.735352e-02,6.152344e-02,2000,0,9.899927e-03
2026-07-20T19:01:45.050,1784563305.050,199.103,4.773755e-02,3.134208e-03,3.735352e-02,5.859375e-02,2000,0,9.547510e-03
2026-07-20T19:01:45.150,1784563305.150,199.203,4.687109e-02,3.194100e-03,3.588867e-02,6.005859e-02,2000,0,9.374219e-03
2026-07-20T19:01:45.250,1784563305.250,199.303,4.571326e-02,3.119781e-03,3.540039e-02,5.493164e-02,2000,0,9.142651e-03
2026-07-20T19:01:45.350,1784563305.350,199.403,4.485767e-02,3.220694e-03,3.515625e-02,5.590820e-02,2000,0,8.971533e-03
2026-07-20T19:01:45.451,1784563305.451,199.503,4.377527e-02,3.310644e-03,3.320312e-02,5.590820e-02,2000,0,8.755054e-03
2026-07-20T19:01:45.548,1784563305.549,199.603,4.325159e-02,3.150004e-03,3.417969e-02,5.322266e-02,2000,0,8.650317e-03
2026-07-20T19:01:45.648,1784563305.649,199.703,4.306006e-02,3.103114e-03,3.417969e-02,5.517578e-02,2000,0,8.612012e-03
2026-07-20T19:01:45.749,1784563305.750,199.803,4.109753e-02,3.411789e-03,3.002930e-02,5.493164e-02,2000,0,8.219507e-03
2026-07-20T19:01:45.849,1784563305.849,199.903,4.198572e-02,3.259783e-03,3.271484e-02,5.273438e-02,2000,0,8.397144e-03
2026-07-20T19:01:45.949,1784563305.949,200.003,4.174658e-02,3.205074e-03,2.661133e-02,5.273438e-02,2000,0,8.349316e-03
2026-07-20T19:01:46.049,1784563306.050,200.103,4.143799e-02,3.288476e-03,2.758789e-02,5.273438e-02,2000,0,8.287598e-03
2026-07-20T19:01:46.151,1784563306.151,200.203,4.159167e-02,3.293757e-03,3.247070e-02,5.175781e-02,2000,0,8.318335e-03
2026-07-20T19:01:46.250,1784563306.250,200.303,4.154919e-02,3.460430e-03,2.709961e-02,5.249023e-02,2000,0,8.309839e-03
2026-07-20T19:01:46.350,1784563306.350,200.403,4.174487e-02,3.422934e-03,2.978516e-02,5.175781e-02,2000,0,8.348975e-03
2026-07-20T19:01:46.450,1784563306.450,200.503,4.282190e-02,3.379472e-03,2.978516e-02,5.297852e-02,2000,0,8.564380e-03
2026-07-20T19:01:46.549,1784563306.550,200.603,4.374316e-02,3.282320e-03,3.125000e-02,5.566406e-02,2000,0,8.748633e-03
2026-07-20T19:01:46.649,1784563306.649,200.703,4.468738e-02,3.181162e-03,3.320312e-02,5.541992e-02,2000,0,8.937476e-03
2026-07-20T19:01:46.748,1784563306.749,200.803,4.511389e-02,3.207035e-03,3.369141e-02,5.639648e-02,2000,0,9.022778e-03
2026-07-20T19:01:46.850,1784563306.851,200.903,4.570508e-02,3.527944e-03,2.929688e-02,5.566406e-02,2000,0,9.141016e-03
2026-07-20T19:01:46.949,1784563306.950,201.003,4.698047e-02,3.256779e-03,3.417969e-02,5.737305e-02,2000,0,9.396094e-03
2026-07-20T19:01:47.050,1784563307.051,201.103,4.821533e-02,3.348101e-03,3.662109e-02,6.005859e-02,2000,0,9.643066e-03
2026-07-20T19:01:47.149,1784563307.150,201.203,4.887671e-02,3.173766e-03,3.833008e-02,6.030273e-02,2000,0,9.775342e-03
2026-07-20T19:01:47.251,1784563307.251,201.303,5.045020e-02,3.283390e-03,4.125977e-02,6.298828e-02,2000,0,1.009004e-02
2026-07-20T19:01:47.350,1784563307.351,201.403,5.147168e-02,3.210012e-03,4.101562e-02,6.860352e-02,2000,0,1.029434e-02
2026-07-20T19:01:47.448,1784563307.449,201.503,5.241272e-02,3.112891e-03,4.248047e-02,6.201172e-02,2000,0,1.048254e-02
2026-07-20T19:01:47.551,1784563307.551,201.603,5.358777e-02,3.113353e-03,4.541016e-02,6.494141e-02,2000,0,1.071755e-02
2026-07-20T19:01:47.648,1784563307.649,201.703,5.359729e-02,3.173319e-03,4.248047e-02,6.469727e-02,2000,0,1.071946e-02
2026-07-20T19:01:47.748,1784563307.749,201.803,5.464307e-02,3.021963e-03,4.541016e-02,6.445312e-02,2000,0,1.092861e-02
2026-07-20T19:01:47.849,1784563307.850,201.903,5.521460e-02,3.016335e-03,4.614258e-02,6.811523e-02,2000,0,1.104292e-02
2026-07-20T19:01:47.950,1784563307.951,202.003,5.565369e-02,2.949373e-03,4.614258e-02,6.542969e-02,2000,0,1.113074e-02
2026-07-20T19:01:48.048,1784563308.049,202.103,5.602258e-02,2.910490e-03,4.614258e-02,6.591797e-02,2000,0,1.120452e-02
2026-07-20T19:01:48.149,1784563308.150,202.203,5.668689e-02,2.870263e-03,4.760742e-02,6.640625e-02,2000,0,1.133738e-02
2026-07-20T19:01:48.250,1784563308.251,202.303,5.695166e-02,2.760667e-03,4.736328e-02,6.689453e-02,2000,0,1.139033e-02
2026-07-20T19:01:48.351,1784563308.351,202.403,5.704028e-02,2.644227e-03,4.858398e-02,6.542969e-02,2000,0,1.140806e-02
2026-07-20T19:01:48.448,1784563308.449,202.503,5.680261e-02,2.761135e-03,4.174805e-02,6.518555e-02,2000,0,1.136052e-02
2026-07-20T19:01:48.550,1784563308.551,202.603,5.698218e-02,2.601843e-03,4.492188e-02,6.494141e-02,2000,0,1.139644e-02
2026-07-20T19:01:48.651,1784563308.651,202.703,5.699231e-02,2.581785e-03,4.833984e-02,6.396484e-02,2000,0,1.139846e-02
2026-07-20T19:01:48.748,1784563308.749,202.803,5.712817e-02,2.619835e-03,4.809570e-02,6.689453e-02,2000,0,1.142563e-02
2026-07-20T19:01:48.849,1784563308.850,202.903,5.706775e-02,2.459549e-03,4.956055e-02,6.542969e-02,2000,0,1.141355e-02
2026-07-20T19:01:48.949,1784563308.949,203.003,5.634216e-02,2.495793e-03,4.687500e-02,7.055664e-02,2000,0,1.126843e-02
2026-07-20T19:01:49.050,1784563309.051,203.103,5.617151e-02,2.472487e-03,4.809570e-02,6.494141e-02,2000,0,1.123430e-02
2026-07-20T19:01:49.149,1784563309.150,203.203,5.554700e-02,2.463276e-03,4.736328e-02,6.347656e-02,2000,0,1.110940e-02
2026-07-20T19:01:49.249,1784563309.249,203.303,5.477124e-02,2.466320e-03,4.589844e-02,6.445312e-02,2000,0,1.095425e-02
2026-07-20T19:01:49.351,1784563309.351,203.403,5.447461e-02,2.466130e-03,4.370117e-02,6.176758e-02,2000,0,1.089492e-02
2026-07-20T19:01:49.450,1784563309.451,203.503,5.366455e-02,2.446551e-03,4.638672e-02,6.396484e-02,2000,0,1.073291e-02
2026-07-20T19:01:49.550,1784563309.551,203.603,5.360962e-02,2.440708e-03,4.516602e-02,6.372070e-02,2000,0,1.072192e-02
2026-07-20T19:01:49.651,1784563309.651,203.703,5.357776e-02,2.482718e-03,4.125977e-02,6.225586e-02,2000,0,1.071555e-02
2026-07-20T19:01:49.751,1784563309.751,203.803,5.237268e-02,2.528626e-03,4.272461e-02,6.005859e-02,2000,0,1.047454e-02
2026-07-20T19:01:49.848,1784563309.849,203.903,5.186072e-02,2.421142e-03,4.418945e-02,5.932617e-02,2000,0,1.037214e-02
2026-07-20T19:01:49.948,1784563309.949,204.003,5.112415e-02,2.535937e-03,3.906250e-02,6.005859e-02,2000,0,1.022483e-02
2026-07-20T19:01:50.048,1784563310.049,204.103,5.093408e-02,2.556808e-03,4.125977e-02,6.176758e-02,2000,0,1.018682e-02
2026-07-20T19:01:50.149,1784563310.150,204.203,5.026001e-02,2.661679e-03,4.199219e-02,6.030273e-02,2000,0,1.005200e-02
2026-07-20T19:01:50.248,1784563310.249,204.303,4.916101e-02,2.700104e-03,3.515625e-02,6.079102e-02,2000,0,9.832202e-03
2026-07-20T19:01:50.350,1784563310.351,204.403,4.860779e-02,2.859782e-03,3.735352e-02,5.932617e-02,2000,0,9.721558e-03
2026-07-20T19:01:50.450,1784563310.451,204.503,4.815955e-02,2.855487e-03,3.881836e-02,6.445312e-02,2000,0,9.631909e-03
2026-07-20T19:01:50.549,1784563310.549,204.603,4.715283e-02,3.190965e-03,3.540039e-02,5.761719e-02,2000,0,9.430566e-03
2026-07-20T19:01:50.649,1784563310.650,204.703,4.653699e-02,3.194276e-03,3.637695e-02,5.810547e-02,2000,0,9.307397e-03
2026-07-20T19:01:50.750,1784563310.751,204.803,4.528638e-02,3.281771e-03,3.613281e-02,5.590820e-02,2000,0,9.057275e-03
2026-07-20T19:01:50.850,1784563310.851,204.903,4.433191e-02,3.174166e-03,3.491211e-02,5.517578e-02,2000,0,8.866382e-03
2026-07-20T19:01:50.950,1784563310.951,205.003,4.342187e-02,3.197993e-03,3.173828e-02,5.468750e-02,2000,0,8.684375e-03
2026-07-20T19:01:51.049,1784563311.049,205.103,4.268665e-02,3.458529e-03,3.295898e-02,5.566406e-02,2000,0,8.537329e-03
2026-07-20T19:01:51.150,1784563311.151,205.203,4.221252e-02,3.611177e-03,2.099609e-02,5.273438e-02,2000,0,8.442505e-03
2026-07-20T19:01:51.248,1784563311.249,205.303,4.128003e-02,3.328391e-03,3.027344e-02,5.200195e-02,2000,0,8.256006e-03
2026-07-20T19:01:51.349,1784563311.350,205.403,4.057434e-02,3.749236e-03,2.612305e-02,5.224609e-02,2000,0,8.114868e-03
2026-07-20T19:01:51.451,1784563311.451,205.503,3.998596e-02,3.708127e-03,2.880859e-02,5.102539e-02,2000,0,7.997192e-03
2026-07-20T19:01:51.548,1784563311.549,205.603,3.841248e-02,3.513849e-03,2.807617e-02,5.029297e-02,2000,0,7.682495e-03
2026-07-20T19:01:51.649,1784563311.650,205.703,3.738684e-02,3.758139e-03,2.465820e-02,4.907227e-02,2000,0,7.477368e-03
2026-07-20T19:01:51.751,1784563311.751,205.803,3.680188e-02,3.638852e-03,2.661133e-02,4.760742e-02,2000,0,7.360376e-03
2026-07-20T19:01:51.848,1784563311.849,205.903,3.522180e-02,3.595359e-03,2.319336e-02,4.638672e-02,2000,0,7.044360e-03
2026-07-20T19:01:51.950,1784563311.950,206.003,3.463391e-02,3.626430e-03,2.197266e-02,4.443359e-02,2000,0,6.926782e-03
2026-07-20T19:01:52.050,1784563312.050,206.103,3.368103e-02,3.588258e-03,2.197266e-02,4.882812e-02,2000,0,6.736206e-03
2026-07-20T19:01:52.150,1784563312.150,206.203,3.248340e-02,3.619226e-03,2.172852e-02,4.370117e-02,2000,0,6.496680e-03
2026-07-20T19:01:52.250,1784563312.250,206.303,3.244897e-02,3.658633e-03,1.611328e-02,4.272461e-02,2000,0,6.489795e-03
2026-07-20T19:01:52.350,1784563312.350,206.403,3.202075e-02,3.750348e-03,2.026367e-02,4.345703e-02,2000,0,6.404150e-03
2026-07-20T19:01:52.449,1784563312.450,206.503,3.046887e-02,3.844333e-03,1.660156e-02,4.467773e-02,2000,0,6.093774e-03
2026-07-20T19:01:52.550,1784563312.551,206.603,3.080042e-02,3.744948e-03,1.953125e-02,4.077148e-02,2000,0,6.160083e-03
2026-07-20T19:01:52.649,1784563312.650,206.703,2.954126e-02,3.851538e-03,1.391602e-02,4.003906e-02,2000,0,5.908252e-03
2026-07-20T19:01:52.749,1784563312.750,206.803,2.875110e-02,3.882450e-03,1.318359e-02,4.028320e-02,2000,0,5.750220e-03
2026-07-20T19:01:52.848,1784563312.849,206.903,2.852661e-02,3.742907e-03,1.635742e-02,4.296875e-02,2000,0,5.705322e-03
2026-07-20T19:01:52.949,1784563312.950,207.003,2.721021e-02,3.763203e-03,1.342773e-02,3.906250e-02,2000,0,5.442041e-03
2026-07-20T19:01:53.049,1784563313.050,207.103,2.616577e-02,3.814023e-03,1.416016e-02,4.296875e-02,2000,0,5.233154e-03
2026-07-20T19:01:53.150,1784563313.151,207.203,2.540479e-02,3.948069e-03,9.033203e-03,3.784180e-02,2000,0,5.080957e-03
2026-07-20T19:01:53.249,1784563313.250,207.303,2.484937e-02,3.841721e-03,1.391602e-02,3.906250e-02,2000,0,4.969873e-03
2026-07-20T19:01:53.349,1784563313.349,207.403,2.249316e-02,3.617185e-03,1.171875e-02,3.710938e-02,2000,0,4.498633e-03
2026-07-20T19:01:53.450,1784563313.451,207.503,2.349243e-02,3.581430e-03,1.074219e-02,3.613281e-02,2000,0,4.698486e-03
2026-07-20T19:01:53.548,1784563313.549,207.603,2.220776e-02,3.662888e-03,8.789062e-03,3.588867e-02,2000,0,4.441553e-03
2026-07-20T19:01:53.648,1784563313.649,207.703,2.150159e-02,3.681747e-03,1.049805e-02,3.540039e-02,2000,0,4.300317e-03
2026-07-20T19:01:53.749,1784563313.749,207.803,2.111304e-02,3.241996e-03,9.033203e-03,3.271484e-02,2000,0,4.222607e-03
2026-07-20T19:01:53.849,1784563313.850,207.903,2.017249e-02,3.355748e-03,9.277344e-03,3.247070e-02,2000,0,4.034497e-03
2026-07-20T19:01:53.950,1784563313.951,208.003,1.892175e-02,3.494965e-03,6.103516e-03,3.271484e-02,2000,0,3.784351e-03
2026-07-20T19:01:54.048,1784563314.049,208.103,1.909814e-02,3.317492e-03,9.765625e-03,3.100586e-02,2000,0,3.819629e-03
2026-07-20T19:01:54.150,1784563314.151,208.203,1.751013e-02,3.313897e-03,6.347656e-03,2.905273e-02,2000,0,3.502026e-03
2026-07-20T19:01:54.250,1784563314.250,208.303,1.727844e-02,3.172088e-03,5.371094e-03,2.734375e-02,2000,0,3.455688e-03
2026-07-20T19:01:54.350,1784563314.350,208.403,1.665576e-02,3.239938e-03,7.324219e-03,2.856445e-02,2000,0,3.331152e-03
2026-07-20T19:01:54.450,1784563314.450,208.503,1.600708e-02,3.204989e-03,3.417969e-03,2.832031e-02,2000,0,3.201416e-03
2026-07-20T19:01:54.549,1784563314.550,208.603,1.485315e-02,3.169613e-03,5.126953e-03,2.539062e-02,2000,0,2.970630e-03
2026-07-20T19:01:54.650,1784563314.650,208.703,1.499255e-02,3.200048e-03,5.371094e-03,3.564453e-02,2000,0,2.998511e-03
2026-07-20T19:01:54.750,1784563314.751,208.803,1.449097e-02,3.130069e-03,2.197266e-03,2.539062e-02,2000,0,2.898193e-03
2026-07-20T19:01:54.851,1784563314.851,208.903,1.266150e-02,3.267832e-03,0.000000e+00,2.319336e-02,2000,0,2.532300e-03
2026-07-20T19:01:54.949,1784563314.950,209.003,1.328479e-02,3.196739e-03,-1.953125e-03,2.441406e-02,2000,0,2.656958e-03
2026-07-20T19:01:55.048,1784563315.049,209.103,1.195630e-02,3.202156e-03,-4.882812e-04,2.148438e-02,2000,0,2.391260e-03
2026-07-20T19:01:55.148,1784563315.149,209.203,1.170947e-02,3.267032e-03,-9.765625e-04,2.807617e-02,2000,0,2.341895e-03
2026-07-20T19:01:55.248,1784563315.249,209.303,1.150757e-02,3.129391e-03,1.464844e-03,2.099609e-02,2000,0,2.301514e-03
2026-07-20T19:01:55.351,1784563315.351,209.403,1.048022e-02,3.265819e-03,-1.953125e-03,1.928711e-02,2000,0,2.096045e-03
2026-07-20T19:01:55.449,1784563315.450,209.503,1.017285e-02,3.308603e-03,-1.953125e-03,1.977539e-02,2000,0,2.034570e-03
2026-07-20T19:01:55.549,1784563315.550,209.603,9.604126e-03,3.465403e-03,-1.953125e-03,2.587891e-02,2000,0,1.920825e-03
2026-07-20T19:01:55.648,1784563315.649,209.703,8.760376e-03,3.523083e-03,-1.953125e-03,2.221680e-02,2000,0,1.752075e-03
2026-07-20T19:01:55.750,1784563315.751,209.803,8.410156e-03,3.436112e-03,-4.150391e-03,1.928711e-02,2000,0,1.682031e-03
2026-07-20T19:01:55.848,1784563315.849,209.903,8.509399e-03,3.419959e-03,-1.953125e-03,2.075195e-02,2000,0,1.701880e-03
2026-07-20T19:01:55.948,1784563315.949,210.003,7.150635e-03,3.494022e-03,-1.123047e-02,1.879883e-02,2000,0,1.430127e-03
2026-07-20T19:01:56.049,1784563316.050,210.103,6.994019e-03,3.609297e-03,-3.906250e-03,1.757812e-02,2000,0,1.398804e-03
2026-07-20T19:01:56.148,1784563316.149,210.203,7.400269e-03,3.517222e-03,-4.394531e-03,1.904297e-02,2000,0,1.480054e-03
2026-07-20T19:01:56.249,1784563316.250,210.303,6.327637e-03,3.699760e-03,-5.859375e-03,2.099609e-02,2000,0,1.265527e-03
2026-07-20T19:01:56.350,1784563316.350,210.403,5.059937e-03,3.699582e-03,-7.324219e-03,1.879883e-02,2000,0,1.011987e-03
2026-07-20T19:01:56.450,1784563316.450,210.503,5.742310e-03,3.612544e-03,-6.103516e-03,1.782227e-02,2000,0,1.148462e-03
2026-07-20T19:01:56.548,1784563316.549,210.603,4.745972e-03,3.753580e-03,-7.080078e-03,1.635742e-02,2000,0,9.491943e-04
2026-07-20T19:01:56.651,1784563316.651,210.703,6.519287e-03,3.674376e-03,-9.277344e-03,1.953125e-02,2000,0,1.303857e-03
2026-07-20T19:01:56.750,1784563316.751,210.803,6.751587e-03,3.712649e-03,-5.859375e-03,1.904297e-02,2000,0,1.350317e-03
2026-07-20T19:01:56.848,1784563316.849,210.903,6.217285e-03,3.693153e-03,-6.835938e-03,1.757812e-02,2000,0,1.243457e-03
2026-07-20T19:01:56.949,1784563316.950,211.003,6.875244e-03,3.627013e-03,-5.371094e-03,1.855469e-02,2000,0,1.375049e-03
2026-07-20T19:01:57.048,1784563317.049,211.103,8.344971e-03,3.634115e-03,-4.882812e-03,2.343750e-02,2000,0,1.668994e-03
2026-07-20T19:01:57.150,1784563317.151,211.203,8.765381e-03,3.563889e-03,-1.953125e-03,2.465820e-02,2000,0,1.753076e-03
2026-07-20T19:01:57.250,1784563317.251,211.303,9.852661e-03,3.530137e-03,-1.953125e-03,2.319336e-02,2000,0,1.970532e-03
2026-07-20T19:01:57.350,1784563317.351,211.403,1.170471e-02,3.447454e-03,-3.173828e-03,2.416992e-02,2000,0,2.340942e-03
2026-07-20T19:01:57.449,1784563317.449,211.503,1.184912e-02,3.192981e-03,9.765625e-04,2.539062e-02,2000,0,2.369824e-03
2026-07-20T19:01:57.549,1784563317.550,211.603,1.444409e-02,3.177614e-03,4.394531e-03,2.709961e-02,2000,0,2.888818e-03
2026-07-20T19:01:57.648,1784563317.649,211.703,1.647888e-02,3.258916e-03,5.615234e-03,3.100586e-02,2000,0,3.295776e-03
2026-07-20T19:01:57.749,1784563317.749,211.803,1.762280e-02,3.153986e-03,7.568359e-03,2.758789e-02,2000,0,3.524561e-03
2026-07-20T19:01:57.850,1784563317.850,211.903,1.973193e-02,3.397446e-03,1.025391e-02,3.076172e-02,2000,0,3.946387e-03
2026-07-20T19:01:57.950,1784563317.951,212.003,2.179736e-02,3.286594e-03,8.056641e-03,3.540039e-02,2000,0,4.359473e-03
2026-07-20T19:01:58.048,1784563318.049,212.103,2.238562e-02,3.261332e-03,1.293945e-02,3.247070e-02,2000,0,4.477124e-03
2026-07-20T19:01:58.148,1784563318.149,212.203,2.414844e-02,3.314053e-03,1.171875e-02,3.540039e-02,2000,0,4.829688e-03
2026-07-20T19:01:58.250,1784563318.250,212.303,2.578186e-02,3.360563e-03,1.391602e-02,3.588867e-02,2000,0,5.156372e-03
2026-07-20T19:01:58.350,1784563318.350,212.403,2.671326e-02,3.330039e-03,1.562500e-02,3.759766e-02,2000,0,5.342651e-03
2026-07-20T19:01:58.450,1784563318.450,212.503,2.792383e-02,3.253439e-03,1.391602e-02,3.784180e-02,2000,0,5.584766e-03
2026-07-20T19:01:58.550,1784563318.551,212.603,2.927136e-02,3.164326e-03,1.928711e-02,4.077148e-02,2000,0,5.854272e-03
2026-07-20T19:01:58.650,1784563318.650,212.703,2.978943e-02,3.234455e-03,1.928711e-02,4.248047e-02,2000,0,5.957886e-03
2026-07-20T19:01:58.750,1784563318.750,212.803,3.107007e-02,3.280707e-03,2.001953e-02,4.321289e-02,2000,0,6.214014e-03
2026-07-20T19:01:58.848,1784563318.849,212.903,3.243286e-02,3.234914e-03,1.953125e-02,4.223633e-02,2000,0,6.486572e-03
2026-07-20T19:01:58.948,1784563318.949,213.003,3.259583e-02,3.265784e-03,2.246094e-02,4.272461e-02,2000,0,6.519165e-03
2026-07-20T19:01:59.049,1784563319.049,213.103,3.322815e-02,3.133505e-03,2.294922e-02,4.321289e-02,2000,0,6.645630e-03
2026-07-20T19:01:59.149,1784563319.149,213.203,3.424365e-02,3.124574e-03,2.392578e-02,4.370117e-02,2000,0,6.848730e-03
2026-07-20T19:01:59.248,1784563319.249,213.303,3.514282e-02,3.291202e-03,2.416992e-02,4.565430e-02,2000,0,7.028564e-03
2026-07-20T19:01:59.348,1784563319.349,213.403,3.542200e-02,3.233649e-03,2.514648e-02,4.516602e-02,2000,0,7.084399e-03
2026-07-20T19:01:59.448,1784563319.449,213.503,3.622449e-02,3.338131e-03,2.465820e-02,4.589844e-02,2000,0,7.244897e-03
2026-07-20T19:01:59.548,1784563319.549,213.603,3.593896e-02,3.297440e-03,2.563477e-02,4.516602e-02,2000,0,7.187793e-03
2026-07-20T19:01:59.648,1784563319.649,213.703,3.639941e-02,3.180952e-03,2.099609e-02,4.663086e-02,2000,0,7.279883e-03
2026-07-20T19:01:59.749,1784563319.749,213.803,3.719934e-02,3.393956e-03,2.734375e-02,5.175781e-02,2000,0,7.439868e-03
2026-07-20T19:01:59.851,1784563319.851,213.903,3.678186e-02,3.349720e-03,2.587891e-02,5.102539e-02,2000,0,7.356372e-03
2026-07-20T19:01:59.948,1784563319.949,214.003,3.779736e-02,3.280426e-03,2.636719e-02,4.931641e-02,2000,0,7.559473e-03
2026-07-20T19:02:00.048,1784563320.049,214.103,3.831299e-02,3.151212e-03,2.905273e-02,5.029297e-02,2000,0,7.662598e-03
2026-07-20T19:02:00.148,1784563320.149,214.203,3.880273e-02,3.299991e-03,2.978516e-02,4.931641e-02,2000,0,7.760547e-03
2026-07-20T19:02:00.250,1784563320.250,214.303,3.913013e-02,3.452439e-03,2.807617e-02,5.004883e-02,2000,0,7.826025e-03
2026-07-20T19:02:00.348,1784563320.349,214.403,4.045215e-02,3.241698e-03,3.100586e-02,5.078125e-02,2000,0,8.090430e-03
2026-07-20T19:02:00.449,1784563320.450,214.503,4.048450e-02,3.393807e-03,2.783203e-02,5.175781e-02,2000,0,8.096899e-03
2026-07-20T19:02:00.548,1784563320.549,214.603,4.195703e-02,3.333403e-03,3.198242e-02,5.200195e-02,2000,0,8.391406e-03
2026-07-20T19:02:00.648,1784563320.649,214.703,4.394763e-02,3.238131e-03,3.417969e-02,5.590820e-02,2000,0,8.789526e-03
2026-07-20T19:02:00.750,1784563320.751,214.803,4.433875e-02,3.527816e-03,3.417969e-02,5.615234e-02,2000,0,8.867749e-03
2026-07-20T19:02:00.850,1784563320.851,214.903,4.542395e-02,3.357899e-03,3.442383e-02,6.274414e-02,2000,0,9.084790e-03
2026-07-20T19:02:00.950,1784563320.951,215.003,4.783142e-02,3.491669e-03,3.637695e-02,5.932617e-02,2000,0,9.566284e-03
2026-07-20T19:02:01.048,1784563321.049,215.103,4.822656e-02,3.310188e-03,3.588867e-02,5.883789e-02,2000,0,9.645313e-03
2026-07-20T19:02:01.151,1784563321.151,215.203,5.015552e-02,3.400538e-03,4.003906e-02,6.225586e-02,2000,0,1.003110e-02
2026-07-20T19:02:01.250,1784563321.250,215.303,5.240088e-02,3.353634e-03,4.223633e-02,6.250000e-02,2000,0,1.048018e-02
2026-07-20T19:02:01.350,1784563321.350,215.403,5.383936e-02,3.358867e-03,4.296875e-02,6.420898e-02,2000,0,1.076787e-02
2026-07-20T19:02:01.450,1784563321.450,215.503,5.535925e-02,3.383509e-03,4.492188e-02,6.640625e-02,2000,0,1.107185e-02
2026-07-20T19:02:01.550,1784563321.550,215.603,5.826868e-02,3.319223e-03,4.370117e-02,7.031250e-02,2000,0,1.165374e-02
2026-07-20T19:02:01.650,1784563321.650,215.703,5.971326e-02,3.397984e-03,4.833984e-02,7.324219e-02,2000,0,1.194265e-02
2026-07-20T19:02:01.748,1784563321.749,215.803,6.210437e-02,3.162959e-03,4.711914e-02,7.348633e-02,2000,0,1.242087e-02
2026-07-20T19:02:01.848,1784563321.849,215.903,6.461560e-02,3.340310e-03,5.249023e-02,8.032227e-02,2000,0,1.292312e-02
2026-07-20T19:02:01.951,1784563321.951,216.003,6.598474e-02,3.308945e-03,5.297852e-02,7.592773e-02,2000,0,1.319695e-02
2026-07-20T19:02:02.050,1784563322.051,216.103,6.846533e-02,3.227338e-03,5.761719e-02,7.958984e-02,2000,0,1.369307e-02
2026-07-20T19:02:02.150,1784563322.150,216.203,7.102258e-02,3.338690e-03,6.005859e-02,8.422852e-02,2000,0,1.420452e-02
2026-07-20T19:02:02.250,1784563322.251,216.303,7.306836e-02,3.314474e-03,6.225586e-02,8.520508e-02,2000,0,1.461367e-02
2026-07-20T19:02:02.348,1784563322.349,216.403,7.444763e-02,3.297450e-03,5.932617e-02,8.593750e-02,2000,0,1.488953e-02
2026-07-20T19:02:02.448,1784563322.449,216.503,7.768604e-02,3.286111e-03,6.616211e-02,8.813477e-02,2000,0,1.553721e-02
2026-07-20T19:02:02.550,1784563322.550,216.603,7.972754e-02,3.351962e-03,6.689453e-02,9.057617e-02,2000,0,1.594551e-02
2026-07-20T19:02:02.648,1784563322.649,216.703,8.235657e-02,3.321918e-03,6.958008e-02,9.301758e-02,2000,0,1.647131e-02
2026-07-20T19:02:02.748,1784563322.749,216.803,8.535522e-02,3.468772e-03,7.421875e-02,9.985352e-02,2000,0,1.707104e-02
2026-07-20T19:02:02.850,1784563322.850,216.903,8.707568e-02,3.425561e-03,7.568359e-02,9.790039e-02,2000,0,1.741514e-02
2026-07-20T19:02:02.948,1784563322.949,217.003,8.898254e-02,3.410429e-03,7.836914e-02,1.008301e-01,2000,0,1.779651e-02
2026-07-20T19:02:03.048,1784563323.049,217.103,9.272583e-02,3.385914e-03,8.227539e-02,1.037598e-01,2000,0,1.854517e-02
2026-07-20T19:02:03.148,1784563323.149,217.203,9.460913e-02,3.183295e-03,8.422852e-02,1.047363e-01,2000,0,1.892183e-02
2026-07-20T19:02:03.248,1784563323.249,217.303,9.705872e-02,3.423198e-03,8.374023e-02,1.074219e-01,2000,0,1.941174e-02
2026-07-20T19:02:03.348,1784563323.349,217.403,9.899792e-02,3.340920e-03,8.715820e-02,1.108398e-01,2000,0,1.979958e-02
2026-07-20T19:02:03.450,1784563323.450,217.503,1.019790e-01,3.374219e-03,9.130859e-02,1.130371e-01,2000,0,2.039580e-02
2026-07-20T19:02:03.550,1784563323.550,217.603,1.039423e-01,3.444518e-03,9.301758e-02,1.169434e-01,2000,0,2.078845e-02
2026-07-20T19:02:03.649,1784563323.649,217.703,1.064309e-01,3.324542e-03,9.570312e-02,1.171875e-01,2000,0,2.128618e-02
2026-07-20T19:02:03.749,1784563323.749,217.803,1.090001e-01,3.365997e-03,9.741211e-02,1.201172e-01,2000,0,2.180002e-02
2026-07-20T19:02:03.849,1784563323.849,217.903,1.105573e-01,3.330392e-03,9.692383e-02,1.225586e-01,2000,0,2.211145e-02
2026-07-20T19:02:03.948,1784563323.949,218.003,1.130317e-01,3.310780e-03,1.003418e-01,1.250000e-01,2000,0,2.260635e-02
2026-07-20T19:02:04.048,1784563324.049,218.103,1.163049e-01,3.303203e-03,1.069336e-01,1.286621e-01,2000,0,2.326099e-02
2026-07-20T19:02:04.148,1784563324.149,218.203,1.175171e-01,3.403880e-03,1.057129e-01,1.284180e-01,2000,0,2.350342e-02
2026-07-20T19:02:04.248,1784563324.249,218.303,1.209880e-01,3.298840e-03,1.083984e-01,1.318359e-01,2000,0,2.419761e-02
2026-07-20T19:02:04.350,1784563324.351,218.403,1.236151e-01,3.806373e-03,1.110840e-01,1.403809e-01,2000,0,2.472302e-02
2026-07-20T19:02:04.449,1784563324.450,218.503,1.248082e-01,3.327311e-03,1.147461e-01,1.367188e-01,2000,0,2.496165e-02
2026-07-20T19:02:04.549,1784563324.549,218.603,1.279684e-01,3.663585e-03,1.159668e-01,1.401367e-01,2000,0,2.559368e-02
2026-07-20T19:02:04.648,1784563324.649,218.703,1.301354e-01,3.420133e-03,1.184082e-01,1.408691e-01,2000,0,2.602708e-02
2026-07-20T19:02:04.748,1784563324.749,218.803,1.316173e-01,3.686973e-03,1.186523e-01,1.445312e-01,2000,0,2.632346e-02
2026-07-20T19:02:04.849,1784563324.849,218.903,1.342227e-01,3.798037e-03,1.208496e-01,1.467285e-01,2000,0,2.684453e-02
2026-07-20T19:02:04.948,1784563324.949,219.003,1.362373e-01,3.615196e-03,1.235352e-01,1.479492e-01,2000,0,2.724746e-02
2026-07-20T19:02:05.048,1784563325.049,219.103,1.381871e-01,3.652284e-03,1.271973e-01,1.491699e-01,2000,0,2.763743e-02
2026-07-20T19:02:05.148,1784563325.149,219.203,1.403004e-01,3.719809e-03,1.271973e-01,1.528320e-01,2000,0,2.806008e-02
2026-07-20T19:02:05.250,1784563325.251,219.303,1.423196e-01,3.800075e-03,1.269531e-01,1.540527e-01,2000,0,2.846392e-02
2026-07-20T19:02:05.350,1784563325.350,219.403,1.444982e-01,3.985532e-03,1.318359e-01,1.567383e-01,2000,0,2.889963e-02
2026-07-20T19:02:05.450,1784563325.450,219.503,1.459658e-01,3.985596e-03,1.315918e-01,1.579590e-01,2000,0,2.919316e-02
2026-07-20T19:02:05.548,1784563325.549,219.603,1.482872e-01,3.897349e-03,1.357422e-01,1.623535e-01,2000,0,2.965745e-02
2026-07-20T19:02:05.648,1784563325.649,219.703,1.504338e-01,4.023032e-03,1.357422e-01,1.625977e-01,2000,0,3.008677e-02
2026-07-20T19:02:05.750,1784563325.750,219.803,1.517814e-01,3.941827e-03,1.386719e-01,1.633301e-01,2000,0,3.035627e-02
2026-07-20T19:02:05.848,1784563325.849,219.903,1.541260e-01,3.955184e-03,1.401367e-01,1.665039e-01,2000,0,3.082520e-02
2026-07-20T19:02:05.948,1784563325.949,220.003,1.556849e-01,3.991237e-03,1.416016e-01,1.696777e-01,2000,0,3.113699e-02
2026-07-20T19:02:06.050,1784563326.050,220.103,1.571409e-01,4.101917e-03,1.389160e-01,1.740723e-01,2000,0,3.142817e-02
2026-07-20T19:02:06.149,1784563326.149,220.203,1.581581e-01,3.972750e-03,1.442871e-01,1.699219e-01,2000,0,3.163162e-02
2026-07-20T19:02:06.250,1784563326.250,220.303,1.595000e-01,3.889993e-03,1.467285e-01,1.723633e-01,2000,0,3.190000e-02
2026-07-20T19:02:06.348,1784563326.349,220.403,1.601178e-01,3.863526e-03,1.469727e-01,1.740723e-01,2000,0,3.202356e-02
2026-07-20T19:02:06.448,1784563326.449,220.503,1.607618e-01,3.825082e-03,1.472168e-01,1.748047e-01,2000,0,3.215237e-02
2026-07-20T19:02:06.549,1784563326.549,220.603,1.611575e-01,3.886438e-03,1.484375e-01,1.730957e-01,2000,0,3.223149e-02
2026-07-20T19:02:06.648,1784563326.649,220.703,1.605160e-01,3.684367e-03,1.486816e-01,1.728516e-01,2000,0,3.210320e-02
2026-07-20T19:02:06.749,1784563326.749,220.803,1.607372e-01,3.696175e-03,1.469727e-01,1.728516e-01,2000,0,3.214744e-02
2026-07-20T19:02:06.848,1784563326.849,220.903,1.610603e-01,3.680786e-03,1.477051e-01,1.730957e-01,2000,0,3.221206e-02
2026-07-20T19:02:06.949,1784563326.950,221.003,1.592094e-01,3.470721e-03,1.464844e-01,1.701660e-01,2000,0,3.184187e-02
2026-07-20T19:02:07.050,1784563327.050,221.103,1.591035e-01,3.691909e-03,1.484375e-01,1.743164e-01,2000,0,3.182070e-02
2026-07-20T19:02:07.149,1784563327.150,221.203,1.591737e-01,3.484725e-03,1.484375e-01,1.708984e-01,2000,0,3.183474e-02
2026-07-20T19:02:07.249,1784563327.250,221.303,1.581049e-01,3.216274e-03,1.445312e-01,1.682129e-01,2000,0,3.162097e-02
2026-07-20T19:02:07.349,1784563327.349,221.403,1.569109e-01,3.106330e-03,1.462402e-01,1.689453e-01,2000,0,3.138218e-02
2026-07-20T19:02:07.449,1784563327.450,221.503,1.560264e-01,3.052324e-03,1.464844e-01,1.684570e-01,2000,0,3.120527e-02
2026-07-20T19:02:07.549,1784563327.549,221.603,1.544379e-01,3.091345e-03,1.450195e-01,1.645508e-01,2000,0,3.088757e-02
2026-07-20T19:02:07.649,1784563327.649,221.703,1.534008e-01,3.017660e-03,1.442871e-01,1.633301e-01,2000,0,3.068015e-02
2026-07-20T19:02:07.749,1784563327.750,221.803,1.519032e-01,3.091627e-03,1.364746e-01,1.704102e-01,2000,0,3.038064e-02
2026-07-20T19:02:07.851,1784563327.851,221.903,1.502321e-01,2.907423e-03,1.386719e-01,1.594238e-01,2000,0,3.004641e-02
2026-07-20T19:02:07.949,1784563327.949,222.003,1.479147e-01,2.696063e-03,1.398926e-01,1.596680e-01,2000,0,2.958293e-02
2026-07-20T19:02:08.048,1784563328.049,222.103,1.470110e-01,2.811736e-03,1.374512e-01,1.582031e-01,2000,0,2.940220e-02
2026-07-20T19:02:08.150,1784563328.151,222.203,1.445077e-01,2.591460e-03,1.359863e-01,1.545410e-01,2000,0,2.890154e-02
2026-07-20T19:02:08.250,1784563328.251,222.303,1.424423e-01,2.491189e-03,1.335449e-01,1.499023e-01,2000,0,2.848845e-02
2026-07-20T19:02:08.348,1784563328.349,222.403,1.408790e-01,2.497343e-03,1.313477e-01,1.506348e-01,2000,0,2.817581e-02
2026-07-20T19:02:08.448,1784563328.449,222.503,1.383120e-01,2.478302e-03,1.306152e-01,1.467285e-01,2000,0,2.766240e-02
2026-07-20T19:02:08.549,1784563328.549,222.603,1.359052e-01,2.435429e-03,1.276855e-01,1.435547e-01,2000,0,2.718103e-02
2026-07-20T19:02:08.648,1784563328.649,222.703,1.342286e-01,2.503456e-03,1.262207e-01,1.491699e-01,2000,0,2.684573e-02
2026-07-20T19:02:08.748,1784563328.749,222.803,1.320999e-01,2.408079e-03,1.230469e-01,1.394043e-01,2000,0,2.641997e-02
2026-07-20T19:02:08.848,1784563328.849,222.903,1.298730e-01,2.336866e-03,1.201172e-01,1.428223e-01,2000,0,2.597461e-02
2026-07-20T19:02:08.950,1784563328.950,223.003,1.272448e-01,2.340323e-03,1.157227e-01,1.359863e-01,2000,0,2.544895e-02
2026-07-20T19:02:09.050,1784563329.050,223.103,1.252371e-01,2.380267e-03,1.135254e-01,1.367188e-01,2000,0,2.504741e-02
2026-07-20T19:02:09.150,1784563329.150,223.203,1.229984e-01,2.456704e-03,1.147461e-01,1.315918e-01,2000,0,2.459968e-02
2026-07-20T19:02:09.248,1784563329.249,223.303,1.206686e-01,2.513032e-03,1.083984e-01,1.289062e-01,2000,0,2.413372e-02
2026-07-20T19:02:09.349,1784563329.349,223.403,1.185621e-01,2.571080e-03,1.096191e-01,1.269531e-01,2000,0,2.371243e-02
2026-07-20T19:02:09.449,1784563329.449,223.503,1.161082e-01,2.598381e-03,1.074219e-01,1.254883e-01,2000,0,2.322163e-02
2026-07-20T19:02:09.548,1784563329.549,223.603,1.141771e-01,2.517790e-03,1.057129e-01,1.228027e-01,2000,0,2.283542e-02
2026-07-20T19:02:09.650,1784563329.650,223.703,1.120273e-01,2.730847e-03,1.044922e-01,1.235352e-01,2000,0,2.240547e-02
2026-07-20T19:02:09.748,1784563329.749,223.803,1.095594e-01,2.741230e-03,9.765625e-02,1.191406e-01,2000,0,2.191189e-02
2026-07-20T19:02:09.849,1784563329.849,223.903,1.077985e-01,2.988038e-03,9.790039e-02,1.179199e-01,2000,0,2.155969e-02
2026-07-20T19:02:09.948,1784563329.949,224.003,1.058204e-01,3.205386e-03,9.619141e-02,1.215820e-01,2000,0,2.116409e-02
2026-07-20T19:02:10.049,1784563330.049,224.103,1.026388e-01,3.185035e-03,8.862305e-02,1.123047e-01,2000,0,2.052776e-02
2026-07-20T19:02:10.149,1784563330.150,224.203,1.008748e-01,3.037903e-03,8.789062e-02,1.101074e-01,2000,0,2.017495e-02
2026-07-20T19:02:10.250,1784563330.250,224.303,9.919983e-02,3.162356e-03,9.008789e-02,1.088867e-01,2000,0,1.983997e-02
2026-07-20T19:02:10.349,1784563330.349,224.403,9.656812e-02,3.249769e-03,8.398438e-02,1.130371e-01,2000,0,1.931362e-02
2026-07-20T19:02:10.448,1784563330.449,224.503,9.512183e-02,3.125561e-03,8.349609e-02,1.054688e-01,2000,0,1.902437e-02
2026-07-20T19:02:10.548,1784563330.549,224.603,9.277954e-02,3.359692e-03,8.154297e-02,1.052246e-01,2000,0,1.855591e-02
2026-07-20T19:02:10.648,1784563330.649,224.703,8.991406e-02,3.407507e-03,7.348633e-02,1.018066e-01,2000,0,1.798281e-02
2026-07-20T19:02:10.748,1784563330.749,224.803,8.844861e-02,3.411379e-03,7.470703e-02,1.010742e-01,2000,0,1.768972e-02
2026-07-20T19:02:10.848,1784563330.849,224.903,8.626147e-02,3.435884e-03,7.592773e-02,1.037598e-01,2000,0,1.725229e-02
2026-07-20T19:02:10.948,1784563330.949,225.003,8.340112e-02,3.341836e-03,7.348633e-02,9.326172e-02,2000,0,1.668022e-02
2026-07-20T19:02:11.048,1784563331.049,225.103,8.206360e-02,3.294288e-03,6.811523e-02,9.545898e-02,2000,0,1.641272e-02
2026-07-20T19:02:11.150,1784563331.151,225.203,7.995178e-02,3.300495e-03,7.080078e-02,9.155273e-02,2000,0,1.599036e-02
2026-07-20T19:02:11.250,1784563331.251,225.303,7.768042e-02,3.310370e-03,6.689453e-02,9.130859e-02,2000,0,1.553608e-02
2026-07-20T19:02:11.350,1784563331.351,225.403,7.614978e-02,3.255634e-03,6.567383e-02,8.618164e-02,2000,0,1.522996e-02
2026-07-20T19:02:11.450,1784563331.451,225.503,7.419434e-02,3.161466e-03,6.347656e-02,8.666992e-02,2000,0,1.483887e-02
2026-07-20T19:02:11.550,1784563331.551,225.603,7.204614e-02,3.469828e-03,5.761719e-02,8.276367e-02,2000,0,1.440923e-02
2026-07-20T19:02:11.650,1784563331.650,225.703,6.976599e-02,3.365854e-03,5.957031e-02,7.885742e-02,2000,0,1.395320e-02
2026-07-20T19:02:11.748,1784563331.749,225.803,6.883887e-02,3.344751e-03,5.395508e-02,7.910156e-02,2000,0,1.376777e-02
2026-07-20T19:02:11.848,1784563331.849,225.903,6.734021e-02,3.179842e-03,5.688477e-02,7.788086e-02,2000,0,1.346804e-02
2026-07-20T19:02:11.948,1784563331.949,226.003,6.498010e-02,3.226458e-03,5.419922e-02,7.641602e-02,2000,0,1.299602e-02
2026-07-20T19:02:12.048,1784563332.049,226.103,6.366858e-02,3.184785e-03,5.029297e-02,7.373047e-02,2000,0,1.273372e-02
2026-07-20T19:02:12.148,1784563332.149,226.203,6.176416e-02,3.175122e-03,5.078125e-02,7.153320e-02,2000,0,1.235283e-02
2026-07-20T19:02:12.249,1784563332.249,226.303,5.970154e-02,2.804512e-03,5.078125e-02,6.982422e-02,2000,0,1.194031e-02
2026-07-20T19:02:12.350,1784563332.350,226.403,5.854663e-02,3.210711e-03,4.931641e-02,6.958008e-02,2000,0,1.170933e-02
2026-07-20T19:02:12.448,1784563332.449,226.503,5.680017e-02,3.223113e-03,4.516602e-02,6.713867e-02,2000,0,1.136003e-02
2026-07-20T19:02:12.550,1784563332.550,226.603,5.482092e-02,3.251545e-03,4.443359e-02,6.689453e-02,2000,0,1.096418e-02
2026-07-20T19:02:12.648,1784563332.649,226.703,5.320435e-02,3.071337e-03,4.321289e-02,6.396484e-02,2000,0,1.064087e-02
2026-07-20T19:02:12.750,1784563332.750,226.803,5.159668e-02,3.236935e-03,3.881836e-02,6.323242e-02,2000,0,1.031934e-02
2026-07-20T19:02:12.850,1784563332.850,226.903,4.998352e-02,2.969155e-03,3.881836e-02,6.152344e-02,2000,0,9.996704e-03
2026-07-20T19:02:12.950,1784563332.950,227.003,4.910181e-02,3.015797e-03,3.735352e-02,6.225586e-02,2000,0,9.820361e-03
2026-07-20T19:02:13.051,1784563333.051,227.103,4.557935e-02,2.891534e-03,3.637695e-02,5.834961e-02,2000,0,9.115869e-03
2026-07-20T19:02:13.150,1784563333.150,227.203,4.580310e-02,2.805536e-03,3.540039e-02,5.493164e-02,2000,0,9.160620e-03
2026-07-20T19:02:13.248,1784563333.249,227.303,4.423669e-02,2.977936e-03,3.442383e-02,5.371094e-02,2000,0,8.847339e-03
2026-07-20T19:02:13.348,1784563333.349,227.403,4.334265e-02,3.120410e-03,3.247070e-02,5.615234e-02,2000,0,8.668530e-03
2026-07-20T19:02:13.449,1784563333.449,227.503,4.144409e-02,3.021796e-03,2.783203e-02,5.102539e-02,2000,0,8.288818e-03
2026-07-20T19:02:13.548,1784563333.549,227.603,4.063953e-02,3.021376e-03,3.222656e-02,5.541992e-02,2000,0,8.127905e-03
2026-07-20T19:02:13.650,1784563333.650,227.703,3.931726e-02,3.083387e-03,2.978516e-02,4.931641e-02,2000,0,7.863452e-03
2026-07-20T19:02:13.748,1784563333.749,227.803,3.753552e-02,2.950879e-03,2.856445e-02,4.736328e-02,2000,0,7.507104e-03
2026-07-20T19:02:13.848,1784563333.849,227.903,3.671509e-02,3.044266e-03,2.758789e-02,4.809570e-02,2000,0,7.343018e-03
2026-07-20T19:02:13.948,1784563333.949,228.003,3.473779e-02,2.954144e-03,2.490234e-02,4.418945e-02,2000,0,6.947559e-03
2026-07-20T19:02:14.051,1784563334.051,228.103,3.296313e-02,3.044461e-03,2.221680e-02,4.345703e-02,2000,0,6.592627e-03
2026-07-20T19:02:14.150,1784563334.151,228.203,3.211084e-02,2.933137e-03,2.050781e-02,4.174805e-02,2000,0,6.422168e-03
2026-07-20T19:02:14.250,1784563334.251,228.303,3.057849e-02,3.085953e-03,1.904297e-02,4.028320e-02,2000,0,6.115698e-03
2026-07-20T19:02:14.350,1784563334.351,228.403,2.987476e-02,3.051400e-03,1.904297e-02,3.955078e-02,2000,0,5.974951e-03
2026-07-20T19:02:14.450,1784563334.451,228.503,2.844446e-02,3.040516e-03,1.855469e-02,3.808594e-02,2000,0,5.688892e-03
2026-07-20T19:02:14.550,1784563334.551,228.603,2.775781e-02,3.125826e-03,1.367188e-02,3.906250e-02,2000,0,5.551563e-03
2026-07-20T19:02:14.648,1784563334.649,228.703,2.670862e-02,3.053005e-03,1.538086e-02,3.515625e-02,2000,0,5.341724e-03
2026-07-20T19:02:14.750,1784563334.750,228.803,2.564185e-02,3.132488e-03,1.586914e-02,3.637695e-02,2000,0,5.128369e-03
2026-07-20T19:02:14.848,1784563334.849,228.903,2.452551e-02,3.246906e-03,1.196289e-02,3.417969e-02,2000,0,4.905103e-03
2026-07-20T19:02:14.951,1784563334.951,229.003,2.362610e-02,3.171646e-03,1.147461e-02,3.393555e-02,2000,0,4.725220e-03
2026-07-20T19:02:15.049,1784563335.049,229.103,2.325598e-02,3.225131e-03,9.033203e-03,3.369141e-02,2000,0,4.651196e-03
2026-07-20T19:02:15.150,1784563335.150,229.203,2.226526e-02,3.228413e-03,1.000977e-02,3.320312e-02,2000,0,4.453052e-03
2026-07-20T19:02:15.248,1784563335.249,229.303,2.089783e-02,3.282693e-03,8.056641e-03,3.491211e-02,2000,0,4.179565e-03
2026-07-20T19:02:15.350,1784563335.350,229.403,2.048218e-02,3.211642e-03,9.765625e-03,3.222656e-02,2000,0,4.096436e-03
2026-07-20T19:02:15.450,1784563335.450,229.503,1.946204e-02,3.353715e-03,6.835938e-03,4.028320e-02,2000,0,3.892407e-03
2026-07-20T19:02:15.550,1784563335.550,229.603,1.835498e-02,3.103505e-03,8.300781e-03,2.709961e-02,2000,0,3.670996e-03
2026-07-20T19:02:15.649,1784563335.649,229.703,1.769067e-02,3.402224e-03,6.103516e-03,2.929688e-02,2000,0,3.538135e-03
2026-07-20T19:02:15.750,1784563335.750,229.803,1.682410e-02,3.249077e-03,5.859375e-03,2.734375e-02,2000,0,3.364819e-03
2026-07-20T19:02:15.848,1784563335.849,229.903,1.586670e-02,3.394046e-03,2.685547e-03,2.734375e-02,2000,0,3.173340e-03
2026-07-20T19:02:15.949,1784563335.949,230.003,1.522888e-02,3.473101e-03,1.220703e-03,2.856445e-02,2000,0,3.045776e-03
2026-07-20T19:02:16.049,1784563336.050,230.103,1.409448e-02,3.361353e-03,1.464844e-03,2.441406e-02,2000,0,2.818896e-03
2026-07-20T19:02:16.148,1784563336.149,230.203,1.350000e-02,3.363894e-03,2.197266e-03,2.490234e-02,2000,0,2.700000e-03
2026-07-20T19:02:16.250,1784563336.250,230.303,1.296350e-02,3.355791e-03,1.953125e-03,2.490234e-02,2000,0,2.592700e-03
2026-07-20T19:02:16.348,1784563336.349,230.403,1.240002e-02,3.500755e-03,-2.441406e-04,2.709961e-02,2000,0,2.480005e-03
2026-07-20T19:02:16.448,1784563336.449,230.503,1.176758e-02,3.472354e-03,-2.441406e-04,2.343750e-02,2000,0,2.353516e-03
2026-07-20T19:02:16.548,1784563336.549,230.603,1.126355e-02,3.593789e-03,-1.464844e-03,2.563477e-02,2000,0,2.252710e-03
2026-07-20T19:02:16.648,1784563336.649,230.703,1.016443e-02,3.495384e-03,-7.324219e-04,2.099609e-02,2000,0,2.032886e-03
2026-07-20T19:02:16.748,1784563336.749,230.803,9.742188e-03,3.496532e-03,0.000000e+00,2.221680e-02,2000,0,1.948438e-03
2026-07-20T19:02:16.851,1784563336.851,230.903,9.537598e-03,3.396896e-03,-2.197266e-03,2.026367e-02,2000,0,1.907520e-03
2026-07-20T19:02:16.948,1784563336.949,231.003,8.511597e-03,3.487195e-03,-2.685547e-03,1.928711e-02,2000,0,1.702319e-03
2026-07-20T19:02:17.048,1784563337.049,231.103,7.820923e-03,3.505168e-03,-2.929688e-03,2.685547e-02,2000,0,1.564185e-03
2026-07-20T19:02:17.148,1784563337.149,231.203,8.028442e-03,3.498384e-03,-2.441406e-03,2.001953e-02,2000,0,1.605688e-03
2026-07-20T19:02:17.250,1784563337.250,231.304,6.603516e-03,3.361238e-03,-5.126953e-03,1.855469e-02,2000,0,1.320703e-03
2026-07-20T19:02:17.348,1784563337.349,231.403,5.912598e-03,3.370816e-03,-5.371094e-03,1.904297e-02,2000,0,1.182520e-03
2026-07-20T19:02:17.451,1784563337.451,231.503,6.003784e-03,3.327446e-03,-3.906250e-03,1.855469e-02,2000,0,1.200757e-03
2026-07-20T19:02:17.549,1784563337.549,231.603,4.816406e-03,3.382480e-03,-7.324219e-03,1.611328e-02,2000,0,9.632813e-04
2026-07-20T19:02:17.649,1784563337.649,231.703,4.714478e-03,3.380939e-03,-6.347656e-03,1.757812e-02,2000,0,9.428955e-04
2026-07-20T19:02:17.749,1784563337.749,231.803,4.342163e-03,3.416813e-03,-7.080078e-03,1.660156e-02,2000,0,8.684326e-04
2026-07-20T19:02:17.850,1784563337.850,231.903,4.315918e-03,3.301160e-03,-6.347656e-03,1.586914e-02,2000,0,8.631836e-04
2026-07-20T19:02:17.949,1784563337.950,232.003,3.637207e-03,3.276596e-03,-6.835938e-03,1.611328e-02,2000,0,7.274414e-04
2026-07-20T19:02:18.048,1784563338.049,232.103,2.923462e-03,3.496132e-03,-7.812500e-03,1.367188e-02,2000,0,5.846924e-04
2026-07-20T19:02:18.151,1784563338.152,232.203,2.532959e-03,3.498122e-03,-1.611328e-02,1.391602e-02,2000,0,5.065918e-04
2026-07-20T19:02:18.251,1784563338.251,232.303,2.000488e-03,3.442559e-03,-1.000977e-02,1.269531e-02,2000,0,4.000977e-04
2026-07-20T19:02:18.350,1784563338.350,232.403,1.684570e-03,3.385017e-03,-1.074219e-02,1.367188e-02,2000,0,3.369141e-04
2026-07-20T19:02:18.450,1784563338.451,232.503,4.307861e-04,3.363129e-03,-1.049805e-02,1.000977e-02,2000,0,8.615723e-05
2026-07-20T19:02:18.551,1784563338.551,232.603,-2.222900e-04,3.528423e-03,-1.367188e-02,1.025391e-02,2000,0,-4.445801e-05
2026-07-20T19:02:18.650,1784563338.651,232.703,-1.867676e-05,3.599776e-03,-1.342773e-02,1.147461e-02,2000,0,-3.735352e-06
2026-07-20T19:02:18.750,1784563338.751,232.803,2.650146e-04,3.474750e-03,-1.123047e-02,1.098633e-02,2000,0,5.300293e-05
2026-07-20T19:02:18.850,1784563338.851,232.903,-4.091797e-04,3.407236e-03,-1.318359e-02,1.342773e-02,2000,0,-8.183594e-05
2026-07-20T19:02:18.948,1784563338.949,233.003,-8.902588e-04,3.394060e-03,-1.220703e-02,9.521484e-03,2000,0,-1.780518e-04
2026-07-20T19:02:19.048,1784563339.049,233.103,-1.647949e-03,3.448598e-03,-1.562500e-02,8.544922e-03,2000,0,-3.295898e-04
2026-07-20T19:02:19.149,1784563339.149,233.203,-1.876953e-03,3.430994e-03,-1.269531e-02,9.277344e-03,2000,0,-3.753906e-04
2026-07-20T19:02:19.248,1784563339.249,233.303,-1.937500e-03,3.519860e-03,-1.416016e-02,7.812500e-03,2000,0,-3.875000e-04
2026-07-20T19:02:19.349,1784563339.349,233.403,-2.268799e-03,3.448949e-03,-1.757812e-02,6.591797e-03,2000,0,-4.537598e-04
2026-07-20T19:02:19.450,1784563339.450,233.503,-2.569214e-03,3.470246e-03,-1.660156e-02,8.056641e-03,2000,0,-5.138428e-04
2026-07-20T19:02:19.550,1784563339.551,233.603,-2.823608e-03,3.440484e-03,-1.489258e-02,8.056641e-03,2000,0,-5.647217e-04
2026-07-20T19:02:19.650,1784563339.651,233.703,-2.987915e-03,3.448426e-03,-1.440430e-02,9.765625e-03,2000,0,-5.975830e-04
2026-07-20T19:02:19.748,1784563339.749,233.803,-3.159546e-03,3.329125e-03,-1.391602e-02,6.103516e-03,2000,0,-6.319092e-04
2026-07-20T19:02:19.849,1784563339.849,233.903,-3.455688e-03,3.404608e-03,-1.489258e-02,7.324219e-03,2000,0,-6.911377e-04
2026-07-20T19:02:19.951,1784563339.951,234.003,-3.974609e-03,3.429143e-03,-1.513672e-02,5.371094e-03,2000,0,-7.949219e-04
2026-07-20T19:02:20.051,1784563340.051,234.103,-3.428101e-03,3.211510e-03,-1.562500e-02,7.324219e-03,2000,0,-6.856201e-04
2026-07-20T19:02:20.149,1784563340.149,234.203,-3.994507e-03,3.480660e-03,-1.708984e-02,6.591797e-03,2000,0,-7.989014e-04
2026-07-20T19:02:20.248,1784563340.249,234.303,-4.320801e-03,3.297343e-03,-1.367188e-02,5.615234e-03,2000,0,-8.641602e-04
2026-07-20T19:02:20.350,1784563340.351,234.403,-4.256592e-03,3.345081e-03,-1.977539e-02,6.347656e-03,2000,0,-8.513184e-04
2026-07-20T19:02:20.450,1784563340.451,234.503,-5.138794e-03,3.434349e-03,-1.708984e-02,5.371094e-03,2000,0,-1.027759e-03
2026-07-20T19:02:20.550,1784563340.551,234.603,-4.794312e-03,3.381282e-03,-1.489258e-02,1.342773e-02,2000,0,-9.588623e-04
2026-07-20T19:02:20.650,1784563340.651,234.703,-4.807373e-03,3.377229e-03,-1.586914e-02,3.417969e-03,2000,0,-9.614746e-04
2026-07-20T19:02:20.750,1784563340.751,234.803,-5.039063e-03,3.477924e-03,-1.538086e-02,6.591797e-03,2000,0,-1.007813e-03
2026-07-20T19:02:20.850,1784563340.851,234.903,-5.355469e-03,3.551964e-03,-1.684570e-02,3.906250e-03,2000,0,-1.071094e-03
2026-07-20T19:02:20.948,1784563340.949,235.003,-5.236694e-03,3.624279e-03,-1.684570e-02,6.103516e-03,2000,0,-1.047339e-03
2026-07-20T19:02:21.048,1784563341.049,235.103,-6.112427e-03,3.538281e-03,-1.904297e-02,3.906250e-03,2000,0,-1.222485e-03
2026-07-20T19:02:21.148,1784563341.149,235.203,-5.352417e-03,3.681222e-03,-1.708984e-02,6.103516e-03,2000,0,-1.070483e-03
2026-07-20T19:02:21.250,1784563341.250,235.303,-5.818481e-03,3.569779e-03,-1.953125e-02,4.394531e-03,2000,0,-1.163696e-03
2026-07-20T19:02:21.348,1784563341.349,235.403,-5.735962e-03,3.711804e-03,-1.806641e-02,3.662109e-03,2000,0,-1.147192e-03
2026-07-20T19:02:21.449,1784563341.449,235.504,-5.760620e-03,3.982351e-03,-1.928711e-02,5.371094e-03,2000,0,-1.152124e-03
2026-07-20T19:02:21.551,1784563341.551,235.603,-5.498657e-03,3.742163e-03,-1.733398e-02,5.859375e-03,2000,0,-1.099731e-03
2026-07-20T19:02:21.648,1784563341.649,235.703,-5.820801e-03,3.830457e-03,-2.050781e-02,4.394531e-03,2000,0,-1.164160e-03
2026-07-20T19:02:21.748,1784563341.749,235.803,-6.180664e-03,3.923737e-03,-1.708984e-02,7.324219e-03,2000,0,-1.236133e-03
2026-07-20T19:02:21.849,1784563341.849,235.903,-6.171509e-03,3.928699e-03,-2.050781e-02,6.347656e-03,2000,0,-1.234302e-03
2026-07-20T19:02:21.948,1784563341.949,236.003,-5.878052e-03,3.879099e-03,-1.733398e-02,4.394531e-03,2000,0,-1.175610e-03
2026-07-20T19:02:22.050,1784563342.051,236.103,-6.382568e-03,3.978403e-03,-1.904297e-02,5.859375e-03,2000,0,-1.276514e-03
2026-07-20T19:02:22.148,1784563342.149,236.203,-6.367554e-03,3.871164e-03,-1.684570e-02,1.049805e-02,2000,0,-1.273511e-03
2026-07-20T19:02:22.250,1784563342.250,236.303,-6.295898e-03,4.019159e-03,-2.148438e-02,5.859375e-03,2000,0,-1.259180e-03
2026-07-20T19:02:22.348,1784563342.349,236.403,-5.811279e-03,3.859416e-03,-1.831055e-02,5.371094e-03,2000,0,-1.162256e-03
2026-07-20T19:02:22.449,1784563342.449,236.503,-6.562256e-03,4.018657e-03,-1.977539e-02,4.638672e-03,2000,0,-1.312451e-03
2026-07-20T19:02:22.551,1784563342.551,236.603,-6.432373e-03,4.031593e-03,-2.148438e-02,5.615234e-03,2000,0,-1.286475e-03
2026-07-20T19:02:22.649,1784563342.649,236.703,-6.197266e-03,4.080061e-03,-2.099609e-02,7.324219e-03,2000,0,-1.239453e-03
2026-07-20T19:02:22.748,1784563342.749,236.803,-6.466431e-03,4.065684e-03,-2.001953e-02,3.417969e-03,2000,0,-1.293286e-03
2026-07-20T19:02:22.848,1784563342.849,236.903,-6.259521e-03,4.037334e-03,-2.246094e-02,4.882812e-03,2000,0,-1.251904e-03
2026-07-20T19:02:22.948,1784563342.949,237.003,-6.741577e-03,4.087545e-03,-2.368164e-02,4.638672e-03,2000,0,-1.348315e-03
2026-07-20T19:02:23.048,1784563343.049,237.103,-6.586792e-03,4.083007e-03,-2.514648e-02,6.835938e-03,2000,0,-1.317358e-03
2026-07-20T19:02:23.149,1784563343.150,237.203,-6.327637e-03,4.105428e-03,-2.099609e-02,8.544922e-03,2000,0,-1.265527e-03
2026-07-20T19:02:23.248,1784563343.249,237.303,-6.694214e-03,4.206037e-03,-2.294922e-02,6.347656e-03,2000,0,-1.338843e-03
2026-07-20T19:02:23.350,1784563343.351,237.403,-6.915894e-03,4.208153e-03,-1.953125e-02,5.615234e-03,2000,0,-1.383179e-03
2026-07-20T19:02:23.450,1784563343.450,237.503,-7.031616e-03,4.142730e-03,-2.026367e-02,5.615234e-03,2000,0,-1.406323e-03
2026-07-20T19:02:23.548,1784563343.549,237.603,-6.718872e-03,4.140740e-03,-2.343750e-02,6.103516e-03,2000,0,-1.343774e-03
2026-07-20T19:02:23.650,1784563343.651,237.703,-6.759766e-03,4.135786e-03,-2.368164e-02,1.440430e-02,2000,0,-1.351953e-03
2026-07-20T19:02:23.749,1784563343.750,237.803,-6.702881e-03,4.121069e-03,-2.246094e-02,7.080078e-03,2000,0,-1.340576e-03
2026-07-20T19:02:23.848,1784563343.849,237.903,-6.515503e-03,3.930375e-03,-2.685547e-02,4.394531e-03,2000,0,-1.303101e-03
2026-07-20T19:02:23.950,1784563343.950,238.003,-7.039429e-03,3.947262e-03,-1.879883e-02,4.150391e-03,2000,0,-1.407886e-03
2026-07-20T19:02:24.051,1784563344.051,238.103,-5.749268e-03,4.051474e-03,-1.831055e-02,5.371094e-03,2000,0,-1.149854e-03
2026-07-20T19:02:24.148,1784563344.149,238.203,-6.340942e-03,4.085281e-03,-2.221680e-02,6.347656e-03,2000,0,-1.268188e-03
2026-07-20T19:02:24.248,1784563344.249,238.303,-6.184326e-03,3.899350e-03,-2.148438e-02,5.859375e-03,2000,0,-1.236865e-03
2026-07-20T19:02:24.348,1784563344.349,238.403,-5.667114e-03,3.858328e-03,-1.879883e-02,5.615234e-03,2000,0,-1.133423e-03
2026-07-20T19:02:24.448,1784563344.449,238.503,-5.960693e-03,3.751328e-03,-1.904297e-02,7.568359e-03,2000,0,-1.192139e-03
2026-07-20T19:02:24.550,1784563344.551,238.603,-6.057129e-03,3.745828e-03,-1.928711e-02,8.056641e-03,2000,0,-1.211426e-03
2026-07-20T19:02:24.649,1784563344.650,238.703,-5.692139e-03,3.815659e-03,-1.733398e-02,8.056641e-03,2000,0,-1.138428e-03
2026-07-20T19:02:24.751,1784563344.751,238.803,-5.843994e-03,3.576748e-03,-1.757812e-02,7.080078e-03,2000,0,-1.168799e-03
2026-07-20T19:02:24.851,1784563344.851,238.903,-5.760620e-03,3.723764e-03,-1.806641e-02,6.591797e-03,2000,0,-1.152124e-03
2026-07-20T19:02:24.948,1784563344.949,239.003,-5.802734e-03,3.717246e-03,-1.782227e-02,9.033203e-03,2000,0,-1.160547e-03
2026-07-20T19:02:25.049,1784563345.050,239.103,-6.523560e-03,3.769134e-03,-1.904297e-02,5.615234e-03,2000,0,-1.304712e-03
2026-07-20T19:02:25.150,1784563345.151,239.203,-5.897339e-03,3.586818e-03,-1.782227e-02,6.835938e-03,2000,0,-1.179468e-03
2026-07-20T19:02:25.251,1784563345.252,239.303,-6.118530e-03,3.531119e-03,-1.928711e-02,1.220703e-02,2000,0,-1.223706e-03
2026-07-20T19:02:25.350,1784563345.350,239.403,-5.916260e-03,3.571308e-03,-1.684570e-02,6.103516e-03,2000,0,-1.183252e-03
2026-07-20T19:02:25.450,1784563345.451,239.503,-5.685181e-03,3.719292e-03,-2.099609e-02,7.568359e-03,2000,0,-1.137036e-03
2026-07-20T19:02:25.550,1784563345.551,239.603,-5.434570e-03,3.607176e-03,-1.586914e-02,6.347656e-03,2000,0,-1.086914e-03
2026-07-20T19:02:25.650,1784563345.651,239.703,-5.792480e-03,3.395117e-03,-1.660156e-02,5.859375e-03,2000,0,-1.158496e-03
2026-07-20T19:02:25.748,1784563345.749,239.803,-5.667114e-03,3.747088e-03,-2.099609e-02,5.615234e-03,2000,0,-1.133423e-03
2026-07-20T19:02:25.850,1784563345.850,239.903,-5.552002e-03,3.534427e-03,-1.635742e-02,1.269531e-02,2000,0,-1.110400e-03
2026-07-20T19:02:25.949,1784563345.950,240.003,-5.703735e-03,3.504843e-03,-1.611328e-02,4.882812e-03,2000,0,-1.140747e-03
2026-07-20T19:02:26.048,1784563346.049,240.103,-5.631714e-03,3.502826e-03,-1.757812e-02,4.394531e-03,2000,0,-1.126343e-03
2026-07-20T19:02:26.149,1784563346.149,240.203,-5.501953e-03,3.305449e-03,-1.708984e-02,4.882812e-03,2000,0,-1.100391e-03
2026-07-20T19:02:26.250,1784563346.251,240.303,-5.339478e-03,3.352174e-03,-1.684570e-02,9.033203e-03,2000,0,-1.067896e-03
2026-07-20T19:02:26.350,1784563346.351,240.403,-5.411499e-03,3.424198e-03,-1.635742e-02,5.371094e-03,2000,0,-1.082300e-03
2026-07-20T19:02:26.450,1784563346.451,240.503,-4.982300e-03,3.396631e-03,-1.562500e-02,5.126953e-03,2000,0,-9.964600e-04
2026-07-20T19:02:26.551,1784563346.551,240.603,-6.069458e-03,3.194709e-03,-1.660156e-02,2.929688e-03,2000,0,-1.213892e-03
2026-07-20T19:02:26.650,1784563346.651,240.703,-5.668579e-03,3.272757e-03,-1.757812e-02,4.638672e-03,2000,0,-1.133716e-03
2026-07-20T19:02:26.750,1784563346.751,240.803,-5.392456e-03,3.125714e-03,-1.586914e-02,4.150391e-03,2000,0,-1.078491e-03
2026-07-20T19:02:26.849,1784563346.850,240.903,-5.629028e-03,3.062523e-03,-1.586914e-02,7.324219e-03,2000,0,-1.125806e-03
2026-07-20T19:02:26.948,1784563346.949,241.003,-6.094360e-03,3.013027e-03,-1.513672e-02,3.173828e-03,2000,0,-1.218872e-03
2026-07-20T19:02:27.050,1784563347.051,241.103,-5.727661e-03,3.044664e-03,-1.513672e-02,3.906250e-03,2000,0,-1.145532e-03
2026-07-20T19:02:27.148,1784563347.149,241.203,-5.938843e-03,2.907771e-03,-1.538086e-02,4.638672e-03,2000,0,-1.187769e-03
2026-07-20T19:02:27.251,1784563347.251,241.303,-6.173218e-03,2.829599e-03,-1.611328e-02,2.441406e-03,2000,0,-1.234644e-03
2026-07-20T19:02:27.351,1784563347.351,241.403,-6.227173e-03,2.849184e-03,-1.635742e-02,5.371094e-03,2000,0,-1.245435e-03
2026-07-20T19:02:27.451,1784563347.451,241.503,-6.390503e-03,2.730816e-03,-1.391602e-02,3.173828e-03,2000,0,-1.278101e-03
2026-07-20T19:02:27.550,1784563347.551,241.603,-5.891357e-03,2.658150e-03,-1.855469e-02,2.441406e-03,2000,0,-1.178271e-03
2026-07-20T19:02:27.648,1784563347.649,241.703,-5.977417e-03,2.650818e-03,-1.660156e-02,2.929688e-03,2000,0,-1.195483e-03
2026-07-20T19:02:27.750,1784563347.750,241.803,-5.998291e-03,2.542877e-03,-1.489258e-02,6.591797e-03,2000,0,-1.199658e-03
2026-07-20T19:02:27.848,1784563347.849,241.903,-5.683105e-03,2.505657e-03,-1.342773e-02,1.953125e-03,2000,0,-1.136621e-03
2026-07-20T19:02:27.950,1784563347.951,242.003,-5.635620e-03,2.431309e-03,-1.440430e-02,1.953125e-03,2000,0,-1.127124e-03
2026-07-20T19:02:28.050,1784563348.050,242.103,-6.104614e-03,2.485377e-03,-1.391602e-02,3.173828e-03,2000,0,-1.220923e-03
2026-07-20T19:02:28.148,1784563348.149,242.203,-6.707764e-03,2.518324e-03,-1.635742e-02,4.638672e-03,2000,0,-1.341553e-03
2026-07-20T19:02:28.249,1784563348.249,242.303,-6.469116e-03,2.601547e-03,-1.708984e-02,3.173828e-03,2000,0,-1.293823e-03
2026-07-20T19:02:28.351,1784563348.352,242.403,-6.425659e-03,2.548031e-03,-1.757812e-02,5.371094e-03,2000,0,-1.285132e-03
2026-07-20T19:02:28.450,1784563348.450,242.503,-6.146362e-03,2.420783e-03,-1.464844e-02,1.708984e-03,2000,0,-1.229272e-03
2026-07-20T19:02:28.549,1784563348.549,242.603,-6.471558e-03,2.590963e-03,-1.928711e-02,3.417969e-03,2000,0,-1.294312e-03
2026-07-20T19:02:28.650,1784563348.651,242.703,-6.145752e-03,2.489996e-03,-1.440430e-02,1.220703e-03,2000,0,-1.229150e-03
2026-07-20T19:02:28.750,1784563348.751,242.803,-6.644409e-03,2.752766e-03,-1.757812e-02,1.464844e-03,2000,0,-1.328882e-03
2026-07-20T19:02:28.849,1784563348.849,242.903,-6.551514e-03,2.895396e-03,-1.733398e-02,8.544922e-03,2000,0,-1.310303e-03
2026-07-20T19:02:28.951,1784563348.951,243.003,-7.274048e-03,2.847681e-03,-1.757812e-02,6.347656e-03,2000,0,-1.454810e-03
2026-07-20T19:02:29.048,1784563349.049,243.103,-6.439941e-03,2.745156e-03,-1.464844e-02,1.953125e-03,2000,0,-1.287988e-03
2026-07-20T19:02:29.150,1784563349.151,243.203,-6.618530e-03,2.961724e-03,-1.635742e-02,3.417969e-03,2000,0,-1.323706e-03
2026-07-20T19:02:29.248,1784563349.249,243.303,-6.417114e-03,2.946106e-03,-1.611328e-02,2.685547e-03,2000,0,-1.283423e-03
2026-07-20T19:02:29.350,1784563349.351,243.403,-6.609375e-03,3.098632e-03,-1.928711e-02,6.591797e-03,2000,0,-1.321875e-03
2026-07-20T19:02:29.451,1784563349.451,243.503,-6.940063e-03,3.171053e-03,-2.148438e-02,2.929688e-03,2000,0,-1.388013e-03
2026-07-20T19:02:29.551,1784563349.551,243.603,-6.177002e-03,3.098244e-03,-1.586914e-02,1.708984e-03,2000,0,-1.235400e-03
2026-07-20T19:02:29.651,1784563349.651,243.703,-6.629761e-03,3.149095e-03,-1.782227e-02,2.929688e-03,2000,0,-1.325952e-03
2026-07-20T19:02:29.751,1784563349.751,243.803,-6.701538e-03,3.221930e-03,-1.782227e-02,3.906250e-03,2000,0,-1.340308e-03
2026-07-20T19:02:29.851,1784563349.851,243.903,-6.497070e-03,3.275458e-03,-1.708984e-02,1.464844e-02,2000,0,-1.299414e-03
2026-07-20T19:02:29.948,1784563349.949,244.003,-7.440430e-03,3.319688e-03,-1.904297e-02,7.568359e-03,2000,0,-1.488086e-03
2026-07-20T19:02:30.048,1784563350.049,244.103,-6.678223e-03,3.359837e-03,-1.928711e-02,3.906250e-03,2000,0,-1.335645e-03
2026-07-20T19:02:30.150,1784563350.151,244.203,-6.615845e-03,3.341426e-03,-1.684570e-02,2.441406e-03,2000,0,-1.323169e-03
2026-07-20T19:02:30.248,1784563350.249,244.303,-7.405518e-03,3.211207e-03,-1.831055e-02,1.953125e-03,2000,0,-1.481104e-03
2026-07-20T19:02:30.348,1784563350.349,244.403,-6.583984e-03,3.209832e-03,-1.879883e-02,2.929688e-03,2000,0,-1.316797e-03
2026-07-20T19:02:30.449,1784563350.449,244.503,-7.089966e-03,3.260186e-03,-1.708984e-02,2.929688e-03,2000,0,-1.417993e-03
2026-07-20T19:02:30.550,1784563350.551,244.603,-7.051880e-03,3.391123e-03,-1.879883e-02,1.953125e-03,2000,0,-1.410376e-03
2026-07-20T19:02:30.649,1784563350.649,244.703,-7.446777e-03,3.228588e-03,-1.806641e-02,6.835938e-03,2000,0,-1.489355e-03
2026-07-20T19:02:30.748,1784563350.749,244.803,-7.494873e-03,3.113778e-03,-1.879883e-02,2.929688e-03,2000,0,-1.498975e-03
2026-07-20T19:02:30.849,1784563350.849,244.903,-7.613770e-03,3.200063e-03,-1.782227e-02,3.417969e-03,2000,0,-1.522754e-03
2026-07-20T19:02:30.950,1784563350.951,245.003,-7.576294e-03,3.185408e-03,-1.733398e-02,7.080078e-03,2000,0,-1.515259e-03
2026-07-20T19:02:31.048,1784563351.049,245.103,-6.906250e-03,3.035799e-03,-1.635742e-02,4.394531e-03,2000,0,-1.381250e-03
2026-07-20T19:02:31.149,1784563351.149,245.203,-7.226074e-03,3.185744e-03,-1.733398e-02,2.197266e-03,2000,0,-1.445215e-03
2026-07-20T19:02:31.250,1784563351.251,245.303,-7.468872e-03,3.219524e-03,-1.660156e-02,3.906250e-03,2000,0,-1.493774e-03
2026-07-20T19:02:31.350,1784563351.350,245.403,-7.228516e-03,3.275530e-03,-1.708984e-02,4.882812e-03,2000,0,-1.445703e-03
2026-07-20T19:02:31.449,1784563351.450,245.503,-6.941772e-03,3.272246e-03,-1.855469e-02,5.126953e-03,2000,0,-1.388354e-03
2026-07-20T19:02:31.550,1784563351.550,245.603,-7.779175e-03,3.280753e-03,-1.782227e-02,2.929688e-03,2000,0,-1.555835e-03
2026-07-20T19:02:31.648,1784563351.649,245.703,-6.845215e-03,3.155290e-03,-2.075195e-02,3.417969e-03,2000,0,-1.369043e-03
2026-07-20T19:02:31.748,1784563351.749,245.803,-6.995239e-03,3.222941e-03,-1.831055e-02,3.906250e-03,2000,0,-1.399048e-03
2026-07-20T19:02:31.849,1784563351.849,245.903,-6.869141e-03,3.251111e-03,-1.635742e-02,4.394531e-03,2000,0,-1.373828e-03
2026-07-20T19:02:31.948,1784563351.949,246.003,-6.917969e-03,3.277229e-03,-1.635742e-02,9.521484e-03,2000,0,-1.383594e-03
2026-07-20T19:02:32.049,1784563352.050,246.103,-7.506348e-03,3.270131e-03,-1.757812e-02,6.835938e-03,2000,0,-1.501270e-03
2026-07-20T19:02:32.150,1784563352.150,246.203,-7.520630e-03,3.183834e-03,-1.806641e-02,5.126953e-03,2000,0,-1.504126e-03
2026-07-20T19:02:32.248,1784563352.249,246.303,-7.545532e-03,3.215572e-03,-2.148438e-02,2.197266e-03,2000,0,-1.509106e-03
2026-07-20T19:02:32.348,1784563352.349,246.403,-7.722046e-03,3.318330e-03,-1.660156e-02,4.150391e-03,2000,0,-1.544409e-03
2026-07-20T19:02:32.449,1784563352.450,246.503,-7.546753e-03,3.214421e-03,-1.928711e-02,3.906250e-03,2000,0,-1.509351e-03
2026-07-20T19:02:32.550,1784563352.551,246.603,-7.210083e-03,3.438892e-03,-1.757812e-02,5.371094e-03,2000,0,-1.442017e-03
2026-07-20T19:02:32.648,1784563352.649,246.703,-7.934326e-03,3.234813e-03,-2.075195e-02,2.197266e-03,2000,0,-1.586865e-03
2026-07-20T19:02:32.750,1784563352.751,246.803,-7.491943e-03,3.368035e-03,-1.855469e-02,3.662109e-03,2000,0,-1.498389e-03
2026-07-20T19:02:32.850,1784563352.851,246.903,-7.865356e-03,3.219757e-03,-1.879883e-02,3.173828e-03,2000,0,-1.573071e-03
2026-07-20T19:02:32.951,1784563352.951,247.003,-7.854126e-03,3.184154e-03,-2.099609e-02,5.371094e-03,2000,0,-1.570825e-03
2026-07-20T19:02:33.050,1784563353.051,247.103,-7.118774e-03,3.169284e-03,-2.343750e-02,3.417969e-03,2000,0,-1.423755e-03
2026-07-20T19:02:33.150,1784563353.150,247.203,-7.692993e-03,3.318812e-03,-2.050781e-02,6.347656e-03,2000,0,-1.538599e-03
2026-07-20T19:02:33.250,1784563353.251,247.303,-7.573608e-03,3.308516e-03,-1.831055e-02,1.708984e-03,2000,0,-1.514722e-03
2026-07-20T19:02:33.349,1784563353.349,247.403,-8.397705e-03,3.256971e-03,-1.855469e-02,1.953125e-03,2000,0,-1.679541e-03
2026-07-20T19:02:33.451,1784563353.451,247.503,-7.799194e-03,3.349869e-03,-2.148438e-02,1.708984e-03,2000,0,-1.559839e-03
2026-07-20T19:02:33.551,1784563353.552,247.604,-8.354004e-03,2.955781e-03,-2.148438e-02,4.882812e-04,2000,0,-1.670801e-03
2026-07-20T19:02:33.651,1784563353.651,247.703,-7.428833e-03,3.194306e-03,-2.050781e-02,2.197266e-03,2000,0,-1.485767e-03
2026-07-20T19:02:33.751,1784563353.751,247.803,-7.431519e-03,3.287255e-03,-1.928711e-02,1.220703e-03,2000,0,-1.486304e-03
2026-07-20T19:02:33.851,1784563353.851,247.903,-7.746582e-03,3.212969e-03,-1.904297e-02,1.953125e-03,2000,0,-1.549316e-03
2026-07-20T19:02:33.948,1784563353.949,248.003,-7.612915e-03,3.316740e-03,-1.977539e-02,7.324219e-04,2000,0,-1.522583e-03
2026-07-20T19:02:34.050,1784563354.051,248.103,-7.771851e-03,3.358685e-03,-1.953125e-02,4.150391e-03,2000,0,-1.554370e-03
2026-07-20T19:02:34.148,1784563354.149,248.203,-7.717896e-03,3.257181e-03,-2.026367e-02,7.812500e-03,2000,0,-1.543579e-03
2026-07-20T19:02:34.250,1784563354.250,248.303,-7.378662e-03,3.367320e-03,-1.879883e-02,1.708984e-03,2000,0,-1.475732e-03
2026-07-20T19:02:34.348,1784563354.349,248.403,-7.487793e-03,3.232048e-03,-1.757812e-02,2.685547e-03,2000,0,-1.497559e-03
2026-07-20T19:02:34.450,1784563354.450,248.503,-7.797485e-03,3.337767e-03,-2.001953e-02,2.197266e-03,2000,0,-1.559497e-03
2026-07-20T19:02:34.548,1784563354.549,248.603,-7.491943e-03,3.249603e-03,-1.904297e-02,1.953125e-03,2000,0,-1.498389e-03
2026-07-20T19:02:34.648,1784563354.649,248.703,-8.194702e-03,3.202839e-03,-1.782227e-02,2.685547e-03,2000,0,-1.638940e-03
2026-07-20T19:02:34.750,1784563354.751,248.803,-7.737793e-03,3.227760e-03,-1.928711e-02,2.685547e-03,2000,0,-1.547559e-03
2026-07-20T19:02:34.849,1784563354.849,248.903,-8.226562e-03,3.224113e-03,-1.904297e-02,9.765625e-04,2000,0,-1.645313e-03
2026-07-20T19:02:34.950,1784563354.951,249.003,-7.790161e-03,3.237392e-03,-1.977539e-02,8.300781e-03,2000,0,-1.558032e-03
2026-07-20T19:02:35.049,1784563355.049,249.103,-8.661987e-03,3.010518e-03,-1.904297e-02,1.953125e-03,2000,0,-1.732397e-03
2026-07-20T19:02:35.148,1784563355.149,249.203,-7.786865e-03,3.201381e-03,-2.343750e-02,2.441406e-03,2000,0,-1.557373e-03
2026-07-20T19:02:35.248,1784563355.249,249.303,-8.106445e-03,3.224795e-03,-1.855469e-02,2.929688e-03,2000,0,-1.621289e-03
2026-07-20T19:02:35.350,1784563355.351,249.403,-8.294189e-03,3.304254e-03,-1.879883e-02,2.685547e-03,2000,0,-1.658838e-03
2026-07-20T19:02:35.451,1784563355.451,249.503,-8.280762e-03,3.149265e-03,-1.831055e-02,8.789062e-03,2000,0,-1.656152e-03
2026-07-20T19:02:35.551,1784563355.551,249.603,-8.159180e-03,3.135545e-03,-1.757812e-02,2.441406e-03,2000,0,-1.631836e-03
2026-07-20T19:02:35.651,1784563355.651,249.703,-8.512451e-03,3.104998e-03,-2.221680e-02,2.685547e-03,2000,0,-1.702490e-03
2026-07-20T19:02:35.751,1784563355.751,249.803,-8.164185e-03,2.977760e-03,-1.855469e-02,2.441406e-04,2000,0,-1.632837e-03
2026-07-20T19:02:35.851,1784563355.851,249.903,-8.201172e-03,3.012111e-03,-1.660156e-02,1.953125e-03,2000,0,-1.640234e-03
2026-07-20T19:02:35.949,1784563355.949,250.003,-8.326660e-03,2.998577e-03,-2.001953e-02,1.220703e-03,2000,0,-1.665332e-03
2026-07-20T19:02:36.050,1784563356.051,250.103,-7.670410e-03,3.117985e-03,-1.782227e-02,7.324219e-03,2000,0,-1.534082e-03
2026-07-20T19:02:36.148,1784563356.149,250.203,-7.886841e-03,2.976081e-03,-1.708984e-02,3.173828e-03,2000,0,-1.577368e-03
2026-07-20T19:02:36.248,1784563356.249,250.303,-7.982910e-03,2.964744e-03,-1.879883e-02,2.441406e-03,2000,0,-1.596582e-03
2026-07-20T19:02:36.349,1784563356.349,250.403,-8.602905e-03,2.912303e-03,-1.782227e-02,1.220703e-03,2000,0,-1.720581e-03
2026-07-20T19:02:36.450,1784563356.451,250.503,-7.950439e-03,3.027538e-03,-1.855469e-02,7.324219e-04,2000,0,-1.590088e-03
2026-07-20T19:02:36.550,1784563356.551,250.603,-8.283936e-03,3.001800e-03,-1.904297e-02,5.126953e-03,2000,0,-1.656787e-03
2026-07-20T19:02:36.650,1784563356.651,250.703,-7.501953e-03,3.160391e-03,-1.904297e-02,4.394531e-03,2000,0,-1.500391e-03
2026-07-20T19:02:36.748,1784563356.749,250.803,-7.928345e-03,3.102002e-03,-2.099609e-02,7.324219e-03,2000,0,-1.585669e-03
2026-07-20T19:02:36.849,1784563356.849,250.903,-8.332031e-03,3.126760e-03,-1.904297e-02,9.765625e-04,2000,0,-1.666406e-03
2026-07-20T19:02:36.948,1784563356.949,251.003,-8.335205e-03,3.168961e-03,-1.831055e-02,9.765625e-04,2000,0,-1.667041e-03
2026-07-20T19:02:37.051,1784563357.051,251.103,-8.615479e-03,3.144589e-03,-1.757812e-02,7.324219e-04,2000,0,-1.723096e-03
2026-07-20T19:02:37.149,1784563357.150,251.203,-8.494751e-03,3.149076e-03,-1.904297e-02,4.150391e-03,2000,0,-1.698950e-03
2026-07-20T19:02:37.248,1784563357.249,251.303,-7.988281e-03,3.236541e-03,-1.977539e-02,2.685547e-03,2000,0,-1.597656e-03
2026-07-20T19:02:37.349,1784563357.349,251.403,-8.407349e-03,3.310127e-03,-1.928711e-02,1.708984e-03,2000,0,-1.681470e-03
2026-07-20T19:02:37.448,1784563357.449,251.503,-8.525391e-03,3.219951e-03,-1.782227e-02,2.929688e-03,2000,0,-1.705078e-03
2026-07-20T19:02:37.548,1784563357.549,251.603,-8.440674e-03,3.195321e-03,-1.879883e-02,1.220703e-03,2000,0,-1.688135e-03
2026-07-20T19:02:37.648,1784563357.649,251.703,-8.343018e-03,3.289228e-03,-1.928711e-02,2.685547e-03,2000,0,-1.668604e-03
2026-07-20T19:02:37.749,1784563357.749,251.803,-9.182129e-03,3.350245e-03,-2.294922e-02,1.708984e-03,2000,0,-1.836426e-03
2026-07-20T19:02:37.850,1784563357.851,251.903,-8.286987e-03,3.332375e-03,-1.757812e-02,1.953125e-03,2000,0,-1.657397e-03
2026-07-20T19:02:37.948,1784563357.949,252.003,-8.188110e-03,3.328574e-03,-1.879883e-02,5.859375e-03,2000,0,-1.637622e-03
2026-07-20T19:02:38.049,1784563358.049,252.103,-8.721191e-03,3.471339e-03,-2.001953e-02,3.173828e-03,2000,0,-1.744238e-03
2026-07-20T19:02:38.148,1784563358.149,252.203,-8.172729e-03,3.240818e-03,-1.684570e-02,3.173828e-03,2000,0,-1.634546e-03
2026-07-20T19:02:38.248,1784563358.249,252.303,-8.230225e-03,3.236364e-03,-1.806641e-02,1.220703e-03,2000,0,-1.646045e-03
2026-07-20T19:02:38.348,1784563358.349,252.403,-7.775757e-03,3.254138e-03,-1.782227e-02,1.953125e-03,2000,0,-1.555151e-03
2026-07-20T19:02:38.449,1784563358.449,252.503,-8.049561e-03,3.447869e-03,-1.977539e-02,4.882812e-03,2000,0,-1.609912e-03
2026-07-20T19:02:38.550,1784563358.550,252.603,-8.390747e-03,3.327742e-03,-2.001953e-02,2.685547e-03,2000,0,-1.678149e-03
2026-07-20T19:02:38.649,1784563358.650,252.703,-8.327271e-03,3.435838e-03,-1.879883e-02,3.906250e-03,2000,0,-1.665454e-03
2026-07-20T19:02:38.749,1784563358.749,252.803,-8.725464e-03,3.381552e-03,-1.806641e-02,3.662109e-03,2000,0,-1.745093e-03
2026-07-20T19:02:38.850,1784563358.851,252.903,-9.213013e-03,3.412708e-03,-2.197266e-02,3.173828e-03,2000,0,-1.842603e-03
2026-07-20T19:02:38.949,1784563358.949,253.003,-8.330444e-03,3.407216e-03,-2.465820e-02,3.906250e-03,2000,0,-1.666089e-03
2026-07-20T19:02:39.049,1784563359.049,253.103,-8.778076e-03,3.527245e-03,-2.001953e-02,2.685547e-03,2000,0,-1.755615e-03
2026-07-20T19:02:39.149,1784563359.149,253.203,-8.696533e-03,3.370311e-03,-1.757812e-02,3.662109e-03,2000,0,-1.739307e-03
2026-07-20T19:02:39.250,1784563359.251,253.303,-9.018188e-03,3.398923e-03,-1.855469e-02,1.953125e-03,2000,0,-1.803638e-03
2026-07-20T19:02:39.349,1784563359.349,253.403,-8.437988e-03,3.253701e-03,-1.953125e-02,2.685547e-03,2000,0,-1.687598e-03
2026-07-20T19:02:39.448,1784563359.449,253.503,-8.532959e-03,3.201871e-03,-1.904297e-02,2.441406e-03,2000,0,-1.706592e-03
2026-07-20T19:02:39.551,1784563359.552,253.603,-7.857544e-03,3.491599e-03,-2.075195e-02,4.150391e-03,2000,0,-1.571509e-03
2026-07-20T19:02:39.648,1784563359.649,253.703,-9.112549e-03,3.427028e-03,-2.807617e-02,1.708984e-03,2000,0,-1.822510e-03
2026-07-20T19:02:39.750,1784563359.751,253.803,-8.430420e-03,3.356148e-03,-1.782227e-02,3.173828e-03,2000,0,-1.686084e-03
2026-07-20T19:02:39.849,1784563359.849,253.903,-9.311523e-03,3.384967e-03,-2.075195e-02,7.080078e-03,2000,0,-1.862305e-03
2026-07-20T19:02:39.949,1784563359.949,254.003,-8.342651e-03,3.423824e-03,-1.855469e-02,2.197266e-03,2000,0,-1.668530e-03
2026-07-20T19:02:40.048,1784563360.049,254.103,-8.539551e-03,3.368968e-03,-1.879883e-02,1.464844e-03,2000,0,-1.707910e-03
2026-07-20T19:02:40.149,1784563360.149,254.203,-8.289795e-03,3.373216e-03,-1.806641e-02,2.685547e-03,2000,0,-1.657959e-03
2026-07-20T19:02:40.250,1784563360.251,254.303,-8.988770e-03,3.399967e-03,-1.953125e-02,7.324219e-04,2000,0,-1.797754e-03
2026-07-20T19:02:40.350,1784563360.351,254.403,-8.195312e-03,3.389358e-03,-1.977539e-02,1.708984e-03,2000,0,-1.639062e-03
2026-07-20T19:02:40.450,1784563360.451,254.503,-8.387451e-03,3.306956e-03,-1.953125e-02,4.638672e-03,2000,0,-1.677490e-03
2026-07-20T19:02:40.549,1784563360.549,254.603,-8.239136e-03,3.269805e-03,-1.879883e-02,2.441406e-03,2000,0,-1.647827e-03
2026-07-20T19:02:40.648,1784563360.649,254.703,-8.638062e-03,3.281362e-03,-1.806641e-02,1.953125e-03,2000,0,-1.727612e-03
2026-07-20T19:02:40.751,1784563360.752,254.804,-8.384644e-03,3.428151e-03,-1.928711e-02,6.347656e-03,2000,0,-1.676929e-03
2026-07-20T19:02:40.849,1784563360.849,254.903,-8.521973e-03,3.236711e-03,-1.904297e-02,2.441406e-03,2000,0,-1.704395e-03
2026-07-20T19:02:40.949,1784563360.949,255.003,-8.512817e-03,3.254727e-03,-1.879883e-02,1.220703e-03,2000,0,-1.702563e-03
2026-07-20T19:02:41.050,1784563361.050,255.103,-8.748535e-03,3.219505e-03,-1.953125e-02,1.953125e-03,2000,0,-1.749707e-03
2026-07-20T19:02:41.150,1784563361.151,255.203,-9.194458e-03,3.216012e-03,-1.879883e-02,2.441406e-04,2000,0,-1.838892e-03
2026-07-20T19:02:41.250,1784563361.251,255.303,-8.900391e-03,3.198261e-03,-1.977539e-02,3.417969e-03,2000,0,-1.780078e-03
2026-07-20T19:02:41.351,1784563361.351,255.403,-8.665161e-03,3.324259e-03,-2.197266e-02,1.708984e-03,2000,0,-1.733032e-03
2026-07-20T19:02:41.451,1784563361.451,255.503,-8.178955e-03,3.271657e-03,-2.050781e-02,5.371094e-03,2000,0,-1.635791e-03
2026-07-20T19:02:41.551,1784563361.551,255.603,-8.748901e-03,3.398420e-03,-2.294922e-02,0.000000e+00,2000,0,-1.749780e-03
2026-07-20T19:02:41.651,1784563361.651,255.703,-8.879883e-03,3.297838e-03,-2.001953e-02,7.324219e-04,2000,0,-1.775977e-03
2026-07-20T19:02:41.751,1784563361.751,255.803,-9.106934e-03,3.316566e-03,-1.977539e-02,9.765625e-04,2000,0,-1.821387e-03
2026-07-20T19:02:41.851,1784563361.851,255.903,-8.318359e-03,3.257552e-03,-1.928711e-02,7.324219e-04,2000,0,-1.663672e-03
2026-07-20T19:02:41.950,1784563361.951,256.003,-9.296509e-03,3.231783e-03,-2.246094e-02,2.197266e-03,2000,0,-1.859302e-03
2026-07-20T19:02:42.049,1784563362.049,256.103,-8.473022e-03,3.264068e-03,-1.904297e-02,5.615234e-03,2000,0,-1.694604e-03
2026-07-20T19:02:42.151,1784563362.151,256.203,-8.957031e-03,3.232745e-03,-2.148438e-02,1.708984e-03,2000,0,-1.791406e-03
2026-07-20T19:02:42.250,1784563362.251,256.303,-8.859497e-03,3.307968e-03,-2.270508e-02,2.441406e-04,2000,0,-1.771899e-03
2026-07-20T19:02:42.350,1784563362.350,256.403,-8.380127e-03,3.281039e-03,-1.953125e-02,2.929688e-03,2000,0,-1.676025e-03
2026-07-20T19:02:42.448,1784563362.449,256.503,-9.000488e-03,3.416425e-03,-1.904297e-02,2.441406e-03,2000,0,-1.800098e-03
2026-07-20T19:02:42.548,1784563362.549,256.603,-8.214722e-03,3.329341e-03,-2.001953e-02,9.765625e-04,2000,0,-1.642944e-03
2026-07-20T19:02:42.648,1784563362.649,256.703,-8.194946e-03,3.364605e-03,-1.953125e-02,1.464844e-03,2000,0,-1.638989e-03
2026-07-20T19:02:42.751,1784563362.751,256.803,-8.346191e-03,3.303426e-03,-2.368164e-02,2.197266e-03,2000,0,-1.669238e-03
2026-07-20T19:02:42.850,1784563362.851,256.903,-8.517944e-03,3.367860e-03,-1.953125e-02,1.708984e-03,2000,0,-1.703589e-03
2026-07-20T19:02:42.948,1784563362.949,257.003,-8.356079e-03,3.226484e-03,-1.879883e-02,1.000977e-02,2000,0,-1.671216e-03
2026-07-20T19:02:43.050,1784563363.050,257.103,-8.394287e-03,3.239373e-03,-1.928711e-02,2.441406e-03,2000,0,-1.678857e-03
2026-07-20T19:02:43.148,1784563363.149,257.203,-8.716187e-03,3.274065e-03,-2.441406e-02,1.953125e-03,2000,0,-1.743237e-03
2026-07-20T19:02:43.249,1784563363.249,257.303,-8.292725e-03,3.144271e-03,-2.148438e-02,3.173828e-03,2000,0,-1.658545e-03
2026-07-20T19:02:43.348,1784563363.349,257.403,-8.263428e-03,3.155404e-03,-1.806641e-02,2.929688e-03,2000,0,-1.652686e-03
2026-07-20T19:02:43.451,1784563363.451,257.503,-8.876465e-03,3.286026e-03,-1.904297e-02,3.662109e-03,2000,0,-1.775293e-03
2026-07-20T19:02:43.551,1784563363.551,257.603,-8.238892e-03,3.044721e-03,-2.075195e-02,1.708984e-03,2000,0,-1.647778e-03
2026-07-20T19:02:43.651,1784563363.651,257.703,-8.252319e-03,3.211123e-03,-2.099609e-02,1.464844e-03,2000,0,-1.650464e-03
2026-07-20T19:02:43.751,1784563363.751,257.803,-8.220825e-03,3.073402e-03,-1.977539e-02,1.464844e-03,2000,0,-1.644165e-03
2026-07-20T19:02:43.851,1784563363.851,257.903,-8.348022e-03,3.044690e-03,-1.879883e-02,1.708984e-03,2000,0,-1.669604e-03
2026-07-20T19:02:43.951,1784563363.951,258.003,-8.392090e-03,3.175228e-03,-2.001953e-02,2.441406e-03,2000,0,-1.678418e-03
2026-07-20T19:02:44.050,1784563364.051,258.103,-8.263916e-03,3.087816e-03,-2.221680e-02,3.417969e-03,2000,0,-1.652783e-03
2026-07-20T19:02:44.149,1784563364.149,258.203,-8.403076e-03,3.160989e-03,-1.757812e-02,2.197266e-03,2000,0,-1.680615e-03
2026-07-20T19:02:44.251,1784563364.252,258.303,-8.426147e-03,3.084626e-03,-1.782227e-02,2.929688e-03,2000,0,-1.685229e-03
2026-07-20T19:02:44.350,1784563364.351,258.403,-8.625244e-03,3.031640e-03,-1.904297e-02,4.882812e-04,2000,0,-1.725049e-03
2026-07-20T19:02:44.451,1784563364.451,258.503,-7.980591e-03,3.095232e-03,-1.879883e-02,3.173828e-03,2000,0,-1.596118e-03
2026-07-20T19:02:44.548,1784563364.549,258.603,-8.699829e-03,2.995785e-03,-1.953125e-02,9.765625e-04,2000,0,-1.739966e-03
2026-07-20T19:02:44.650,1784563364.651,258.703,-8.551392e-03,3.082722e-03,-1.855469e-02,1.708984e-03,2000,0,-1.710278e-03
2026-07-20T19:02:44.748,1784563364.749,258.803,-8.137451e-03,3.173673e-03,-1.708984e-02,1.708984e-03,2000,0,-1.627490e-03
2026-07-20T19:02:44.849,1784563364.850,258.903,-7.888550e-03,3.199318e-03,-1.855469e-02,2.197266e-03,2000,0,-1.577710e-03
2026-07-20T19:02:44.950,1784563364.950,259.003,-8.407593e-03,3.034434e-03,-1.904297e-02,2.685547e-03,2000,0,-1.681519e-03
2026-07-20T19:02:45.048,1784563365.049,259.103,-7.945801e-03,3.184598e-03,-1.855469e-02,3.662109e-03,2000,0,-1.589160e-03
2026-07-20T19:02:45.149,1784563365.150,259.203,-7.771729e-03,3.136890e-03,-1.733398e-02,5.126953e-03,2000,0,-1.554346e-03
2026-07-20T19:02:45.248,1784563365.249,259.303,-8.417114e-03,3.202614e-03,-1.757812e-02,9.765625e-04,2000,0,-1.683423e-03
2026-07-20T19:02:45.351,1784563365.351,259.403,-8.112427e-03,3.278785e-03,-1.904297e-02,1.708984e-03,2000,0,-1.622485e-03
2026-07-20T19:02:45.448,1784563365.449,259.503,-7.840454e-03,3.235627e-03,-1.757812e-02,2.197266e-03,2000,0,-1.568091e-03
2026-07-20T19:02:45.548,1784563365.549,259.603,-8.255981e-03,3.297922e-03,-1.928711e-02,1.220703e-03,2000,0,-1.651196e-03
2026-07-20T19:02:45.651,1784563365.651,259.703,-7.865723e-03,3.342075e-03,-1.953125e-02,3.173828e-03,2000,0,-1.573145e-03
2026-07-20T19:02:45.751,1784563365.751,259.803,-8.233276e-03,3.151165e-03,-1.879883e-02,9.765625e-04,2000,0,-1.646655e-03
2026-07-20T19:02:45.848,1784563365.849,259.903,-7.659424e-03,3.142734e-03,-2.685547e-02,1.708984e-03,2000,0,-1.531885e-03
2026-07-20T19:02:45.951,1784563365.951,260.003,-8.035889e-03,3.103648e-03,-1.782227e-02,2.441406e-03,2000,0,-1.607178e-03
2026-07-20T19:02:46.050,1784563366.050,260.103,-9.099243e-03,3.022707e-03,-1.977539e-02,4.394531e-03,2000,0,-1.819849e-03
2026-07-20T19:02:46.150,1784563366.151,260.203,-8.293091e-03,2.977520e-03,-1.831055e-02,3.173828e-03,2000,0,-1.658618e-03
2026-07-20T19:02:46.251,1784563366.251,260.303,-7.946899e-03,3.017606e-03,-1.953125e-02,6.347656e-03,2000,0,-1.589380e-03
2026-07-20T19:02:46.348,1784563366.349,260.403,-8.202026e-03,2.959885e-03,-1.757812e-02,1.220703e-03,2000,0,-1.640405e-03
2026-07-20T19:02:46.448,1784563366.449,260.503,-8.059326e-03,2.830862e-03,-1.660156e-02,2.441406e-04,2000,0,-1.611865e-03
2026-07-20T19:02:46.549,1784563366.549,260.603,-8.118042e-03,2.811725e-03,-1.611328e-02,4.882812e-04,2000,0,-1.623608e-03
2026-07-20T19:02:46.651,1784563366.651,260.703,-8.278076e-03,2.798392e-03,-1.928711e-02,2.197266e-03,2000,0,-1.655615e-03
2026-07-20T19:02:46.750,1784563366.751,260.803,-8.426025e-03,2.732072e-03,-1.635742e-02,5.371094e-03,2000,0,-1.685205e-03
2026-07-20T19:02:46.851,1784563366.851,260.903,-7.940552e-03,2.716424e-03,-1.660156e-02,9.765625e-04,2000,0,-1.588110e-03
2026-07-20T19:02:46.949,1784563366.949,261.003,-8.854126e-03,2.710230e-03,-1.757812e-02,1.220703e-03,2000,0,-1.770825e-03
2026-07-20T19:02:47.048,1784563367.049,261.103,-8.203735e-03,2.583228e-03,-1.782227e-02,7.324219e-04,2000,0,-1.640747e-03
2026-07-20T19:02:47.148,1784563367.149,261.203,-8.048706e-03,2.584692e-03,-1.635742e-02,-2.441406e-04,2000,0,-1.609741e-03
2026-07-20T19:02:47.249,1784563367.249,261.303,-8.128906e-03,2.521222e-03,-1.953125e-02,7.324219e-04,2000,0,-1.625781e-03
2026-07-20T19:02:47.348,1784563367.349,261.403,-7.701904e-03,2.488604e-03,-1.611328e-02,2.441406e-04,2000,0,-1.540381e-03
2026-07-20T19:02:47.449,1784563367.450,261.503,-8.017944e-03,2.495033e-03,-1.928711e-02,9.765625e-04,2000,0,-1.603589e-03
2026-07-20T19:02:47.549,1784563367.549,261.603,-8.687622e-03,2.485801e-03,-2.099609e-02,-7.324219e-04,2000,0,-1.737524e-03
2026-07-20T19:02:47.650,1784563367.650,261.703,-8.256592e-03,2.415934e-03,-1.611328e-02,-1.464844e-03,2000,0,-1.651318e-03
2026-07-20T19:02:47.749,1784563367.750,261.803,-7.818115e-03,2.380045e-03,-1.684570e-02,0.000000e+00,2000,0,-1.563623e-03
2026-07-20T19:02:47.848,1784563367.849,261.903,-8.164673e-03,2.427852e-03,-1.708984e-02,4.150391e-03,2000,0,-1.632935e-03
2026-07-20T19:02:47.948,1784563367.949,262.003,-7.450073e-03,2.529275e-03,-1.562500e-02,1.220703e-03,2000,0,-1.490015e-03
2026-07-20T19:02:48.048,1784563368.049,262.103,-8.011841e-03,2.444954e-03,-1.733398e-02,1.464844e-03,2000,0,-1.602368e-03
2026-07-20T19:02:48.148,1784563368.149,262.203,-8.478760e-03,2.430365e-03,-2.050781e-02,-9.765625e-04,2000,0,-1.695752e-03
2026-07-20T19:02:48.249,1784563368.249,262.303,-8.506470e-03,2.575292e-03,-1.977539e-02,4.882812e-04,2000,0,-1.701294e-03
2026-07-20T19:02:48.351,1784563368.351,262.403,-8.498169e-03,2.469586e-03,-1.708984e-02,4.882812e-04,2000,0,-1.699634e-03
2026-07-20T19:02:48.451,1784563368.451,262.503,-7.540527e-03,2.615588e-03,-1.660156e-02,2.441406e-04,2000,0,-1.508105e-03
2026-07-20T19:02:48.551,1784563368.552,262.603,-8.145996e-03,2.539368e-03,-1.684570e-02,9.765625e-04,2000,0,-1.629199e-03
2026-07-20T19:02:48.651,1784563368.652,262.703,-8.013184e-03,2.684640e-03,-1.782227e-02,2.441406e-04,2000,0,-1.602637e-03
2026-07-20T19:02:48.751,1784563368.751,262.803,-7.724609e-03,2.748208e-03,-1.586914e-02,1.220703e-03,2000,0,-1.544922e-03
2026-07-20T19:02:48.851,1784563368.851,262.903,-7.778442e-03,2.822492e-03,-1.684570e-02,3.173828e-03,2000,0,-1.555688e-03
2026-07-20T19:02:48.950,1784563368.951,263.003,-7.806274e-03,2.783758e-03,-2.368164e-02,9.765625e-04,2000,0,-1.561255e-03
2026-07-20T19:02:49.050,1784563369.051,263.103,-7.788574e-03,2.887972e-03,-1.660156e-02,3.173828e-03,2000,0,-1.557715e-03
2026-07-20T19:02:49.150,1784563369.151,263.203,-7.929932e-03,2.973906e-03,-1.806641e-02,1.074219e-02,2000,0,-1.585986e-03
2026-07-20T19:02:49.250,1784563369.251,263.303,-8.091675e-03,2.950628e-03,-1.757812e-02,2.685547e-03,2000,0,-1.618335e-03
2026-07-20T19:02:49.349,1784563369.349,263.403,-8.169067e-03,3.143005e-03,-2.319336e-02,3.417969e-03,2000,0,-1.633813e-03
2026-07-20T19:02:49.449,1784563369.449,263.503,-8.498779e-03,3.161280e-03,-1.879883e-02,9.765625e-04,2000,0,-1.699756e-03
2026-07-20T19:02:49.548,1784563369.549,263.603,-8.395142e-03,3.182634e-03,-1.855469e-02,2.441406e-03,2000,0,-1.679028e-03
2026-07-20T19:02:49.651,1784563369.651,263.703,-8.455933e-03,3.109834e-03,-1.855469e-02,9.765625e-04,2000,0,-1.691187e-03
2026-07-20T19:02:49.748,1784563369.749,263.803,-8.520264e-03,3.126895e-03,-1.806641e-02,1.220703e-03,2000,0,-1.704053e-03
2026-07-20T19:02:49.850,1784563369.850,263.903,-8.081909e-03,3.192663e-03,-1.782227e-02,1.049805e-02,2000,0,-1.616382e-03
2026-07-20T19:02:49.950,1784563369.951,264.003,-8.187134e-03,3.203650e-03,-1.831055e-02,1.953125e-03,2000,0,-1.637427e-03
2026-07-20T19:02:50.050,1784563370.051,264.103,-8.534668e-03,3.158808e-03,-2.026367e-02,3.173828e-03,2000,0,-1.706934e-03
2026-07-20T19:02:50.148,1784563370.149,264.203,-8.519531e-03,3.178803e-03,-1.855469e-02,1.708984e-03,2000,0,-1.703906e-03
2026-07-20T19:02:50.249,1784563370.249,264.303,-8.385620e-03,3.285735e-03,-1.782227e-02,8.056641e-03,2000,0,-1.677124e-03
2026-07-20T19:02:50.350,1784563370.351,264.403,-8.708496e-03,3.358208e-03,-1.953125e-02,1.953125e-03,2000,0,-1.741699e-03
2026-07-20T19:02:50.451,1784563370.451,264.503,-8.661011e-03,3.320406e-03,-2.197266e-02,1.953125e-03,2000,0,-1.732202e-03
2026-07-20T19:02:50.551,1784563370.551,264.603,-7.816406e-03,3.353454e-03,-1.928711e-02,3.417969e-03,2000,0,-1.563281e-03
2026-07-20T19:02:50.651,1784563370.651,264.703,-8.054321e-03,3.273838e-03,-1.757812e-02,1.953125e-03,2000,0,-1.610864e-03
2026-07-20T19:02:50.751,1784563370.751,264.803,-8.104492e-03,3.400841e-03,-1.733398e-02,1.708984e-03,2000,0,-1.620898e-03
2026-07-20T19:02:50.851,1784563370.852,264.903,-8.494873e-03,3.500648e-03,-2.001953e-02,2.685547e-03,2000,0,-1.698975e-03
2026-07-20T19:02:50.948,1784563370.949,265.003,-8.406616e-03,3.336980e-03,-1.953125e-02,2.929688e-03,2000,0,-1.681323e-03
2026-07-20T19:02:51.049,1784563371.050,265.103,-8.758179e-03,3.314487e-03,-2.026367e-02,1.953125e-03,2000,0,-1.751636e-03
2026-07-20T19:02:51.148,1784563371.149,265.203,-9.112061e-03,3.497426e-03,-2.172852e-02,2.441406e-03,2000,0,-1.822412e-03
2026-07-20T19:02:51.250,1784563371.251,265.303,-8.636108e-03,3.261777e-03,-2.026367e-02,3.173828e-03,2000,0,-1.727222e-03
2026-07-20T19:02:51.350,1784563371.351,265.403,-8.563354e-03,3.297352e-03,-1.806641e-02,5.859375e-03,2000,0,-1.712671e-03
2026-07-20T19:02:51.448,1784563371.449,265.503,-8.241455e-03,3.501303e-03,-1.928711e-02,3.662109e-03,2000,0,-1.648291e-03
2026-07-20T19:02:51.551,1784563371.551,265.603,-8.650024e-03,3.619282e-03,-2.270508e-02,2.197266e-03,2000,0,-1.730005e-03
2026-07-20T19:02:51.650,1784563371.651,265.703,-8.524780e-03,3.645345e-03,-1.953125e-02,2.929688e-03,2000,0,-1.704956e-03
2026-07-20T19:02:51.751,1784563371.751,265.803,-8.714844e-03,3.789371e-03,-2.319336e-02,4.638672e-03,2000,0,-1.742969e-03
2026-07-20T19:02:51.850,1784563371.851,265.903,-9.274536e-03,3.737325e-03,-2.270508e-02,2.441406e-03,2000,0,-1.854907e-03
2026-07-20T19:02:51.949,1784563371.950,266.003,-8.885498e-03,3.785290e-03,-2.197266e-02,2.929688e-03,2000,0,-1.777100e-03
2026-07-20T19:02:52.048,1784563372.049,266.103,-8.403198e-03,3.759310e-03,-2.319336e-02,5.371094e-03,2000,0,-1.680640e-03
2026-07-20T19:02:52.151,1784563372.151,266.203,-8.885620e-03,3.809854e-03,-2.221680e-02,2.441406e-03,2000,0,-1.777124e-03
2026-07-20T19:02:52.250,1784563372.251,266.303,-8.844849e-03,3.599773e-03,-2.148438e-02,7.568359e-03,2000,0,-1.768970e-03
2026-07-20T19:02:52.348,1784563372.349,266.403,-8.921997e-03,3.767035e-03,-2.441406e-02,3.173828e-03,2000,0,-1.784399e-03
2026-07-20T19:02:52.449,1784563372.450,266.503,-8.806396e-03,3.807999e-03,-2.319336e-02,3.173828e-03,2000,0,-1.761279e-03
2026-07-20T19:02:52.548,1784563372.549,266.603,-8.689331e-03,3.875348e-03,-2.392578e-02,2.929688e-03,2000,0,-1.737866e-03
2026-07-20T19:02:52.648,1784563372.649,266.703,-7.980469e-03,3.799189e-03,-2.221680e-02,2.197266e-03,2000,0,-1.596094e-03
2026-07-20T19:02:52.751,1784563372.751,266.803,-8.224365e-03,3.859230e-03,-2.124023e-02,3.906250e-03,2000,0,-1.644873e-03
2026-07-20T19:02:52.851,1784563372.851,266.903,-8.766846e-03,3.860872e-03,-2.246094e-02,2.685547e-03,2000,0,-1.753369e-03
2026-07-20T19:02:52.950,1784563372.951,267.003,-8.648926e-03,3.933927e-03,-2.343750e-02,3.417969e-03,2000,0,-1.729785e-03
2026-07-20T19:02:53.050,1784563373.051,267.103,-9.114258e-03,3.884789e-03,-2.368164e-02,2.929688e-03,2000,0,-1.822852e-03
2026-07-20T19:02:53.149,1784563373.150,267.203,-8.815796e-03,3.858013e-03,-2.319336e-02,3.417969e-03,2000,0,-1.763159e-03
2026-07-20T19:02:53.251,1784563373.251,267.303,-8.165283e-03,3.870580e-03,-2.099609e-02,4.638672e-03,2000,0,-1.633057e-03
2026-07-20T19:02:53.351,1784563373.351,267.403,-8.507446e-03,3.736907e-03,-2.148438e-02,1.220703e-03,2000,0,-1.701489e-03
2026-07-20T19:02:53.448,1784563373.449,267.503,-8.578857e-03,3.786303e-03,-2.026367e-02,4.150391e-03,2000,0,-1.715771e-03
2026-07-20T19:02:53.550,1784563373.551,267.603,-8.941284e-03,3.758955e-03,-2.221680e-02,2.441406e-04,2000,0,-1.788257e-03
2026-07-20T19:02:53.650,1784563373.651,267.703,-8.721802e-03,3.757273e-03,-2.197266e-02,1.220703e-03,2000,0,-1.744360e-03
2026-07-20T19:02:53.748,1784563373.749,267.803,-9.091309e-03,3.707357e-03,-2.270508e-02,2.685547e-03,2000,0,-1.818262e-03
2026-07-20T19:02:53.849,1784563373.849,267.903,-9.460815e-03,3.847890e-03,-2.441406e-02,7.324219e-04,2000,0,-1.892163e-03
2026-07-20T19:02:53.951,1784563373.951,268.003,-9.053101e-03,3.820866e-03,-2.343750e-02,1.464844e-03,2000,0,-1.810620e-03
2026-07-20T19:02:54.050,1784563374.051,268.103,-9.241333e-03,3.908803e-03,-2.587891e-02,4.150391e-03,2000,0,-1.848267e-03
2026-07-20T19:02:54.149,1784563374.150,268.204,-1.029443e-02,3.634494e-03,-2.294922e-02,7.324219e-04,2000,0,-2.058887e-03
2026-07-20T19:02:54.249,1784563374.249,268.303,-9.313843e-03,3.899761e-03,-2.392578e-02,7.324219e-03,2000,0,-1.862769e-03
2026-07-20T19:02:54.349,1784563374.350,268.404,-9.451782e-03,3.803151e-03,-2.294922e-02,2.929688e-03,2000,0,-1.890356e-03
2026-07-20T19:02:54.448,1784563374.449,268.503,-8.978638e-03,3.959262e-03,-2.514648e-02,3.173828e-03,2000,0,-1.795728e-03
2026-07-20T19:02:54.551,1784563374.551,268.603,-8.961426e-03,3.959089e-03,-2.246094e-02,3.662109e-03,2000,0,-1.792285e-03
2026-07-20T19:02:54.650,1784563374.651,268.703,-8.578979e-03,4.115396e-03,-2.075195e-02,3.173828e-03,2000,0,-1.715796e-03
2026-07-20T19:02:54.748,1784563374.749,268.803,-9.237549e-03,3.967082e-03,-2.343750e-02,3.417969e-03,2000,0,-1.847510e-03
2026-07-20T19:02:54.850,1784563374.851,268.903,-8.842285e-03,3.931092e-03,-2.075195e-02,3.173828e-03,2000,0,-1.768457e-03
2026-07-20T19:02:54.950,1784563374.951,269.003,-8.748169e-03,3.999881e-03,-2.172852e-02,3.417969e-03,2000,0,-1.749634e-03
2026-07-20T19:02:55.048,1784563375.049,269.103,-8.784790e-03,4.082044e-03,-2.075195e-02,6.835938e-03,2000,0,-1.756958e-03
2026-07-20T19:02:55.148,1784563375.149,269.203,-8.776123e-03,3.933841e-03,-2.001953e-02,3.662109e-03,2000,0,-1.755225e-03
2026-07-20T19:02:55.249,1784563375.250,269.303,-9.920288e-03,4.087706e-03,-2.392578e-02,2.441406e-03,2000,0,-1.984058e-03
2026-07-20T19:02:55.351,1784563375.351,269.403,-8.825928e-03,4.167790e-03,-2.270508e-02,3.173828e-03,2000,0,-1.765186e-03
2026-07-20T19:02:55.450,1784563375.450,269.503,-9.199707e-03,4.078346e-03,-2.294922e-02,3.662109e-03,2000,0,-1.839941e-03
2026-07-20T19:02:55.551,1784563375.551,269.603,-9.234375e-03,3.960876e-03,-2.294922e-02,4.150391e-03,2000,0,-1.846875e-03
2026-07-20T19:02:55.651,1784563375.651,269.703,-9.320923e-03,4.046741e-03,-2.050781e-02,3.906250e-03,2000,0,-1.864185e-03
2026-07-20T19:02:55.751,1784563375.751,269.803,-9.183105e-03,4.033887e-03,-2.172852e-02,4.394531e-03,2000,0,-1.836621e-03
2026-07-20T19:02:55.851,1784563375.851,269.903,-9.506470e-03,3.822237e-03,-2.221680e-02,2.929688e-03,2000,0,-1.901294e-03
2026-07-20T19:02:55.951,1784563375.951,270.003,-9.481079e-03,3.834664e-03,-2.026367e-02,3.906250e-03,2000,0,-1.896216e-03
2026-07-20T19:02:56.051,1784563376.051,270.103,-8.787109e-03,3.913194e-03,-2.465820e-02,8.300781e-03,2000,0,-1.757422e-03
2026-07-20T19:02:56.151,1784563376.151,270.203,-9.157471e-03,3.811675e-03,-2.001953e-02,4.394531e-03,2000,0,-1.831494e-03
2026-07-20T19:02:56.251,1784563376.251,270.303,-9.656738e-03,3.652201e-03,-2.124023e-02,3.173828e-03,2000,0,-1.931348e-03
2026-07-20T19:02:56.348,1784563376.349,270.403,-9.521606e-03,3.697207e-03,-2.172852e-02,3.173828e-03,2000,0,-1.904321e-03
2026-07-20T19:02:56.450,1784563376.451,270.503,-9.066528e-03,3.901004e-03,-2.099609e-02,8.300781e-03,2000,0,-1.813306e-03
2026-07-20T19:02:56.548,1784563376.549,270.603,-8.753174e-03,3.792836e-03,-1.879883e-02,3.173828e-03,2000,0,-1.750635e-03
2026-07-20T19:02:56.649,1784563376.649,270.703,-9.526855e-03,3.467033e-03,-2.075195e-02,1.953125e-03,2000,0,-1.905371e-03
2026-07-20T19:02:56.750,1784563376.751,270.803,-9.364380e-03,3.750761e-03,-2.148438e-02,1.708984e-03,2000,0,-1.872876e-03
2026-07-20T19:02:56.851,1784563376.851,270.903,-8.847290e-03,3.568302e-03,-2.172852e-02,2.685547e-03,2000,0,-1.769458e-03
2026-07-20T19:02:56.950,1784563376.951,271.003,-9.168579e-03,3.756983e-03,-2.050781e-02,2.197266e-03,2000,0,-1.833716e-03
2026-07-20T19:02:57.050,1784563377.050,271.103,-9.410522e-03,3.713153e-03,-2.343750e-02,2.441406e-03,2000,0,-1.882104e-03
2026-07-20T19:02:57.149,1784563377.150,271.203,-9.149780e-03,3.761014e-03,-2.197266e-02,1.049805e-02,2000,0,-1.829956e-03
2026-07-20T19:02:57.250,1784563377.250,271.303,-9.060547e-03,3.885377e-03,-2.050781e-02,2.441406e-03,2000,0,-1.812109e-03
2026-07-20T19:02:57.351,1784563377.351,271.403,-9.233521e-03,3.694238e-03,-2.124023e-02,2.197266e-03,2000,0,-1.846704e-03
2026-07-20T19:02:57.448,1784563377.449,271.503,-9.201904e-03,3.734063e-03,-2.294922e-02,1.220703e-03,2000,0,-1.840381e-03
2026-07-20T19:02:57.551,1784563377.551,271.603,-9.457153e-03,3.851121e-03,-2.368164e-02,1.708984e-03,2000,0,-1.891431e-03
2026-07-20T19:02:57.651,1784563377.651,271.703,-9.368896e-03,3.744638e-03,-2.221680e-02,1.220703e-03,2000,0,-1.873779e-03
2026-07-20T19:02:57.751,1784563377.751,271.803,-9.372437e-03,3.635440e-03,-2.465820e-02,0.000000e+00,2000,0,-1.874487e-03
2026-07-20T19:02:57.851,1784563377.851,271.903,-9.141846e-03,3.656049e-03,-2.319336e-02,2.685547e-03,2000,0,-1.828369e-03
2026-07-20T19:02:57.951,1784563377.951,272.003,-9.437378e-03,3.751559e-03,-2.246094e-02,1.953125e-03,2000,0,-1.887476e-03
2026-07-20T19:02:58.051,1784563378.051,272.103,-9.149414e-03,3.739119e-03,-2.270508e-02,1.464844e-03,2000,0,-1.829883e-03
2026-07-20T19:02:58.151,1784563378.151,272.203,-9.355835e-03,3.712408e-03,-2.148438e-02,2.685547e-03,2000,0,-1.871167e-03
2026-07-20T19:02:58.249,1784563378.250,272.303,-9.900024e-03,3.753105e-03,-2.880859e-02,1.220703e-03,2000,0,-1.980005e-03
2026-07-20T19:02:58.351,1784563378.351,272.403,-8.963623e-03,3.503599e-03,-1.977539e-02,7.324219e-04,2000,0,-1.792725e-03
2026-07-20T19:02:58.450,1784563378.451,272.503,-9.275024e-03,3.629604e-03,-2.124023e-02,7.812500e-03,2000,0,-1.855005e-03
2026-07-20T19:02:58.551,1784563378.551,272.603,-1.002661e-02,3.421875e-03,-2.026367e-02,1.220703e-03,2000,0,-2.005322e-03
2026-07-20T19:02:58.651,1784563378.651,272.703,-8.842407e-03,3.586440e-03,-2.563477e-02,1.464844e-03,2000,0,-1.768481e-03
2026-07-20T19:02:58.748,1784563378.749,272.803,-9.475098e-03,3.407261e-03,-1.953125e-02,1.220703e-03,2000,0,-1.895020e-03
2026-07-20T19:02:58.851,1784563378.851,272.903,-9.319702e-03,3.393093e-03,-2.001953e-02,2.441406e-03,2000,0,-1.863940e-03
2026-07-20T19:02:58.951,1784563378.951,273.003,-9.205811e-03,3.361038e-03,-2.075195e-02,4.394531e-03,2000,0,-1.841162e-03
2026-07-20T19:02:59.050,1784563379.050,273.103,-9.220703e-03,3.408680e-03,-2.197266e-02,9.765625e-04,2000,0,-1.844141e-03
2026-07-20T19:02:59.150,1784563379.150,273.203,-9.530762e-03,3.329908e-03,-2.832031e-02,-9.765625e-04,2000,0,-1.906152e-03
2026-07-20T19:02:59.249,1784563379.249,273.303,-9.871826e-03,3.208297e-03,-1.953125e-02,9.765625e-04,2000,0,-1.974365e-03
2026-07-20T19:02:59.349,1784563379.349,273.403,-9.405518e-03,3.254142e-03,-1.977539e-02,5.371094e-03,2000,0,-1.881104e-03
2026-07-20T19:02:59.450,1784563379.451,273.503,-9.610229e-03,3.284888e-03,-2.075195e-02,4.882812e-03,2000,0,-1.922046e-03
2026-07-20T19:02:59.551,1784563379.552,273.603,-8.981934e-03,3.315776e-03,-2.539062e-02,9.765625e-04,2000,0,-1.796387e-03
2026-07-20T19:02:59.651,1784563379.651,273.703,-9.398560e-03,3.376889e-03,-2.270508e-02,1.708984e-03,2000,0,-1.879712e-03
2026-07-20T19:02:59.751,1784563379.751,273.803,-9.827637e-03,3.361680e-03,-1.904297e-02,3.173828e-03,2000,0,-1.965527e-03
2026-07-20T19:02:59.848,1784563379.849,273.903,-9.487671e-03,3.191081e-03,-1.977539e-02,9.765625e-04,2000,0,-1.897534e-03
2026-07-20T19:02:59.948,1784563379.949,274.003,-9.412354e-03,3.324423e-03,-1.904297e-02,3.906250e-03,2000,0,-1.882471e-03
2026-07-20T19:03:00.049,1784563380.049,274.103,-9.956665e-03,3.258506e-03,-2.075195e-02,2.685547e-03,2000,0,-1.991333e-03
2026-07-20T19:03:00.149,1784563380.149,274.203,-9.639404e-03,3.361806e-03,-2.465820e-02,2.441406e-03,2000,0,-1.927881e-03
2026-07-20T19:03:00.248,1784563380.249,274.303,-9.168091e-03,3.198039e-03,-1.953125e-02,4.150391e-03,2000,0,-1.833618e-03
2026-07-20T19:03:00.349,1784563380.350,274.403,-9.516479e-03,3.203643e-03,-2.001953e-02,4.882812e-04,2000,0,-1.903296e-03
2026-07-20T19:03:00.451,1784563380.451,274.503,-9.404297e-03,3.195628e-03,-2.001953e-02,2.929688e-03,2000,0,-1.880859e-03
2026-07-20T19:03:00.548,1784563380.549,274.603,-9.717285e-03,3.372472e-03,-2.099609e-02,2.441406e-04,2000,0,-1.943457e-03
2026-07-20T19:03:00.651,1784563380.651,274.703,-9.855957e-03,3.229493e-03,-2.099609e-02,-9.765625e-04,2000,0,-1.971191e-03
2026-07-20T19:03:00.748,1784563380.749,274.803,-9.502319e-03,3.326503e-03,-2.026367e-02,1.708984e-03,2000,0,-1.900464e-03
2026-07-20T19:03:00.848,1784563380.849,274.903,-9.222778e-03,3.311977e-03,-1.904297e-02,9.765625e-04,2000,0,-1.844556e-03
2026-07-20T19:03:00.948,1784563380.949,275.003,-9.539185e-03,3.383161e-03,-2.026367e-02,2.441406e-03,2000,0,-1.907837e-03
2026-07-20T19:03:01.048,1784563381.049,275.103,-9.499023e-03,3.361237e-03,-2.221680e-02,4.882812e-04,2000,0,-1.899805e-03
2026-07-20T19:03:01.148,1784563381.149,275.203,-8.607178e-03,3.337099e-03,-2.416992e-02,2.929688e-03,2000,0,-1.721436e-03
2026-07-20T19:03:01.251,1784563381.251,275.303,-9.589722e-03,3.385803e-03,-2.075195e-02,4.882812e-04,2000,0,-1.917944e-03
2026-07-20T19:03:01.348,1784563381.349,275.403,-8.965698e-03,3.555613e-03,-2.246094e-02,2.441406e-04,2000,0,-1.793140e-03
2026-07-20T19:03:01.448,1784563381.449,275.503,-8.447754e-03,3.510600e-03,-1.928711e-02,3.906250e-03,2000,0,-1.689551e-03
2026-07-20T19:03:01.550,1784563381.551,275.603,-9.125122e-03,3.466287e-03,-2.221680e-02,3.417969e-03,2000,0,-1.825024e-03
2026-07-20T19:03:01.650,1784563381.650,275.703,-9.225098e-03,3.454259e-03,-2.319336e-02,5.859375e-03,2000,0,-1.845020e-03
2026-07-20T19:03:01.749,1784563381.750,275.803,-9.059082e-03,3.468290e-03,-2.050781e-02,3.662109e-03,2000,0,-1.811816e-03
2026-07-20T19:03:01.850,1784563381.851,275.903,-9.509888e-03,3.576900e-03,-2.343750e-02,1.464844e-03,2000,0,-1.901978e-03
2026-07-20T19:03:01.951,1784563381.951,276.003,-9.281372e-03,3.562322e-03,-2.148438e-02,1.464844e-03,2000,0,-1.856274e-03
2026-07-20T19:03:02.050,1784563382.051,276.103,-9.041504e-03,3.590916e-03,-2.319336e-02,1.220703e-03,2000,0,-1.808301e-03
2026-07-20T19:03:02.150,1784563382.151,276.203,-8.950928e-03,3.574776e-03,-2.075195e-02,1.953125e-03,2000,0,-1.790186e-03
2026-07-20T19:03:02.250,1784563382.251,276.303,-9.038452e-03,3.639964e-03,-2.368164e-02,1.245117e-02,2000,0,-1.807690e-03
2026-07-20T19:03:02.351,1784563382.351,276.403,-8.648315e-03,3.443345e-03,-2.148438e-02,1.464844e-03,2000,0,-1.729663e-03
2026-07-20T19:03:02.451,1784563382.451,276.503,-9.276489e-03,3.538906e-03,-2.514648e-02,1.220703e-03,2000,0,-1.855298e-03
2026-07-20T19:03:02.551,1784563382.552,276.603,-9.064209e-03,3.619897e-03,-2.148438e-02,1.953125e-03,2000,0,-1.812842e-03
2026-07-20T19:03:02.651,1784563382.651,276.703,-9.084229e-03,3.495232e-03,-2.270508e-02,9.765625e-04,2000,0,-1.816846e-03
2026-07-20T19:03:02.751,1784563382.751,276.803,-9.430298e-03,3.497062e-03,-2.490234e-02,1.464844e-03,2000,0,-1.886060e-03
2026-07-20T19:03:02.851,1784563382.851,276.903,-9.709595e-03,3.615012e-03,-2.270508e-02,2.441406e-03,2000,0,-1.941919e-03
2026-07-20T19:03:02.949,1784563382.950,277.003,-8.943848e-03,3.449224e-03,-2.050781e-02,2.929688e-03,2000,0,-1.788770e-03
2026-07-20T19:03:03.051,1784563383.051,277.103,-9.084473e-03,3.428832e-03,-2.270508e-02,4.150391e-03,2000,0,-1.816895e-03
2026-07-20T19:03:03.151,1784563383.151,277.203,-9.193970e-03,3.343353e-03,-2.075195e-02,2.929688e-03,2000,0,-1.838794e-03
2026-07-20T19:03:03.250,1784563383.251,277.303,-9.052979e-03,3.286666e-03,-2.197266e-02,2.441406e-03,2000,0,-1.810596e-03
2026-07-20T19:03:03.350,1784563383.351,277.403,-9.341187e-03,3.345022e-03,-2.709961e-02,1.220703e-03,2000,0,-1.868237e-03
2026-07-20T19:03:03.450,1784563383.450,277.503,-9.107910e-03,3.351913e-03,-1.977539e-02,1.220703e-03,2000,0,-1.821582e-03
2026-07-20T19:03:03.550,1784563383.551,277.603,-8.878296e-03,3.346196e-03,-2.001953e-02,2.685547e-03,2000,0,-1.775659e-03
2026-07-20T19:03:03.650,1784563383.651,277.703,-8.950317e-03,3.346154e-03,-1.904297e-02,1.953125e-03,2000,0,-1.790063e-03
2026-07-20T19:03:03.750,1784563383.751,277.803,-8.888916e-03,3.349790e-03,-1.879883e-02,2.685547e-03,2000,0,-1.777783e-03
2026-07-20T19:03:03.850,1784563383.851,277.903,-8.887939e-03,3.499030e-03,-2.343750e-02,1.953125e-03,2000,0,-1.777588e-03
2026-07-20T19:03:03.950,1784563383.951,278.003,-8.809814e-03,3.476435e-03,-2.221680e-02,2.197266e-03,2000,0,-1.761963e-03
2026-07-20T19:03:04.051,1784563384.051,278.103,-8.960571e-03,3.355109e-03,-2.075195e-02,1.953125e-03,2000,0,-1.792114e-03
2026-07-20T19:03:04.148,1784563384.149,278.203,-8.682617e-03,3.406150e-03,-2.001953e-02,2.929688e-03,2000,0,-1.736523e-03
2026-07-20T19:03:04.250,1784563384.251,278.303,-8.311646e-03,3.535655e-03,-1.953125e-02,3.417969e-03,2000,0,-1.662329e-03
2026-07-20T19:03:04.350,1784563384.351,278.403,-8.127441e-03,3.366804e-03,-1.782227e-02,2.441406e-03,2000,0,-1.625488e-03
2026-07-20T19:03:04.450,1784563384.451,278.503,-7.997925e-03,3.473347e-03,-1.904297e-02,4.150391e-03,2000,0,-1.599585e-03
2026-07-20T19:03:04.550,1784563384.551,278.603,-7.694702e-03,3.541173e-03,-1.904297e-02,2.197266e-03,2000,0,-1.538940e-03
2026-07-20T19:03:04.651,1784563384.651,278.703,-7.714233e-03,3.379620e-03,-1.977539e-02,4.150391e-03,2000,0,-1.542847e-03
2026-07-20T19:03:04.750,1784563384.751,278.803,-6.598389e-03,3.534843e-03,-1.757812e-02,4.882812e-03,2000,0,-1.319678e-03
2026-07-20T19:03:04.850,1784563384.851,278.903,-6.318237e-03,3.349899e-03,-1.611328e-02,4.394531e-03,2000,0,-1.263647e-03
2026-07-20T19:03:04.951,1784563384.952,279.003,-5.676147e-03,3.378709e-03,-1.782227e-02,4.882812e-03,2000,0,-1.135229e-03
2026-07-20T19:03:05.051,1784563385.051,279.103,-5.018555e-03,3.489451e-03,-1.684570e-02,5.615234e-03,2000,0,-1.003711e-03
2026-07-20T19:03:05.151,1784563385.151,279.203,-4.552368e-03,3.377724e-03,-1.489258e-02,5.615234e-03,2000,0,-9.104736e-04
2026-07-20T19:03:05.251,1784563385.252,279.303,-3.928467e-03,3.430056e-03,-1.586914e-02,7.324219e-03,2000,0,-7.856934e-04
2026-07-20T19:03:05.351,1784563385.351,279.403,-2.741699e-03,3.513430e-03,-1.416016e-02,9.521484e-03,2000,0,-5.483398e-04
2026-07-20T19:03:05.451,1784563385.451,279.503,-1.820923e-03,3.351547e-03,-1.342773e-02,1.147461e-02,2000,0,-3.641846e-04
2026-07-20T19:03:05.551,1784563385.551,279.603,-1.399902e-03,3.318537e-03,-1.245117e-02,1.660156e-02,2000,0,-2.799805e-04
2026-07-20T19:03:05.650,1784563385.650,279.703,-5.081787e-04,3.390751e-03,-1.293945e-02,1.123047e-02,2000,0,-1.016357e-04
2026-07-20T19:03:05.751,1784563385.751,279.803,1.928711e-05,3.125961e-03,-1.098633e-02,1.049805e-02,2000,0,3.857422e-06
2026-07-20T19:03:05.851,1784563385.851,279.903,5.455322e-04,3.085193e-03,-1.171875e-02,9.765625e-03,2000,0,1.091064e-04
2026-07-20T19:03:05.951,1784563385.952,280.003,1.107056e-03,3.218638e-03,-9.765625e-03,1.098633e-02,2000,0,2.214111e-04
2026-07-20T19:03:06.050,1784563386.050,280.103,2.259033e-03,2.931071e-03,-7.568359e-03,1.220703e-02,2000,0,4.518066e-04
2026-07-20T19:03:06.151,1784563386.151,280.203,3.142456e-03,3.014885e-03,-7.812500e-03,1.293945e-02,2000,0,6.284912e-04
2026-07-20T19:03:06.251,1784563386.251,280.303,3.808594e-03,3.046333e-03,-6.103516e-03,1.513672e-02,2000,0,7.617188e-04
2026-07-20T19:03:06.350,1784563386.351,280.403,4.367432e-03,2.979763e-03,-6.103516e-03,1.416016e-02,2000,0,8.734863e-04
2026-07-20T19:03:06.451,1784563386.451,280.503,5.059448e-03,2.839987e-03,-3.906250e-03,1.489258e-02,2000,0,1.011890e-03
2026-07-20T19:03:06.551,1784563386.551,280.603,6.304443e-03,2.724041e-03,-8.300781e-03,1.513672e-02,2000,0,1.260889e-03
2026-07-20T19:03:06.651,1784563386.651,280.703,7.292603e-03,2.561822e-03,-9.765625e-04,1.660156e-02,2000,0,1.458521e-03
2026-07-20T19:03:06.750,1784563386.751,280.803,8.270142e-03,2.698386e-03,-4.882812e-04,1.733398e-02,2000,0,1.654028e-03
2026-07-20T19:03:06.851,1784563386.851,280.903,9.967041e-03,2.528634e-03,-2.197266e-03,1.782227e-02,2000,0,1.993408e-03
2026-07-20T19:03:06.950,1784563386.951,281.003,1.086206e-02,2.660998e-03,4.882812e-04,1.904297e-02,2000,0,2.172412e-03
2026-07-20T19:03:07.051,1784563387.051,281.103,1.195374e-02,2.430923e-03,2.929688e-03,1.977539e-02,2000,0,2.390747e-03
2026-07-20T19:03:07.151,1784563387.151,281.203,1.308765e-02,2.427531e-03,5.859375e-03,2.343750e-02,2000,0,2.617529e-03
2026-07-20T19:03:07.251,1784563387.251,281.303,1.390771e-02,2.382453e-03,7.324219e-04,2.246094e-02,2000,0,2.781543e-03
2026-07-20T19:03:07.350,1784563387.351,281.403,1.441406e-02,2.327563e-03,2.929688e-03,2.392578e-02,2000,0,2.882812e-03
2026-07-20T19:03:07.448,1784563387.449,281.503,1.628271e-02,2.327140e-03,7.568359e-03,2.514648e-02,2000,0,3.256543e-03
2026-07-20T19:03:07.550,1784563387.551,281.603,1.678943e-02,2.444083e-03,8.300781e-03,3.320312e-02,2000,0,3.357886e-03
2026-07-20T19:03:07.649,1784563387.650,281.703,1.816406e-02,2.540635e-03,7.812500e-03,3.002930e-02,2000,0,3.632813e-03
2026-07-20T19:03:07.748,1784563387.749,281.803,1.919971e-02,2.380338e-03,1.000977e-02,2.685547e-02,2000,0,3.839941e-03
2026-07-20T19:03:07.851,1784563387.851,281.903,1.999182e-02,2.400942e-03,1.049805e-02,2.954102e-02,2000,0,3.998364e-03
2026-07-20T19:03:07.950,1784563387.951,282.003,2.019849e-02,2.523447e-03,9.277344e-03,3.125000e-02,2000,0,4.039697e-03
2026-07-20T19:03:08.049,1784563388.049,282.103,2.199695e-02,2.537531e-03,1.245117e-02,3.051758e-02,2000,0,4.399390e-03
2026-07-20T19:03:08.151,1784563388.151,282.203,2.290308e-02,2.712910e-03,1.196289e-02,3.637695e-02,2000,0,4.580615e-03
2026-07-20T19:03:08.251,1784563388.251,282.303,2.329773e-02,2.625672e-03,1.513672e-02,3.491211e-02,2000,0,4.659546e-03
2026-07-20T19:03:08.350,1784563388.351,282.403,2.484656e-02,2.676513e-03,1.440430e-02,3.491211e-02,2000,0,4.969312e-03
2026-07-20T19:03:08.448,1784563388.449,282.503,2.566748e-02,2.663932e-03,1.684570e-02,3.442383e-02,2000,0,5.133496e-03
2026-07-20T19:03:08.551,1784563388.552,282.603,2.608911e-02,2.755402e-03,1.684570e-02,3.442383e-02,2000,0,5.217822e-03
2026-07-20T19:03:08.650,1784563388.651,282.703,2.691675e-02,2.771571e-03,1.831055e-02,3.662109e-02,2000,0,5.383350e-03
2026-07-20T19:03:08.748,1784563388.749,282.803,2.842554e-02,2.720347e-03,1.879883e-02,3.686523e-02,2000,0,5.685107e-03
2026-07-20T19:03:08.848,1784563388.849,282.903,2.856421e-02,2.643018e-03,1.342773e-02,3.588867e-02,2000,0,5.712842e-03
2026-07-20T19:03:08.948,1784563388.949,283.003,2.925281e-02,2.808412e-03,1.831055e-02,4.052734e-02,2000,0,5.850562e-03
2026-07-20T19:03:09.051,1784563389.051,283.103,3.045752e-02,2.933952e-03,1.879883e-02,4.492188e-02,2000,0,6.091504e-03
2026-07-20T19:03:09.151,1784563389.151,283.203,3.146667e-02,2.870349e-03,2.099609e-02,4.150391e-02,2000,0,6.293335e-03
2026-07-20T19:03:09.251,1784563389.251,283.303,3.209033e-02,2.744684e-03,2.368164e-02,4.223633e-02,2000,0,6.418066e-03
2026-07-20T19:03:09.348,1784563389.349,283.403,3.276562e-02,2.864538e-03,2.319336e-02,4.321289e-02,2000,0,6.553125e-03
2026-07-20T19:03:09.451,1784563389.451,283.503,3.297290e-02,2.850949e-03,2.392578e-02,4.199219e-02,2000,0,6.594580e-03
2026-07-20T19:03:09.551,1784563389.551,283.603,3.386487e-02,2.794357e-03,2.270508e-02,4.516602e-02,2000,0,6.772974e-03
2026-07-20T19:03:09.651,1784563389.651,283.703,3.326086e-02,2.881072e-03,2.270508e-02,4.443359e-02,2000,0,6.652173e-03
2026-07-20T19:03:09.751,1784563389.751,283.803,3.534082e-02,2.836642e-03,2.612305e-02,5.395508e-02,2000,0,7.068164e-03
2026-07-20T19:03:09.851,1784563389.851,283.903,3.505457e-02,2.933388e-03,2.612305e-02,4.443359e-02,2000,0,7.010913e-03
2026-07-20T19:03:09.951,1784563389.951,284.003,3.575500e-02,2.779643e-03,2.392578e-02,4.565430e-02,2000,0,7.151001e-03
2026-07-20T19:03:10.050,1784563390.051,284.103,3.565857e-02,2.835104e-03,2.514648e-02,4.785156e-02,2000,0,7.131714e-03
2026-07-20T19:03:10.150,1784563390.151,284.203,3.552209e-02,2.964163e-03,2.612305e-02,4.663086e-02,2000,0,7.104419e-03
2026-07-20T19:03:10.248,1784563390.249,284.303,3.576221e-02,2.789318e-03,2.758789e-02,4.443359e-02,2000,0,7.152441e-03
2026-07-20T19:03:10.348,1784563390.349,284.403,3.627319e-02,2.774703e-03,2.758789e-02,4.638672e-02,2000,0,7.254639e-03
2026-07-20T19:03:10.450,1784563390.451,284.503,3.597705e-02,2.758011e-03,2.709961e-02,4.663086e-02,2000,0,7.195410e-03
2026-07-20T19:03:10.548,1784563390.549,284.603,3.618445e-02,2.845655e-03,2.001953e-02,4.541016e-02,2000,0,7.236890e-03
2026-07-20T19:03:10.650,1784563390.651,284.703,3.545972e-02,2.900828e-03,2.343750e-02,5.175781e-02,2000,0,7.091943e-03
2026-07-20T19:03:10.750,1784563390.751,284.803,3.549438e-02,2.933467e-03,2.636719e-02,4.711914e-02,2000,0,7.098877e-03
2026-07-20T19:03:10.850,1784563390.851,284.903,3.535840e-02,3.015679e-03,1.684570e-02,4.565430e-02,2000,0,7.071680e-03
2026-07-20T19:03:10.951,1784563390.951,285.003,3.519055e-02,2.910928e-03,2.685547e-02,4.541016e-02,2000,0,7.038110e-03
2026-07-20T19:03:11.050,1784563391.051,285.103,3.493420e-02,2.847682e-03,2.612305e-02,5.200195e-02,2000,0,6.986841e-03
2026-07-20T19:03:11.148,1784563391.149,285.203,3.476465e-02,3.053507e-03,2.563477e-02,4.492188e-02,2000,0,6.952930e-03
2026-07-20T19:03:11.249,1784563391.250,285.303,3.394409e-02,2.943204e-03,2.099609e-02,4.443359e-02,2000,0,6.788818e-03
2026-07-20T19:03:11.350,1784563391.351,285.403,3.430676e-02,2.946167e-03,2.465820e-02,4.492188e-02,2000,0,6.861353e-03
2026-07-20T19:03:11.448,1784563391.449,285.503,3.414368e-02,2.862904e-03,2.026367e-02,4.296875e-02,2000,0,6.828735e-03
2026-07-20T19:03:11.550,1784563391.551,285.603,3.376855e-02,2.881802e-03,1.977539e-02,4.467773e-02,2000,0,6.753711e-03
2026-07-20T19:03:11.651,1784563391.652,285.703,3.340344e-02,3.149521e-03,2.099609e-02,4.541016e-02,2000,0,6.680688e-03
2026-07-20T19:03:11.751,1784563391.752,285.803,3.267163e-02,3.129057e-03,2.221680e-02,4.345703e-02,2000,0,6.534326e-03
2026-07-20T19:03:11.851,1784563391.852,285.903,3.249866e-02,3.241443e-03,2.099609e-02,4.296875e-02,2000,0,6.499731e-03
2026-07-20T19:03:11.950,1784563391.951,286.003,3.228894e-02,3.137052e-03,2.148438e-02,4.223633e-02,2000,0,6.457788e-03
2026-07-20T19:03:12.048,1784563392.049,286.103,3.215576e-02,3.114328e-03,1.879883e-02,4.638672e-02,2000,0,6.431152e-03
2026-07-20T19:03:12.150,1784563392.151,286.203,3.129333e-02,3.099096e-03,1.953125e-02,4.125977e-02,2000,0,6.258667e-03
2026-07-20T19:03:12.251,1784563392.252,286.303,3.095410e-02,3.221482e-03,1.831055e-02,4.150391e-02,2000,0,6.190820e-03
2026-07-20T19:03:12.351,1784563392.352,286.403,3.060889e-02,3.040527e-03,1.708984e-02,4.394531e-02,2000,0,6.121777e-03
2026-07-20T19:03:12.451,1784563392.452,286.503,2.973071e-02,3.051604e-03,1.904297e-02,3.833008e-02,2000,0,5.946143e-03
2026-07-20T19:03:12.550,1784563392.550,286.603,2.970081e-02,3.067218e-03,1.831055e-02,3.833008e-02,2000,0,5.940161e-03
2026-07-20T19:03:12.651,1784563392.652,286.703,2.923987e-02,3.108745e-03,1.928711e-02,4.028320e-02,2000,0,5.847974e-03
2026-07-20T19:03:12.750,1784563392.751,286.803,2.809802e-02,3.119440e-03,1.562500e-02,3.833008e-02,2000,0,5.619604e-03
2026-07-20T19:03:12.848,1784563392.849,286.903,2.788989e-02,3.119424e-03,1.562500e-02,3.955078e-02,2000,0,5.577979e-03
2026-07-20T19:03:12.951,1784563392.952,287.003,2.765918e-02,3.098458e-03,1.562500e-02,3.686523e-02,2000,0,5.531836e-03
2026-07-20T19:03:13.049,1784563393.049,287.103,2.665771e-02,3.076626e-03,1.269531e-02,3.491211e-02,2000,0,5.331543e-03
2026-07-20T19:03:13.150,1784563393.151,287.203,2.664587e-02,3.207514e-03,1.098633e-02,3.637695e-02,2000,0,5.329175e-03
2026-07-20T19:03:13.250,1784563393.251,287.303,2.611646e-02,3.149407e-03,1.147461e-02,3.588867e-02,2000,0,5.223291e-03
2026-07-20T19:03:13.351,1784563393.351,287.403,2.490906e-02,3.148295e-03,1.318359e-02,3.515625e-02,2000,0,4.981812e-03
2026-07-20T19:03:13.449,1784563393.449,287.503,2.454272e-02,3.284334e-03,9.033203e-03,3.417969e-02,2000,0,4.908545e-03
2026-07-20T19:03:13.549,1784563393.549,287.603,2.374524e-02,3.315854e-03,7.568359e-03,3.588867e-02,2000,0,4.749048e-03
2026-07-20T19:03:13.651,1784563393.651,287.703,2.387109e-02,3.201016e-03,1.123047e-02,3.417969e-02,2000,0,4.774219e-03
2026-07-20T19:03:13.751,1784563393.752,287.804,2.305603e-02,3.479060e-03,9.521484e-03,3.833008e-02,2000,0,4.611206e-03
2026-07-20T19:03:13.849,1784563393.850,287.903,2.242444e-02,3.442185e-03,1.171875e-02,3.320312e-02,2000,0,4.484888e-03
2026-07-20T19:03:13.951,1784563393.951,288.004,2.190369e-02,3.331716e-03,1.196289e-02,3.759766e-02,2000,0,4.380737e-03
2026-07-20T19:03:14.051,1784563394.051,288.103,2.147351e-02,3.377300e-03,7.324219e-03,3.198242e-02,2000,0,4.294702e-03
2026-07-20T19:03:14.150,1784563394.151,288.203,2.039490e-02,3.417302e-03,6.591797e-03,3.076172e-02,2000,0,4.078979e-03
2026-07-20T19:03:14.250,1784563394.251,288.303,1.993970e-02,3.326734e-03,6.347656e-03,2.905273e-02,2000,0,3.987939e-03
2026-07-20T19:03:14.350,1784563394.351,288.403,1.932190e-02,3.501348e-03,4.882812e-03,3.002930e-02,2000,0,3.864380e-03
2026-07-20T19:03:14.451,1784563394.451,288.503,1.867212e-02,3.500951e-03,6.835938e-03,3.002930e-02,2000,0,3.734424e-03
2026-07-20T19:03:14.550,1784563394.551,288.603,1.832385e-02,3.458461e-03,7.812500e-03,2.954102e-02,2000,0,3.664771e-03
2026-07-20T19:03:14.649,1784563394.650,288.703,1.771155e-02,3.414827e-03,4.394531e-03,2.880859e-02,2000,0,3.542310e-03
2026-07-20T19:03:14.750,1784563394.750,288.803,1.725122e-02,3.446865e-03,3.906250e-03,2.880859e-02,2000,0,3.450244e-03
2026-07-20T19:03:14.850,1784563394.851,288.903,1.668677e-02,3.439752e-03,5.859375e-03,3.369141e-02,2000,0,3.337354e-03
2026-07-20T19:03:14.948,1784563394.949,289.003,1.606006e-02,3.370268e-03,5.615234e-03,2.783203e-02,2000,0,3.212012e-03
2026-07-20T19:03:15.048,1784563395.049,289.103,1.525977e-02,3.496192e-03,1.220703e-03,2.758789e-02,2000,0,3.051953e-03
2026-07-20T19:03:15.149,1784563395.149,289.203,1.515894e-02,3.297514e-03,3.906250e-03,2.734375e-02,2000,0,3.031787e-03
2026-07-20T19:03:15.248,1784563395.249,289.303,1.460583e-02,3.385845e-03,1.464844e-03,2.783203e-02,2000,0,2.921167e-03
2026-07-20T19:03:15.350,1784563395.351,289.403,1.415442e-02,3.407542e-03,4.638672e-03,2.612305e-02,2000,0,2.830884e-03
2026-07-20T19:03:15.448,1784563395.449,289.503,1.348621e-02,3.439734e-03,2.441406e-04,2.514648e-02,2000,0,2.697241e-03
2026-07-20T19:03:15.550,1784563395.551,289.603,1.307581e-02,3.292366e-03,2.441406e-03,2.368164e-02,2000,0,2.615161e-03
2026-07-20T19:03:15.650,1784563395.651,289.703,1.274500e-02,3.199501e-03,4.882812e-04,2.392578e-02,2000,0,2.548999e-03
2026-07-20T19:03:15.750,1784563395.751,289.803,1.229346e-02,3.328235e-03,1.953125e-03,2.270508e-02,2000,0,2.458691e-03
2026-07-20T19:03:15.848,1784563395.849,289.903,1.223865e-02,3.323782e-03,3.173828e-03,2.197266e-02,2000,0,2.447729e-03
2026-07-20T19:03:15.950,1784563395.950,290.003,1.181506e-02,3.395696e-03,1.464844e-03,3.027344e-02,2000,0,2.363013e-03
2026-07-20T19:03:16.048,1784563396.049,290.103,1.104456e-02,3.264267e-03,1.464844e-03,2.319336e-02,2000,0,2.208911e-03
2026-07-20T19:03:16.150,1784563396.151,290.203,1.128149e-02,3.367701e-03,-2.441406e-04,2.343750e-02,2000,0,2.256299e-03
2026-07-20T19:03:16.251,1784563396.252,290.303,1.046472e-02,3.407497e-03,-3.417969e-03,2.099609e-02,2000,0,2.092944e-03
2026-07-20T19:03:16.351,1784563396.351,290.403,9.944092e-03,3.325681e-03,-4.882812e-04,2.075195e-02,2000,0,1.988818e-03
2026-07-20T19:03:16.448,1784563396.449,290.503,9.368042e-03,3.330891e-03,-2.441406e-03,2.197266e-02,2000,0,1.873608e-03
2026-07-20T19:03:16.551,1784563396.551,290.603,8.041260e-03,3.485162e-03,-2.929688e-03,1.879883e-02,2000,0,1.608252e-03
2026-07-20T19:03:16.648,1784563396.649,290.703,8.633301e-03,3.367672e-03,-1.855469e-02,1.757812e-02,2000,0,1.726660e-03
2026-07-20T19:03:16.748,1784563396.749,290.803,8.455322e-03,3.488532e-03,-2.929688e-03,1.806641e-02,2000,0,1.691064e-03
2026-07-20T19:03:16.851,1784563396.852,290.903,8.807617e-03,3.452206e-03,-1.464844e-03,1.953125e-02,2000,0,1.761523e-03
2026-07-20T19:03:16.948,1784563396.949,291.003,8.182007e-03,3.327520e-03,-2.929688e-03,1.977539e-02,2000,0,1.636401e-03
2026-07-20T19:03:17.048,1784563397.049,291.103,7.914062e-03,3.411807e-03,-4.638672e-03,1.782227e-02,2000,0,1.582813e-03
2026-07-20T19:03:17.151,1784563397.152,291.203,7.904541e-03,3.580303e-03,-4.394531e-03,2.246094e-02,2000,0,1.580908e-03
2026-07-20T19:03:17.251,1784563397.252,291.303,8.088379e-03,3.579722e-03,-4.638672e-03,1.953125e-02,2000,0,1.617676e-03
2026-07-20T19:03:17.350,1784563397.351,291.403,8.682007e-03,3.591758e-03,-2.929688e-03,2.075195e-02,2000,0,1.736401e-03
2026-07-20T19:03:17.450,1784563397.451,291.503,7.970825e-03,3.567361e-03,-5.615234e-03,1.977539e-02,2000,0,1.594165e-03
2026-07-20T19:03:17.551,1784563397.552,291.603,8.321899e-03,3.524819e-03,-4.638672e-03,1.953125e-02,2000,0,1.664380e-03
2026-07-20T19:03:17.650,1784563397.651,291.703,8.527588e-03,3.529398e-03,-3.417969e-03,1.879883e-02,2000,0,1.705518e-03
2026-07-20T19:03:17.751,1784563397.752,291.803,8.092285e-03,3.616774e-03,-2.197266e-03,1.977539e-02,2000,0,1.618457e-03
2026-07-20T19:03:17.850,1784563397.851,291.903,8.368896e-03,3.434740e-03,-3.417969e-03,1.904297e-02,2000,0,1.673779e-03
2026-07-20T19:03:17.951,1784563397.952,292.003,8.441528e-03,3.618442e-03,-3.662109e-03,1.904297e-02,2000,0,1.688306e-03
2026-07-20T19:03:18.049,1784563398.050,292.103,8.237305e-03,3.430913e-03,-1.464844e-03,2.050781e-02,2000,0,1.647461e-03
2026-07-20T19:03:18.148,1784563398.149,292.203,8.116333e-03,3.479468e-03,-2.197266e-03,1.879883e-02,2000,0,1.623267e-03
2026-07-20T19:03:18.249,1784563398.249,292.303,8.669922e-03,3.494145e-03,-1.953125e-03,1.977539e-02,2000,0,1.733984e-03
2026-07-20T19:03:18.351,1784563398.352,292.403,8.241089e-03,3.525316e-03,-1.953125e-03,1.928711e-02,2000,0,1.648218e-03
2026-07-20T19:03:18.451,1784563398.451,292.503,8.101440e-03,3.531069e-03,-8.056641e-03,1.831055e-02,2000,0,1.620288e-03
2026-07-20T19:03:18.548,1784563398.549,292.603,8.398560e-03,3.366292e-03,-3.662109e-03,1.733398e-02,2000,0,1.679712e-03
2026-07-20T19:03:18.651,1784563398.652,292.703,8.500610e-03,3.421224e-03,-1.953125e-03,1.904297e-02,2000,0,1.700122e-03
2026-07-20T19:03:18.750,1784563398.751,292.803,8.129883e-03,3.265585e-03,-2.197266e-03,1.831055e-02,2000,0,1.625977e-03
2026-07-20T19:03:18.851,1784563398.852,292.903,8.591187e-03,3.531700e-03,-1.953125e-03,2.221680e-02,2000,0,1.718237e-03
2026-07-20T19:03:18.950,1784563398.951,293.003,8.194702e-03,3.412835e-03,-5.371094e-03,2.343750e-02,2000,0,1.638940e-03
2026-07-20T19:03:19.050,1784563399.051,293.103,7.896484e-03,3.470540e-03,-3.662109e-03,2.612305e-02,2000,0,1.579297e-03
2026-07-20T19:03:19.148,1784563399.149,293.203,8.121948e-03,3.375468e-03,-9.765625e-04,1.855469e-02,2000,0,1.624390e-03
2026-07-20T19:03:19.250,1784563399.251,293.303,7.792114e-03,3.324784e-03,-3.417969e-03,1.708984e-02,2000,0,1.558423e-03
2026-07-20T19:03:19.350,1784563399.351,293.403,7.845703e-03,3.375155e-03,-1.708984e-03,1.733398e-02,2000,0,1.569141e-03
2026-07-20T19:03:19.450,1784563399.450,293.503,7.490234e-03,3.457678e-03,-3.906250e-03,1.855469e-02,2000,0,1.498047e-03
2026-07-20T19:03:19.551,1784563399.551,293.603,7.402100e-03,3.803968e-03,-3.906250e-03,1.953125e-02,2000,0,1.480420e-03
2026-07-20T19:03:19.650,1784563399.650,293.703,6.887329e-03,3.692632e-03,-5.371094e-03,1.782227e-02,2000,0,1.377466e-03
2026-07-20T19:03:19.748,1784563399.749,293.803,7.018066e-03,3.576277e-03,-6.835938e-03,2.319336e-02,2000,0,1.403613e-03
2026-07-20T19:03:19.850,1784563399.851,293.903,6.449463e-03,3.565959e-03,-4.638672e-03,1.782227e-02,2000,0,1.289893e-03
2026-07-20T19:03:19.949,1784563399.950,294.003,6.213379e-03,3.681544e-03,-4.638672e-03,1.586914e-02,2000,0,1.242676e-03
2026-07-20T19:03:20.048,1784563400.049,294.103,6.689819e-03,3.687237e-03,-4.638672e-03,1.782227e-02,2000,0,1.337964e-03
2026-07-20T19:03:20.150,1784563400.150,294.203,6.088623e-03,3.723791e-03,-1.147461e-02,2.124023e-02,2000,0,1.217725e-03
2026-07-20T19:03:20.251,1784563400.252,294.303,5.810669e-03,3.798594e-03,-6.835938e-03,1.928711e-02,2000,0,1.162134e-03
2026-07-20T19:03:20.351,1784563400.352,294.403,5.854370e-03,3.833560e-03,-7.080078e-03,1.757812e-02,2000,0,1.170874e-03
2026-07-20T19:03:20.451,1784563400.452,294.503,6.881836e-03,3.788010e-03,-5.126953e-03,1.708984e-02,2000,0,1.376367e-03
2026-07-20T19:03:20.550,1784563400.551,294.603,6.283203e-03,3.713389e-03,-6.103516e-03,1.733398e-02,2000,0,1.256641e-03
2026-07-20T19:03:20.650,1784563400.651,294.703,6.461670e-03,3.713658e-03,-3.662109e-03,1.782227e-02,2000,0,1.292334e-03
2026-07-20T19:03:20.750,1784563400.751,294.803,6.781006e-03,3.942825e-03,-6.103516e-03,1.855469e-02,2000,0,1.356201e-03
2026-07-20T19:03:20.851,1784563400.851,294.903,7.333496e-03,3.857357e-03,-5.859375e-03,1.757812e-02,2000,0,1.466699e-03
2026-07-20T19:03:20.949,1784563400.950,295.003,8.065308e-03,3.800378e-03,-3.662109e-03,1.904297e-02,2000,0,1.613062e-03
2026-07-20T19:03:21.048,1784563401.049,295.103,8.576904e-03,3.949950e-03,-6.347656e-03,2.148438e-02,2000,0,1.715381e-03
2026-07-20T19:03:21.150,1784563401.151,295.203,8.641357e-03,3.764170e-03,-3.662109e-03,2.172852e-02,2000,0,1.728271e-03
2026-07-20T19:03:21.248,1784563401.249,295.303,9.425171e-03,4.105091e-03,-3.662109e-03,2.075195e-02,2000,0,1.885034e-03
2026-07-20T19:03:21.351,1784563401.351,295.403,1.018054e-02,3.988343e-03,-3.417969e-03,2.294922e-02,2000,0,2.036108e-03
2026-07-20T19:03:21.449,1784563401.450,295.503,1.030652e-02,3.866574e-03,-4.150391e-03,2.319336e-02,2000,0,2.061304e-03
2026-07-20T19:03:21.548,1784563401.549,295.603,1.117371e-02,4.094009e-03,-3.906250e-03,2.514648e-02,2000,0,2.234741e-03
2026-07-20T19:03:21.649,1784563401.649,295.703,1.157837e-02,4.067396e-03,-1.708984e-03,2.221680e-02,2000,0,2.315674e-03
2026-07-20T19:03:21.751,1784563401.752,295.803,1.163110e-02,3.971419e-03,-2.929688e-03,2.319336e-02,2000,0,2.326221e-03
2026-07-20T19:03:21.851,1784563401.851,295.903,1.164185e-02,4.076942e-03,-2.197266e-03,2.587891e-02,2000,0,2.328369e-03
2026-07-20T19:03:21.951,1784563401.952,296.003,1.225183e-02,3.920558e-03,-1.220703e-03,2.368164e-02,2000,0,2.450366e-03
2026-07-20T19:03:22.051,1784563402.051,296.103,1.279651e-02,4.124631e-03,-2.197266e-03,2.587891e-02,2000,0,2.559302e-03
2026-07-20T19:03:22.150,1784563402.151,296.203,1.221619e-02,4.134686e-03,-3.173828e-03,2.465820e-02,2000,0,2.443237e-03
2026-07-20T19:03:22.248,1784563402.249,296.303,1.270898e-02,3.949754e-03,-1.220703e-03,2.563477e-02,2000,0,2.541797e-03
2026-07-20T19:03:22.351,1784563402.352,296.403,1.270935e-02,4.136006e-03,-1.220703e-03,2.563477e-02,2000,0,2.541870e-03
2026-07-20T19:03:22.450,1784563402.450,296.503,1.253040e-02,4.066574e-03,-7.324219e-04,2.514648e-02,2000,0,2.506079e-03
2026-07-20T19:03:22.549,1784563402.549,296.603,1.318091e-02,4.068667e-03,-2.929688e-03,2.685547e-02,2000,0,2.636182e-03
2026-07-20T19:03:22.651,1784563402.652,296.703,1.313916e-02,4.040434e-03,7.324219e-04,2.514648e-02,2000,0,2.627832e-03
2026-07-20T19:03:22.750,1784563402.751,296.803,1.311499e-02,4.052617e-03,-4.882812e-04,2.563477e-02,2000,0,2.622998e-03
2026-07-20T19:03:22.848,1784563402.849,296.903,1.363367e-02,3.927440e-03,2.441406e-04,2.661133e-02,2000,0,2.726733e-03
2026-07-20T19:03:22.951,1784563402.952,297.003,1.355493e-02,3.928499e-03,1.953125e-03,2.514648e-02,2000,0,2.710986e-03
2026-07-20T19:03:23.051,1784563403.052,297.103,1.371265e-02,3.920226e-03,1.708984e-03,2.685547e-02,2000,0,2.742529e-03
2026-07-20T19:03:23.151,1784563403.151,297.203,1.361841e-02,3.927038e-03,1.708984e-03,2.441406e-02,2000,0,2.723682e-03
2026-07-20T19:03:23.248,1784563403.249,297.303,1.322034e-02,3.980869e-03,4.882812e-04,2.465820e-02,2000,0,2.644067e-03
2026-07-20T19:03:23.348,1784563403.349,297.403,1.351587e-02,3.950295e-03,4.882812e-04,2.539062e-02,2000,0,2.703174e-03
2026-07-20T19:03:23.451,1784563403.451,297.503,1.329443e-02,3.853711e-03,1.464844e-03,3.002930e-02,2000,0,2.658887e-03
2026-07-20T19:03:23.548,1784563403.549,297.603,1.304712e-02,3.904835e-03,-2.441406e-04,2.734375e-02,2000,0,2.609424e-03
2026-07-20T19:03:23.648,1784563403.649,297.703,1.224878e-02,3.947051e-03,-2.197266e-03,2.490234e-02,2000,0,2.449756e-03
2026-07-20T19:03:23.751,1784563403.751,297.803,1.268933e-02,3.772189e-03,9.765625e-04,2.368164e-02,2000,0,2.537866e-03
2026-07-20T19:03:23.850,1784563403.851,297.903,1.203040e-02,3.853666e-03,-1.953125e-03,2.465820e-02,2000,0,2.406079e-03
2026-07-20T19:03:23.950,1784563403.951,298.003,1.201477e-02,3.945099e-03,-9.765625e-04,2.490234e-02,2000,0,2.402954e-03
2026-07-20T19:03:24.048,1784563404.049,298.103,1.208032e-02,3.915011e-03,-2.441406e-04,2.514648e-02,2000,0,2.416064e-03
2026-07-20T19:03:24.151,1784563404.151,298.203,1.159265e-02,3.808490e-03,-1.708984e-03,2.587891e-02,2000,0,2.318530e-03
2026-07-20T19:03:24.251,1784563404.252,298.303,1.113525e-02,3.827677e-03,-1.708984e-03,2.343750e-02,2000,0,2.227051e-03
2026-07-20T19:03:24.350,1784563404.351,298.403,1.140991e-02,3.789758e-03,-1.708984e-03,2.246094e-02,2000,0,2.281982e-03
2026-07-20T19:03:24.450,1784563404.451,298.503,1.084729e-02,3.813037e-03,-1.464844e-03,2.124023e-02,2000,0,2.169458e-03
2026-07-20T19:03:24.551,1784563404.552,298.603,1.100610e-02,3.894953e-03,-9.765625e-04,3.100586e-02,2000,0,2.201221e-03
2026-07-20T19:03:24.648,1784563404.649,298.703,1.089990e-02,3.879391e-03,-1.708984e-03,2.172852e-02,2000,0,2.179980e-03
2026-07-20T19:03:24.749,1784563404.750,298.803,1.005444e-02,3.709070e-03,-4.882812e-04,2.075195e-02,2000,0,2.010889e-03
2026-07-20T19:03:24.848,1784563404.849,298.903,9.984009e-03,3.795852e-03,-1.220703e-03,2.368164e-02,2000,0,1.996802e-03
2026-07-20T19:03:24.951,1784563404.952,299.003,1.010364e-02,3.625983e-03,-1.464844e-03,2.221680e-02,2000,0,2.020728e-03
2026-07-20T19:03:25.050,1784563405.051,299.103,9.508423e-03,3.809592e-03,-2.441406e-03,3.051758e-02,2000,0,1.901685e-03
2026-07-20T19:03:25.149,1784563405.149,299.203,9.170654e-03,3.507673e-03,-1.708984e-03,2.050781e-02,2000,0,1.834131e-03
2026-07-20T19:03:25.249,1784563405.249,299.303,8.893433e-03,3.553792e-03,-2.441406e-03,2.099609e-02,2000,0,1.778687e-03
2026-07-20T19:03:25.350,1784563405.351,299.403,8.383423e-03,3.470388e-03,-1.464844e-03,1.855469e-02,2000,0,1.676685e-03
2026-07-20T19:03:25.448,1784563405.449,299.503,8.508545e-03,3.448635e-03,-1.708984e-03,1.855469e-02,2000,0,1.701709e-03
2026-07-20T19:03:25.550,1784563405.551,299.603,8.635376e-03,3.329037e-03,-2.441406e-03,1.904297e-02,2000,0,1.727075e-03
2026-07-20T19:03:25.650,1784563405.651,299.703,7.522583e-03,3.294572e-03,-4.394531e-03,1.855469e-02,2000,0,1.504517e-03
2026-07-20T19:03:25.752,1784563405.752,299.803,8.306519e-03,3.025512e-03,-1.708984e-03,1.684570e-02,2000,0,1.661304e-03
2026-07-20T19:03:25.852,1784563405.852,299.904,7.558838e-03,2.805722e-03,-2.929688e-03,1.635742e-02,2000,0,1.511768e-03
