# board,CSE142502
# channel,1
# input_range_mv,4000
# impedance_ohm,1000000
# sample_rate,1000000
# samples_per_reading,2000
# rate_hz,10.0
# duration_s,300.0
# start,2026-07-20T18:13:28
# value,mean_v = raw volts at DAQ input. r_v = R in volts = mean_v × 0.02 (SEN full-scale = 20 mV; ±1.0 V output = full scale).
# param:Laser.wavelength,1297.6,cm^-1
# param:Laser.power,,W
# param:Laser.rep_rate,12458.8,Hz
# param:Laser.pulse_width,500,ns
# param:Lock-in.sensitivity,20 mV
# param:Lock-in.time_constant,3 s
# param:Lock-in.mod_frequency,12447.8,Hz
# param:Gas.gas_type,N2
# param:Gas.concentration,100,%
# param:Gas.adm_pressure,600,torr
# param:General.operator,burak
# param:General.notes,laser close-4
iso_time,epoch_s,elapsed_s,mean_v,std_v,min_v,max_v,n,clipped,r_v
2026-07-20T18:13:31.402,1784560411.402,0.003,-4.890259e-03,3.126283e-03,-1.464844e-02,4.638672e-03,2000,0,-9.780518e-05
2026-07-20T18:13:31.505,1784560411.505,0.103,-5.121948e-03,3.193478e-03,-1.562500e-02,4.638672e-03,2000,0,-1.024390e-04
2026-07-20T18:13:31.605,1784560411.606,0.203,-5.117676e-03,3.387099e-03,-1.586914e-02,4.882812e-03,2000,0,-1.023535e-04
2026-07-20T18:13:31.705,1784560411.705,0.303,-4.979492e-03,3.274673e-03,-1.782227e-02,4.394531e-03,2000,0,-9.958984e-05
2026-07-20T18:13:31.805,1784560411.805,0.403,-5.384521e-03,3.224034e-03,-1.708984e-02,5.371094e-03,2000,0,-1.076904e-04
2026-07-20T18:13:31.905,1784560411.905,0.503,-5.410278e-03,3.166267e-03,-1.708984e-02,3.906250e-03,2000,0,-1.082056e-04
2026-07-20T18:13:32.005,1784560412.005,0.603,-5.452026e-03,3.308431e-03,-1.953125e-02,6.103516e-03,2000,0,-1.090405e-04
2026-07-20T18:13:32.105,1784560412.105,0.703,-5.764526e-03,3.220182e-03,-1.562500e-02,3.906250e-03,2000,0,-1.152905e-04
2026-07-20T18:13:32.205,1784560412.205,0.803,-5.837891e-03,3.372883e-03,-1.611328e-02,5.615234e-03,2000,0,-1.167578e-04
2026-07-20T18:13:32.305,1784560412.305,0.903,-5.545288e-03,3.259249e-03,-1.586914e-02,4.882812e-03,2000,0,-1.109058e-04
2026-07-20T18:13:32.405,1784560412.405,1.003,-6.132813e-03,3.311078e-03,-1.586914e-02,4.394531e-03,2000,0,-1.226563e-04
2026-07-20T18:13:32.505,1784560412.505,1.103,-6.366821e-03,3.332768e-03,-1.953125e-02,4.394531e-03,2000,0,-1.273364e-04
2026-07-20T18:13:32.605,1784560412.605,1.203,-6.188965e-03,3.332475e-03,-1.733398e-02,7.568359e-03,2000,0,-1.237793e-04
2026-07-20T18:13:32.705,1784560412.705,1.303,-6.419189e-03,3.309129e-03,-1.855469e-02,6.591797e-03,2000,0,-1.283838e-04
2026-07-20T18:13:32.805,1784560412.805,1.403,-6.248779e-03,3.385175e-03,-1.635742e-02,3.417969e-03,2000,0,-1.249756e-04
2026-07-20T18:13:32.905,1784560412.905,1.503,-6.209351e-03,3.268865e-03,-1.855469e-02,2.685547e-03,2000,0,-1.241870e-04
2026-07-20T18:13:33.005,1784560413.005,1.603,-6.548462e-03,3.378513e-03,-1.782227e-02,8.789062e-03,2000,0,-1.309692e-04
2026-07-20T18:13:33.105,1784560413.105,1.703,-6.373901e-03,3.388254e-03,-1.708984e-02,5.615234e-03,2000,0,-1.274780e-04
2026-07-20T18:13:33.205,1784560413.205,1.803,-6.702026e-03,3.482892e-03,-1.879883e-02,3.417969e-03,2000,0,-1.340405e-04
2026-07-20T18:13:33.305,1784560413.305,1.903,-6.748047e-03,3.452872e-03,-1.855469e-02,5.126953e-03,2000,0,-1.349609e-04
2026-07-20T18:13:33.405,1784560413.405,2.003,-6.646118e-03,3.458215e-03,-2.026367e-02,4.394531e-03,2000,0,-1.329224e-04
2026-07-20T18:13:33.505,1784560413.505,2.103,-6.850708e-03,3.441100e-03,-2.148438e-02,3.906250e-03,2000,0,-1.370142e-04
2026-07-20T18:13:33.605,1784560413.605,2.203,-7.088379e-03,3.566441e-03,-1.953125e-02,5.859375e-03,2000,0,-1.417676e-04
2026-07-20T18:13:33.705,1784560413.705,2.303,-7.133179e-03,3.527584e-03,-1.708984e-02,3.173828e-03,2000,0,-1.426636e-04
2026-07-20T18:13:33.805,1784560413.805,2.403,-6.639771e-03,3.607519e-03,-1.806641e-02,6.347656e-03,2000,0,-1.327954e-04
2026-07-20T18:13:33.905,1784560413.905,2.503,-7.299927e-03,3.466149e-03,-1.904297e-02,3.173828e-03,2000,0,-1.459985e-04
2026-07-20T18:13:34.005,1784560414.005,2.603,-7.615845e-03,3.520400e-03,-1.904297e-02,6.835938e-03,2000,0,-1.523169e-04
2026-07-20T18:13:34.105,1784560414.105,2.703,-7.657349e-03,3.544840e-03,-1.928711e-02,3.906250e-03,2000,0,-1.531470e-04
2026-07-20T18:13:34.205,1784560414.205,2.803,-7.775146e-03,3.500168e-03,-2.099609e-02,5.126953e-03,2000,0,-1.555029e-04
2026-07-20T18:13:34.305,1784560414.305,2.903,-7.930786e-03,3.579702e-03,-1.904297e-02,4.150391e-03,2000,0,-1.586157e-04
2026-07-20T18:13:34.405,1784560414.405,3.003,-7.778198e-03,3.568562e-03,-2.075195e-02,2.441406e-03,2000,0,-1.555640e-04
2026-07-20T18:13:34.505,1784560414.505,3.103,-8.058350e-03,3.476291e-03,-1.928711e-02,3.417969e-03,2000,0,-1.611670e-04
2026-07-20T18:13:34.605,1784560414.605,3.203,-7.989624e-03,3.566937e-03,-1.928711e-02,2.441406e-03,2000,0,-1.597925e-04
2026-07-20T18:13:34.705,1784560414.705,3.303,-7.665894e-03,3.542218e-03,-1.953125e-02,8.300781e-03,2000,0,-1.533179e-04
2026-07-20T18:13:34.805,1784560414.805,3.403,-8.543823e-03,3.557770e-03,-2.246094e-02,5.615234e-03,2000,0,-1.708765e-04
2026-07-20T18:13:34.905,1784560414.905,3.503,-8.287598e-03,3.538162e-03,-2.148438e-02,2.197266e-03,2000,0,-1.657520e-04
2026-07-20T18:13:35.005,1784560415.005,3.603,-8.106934e-03,3.557486e-03,-2.124023e-02,6.347656e-03,2000,0,-1.621387e-04
2026-07-20T18:13:35.105,1784560415.105,3.703,-8.591064e-03,3.448604e-03,-2.148438e-02,4.150391e-03,2000,0,-1.718213e-04
2026-07-20T18:13:35.205,1784560415.205,3.803,-8.453857e-03,3.564051e-03,-2.197266e-02,3.662109e-03,2000,0,-1.690771e-04
2026-07-20T18:13:35.305,1784560415.305,3.903,-8.393433e-03,3.505646e-03,-2.270508e-02,1.464844e-03,2000,0,-1.678687e-04
2026-07-20T18:13:35.405,1784560415.405,4.003,-8.209961e-03,3.598012e-03,-2.075195e-02,2.197266e-03,2000,0,-1.641992e-04
2026-07-20T18:13:35.505,1784560415.505,4.103,-8.409424e-03,3.521029e-03,-2.099609e-02,1.708984e-03,2000,0,-1.681885e-04
2026-07-20T18:13:35.605,1784560415.605,4.203,-8.298584e-03,3.536164e-03,-2.001953e-02,2.685547e-03,2000,0,-1.659717e-04
2026-07-20T18:13:35.705,1784560415.705,4.303,-8.855103e-03,3.639328e-03,-2.392578e-02,4.638672e-03,2000,0,-1.771021e-04
2026-07-20T18:13:35.805,1784560415.805,4.403,-8.732788e-03,3.580765e-03,-2.246094e-02,1.147461e-02,2000,0,-1.746558e-04
2026-07-20T18:13:35.905,1784560415.906,4.503,-8.541382e-03,3.347143e-03,-1.928711e-02,2.441406e-03,2000,0,-1.708276e-04
2026-07-20T18:13:36.005,1784560416.005,4.603,-8.951050e-03,3.435400e-03,-2.294922e-02,2.197266e-03,2000,0,-1.790210e-04
2026-07-20T18:13:36.105,1784560416.105,4.703,-9.190308e-03,3.521718e-03,-2.343750e-02,7.324219e-04,2000,0,-1.838062e-04
2026-07-20T18:13:36.205,1784560416.205,4.803,-9.188110e-03,3.263941e-03,-1.977539e-02,3.417969e-03,2000,0,-1.837622e-04
2026-07-20T18:13:36.305,1784560416.305,4.903,-9.936523e-03,3.454232e-03,-2.221680e-02,8.056641e-03,2000,0,-1.987305e-04
2026-07-20T18:13:36.405,1784560416.405,5.003,-9.304199e-03,3.411859e-03,-2.246094e-02,1.220703e-03,2000,0,-1.860840e-04
2026-07-20T18:13:36.505,1784560416.505,5.103,-9.152100e-03,3.335356e-03,-1.904297e-02,1.953125e-03,2000,0,-1.830420e-04
2026-07-20T18:13:36.605,1784560416.605,5.203,-9.318604e-03,3.347278e-03,-2.001953e-02,1.220703e-03,2000,0,-1.863721e-04
2026-07-20T18:13:36.705,1784560416.705,5.303,-9.268066e-03,3.323215e-03,-2.001953e-02,2.685547e-03,2000,0,-1.853613e-04
2026-07-20T18:13:36.805,1784560416.805,5.403,-8.750000e-03,3.401225e-03,-2.246094e-02,1.708984e-03,2000,0,-1.750000e-04
2026-07-20T18:13:36.905,1784560416.905,5.503,-9.271362e-03,3.435995e-03,-1.904297e-02,2.441406e-03,2000,0,-1.854272e-04
2026-07-20T18:13:37.005,1784560417.005,5.603,-9.355103e-03,3.339225e-03,-2.172852e-02,1.708984e-03,2000,0,-1.871021e-04
2026-07-20T18:13:37.105,1784560417.105,5.703,-8.541870e-03,3.326037e-03,-1.904297e-02,5.126953e-03,2000,0,-1.708374e-04
2026-07-20T18:13:37.205,1784560417.205,5.803,-9.283081e-03,3.333248e-03,-1.928711e-02,1.953125e-03,2000,0,-1.856616e-04
2026-07-20T18:13:37.305,1784560417.305,5.903,-9.061890e-03,3.359039e-03,-2.075195e-02,7.324219e-03,2000,0,-1.812378e-04
2026-07-20T18:13:37.405,1784560417.405,6.003,-8.606323e-03,3.354507e-03,-2.001953e-02,2.929688e-03,2000,0,-1.721265e-04
2026-07-20T18:13:37.505,1784560417.505,6.103,-9.390503e-03,3.295416e-03,-1.953125e-02,2.197266e-03,2000,0,-1.878101e-04
2026-07-20T18:13:37.605,1784560417.605,6.203,-9.331787e-03,3.427332e-03,-2.270508e-02,3.417969e-03,2000,0,-1.866357e-04
2026-07-20T18:13:37.705,1784560417.705,6.303,-9.241211e-03,3.377146e-03,-1.904297e-02,2.441406e-03,2000,0,-1.848242e-04
2026-07-20T18:13:37.805,1784560417.805,6.403,-9.688599e-03,3.344717e-03,-2.172852e-02,4.394531e-03,2000,0,-1.937720e-04
2026-07-20T18:13:37.905,1784560417.905,6.503,-9.088257e-03,3.485740e-03,-2.050781e-02,5.615234e-03,2000,0,-1.817651e-04
2026-07-20T18:13:38.005,1784560418.005,6.603,-8.803467e-03,3.474332e-03,-1.953125e-02,2.685547e-03,2000,0,-1.760693e-04
2026-07-20T18:13:38.105,1784560418.105,6.703,-9.550781e-03,3.319519e-03,-1.904297e-02,3.662109e-03,2000,0,-1.910156e-04
2026-07-20T18:13:38.205,1784560418.205,6.803,-9.150024e-03,3.457953e-03,-2.124023e-02,2.441406e-03,2000,0,-1.830005e-04
2026-07-20T18:13:38.305,1784560418.306,6.903,-9.000610e-03,3.319591e-03,-2.075195e-02,2.685547e-03,2000,0,-1.800122e-04
2026-07-20T18:13:38.405,1784560418.405,7.003,-9.588257e-03,3.443055e-03,-2.099609e-02,3.173828e-03,2000,0,-1.917651e-04
2026-07-20T18:13:38.505,1784560418.505,7.103,-9.342041e-03,3.456205e-03,-2.441406e-02,2.929688e-03,2000,0,-1.868408e-04
2026-07-20T18:13:38.605,1784560418.605,7.203,-9.829224e-03,3.391215e-03,-2.319336e-02,2.441406e-03,2000,0,-1.965845e-04
2026-07-20T18:13:38.705,1784560418.705,7.303,-9.618652e-03,3.357103e-03,-1.879883e-02,1.708984e-03,2000,0,-1.923730e-04
2026-07-20T18:13:38.805,1784560418.806,7.403,-9.784302e-03,3.333048e-03,-2.319336e-02,1.220703e-03,2000,0,-1.956860e-04
2026-07-20T18:13:38.905,1784560418.905,7.503,-9.452026e-03,3.218840e-03,-1.904297e-02,3.417969e-03,2000,0,-1.890405e-04
2026-07-20T18:13:39.005,1784560419.006,7.603,-9.595825e-03,3.288292e-03,-1.977539e-02,2.685547e-03,2000,0,-1.919165e-04
2026-07-20T18:13:39.105,1784560419.105,7.703,-9.870605e-03,3.243664e-03,-1.928711e-02,0.000000e+00,2000,0,-1.974121e-04
2026-07-20T18:13:39.205,1784560419.205,7.803,-9.347412e-03,3.122554e-03,-1.831055e-02,2.685547e-03,2000,0,-1.869482e-04
2026-07-20T18:13:39.305,1784560419.305,7.903,-8.938721e-03,3.313261e-03,-1.904297e-02,9.765625e-04,2000,0,-1.787744e-04
2026-07-20T18:13:39.405,1784560419.405,8.003,-9.456909e-03,3.262641e-03,-1.855469e-02,1.708984e-03,2000,0,-1.891382e-04
2026-07-20T18:13:39.505,1784560419.505,8.103,-9.364624e-03,3.305521e-03,-2.246094e-02,3.417969e-03,2000,0,-1.872925e-04
2026-07-20T18:13:39.605,1784560419.606,8.203,-9.534180e-03,3.270658e-03,-2.050781e-02,5.126953e-03,2000,0,-1.906836e-04
2026-07-20T18:13:39.705,1784560419.705,8.303,-9.215332e-03,3.184444e-03,-1.977539e-02,9.765625e-04,2000,0,-1.843066e-04
2026-07-20T18:13:39.805,1784560419.805,8.403,-8.973267e-03,3.253756e-03,-2.490234e-02,2.929688e-03,2000,0,-1.794653e-04
2026-07-20T18:13:39.905,1784560419.906,8.503,-9.362183e-03,3.252992e-03,-1.928711e-02,3.662109e-03,2000,0,-1.872437e-04
2026-07-20T18:13:40.005,1784560420.005,8.603,-9.220703e-03,3.106848e-03,-1.855469e-02,0.000000e+00,2000,0,-1.844141e-04
2026-07-20T18:13:40.105,1784560420.105,8.703,-9.177979e-03,3.306022e-03,-2.001953e-02,2.197266e-03,2000,0,-1.835596e-04
2026-07-20T18:13:40.205,1784560420.206,8.803,-9.354370e-03,3.227480e-03,-2.124023e-02,7.324219e-03,2000,0,-1.870874e-04
2026-07-20T18:13:40.305,1784560420.305,8.903,-9.758911e-03,3.268821e-03,-2.246094e-02,1.464844e-03,2000,0,-1.951782e-04
2026-07-20T18:13:40.405,1784560420.405,9.003,-9.036743e-03,3.173408e-03,-2.246094e-02,1.708984e-03,2000,0,-1.807349e-04
2026-07-20T18:13:40.505,1784560420.506,9.103,-9.354370e-03,3.248501e-03,-1.977539e-02,2.685547e-03,2000,0,-1.870874e-04
2026-07-20T18:13:40.605,1784560420.605,9.203,-9.636108e-03,3.279546e-03,-2.050781e-02,2.441406e-04,2000,0,-1.927222e-04
2026-07-20T18:13:40.705,1784560420.705,9.303,-9.480835e-03,3.291662e-03,-1.953125e-02,1.049805e-02,2000,0,-1.896167e-04
2026-07-20T18:13:40.805,1784560420.806,9.403,-9.387939e-03,3.330733e-03,-2.221680e-02,7.324219e-04,2000,0,-1.877588e-04
2026-07-20T18:13:40.905,1784560420.906,9.503,-9.579102e-03,3.315636e-03,-2.514648e-02,1.464844e-03,2000,0,-1.915820e-04
2026-07-20T18:13:41.005,1784560421.005,9.603,-9.008423e-03,3.300752e-03,-2.050781e-02,1.953125e-03,2000,0,-1.801685e-04
2026-07-20T18:13:41.105,1784560421.106,9.703,-9.536865e-03,3.193029e-03,-1.928711e-02,-4.882812e-04,2000,0,-1.907373e-04
2026-07-20T18:13:41.205,1784560421.205,9.803,-9.294189e-03,3.241892e-03,-1.977539e-02,1.220703e-03,2000,0,-1.858838e-04
2026-07-20T18:13:41.305,1784560421.305,9.903,-9.234131e-03,3.360724e-03,-2.172852e-02,2.929688e-03,2000,0,-1.846826e-04
2026-07-20T18:13:41.405,1784560421.405,10.003,-9.380859e-03,3.258296e-03,-1.831055e-02,4.882812e-04,2000,0,-1.876172e-04
2026-07-20T18:13:41.505,1784560421.505,10.103,-9.265869e-03,3.318748e-03,-2.124023e-02,1.708984e-03,2000,0,-1.853174e-04
2026-07-20T18:13:41.605,1784560421.605,10.203,-8.867676e-03,3.270740e-03,-2.246094e-02,9.765625e-04,2000,0,-1.773535e-04
2026-07-20T18:13:41.705,1784560421.705,10.303,-9.250366e-03,3.248449e-03,-1.904297e-02,1.953125e-03,2000,0,-1.850073e-04
2026-07-20T18:13:41.805,1784560421.805,10.403,-9.057129e-03,3.108605e-03,-1.879883e-02,5.126953e-03,2000,0,-1.811426e-04
2026-07-20T18:13:41.905,1784560421.906,10.503,-9.155762e-03,3.037300e-03,-1.855469e-02,2.441406e-03,2000,0,-1.831152e-04
2026-07-20T18:13:42.005,1784560422.005,10.603,-9.144775e-03,3.064175e-03,-2.270508e-02,2.197266e-03,2000,0,-1.828955e-04
2026-07-20T18:13:42.105,1784560422.106,10.703,-9.277954e-03,2.967283e-03,-1.855469e-02,2.441406e-04,2000,0,-1.855591e-04
2026-07-20T18:13:42.205,1784560422.205,10.803,-9.529541e-03,2.868688e-03,-2.221680e-02,3.173828e-03,2000,0,-1.905908e-04
2026-07-20T18:13:42.305,1784560422.305,10.903,-9.519897e-03,2.851720e-03,-2.343750e-02,-7.324219e-04,2000,0,-1.903979e-04
2026-07-20T18:13:42.405,1784560422.405,11.003,-9.455078e-03,2.870371e-03,-2.075195e-02,4.882812e-04,2000,0,-1.891016e-04
2026-07-20T18:13:42.505,1784560422.506,11.103,-1.031555e-02,2.720900e-03,-1.855469e-02,0.000000e+00,2000,0,-2.063110e-04
2026-07-20T18:13:42.605,1784560422.606,11.203,-9.872070e-03,2.633359e-03,-1.879883e-02,2.441406e-04,2000,0,-1.974414e-04
2026-07-20T18:13:42.705,1784560422.706,11.303,-1.029736e-02,2.559874e-03,-1.977539e-02,-1.953125e-03,2000,0,-2.059473e-04
2026-07-20T18:13:42.805,1784560422.805,11.403,-9.900635e-03,2.689907e-03,-1.855469e-02,4.882812e-04,2000,0,-1.980127e-04
2026-07-20T18:13:42.905,1784560422.906,11.503,-9.414551e-03,2.608642e-03,-1.782227e-02,-1.953125e-03,2000,0,-1.882910e-04
2026-07-20T18:13:43.005,1784560423.005,11.603,-9.252686e-03,2.595271e-03,-1.928711e-02,-1.464844e-03,2000,0,-1.850537e-04
2026-07-20T18:13:43.105,1784560423.105,11.703,-9.257202e-03,2.495921e-03,-1.977539e-02,-4.882812e-04,2000,0,-1.851440e-04
2026-07-20T18:13:43.205,1784560423.205,11.803,-9.302124e-03,2.465134e-03,-1.806641e-02,-2.441406e-04,2000,0,-1.860425e-04
2026-07-20T18:13:43.305,1784560423.305,11.903,-9.557739e-03,2.559864e-03,-2.001953e-02,-2.441406e-04,2000,0,-1.911548e-04
2026-07-20T18:13:43.405,1784560423.406,12.003,-8.536133e-03,2.650087e-03,-1.806641e-02,7.324219e-04,2000,0,-1.707227e-04
2026-07-20T18:13:43.505,1784560423.505,12.103,-9.137451e-03,2.588497e-03,-2.221680e-02,-2.441406e-04,2000,0,-1.827490e-04
2026-07-20T18:13:43.605,1784560423.605,12.203,-9.319336e-03,2.633330e-03,-1.977539e-02,2.441406e-03,2000,0,-1.863867e-04
2026-07-20T18:13:43.705,1784560423.705,12.303,-8.560059e-03,2.638314e-03,-1.684570e-02,2.441406e-03,2000,0,-1.712012e-04
2026-07-20T18:13:43.805,1784560423.806,12.403,-9.011353e-03,2.765710e-03,-1.928711e-02,4.882812e-04,2000,0,-1.802271e-04
2026-07-20T18:13:43.907,1784560423.907,12.503,-9.002930e-03,2.629992e-03,-1.831055e-02,-2.441406e-04,2000,0,-1.800586e-04
2026-07-20T18:13:44.005,1784560424.005,12.603,-8.665527e-03,2.856017e-03,-2.099609e-02,1.464844e-03,2000,0,-1.733105e-04
2026-07-20T18:13:44.105,1784560424.105,12.703,-9.147095e-03,2.800048e-03,-2.099609e-02,-4.882812e-04,2000,0,-1.829419e-04
2026-07-20T18:13:44.205,1784560424.205,12.803,-9.486572e-03,2.862257e-03,-1.879883e-02,3.173828e-03,2000,0,-1.897314e-04
2026-07-20T18:13:44.305,1784560424.305,12.903,-8.513184e-03,2.965621e-03,-1.953125e-02,7.324219e-04,2000,0,-1.702637e-04
2026-07-20T18:13:44.405,1784560424.405,13.003,-9.162354e-03,2.956493e-03,-2.075195e-02,1.953125e-03,2000,0,-1.832471e-04
2026-07-20T18:13:44.505,1784560424.506,13.103,-9.085205e-03,2.954148e-03,-2.001953e-02,2.441406e-04,2000,0,-1.817041e-04
2026-07-20T18:13:44.605,1784560424.605,13.203,-8.785889e-03,3.010313e-03,-1.879883e-02,7.324219e-04,2000,0,-1.757178e-04
2026-07-20T18:13:44.705,1784560424.706,13.303,-9.182007e-03,3.010760e-03,-1.953125e-02,2.197266e-03,2000,0,-1.836401e-04
2026-07-20T18:13:44.805,1784560424.805,13.403,-9.871704e-03,3.109691e-03,-2.319336e-02,9.765625e-04,2000,0,-1.974341e-04
2026-07-20T18:13:44.905,1784560424.906,13.503,-8.814575e-03,3.167320e-03,-2.416992e-02,1.953125e-03,2000,0,-1.762915e-04
2026-07-20T18:13:45.005,1784560425.005,13.603,-9.310059e-03,3.069568e-03,-2.050781e-02,1.464844e-03,2000,0,-1.862012e-04
2026-07-20T18:13:45.105,1784560425.106,13.703,-8.885620e-03,3.180142e-03,-2.075195e-02,1.220703e-03,2000,0,-1.777124e-04
2026-07-20T18:13:45.205,1784560425.205,13.803,-8.291504e-03,3.221172e-03,-2.075195e-02,2.441406e-03,2000,0,-1.658301e-04
2026-07-20T18:13:45.305,1784560425.305,13.903,-8.821289e-03,3.128027e-03,-1.953125e-02,1.464844e-03,2000,0,-1.764258e-04
2026-07-20T18:13:45.406,1784560425.407,14.003,-9.169556e-03,3.146399e-03,-1.953125e-02,3.417969e-03,2000,0,-1.833911e-04
2026-07-20T18:13:45.505,1784560425.506,14.103,-9.089844e-03,3.073925e-03,-2.246094e-02,1.953125e-03,2000,0,-1.817969e-04
2026-07-20T18:13:45.605,1784560425.605,14.203,-8.984741e-03,3.120133e-03,-1.977539e-02,1.953125e-03,2000,0,-1.796948e-04
2026-07-20T18:13:45.705,1784560425.705,14.303,-8.791992e-03,3.069003e-03,-2.026367e-02,-2.441406e-04,2000,0,-1.758398e-04
2026-07-20T18:13:45.805,1784560425.805,14.403,-8.801392e-03,3.220482e-03,-2.001953e-02,3.662109e-03,2000,0,-1.760278e-04
2026-07-20T18:13:45.905,1784560425.905,14.503,-8.479492e-03,3.106464e-03,-1.904297e-02,1.464844e-03,2000,0,-1.695898e-04
2026-07-20T18:13:46.005,1784560426.005,14.603,-8.944702e-03,3.152564e-03,-2.075195e-02,2.929688e-03,2000,0,-1.788940e-04
2026-07-20T18:13:46.105,1784560426.105,14.703,-8.375488e-03,3.003390e-03,-1.782227e-02,9.765625e-04,2000,0,-1.675098e-04
2026-07-20T18:13:46.205,1784560426.205,14.803,-8.711548e-03,2.999401e-03,-1.928711e-02,9.765625e-04,2000,0,-1.742310e-04
2026-07-20T18:13:46.305,1784560426.305,14.903,-8.448120e-03,2.991019e-03,-1.757812e-02,3.417969e-03,2000,0,-1.689624e-04
2026-07-20T18:13:46.405,1784560426.405,15.003,-8.112671e-03,2.927345e-03,-1.831055e-02,2.929688e-03,2000,0,-1.622534e-04
2026-07-20T18:13:46.505,1784560426.505,15.103,-8.936768e-03,2.996322e-03,-1.928711e-02,2.929688e-03,2000,0,-1.787354e-04
2026-07-20T18:13:46.605,1784560426.605,15.203,-8.719727e-03,3.039814e-03,-1.831055e-02,2.685547e-03,2000,0,-1.743945e-04
2026-07-20T18:13:46.705,1784560426.705,15.303,-8.152100e-03,2.889702e-03,-1.953125e-02,1.708984e-03,2000,0,-1.630420e-04
2026-07-20T18:13:46.805,1784560426.805,15.403,-8.476562e-03,2.979462e-03,-1.879883e-02,6.103516e-03,2000,0,-1.695313e-04
2026-07-20T18:13:46.905,1784560426.905,15.503,-8.815796e-03,2.962659e-03,-1.953125e-02,2.441406e-04,2000,0,-1.763159e-04
2026-07-20T18:13:47.005,1784560427.005,15.603,-8.632568e-03,3.046853e-03,-1.831055e-02,4.150391e-03,2000,0,-1.726514e-04
2026-07-20T18:13:47.105,1784560427.106,15.703,-8.723267e-03,3.024693e-03,-2.099609e-02,6.591797e-03,2000,0,-1.744653e-04
2026-07-20T18:13:47.205,1784560427.205,15.803,-8.541748e-03,3.026899e-03,-1.831055e-02,1.708984e-03,2000,0,-1.708350e-04
2026-07-20T18:13:47.305,1784560427.305,15.903,-8.001953e-03,2.946069e-03,-1.733398e-02,1.464844e-03,2000,0,-1.600391e-04
2026-07-20T18:13:47.405,1784560427.405,16.003,-8.645630e-03,2.808799e-03,-1.684570e-02,1.464844e-03,2000,0,-1.729126e-04
2026-07-20T18:13:47.505,1784560427.505,16.103,-8.303589e-03,2.892231e-03,-2.075195e-02,1.220703e-03,2000,0,-1.660718e-04
2026-07-20T18:13:47.605,1784560427.606,16.203,-8.521851e-03,3.093673e-03,-1.977539e-02,3.906250e-03,2000,0,-1.704370e-04
2026-07-20T18:13:47.705,1784560427.705,16.303,-8.910767e-03,3.054823e-03,-1.977539e-02,1.708984e-03,2000,0,-1.782153e-04
2026-07-20T18:13:47.806,1784560427.806,16.403,-8.764282e-03,3.079311e-03,-1.977539e-02,2.197266e-03,2000,0,-1.752856e-04
2026-07-20T18:13:47.905,1784560427.905,16.503,-8.479736e-03,3.075113e-03,-2.099609e-02,4.150391e-03,2000,0,-1.695947e-04
2026-07-20T18:13:48.005,1784560428.006,16.603,-8.621704e-03,3.293579e-03,-2.001953e-02,3.417969e-03,2000,0,-1.724341e-04
2026-07-20T18:13:48.105,1784560428.105,16.703,-8.042236e-03,3.114210e-03,-1.904297e-02,3.417969e-03,2000,0,-1.608447e-04
2026-07-20T18:13:48.205,1784560428.205,16.803,-8.468140e-03,3.210970e-03,-1.953125e-02,3.662109e-03,2000,0,-1.693628e-04
2026-07-20T18:13:48.305,1784560428.306,16.903,-8.776611e-03,3.357945e-03,-1.855469e-02,3.173828e-03,2000,0,-1.755322e-04
2026-07-20T18:13:48.405,1784560428.405,17.003,-8.808228e-03,3.319930e-03,-1.928711e-02,2.685547e-03,2000,0,-1.761646e-04
2026-07-20T18:13:48.505,1784560428.505,17.103,-8.845215e-03,3.431597e-03,-2.221680e-02,4.638672e-03,2000,0,-1.769043e-04
2026-07-20T18:13:48.605,1784560428.606,17.203,-8.808594e-03,3.559681e-03,-2.099609e-02,3.906250e-03,2000,0,-1.761719e-04
2026-07-20T18:13:48.705,1784560428.706,17.303,-8.908569e-03,3.631528e-03,-2.343750e-02,6.103516e-03,2000,0,-1.781714e-04
2026-07-20T18:13:48.807,1784560428.808,17.403,-8.711182e-03,3.409782e-03,-1.953125e-02,3.417969e-03,2000,0,-1.742236e-04
2026-07-20T18:13:48.905,1784560428.905,17.503,-8.840698e-03,3.549588e-03,-2.246094e-02,5.371094e-03,2000,0,-1.768140e-04
2026-07-20T18:13:49.005,1784560429.005,17.603,-9.051147e-03,3.527313e-03,-1.831055e-02,4.638672e-03,2000,0,-1.810229e-04
2026-07-20T18:13:49.105,1784560429.105,17.703,-8.371460e-03,3.515843e-03,-2.099609e-02,4.882812e-03,2000,0,-1.674292e-04
2026-07-20T18:13:49.205,1784560429.206,17.803,-8.890503e-03,3.696420e-03,-2.075195e-02,6.103516e-03,2000,0,-1.778101e-04
2026-07-20T18:13:49.305,1784560429.305,17.903,-8.714355e-03,3.643298e-03,-1.953125e-02,4.150391e-03,2000,0,-1.742871e-04
2026-07-20T18:13:49.405,1784560429.405,18.003,-8.202148e-03,3.658941e-03,-1.757812e-02,6.103516e-03,2000,0,-1.640430e-04
2026-07-20T18:13:49.505,1784560429.505,18.103,-8.505493e-03,3.686034e-03,-1.904297e-02,5.615234e-03,2000,0,-1.701099e-04
2026-07-20T18:13:49.605,1784560429.605,18.203,-8.649292e-03,3.760136e-03,-1.831055e-02,6.103516e-03,2000,0,-1.729858e-04
2026-07-20T18:13:49.705,1784560429.706,18.303,-8.177856e-03,3.801976e-03,-2.026367e-02,4.150391e-03,2000,0,-1.635571e-04
2026-07-20T18:13:49.805,1784560429.806,18.403,-9.136841e-03,3.805238e-03,-2.075195e-02,4.394531e-03,2000,0,-1.827368e-04
2026-07-20T18:13:49.905,1784560429.906,18.503,-8.809326e-03,3.930058e-03,-1.953125e-02,5.126953e-03,2000,0,-1.761865e-04
2026-07-20T18:13:50.005,1784560430.005,18.603,-8.655518e-03,3.755100e-03,-1.904297e-02,4.882812e-03,2000,0,-1.731104e-04
2026-07-20T18:13:50.105,1784560430.105,18.703,-8.756226e-03,3.958139e-03,-2.075195e-02,3.662109e-03,2000,0,-1.751245e-04
2026-07-20T18:13:50.207,1784560430.207,18.803,-8.693604e-03,3.974442e-03,-2.197266e-02,6.347656e-03,2000,0,-1.738721e-04
2026-07-20T18:13:50.305,1784560430.306,18.903,-8.301880e-03,3.961617e-03,-1.977539e-02,2.441406e-03,2000,0,-1.660376e-04
2026-07-20T18:13:50.405,1784560430.406,19.003,-8.390259e-03,3.976160e-03,-1.855469e-02,2.929688e-03,2000,0,-1.678052e-04
2026-07-20T18:13:50.505,1784560430.506,19.103,-8.179810e-03,4.013734e-03,-2.172852e-02,3.662109e-03,2000,0,-1.635962e-04
2026-07-20T18:13:50.605,1784560430.606,19.203,-8.404907e-03,3.947246e-03,-2.026367e-02,3.417969e-03,2000,0,-1.680981e-04
2026-07-20T18:13:50.705,1784560430.706,19.303,-8.830078e-03,3.992097e-03,-1.928711e-02,3.417969e-03,2000,0,-1.766016e-04
2026-07-20T18:13:50.805,1784560430.806,19.403,-8.765747e-03,3.997063e-03,-2.099609e-02,5.126953e-03,2000,0,-1.753149e-04
2026-07-20T18:13:50.905,1784560430.906,19.503,-8.554565e-03,3.897856e-03,-1.977539e-02,1.049805e-02,2000,0,-1.710913e-04
2026-07-20T18:13:51.005,1784560431.005,19.603,-8.175415e-03,4.065164e-03,-2.124023e-02,3.417969e-03,2000,0,-1.635083e-04
2026-07-20T18:13:51.105,1784560431.106,19.703,-8.435791e-03,4.040429e-03,-2.539062e-02,4.394531e-03,2000,0,-1.687158e-04
2026-07-20T18:13:51.205,1784560431.205,19.803,-8.345459e-03,4.055987e-03,-2.075195e-02,3.662109e-03,2000,0,-1.669092e-04
2026-07-20T18:13:51.305,1784560431.306,19.903,-8.502808e-03,3.897128e-03,-2.099609e-02,5.859375e-03,2000,0,-1.700562e-04
2026-07-20T18:13:51.405,1784560431.405,20.003,-8.408813e-03,4.046337e-03,-2.050781e-02,4.394531e-03,2000,0,-1.681763e-04
2026-07-20T18:13:51.505,1784560431.505,20.103,-8.436401e-03,3.897687e-03,-2.075195e-02,1.245117e-02,2000,0,-1.687280e-04
2026-07-20T18:13:51.605,1784560431.606,20.203,-8.291504e-03,3.773126e-03,-2.050781e-02,5.126953e-03,2000,0,-1.658301e-04
2026-07-20T18:13:51.705,1784560431.706,20.303,-8.199829e-03,3.769349e-03,-2.221680e-02,4.394531e-03,2000,0,-1.639966e-04
2026-07-20T18:13:51.805,1784560431.806,20.403,-8.246460e-03,3.786463e-03,-1.977539e-02,3.173828e-03,2000,0,-1.649292e-04
2026-07-20T18:13:51.905,1784560431.906,20.503,-8.247559e-03,3.617909e-03,-2.001953e-02,2.197266e-03,2000,0,-1.649512e-04
2026-07-20T18:13:52.005,1784560432.006,20.603,-8.500000e-03,3.560179e-03,-2.197266e-02,3.662109e-03,2000,0,-1.700000e-04
2026-07-20T18:13:52.105,1784560432.105,20.703,-8.030640e-03,3.649908e-03,-2.124023e-02,3.417969e-03,2000,0,-1.606128e-04
2026-07-20T18:13:52.205,1784560432.206,20.803,-8.216553e-03,3.623872e-03,-2.026367e-02,2.929688e-03,2000,0,-1.643311e-04
2026-07-20T18:13:52.305,1784560432.306,20.903,-8.100708e-03,3.707916e-03,-2.246094e-02,2.441406e-03,2000,0,-1.620142e-04
2026-07-20T18:13:52.405,1784560432.405,21.003,-7.906616e-03,3.711523e-03,-2.026367e-02,4.882812e-03,2000,0,-1.581323e-04
2026-07-20T18:13:52.505,1784560432.506,21.103,-8.182373e-03,3.573620e-03,-2.124023e-02,2.685547e-03,2000,0,-1.636475e-04
2026-07-20T18:13:52.605,1784560432.606,21.203,-8.117187e-03,3.532129e-03,-1.953125e-02,3.173828e-03,2000,0,-1.623437e-04
2026-07-20T18:13:52.705,1784560432.706,21.303,-8.172363e-03,3.583601e-03,-2.050781e-02,3.417969e-03,2000,0,-1.634473e-04
2026-07-20T18:13:52.805,1784560432.806,21.403,-7.999878e-03,3.463515e-03,-1.782227e-02,3.173828e-03,2000,0,-1.599976e-04
2026-07-20T18:13:52.905,1784560432.906,21.503,-8.081421e-03,3.665609e-03,-1.928711e-02,2.197266e-03,2000,0,-1.616284e-04
2026-07-20T18:13:53.005,1784560433.005,21.603,-8.085449e-03,3.566084e-03,-1.879883e-02,2.929688e-03,2000,0,-1.617090e-04
2026-07-20T18:13:53.105,1784560433.106,21.703,-8.278809e-03,3.581127e-03,-1.855469e-02,3.662109e-03,2000,0,-1.655762e-04
2026-07-20T18:13:53.205,1784560433.205,21.803,-8.351685e-03,3.622738e-03,-2.050781e-02,2.441406e-03,2000,0,-1.670337e-04
2026-07-20T18:13:53.305,1784560433.306,21.903,-7.880737e-03,3.347046e-03,-1.953125e-02,3.662109e-03,2000,0,-1.576147e-04
2026-07-20T18:13:53.405,1784560433.406,22.003,-8.081299e-03,3.584736e-03,-1.977539e-02,2.685547e-03,2000,0,-1.616260e-04
2026-07-20T18:13:53.505,1784560433.506,22.103,-8.590332e-03,3.445164e-03,-2.246094e-02,6.591797e-03,2000,0,-1.718066e-04
2026-07-20T18:13:53.605,1784560433.605,22.203,-7.998779e-03,3.362029e-03,-1.855469e-02,1.953125e-03,2000,0,-1.599756e-04
2026-07-20T18:13:53.705,1784560433.706,22.303,-8.134521e-03,3.440809e-03,-1.806641e-02,4.150391e-03,2000,0,-1.626904e-04
2026-07-20T18:13:53.805,1784560433.805,22.403,-8.369995e-03,3.379281e-03,-2.099609e-02,1.708984e-03,2000,0,-1.673999e-04
2026-07-20T18:13:53.905,1784560433.906,22.503,-7.881226e-03,3.391317e-03,-1.928711e-02,5.859375e-03,2000,0,-1.576245e-04
2026-07-20T18:13:54.005,1784560434.006,22.603,-8.483765e-03,3.317652e-03,-2.148438e-02,2.441406e-03,2000,0,-1.696753e-04
2026-07-20T18:13:54.105,1784560434.106,22.703,-8.045410e-03,3.284158e-03,-1.953125e-02,1.708984e-03,2000,0,-1.609082e-04
2026-07-20T18:13:54.205,1784560434.206,22.803,-7.703369e-03,3.517389e-03,-1.953125e-02,3.417969e-03,2000,0,-1.540674e-04
2026-07-20T18:13:54.305,1784560434.306,22.903,-8.130005e-03,3.500403e-03,-2.124023e-02,2.197266e-03,2000,0,-1.626001e-04
2026-07-20T18:13:54.405,1784560434.406,23.003,-8.233276e-03,3.392106e-03,-1.831055e-02,3.173828e-03,2000,0,-1.646655e-04
2026-07-20T18:13:54.505,1784560434.506,23.103,-7.942749e-03,3.513699e-03,-2.221680e-02,2.197266e-03,2000,0,-1.588550e-04
2026-07-20T18:13:54.605,1784560434.606,23.203,-8.379761e-03,3.482346e-03,-2.050781e-02,5.126953e-03,2000,0,-1.675952e-04
2026-07-20T18:13:54.705,1784560434.706,23.303,-8.171997e-03,3.554752e-03,-2.343750e-02,1.464844e-03,2000,0,-1.634399e-04
2026-07-20T18:13:54.805,1784560434.806,23.403,-7.782837e-03,3.446499e-03,-2.026367e-02,2.685547e-03,2000,0,-1.556567e-04
2026-07-20T18:13:54.905,1784560434.906,23.503,-8.406860e-03,3.387241e-03,-2.050781e-02,1.708984e-03,2000,0,-1.681372e-04
2026-07-20T18:13:55.005,1784560435.006,23.603,-7.731323e-03,3.624193e-03,-1.977539e-02,2.929688e-03,2000,0,-1.546265e-04
2026-07-20T18:13:55.107,1784560435.107,23.703,-8.204346e-03,3.417219e-03,-2.197266e-02,3.417969e-03,2000,0,-1.640869e-04
2026-07-20T18:13:55.205,1784560435.206,23.803,-8.331055e-03,3.568854e-03,-1.977539e-02,1.464844e-03,2000,0,-1.666211e-04
2026-07-20T18:13:55.305,1784560435.306,23.903,-8.234741e-03,3.488182e-03,-2.197266e-02,1.464844e-03,2000,0,-1.646948e-04
2026-07-20T18:13:55.405,1784560435.406,24.003,-8.591797e-03,3.571354e-03,-2.099609e-02,1.464844e-03,2000,0,-1.718359e-04
2026-07-20T18:13:55.505,1784560435.505,24.103,-7.894165e-03,3.548730e-03,-1.977539e-02,2.685547e-03,2000,0,-1.578833e-04
2026-07-20T18:13:55.605,1784560435.605,24.203,-7.687012e-03,3.508266e-03,-1.879883e-02,4.150391e-03,2000,0,-1.537402e-04
2026-07-20T18:13:55.705,1784560435.706,24.303,-7.623047e-03,3.535101e-03,-1.831055e-02,9.033203e-03,2000,0,-1.524609e-04
2026-07-20T18:13:55.805,1784560435.806,24.403,-7.382202e-03,3.385554e-03,-1.831055e-02,6.591797e-03,2000,0,-1.476440e-04
2026-07-20T18:13:55.905,1784560435.906,24.503,-8.137085e-03,3.396547e-03,-1.904297e-02,1.708984e-03,2000,0,-1.627417e-04
2026-07-20T18:13:56.005,1784560436.006,24.603,-7.545410e-03,3.397207e-03,-1.806641e-02,3.662109e-03,2000,0,-1.509082e-04
2026-07-20T18:13:56.105,1784560436.106,24.703,-8.212524e-03,3.456205e-03,-1.953125e-02,3.417969e-03,2000,0,-1.642505e-04
2026-07-20T18:13:56.205,1784560436.206,24.803,-7.766846e-03,3.534782e-03,-1.733398e-02,1.074219e-02,2000,0,-1.553369e-04
2026-07-20T18:13:56.305,1784560436.305,24.903,-7.080078e-03,3.503814e-03,-1.733398e-02,6.347656e-03,2000,0,-1.416016e-04
2026-07-20T18:13:56.405,1784560436.405,25.003,-7.470459e-03,3.572622e-03,-2.172852e-02,3.662109e-03,2000,0,-1.494092e-04
2026-07-20T18:13:56.505,1784560436.505,25.103,-7.832153e-03,3.542497e-03,-1.855469e-02,6.347656e-03,2000,0,-1.566431e-04
2026-07-20T18:13:56.605,1784560436.606,25.203,-7.325317e-03,3.458306e-03,-1.660156e-02,1.049805e-02,2000,0,-1.465063e-04
2026-07-20T18:13:56.705,1784560436.706,25.303,-7.350586e-03,3.361696e-03,-1.782227e-02,6.103516e-03,2000,0,-1.470117e-04
2026-07-20T18:13:56.805,1784560436.806,25.403,-7.453735e-03,3.301726e-03,-1.733398e-02,3.906250e-03,2000,0,-1.490747e-04
2026-07-20T18:13:56.905,1784560436.906,25.503,-8.438843e-03,3.465737e-03,-2.001953e-02,2.929688e-03,2000,0,-1.687769e-04
2026-07-20T18:13:57.005,1784560437.006,25.603,-7.132935e-03,3.419125e-03,-1.806641e-02,5.126953e-03,2000,0,-1.426587e-04
2026-07-20T18:13:57.105,1784560437.106,25.703,-7.790161e-03,3.494497e-03,-2.099609e-02,2.929688e-03,2000,0,-1.558032e-04
2026-07-20T18:13:57.205,1784560437.206,25.803,-7.019043e-03,3.409321e-03,-1.733398e-02,4.638672e-03,2000,0,-1.403809e-04
2026-07-20T18:13:57.305,1784560437.306,25.903,-6.933472e-03,3.368529e-03,-2.050781e-02,1.098633e-02,2000,0,-1.386694e-04
2026-07-20T18:13:57.405,1784560437.406,26.003,-7.595703e-03,3.396298e-03,-2.026367e-02,4.638672e-03,2000,0,-1.519141e-04
2026-07-20T18:13:57.505,1784560437.506,26.103,-7.537842e-03,3.312075e-03,-1.708984e-02,6.835938e-03,2000,0,-1.507568e-04
2026-07-20T18:13:57.605,1784560437.606,26.203,-7.166382e-03,3.273602e-03,-1.757812e-02,2.929688e-03,2000,0,-1.433276e-04
2026-07-20T18:13:57.707,1784560437.707,26.303,-7.628662e-03,3.326751e-03,-1.782227e-02,4.150391e-03,2000,0,-1.525732e-04
2026-07-20T18:13:57.805,1784560437.806,26.403,-6.899902e-03,3.208897e-03,-1.538086e-02,2.685547e-03,2000,0,-1.379980e-04
2026-07-20T18:13:57.905,1784560437.906,26.503,-7.099487e-03,3.209406e-03,-1.708984e-02,3.906250e-03,2000,0,-1.419897e-04
2026-07-20T18:13:58.005,1784560438.005,26.603,-6.903442e-03,3.222851e-03,-2.294922e-02,4.150391e-03,2000,0,-1.380688e-04
2026-07-20T18:13:58.105,1784560438.105,26.703,-6.771729e-03,3.135927e-03,-1.855469e-02,4.150391e-03,2000,0,-1.354346e-04
2026-07-20T18:13:58.205,1784560438.206,26.803,-7.404053e-03,3.071422e-03,-2.197266e-02,2.197266e-03,2000,0,-1.480811e-04
2026-07-20T18:13:58.305,1784560438.305,26.903,-6.954712e-03,3.110699e-03,-1.806641e-02,4.394531e-03,2000,0,-1.390942e-04
2026-07-20T18:13:58.405,1784560438.406,27.003,-7.000854e-03,3.084011e-03,-1.855469e-02,3.417969e-03,2000,0,-1.400171e-04
2026-07-20T18:13:58.505,1784560438.505,27.103,-6.854004e-03,3.121999e-03,-1.928711e-02,4.394531e-03,2000,0,-1.370801e-04
2026-07-20T18:13:58.605,1784560438.605,27.203,-6.994141e-03,2.949984e-03,-1.684570e-02,4.150391e-03,2000,0,-1.398828e-04
2026-07-20T18:13:58.705,1784560438.706,27.303,-6.553345e-03,2.948888e-03,-1.635742e-02,2.441406e-03,2000,0,-1.310669e-04
2026-07-20T18:13:58.805,1784560438.805,27.403,-6.973389e-03,2.971965e-03,-2.050781e-02,3.173828e-03,2000,0,-1.394678e-04
2026-07-20T18:13:58.905,1784560438.906,27.503,-6.915771e-03,3.158165e-03,-1.879883e-02,3.173828e-03,2000,0,-1.383154e-04
2026-07-20T18:13:59.005,1784560439.006,27.603,-6.635986e-03,3.097838e-03,-1.757812e-02,1.708984e-03,2000,0,-1.327197e-04
2026-07-20T18:13:59.105,1784560439.105,27.703,-6.785889e-03,3.040301e-03,-1.684570e-02,2.685547e-03,2000,0,-1.357178e-04
2026-07-20T18:13:59.205,1784560439.205,27.803,-6.870850e-03,2.910127e-03,-1.733398e-02,1.464844e-03,2000,0,-1.374170e-04
2026-07-20T18:13:59.305,1784560439.306,27.903,-6.529541e-03,3.046734e-03,-1.733398e-02,1.049805e-02,2000,0,-1.305908e-04
2026-07-20T18:13:59.405,1784560439.406,28.003,-6.634277e-03,3.115733e-03,-1.611328e-02,4.638672e-03,2000,0,-1.326855e-04
2026-07-20T18:13:59.505,1784560439.506,28.103,-6.702637e-03,3.100748e-03,-2.124023e-02,2.929688e-03,2000,0,-1.340527e-04
2026-07-20T18:13:59.605,1784560439.606,28.203,-6.543945e-03,3.201228e-03,-1.953125e-02,4.150391e-03,2000,0,-1.308789e-04
2026-07-20T18:13:59.705,1784560439.705,28.303,-6.460571e-03,2.934867e-03,-1.513672e-02,7.080078e-03,2000,0,-1.292114e-04
2026-07-20T18:13:59.805,1784560439.805,28.403,-6.098999e-03,3.116952e-03,-1.806641e-02,5.859375e-03,2000,0,-1.219800e-04
2026-07-20T18:13:59.905,1784560439.906,28.503,-5.902954e-03,3.154734e-03,-1.611328e-02,5.615234e-03,2000,0,-1.180591e-04
2026-07-20T18:14:00.007,1784560440.007,28.603,-7.033203e-03,3.369717e-03,-2.124023e-02,1.953125e-03,2000,0,-1.406641e-04
2026-07-20T18:14:00.105,1784560440.105,28.703,-6.079346e-03,3.245521e-03,-1.708984e-02,3.417969e-03,2000,0,-1.215869e-04
2026-07-20T18:14:00.205,1784560440.205,28.803,-5.964478e-03,3.312928e-03,-1.684570e-02,4.882812e-03,2000,0,-1.192896e-04
2026-07-20T18:14:00.305,1784560440.305,28.903,-5.938721e-03,3.405157e-03,-1.782227e-02,5.859375e-03,2000,0,-1.187744e-04
2026-07-20T18:14:00.405,1784560440.405,29.003,-6.557007e-03,3.316309e-03,-1.757812e-02,4.882812e-03,2000,0,-1.311401e-04
2026-07-20T18:14:00.505,1784560440.506,29.103,-5.908813e-03,3.341156e-03,-1.782227e-02,4.394531e-03,2000,0,-1.181763e-04
2026-07-20T18:14:00.605,1784560440.605,29.203,-6.036743e-03,3.193129e-03,-1.464844e-02,3.906250e-03,2000,0,-1.207349e-04
2026-07-20T18:14:00.705,1784560440.705,29.303,-5.988403e-03,3.314205e-03,-1.879883e-02,3.906250e-03,2000,0,-1.197681e-04
2026-07-20T18:14:00.805,1784560440.805,29.403,-5.580078e-03,3.329771e-03,-1.708984e-02,6.591797e-03,2000,0,-1.116016e-04
2026-07-20T18:14:00.905,1784560440.905,29.503,-6.241455e-03,3.238530e-03,-1.562500e-02,4.882812e-03,2000,0,-1.248291e-04
2026-07-20T18:14:01.005,1784560441.005,29.603,-6.058716e-03,3.311710e-03,-2.294922e-02,5.126953e-03,2000,0,-1.211743e-04
2026-07-20T18:14:01.105,1784560441.106,29.703,-5.822876e-03,3.332087e-03,-2.197266e-02,5.371094e-03,2000,0,-1.164575e-04
2026-07-20T18:14:01.205,1784560441.205,29.803,-6.391602e-03,3.183041e-03,-1.660156e-02,4.394531e-03,2000,0,-1.278320e-04
2026-07-20T18:14:01.305,1784560441.305,29.903,-6.239624e-03,3.114336e-03,-1.831055e-02,2.685547e-03,2000,0,-1.247925e-04
2026-07-20T18:14:01.405,1784560441.405,30.003,-6.094849e-03,3.176862e-03,-1.562500e-02,7.080078e-03,2000,0,-1.218970e-04
2026-07-20T18:14:01.505,1784560441.505,30.103,-6.021851e-03,3.150470e-03,-1.782227e-02,5.126953e-03,2000,0,-1.204370e-04
2026-07-20T18:14:01.605,1784560441.605,30.203,-6.304932e-03,2.907892e-03,-1.611328e-02,4.150391e-03,2000,0,-1.260986e-04
2026-07-20T18:14:01.706,1784560441.707,30.303,-6.038818e-03,3.016918e-03,-1.708984e-02,5.126953e-03,2000,0,-1.207764e-04
2026-07-20T18:14:01.807,1784560441.807,30.403,-6.413330e-03,2.943162e-03,-1.635742e-02,2.685547e-03,2000,0,-1.282666e-04
2026-07-20T18:14:01.905,1784560441.905,30.503,-6.562256e-03,2.878969e-03,-1.660156e-02,5.371094e-03,2000,0,-1.312451e-04
2026-07-20T18:14:02.005,1784560442.005,30.603,-6.246460e-03,2.782493e-03,-1.757812e-02,2.929688e-03,2000,0,-1.249292e-04
2026-07-20T18:14:02.105,1784560442.105,30.703,-6.307251e-03,2.648685e-03,-1.562500e-02,2.929688e-03,2000,0,-1.261450e-04
2026-07-20T18:14:02.205,1784560442.205,30.803,-6.560547e-03,2.777636e-03,-1.611328e-02,2.441406e-03,2000,0,-1.312109e-04
2026-07-20T18:14:02.305,1784560442.306,30.903,-6.175781e-03,2.569531e-03,-1.611328e-02,2.685547e-03,2000,0,-1.235156e-04
2026-07-20T18:14:02.405,1784560442.405,31.003,-6.404053e-03,2.629290e-03,-1.562500e-02,2.929688e-03,2000,0,-1.280811e-04
2026-07-20T18:14:02.505,1784560442.505,31.103,-6.350708e-03,2.614851e-03,-1.611328e-02,4.882812e-03,2000,0,-1.270142e-04
2026-07-20T18:14:02.605,1784560442.605,31.203,-6.047852e-03,2.489480e-03,-1.513672e-02,3.906250e-03,2000,0,-1.209570e-04
2026-07-20T18:14:02.705,1784560442.705,31.303,-6.054932e-03,2.545163e-03,-1.586914e-02,2.441406e-03,2000,0,-1.210986e-04
2026-07-20T18:14:02.805,1784560442.805,31.403,-6.259155e-03,2.581446e-03,-1.635742e-02,1.708984e-03,2000,0,-1.251831e-04
2026-07-20T18:14:02.905,1784560442.905,31.503,-6.560669e-03,2.430778e-03,-1.586914e-02,1.708984e-03,2000,0,-1.312134e-04
2026-07-20T18:14:03.005,1784560443.005,31.603,-6.629028e-03,2.544517e-03,-1.635742e-02,6.591797e-03,2000,0,-1.325806e-04
2026-07-20T18:14:03.105,1784560443.105,31.703,-6.701538e-03,2.388045e-03,-1.562500e-02,4.638672e-03,2000,0,-1.340308e-04
2026-07-20T18:14:03.205,1784560443.205,31.803,-5.936890e-03,2.450139e-03,-1.489258e-02,1.220703e-03,2000,0,-1.187378e-04
2026-07-20T18:14:03.305,1784560443.305,31.903,-6.344971e-03,2.553131e-03,-1.562500e-02,1.220703e-03,2000,0,-1.268994e-04
2026-07-20T18:14:03.405,1784560443.405,32.003,-6.659912e-03,2.538149e-03,-1.635742e-02,2.441406e-04,2000,0,-1.331982e-04
2026-07-20T18:14:03.505,1784560443.505,32.103,-6.238159e-03,2.469049e-03,-1.562500e-02,1.708984e-03,2000,0,-1.247632e-04
2026-07-20T18:14:03.605,1784560443.605,32.203,-6.343872e-03,2.595575e-03,-1.562500e-02,2.441406e-03,2000,0,-1.268774e-04
2026-07-20T18:14:03.705,1784560443.706,32.303,-6.322876e-03,2.706552e-03,-1.513672e-02,1.074219e-02,2000,0,-1.264575e-04
2026-07-20T18:14:03.805,1784560443.805,32.403,-5.882446e-03,2.809523e-03,-1.391602e-02,5.859375e-03,2000,0,-1.176489e-04
2026-07-20T18:14:03.905,1784560443.905,32.503,-6.515991e-03,2.772465e-03,-1.977539e-02,2.929688e-03,2000,0,-1.303198e-04
2026-07-20T18:14:04.005,1784560444.006,32.603,-5.857788e-03,2.952784e-03,-1.733398e-02,2.929688e-03,2000,0,-1.171558e-04
2026-07-20T18:14:04.105,1784560444.105,32.703,-5.761597e-03,3.055097e-03,-1.513672e-02,3.906250e-03,2000,0,-1.152319e-04
2026-07-20T18:14:04.205,1784560444.205,32.803,-6.563843e-03,3.060041e-03,-1.708984e-02,4.638672e-03,2000,0,-1.312769e-04
2026-07-20T18:14:04.305,1784560444.305,32.903,-6.450073e-03,3.255014e-03,-2.050781e-02,6.591797e-03,2000,0,-1.290015e-04
2026-07-20T18:14:04.405,1784560444.405,33.003,-5.994507e-03,3.360533e-03,-1.708984e-02,4.638672e-03,2000,0,-1.198901e-04
2026-07-20T18:14:04.505,1784560444.505,33.103,-6.476562e-03,3.419914e-03,-1.806641e-02,3.662109e-03,2000,0,-1.295313e-04
2026-07-20T18:14:04.605,1784560444.606,33.203,-6.441528e-03,3.589537e-03,-1.708984e-02,6.347656e-03,2000,0,-1.288306e-04
2026-07-20T18:14:04.705,1784560444.705,33.303,-6.287842e-03,3.475477e-03,-1.904297e-02,5.859375e-03,2000,0,-1.257568e-04
2026-07-20T18:14:04.805,1784560444.805,33.403,-6.889648e-03,3.562602e-03,-1.928711e-02,4.882812e-03,2000,0,-1.377930e-04
2026-07-20T18:14:04.905,1784560444.905,33.503,-6.837280e-03,3.462336e-03,-1.757812e-02,4.638672e-03,2000,0,-1.367456e-04
2026-07-20T18:14:05.005,1784560445.005,33.603,-5.971069e-03,3.689087e-03,-2.514648e-02,6.347656e-03,2000,0,-1.194214e-04
2026-07-20T18:14:05.105,1784560445.105,33.703,-6.353271e-03,3.642988e-03,-1.782227e-02,4.394531e-03,2000,0,-1.270654e-04
2026-07-20T18:14:05.205,1784560445.205,33.803,-7.133179e-03,3.692171e-03,-1.806641e-02,7.812500e-03,2000,0,-1.426636e-04
2026-07-20T18:14:05.305,1784560445.306,33.903,-6.536133e-03,3.607850e-03,-2.075195e-02,3.906250e-03,2000,0,-1.307227e-04
2026-07-20T18:14:05.405,1784560445.405,34.003,-6.754883e-03,3.512799e-03,-1.733398e-02,3.417969e-03,2000,0,-1.350977e-04
2026-07-20T18:14:05.505,1784560445.505,34.103,-6.726807e-03,3.618961e-03,-1.684570e-02,2.929688e-03,2000,0,-1.345361e-04
2026-07-20T18:14:05.605,1784560445.605,34.203,-6.497314e-03,3.689919e-03,-1.684570e-02,4.394531e-03,2000,0,-1.299463e-04
2026-07-20T18:14:05.705,1784560445.705,34.303,-6.419556e-03,3.687589e-03,-1.611328e-02,4.394531e-03,2000,0,-1.283911e-04
2026-07-20T18:14:05.805,1784560445.806,34.403,-6.622925e-03,3.673171e-03,-1.782227e-02,3.662109e-03,2000,0,-1.324585e-04
2026-07-20T18:14:05.905,1784560445.905,34.503,-6.683228e-03,3.670866e-03,-2.050781e-02,4.150391e-03,2000,0,-1.336646e-04
2026-07-20T18:14:06.007,1784560446.007,34.603,-6.888184e-03,3.767527e-03,-1.660156e-02,3.906250e-03,2000,0,-1.377637e-04
2026-07-20T18:14:06.105,1784560446.106,34.703,-6.614746e-03,3.605075e-03,-2.099609e-02,5.126953e-03,2000,0,-1.322949e-04
2026-07-20T18:14:06.205,1784560446.205,34.803,-6.629272e-03,3.755768e-03,-1.708984e-02,5.126953e-03,2000,0,-1.325854e-04
2026-07-20T18:14:06.305,1784560446.305,34.903,-7.237183e-03,3.700711e-03,-2.294922e-02,3.662109e-03,2000,0,-1.447437e-04
2026-07-20T18:14:06.405,1784560446.405,35.003,-6.898071e-03,3.619180e-03,-2.001953e-02,3.662109e-03,2000,0,-1.379614e-04
2026-07-20T18:14:06.505,1784560446.505,35.103,-6.832764e-03,3.600315e-03,-2.172852e-02,4.638672e-03,2000,0,-1.366553e-04
2026-07-20T18:14:06.605,1784560446.606,35.203,-6.856567e-03,3.417876e-03,-1.708984e-02,3.173828e-03,2000,0,-1.371313e-04
2026-07-20T18:14:06.705,1784560446.705,35.303,-7.310181e-03,3.653996e-03,-2.050781e-02,5.126953e-03,2000,0,-1.462036e-04
2026-07-20T18:14:06.805,1784560446.806,35.403,-7.276367e-03,3.283247e-03,-1.953125e-02,3.906250e-03,2000,0,-1.455273e-04
2026-07-20T18:14:06.905,1784560446.905,35.503,-7.482910e-03,3.376029e-03,-2.075195e-02,2.441406e-03,2000,0,-1.496582e-04
2026-07-20T18:14:07.005,1784560447.006,35.603,-7.366943e-03,3.339799e-03,-1.977539e-02,4.394531e-03,2000,0,-1.473389e-04
2026-07-20T18:14:07.105,1784560447.105,35.703,-7.174927e-03,3.322247e-03,-2.026367e-02,2.441406e-03,2000,0,-1.434985e-04
2026-07-20T18:14:07.205,1784560447.205,35.803,-7.549194e-03,3.145535e-03,-2.148438e-02,2.441406e-03,2000,0,-1.509839e-04
2026-07-20T18:14:07.305,1784560447.305,35.903,-7.832764e-03,3.132459e-03,-1.879883e-02,2.441406e-03,2000,0,-1.566553e-04
2026-07-20T18:14:07.407,1784560447.407,36.003,-7.533325e-03,3.266214e-03,-1.904297e-02,3.417969e-03,2000,0,-1.506665e-04
2026-07-20T18:14:07.505,1784560447.505,36.103,-8.305420e-03,3.159161e-03,-1.904297e-02,4.150391e-03,2000,0,-1.661084e-04
2026-07-20T18:14:07.607,1784560447.607,36.203,-7.719238e-03,3.170710e-03,-1.757812e-02,3.662109e-03,2000,0,-1.543848e-04
2026-07-20T18:14:07.707,1784560447.708,36.303,-7.233398e-03,3.110927e-03,-1.806641e-02,3.417969e-03,2000,0,-1.446680e-04
2026-07-20T18:14:07.807,1784560447.807,36.403,-7.347290e-03,3.243816e-03,-2.099609e-02,2.197266e-03,2000,0,-1.469458e-04
2026-07-20T18:14:07.905,1784560447.905,36.503,-7.031738e-03,3.109826e-03,-1.684570e-02,1.342773e-02,2000,0,-1.406348e-04
2026-07-20T18:14:08.007,1784560448.007,36.603,-7.413940e-03,3.351086e-03,-1.928711e-02,3.662109e-03,2000,0,-1.482788e-04
2026-07-20T18:14:08.105,1784560448.105,36.703,-7.979370e-03,3.324648e-03,-2.978516e-02,3.906250e-03,2000,0,-1.595874e-04
2026-07-20T18:14:08.205,1784560448.206,36.803,-7.793457e-03,3.259967e-03,-1.953125e-02,5.859375e-03,2000,0,-1.558691e-04
2026-07-20T18:14:08.307,1784560448.307,36.903,-7.511963e-03,3.293806e-03,-2.270508e-02,4.150391e-03,2000,0,-1.502393e-04
2026-07-20T18:14:08.405,1784560448.405,37.003,-8.008301e-03,3.288437e-03,-1.831055e-02,4.394531e-03,2000,0,-1.601660e-04
2026-07-20T18:14:08.505,1784560448.506,37.103,-7.730225e-03,3.324676e-03,-2.001953e-02,4.394531e-03,2000,0,-1.546045e-04
2026-07-20T18:14:08.605,1784560448.605,37.203,-7.056885e-03,3.377304e-03,-1.757812e-02,5.371094e-03,2000,0,-1.411377e-04
2026-07-20T18:14:08.705,1784560448.705,37.303,-8.033569e-03,3.372709e-03,-1.831055e-02,4.882812e-03,2000,0,-1.606714e-04
2026-07-20T18:14:08.805,1784560448.805,37.403,-8.006226e-03,3.230340e-03,-1.879883e-02,3.662109e-03,2000,0,-1.601245e-04
2026-07-20T18:14:08.905,1784560448.905,37.503,-7.815186e-03,3.450001e-03,-1.708984e-02,5.371094e-03,2000,0,-1.563037e-04
2026-07-20T18:14:09.005,1784560449.005,37.603,-9.336792e-03,3.292906e-03,-1.953125e-02,3.662109e-03,2000,0,-1.867358e-04
2026-07-20T18:14:09.105,1784560449.106,37.703,-7.800293e-03,3.385496e-03,-1.806641e-02,5.371094e-03,2000,0,-1.560059e-04
2026-07-20T18:14:09.205,1784560449.205,37.803,-7.747925e-03,3.225591e-03,-1.806641e-02,3.906250e-03,2000,0,-1.549585e-04
2026-07-20T18:14:09.305,1784560449.305,37.903,-8.213867e-03,3.327201e-03,-1.684570e-02,3.662109e-03,2000,0,-1.642773e-04
2026-07-20T18:14:09.405,1784560449.405,38.003,-7.833984e-03,3.409013e-03,-1.855469e-02,2.929688e-03,2000,0,-1.566797e-04
2026-07-20T18:14:09.505,1784560449.505,38.103,-8.293579e-03,3.431159e-03,-1.806641e-02,4.638672e-03,2000,0,-1.658716e-04
2026-07-20T18:14:09.605,1784560449.605,38.203,-8.800537e-03,3.328092e-03,-2.148438e-02,2.685547e-03,2000,0,-1.760107e-04
2026-07-20T18:14:09.705,1784560449.705,38.303,-8.126953e-03,3.483649e-03,-1.782227e-02,8.544922e-03,2000,0,-1.625391e-04
2026-07-20T18:14:09.805,1784560449.805,38.403,-7.964844e-03,3.503657e-03,-2.001953e-02,2.685547e-03,2000,0,-1.592969e-04
2026-07-20T18:14:09.905,1784560449.905,38.503,-8.374512e-03,3.451960e-03,-2.612305e-02,3.906250e-03,2000,0,-1.674902e-04
2026-07-20T18:14:10.005,1784560450.005,38.603,-8.403320e-03,3.572409e-03,-2.075195e-02,4.638672e-03,2000,0,-1.680664e-04
2026-07-20T18:14:10.105,1784560450.105,38.703,-8.284546e-03,3.507359e-03,-2.026367e-02,1.953125e-03,2000,0,-1.656909e-04
2026-07-20T18:14:10.205,1784560450.205,38.803,-8.363647e-03,3.472777e-03,-2.001953e-02,2.929688e-03,2000,0,-1.672729e-04
2026-07-20T18:14:10.305,1784560450.305,38.903,-8.246826e-03,3.302611e-03,-1.855469e-02,4.394531e-03,2000,0,-1.649365e-04
2026-07-20T18:14:10.405,1784560450.405,39.003,-8.015869e-03,3.367000e-03,-1.757812e-02,3.417969e-03,2000,0,-1.603174e-04
2026-07-20T18:14:10.505,1784560450.505,39.103,-8.703491e-03,3.154176e-03,-1.831055e-02,1.464844e-03,2000,0,-1.740698e-04
2026-07-20T18:14:10.605,1784560450.606,39.203,-8.505859e-03,3.076767e-03,-2.001953e-02,1.953125e-03,2000,0,-1.701172e-04
2026-07-20T18:14:10.705,1784560450.705,39.303,-8.239502e-03,3.130812e-03,-1.855469e-02,3.173828e-03,2000,0,-1.647900e-04
2026-07-20T18:14:10.805,1784560450.805,39.403,-8.744385e-03,3.004006e-03,-1.831055e-02,1.220703e-03,2000,0,-1.748877e-04
2026-07-20T18:14:10.905,1784560450.906,39.503,-8.469971e-03,2.886283e-03,-2.075195e-02,1.953125e-03,2000,0,-1.693994e-04
2026-07-20T18:14:11.005,1784560451.005,39.603,-8.259399e-03,3.127467e-03,-1.879883e-02,1.708984e-03,2000,0,-1.651880e-04
2026-07-20T18:14:11.105,1784560451.106,39.703,-8.684082e-03,2.997766e-03,-1.782227e-02,9.765625e-04,2000,0,-1.736816e-04
2026-07-20T18:14:11.205,1784560451.205,39.803,-8.701294e-03,2.964950e-03,-1.757812e-02,7.568359e-03,2000,0,-1.740259e-04
2026-07-20T18:14:11.305,1784560451.305,39.903,-8.845459e-03,3.057267e-03,-2.001953e-02,4.882812e-04,2000,0,-1.769092e-04
2026-07-20T18:14:11.405,1784560451.406,40.003,-8.574829e-03,3.156168e-03,-2.221680e-02,4.882812e-03,2000,0,-1.714966e-04
2026-07-20T18:14:11.505,1784560451.506,40.103,-8.754761e-03,3.132018e-03,-2.026367e-02,2.929688e-03,2000,0,-1.750952e-04
2026-07-20T18:14:11.605,1784560451.605,40.203,-8.266846e-03,3.125636e-03,-1.928711e-02,1.953125e-03,2000,0,-1.653369e-04
2026-07-20T18:14:11.705,1784560451.705,40.303,-8.637939e-03,3.224615e-03,-1.977539e-02,2.685547e-03,2000,0,-1.727588e-04
2026-07-20T18:14:11.805,1784560451.806,40.403,-9.159668e-03,3.340399e-03,-1.977539e-02,3.417969e-03,2000,0,-1.831934e-04
2026-07-20T18:14:11.905,1784560451.905,40.503,-8.456177e-03,3.342840e-03,-1.782227e-02,8.789062e-03,2000,0,-1.691235e-04
2026-07-20T18:14:12.005,1784560452.005,40.603,-8.979492e-03,3.176331e-03,-1.953125e-02,1.708984e-03,2000,0,-1.795898e-04
2026-07-20T18:14:12.105,1784560452.106,40.703,-8.905029e-03,3.241774e-03,-1.855469e-02,2.197266e-03,2000,0,-1.781006e-04
2026-07-20T18:14:12.205,1784560452.205,40.803,-8.528931e-03,3.367983e-03,-2.050781e-02,5.859375e-03,2000,0,-1.705786e-04
2026-07-20T18:14:12.305,1784560452.306,40.903,-8.816162e-03,3.372833e-03,-1.977539e-02,5.371094e-03,2000,0,-1.763232e-04
2026-07-20T18:14:12.405,1784560452.405,41.003,-9.014038e-03,3.447179e-03,-2.343750e-02,1.708984e-03,2000,0,-1.802808e-04
2026-07-20T18:14:12.505,1784560452.505,41.103,-8.959839e-03,3.234400e-03,-2.026367e-02,1.220703e-03,2000,0,-1.791968e-04
2026-07-20T18:14:12.605,1784560452.606,41.203,-9.089478e-03,3.360420e-03,-2.099609e-02,4.394531e-03,2000,0,-1.817896e-04
2026-07-20T18:14:12.705,1784560452.705,41.303,-8.898682e-03,3.437535e-03,-2.026367e-02,3.662109e-03,2000,0,-1.779736e-04
2026-07-20T18:14:12.805,1784560452.805,41.403,-8.916992e-03,3.315619e-03,-1.977539e-02,-2.441406e-04,2000,0,-1.783398e-04
2026-07-20T18:14:12.905,1784560452.905,41.503,-9.050293e-03,3.501960e-03,-2.075195e-02,1.220703e-03,2000,0,-1.810059e-04
2026-07-20T18:14:13.005,1784560453.006,41.603,-9.267456e-03,3.248143e-03,-1.953125e-02,0.000000e+00,2000,0,-1.853491e-04
2026-07-20T18:14:13.105,1784560453.105,41.703,-9.200439e-03,3.263520e-03,-2.099609e-02,1.464844e-03,2000,0,-1.840088e-04
2026-07-20T18:14:13.205,1784560453.206,41.803,-9.581543e-03,3.381585e-03,-2.636719e-02,0.000000e+00,2000,0,-1.916309e-04
2026-07-20T18:14:13.305,1784560453.306,41.903,-9.559814e-03,3.399673e-03,-2.441406e-02,0.000000e+00,2000,0,-1.911963e-04
2026-07-20T18:14:13.405,1784560453.405,42.003,-9.187012e-03,3.428773e-03,-2.001953e-02,8.056641e-03,2000,0,-1.837402e-04
2026-07-20T18:14:13.505,1784560453.506,42.103,-9.289307e-03,3.582148e-03,-2.221680e-02,7.080078e-03,2000,0,-1.857861e-04
2026-07-20T18:14:13.605,1784560453.606,42.203,-9.226074e-03,3.569983e-03,-3.247070e-02,2.441406e-03,2000,0,-1.845215e-04
2026-07-20T18:14:13.705,1784560453.705,42.303,-8.933105e-03,3.619873e-03,-2.221680e-02,7.324219e-04,2000,0,-1.786621e-04
2026-07-20T18:14:13.805,1784560453.806,42.403,-9.159668e-03,3.558936e-03,-2.001953e-02,2.685547e-03,2000,0,-1.831934e-04
2026-07-20T18:14:13.905,1784560453.906,42.503,-8.956177e-03,3.567537e-03,-2.001953e-02,6.103516e-03,2000,0,-1.791235e-04
2026-07-20T18:14:14.005,1784560454.005,42.603,-9.201660e-03,3.456215e-03,-2.270508e-02,7.324219e-04,2000,0,-1.840332e-04
2026-07-20T18:14:14.105,1784560454.106,42.703,-9.492554e-03,3.568952e-03,-2.368164e-02,2.441406e-04,2000,0,-1.898511e-04
2026-07-20T18:14:14.205,1784560454.206,42.803,-9.271851e-03,3.449984e-03,-2.050781e-02,1.708984e-03,2000,0,-1.854370e-04
2026-07-20T18:14:14.305,1784560454.306,42.903,-9.148926e-03,3.565016e-03,-2.050781e-02,1.708984e-03,2000,0,-1.829785e-04
2026-07-20T18:14:14.405,1784560454.405,43.003,-8.830811e-03,3.441324e-03,-2.172852e-02,3.906250e-03,2000,0,-1.766162e-04
2026-07-20T18:14:14.505,1784560454.505,43.103,-9.144653e-03,3.471505e-03,-2.026367e-02,7.080078e-03,2000,0,-1.828931e-04
2026-07-20T18:14:14.605,1784560454.606,43.203,-9.018433e-03,3.324814e-03,-2.050781e-02,1.953125e-03,2000,0,-1.803687e-04
2026-07-20T18:14:14.705,1784560454.705,43.303,-9.035400e-03,3.390409e-03,-2.294922e-02,7.324219e-04,2000,0,-1.807080e-04
2026-07-20T18:14:14.805,1784560454.806,43.403,-9.542847e-03,3.283341e-03,-2.075195e-02,7.324219e-04,2000,0,-1.908569e-04
2026-07-20T18:14:14.905,1784560454.906,43.503,-8.921265e-03,3.390183e-03,-2.221680e-02,9.765625e-04,2000,0,-1.784253e-04
2026-07-20T18:14:15.005,1784560455.006,43.603,-9.356934e-03,3.194212e-03,-1.928711e-02,1.220703e-03,2000,0,-1.871387e-04
2026-07-20T18:14:15.105,1784560455.106,43.703,-9.461182e-03,3.287270e-03,-2.099609e-02,2.197266e-03,2000,0,-1.892236e-04
2026-07-20T18:14:15.205,1784560455.206,43.803,-8.393921e-03,3.276918e-03,-2.416992e-02,1.220703e-03,2000,0,-1.678784e-04
2026-07-20T18:14:15.305,1784560455.306,43.903,-9.164429e-03,3.364180e-03,-1.879883e-02,9.765625e-04,2000,0,-1.832886e-04
2026-07-20T18:14:15.405,1784560455.405,44.003,-8.963135e-03,3.467817e-03,-2.001953e-02,4.638672e-03,2000,0,-1.792627e-04
2026-07-20T18:14:15.505,1784560455.505,44.103,-8.846558e-03,3.222758e-03,-1.782227e-02,1.464844e-03,2000,0,-1.769312e-04
2026-07-20T18:14:15.605,1784560455.606,44.203,-9.296753e-03,3.346465e-03,-2.001953e-02,1.464844e-03,2000,0,-1.859351e-04
2026-07-20T18:14:15.705,1784560455.706,44.303,-9.273926e-03,3.445263e-03,-1.879883e-02,1.220703e-03,2000,0,-1.854785e-04
2026-07-20T18:14:15.805,1784560455.805,44.403,-9.351074e-03,3.433053e-03,-1.855469e-02,7.324219e-04,2000,0,-1.870215e-04
2026-07-20T18:14:15.905,1784560455.906,44.503,-9.183472e-03,3.432687e-03,-2.001953e-02,2.197266e-03,2000,0,-1.836694e-04
2026-07-20T18:14:16.005,1784560456.006,44.603,-9.275024e-03,3.503953e-03,-2.075195e-02,1.708984e-03,2000,0,-1.855005e-04
2026-07-20T18:14:16.105,1784560456.105,44.703,-9.256470e-03,3.445629e-03,-1.904297e-02,4.638672e-03,2000,0,-1.851294e-04
2026-07-20T18:14:16.205,1784560456.206,44.803,-9.414307e-03,3.527492e-03,-2.099609e-02,9.765625e-04,2000,0,-1.882861e-04
2026-07-20T18:14:16.305,1784560456.305,44.903,-9.599731e-03,3.456878e-03,-2.221680e-02,4.882812e-04,2000,0,-1.919946e-04
2026-07-20T18:14:16.405,1784560456.406,45.003,-8.819214e-03,3.688796e-03,-2.075195e-02,9.765625e-04,2000,0,-1.763843e-04
2026-07-20T18:14:16.505,1784560456.506,45.103,-9.268555e-03,3.842480e-03,-2.539062e-02,1.708984e-03,2000,0,-1.853711e-04
2026-07-20T18:14:16.605,1784560456.605,45.203,-9.200439e-03,3.531651e-03,-1.904297e-02,7.324219e-04,2000,0,-1.840088e-04
2026-07-20T18:14:16.705,1784560456.705,45.303,-8.618530e-03,3.698280e-03,-2.319336e-02,9.277344e-03,2000,0,-1.723706e-04
2026-07-20T18:14:16.805,1784560456.805,45.403,-9.116333e-03,3.622973e-03,-2.075195e-02,1.220703e-03,2000,0,-1.823267e-04
2026-07-20T18:14:16.905,1784560456.906,45.503,-8.334473e-03,3.790042e-03,-2.075195e-02,2.685547e-03,2000,0,-1.666895e-04
2026-07-20T18:14:17.005,1784560457.006,45.603,-8.653931e-03,3.981739e-03,-2.416992e-02,5.371094e-03,2000,0,-1.730786e-04
2026-07-20T18:14:17.105,1784560457.106,45.703,-8.577515e-03,3.910937e-03,-2.197266e-02,2.441406e-03,2000,0,-1.715503e-04
2026-07-20T18:14:17.205,1784560457.206,45.803,-8.870361e-03,4.126483e-03,-2.270508e-02,7.324219e-03,2000,0,-1.774072e-04
2026-07-20T18:14:17.305,1784560457.306,45.903,-8.682861e-03,3.893127e-03,-2.319336e-02,6.103516e-03,2000,0,-1.736572e-04
2026-07-20T18:14:17.405,1784560457.406,46.003,-9.125854e-03,3.915398e-03,-2.246094e-02,3.417969e-03,2000,0,-1.825171e-04
2026-07-20T18:14:17.505,1784560457.506,46.103,-8.773071e-03,4.028988e-03,-2.270508e-02,4.638672e-03,2000,0,-1.754614e-04
2026-07-20T18:14:17.605,1784560457.606,46.203,-8.341919e-03,4.067709e-03,-2.319336e-02,5.371094e-03,2000,0,-1.668384e-04
2026-07-20T18:14:17.705,1784560457.705,46.303,-9.120850e-03,3.788329e-03,-2.441406e-02,7.812500e-03,2000,0,-1.824170e-04
2026-07-20T18:14:17.805,1784560457.806,46.403,-8.661377e-03,3.925486e-03,-2.270508e-02,9.277344e-03,2000,0,-1.732275e-04
2026-07-20T18:14:17.905,1784560457.906,46.503,-8.605347e-03,4.131291e-03,-2.270508e-02,4.150391e-03,2000,0,-1.721069e-04
2026-07-20T18:14:18.005,1784560458.006,46.603,-8.474854e-03,4.036514e-03,-2.124023e-02,3.417969e-03,2000,0,-1.694971e-04
2026-07-20T18:14:18.105,1784560458.106,46.703,-8.493042e-03,4.017477e-03,-2.124023e-02,3.417969e-03,2000,0,-1.698608e-04
2026-07-20T18:14:18.205,1784560458.206,46.803,-8.598877e-03,4.175427e-03,-2.441406e-02,4.150391e-03,2000,0,-1.719775e-04
2026-07-20T18:14:18.305,1784560458.306,46.903,-8.828369e-03,4.099659e-03,-2.246094e-02,3.173828e-03,2000,0,-1.765674e-04
2026-07-20T18:14:18.405,1784560458.406,47.003,-8.801025e-03,4.065360e-03,-2.099609e-02,3.662109e-03,2000,0,-1.760205e-04
2026-07-20T18:14:18.505,1784560458.506,47.103,-8.126343e-03,4.175047e-03,-2.050781e-02,4.150391e-03,2000,0,-1.625269e-04
2026-07-20T18:14:18.605,1784560458.606,47.203,-8.522461e-03,4.045820e-03,-2.294922e-02,2.441406e-03,2000,0,-1.704492e-04
2026-07-20T18:14:18.705,1784560458.706,47.303,-8.542725e-03,3.703026e-03,-2.050781e-02,3.417969e-03,2000,0,-1.708545e-04
2026-07-20T18:14:18.805,1784560458.806,47.403,-8.218750e-03,3.824205e-03,-2.075195e-02,2.929688e-03,2000,0,-1.643750e-04
2026-07-20T18:14:18.905,1784560458.906,47.503,-8.616089e-03,3.890130e-03,-2.026367e-02,5.371094e-03,2000,0,-1.723218e-04
2026-07-20T18:14:19.005,1784560459.006,47.603,-8.258667e-03,3.856261e-03,-2.392578e-02,5.859375e-03,2000,0,-1.651733e-04
2026-07-20T18:14:19.105,1784560459.106,47.703,-8.189087e-03,3.829478e-03,-2.221680e-02,4.394531e-03,2000,0,-1.637817e-04
2026-07-20T18:14:19.205,1784560459.206,47.803,-8.347046e-03,3.837333e-03,-2.099609e-02,3.662109e-03,2000,0,-1.669409e-04
2026-07-20T18:14:19.305,1784560459.306,47.903,-8.236084e-03,3.789026e-03,-2.221680e-02,2.197266e-03,2000,0,-1.647217e-04
2026-07-20T18:14:19.405,1784560459.406,48.003,-8.771362e-03,3.789635e-03,-2.099609e-02,1.098633e-02,2000,0,-1.754272e-04
2026-07-20T18:14:19.505,1784560459.506,48.103,-8.534180e-03,3.643729e-03,-2.026367e-02,3.417969e-03,2000,0,-1.706836e-04
2026-07-20T18:14:19.605,1784560459.606,48.203,-8.597900e-03,3.654777e-03,-2.441406e-02,2.685547e-03,2000,0,-1.719580e-04
2026-07-20T18:14:19.705,1784560459.706,48.303,-8.583496e-03,3.841753e-03,-2.246094e-02,2.929688e-03,2000,0,-1.716699e-04
2026-07-20T18:14:19.805,1784560459.806,48.403,-8.740601e-03,3.633245e-03,-2.221680e-02,3.662109e-03,2000,0,-1.748120e-04
2026-07-20T18:14:19.905,1784560459.906,48.503,-8.385376e-03,3.691479e-03,-2.172852e-02,2.929688e-03,2000,0,-1.677075e-04
2026-07-20T18:14:20.005,1784560460.006,48.603,-8.419312e-03,3.634989e-03,-2.221680e-02,2.441406e-03,2000,0,-1.683862e-04
2026-07-20T18:14:20.105,1784560460.106,48.703,-8.545898e-03,3.589365e-03,-2.124023e-02,3.173828e-03,2000,0,-1.709180e-04
2026-07-20T18:14:20.205,1784560460.206,48.803,-8.326538e-03,3.487114e-03,-2.099609e-02,1.708984e-03,2000,0,-1.665308e-04
2026-07-20T18:14:20.305,1784560460.306,48.903,-8.200928e-03,3.512060e-03,-2.221680e-02,2.441406e-03,2000,0,-1.640186e-04
2026-07-20T18:14:20.405,1784560460.405,49.003,-8.328491e-03,3.376065e-03,-1.904297e-02,1.708984e-03,2000,0,-1.665698e-04
2026-07-20T18:14:20.505,1784560460.506,49.103,-8.454712e-03,3.290142e-03,-1.806641e-02,3.662109e-03,2000,0,-1.690942e-04
2026-07-20T18:14:20.605,1784560460.606,49.203,-8.390747e-03,3.295625e-03,-2.099609e-02,1.464844e-03,2000,0,-1.678149e-04
2026-07-20T18:14:20.705,1784560460.705,49.303,-8.552490e-03,3.442556e-03,-1.928711e-02,2.441406e-03,2000,0,-1.710498e-04
2026-07-20T18:14:20.805,1784560460.806,49.403,-8.779907e-03,3.261303e-03,-1.977539e-02,2.197266e-03,2000,0,-1.755981e-04
2026-07-20T18:14:20.905,1784560460.906,49.503,-7.987427e-03,3.053838e-03,-1.684570e-02,2.441406e-03,2000,0,-1.597485e-04
2026-07-20T18:14:21.005,1784560461.005,49.603,-8.508789e-03,3.123513e-03,-2.050781e-02,4.882812e-04,2000,0,-1.701758e-04
2026-07-20T18:14:21.105,1784560461.106,49.703,-8.285767e-03,2.936401e-03,-1.782227e-02,1.464844e-03,2000,0,-1.657153e-04
2026-07-20T18:14:21.205,1784560461.205,49.803,-8.226929e-03,2.979196e-03,-1.733398e-02,9.765625e-04,2000,0,-1.645386e-04
2026-07-20T18:14:21.305,1784560461.306,49.903,-8.707642e-03,2.952954e-03,-1.806641e-02,1.220703e-03,2000,0,-1.741528e-04
2026-07-20T18:14:21.405,1784560461.405,50.003,-8.574463e-03,2.847672e-03,-1.977539e-02,1.708984e-03,2000,0,-1.714893e-04
2026-07-20T18:14:21.505,1784560461.506,50.103,-8.148315e-03,2.797254e-03,-1.684570e-02,3.417969e-03,2000,0,-1.629663e-04
2026-07-20T18:14:21.605,1784560461.605,50.203,-8.650757e-03,2.736778e-03,-1.831055e-02,4.394531e-03,2000,0,-1.730151e-04
2026-07-20T18:14:21.705,1784560461.705,50.303,-8.495361e-03,2.488520e-03,-1.684570e-02,-1.464844e-03,2000,0,-1.699072e-04
2026-07-20T18:14:21.805,1784560461.806,50.403,-8.268555e-03,2.583414e-03,-2.246094e-02,-2.441406e-04,2000,0,-1.653711e-04
2026-07-20T18:14:21.905,1784560461.906,50.503,-8.421631e-03,2.501268e-03,-1.684570e-02,2.441406e-04,2000,0,-1.684326e-04
2026-07-20T18:14:22.005,1784560462.005,50.603,-8.886230e-03,2.558223e-03,-2.050781e-02,1.220703e-03,2000,0,-1.777246e-04
2026-07-20T18:14:22.105,1784560462.106,50.703,-8.127075e-03,2.446665e-03,-1.782227e-02,-2.441406e-04,2000,0,-1.625415e-04
2026-07-20T18:14:22.205,1784560462.205,50.803,-8.698120e-03,2.432133e-03,-1.708984e-02,3.173828e-03,2000,0,-1.739624e-04
2026-07-20T18:14:22.305,1784560462.306,50.903,-8.921997e-03,2.544562e-03,-2.050781e-02,-7.324219e-04,2000,0,-1.784399e-04
2026-07-20T18:14:22.405,1784560462.406,51.003,-8.507935e-03,2.574862e-03,-1.855469e-02,-7.324219e-04,2000,0,-1.701587e-04
2026-07-20T18:14:22.505,1784560462.505,51.103,-8.576172e-03,2.464063e-03,-1.684570e-02,-2.441406e-04,2000,0,-1.715234e-04
2026-07-20T18:14:22.605,1784560462.606,51.203,-9.250122e-03,2.651721e-03,-1.708984e-02,-9.765625e-04,2000,0,-1.850024e-04
2026-07-20T18:14:22.707,1784560462.707,51.303,-8.169189e-03,2.599501e-03,-1.708984e-02,-2.441406e-04,2000,0,-1.633838e-04
2026-07-20T18:14:22.805,1784560462.806,51.403,-8.861938e-03,2.703833e-03,-2.050781e-02,1.708984e-03,2000,0,-1.772388e-04
2026-07-20T18:14:22.905,1784560462.905,51.503,-8.699707e-03,2.747022e-03,-1.879883e-02,1.953125e-03,2000,0,-1.739941e-04
2026-07-20T18:14:23.005,1784560463.005,51.603,-8.533691e-03,2.815841e-03,-1.757812e-02,4.882812e-04,2000,0,-1.706738e-04
2026-07-20T18:14:23.105,1784560463.106,51.703,-8.726440e-03,2.834500e-03,-1.855469e-02,2.441406e-04,2000,0,-1.745288e-04
2026-07-20T18:14:23.205,1784560463.205,51.803,-8.366821e-03,2.926892e-03,-1.757812e-02,7.324219e-04,2000,0,-1.673364e-04
2026-07-20T18:14:23.305,1784560463.305,51.903,-7.940063e-03,2.919564e-03,-1.733398e-02,1.220703e-03,2000,0,-1.588013e-04
2026-07-20T18:14:23.405,1784560463.405,52.003,-8.503418e-03,3.106588e-03,-1.831055e-02,1.708984e-03,2000,0,-1.700684e-04
2026-07-20T18:14:23.505,1784560463.506,52.103,-8.217407e-03,3.170586e-03,-1.733398e-02,4.394531e-03,2000,0,-1.643481e-04
2026-07-20T18:14:23.605,1784560463.605,52.203,-7.735107e-03,3.064510e-03,-2.124023e-02,2.197266e-03,2000,0,-1.547021e-04
2026-07-20T18:14:23.705,1784560463.705,52.303,-8.402466e-03,3.151552e-03,-1.831055e-02,1.953125e-03,2000,0,-1.680493e-04
2026-07-20T18:14:23.805,1784560463.806,52.403,-8.509766e-03,3.144701e-03,-1.855469e-02,7.080078e-03,2000,0,-1.701953e-04
2026-07-20T18:14:23.905,1784560463.905,52.503,-8.061035e-03,3.237029e-03,-1.904297e-02,2.441406e-03,2000,0,-1.612207e-04
2026-07-20T18:14:24.005,1784560464.006,52.603,-8.450195e-03,3.276986e-03,-2.050781e-02,1.953125e-03,2000,0,-1.690039e-04
2026-07-20T18:14:24.105,1784560464.106,52.703,-9.755737e-03,3.169749e-03,-1.879883e-02,-4.882812e-04,2000,0,-1.951147e-04
2026-07-20T18:14:24.205,1784560464.205,52.803,-8.231323e-03,3.215375e-03,-1.928711e-02,2.685547e-03,2000,0,-1.646265e-04
2026-07-20T18:14:24.305,1784560464.306,52.903,-8.472900e-03,3.194289e-03,-1.879883e-02,1.464844e-03,2000,0,-1.694580e-04
2026-07-20T18:14:24.405,1784560464.405,53.003,-8.746460e-03,3.097499e-03,-1.855469e-02,3.662109e-03,2000,0,-1.749292e-04
2026-07-20T18:14:24.505,1784560464.506,53.103,-8.292969e-03,3.201232e-03,-1.831055e-02,1.708984e-03,2000,0,-1.658594e-04
2026-07-20T18:14:24.605,1784560464.606,53.203,-8.622437e-03,3.032043e-03,-1.928711e-02,9.765625e-04,2000,0,-1.724487e-04
2026-07-20T18:14:24.705,1784560464.706,53.303,-8.774414e-03,3.160178e-03,-2.343750e-02,2.929688e-03,2000,0,-1.754883e-04
2026-07-20T18:14:24.805,1784560464.805,53.403,-8.632446e-03,3.099682e-03,-1.831055e-02,7.324219e-04,2000,0,-1.726489e-04
2026-07-20T18:14:24.905,1784560464.906,53.503,-8.399048e-03,2.984548e-03,-1.879883e-02,7.324219e-04,2000,0,-1.679810e-04
2026-07-20T18:14:25.005,1784560465.006,53.603,-8.258057e-03,3.055948e-03,-2.221680e-02,6.591797e-03,2000,0,-1.651611e-04
2026-07-20T18:14:25.105,1784560465.105,53.703,-8.031860e-03,3.079108e-03,-1.953125e-02,2.197266e-03,2000,0,-1.606372e-04
2026-07-20T18:14:25.205,1784560465.205,53.803,-8.548218e-03,3.062260e-03,-1.953125e-02,9.765625e-04,2000,0,-1.709644e-04
2026-07-20T18:14:25.305,1784560465.305,53.903,-8.689331e-03,3.052955e-03,-1.855469e-02,0.000000e+00,2000,0,-1.737866e-04
2026-07-20T18:14:25.405,1784560465.405,54.003,-8.473877e-03,2.795781e-03,-1.684570e-02,1.953125e-03,2000,0,-1.694775e-04
2026-07-20T18:14:25.505,1784560465.505,54.103,-8.117432e-03,2.924057e-03,-1.708984e-02,2.441406e-03,2000,0,-1.623486e-04
2026-07-20T18:14:25.605,1784560465.605,54.203,-9.145752e-03,2.985416e-03,-2.416992e-02,4.882812e-04,2000,0,-1.829150e-04
2026-07-20T18:14:25.705,1784560465.706,54.303,-8.019775e-03,2.649350e-03,-1.611328e-02,3.173828e-03,2000,0,-1.603955e-04
2026-07-20T18:14:25.805,1784560465.805,54.403,-8.603394e-03,2.834200e-03,-1.855469e-02,9.277344e-03,2000,0,-1.720679e-04
2026-07-20T18:14:25.905,1784560465.906,54.503,-8.405640e-03,2.596077e-03,-1.977539e-02,3.417969e-03,2000,0,-1.681128e-04
2026-07-20T18:14:26.005,1784560466.005,54.603,-8.097046e-03,2.818848e-03,-1.831055e-02,9.765625e-04,2000,0,-1.619409e-04
2026-07-20T18:14:26.107,1784560466.107,54.703,-9.229248e-03,2.768195e-03,-2.270508e-02,-7.324219e-04,2000,0,-1.845850e-04
2026-07-20T18:14:26.207,1784560466.207,54.803,-8.465454e-03,2.746843e-03,-1.733398e-02,4.882812e-04,2000,0,-1.693091e-04
2026-07-20T18:14:26.305,1784560466.305,54.903,-8.403931e-03,2.681782e-03,-1.904297e-02,4.882812e-04,2000,0,-1.680786e-04
2026-07-20T18:14:26.405,1784560466.405,55.003,-8.989136e-03,2.862344e-03,-1.757812e-02,3.906250e-03,2000,0,-1.797827e-04
2026-07-20T18:14:26.505,1784560466.505,55.103,-8.802734e-03,2.667138e-03,-1.708984e-02,1.220703e-03,2000,0,-1.760547e-04
2026-07-20T18:14:26.605,1784560466.606,55.203,-8.638794e-03,2.899057e-03,-2.026367e-02,1.220703e-03,2000,0,-1.727759e-04
2026-07-20T18:14:26.705,1784560466.705,55.303,-8.234497e-03,2.802069e-03,-1.757812e-02,2.441406e-03,2000,0,-1.646899e-04
2026-07-20T18:14:26.805,1784560466.806,55.403,-8.339111e-03,2.833907e-03,-1.757812e-02,9.765625e-04,2000,0,-1.667822e-04
2026-07-20T18:14:26.905,1784560466.905,55.503,-8.314575e-03,2.947692e-03,-1.733398e-02,3.906250e-03,2000,0,-1.662915e-04
2026-07-20T18:14:27.005,1784560467.005,55.603,-8.186401e-03,3.002682e-03,-1.757812e-02,2.929688e-03,2000,0,-1.637280e-04
2026-07-20T18:14:27.107,1784560467.107,55.703,-8.572021e-03,2.915939e-03,-2.050781e-02,7.324219e-04,2000,0,-1.714404e-04
2026-07-20T18:14:27.205,1784560467.205,55.803,-8.341187e-03,3.061781e-03,-1.953125e-02,1.708984e-03,2000,0,-1.668237e-04
2026-07-20T18:14:27.305,1784560467.305,55.903,-8.858643e-03,3.033979e-03,-1.879883e-02,2.197266e-03,2000,0,-1.771729e-04
2026-07-20T18:14:27.405,1784560467.405,56.003,-8.702393e-03,3.029656e-03,-1.977539e-02,1.708984e-03,2000,0,-1.740479e-04
2026-07-20T18:14:27.505,1784560467.505,56.103,-8.715576e-03,2.983818e-03,-1.855469e-02,2.441406e-03,2000,0,-1.743115e-04
2026-07-20T18:14:27.605,1784560467.605,56.203,-8.535645e-03,3.075741e-03,-1.904297e-02,5.126953e-03,2000,0,-1.707129e-04
2026-07-20T18:14:27.705,1784560467.705,56.303,-8.020020e-03,3.172227e-03,-1.831055e-02,2.929688e-03,2000,0,-1.604004e-04
2026-07-20T18:14:27.805,1784560467.805,56.403,-8.466309e-03,3.006672e-03,-1.953125e-02,1.464844e-03,2000,0,-1.693262e-04
2026-07-20T18:14:27.905,1784560467.905,56.503,-8.426025e-03,3.126162e-03,-1.855469e-02,2.197266e-03,2000,0,-1.685205e-04
2026-07-20T18:14:28.005,1784560468.005,56.603,-8.354614e-03,3.061059e-03,-1.708984e-02,5.126953e-03,2000,0,-1.670923e-04
2026-07-20T18:14:28.106,1784560468.107,56.703,-9.069092e-03,3.075333e-03,-1.782227e-02,2.929688e-03,2000,0,-1.813818e-04
2026-07-20T18:14:28.205,1784560468.205,56.803,-8.559448e-03,3.133894e-03,-2.148438e-02,5.126953e-03,2000,0,-1.711890e-04
2026-07-20T18:14:28.305,1784560468.305,56.903,-8.406616e-03,3.032317e-03,-1.684570e-02,1.953125e-03,2000,0,-1.681323e-04
2026-07-20T18:14:28.405,1784560468.405,57.003,-8.254761e-03,3.045687e-03,-1.660156e-02,2.441406e-03,2000,0,-1.650952e-04
2026-07-20T18:14:28.505,1784560468.505,57.103,-8.595093e-03,3.023022e-03,-1.757812e-02,1.464844e-03,2000,0,-1.719019e-04
2026-07-20T18:14:28.605,1784560468.605,57.203,-8.360596e-03,3.179841e-03,-1.757812e-02,4.394531e-03,2000,0,-1.672119e-04
2026-07-20T18:14:28.705,1784560468.705,57.303,-8.001465e-03,3.201380e-03,-1.831055e-02,2.929688e-03,2000,0,-1.600293e-04
2026-07-20T18:14:28.805,1784560468.805,57.403,-8.432861e-03,3.065927e-03,-2.075195e-02,2.441406e-03,2000,0,-1.686572e-04
2026-07-20T18:14:28.905,1784560468.905,57.503,-8.143799e-03,3.113732e-03,-1.684570e-02,1.708984e-03,2000,0,-1.628760e-04
2026-07-20T18:14:29.005,1784560469.005,57.603,-8.300171e-03,3.066172e-03,-1.733398e-02,2.441406e-03,2000,0,-1.660034e-04
2026-07-20T18:14:29.107,1784560469.107,57.703,-8.507690e-03,3.170843e-03,-1.879883e-02,2.197266e-03,2000,0,-1.701538e-04
2026-07-20T18:14:29.205,1784560469.205,57.803,-8.204224e-03,3.102749e-03,-1.782227e-02,1.220703e-03,2000,0,-1.640845e-04
2026-07-20T18:14:29.305,1784560469.305,57.903,-8.596436e-03,3.171588e-03,-1.953125e-02,5.615234e-03,2000,0,-1.719287e-04
2026-07-20T18:14:29.405,1784560469.405,58.003,-8.182983e-03,3.297460e-03,-1.977539e-02,1.220703e-03,2000,0,-1.636597e-04
2026-07-20T18:14:29.505,1784560469.505,58.103,-8.042114e-03,3.301563e-03,-1.855469e-02,1.953125e-03,2000,0,-1.608423e-04
2026-07-20T18:14:29.605,1784560469.605,58.203,-8.272095e-03,3.320417e-03,-1.879883e-02,2.685547e-03,2000,0,-1.654419e-04
2026-07-20T18:14:29.705,1784560469.705,58.303,-8.768677e-03,3.361042e-03,-2.001953e-02,2.197266e-03,2000,0,-1.753735e-04
2026-07-20T18:14:29.805,1784560469.805,58.403,-8.635986e-03,3.296169e-03,-1.879883e-02,7.324219e-03,2000,0,-1.727197e-04
2026-07-20T18:14:29.905,1784560469.905,58.503,-8.478516e-03,3.483015e-03,-2.148438e-02,1.220703e-03,2000,0,-1.695703e-04
2026-07-20T18:14:30.005,1784560470.005,58.603,-8.518921e-03,3.308661e-03,-1.928711e-02,2.197266e-03,2000,0,-1.703784e-04
2026-07-20T18:14:30.105,1784560470.105,58.703,-8.599609e-03,3.390926e-03,-2.221680e-02,1.708984e-03,2000,0,-1.719922e-04
2026-07-20T18:14:30.205,1784560470.205,58.803,-8.356445e-03,3.366194e-03,-1.831055e-02,2.441406e-03,2000,0,-1.671289e-04
2026-07-20T18:14:30.305,1784560470.305,58.903,-8.750122e-03,3.461954e-03,-2.099609e-02,1.953125e-03,2000,0,-1.750024e-04
2026-07-20T18:14:30.405,1784560470.405,59.003,-8.488892e-03,3.510058e-03,-2.319336e-02,1.708984e-03,2000,0,-1.697778e-04
2026-07-20T18:14:30.505,1784560470.505,59.103,-8.830322e-03,3.216329e-03,-1.806641e-02,1.464844e-03,2000,0,-1.766064e-04
2026-07-20T18:14:30.605,1784560470.605,59.203,-9.125244e-03,3.278181e-03,-2.343750e-02,7.324219e-04,2000,0,-1.825049e-04
2026-07-20T18:14:30.705,1784560470.705,59.303,-8.689331e-03,3.377380e-03,-1.928711e-02,1.464844e-03,2000,0,-1.737866e-04
2026-07-20T18:14:30.805,1784560470.805,59.403,-8.468018e-03,3.270325e-03,-1.953125e-02,4.882812e-04,2000,0,-1.693604e-04
2026-07-20T18:14:30.905,1784560470.905,59.503,-8.739502e-03,3.306711e-03,-1.904297e-02,8.300781e-03,2000,0,-1.747900e-04
2026-07-20T18:14:31.005,1784560471.005,59.603,-8.586060e-03,3.372590e-03,-2.148438e-02,2.929688e-03,2000,0,-1.717212e-04
2026-07-20T18:14:31.105,1784560471.105,59.703,-8.266479e-03,3.256270e-03,-3.271484e-02,3.662109e-03,2000,0,-1.653296e-04
2026-07-20T18:14:31.205,1784560471.205,59.803,-8.546143e-03,3.357151e-03,-2.001953e-02,9.765625e-04,2000,0,-1.709229e-04
2026-07-20T18:14:31.305,1784560471.305,59.903,-8.455078e-03,3.351923e-03,-2.099609e-02,2.929688e-03,2000,0,-1.691016e-04
2026-07-20T18:14:31.405,1784560471.405,60.003,-8.561157e-03,3.309480e-03,-1.831055e-02,1.708984e-03,2000,0,-1.712231e-04
2026-07-20T18:14:31.505,1784560471.505,60.103,-9.217163e-03,3.401026e-03,-2.001953e-02,4.394531e-03,2000,0,-1.843433e-04
2026-07-20T18:14:31.605,1784560471.606,60.203,-8.113037e-03,3.446403e-03,-1.879883e-02,3.662109e-03,2000,0,-1.622607e-04
2026-07-20T18:14:31.705,1784560471.705,60.303,-8.802368e-03,3.377971e-03,-1.953125e-02,2.685547e-03,2000,0,-1.760474e-04
2026-07-20T18:14:31.805,1784560471.805,60.403,-8.280029e-03,3.410495e-03,-1.879883e-02,2.685547e-03,2000,0,-1.656006e-04
2026-07-20T18:14:31.905,1784560471.905,60.503,-8.429321e-03,3.459511e-03,-1.831055e-02,4.638672e-03,2000,0,-1.685864e-04
2026-07-20T18:14:32.005,1784560472.005,60.603,-8.093872e-03,3.486301e-03,-1.782227e-02,2.441406e-03,2000,0,-1.618774e-04
2026-07-20T18:14:32.105,1784560472.105,60.703,-8.879517e-03,3.449857e-03,-2.148438e-02,2.929688e-03,2000,0,-1.775903e-04
2026-07-20T18:14:32.207,1784560472.208,60.803,-8.021729e-03,3.749062e-03,-2.001953e-02,8.789062e-03,2000,0,-1.604346e-04
2026-07-20T18:14:32.305,1784560472.305,60.903,-8.328125e-03,3.534642e-03,-2.246094e-02,2.929688e-03,2000,0,-1.665625e-04
2026-07-20T18:14:32.405,1784560472.406,61.003,-8.465820e-03,3.575998e-03,-2.050781e-02,2.441406e-03,2000,0,-1.693164e-04
2026-07-20T18:14:32.505,1784560472.505,61.103,-8.405151e-03,3.562176e-03,-1.879883e-02,2.441406e-03,2000,0,-1.681030e-04
2026-07-20T18:14:32.605,1784560472.605,61.203,-8.248047e-03,3.542239e-03,-1.733398e-02,5.615234e-03,2000,0,-1.649609e-04
2026-07-20T18:14:32.705,1784560472.706,61.303,-8.584839e-03,3.626986e-03,-2.246094e-02,2.441406e-03,2000,0,-1.716968e-04
2026-07-20T18:14:32.805,1784560472.805,61.403,-7.932861e-03,3.748795e-03,-2.050781e-02,5.371094e-03,2000,0,-1.586572e-04
2026-07-20T18:14:32.905,1784560472.905,61.503,-7.640015e-03,3.700695e-03,-1.928711e-02,3.417969e-03,2000,0,-1.528003e-04
2026-07-20T18:14:33.005,1784560473.005,61.603,-7.617676e-03,3.764259e-03,-2.026367e-02,3.906250e-03,2000,0,-1.523535e-04
2026-07-20T18:14:33.105,1784560473.106,61.703,-8.074585e-03,3.790680e-03,-2.416992e-02,3.662109e-03,2000,0,-1.614917e-04
2026-07-20T18:14:33.205,1784560473.205,61.803,-7.706787e-03,3.661812e-03,-2.050781e-02,3.417969e-03,2000,0,-1.541357e-04
2026-07-20T18:14:33.307,1784560473.308,61.903,-8.246948e-03,3.866974e-03,-2.270508e-02,1.708984e-03,2000,0,-1.649390e-04
2026-07-20T18:14:33.405,1784560473.405,62.003,-7.770752e-03,3.794308e-03,-1.977539e-02,6.347656e-03,2000,0,-1.554150e-04
2026-07-20T18:14:33.505,1784560473.505,62.103,-7.545532e-03,3.889603e-03,-2.221680e-02,2.685547e-03,2000,0,-1.509106e-04
2026-07-20T18:14:33.605,1784560473.606,62.203,-7.704834e-03,3.945644e-03,-2.270508e-02,2.197266e-03,2000,0,-1.540967e-04
2026-07-20T18:14:33.705,1784560473.705,62.303,-7.643188e-03,3.835033e-03,-2.392578e-02,3.906250e-03,2000,0,-1.528638e-04
2026-07-20T18:14:33.805,1784560473.805,62.403,-7.312622e-03,3.878381e-03,-2.392578e-02,3.906250e-03,2000,0,-1.462524e-04
2026-07-20T18:14:33.905,1784560473.905,62.503,-7.665527e-03,3.837993e-03,-2.416992e-02,4.150391e-03,2000,0,-1.533105e-04
2026-07-20T18:14:34.005,1784560474.006,62.603,-7.476807e-03,4.043594e-03,-2.026367e-02,2.197266e-03,2000,0,-1.495361e-04
2026-07-20T18:14:34.105,1784560474.105,62.703,-7.111084e-03,4.081706e-03,-2.368164e-02,4.882812e-03,2000,0,-1.422217e-04
2026-07-20T18:14:34.205,1784560474.206,62.803,-7.026367e-03,4.152269e-03,-2.001953e-02,3.662109e-03,2000,0,-1.405273e-04
2026-07-20T18:14:34.305,1784560474.306,62.903,-7.982178e-03,4.102688e-03,-2.001953e-02,4.150391e-03,2000,0,-1.596436e-04
2026-07-20T18:14:34.405,1784560474.405,63.003,-7.672119e-03,4.000715e-03,-1.928711e-02,8.056641e-03,2000,0,-1.534424e-04
2026-07-20T18:14:34.505,1784560474.505,63.103,-7.559082e-03,3.990146e-03,-1.904297e-02,3.173828e-03,2000,0,-1.511816e-04
2026-07-20T18:14:34.605,1784560474.605,63.203,-7.245483e-03,4.022364e-03,-2.050781e-02,5.126953e-03,2000,0,-1.449097e-04
2026-07-20T18:14:34.705,1784560474.705,63.303,-7.405151e-03,4.011793e-03,-2.099609e-02,2.929688e-03,2000,0,-1.481030e-04
2026-07-20T18:14:34.805,1784560474.805,63.403,-7.367920e-03,3.990381e-03,-1.953125e-02,8.300781e-03,2000,0,-1.473584e-04
2026-07-20T18:14:34.905,1784560474.905,63.503,-7.141235e-03,4.134965e-03,-2.026367e-02,3.906250e-03,2000,0,-1.428247e-04
2026-07-20T18:14:35.005,1784560475.006,63.603,-7.376343e-03,3.943192e-03,-1.904297e-02,6.835938e-03,2000,0,-1.475269e-04
2026-07-20T18:14:35.105,1784560475.106,63.703,-7.416870e-03,3.888613e-03,-2.050781e-02,4.394531e-03,2000,0,-1.483374e-04
2026-07-20T18:14:35.205,1784560475.206,63.803,-7.006226e-03,4.127486e-03,-2.172852e-02,7.568359e-03,2000,0,-1.401245e-04
2026-07-20T18:14:35.305,1784560475.305,63.903,-6.977905e-03,3.979944e-03,-1.953125e-02,5.859375e-03,2000,0,-1.395581e-04
2026-07-20T18:14:35.405,1784560475.405,64.003,-6.989868e-03,4.078654e-03,-2.001953e-02,8.544922e-03,2000,0,-1.397974e-04
2026-07-20T18:14:35.505,1784560475.506,64.103,-7.114014e-03,4.030884e-03,-2.001953e-02,7.812500e-03,2000,0,-1.422803e-04
2026-07-20T18:14:35.605,1784560475.606,64.203,-6.895630e-03,3.977138e-03,-1.831055e-02,7.080078e-03,2000,0,-1.379126e-04
2026-07-20T18:14:35.706,1784560475.706,64.303,-7.233398e-03,4.056069e-03,-2.075195e-02,6.835938e-03,2000,0,-1.446680e-04
2026-07-20T18:14:35.805,1784560475.806,64.403,-7.010742e-03,3.917049e-03,-2.172852e-02,7.080078e-03,2000,0,-1.402148e-04
2026-07-20T18:14:35.905,1784560475.905,64.503,-6.954712e-03,4.013027e-03,-2.001953e-02,7.080078e-03,2000,0,-1.390942e-04
2026-07-20T18:14:36.005,1784560476.006,64.603,-6.714600e-03,3.910619e-03,-1.953125e-02,9.033203e-03,2000,0,-1.342920e-04
2026-07-20T18:14:36.105,1784560476.106,64.703,-6.814087e-03,3.986350e-03,-2.001953e-02,6.591797e-03,2000,0,-1.362817e-04
2026-07-20T18:14:36.205,1784560476.205,64.803,-7.336792e-03,3.940779e-03,-2.124023e-02,7.324219e-03,2000,0,-1.467358e-04
2026-07-20T18:14:36.305,1784560476.306,64.903,-7.104980e-03,3.806720e-03,-1.855469e-02,5.615234e-03,2000,0,-1.420996e-04
2026-07-20T18:14:36.405,1784560476.405,65.003,-6.989990e-03,3.941044e-03,-1.879883e-02,6.347656e-03,2000,0,-1.397998e-04
2026-07-20T18:14:36.505,1784560476.505,65.103,-6.941040e-03,4.004019e-03,-1.757812e-02,8.056641e-03,2000,0,-1.388208e-04
2026-07-20T18:14:36.605,1784560476.606,65.203,-7.347534e-03,3.784246e-03,-1.904297e-02,6.103516e-03,2000,0,-1.469507e-04
2026-07-20T18:14:36.705,1784560476.705,65.303,-6.907959e-03,3.681556e-03,-1.928711e-02,7.568359e-03,2000,0,-1.381592e-04
2026-07-20T18:14:36.805,1784560476.805,65.403,-7.151978e-03,3.907057e-03,-2.221680e-02,6.835938e-03,2000,0,-1.430396e-04
2026-07-20T18:14:36.905,1784560476.905,65.503,-7.183960e-03,3.766121e-03,-2.026367e-02,7.324219e-03,2000,0,-1.436792e-04
2026-07-20T18:14:37.005,1784560477.006,65.603,-6.913452e-03,3.663637e-03,-2.441406e-02,9.033203e-03,2000,0,-1.382690e-04
2026-07-20T18:14:37.105,1784560477.105,65.703,-6.845703e-03,3.446038e-03,-1.879883e-02,7.324219e-03,2000,0,-1.369141e-04
2026-07-20T18:14:37.207,1784560477.208,65.803,-7.414551e-03,3.244464e-03,-1.855469e-02,5.126953e-03,2000,0,-1.482910e-04
2026-07-20T18:14:37.305,1784560477.306,65.903,-6.748291e-03,3.279083e-03,-1.928711e-02,5.371094e-03,2000,0,-1.349658e-04
2026-07-20T18:14:37.405,1784560477.406,66.003,-6.895996e-03,3.207282e-03,-2.001953e-02,3.173828e-03,2000,0,-1.379199e-04
2026-07-20T18:14:37.505,1784560477.506,66.103,-6.586670e-03,3.325546e-03,-1.782227e-02,5.126953e-03,2000,0,-1.317334e-04
2026-07-20T18:14:37.605,1784560477.606,66.203,-6.791016e-03,3.343525e-03,-1.684570e-02,6.103516e-03,2000,0,-1.358203e-04
2026-07-20T18:14:37.705,1784560477.705,66.303,-7.703979e-03,3.249308e-03,-1.708984e-02,3.417969e-03,2000,0,-1.540796e-04
2026-07-20T18:14:37.805,1784560477.806,66.403,-6.821411e-03,3.040193e-03,-1.757812e-02,1.953125e-03,2000,0,-1.364282e-04
2026-07-20T18:14:37.905,1784560477.905,66.503,-6.591309e-03,3.254688e-03,-1.831055e-02,6.835938e-03,2000,0,-1.318262e-04
2026-07-20T18:14:38.005,1784560478.006,66.603,-6.592773e-03,3.174617e-03,-1.757812e-02,2.929688e-03,2000,0,-1.318555e-04
2026-07-20T18:14:38.105,1784560478.106,66.703,-7.000122e-03,3.174093e-03,-1.806641e-02,4.394531e-03,2000,0,-1.400024e-04
2026-07-20T18:14:38.207,1784560478.208,66.803,-6.437134e-03,3.022981e-03,-1.611328e-02,6.591797e-03,2000,0,-1.287427e-04
2026-07-20T18:14:38.307,1784560478.308,66.903,-6.921021e-03,3.007086e-03,-1.733398e-02,2.441406e-03,2000,0,-1.384204e-04
2026-07-20T18:14:38.407,1784560478.408,67.003,-6.978516e-03,3.206729e-03,-1.904297e-02,2.929688e-03,2000,0,-1.395703e-04
2026-07-20T18:14:38.507,1784560478.508,67.103,-6.541260e-03,3.185742e-03,-1.611328e-02,3.906250e-03,2000,0,-1.308252e-04
2026-07-20T18:14:38.607,1784560478.608,67.203,-6.847656e-03,3.162207e-03,-1.782227e-02,3.662109e-03,2000,0,-1.369531e-04
2026-07-20T18:14:38.705,1784560478.706,67.303,-7.065186e-03,3.217374e-03,-2.124023e-02,3.906250e-03,2000,0,-1.413037e-04
2026-07-20T18:14:38.805,1784560478.806,67.403,-6.531860e-03,3.349305e-03,-1.611328e-02,4.150391e-03,2000,0,-1.306372e-04
2026-07-20T18:14:38.905,1784560478.906,67.503,-6.924438e-03,3.368389e-03,-1.806641e-02,4.882812e-03,2000,0,-1.384888e-04
2026-07-20T18:14:39.005,1784560479.006,67.603,-6.984863e-03,3.473426e-03,-1.708984e-02,4.882812e-03,2000,0,-1.396973e-04
2026-07-20T18:14:39.105,1784560479.106,67.703,-6.923462e-03,3.462496e-03,-1.660156e-02,6.103516e-03,2000,0,-1.384692e-04
2026-07-20T18:14:39.205,1784560479.206,67.803,-6.957031e-03,3.503107e-03,-1.928711e-02,4.394531e-03,2000,0,-1.391406e-04
2026-07-20T18:14:39.305,1784560479.306,67.903,-7.493896e-03,3.544994e-03,-2.197266e-02,4.150391e-03,2000,0,-1.498779e-04
2026-07-20T18:14:39.405,1784560479.406,68.003,-7.159546e-03,3.703747e-03,-1.757812e-02,5.859375e-03,2000,0,-1.431909e-04
2026-07-20T18:14:39.505,1784560479.506,68.103,-6.802612e-03,3.558092e-03,-1.879883e-02,7.812500e-03,2000,0,-1.360522e-04
2026-07-20T18:14:39.605,1784560479.606,68.203,-7.019287e-03,3.553039e-03,-1.782227e-02,4.638672e-03,2000,0,-1.403857e-04
2026-07-20T18:14:39.705,1784560479.705,68.303,-7.010742e-03,3.670371e-03,-1.953125e-02,1.123047e-02,2000,0,-1.402148e-04
2026-07-20T18:14:39.805,1784560479.806,68.403,-6.554687e-03,3.456327e-03,-1.733398e-02,4.882812e-03,2000,0,-1.310937e-04
2026-07-20T18:14:39.905,1784560479.906,68.503,-7.179688e-03,3.472342e-03,-1.782227e-02,4.638672e-03,2000,0,-1.435938e-04
2026-07-20T18:14:40.005,1784560480.006,68.603,-6.657959e-03,3.457048e-03,-1.831055e-02,6.591797e-03,2000,0,-1.331592e-04
2026-07-20T18:14:40.105,1784560480.106,68.703,-7.012451e-03,3.363645e-03,-1.831055e-02,6.103516e-03,2000,0,-1.402490e-04
2026-07-20T18:14:40.205,1784560480.206,68.803,-7.218018e-03,3.401596e-03,-2.319336e-02,4.882812e-03,2000,0,-1.443604e-04
2026-07-20T18:14:40.305,1784560480.305,68.903,-7.079590e-03,3.322394e-03,-1.928711e-02,2.929688e-03,2000,0,-1.415918e-04
2026-07-20T18:14:40.405,1784560480.406,69.003,-7.133179e-03,3.266007e-03,-1.782227e-02,2.197266e-03,2000,0,-1.426636e-04
2026-07-20T18:14:40.505,1784560480.505,69.103,-7.507690e-03,3.220952e-03,-1.977539e-02,3.662109e-03,2000,0,-1.501538e-04
2026-07-20T18:14:40.605,1784560480.606,69.203,-7.231445e-03,3.244229e-03,-1.904297e-02,1.464844e-03,2000,0,-1.446289e-04
2026-07-20T18:14:40.705,1784560480.705,69.303,-7.333374e-03,3.049570e-03,-2.148438e-02,2.685547e-03,2000,0,-1.466675e-04
2026-07-20T18:14:40.805,1784560480.806,69.403,-7.447388e-03,2.988604e-03,-1.831055e-02,2.441406e-03,2000,0,-1.489478e-04
2026-07-20T18:14:40.905,1784560480.905,69.503,-7.234985e-03,2.853522e-03,-1.586914e-02,2.929688e-03,2000,0,-1.446997e-04
2026-07-20T18:14:41.005,1784560481.006,69.603,-6.975220e-03,2.831558e-03,-1.708984e-02,5.615234e-03,2000,0,-1.395044e-04
2026-07-20T18:14:41.105,1784560481.106,69.703,-7.197266e-03,2.777368e-03,-1.782227e-02,4.150391e-03,2000,0,-1.439453e-04
2026-07-20T18:14:41.205,1784560481.206,69.803,-6.763794e-03,2.727130e-03,-1.464844e-02,3.173828e-03,2000,0,-1.352759e-04
2026-07-20T18:14:41.305,1784560481.306,69.903,-7.345093e-03,2.592093e-03,-1.538086e-02,1.953125e-03,2000,0,-1.469019e-04
2026-07-20T18:14:41.405,1784560481.406,70.003,-7.331299e-03,2.529197e-03,-1.635742e-02,2.441406e-04,2000,0,-1.466260e-04
2026-07-20T18:14:41.505,1784560481.505,70.103,-7.404419e-03,2.493698e-03,-1.660156e-02,6.103516e-03,2000,0,-1.480884e-04
2026-07-20T18:14:41.605,1784560481.606,70.203,-7.094116e-03,2.585669e-03,-1.660156e-02,2.197266e-03,2000,0,-1.418823e-04
2026-07-20T18:14:41.705,1784560481.706,70.303,-7.460083e-03,2.392289e-03,-1.489258e-02,2.441406e-04,2000,0,-1.492017e-04
2026-07-20T18:14:41.805,1784560481.806,70.403,-7.187134e-03,2.438196e-03,-1.757812e-02,1.708984e-03,2000,0,-1.437427e-04
2026-07-20T18:14:41.907,1784560481.907,70.503,-8.582642e-03,2.513672e-03,-1.806641e-02,4.882812e-04,2000,0,-1.716528e-04
2026-07-20T18:14:42.005,1784560482.006,70.603,-7.783813e-03,2.389022e-03,-1.782227e-02,2.441406e-03,2000,0,-1.556763e-04
2026-07-20T18:14:42.105,1784560482.106,70.703,-7.578369e-03,2.472487e-03,-1.757812e-02,2.441406e-04,2000,0,-1.515674e-04
2026-07-20T18:14:42.205,1784560482.205,70.803,-7.563232e-03,2.503216e-03,-2.392578e-02,4.882812e-04,2000,0,-1.512646e-04
2026-07-20T18:14:42.305,1784560482.306,70.903,-7.835327e-03,2.421301e-03,-1.538086e-02,1.220703e-03,2000,0,-1.567065e-04
2026-07-20T18:14:42.405,1784560482.405,71.003,-7.715698e-03,2.442276e-03,-1.489258e-02,1.000977e-02,2000,0,-1.543140e-04
2026-07-20T18:14:42.505,1784560482.506,71.103,-7.684448e-03,2.599604e-03,-1.611328e-02,1.464844e-03,2000,0,-1.536890e-04
2026-07-20T18:14:42.605,1784560482.606,71.203,-8.147217e-03,2.641319e-03,-2.026367e-02,-4.882812e-04,2000,0,-1.629443e-04
2026-07-20T18:14:42.705,1784560482.706,71.303,-7.666748e-03,2.821061e-03,-1.806641e-02,2.685547e-03,2000,0,-1.533350e-04
2026-07-20T18:14:42.805,1784560482.806,71.403,-8.191406e-03,2.716434e-03,-1.806641e-02,2.197266e-03,2000,0,-1.638281e-04
2026-07-20T18:14:42.905,1784560482.906,71.503,-8.239258e-03,2.814990e-03,-1.953125e-02,3.417969e-03,2000,0,-1.647852e-04
2026-07-20T18:14:43.005,1784560483.006,71.603,-8.076294e-03,2.906402e-03,-1.757812e-02,4.882812e-04,2000,0,-1.615259e-04
2026-07-20T18:14:43.105,1784560483.105,71.703,-7.796997e-03,2.759421e-03,-1.831055e-02,4.882812e-04,2000,0,-1.559399e-04
2026-07-20T18:14:43.205,1784560483.205,71.803,-8.046997e-03,3.067274e-03,-1.904297e-02,9.765625e-04,2000,0,-1.609399e-04
2026-07-20T18:14:43.305,1784560483.306,71.903,-7.648926e-03,3.054960e-03,-2.343750e-02,1.708984e-03,2000,0,-1.529785e-04
2026-07-20T18:14:43.405,1784560483.405,72.003,-7.978394e-03,3.041043e-03,-1.879883e-02,1.953125e-03,2000,0,-1.595679e-04
2026-07-20T18:14:43.505,1784560483.506,72.103,-8.047363e-03,3.070310e-03,-1.782227e-02,1.464844e-03,2000,0,-1.609473e-04
2026-07-20T18:14:43.605,1784560483.606,72.203,-7.861816e-03,3.104977e-03,-1.733398e-02,3.662109e-03,2000,0,-1.572363e-04
2026-07-20T18:14:43.705,1784560483.706,72.303,-8.120483e-03,3.013818e-03,-1.855469e-02,2.929688e-03,2000,0,-1.624097e-04
2026-07-20T18:14:43.805,1784560483.805,72.403,-8.091797e-03,3.229984e-03,-1.953125e-02,1.708984e-03,2000,0,-1.618359e-04
2026-07-20T18:14:43.905,1784560483.906,72.503,-7.935669e-03,3.069120e-03,-2.221680e-02,1.220703e-03,2000,0,-1.587134e-04
2026-07-20T18:14:44.005,1784560484.006,72.603,-8.437500e-03,3.102098e-03,-2.124023e-02,7.324219e-04,2000,0,-1.687500e-04
2026-07-20T18:14:44.105,1784560484.106,72.703,-8.382812e-03,3.151988e-03,-1.977539e-02,1.708984e-03,2000,0,-1.676562e-04
2026-07-20T18:14:44.205,1784560484.206,72.803,-7.933716e-03,3.237888e-03,-1.855469e-02,2.197266e-03,2000,0,-1.586743e-04
2026-07-20T18:14:44.305,1784560484.305,72.903,-8.205200e-03,3.035732e-03,-1.953125e-02,2.197266e-03,2000,0,-1.641040e-04
2026-07-20T18:14:44.405,1784560484.406,73.003,-8.432007e-03,3.027074e-03,-1.879883e-02,1.220703e-03,2000,0,-1.686401e-04
2026-07-20T18:14:44.505,1784560484.506,73.103,-7.923828e-03,3.116291e-03,-2.001953e-02,2.929688e-03,2000,0,-1.584766e-04
2026-07-20T18:14:44.605,1784560484.606,73.203,-8.362061e-03,3.178107e-03,-2.270508e-02,3.173828e-03,2000,0,-1.672412e-04
2026-07-20T18:14:44.705,1784560484.705,73.303,-8.257568e-03,3.000236e-03,-1.806641e-02,5.371094e-03,2000,0,-1.651514e-04
2026-07-20T18:14:44.805,1784560484.806,73.403,-8.273560e-03,3.014609e-03,-1.684570e-02,1.220703e-03,2000,0,-1.654712e-04
2026-07-20T18:14:44.905,1784560484.906,73.503,-8.075684e-03,3.030334e-03,-1.855469e-02,3.662109e-03,2000,0,-1.615137e-04
2026-07-20T18:14:45.005,1784560485.005,73.603,-8.583496e-03,3.157155e-03,-2.026367e-02,2.441406e-03,2000,0,-1.716699e-04
2026-07-20T18:14:45.105,1784560485.106,73.703,-7.921997e-03,2.988967e-03,-1.831055e-02,1.464844e-03,2000,0,-1.584399e-04
2026-07-20T18:14:45.205,1784560485.205,73.803,-7.944946e-03,3.007226e-03,-2.001953e-02,2.197266e-03,2000,0,-1.588989e-04
2026-07-20T18:14:45.305,1784560485.305,73.903,-8.220947e-03,2.941161e-03,-2.124023e-02,9.765625e-04,2000,0,-1.644189e-04
2026-07-20T18:14:45.405,1784560485.406,74.003,-8.049438e-03,2.853665e-03,-2.050781e-02,1.953125e-03,2000,0,-1.609888e-04
2026-07-20T18:14:45.505,1784560485.505,74.103,-8.326782e-03,3.091587e-03,-1.757812e-02,2.197266e-03,2000,0,-1.665356e-04
2026-07-20T18:14:45.605,1784560485.606,74.203,-8.748901e-03,2.850455e-03,-1.953125e-02,-2.441406e-04,2000,0,-1.749780e-04
2026-07-20T18:14:45.707,1784560485.708,74.303,-8.311035e-03,2.986552e-03,-1.733398e-02,4.394531e-03,2000,0,-1.662207e-04
2026-07-20T18:14:45.805,1784560485.806,74.403,-8.720825e-03,3.031342e-03,-1.831055e-02,8.056641e-03,2000,0,-1.744165e-04
2026-07-20T18:14:45.905,1784560485.906,74.503,-8.737061e-03,2.992447e-03,-1.953125e-02,1.953125e-03,2000,0,-1.747412e-04
2026-07-20T18:14:46.005,1784560486.006,74.603,-8.073242e-03,3.095019e-03,-2.270508e-02,4.394531e-03,2000,0,-1.614648e-04
2026-07-20T18:14:46.105,1784560486.105,74.703,-8.479004e-03,3.069685e-03,-2.050781e-02,1.220703e-03,2000,0,-1.695801e-04
2026-07-20T18:14:46.205,1784560486.205,74.803,-8.383057e-03,2.998793e-03,-1.708984e-02,2.685547e-03,2000,0,-1.676611e-04
2026-07-20T18:14:46.305,1784560486.305,74.903,-8.422363e-03,2.951659e-03,-1.928711e-02,2.441406e-04,2000,0,-1.684473e-04
2026-07-20T18:14:46.406,1784560486.406,75.003,-8.583618e-03,3.220643e-03,-1.953125e-02,6.347656e-03,2000,0,-1.716724e-04
2026-07-20T18:14:46.505,1784560486.505,75.103,-8.115845e-03,3.201201e-03,-2.124023e-02,2.197266e-03,2000,0,-1.623169e-04
2026-07-20T18:14:46.605,1784560486.605,75.203,-8.702637e-03,3.304466e-03,-2.050781e-02,3.173828e-03,2000,0,-1.740527e-04
2026-07-20T18:14:46.705,1784560486.705,75.303,-8.237305e-03,3.377749e-03,-1.879883e-02,5.126953e-03,2000,0,-1.647461e-04
2026-07-20T18:14:46.805,1784560486.805,75.403,-8.662964e-03,3.317149e-03,-2.026367e-02,2.685547e-03,2000,0,-1.732593e-04
2026-07-20T18:14:46.905,1784560486.906,75.503,-8.235962e-03,3.852691e-03,-1.855469e-02,5.859375e-03,2000,0,-1.647192e-04
2026-07-20T18:14:47.005,1784560487.005,75.603,-8.406860e-03,3.502509e-03,-2.124023e-02,1.513672e-02,2000,0,-1.681372e-04
2026-07-20T18:14:47.105,1784560487.106,75.703,-8.206787e-03,3.771058e-03,-2.026367e-02,1.025391e-02,2000,0,-1.641357e-04
2026-07-20T18:14:47.205,1784560487.205,75.803,-8.173462e-03,3.820271e-03,-1.904297e-02,7.324219e-03,2000,0,-1.634692e-04
2026-07-20T18:14:47.305,1784560487.305,75.903,-8.406372e-03,3.659386e-03,-1.977539e-02,5.371094e-03,2000,0,-1.681274e-04
2026-07-20T18:14:47.407,1784560487.408,76.003,-8.544556e-03,3.737230e-03,-1.879883e-02,4.638672e-03,2000,0,-1.708911e-04
2026-07-20T18:14:47.505,1784560487.505,76.103,-8.787231e-03,3.906169e-03,-1.855469e-02,4.638672e-03,2000,0,-1.757446e-04
2026-07-20T18:14:47.605,1784560487.605,76.203,-8.568726e-03,3.719961e-03,-1.928711e-02,4.638672e-03,2000,0,-1.713745e-04
2026-07-20T18:14:47.705,1784560487.705,76.303,-8.799438e-03,3.747075e-03,-2.026367e-02,1.098633e-02,2000,0,-1.759888e-04
2026-07-20T18:14:47.805,1784560487.805,76.403,-8.748047e-03,3.879338e-03,-2.343750e-02,4.638672e-03,2000,0,-1.749609e-04
2026-07-20T18:14:47.905,1784560487.905,76.503,-8.529053e-03,3.750899e-03,-1.831055e-02,4.882812e-03,2000,0,-1.705811e-04
2026-07-20T18:14:48.005,1784560488.005,76.603,-8.788574e-03,3.775830e-03,-1.953125e-02,4.882812e-03,2000,0,-1.757715e-04
2026-07-20T18:14:48.105,1784560488.105,76.703,-8.235596e-03,3.936102e-03,-2.001953e-02,6.103516e-03,2000,0,-1.647119e-04
2026-07-20T18:14:48.205,1784560488.205,76.803,-8.279053e-03,3.853929e-03,-1.904297e-02,5.615234e-03,2000,0,-1.655811e-04
2026-07-20T18:14:48.305,1784560488.305,76.903,-8.910034e-03,3.932112e-03,-1.953125e-02,8.789062e-03,2000,0,-1.782007e-04
2026-07-20T18:14:48.407,1784560488.407,77.003,-8.412842e-03,3.851943e-03,-2.001953e-02,5.126953e-03,2000,0,-1.682568e-04
2026-07-20T18:14:48.505,1784560488.505,77.103,-8.320679e-03,3.984640e-03,-1.928711e-02,6.103516e-03,2000,0,-1.664136e-04
2026-07-20T18:14:48.605,1784560488.605,77.203,-8.346069e-03,3.867908e-03,-2.026367e-02,5.371094e-03,2000,0,-1.669214e-04
2026-07-20T18:14:48.705,1784560488.705,77.303,-8.235718e-03,3.855756e-03,-2.270508e-02,4.394531e-03,2000,0,-1.647144e-04
2026-07-20T18:14:48.805,1784560488.805,77.403,-8.492554e-03,3.894311e-03,-2.148438e-02,4.882812e-03,2000,0,-1.698511e-04
2026-07-20T18:14:48.905,1784560488.905,77.503,-8.250977e-03,4.033240e-03,-1.904297e-02,5.615234e-03,2000,0,-1.650195e-04
2026-07-20T18:14:49.007,1784560489.007,77.603,-7.987427e-03,4.011396e-03,-1.977539e-02,3.906250e-03,2000,0,-1.597485e-04
2026-07-20T18:14:49.105,1784560489.105,77.703,-8.235840e-03,4.046392e-03,-2.026367e-02,4.882812e-03,2000,0,-1.647168e-04
2026-07-20T18:14:49.205,1784560489.205,77.803,-8.427490e-03,4.014348e-03,-2.001953e-02,3.662109e-03,2000,0,-1.685498e-04
2026-07-20T18:14:49.305,1784560489.305,77.903,-8.372437e-03,4.052031e-03,-2.319336e-02,4.394531e-03,2000,0,-1.674487e-04
2026-07-20T18:14:49.407,1784560489.407,78.003,-8.791992e-03,4.009974e-03,-2.148438e-02,4.150391e-03,2000,0,-1.758398e-04
2026-07-20T18:14:49.505,1784560489.505,78.103,-8.331055e-03,3.826663e-03,-2.197266e-02,5.126953e-03,2000,0,-1.666211e-04
2026-07-20T18:14:49.605,1784560489.605,78.203,-8.277710e-03,4.044921e-03,-2.099609e-02,2.929688e-03,2000,0,-1.655542e-04
2026-07-20T18:14:49.705,1784560489.705,78.303,-8.378906e-03,3.781553e-03,-2.099609e-02,5.859375e-03,2000,0,-1.675781e-04
2026-07-20T18:14:49.805,1784560489.805,78.403,-8.727783e-03,3.690604e-03,-2.197266e-02,3.173828e-03,2000,0,-1.745557e-04
2026-07-20T18:14:49.905,1784560489.905,78.503,-8.094238e-03,3.768501e-03,-2.221680e-02,3.906250e-03,2000,0,-1.618848e-04
2026-07-20T18:14:50.005,1784560490.005,78.603,-8.072144e-03,3.713318e-03,-2.197266e-02,2.685547e-03,2000,0,-1.614429e-04
2026-07-20T18:14:50.105,1784560490.105,78.703,-8.259888e-03,3.548099e-03,-2.978516e-02,2.441406e-03,2000,0,-1.651978e-04
2026-07-20T18:14:50.205,1784560490.205,78.803,-7.798218e-03,3.572254e-03,-2.197266e-02,4.638672e-03,2000,0,-1.559644e-04
2026-07-20T18:14:50.305,1784560490.305,78.903,-8.229980e-03,3.501430e-03,-2.099609e-02,3.173828e-03,2000,0,-1.645996e-04
2026-07-20T18:14:50.405,1784560490.405,79.003,-8.357178e-03,3.510583e-03,-2.099609e-02,2.197266e-03,2000,0,-1.671436e-04
2026-07-20T18:14:50.505,1784560490.505,79.103,-8.049316e-03,3.473179e-03,-2.001953e-02,2.197266e-03,2000,0,-1.609863e-04
2026-07-20T18:14:50.605,1784560490.605,79.203,-8.310547e-03,3.472315e-03,-1.977539e-02,1.953125e-03,2000,0,-1.662109e-04
2026-07-20T18:14:50.705,1784560490.705,79.303,-8.052490e-03,3.445556e-03,-1.831055e-02,2.929688e-03,2000,0,-1.610498e-04
2026-07-20T18:14:50.805,1784560490.805,79.403,-7.887939e-03,3.522455e-03,-2.294922e-02,3.417969e-03,2000,0,-1.577588e-04
2026-07-20T18:14:50.905,1784560490.905,79.503,-8.076294e-03,3.436213e-03,-1.879883e-02,2.685547e-03,2000,0,-1.615259e-04
2026-07-20T18:14:51.005,1784560491.005,79.603,-8.531616e-03,3.371374e-03,-1.879883e-02,1.708984e-03,2000,0,-1.706323e-04
2026-07-20T18:14:51.105,1784560491.105,79.703,-8.014771e-03,3.383018e-03,-1.855469e-02,2.197266e-03,2000,0,-1.602954e-04
2026-07-20T18:14:51.205,1784560491.205,79.803,-8.079834e-03,3.326150e-03,-2.050781e-02,1.098633e-02,2000,0,-1.615967e-04
2026-07-20T18:14:51.305,1784560491.305,79.903,-8.754517e-03,3.506351e-03,-2.246094e-02,2.685547e-03,2000,0,-1.750903e-04
2026-07-20T18:14:51.405,1784560491.405,80.003,-8.249268e-03,3.418287e-03,-1.831055e-02,2.441406e-03,2000,0,-1.649854e-04
2026-07-20T18:14:51.505,1784560491.505,80.103,-8.264526e-03,3.430158e-03,-1.953125e-02,2.929688e-03,2000,0,-1.652905e-04
2026-07-20T18:14:51.605,1784560491.605,80.203,-8.131348e-03,3.410124e-03,-1.904297e-02,1.953125e-03,2000,0,-1.626270e-04
2026-07-20T18:14:51.705,1784560491.705,80.303,-8.088013e-03,3.436439e-03,-1.904297e-02,2.685547e-03,2000,0,-1.617603e-04
2026-07-20T18:14:51.805,1784560491.805,80.403,-7.787720e-03,3.494361e-03,-1.953125e-02,3.173828e-03,2000,0,-1.557544e-04
2026-07-20T18:14:51.905,1784560491.905,80.503,-8.309204e-03,3.364735e-03,-1.879883e-02,4.394531e-03,2000,0,-1.661841e-04
2026-07-20T18:14:52.005,1784560492.005,80.603,-7.931885e-03,3.520698e-03,-2.490234e-02,3.173828e-03,2000,0,-1.586377e-04
2026-07-20T18:14:52.105,1784560492.105,80.703,-7.743408e-03,3.480729e-03,-1.953125e-02,1.171875e-02,2000,0,-1.548682e-04
2026-07-20T18:14:52.205,1784560492.205,80.803,-8.499146e-03,3.432007e-03,-2.124023e-02,4.150391e-03,2000,0,-1.699829e-04
2026-07-20T18:14:52.305,1784560492.305,80.903,-8.256226e-03,3.383442e-03,-2.001953e-02,1.953125e-03,2000,0,-1.651245e-04
2026-07-20T18:14:52.405,1784560492.405,81.003,-7.880615e-03,3.542599e-03,-2.148438e-02,3.173828e-03,2000,0,-1.576123e-04
2026-07-20T18:14:52.505,1784560492.505,81.103,-7.897949e-03,3.442318e-03,-2.319336e-02,3.173828e-03,2000,0,-1.579590e-04
2026-07-20T18:14:52.605,1784560492.605,81.203,-7.689697e-03,3.555051e-03,-2.001953e-02,4.882812e-03,2000,0,-1.537939e-04
2026-07-20T18:14:52.705,1784560492.705,81.303,-7.907471e-03,3.530814e-03,-2.099609e-02,6.591797e-03,2000,0,-1.581494e-04
2026-07-20T18:14:52.805,1784560492.805,81.403,-7.971558e-03,3.616266e-03,-1.953125e-02,5.126953e-03,2000,0,-1.594312e-04
2026-07-20T18:14:52.905,1784560492.906,81.503,-8.154419e-03,3.639613e-03,-2.221680e-02,2.685547e-03,2000,0,-1.630884e-04
2026-07-20T18:14:53.005,1784560493.005,81.603,-7.817139e-03,3.521627e-03,-2.001953e-02,1.708984e-03,2000,0,-1.563428e-04
2026-07-20T18:14:53.105,1784560493.105,81.703,-8.117187e-03,3.708282e-03,-2.026367e-02,3.417969e-03,2000,0,-1.623437e-04
2026-07-20T18:14:53.205,1784560493.206,81.803,-8.067261e-03,3.548008e-03,-2.050781e-02,3.906250e-03,2000,0,-1.613452e-04
2026-07-20T18:14:53.305,1784560493.305,81.903,-7.632446e-03,3.635053e-03,-2.148438e-02,2.929688e-03,2000,0,-1.526489e-04
2026-07-20T18:14:53.405,1784560493.406,82.003,-7.999512e-03,3.590164e-03,-1.904297e-02,3.417969e-03,2000,0,-1.599902e-04
2026-07-20T18:14:53.505,1784560493.506,82.103,-8.173828e-03,3.512076e-03,-2.148438e-02,7.324219e-04,2000,0,-1.634766e-04
2026-07-20T18:14:53.605,1784560493.606,82.203,-8.783081e-03,3.438709e-03,-2.050781e-02,1.220703e-03,2000,0,-1.756616e-04
2026-07-20T18:14:53.705,1784560493.706,82.303,-8.290649e-03,3.435162e-03,-1.879883e-02,3.417969e-03,2000,0,-1.658130e-04
2026-07-20T18:14:53.805,1784560493.806,82.403,-8.101929e-03,3.422196e-03,-1.904297e-02,2.929688e-03,2000,0,-1.620386e-04
2026-07-20T18:14:53.905,1784560493.906,82.503,-8.137329e-03,3.338673e-03,-2.197266e-02,1.220703e-03,2000,0,-1.627466e-04
2026-07-20T18:14:54.005,1784560494.006,82.603,-7.742065e-03,3.375347e-03,-1.855469e-02,3.417969e-03,2000,0,-1.548413e-04
2026-07-20T18:14:54.105,1784560494.105,82.703,-8.120117e-03,3.228185e-03,-1.953125e-02,4.882812e-04,2000,0,-1.624023e-04
2026-07-20T18:14:54.205,1784560494.206,82.803,-8.209351e-03,3.338986e-03,-1.855469e-02,4.638672e-03,2000,0,-1.641870e-04
2026-07-20T18:14:54.305,1784560494.306,82.903,-7.646851e-03,3.271085e-03,-1.879883e-02,6.103516e-03,2000,0,-1.529370e-04
2026-07-20T18:14:54.405,1784560494.406,83.003,-8.019653e-03,3.299211e-03,-1.782227e-02,1.220703e-03,2000,0,-1.603931e-04
2026-07-20T18:14:54.505,1784560494.506,83.103,-8.085815e-03,3.343882e-03,-1.953125e-02,3.173828e-03,2000,0,-1.617163e-04
2026-07-20T18:14:54.605,1784560494.606,83.203,-8.130249e-03,3.312203e-03,-1.855469e-02,2.197266e-03,2000,0,-1.626050e-04
2026-07-20T18:14:54.705,1784560494.706,83.303,-7.815063e-03,3.244604e-03,-2.026367e-02,3.173828e-03,2000,0,-1.563013e-04
2026-07-20T18:14:54.805,1784560494.805,83.403,-7.989136e-03,3.401853e-03,-1.953125e-02,3.906250e-03,2000,0,-1.597827e-04
2026-07-20T18:14:54.905,1784560494.905,83.503,-8.009644e-03,3.463524e-03,-1.904297e-02,3.906250e-03,2000,0,-1.601929e-04
2026-07-20T18:14:55.005,1784560495.006,83.603,-7.760864e-03,3.238061e-03,-1.684570e-02,2.929688e-03,2000,0,-1.552173e-04
2026-07-20T18:14:55.105,1784560495.105,83.703,-7.967041e-03,3.487652e-03,-1.953125e-02,5.371094e-03,2000,0,-1.593408e-04
2026-07-20T18:14:55.205,1784560495.206,83.803,-8.071777e-03,3.301375e-03,-1.782227e-02,2.685547e-03,2000,0,-1.614355e-04
2026-07-20T18:14:55.305,1784560495.305,83.903,-7.848145e-03,3.412189e-03,-1.879883e-02,3.662109e-03,2000,0,-1.569629e-04
2026-07-20T18:14:55.405,1784560495.405,84.003,-7.870972e-03,3.288377e-03,-2.075195e-02,2.441406e-03,2000,0,-1.574194e-04
2026-07-20T18:14:55.505,1784560495.505,84.103,-8.262329e-03,3.366554e-03,-1.733398e-02,3.662109e-03,2000,0,-1.652466e-04
2026-07-20T18:14:55.605,1784560495.605,84.203,-7.650391e-03,3.243205e-03,-1.831055e-02,1.708984e-03,2000,0,-1.530078e-04
2026-07-20T18:14:55.705,1784560495.705,84.303,-7.963745e-03,3.321916e-03,-1.904297e-02,3.417969e-03,2000,0,-1.592749e-04
2026-07-20T18:14:55.805,1784560495.805,84.403,-8.022827e-03,3.289375e-03,-1.855469e-02,2.929688e-03,2000,0,-1.604565e-04
2026-07-20T18:14:55.905,1784560495.905,84.503,-7.934082e-03,3.239397e-03,-1.782227e-02,4.394531e-03,2000,0,-1.586816e-04
2026-07-20T18:14:56.005,1784560496.005,84.603,-7.970703e-03,3.190686e-03,-1.904297e-02,9.765625e-04,2000,0,-1.594141e-04
2026-07-20T18:14:56.105,1784560496.106,84.703,-7.912231e-03,3.180063e-03,-2.172852e-02,1.464844e-03,2000,0,-1.582446e-04
2026-07-20T18:14:56.205,1784560496.206,84.803,-8.053955e-03,3.161889e-03,-2.026367e-02,1.220703e-03,2000,0,-1.610791e-04
2026-07-20T18:14:56.305,1784560496.306,84.903,-8.028076e-03,3.106475e-03,-1.928711e-02,1.220703e-03,2000,0,-1.605615e-04
2026-07-20T18:14:56.405,1784560496.405,85.003,-8.134521e-03,3.200601e-03,-1.831055e-02,3.173828e-03,2000,0,-1.626904e-04
2026-07-20T18:14:56.505,1784560496.505,85.103,-7.572510e-03,3.161463e-03,-1.782227e-02,1.953125e-03,2000,0,-1.514502e-04
2026-07-20T18:14:56.605,1784560496.606,85.203,-7.741455e-03,3.217235e-03,-2.148438e-02,3.173828e-03,2000,0,-1.548291e-04
2026-07-20T18:14:56.705,1784560496.706,85.303,-8.317261e-03,3.235991e-03,-1.855469e-02,1.953125e-03,2000,0,-1.663452e-04
2026-07-20T18:14:56.805,1784560496.805,85.403,-8.173828e-03,3.086884e-03,-1.879883e-02,1.708984e-03,2000,0,-1.634766e-04
2026-07-20T18:14:56.905,1784560496.905,85.503,-7.727051e-03,3.158896e-03,-1.757812e-02,2.685547e-03,2000,0,-1.545410e-04
2026-07-20T18:14:57.005,1784560497.005,85.603,-7.825928e-03,3.280935e-03,-2.001953e-02,4.394531e-03,2000,0,-1.565186e-04
2026-07-20T18:14:57.105,1784560497.106,85.703,-7.621460e-03,3.043311e-03,-1.977539e-02,1.708984e-03,2000,0,-1.524292e-04
2026-07-20T18:14:57.205,1784560497.206,85.803,-7.535645e-03,3.243011e-03,-1.757812e-02,3.906250e-03,2000,0,-1.507129e-04
2026-07-20T18:14:57.305,1784560497.306,85.903,-7.680908e-03,3.120882e-03,-1.953125e-02,3.173828e-03,2000,0,-1.536182e-04
2026-07-20T18:14:57.405,1784560497.405,86.003,-7.847046e-03,3.088861e-03,-1.684570e-02,1.464844e-03,2000,0,-1.569409e-04
2026-07-20T18:14:57.505,1784560497.505,86.103,-7.480713e-03,3.156429e-03,-1.782227e-02,9.765625e-04,2000,0,-1.496143e-04
2026-07-20T18:14:57.605,1784560497.606,86.203,-7.873901e-03,3.170439e-03,-1.782227e-02,2.685547e-03,2000,0,-1.574780e-04
2026-07-20T18:14:57.705,1784560497.706,86.303,-8.029785e-03,3.205157e-03,-2.050781e-02,3.173828e-03,2000,0,-1.605957e-04
2026-07-20T18:14:57.805,1784560497.806,86.403,-7.598755e-03,3.098778e-03,-1.782227e-02,7.324219e-04,2000,0,-1.519751e-04
2026-07-20T18:14:57.905,1784560497.905,86.503,-8.156372e-03,3.245984e-03,-2.099609e-02,3.417969e-03,2000,0,-1.631274e-04
2026-07-20T18:14:58.005,1784560498.006,86.603,-8.091187e-03,3.155034e-03,-1.855469e-02,1.220703e-03,2000,0,-1.618237e-04
2026-07-20T18:14:58.105,1784560498.105,86.703,-7.911133e-03,3.080865e-03,-1.831055e-02,7.324219e-04,2000,0,-1.582227e-04
2026-07-20T18:14:58.205,1784560498.206,86.803,-8.021484e-03,3.190847e-03,-1.831055e-02,2.441406e-03,2000,0,-1.604297e-04
2026-07-20T18:14:58.307,1784560498.307,86.903,-8.149536e-03,3.222395e-03,-1.733398e-02,3.173828e-03,2000,0,-1.629907e-04
2026-07-20T18:14:58.405,1784560498.405,87.003,-7.500854e-03,3.174645e-03,-1.635742e-02,3.662109e-03,2000,0,-1.500171e-04
2026-07-20T18:14:58.505,1784560498.506,87.103,-7.872681e-03,3.132323e-03,-1.635742e-02,2.441406e-03,2000,0,-1.574536e-04
2026-07-20T18:14:58.605,1784560498.605,87.203,-7.913452e-03,3.233242e-03,-1.782227e-02,1.953125e-03,2000,0,-1.582690e-04
2026-07-20T18:14:58.705,1784560498.705,87.303,-8.079346e-03,3.256001e-03,-1.855469e-02,2.197266e-03,2000,0,-1.615869e-04
2026-07-20T18:14:58.805,1784560498.806,87.403,-8.010498e-03,3.264501e-03,-1.831055e-02,4.150391e-03,2000,0,-1.602100e-04
2026-07-20T18:14:58.905,1784560498.905,87.503,-7.787720e-03,3.330504e-03,-1.708984e-02,2.685547e-03,2000,0,-1.557544e-04
2026-07-20T18:14:59.005,1784560499.006,87.603,-7.686523e-03,3.302517e-03,-1.831055e-02,1.464844e-03,2000,0,-1.537305e-04
2026-07-20T18:14:59.105,1784560499.106,87.703,-7.675781e-03,3.247909e-03,-1.855469e-02,2.929688e-03,2000,0,-1.535156e-04
2026-07-20T18:14:59.205,1784560499.205,87.803,-7.399170e-03,3.319314e-03,-1.757812e-02,7.812500e-03,2000,0,-1.479834e-04
2026-07-20T18:14:59.305,1784560499.306,87.903,-7.871704e-03,3.232469e-03,-1.879883e-02,1.953125e-03,2000,0,-1.574341e-04
2026-07-20T18:14:59.405,1784560499.405,88.003,-7.615967e-03,3.260479e-03,-1.757812e-02,1.708984e-03,2000,0,-1.523193e-04
2026-07-20T18:14:59.505,1784560499.506,88.103,-8.046021e-03,3.112172e-03,-1.904297e-02,1.953125e-03,2000,0,-1.609204e-04
2026-07-20T18:14:59.605,1784560499.606,88.203,-7.759521e-03,3.139746e-03,-1.782227e-02,2.929688e-03,2000,0,-1.551904e-04
2026-07-20T18:14:59.705,1784560499.706,88.303,-7.881714e-03,3.155607e-03,-1.928711e-02,2.441406e-03,2000,0,-1.576343e-04
2026-07-20T18:14:59.805,1784560499.805,88.403,-8.184204e-03,3.174124e-03,-1.708984e-02,1.464844e-03,2000,0,-1.636841e-04
2026-07-20T18:14:59.905,1784560499.905,88.503,-7.152466e-03,3.053365e-03,-1.586914e-02,3.662109e-03,2000,0,-1.430493e-04
2026-07-20T18:15:00.005,1784560500.006,88.603,-8.119507e-03,2.915965e-03,-1.733398e-02,3.662109e-03,2000,0,-1.623901e-04
2026-07-20T18:15:00.105,1784560500.106,88.703,-7.545410e-03,2.896440e-03,-1.684570e-02,2.441406e-03,2000,0,-1.509082e-04
2026-07-20T18:15:00.205,1784560500.205,88.803,-7.856079e-03,2.915602e-03,-1.684570e-02,3.662109e-03,2000,0,-1.571216e-04
2026-07-20T18:15:00.305,1784560500.306,88.903,-7.596313e-03,2.732275e-03,-1.855469e-02,9.765625e-04,2000,0,-1.519263e-04
2026-07-20T18:15:00.408,1784560500.408,89.003,-7.801392e-03,2.777130e-03,-1.684570e-02,7.324219e-04,2000,0,-1.560278e-04
2026-07-20T18:15:00.505,1784560500.506,89.103,-7.052368e-03,2.720899e-03,-1.635742e-02,3.906250e-03,2000,0,-1.410474e-04
2026-07-20T18:15:00.605,1784560500.606,89.203,-7.329346e-03,2.679787e-03,-1.611328e-02,9.765625e-04,2000,0,-1.465869e-04
2026-07-20T18:15:00.705,1784560500.706,89.303,-7.409424e-03,2.709380e-03,-2.075195e-02,1.953125e-03,2000,0,-1.481885e-04
2026-07-20T18:15:00.805,1784560500.806,89.403,-7.719116e-03,2.520167e-03,-1.635742e-02,4.882812e-04,2000,0,-1.543823e-04
2026-07-20T18:15:00.905,1784560500.906,89.503,-7.761108e-03,2.580258e-03,-1.855469e-02,2.197266e-03,2000,0,-1.552222e-04
2026-07-20T18:15:01.005,1784560501.005,89.603,-7.439087e-03,2.518854e-03,-1.733398e-02,1.342773e-02,2000,0,-1.487817e-04
2026-07-20T18:15:01.105,1784560501.106,89.703,-7.504028e-03,2.486558e-03,-1.586914e-02,9.765625e-04,2000,0,-1.500806e-04
2026-07-20T18:15:01.205,1784560501.206,89.803,-7.943359e-03,2.415274e-03,-1.586914e-02,2.441406e-04,2000,0,-1.588672e-04
2026-07-20T18:15:01.305,1784560501.306,89.903,-7.234131e-03,2.418395e-03,-1.586914e-02,3.417969e-03,2000,0,-1.446826e-04
2026-07-20T18:15:01.407,1784560501.408,90.003,-7.710571e-03,2.436399e-03,-1.684570e-02,7.080078e-03,2000,0,-1.542114e-04
2026-07-20T18:15:01.505,1784560501.505,90.103,-7.685791e-03,2.388048e-03,-1.953125e-02,2.441406e-04,2000,0,-1.537158e-04
2026-07-20T18:15:01.605,1784560501.606,90.203,-7.587769e-03,2.451057e-03,-2.392578e-02,4.638672e-03,2000,0,-1.517554e-04
2026-07-20T18:15:01.705,1784560501.705,90.303,-7.515503e-03,2.554260e-03,-1.684570e-02,7.324219e-04,2000,0,-1.503101e-04
2026-07-20T18:15:01.805,1784560501.805,90.403,-7.981567e-03,2.485286e-03,-1.660156e-02,1.708984e-03,2000,0,-1.596313e-04
2026-07-20T18:15:01.905,1784560501.906,90.503,-8.056274e-03,2.627519e-03,-1.831055e-02,9.765625e-04,2000,0,-1.611255e-04
2026-07-20T18:15:02.005,1784560502.006,90.603,-7.326050e-03,2.747655e-03,-1.660156e-02,4.638672e-03,2000,0,-1.465210e-04
2026-07-20T18:15:02.105,1784560502.106,90.703,-8.099365e-03,2.829635e-03,-1.782227e-02,2.197266e-03,2000,0,-1.619873e-04
2026-07-20T18:15:02.205,1784560502.205,90.803,-7.531860e-03,2.939641e-03,-1.684570e-02,4.150391e-03,2000,0,-1.506372e-04
2026-07-20T18:15:02.305,1784560502.306,90.903,-7.367554e-03,2.944279e-03,-1.977539e-02,2.929688e-03,2000,0,-1.473511e-04
2026-07-20T18:15:02.405,1784560502.405,91.003,-7.814819e-03,2.858463e-03,-1.855469e-02,1.464844e-03,2000,0,-1.562964e-04
2026-07-20T18:15:02.505,1784560502.506,91.103,-7.559814e-03,3.221045e-03,-1.757812e-02,8.300781e-03,2000,0,-1.511963e-04
2026-07-20T18:15:02.605,1784560502.605,91.203,-7.566162e-03,3.081147e-03,-1.806641e-02,2.685547e-03,2000,0,-1.513232e-04
2026-07-20T18:15:02.705,1784560502.706,91.303,-7.772095e-03,3.310479e-03,-1.757812e-02,6.103516e-03,2000,0,-1.554419e-04
2026-07-20T18:15:02.805,1784560502.806,91.403,-7.447876e-03,3.440858e-03,-1.904297e-02,3.417969e-03,2000,0,-1.489575e-04
2026-07-20T18:15:02.905,1784560502.906,91.503,-7.766968e-03,3.652687e-03,-2.392578e-02,4.638672e-03,2000,0,-1.553394e-04
2026-07-20T18:15:03.005,1784560503.006,91.603,-7.672852e-03,3.443827e-03,-2.075195e-02,4.638672e-03,2000,0,-1.534570e-04
2026-07-20T18:15:03.105,1784560503.106,91.703,-8.128906e-03,3.495599e-03,-1.904297e-02,2.685547e-03,2000,0,-1.625781e-04
2026-07-20T18:15:03.205,1784560503.206,91.803,-7.681519e-03,3.596620e-03,-1.953125e-02,2.441406e-03,2000,0,-1.536304e-04
2026-07-20T18:15:03.305,1784560503.306,91.903,-7.461060e-03,3.556010e-03,-1.977539e-02,4.638672e-03,2000,0,-1.492212e-04
2026-07-20T18:15:03.407,1784560503.407,92.003,-8.171509e-03,3.640276e-03,-2.783203e-02,1.953125e-03,2000,0,-1.634302e-04
2026-07-20T18:15:03.505,1784560503.505,92.103,-7.640015e-03,3.676877e-03,-2.001953e-02,5.859375e-03,2000,0,-1.528003e-04
2026-07-20T18:15:03.605,1784560503.606,92.203,-7.860352e-03,3.676450e-03,-1.977539e-02,4.150391e-03,2000,0,-1.572070e-04
2026-07-20T18:15:03.705,1784560503.706,92.303,-7.794922e-03,3.750455e-03,-1.879883e-02,4.394531e-03,2000,0,-1.558984e-04
2026-07-20T18:15:03.805,1784560503.806,92.403,-7.970459e-03,3.638469e-03,-2.221680e-02,3.906250e-03,2000,0,-1.594092e-04
2026-07-20T18:15:03.905,1784560503.906,92.503,-8.118286e-03,3.632126e-03,-1.904297e-02,4.882812e-03,2000,0,-1.623657e-04
2026-07-20T18:15:04.006,1784560504.006,92.603,-7.459229e-03,3.769038e-03,-1.757812e-02,3.906250e-03,2000,0,-1.491846e-04
2026-07-20T18:15:04.105,1784560504.106,92.703,-8.048950e-03,3.628635e-03,-1.806641e-02,4.638672e-03,2000,0,-1.609790e-04
2026-07-20T18:15:04.205,1784560504.206,92.803,-7.668091e-03,3.699263e-03,-1.953125e-02,2.685547e-03,2000,0,-1.533618e-04
2026-07-20T18:15:04.305,1784560504.306,92.903,-7.580078e-03,3.714202e-03,-1.904297e-02,7.080078e-03,2000,0,-1.516016e-04
2026-07-20T18:15:04.405,1784560504.406,93.003,-8.014893e-03,3.765285e-03,-1.782227e-02,5.615234e-03,2000,0,-1.602979e-04
2026-07-20T18:15:04.505,1784560504.506,93.103,-7.951904e-03,3.466349e-03,-1.806641e-02,2.197266e-03,2000,0,-1.590381e-04
2026-07-20T18:15:04.605,1784560504.606,93.203,-7.925293e-03,3.630475e-03,-1.904297e-02,3.662109e-03,2000,0,-1.585059e-04
2026-07-20T18:15:04.705,1784560504.706,93.303,-7.761230e-03,3.412296e-03,-1.831055e-02,3.417969e-03,2000,0,-1.552246e-04
2026-07-20T18:15:04.805,1784560504.806,93.403,-7.933594e-03,3.432742e-03,-2.026367e-02,4.150391e-03,2000,0,-1.586719e-04
2026-07-20T18:15:04.907,1784560504.908,93.503,-7.787231e-03,3.547371e-03,-1.977539e-02,4.394531e-03,2000,0,-1.557446e-04
2026-07-20T18:15:05.005,1784560505.006,93.603,-7.863037e-03,3.303622e-03,-2.001953e-02,2.929688e-03,2000,0,-1.572607e-04
2026-07-20T18:15:05.105,1784560505.106,93.703,-7.824585e-03,3.357098e-03,-2.001953e-02,4.882812e-03,2000,0,-1.564917e-04
2026-07-20T18:15:05.205,1784560505.206,93.803,-7.859985e-03,3.220479e-03,-2.026367e-02,2.929688e-03,2000,0,-1.571997e-04
2026-07-20T18:15:05.305,1784560505.306,93.903,-7.874023e-03,3.063858e-03,-1.806641e-02,1.953125e-03,2000,0,-1.574805e-04
2026-07-20T18:15:05.405,1784560505.406,94.003,-8.255493e-03,3.084339e-03,-1.928711e-02,9.765625e-04,2000,0,-1.651099e-04
2026-07-20T18:15:05.505,1784560505.506,94.103,-7.921143e-03,3.052998e-03,-1.928711e-02,1.953125e-03,2000,0,-1.584229e-04
2026-07-20T18:15:05.605,1784560505.605,94.203,-7.894043e-03,3.303372e-03,-2.368164e-02,3.906250e-03,2000,0,-1.578809e-04
2026-07-20T18:15:05.705,1784560505.706,94.303,-7.551636e-03,3.163377e-03,-1.831055e-02,2.197266e-03,2000,0,-1.510327e-04
2026-07-20T18:15:05.805,1784560505.806,94.403,-7.593384e-03,2.990827e-03,-1.879883e-02,1.220703e-03,2000,0,-1.518677e-04
2026-07-20T18:15:05.905,1784560505.906,94.503,-7.583862e-03,3.105239e-03,-1.782227e-02,2.197266e-03,2000,0,-1.516772e-04
2026-07-20T18:15:06.005,1784560506.006,94.603,-7.760864e-03,3.178611e-03,-1.708984e-02,1.708984e-03,2000,0,-1.552173e-04
2026-07-20T18:15:06.105,1784560506.106,94.703,-7.564087e-03,3.218855e-03,-1.928711e-02,3.173828e-03,2000,0,-1.512817e-04
2026-07-20T18:15:06.205,1784560506.205,94.803,-7.712036e-03,3.239316e-03,-2.197266e-02,4.150391e-03,2000,0,-1.542407e-04
2026-07-20T18:15:06.305,1784560506.306,94.903,-7.450684e-03,3.333996e-03,-1.708984e-02,9.277344e-03,2000,0,-1.490137e-04
2026-07-20T18:15:06.405,1784560506.406,95.003,-7.852417e-03,3.269760e-03,-1.757812e-02,4.394531e-03,2000,0,-1.570483e-04
2026-07-20T18:15:06.505,1784560506.505,95.103,-7.523193e-03,3.256883e-03,-1.733398e-02,3.662109e-03,2000,0,-1.504639e-04
2026-07-20T18:15:06.605,1784560506.605,95.203,-7.796631e-03,3.227533e-03,-1.635742e-02,3.906250e-03,2000,0,-1.559326e-04
2026-07-20T18:15:06.705,1784560506.705,95.303,-7.770752e-03,3.338446e-03,-1.953125e-02,7.080078e-03,2000,0,-1.554150e-04
2026-07-20T18:15:06.805,1784560506.806,95.403,-7.182007e-03,3.383724e-03,-1.806641e-02,3.906250e-03,2000,0,-1.436401e-04
2026-07-20T18:15:06.905,1784560506.906,95.503,-7.393311e-03,3.342711e-03,-1.611328e-02,5.126953e-03,2000,0,-1.478662e-04
2026-07-20T18:15:07.006,1784560507.007,95.603,-7.255371e-03,3.435402e-03,-1.806641e-02,6.103516e-03,2000,0,-1.451074e-04
2026-07-20T18:15:07.107,1784560507.107,95.703,-6.900269e-03,3.288784e-03,-1.635742e-02,5.126953e-03,2000,0,-1.380054e-04
2026-07-20T18:15:07.205,1784560507.205,95.803,-7.180176e-03,3.334061e-03,-1.684570e-02,6.835938e-03,2000,0,-1.436035e-04
2026-07-20T18:15:07.305,1784560507.306,95.903,-6.991455e-03,3.369213e-03,-1.562500e-02,3.662109e-03,2000,0,-1.398291e-04
2026-07-20T18:15:07.407,1784560507.407,96.003,-7.488770e-03,3.325942e-03,-1.757812e-02,4.394531e-03,2000,0,-1.497754e-04
2026-07-20T18:15:07.505,1784560507.505,96.103,-7.156738e-03,3.315286e-03,-1.806641e-02,5.615234e-03,2000,0,-1.431348e-04
2026-07-20T18:15:07.605,1784560507.605,96.203,-7.110352e-03,3.391610e-03,-1.660156e-02,1.098633e-02,2000,0,-1.422070e-04
2026-07-20T18:15:07.705,1784560507.705,96.303,-7.164551e-03,3.392855e-03,-1.831055e-02,5.371094e-03,2000,0,-1.432910e-04
2026-07-20T18:15:07.805,1784560507.805,96.403,-7.474121e-03,3.391569e-03,-2.685547e-02,4.882812e-03,2000,0,-1.494824e-04
2026-07-20T18:15:07.907,1784560507.908,96.503,-7.129517e-03,3.418487e-03,-1.855469e-02,3.662109e-03,2000,0,-1.425903e-04
2026-07-20T18:15:08.005,1784560508.005,96.603,-6.893677e-03,3.438906e-03,-1.953125e-02,6.103516e-03,2000,0,-1.378735e-04
2026-07-20T18:15:08.105,1784560508.106,96.703,-6.806152e-03,3.494292e-03,-1.879883e-02,5.126953e-03,2000,0,-1.361230e-04
2026-07-20T18:15:08.205,1784560508.206,96.803,-6.830444e-03,3.394354e-03,-1.782227e-02,5.615234e-03,2000,0,-1.366089e-04
2026-07-20T18:15:08.305,1784560508.305,96.903,-6.947510e-03,3.516432e-03,-1.806641e-02,4.882812e-03,2000,0,-1.389502e-04
2026-07-20T18:15:08.405,1784560508.406,97.003,-6.843140e-03,3.530983e-03,-1.953125e-02,5.615234e-03,2000,0,-1.368628e-04
2026-07-20T18:15:08.505,1784560508.506,97.103,-7.081055e-03,3.350015e-03,-1.879883e-02,3.906250e-03,2000,0,-1.416211e-04
2026-07-20T18:15:08.605,1784560508.605,97.203,-6.863281e-03,3.613763e-03,-1.953125e-02,8.056641e-03,2000,0,-1.372656e-04
2026-07-20T18:15:08.705,1784560508.705,97.303,-7.006104e-03,3.411224e-03,-1.953125e-02,8.056641e-03,2000,0,-1.401221e-04
2026-07-20T18:15:08.805,1784560508.806,97.403,-6.943970e-03,3.073436e-03,-1.831055e-02,3.417969e-03,2000,0,-1.388794e-04
2026-07-20T18:15:08.905,1784560508.906,97.503,-6.966797e-03,3.057433e-03,-1.879883e-02,1.708984e-03,2000,0,-1.393359e-04
2026-07-20T18:15:09.007,1784560509.007,97.603,-6.419312e-03,3.267924e-03,-1.733398e-02,4.638672e-03,2000,0,-1.283862e-04
2026-07-20T18:15:09.105,1784560509.106,97.703,-6.703247e-03,2.914410e-03,-1.733398e-02,4.150391e-03,2000,0,-1.340649e-04
2026-07-20T18:15:09.207,1784560509.207,97.803,-7.038818e-03,3.271944e-03,-1.806641e-02,2.929688e-03,2000,0,-1.407764e-04
2026-07-20T18:15:09.305,1784560509.305,97.903,-6.607788e-03,3.056619e-03,-1.611328e-02,3.906250e-03,2000,0,-1.321558e-04
2026-07-20T18:15:09.407,1784560509.407,98.003,-6.583862e-03,3.025654e-03,-1.782227e-02,3.173828e-03,2000,0,-1.316772e-04
2026-07-20T18:15:09.507,1784560509.507,98.103,-7.048096e-03,3.202738e-03,-1.806641e-02,2.685547e-03,2000,0,-1.409619e-04
2026-07-20T18:15:09.605,1784560509.606,98.203,-7.191162e-03,3.000706e-03,-1.684570e-02,5.126953e-03,2000,0,-1.438232e-04
2026-07-20T18:15:09.707,1784560509.708,98.303,-6.747192e-03,3.162072e-03,-1.757812e-02,6.835938e-03,2000,0,-1.349438e-04
2026-07-20T18:15:09.805,1784560509.805,98.403,-6.908447e-03,3.180346e-03,-1.562500e-02,5.859375e-03,2000,0,-1.381689e-04
2026-07-20T18:15:09.907,1784560509.908,98.503,-7.056152e-03,3.155317e-03,-1.831055e-02,2.685547e-03,2000,0,-1.411230e-04
2026-07-20T18:15:10.006,1784560510.007,98.603,-6.765747e-03,3.207620e-03,-1.562500e-02,3.906250e-03,2000,0,-1.353149e-04
2026-07-20T18:15:10.105,1784560510.105,98.703,-6.645630e-03,3.168762e-03,-1.635742e-02,3.906250e-03,2000,0,-1.329126e-04
2026-07-20T18:15:10.205,1784560510.205,98.803,-7.075317e-03,3.297626e-03,-1.733398e-02,3.662109e-03,2000,0,-1.415063e-04
2026-07-20T18:15:10.305,1784560510.306,98.903,-6.774170e-03,3.216769e-03,-1.635742e-02,2.685547e-03,2000,0,-1.354834e-04
2026-07-20T18:15:10.405,1784560510.405,99.003,-6.948120e-03,3.341610e-03,-1.977539e-02,5.615234e-03,2000,0,-1.389624e-04
2026-07-20T18:15:10.507,1784560510.507,99.103,-6.736084e-03,3.261519e-03,-1.562500e-02,3.906250e-03,2000,0,-1.347217e-04
2026-07-20T18:15:10.605,1784560510.606,99.203,-6.727417e-03,3.266743e-03,-1.782227e-02,2.929688e-03,2000,0,-1.345483e-04
2026-07-20T18:15:10.707,1784560510.707,99.303,-7.032837e-03,3.342517e-03,-1.806641e-02,2.441406e-03,2000,0,-1.406567e-04
2026-07-20T18:15:10.807,1784560510.807,99.403,-6.547729e-03,3.359369e-03,-1.879883e-02,3.662109e-03,2000,0,-1.309546e-04
2026-07-20T18:15:10.905,1784560510.905,99.503,-6.618530e-03,3.310348e-03,-2.441406e-02,5.126953e-03,2000,0,-1.323706e-04
2026-07-20T18:15:11.007,1784560511.007,99.603,-6.517822e-03,3.295674e-03,-1.782227e-02,6.347656e-03,2000,0,-1.303564e-04
2026-07-20T18:15:11.105,1784560511.105,99.703,-6.620850e-03,3.466581e-03,-1.782227e-02,1.220703e-02,2000,0,-1.324170e-04
2026-07-20T18:15:11.207,1784560511.207,99.803,-6.198364e-03,3.328843e-03,-1.708984e-02,3.417969e-03,2000,0,-1.239673e-04
2026-07-20T18:15:11.307,1784560511.307,99.903,-6.883301e-03,3.389410e-03,-2.026367e-02,3.662109e-03,2000,0,-1.376660e-04
2026-07-20T18:15:11.405,1784560511.405,100.003,-6.653931e-03,3.412731e-03,-1.733398e-02,5.126953e-03,2000,0,-1.330786e-04
2026-07-20T18:15:11.505,1784560511.506,100.103,-6.253906e-03,3.484585e-03,-1.806641e-02,3.417969e-03,2000,0,-1.250781e-04
2026-07-20T18:15:11.605,1784560511.606,100.203,-6.908325e-03,3.455703e-03,-2.099609e-02,3.173828e-03,2000,0,-1.381665e-04
2026-07-20T18:15:11.707,1784560511.707,100.303,-6.934937e-03,3.527626e-03,-1.831055e-02,3.417969e-03,2000,0,-1.386987e-04
2026-07-20T18:15:11.805,1784560511.805,100.403,-6.592163e-03,3.637495e-03,-1.782227e-02,7.080078e-03,2000,0,-1.318433e-04
2026-07-20T18:15:11.907,1784560511.907,100.503,-6.805786e-03,3.636903e-03,-1.928711e-02,3.173828e-03,2000,0,-1.361157e-04
2026-07-20T18:15:12.007,1784560512.007,100.603,-6.830444e-03,3.486692e-03,-1.904297e-02,2.197266e-03,2000,0,-1.366089e-04
2026-07-20T18:15:12.105,1784560512.106,100.703,-6.314209e-03,3.459467e-03,-1.928711e-02,2.929688e-03,2000,0,-1.262842e-04
2026-07-20T18:15:12.207,1784560512.207,100.803,-6.690796e-03,3.655047e-03,-1.855469e-02,7.568359e-03,2000,0,-1.338159e-04
2026-07-20T18:15:12.307,1784560512.308,100.903,-6.854248e-03,3.441841e-03,-1.831055e-02,5.615234e-03,2000,0,-1.370850e-04
2026-07-20T18:15:12.405,1784560512.405,101.003,-6.690430e-03,3.494025e-03,-2.246094e-02,3.417969e-03,2000,0,-1.338086e-04
2026-07-20T18:15:12.507,1784560512.507,101.103,-6.686035e-03,3.389609e-03,-1.806641e-02,3.662109e-03,2000,0,-1.337207e-04
2026-07-20T18:15:12.605,1784560512.606,101.203,-6.478271e-03,3.448695e-03,-1.684570e-02,4.882812e-03,2000,0,-1.295654e-04
2026-07-20T18:15:12.705,1784560512.705,101.303,-6.368896e-03,3.406181e-03,-1.977539e-02,4.150391e-03,2000,0,-1.273779e-04
2026-07-20T18:15:12.805,1784560512.805,101.403,-7.652466e-03,3.397783e-03,-1.953125e-02,6.103516e-03,2000,0,-1.530493e-04
2026-07-20T18:15:12.907,1784560512.908,101.503,-7.743896e-03,3.344727e-03,-1.879883e-02,3.173828e-03,2000,0,-1.548779e-04
2026-07-20T18:15:13.007,1784560513.007,101.603,-7.093018e-03,3.353289e-03,-1.733398e-02,4.638672e-03,2000,0,-1.418604e-04
2026-07-20T18:15:13.107,1784560513.107,101.703,-6.806396e-03,3.326441e-03,-1.757812e-02,6.835938e-03,2000,0,-1.361279e-04
2026-07-20T18:15:13.207,1784560513.207,101.803,-6.949707e-03,3.328200e-03,-1.806641e-02,5.615234e-03,2000,0,-1.389941e-04
2026-07-20T18:15:13.305,1784560513.305,101.903,-6.320801e-03,3.470044e-03,-1.562500e-02,1.318359e-02,2000,0,-1.264160e-04
2026-07-20T18:15:13.407,1784560513.407,102.003,-6.973633e-03,3.466246e-03,-1.757812e-02,6.103516e-03,2000,0,-1.394727e-04
2026-07-20T18:15:13.505,1784560513.505,102.103,-6.830200e-03,3.556006e-03,-1.806641e-02,5.371094e-03,2000,0,-1.366040e-04
2026-07-20T18:15:13.605,1784560513.605,102.203,-6.512817e-03,3.644978e-03,-2.124023e-02,4.394531e-03,2000,0,-1.302563e-04
2026-07-20T18:15:13.705,1784560513.705,102.303,-9.330078e-03,3.501664e-03,-2.001953e-02,4.882812e-04,2000,0,-1.866016e-04
2026-07-20T18:15:13.805,1784560513.806,102.403,-6.909912e-03,3.848211e-03,-1.928711e-02,7.568359e-03,2000,0,-1.381982e-04
2026-07-20T18:15:13.905,1784560513.905,102.503,-6.979126e-03,3.791454e-03,-1.831055e-02,5.859375e-03,2000,0,-1.395825e-04
2026-07-20T18:15:14.005,1784560514.005,102.603,-6.753662e-03,3.905032e-03,-1.855469e-02,4.394531e-03,2000,0,-1.350732e-04
2026-07-20T18:15:14.105,1784560514.106,102.703,-6.606567e-03,4.038804e-03,-2.001953e-02,4.638672e-03,2000,0,-1.321313e-04
2026-07-20T18:15:14.205,1784560514.205,102.803,-6.498047e-03,3.918298e-03,-1.806641e-02,6.347656e-03,2000,0,-1.299609e-04
2026-07-20T18:15:14.307,1784560514.307,102.903,-6.548340e-03,3.855709e-03,-1.977539e-02,3.906250e-03,2000,0,-1.309668e-04
2026-07-20T18:15:14.407,1784560514.407,103.003,-6.998169e-03,4.017489e-03,-1.904297e-02,6.347656e-03,2000,0,-1.399634e-04
2026-07-20T18:15:14.505,1784560514.505,103.103,-7.052490e-03,4.081607e-03,-2.368164e-02,4.394531e-03,2000,0,-1.410498e-04
2026-07-20T18:15:14.605,1784560514.605,103.203,-6.764160e-03,4.146458e-03,-1.904297e-02,8.056641e-03,2000,0,-1.352832e-04
2026-07-20T18:15:14.705,1784560514.705,103.303,-6.743774e-03,4.080188e-03,-2.343750e-02,5.859375e-03,2000,0,-1.348755e-04
2026-07-20T18:15:14.805,1784560514.805,103.403,-7.651001e-03,3.962974e-03,-2.197266e-02,2.929688e-03,2000,0,-1.530200e-04
2026-07-20T18:15:14.905,1784560514.905,103.503,-6.712646e-03,4.127904e-03,-2.319336e-02,4.394531e-03,2000,0,-1.342529e-04
2026-07-20T18:15:15.005,1784560515.005,103.603,-6.492554e-03,4.085022e-03,-2.197266e-02,6.103516e-03,2000,0,-1.298511e-04
2026-07-20T18:15:15.105,1784560515.105,103.703,-6.607666e-03,4.141058e-03,-2.124023e-02,1.000977e-02,2000,0,-1.321533e-04
2026-07-20T18:15:15.205,1784560515.205,103.803,-6.334106e-03,4.015430e-03,-2.026367e-02,7.324219e-03,2000,0,-1.266821e-04
2026-07-20T18:15:15.305,1784560515.306,103.903,-6.553955e-03,3.889552e-03,-1.977539e-02,1.147461e-02,2000,0,-1.310791e-04
2026-07-20T18:15:15.407,1784560515.407,104.003,-6.750488e-03,4.093041e-03,-2.270508e-02,5.615234e-03,2000,0,-1.350098e-04
2026-07-20T18:15:15.505,1784560515.505,104.103,-6.468872e-03,3.924237e-03,-2.197266e-02,5.615234e-03,2000,0,-1.293774e-04
2026-07-20T18:15:15.606,1784560515.606,104.203,-6.676025e-03,3.883432e-03,-2.124023e-02,5.126953e-03,2000,0,-1.335205e-04
2026-07-20T18:15:15.705,1784560515.705,104.303,-6.524048e-03,3.933806e-03,-2.124023e-02,5.371094e-03,2000,0,-1.304810e-04
2026-07-20T18:15:15.807,1784560515.807,104.403,-7.891968e-03,3.771570e-03,-2.172852e-02,3.417969e-03,2000,0,-1.578394e-04
2026-07-20T18:15:15.905,1784560515.905,104.503,-6.482422e-03,3.726983e-03,-2.050781e-02,4.638672e-03,2000,0,-1.296484e-04
2026-07-20T18:15:16.007,1784560516.007,104.603,-6.028809e-03,3.579816e-03,-1.953125e-02,7.812500e-03,2000,0,-1.205762e-04
2026-07-20T18:15:16.105,1784560516.105,104.703,-6.109741e-03,3.468068e-03,-2.026367e-02,5.126953e-03,2000,0,-1.221948e-04
2026-07-20T18:15:16.205,1784560516.206,104.803,-5.973877e-03,3.220196e-03,-1.757812e-02,5.126953e-03,2000,0,-1.194775e-04
2026-07-20T18:15:16.305,1784560516.305,104.903,-5.901123e-03,3.237067e-03,-1.660156e-02,5.859375e-03,2000,0,-1.180225e-04
2026-07-20T18:15:16.406,1784560516.406,105.003,-6.421875e-03,3.262221e-03,-1.684570e-02,8.056641e-03,2000,0,-1.284375e-04
2026-07-20T18:15:16.505,1784560516.506,105.103,-5.927856e-03,3.196264e-03,-1.684570e-02,5.126953e-03,2000,0,-1.185571e-04
2026-07-20T18:15:16.605,1784560516.606,105.203,-5.936157e-03,3.162838e-03,-2.685547e-02,5.615234e-03,2000,0,-1.187231e-04
2026-07-20T18:15:16.705,1784560516.705,105.303,-6.398071e-03,3.161709e-03,-1.977539e-02,4.638672e-03,2000,0,-1.279614e-04
2026-07-20T18:15:16.807,1784560516.808,105.403,-6.125610e-03,3.139323e-03,-1.757812e-02,5.126953e-03,2000,0,-1.225122e-04
2026-07-20T18:15:16.905,1784560516.905,105.503,-6.049927e-03,3.058628e-03,-1.586914e-02,4.882812e-03,2000,0,-1.209985e-04
2026-07-20T18:15:17.007,1784560517.007,105.603,-6.466431e-03,3.199340e-03,-1.806641e-02,5.371094e-03,2000,0,-1.293286e-04
2026-07-20T18:15:17.105,1784560517.105,105.703,-6.183228e-03,3.240877e-03,-1.660156e-02,3.417969e-03,2000,0,-1.236646e-04
2026-07-20T18:15:17.207,1784560517.207,105.803,-6.135010e-03,3.285605e-03,-1.611328e-02,6.103516e-03,2000,0,-1.227002e-04
2026-07-20T18:15:17.307,1784560517.307,105.903,-6.390503e-03,3.290602e-03,-1.660156e-02,4.394531e-03,2000,0,-1.278101e-04
2026-07-20T18:15:17.405,1784560517.406,106.003,-5.727295e-03,3.429757e-03,-1.708984e-02,4.394531e-03,2000,0,-1.145459e-04
2026-07-20T18:15:17.505,1784560517.505,106.103,-6.073608e-03,3.369118e-03,-1.782227e-02,4.394531e-03,2000,0,-1.214722e-04
2026-07-20T18:15:17.607,1784560517.607,106.203,-6.425903e-03,3.488852e-03,-1.733398e-02,5.371094e-03,2000,0,-1.285181e-04
2026-07-20T18:15:17.705,1784560517.705,106.303,-6.290771e-03,3.433703e-03,-2.612305e-02,4.150391e-03,2000,0,-1.258154e-04
2026-07-20T18:15:17.805,1784560517.805,106.403,-6.071289e-03,3.431219e-03,-1.831055e-02,6.103516e-03,2000,0,-1.214258e-04
2026-07-20T18:15:17.907,1784560517.907,106.503,-5.805420e-03,3.302259e-03,-1.513672e-02,7.080078e-03,2000,0,-1.161084e-04
2026-07-20T18:15:18.005,1784560518.005,106.603,-5.650513e-03,3.399807e-03,-1.635742e-02,6.103516e-03,2000,0,-1.130103e-04
2026-07-20T18:15:18.105,1784560518.106,106.703,-5.760864e-03,3.421374e-03,-1.586914e-02,5.859375e-03,2000,0,-1.152173e-04
2026-07-20T18:15:18.207,1784560518.208,106.803,-5.702026e-03,3.367549e-03,-2.368164e-02,4.394531e-03,2000,0,-1.140405e-04
2026-07-20T18:15:18.305,1784560518.305,106.903,-5.497803e-03,3.388014e-03,-1.611328e-02,6.103516e-03,2000,0,-1.099561e-04
2026-07-20T18:15:18.405,1784560518.405,107.003,-5.600464e-03,3.449845e-03,-1.757812e-02,6.835938e-03,2000,0,-1.120093e-04
2026-07-20T18:15:18.507,1784560518.507,107.103,-6.270142e-03,3.392191e-03,-1.733398e-02,3.417969e-03,2000,0,-1.254028e-04
2026-07-20T18:15:18.605,1784560518.605,107.203,-5.872803e-03,3.405171e-03,-1.660156e-02,9.033203e-03,2000,0,-1.174561e-04
2026-07-20T18:15:18.705,1784560518.705,107.303,-5.954224e-03,3.335845e-03,-1.611328e-02,1.220703e-02,2000,0,-1.190845e-04
2026-07-20T18:15:18.807,1784560518.808,107.403,-6.415039e-03,3.207675e-03,-1.684570e-02,5.859375e-03,2000,0,-1.283008e-04
2026-07-20T18:15:18.905,1784560518.905,107.503,-6.325073e-03,3.311891e-03,-1.782227e-02,5.371094e-03,2000,0,-1.265015e-04
2026-07-20T18:15:19.007,1784560519.008,107.603,-5.549316e-03,3.084059e-03,-1.831055e-02,3.417969e-03,2000,0,-1.109863e-04
2026-07-20T18:15:19.107,1784560519.108,107.703,-6.213989e-03,3.146410e-03,-1.586914e-02,4.394531e-03,2000,0,-1.242798e-04
2026-07-20T18:15:19.207,1784560519.208,107.803,-5.837646e-03,2.974201e-03,-1.708984e-02,6.835938e-03,2000,0,-1.167529e-04
2026-07-20T18:15:19.307,1784560519.307,107.903,-5.494141e-03,3.032940e-03,-1.513672e-02,5.859375e-03,2000,0,-1.098828e-04
2026-07-20T18:15:19.407,1784560519.407,108.003,-5.986694e-03,2.947664e-03,-1.562500e-02,3.417969e-03,2000,0,-1.197339e-04
2026-07-20T18:15:19.505,1784560519.505,108.103,-5.493408e-03,2.829505e-03,-1.464844e-02,3.906250e-03,2000,0,-1.098682e-04
2026-07-20T18:15:19.605,1784560519.606,108.203,-5.243896e-03,2.839887e-03,-1.464844e-02,5.371094e-03,2000,0,-1.048779e-04
2026-07-20T18:15:19.705,1784560519.705,108.303,-5.724731e-03,2.861546e-03,-1.635742e-02,9.033203e-03,2000,0,-1.144946e-04
2026-07-20T18:15:19.805,1784560519.806,108.403,-5.190430e-03,2.802979e-03,-1.733398e-02,7.080078e-03,2000,0,-1.038086e-04
2026-07-20T18:15:19.907,1784560519.907,108.503,-5.917480e-03,2.782414e-03,-1.660156e-02,3.417969e-03,2000,0,-1.183496e-04
2026-07-20T18:15:20.007,1784560520.007,108.603,-6.066406e-03,2.684436e-03,-1.684570e-02,2.685547e-03,2000,0,-1.213281e-04
2026-07-20T18:15:20.105,1784560520.106,108.703,-5.280273e-03,2.574180e-03,-1.831055e-02,2.441406e-03,2000,0,-1.056055e-04
2026-07-20T18:15:20.205,1784560520.205,108.803,-4.985107e-03,2.585753e-03,-1.782227e-02,3.173828e-03,2000,0,-9.970215e-05
2026-07-20T18:15:20.307,1784560520.308,108.903,-5.069214e-03,2.453869e-03,-1.513672e-02,3.906250e-03,2000,0,-1.013843e-04
2026-07-20T18:15:20.407,1784560520.407,109.003,-5.781372e-03,2.477798e-03,-2.026367e-02,1.953125e-03,2000,0,-1.156274e-04
2026-07-20T18:15:20.505,1784560520.505,109.103,-5.364990e-03,2.453818e-03,-1.782227e-02,4.150391e-03,2000,0,-1.072998e-04
2026-07-20T18:15:20.607,1784560520.608,109.203,-5.536743e-03,2.424577e-03,-1.586914e-02,1.708984e-03,2000,0,-1.107349e-04
2026-07-20T18:15:20.706,1784560520.707,109.303,-5.590332e-03,2.601669e-03,-1.440430e-02,3.906250e-03,2000,0,-1.118066e-04
2026-07-20T18:15:20.806,1784560520.807,109.403,-5.107056e-03,2.578637e-03,-1.416016e-02,8.544922e-03,2000,0,-1.021411e-04
2026-07-20T18:15:20.905,1784560520.905,109.503,-5.835693e-03,2.490277e-03,-1.464844e-02,2.685547e-03,2000,0,-1.167139e-04
2026-07-20T18:15:21.007,1784560521.008,109.603,-4.879028e-03,2.608266e-03,-1.782227e-02,4.394531e-03,2000,0,-9.758057e-05
2026-07-20T18:15:21.105,1784560521.105,109.703,-5.001587e-03,2.494214e-03,-1.391602e-02,4.882812e-03,2000,0,-1.000317e-04
2026-07-20T18:15:21.207,1784560521.208,109.803,-5.174683e-03,2.669779e-03,-1.513672e-02,4.638672e-03,2000,0,-1.034937e-04
2026-07-20T18:15:21.305,1784560521.306,109.903,-5.197754e-03,2.679402e-03,-1.489258e-02,6.103516e-03,2000,0,-1.039551e-04
2026-07-20T18:15:21.407,1784560521.407,110.003,-5.024170e-03,2.775663e-03,-1.611328e-02,4.638672e-03,2000,0,-1.004834e-04
2026-07-20T18:15:21.505,1784560521.506,110.103,-5.717407e-03,2.686838e-03,-2.099609e-02,3.173828e-03,2000,0,-1.143481e-04
2026-07-20T18:15:21.607,1784560521.608,110.203,-5.270264e-03,2.848384e-03,-1.513672e-02,5.859375e-03,2000,0,-1.054053e-04
2026-07-20T18:15:21.707,1784560521.707,110.303,-5.014038e-03,3.010696e-03,-1.416016e-02,6.347656e-03,2000,0,-1.002808e-04
2026-07-20T18:15:21.807,1784560521.808,110.403,-4.598633e-03,2.805930e-03,-1.440430e-02,4.882812e-03,2000,0,-9.197266e-05
2026-07-20T18:15:21.907,1784560521.907,110.503,-4.639648e-03,2.902718e-03,-1.831055e-02,6.347656e-03,2000,0,-9.279297e-05
2026-07-20T18:15:22.007,1784560522.007,110.603,-4.892456e-03,3.075164e-03,-1.489258e-02,8.544922e-03,2000,0,-9.784912e-05
2026-07-20T18:15:22.105,1784560522.106,110.703,-4.873535e-03,3.031186e-03,-1.367188e-02,6.347656e-03,2000,0,-9.747070e-05
2026-07-20T18:15:22.205,1784560522.206,110.803,-5.055420e-03,3.046188e-03,-1.464844e-02,3.417969e-03,2000,0,-1.011084e-04
2026-07-20T18:15:22.307,1784560522.308,110.903,-4.928711e-03,3.110093e-03,-1.635742e-02,8.056641e-03,2000,0,-9.857422e-05
2026-07-20T18:15:22.407,1784560522.407,111.003,-5.089722e-03,3.052785e-03,-1.635742e-02,5.371094e-03,2000,0,-1.017944e-04
2026-07-20T18:15:22.505,1784560522.505,111.103,-4.998657e-03,3.149257e-03,-1.708984e-02,4.394531e-03,2000,0,-9.997314e-05
2026-07-20T18:15:22.605,1784560522.605,111.203,-4.451172e-03,3.101328e-03,-1.782227e-02,4.394531e-03,2000,0,-8.902344e-05
2026-07-20T18:15:22.705,1784560522.705,111.303,-5.386108e-03,3.120359e-03,-1.513672e-02,5.371094e-03,2000,0,-1.077222e-04
2026-07-20T18:15:22.805,1784560522.805,111.403,-5.248535e-03,3.034374e-03,-1.391602e-02,5.371094e-03,2000,0,-1.049707e-04
2026-07-20T18:15:22.905,1784560522.905,111.503,-5.201538e-03,3.187472e-03,-1.538086e-02,5.615234e-03,2000,0,-1.040308e-04
2026-07-20T18:15:23.005,1784560523.005,111.603,-5.169312e-03,3.044321e-03,-1.733398e-02,4.638672e-03,2000,0,-1.033862e-04
2026-07-20T18:15:23.105,1784560523.106,111.703,-4.494385e-03,3.016364e-03,-1.733398e-02,8.544922e-03,2000,0,-8.988770e-05
2026-07-20T18:15:23.207,1784560523.208,111.803,-5.037598e-03,3.163530e-03,-1.440430e-02,4.150391e-03,2000,0,-1.007520e-04
2026-07-20T18:15:23.307,1784560523.307,111.903,-4.807251e-03,3.111311e-03,-1.586914e-02,6.835938e-03,2000,0,-9.614502e-05
2026-07-20T18:15:23.405,1784560523.405,112.003,-4.913330e-03,3.034918e-03,-1.538086e-02,6.103516e-03,2000,0,-9.826660e-05
2026-07-20T18:15:23.507,1784560523.507,112.103,-4.893921e-03,3.160697e-03,-1.586914e-02,8.544922e-03,2000,0,-9.787842e-05
2026-07-20T18:15:23.607,1784560523.608,112.203,-5.081787e-03,3.003344e-03,-1.538086e-02,4.882812e-03,2000,0,-1.016357e-04
2026-07-20T18:15:23.707,1784560523.707,112.303,-5.778809e-03,3.037929e-03,-1.562500e-02,4.150391e-03,2000,0,-1.155762e-04
2026-07-20T18:15:23.805,1784560523.805,112.403,-4.712891e-03,2.912113e-03,-1.489258e-02,6.103516e-03,2000,0,-9.425781e-05
2026-07-20T18:15:23.905,1784560523.905,112.503,-5.447876e-03,2.876911e-03,-1.611328e-02,4.150391e-03,2000,0,-1.089575e-04
2026-07-20T18:15:24.005,1784560524.006,112.603,-5.177979e-03,3.087325e-03,-1.611328e-02,5.615234e-03,2000,0,-1.035596e-04
2026-07-20T18:15:24.107,1784560524.108,112.703,-4.932739e-03,3.064706e-03,-1.660156e-02,1.123047e-02,2000,0,-9.865479e-05
2026-07-20T18:15:24.207,1784560524.207,112.803,-5.260864e-03,2.911889e-03,-1.489258e-02,5.615234e-03,2000,0,-1.052173e-04
2026-07-20T18:15:24.307,1784560524.307,112.903,-5.057617e-03,2.882962e-03,-1.464844e-02,5.126953e-03,2000,0,-1.011523e-04
2026-07-20T18:15:24.405,1784560524.406,113.003,-5.930664e-03,2.918719e-03,-1.538086e-02,4.394531e-03,2000,0,-1.186133e-04
2026-07-20T18:15:24.505,1784560524.505,113.103,-5.655762e-03,2.840148e-03,-1.684570e-02,5.859375e-03,2000,0,-1.131152e-04
2026-07-20T18:15:24.605,1784560524.605,113.203,-5.707764e-03,2.964357e-03,-1.562500e-02,6.591797e-03,2000,0,-1.141553e-04
2026-07-20T18:15:24.705,1784560524.705,113.303,-6.215942e-03,2.905606e-03,-2.075195e-02,7.812500e-03,2000,0,-1.243188e-04
2026-07-20T18:15:24.807,1784560524.808,113.403,-5.184326e-03,3.182228e-03,-1.708984e-02,3.906250e-03,2000,0,-1.036865e-04
2026-07-20T18:15:24.907,1784560524.908,113.503,-5.650269e-03,3.289471e-03,-1.831055e-02,7.324219e-03,2000,0,-1.130054e-04
2026-07-20T18:15:25.007,1784560525.007,113.603,-5.784302e-03,3.041986e-03,-1.635742e-02,4.394531e-03,2000,0,-1.156860e-04
2026-07-20T18:15:25.105,1784560525.106,113.703,-5.203003e-03,3.432746e-03,-1.855469e-02,1.074219e-02,2000,0,-1.040601e-04
2026-07-20T18:15:25.207,1784560525.208,113.803,-5.862427e-03,3.288914e-03,-1.831055e-02,5.615234e-03,2000,0,-1.172485e-04
2026-07-20T18:15:25.307,1784560525.308,113.903,-5.571777e-03,3.631589e-03,-2.001953e-02,7.324219e-03,2000,0,-1.114355e-04
2026-07-20T18:15:25.407,1784560525.408,114.003,-5.954346e-03,3.682930e-03,-1.904297e-02,5.126953e-03,2000,0,-1.190869e-04
2026-07-20T18:15:25.507,1784560525.508,114.103,-5.550171e-03,3.775976e-03,-1.782227e-02,7.324219e-03,2000,0,-1.110034e-04
2026-07-20T18:15:25.607,1784560525.607,114.203,-5.471436e-03,3.638785e-03,-2.099609e-02,6.103516e-03,2000,0,-1.094287e-04
2026-07-20T18:15:25.707,1784560525.707,114.303,-5.666992e-03,3.641561e-03,-1.879883e-02,6.347656e-03,2000,0,-1.133398e-04
2026-07-20T18:15:25.807,1784560525.807,114.403,-5.683228e-03,3.583340e-03,-1.733398e-02,6.835938e-03,2000,0,-1.136646e-04
2026-07-20T18:15:25.905,1784560525.905,114.503,-5.975830e-03,3.654594e-03,-1.879883e-02,7.568359e-03,2000,0,-1.195166e-04
2026-07-20T18:15:26.007,1784560526.007,114.603,-5.585693e-03,3.697601e-03,-1.855469e-02,6.103516e-03,2000,0,-1.117139e-04
2026-07-20T18:15:26.107,1784560526.107,114.703,-5.648804e-03,3.760880e-03,-2.099609e-02,6.835938e-03,2000,0,-1.129761e-04
2026-07-20T18:15:26.205,1784560526.205,114.803,-5.817749e-03,3.879220e-03,-1.953125e-02,5.371094e-03,2000,0,-1.163550e-04
2026-07-20T18:15:26.305,1784560526.305,114.903,-5.767700e-03,3.762179e-03,-1.953125e-02,5.126953e-03,2000,0,-1.153540e-04
2026-07-20T18:15:26.405,1784560526.405,115.003,-5.854492e-03,3.808168e-03,-1.855469e-02,6.591797e-03,2000,0,-1.170898e-04
2026-07-20T18:15:26.505,1784560526.505,115.103,-5.831177e-03,3.772175e-03,-2.001953e-02,5.126953e-03,2000,0,-1.166235e-04
2026-07-20T18:15:26.607,1784560526.608,115.203,-6.014648e-03,3.862197e-03,-1.977539e-02,6.103516e-03,2000,0,-1.202930e-04
2026-07-20T18:15:26.705,1784560526.705,115.303,-5.925903e-03,3.787834e-03,-1.928711e-02,5.859375e-03,2000,0,-1.185181e-04
2026-07-20T18:15:26.805,1784560526.806,115.403,-6.766357e-03,3.810571e-03,-1.928711e-02,4.638672e-03,2000,0,-1.353271e-04
2026-07-20T18:15:26.905,1784560526.905,115.503,-6.767944e-03,3.878879e-03,-2.050781e-02,3.417969e-03,2000,0,-1.353589e-04
2026-07-20T18:15:27.005,1784560527.005,115.603,-6.376831e-03,3.736454e-03,-1.904297e-02,3.173828e-03,2000,0,-1.275366e-04
2026-07-20T18:15:27.105,1784560527.105,115.703,-5.977661e-03,3.931132e-03,-1.879883e-02,6.347656e-03,2000,0,-1.195532e-04
2026-07-20T18:15:27.205,1784560527.205,115.803,-6.770752e-03,4.040890e-03,-2.343750e-02,6.591797e-03,2000,0,-1.354150e-04
2026-07-20T18:15:27.307,1784560527.308,115.903,-5.936035e-03,3.892749e-03,-1.879883e-02,9.033203e-03,2000,0,-1.187207e-04
2026-07-20T18:15:27.405,1784560527.406,116.003,-6.092529e-03,3.828511e-03,-1.855469e-02,5.371094e-03,2000,0,-1.218506e-04
2026-07-20T18:15:27.507,1784560527.507,116.103,-5.961914e-03,3.976965e-03,-2.343750e-02,4.638672e-03,2000,0,-1.192383e-04
2026-07-20T18:15:27.605,1784560527.605,116.203,-6.444580e-03,3.925705e-03,-1.782227e-02,4.394531e-03,2000,0,-1.288916e-04
2026-07-20T18:15:27.707,1784560527.707,116.303,-6.540771e-03,3.856721e-03,-1.757812e-02,8.056641e-03,2000,0,-1.308154e-04
2026-07-20T18:15:27.807,1784560527.808,116.403,-6.988403e-03,3.781978e-03,-1.977539e-02,7.080078e-03,2000,0,-1.397681e-04
2026-07-20T18:15:27.905,1784560527.906,116.503,-7.341675e-03,3.736200e-03,-2.246094e-02,4.394531e-03,2000,0,-1.468335e-04
2026-07-20T18:15:28.007,1784560528.007,116.603,-7.197021e-03,3.841509e-03,-1.904297e-02,3.906250e-03,2000,0,-1.439404e-04
2026-07-20T18:15:28.105,1784560528.106,116.703,-6.891724e-03,3.759617e-03,-1.977539e-02,5.859375e-03,2000,0,-1.378345e-04
2026-07-20T18:15:28.205,1784560528.206,116.803,-6.425537e-03,3.403335e-03,-1.806641e-02,5.371094e-03,2000,0,-1.285107e-04
2026-07-20T18:15:28.305,1784560528.306,116.903,-6.743896e-03,3.606023e-03,-1.904297e-02,6.347656e-03,2000,0,-1.348779e-04
2026-07-20T18:15:28.405,1784560528.406,117.003,-6.915283e-03,3.560156e-03,-2.075195e-02,4.394531e-03,2000,0,-1.383057e-04
2026-07-20T18:15:28.505,1784560528.505,117.103,-7.073120e-03,3.897617e-03,-2.197266e-02,6.103516e-03,2000,0,-1.414624e-04
2026-07-20T18:15:28.605,1784560528.606,117.203,-7.312988e-03,3.369202e-03,-1.928711e-02,2.929688e-03,2000,0,-1.462598e-04
2026-07-20T18:15:28.707,1784560528.708,117.303,-7.370361e-03,3.252731e-03,-1.855469e-02,5.371094e-03,2000,0,-1.474072e-04
2026-07-20T18:15:28.805,1784560528.806,117.403,-7.064941e-03,3.314753e-03,-1.953125e-02,8.300781e-03,2000,0,-1.412988e-04
2026-07-20T18:15:28.905,1784560528.905,117.503,-7.414307e-03,3.392798e-03,-2.026367e-02,6.347656e-03,2000,0,-1.482861e-04
2026-07-20T18:15:29.005,1784560529.005,117.603,-7.468262e-03,3.281307e-03,-2.026367e-02,5.126953e-03,2000,0,-1.493652e-04
2026-07-20T18:15:29.105,1784560529.105,117.703,-7.495972e-03,3.357245e-03,-1.757812e-02,3.417969e-03,2000,0,-1.499194e-04
2026-07-20T18:15:29.205,1784560529.205,117.803,-7.423096e-03,3.314662e-03,-2.075195e-02,4.150391e-03,2000,0,-1.484619e-04
2026-07-20T18:15:29.305,1784560529.305,117.903,-7.155273e-03,3.220826e-03,-1.782227e-02,3.417969e-03,2000,0,-1.431055e-04
2026-07-20T18:15:29.405,1784560529.405,118.003,-7.402100e-03,3.369771e-03,-1.684570e-02,2.929688e-03,2000,0,-1.480420e-04
2026-07-20T18:15:29.505,1784560529.505,118.103,-7.625610e-03,3.390440e-03,-1.806641e-02,4.638672e-03,2000,0,-1.525122e-04
2026-07-20T18:15:29.607,1784560529.607,118.203,-7.914185e-03,3.273907e-03,-1.855469e-02,1.953125e-03,2000,0,-1.582837e-04
2026-07-20T18:15:29.707,1784560529.707,118.303,-8.218384e-03,3.402681e-03,-1.977539e-02,4.638672e-03,2000,0,-1.643677e-04
2026-07-20T18:15:29.807,1784560529.807,118.403,-7.891968e-03,3.476888e-03,-1.831055e-02,7.324219e-03,2000,0,-1.578394e-04
2026-07-20T18:15:29.905,1784560529.905,118.503,-7.855225e-03,3.396771e-03,-1.904297e-02,2.197266e-03,2000,0,-1.571045e-04
2026-07-20T18:15:30.005,1784560530.005,118.603,-7.486816e-03,3.517722e-03,-1.806641e-02,4.394531e-03,2000,0,-1.497363e-04
2026-07-20T18:15:30.107,1784560530.107,118.703,-7.782959e-03,3.580215e-03,-2.001953e-02,3.906250e-03,2000,0,-1.556592e-04
2026-07-20T18:15:30.205,1784560530.205,118.803,-7.921143e-03,3.521054e-03,-1.928711e-02,2.929688e-03,2000,0,-1.584229e-04
2026-07-20T18:15:30.305,1784560530.305,118.903,-7.958984e-03,3.487342e-03,-2.099609e-02,2.685547e-03,2000,0,-1.591797e-04
2026-07-20T18:15:30.405,1784560530.405,119.003,-7.740723e-03,3.430046e-03,-1.782227e-02,3.662109e-03,2000,0,-1.548145e-04
2026-07-20T18:15:30.505,1784560530.505,119.103,-7.975342e-03,3.489402e-03,-2.148438e-02,1.708984e-03,2000,0,-1.595068e-04
2026-07-20T18:15:30.605,1784560530.605,119.203,-7.857178e-03,3.645703e-03,-2.246094e-02,4.394531e-03,2000,0,-1.571436e-04
2026-07-20T18:15:30.707,1784560530.707,119.303,-8.414551e-03,3.555528e-03,-2.197266e-02,1.953125e-03,2000,0,-1.682910e-04
2026-07-20T18:15:30.805,1784560530.806,119.403,-8.380737e-03,3.439137e-03,-1.806641e-02,3.417969e-03,2000,0,-1.676147e-04
2026-07-20T18:15:30.907,1784560530.908,119.503,-8.208130e-03,3.410274e-03,-1.806641e-02,3.662109e-03,2000,0,-1.641626e-04
2026-07-20T18:15:31.007,1784560531.007,119.603,-7.785034e-03,3.297524e-03,-1.855469e-02,3.417969e-03,2000,0,-1.557007e-04
2026-07-20T18:15:31.105,1784560531.106,119.703,-8.283569e-03,3.501206e-03,-2.026367e-02,4.882812e-03,2000,0,-1.656714e-04
2026-07-20T18:15:31.205,1784560531.205,119.803,-8.597778e-03,3.487911e-03,-1.904297e-02,3.173828e-03,2000,0,-1.719556e-04
2026-07-20T18:15:31.307,1784560531.307,119.903,-8.491455e-03,3.581153e-03,-1.953125e-02,3.662109e-03,2000,0,-1.698291e-04
2026-07-20T18:15:31.407,1784560531.407,120.003,-8.342651e-03,3.600624e-03,-2.221680e-02,7.324219e-03,2000,0,-1.668530e-04
2026-07-20T18:15:31.505,1784560531.505,120.103,-8.460205e-03,3.637430e-03,-1.977539e-02,4.150391e-03,2000,0,-1.692041e-04
2026-07-20T18:15:31.607,1784560531.607,120.203,-8.335693e-03,3.608094e-03,-1.953125e-02,2.929688e-03,2000,0,-1.667139e-04
2026-07-20T18:15:31.707,1784560531.707,120.303,-8.636597e-03,3.598955e-03,-2.050781e-02,4.150391e-03,2000,0,-1.727319e-04
2026-07-20T18:15:31.805,1784560531.805,120.403,-8.661743e-03,3.507813e-03,-1.855469e-02,4.882812e-03,2000,0,-1.732349e-04
2026-07-20T18:15:31.905,1784560531.906,120.503,-8.418335e-03,3.582598e-03,-1.977539e-02,4.638672e-03,2000,0,-1.683667e-04
2026-07-20T18:15:32.005,1784560532.005,120.603,-8.735352e-03,3.548167e-03,-1.831055e-02,4.882812e-03,2000,0,-1.747070e-04
2026-07-20T18:15:32.105,1784560532.105,120.703,-9.457520e-03,3.607366e-03,-2.490234e-02,5.859375e-03,2000,0,-1.891504e-04
2026-07-20T18:15:32.205,1784560532.206,120.803,-8.403320e-03,3.711593e-03,-1.831055e-02,8.300781e-03,2000,0,-1.680664e-04
2026-07-20T18:15:32.305,1784560532.305,120.903,-9.215820e-03,3.585640e-03,-2.075195e-02,2.441406e-03,2000,0,-1.843164e-04
2026-07-20T18:15:32.407,1784560532.408,121.003,-8.490723e-03,3.580060e-03,-2.026367e-02,4.638672e-03,2000,0,-1.698145e-04
2026-07-20T18:15:32.505,1784560532.506,121.103,-8.717773e-03,3.596016e-03,-1.831055e-02,3.662109e-03,2000,0,-1.743555e-04
2026-07-20T18:15:32.605,1784560532.605,121.203,-9.580933e-03,3.565216e-03,-2.148438e-02,2.197266e-03,2000,0,-1.916187e-04
2026-07-20T18:15:32.705,1784560532.705,121.303,-9.415161e-03,3.667175e-03,-2.026367e-02,3.662109e-03,2000,0,-1.883032e-04
2026-07-20T18:15:32.807,1784560532.808,121.403,-9.257935e-03,3.430937e-03,-1.879883e-02,5.126953e-03,2000,0,-1.851587e-04
2026-07-20T18:15:32.907,1784560532.908,121.503,-9.187744e-03,3.441953e-03,-2.148438e-02,2.929688e-03,2000,0,-1.837549e-04
2026-07-20T18:15:33.005,1784560533.005,121.603,-8.938599e-03,3.621992e-03,-2.099609e-02,3.417969e-03,2000,0,-1.787720e-04
2026-07-20T18:15:33.105,1784560533.105,121.703,-8.953613e-03,3.508427e-03,-2.197266e-02,5.371094e-03,2000,0,-1.790723e-04
2026-07-20T18:15:33.205,1784560533.205,121.803,-9.316040e-03,3.566078e-03,-2.001953e-02,2.929688e-03,2000,0,-1.863208e-04
2026-07-20T18:15:33.305,1784560533.305,121.903,-9.136719e-03,3.581571e-03,-2.539062e-02,1.464844e-03,2000,0,-1.827344e-04
2026-07-20T18:15:33.405,1784560533.406,122.003,-9.004150e-03,3.314607e-03,-1.977539e-02,1.708984e-03,2000,0,-1.800830e-04
2026-07-20T18:15:33.505,1784560533.506,122.103,-9.544556e-03,3.480195e-03,-2.587891e-02,1.220703e-03,2000,0,-1.908911e-04
2026-07-20T18:15:33.605,1784560533.606,122.203,-9.493286e-03,3.305290e-03,-2.075195e-02,2.197266e-03,2000,0,-1.898657e-04
2026-07-20T18:15:33.705,1784560533.705,122.303,-9.132446e-03,3.517288e-03,-2.221680e-02,3.906250e-03,2000,0,-1.826489e-04
2026-07-20T18:15:33.805,1784560533.805,122.403,-8.859619e-03,3.474220e-03,-2.270508e-02,3.173828e-03,2000,0,-1.771924e-04
2026-07-20T18:15:33.905,1784560533.905,122.503,-8.687378e-03,3.419268e-03,-2.172852e-02,3.173828e-03,2000,0,-1.737476e-04
2026-07-20T18:15:34.007,1784560534.008,122.603,-8.957397e-03,3.490546e-03,-2.050781e-02,3.173828e-03,2000,0,-1.791479e-04
2026-07-20T18:15:34.105,1784560534.105,122.703,-8.946411e-03,3.487052e-03,-2.368164e-02,1.953125e-03,2000,0,-1.789282e-04
2026-07-20T18:15:34.205,1784560534.205,122.803,-9.177979e-03,3.492400e-03,-2.416992e-02,6.103516e-03,2000,0,-1.835596e-04
2026-07-20T18:15:34.305,1784560534.306,122.903,-9.230225e-03,3.420895e-03,-2.221680e-02,9.765625e-04,2000,0,-1.846045e-04
2026-07-20T18:15:34.405,1784560534.406,123.003,-9.252075e-03,3.559582e-03,-2.099609e-02,2.441406e-03,2000,0,-1.850415e-04
2026-07-20T18:15:34.505,1784560534.506,123.103,-8.803955e-03,3.362680e-03,-1.904297e-02,2.929688e-03,2000,0,-1.760791e-04
2026-07-20T18:15:34.605,1784560534.606,123.203,-9.026611e-03,3.361155e-03,-2.099609e-02,2.197266e-03,2000,0,-1.805322e-04
2026-07-20T18:15:34.705,1784560534.706,123.303,-9.515991e-03,3.502044e-03,-2.246094e-02,2.197266e-03,2000,0,-1.903198e-04
2026-07-20T18:15:34.805,1784560534.805,123.403,-9.553223e-03,3.247062e-03,-2.294922e-02,-7.324219e-04,2000,0,-1.910645e-04
2026-07-20T18:15:34.905,1784560534.905,123.503,-9.482910e-03,3.312873e-03,-2.050781e-02,2.929688e-03,2000,0,-1.896582e-04
2026-07-20T18:15:35.007,1784560535.007,123.603,-9.355713e-03,3.290079e-03,-2.197266e-02,2.441406e-04,2000,0,-1.871143e-04
2026-07-20T18:15:35.105,1784560535.105,123.703,-9.599365e-03,3.224471e-03,-1.904297e-02,2.441406e-04,2000,0,-1.919873e-04
2026-07-20T18:15:35.205,1784560535.205,123.803,-9.684204e-03,3.229384e-03,-2.001953e-02,3.906250e-03,2000,0,-1.936841e-04
2026-07-20T18:15:35.305,1784560535.306,123.903,-9.555176e-03,3.226898e-03,-2.001953e-02,0.000000e+00,2000,0,-1.911035e-04
2026-07-20T18:15:35.405,1784560535.406,124.003,-8.866943e-03,3.195718e-03,-1.953125e-02,1.220703e-03,2000,0,-1.773389e-04
2026-07-20T18:15:35.505,1784560535.506,124.103,-9.556152e-03,3.232867e-03,-2.099609e-02,1.708984e-03,2000,0,-1.911230e-04
2026-07-20T18:15:35.605,1784560535.606,124.203,-9.665771e-03,3.121333e-03,-1.879883e-02,1.708984e-03,2000,0,-1.933154e-04
2026-07-20T18:15:35.705,1784560535.706,124.303,-9.401123e-03,3.245932e-03,-1.977539e-02,3.417969e-03,2000,0,-1.880225e-04
2026-07-20T18:15:35.805,1784560535.805,124.403,-9.417725e-03,3.113950e-03,-1.953125e-02,2.441406e-04,2000,0,-1.883545e-04
2026-07-20T18:15:35.905,1784560535.905,124.503,-9.509521e-03,3.006625e-03,-1.855469e-02,2.441406e-04,2000,0,-1.901904e-04
2026-07-20T18:15:36.005,1784560536.005,124.603,-9.107300e-03,3.185950e-03,-2.001953e-02,2.685547e-03,2000,0,-1.821460e-04
2026-07-20T18:15:36.105,1784560536.105,124.703,-9.703491e-03,3.009282e-03,-1.904297e-02,9.765625e-04,2000,0,-1.940698e-04
2026-07-20T18:15:36.205,1784560536.205,124.803,-9.243774e-03,3.081917e-03,-2.001953e-02,7.324219e-04,2000,0,-1.848755e-04
2026-07-20T18:15:36.305,1784560536.305,124.903,-9.075806e-03,2.917435e-03,-1.904297e-02,9.765625e-04,2000,0,-1.815161e-04
2026-07-20T18:15:36.405,1784560536.405,125.003,-9.555542e-03,3.108918e-03,-2.075195e-02,1.464844e-03,2000,0,-1.911108e-04
2026-07-20T18:15:36.505,1784560536.505,125.103,-9.175537e-03,3.088394e-03,-1.831055e-02,1.708984e-03,2000,0,-1.835107e-04
2026-07-20T18:15:36.605,1784560536.605,125.203,-9.121094e-03,3.103539e-03,-2.148438e-02,3.906250e-03,2000,0,-1.824219e-04
2026-07-20T18:15:36.707,1784560536.707,125.303,-9.612793e-03,3.131984e-03,-2.075195e-02,1.220703e-03,2000,0,-1.922559e-04
2026-07-20T18:15:36.805,1784560536.805,125.403,-9.308350e-03,3.160635e-03,-2.050781e-02,7.080078e-03,2000,0,-1.861670e-04
2026-07-20T18:15:36.905,1784560536.905,125.503,-9.210938e-03,3.034080e-03,-1.953125e-02,7.324219e-04,2000,0,-1.842188e-04
2026-07-20T18:15:37.007,1784560537.007,125.603,-9.420776e-03,3.102857e-03,-1.928711e-02,0.000000e+00,2000,0,-1.884155e-04
2026-07-20T18:15:37.105,1784560537.105,125.703,-9.752441e-03,3.148052e-03,-2.026367e-02,1.220703e-03,2000,0,-1.950488e-04
2026-07-20T18:15:37.205,1784560537.205,125.803,-9.317017e-03,3.333643e-03,-1.879883e-02,4.882812e-04,2000,0,-1.863403e-04
2026-07-20T18:15:37.305,1784560537.305,125.903,-1.063245e-02,3.211089e-03,-2.148438e-02,-7.324219e-04,2000,0,-2.126489e-04
2026-07-20T18:15:37.405,1784560537.405,126.003,-9.644775e-03,3.225337e-03,-1.953125e-02,3.417969e-03,2000,0,-1.928955e-04
2026-07-20T18:15:37.505,1784560537.505,126.103,-9.801392e-03,3.437454e-03,-2.075195e-02,9.765625e-04,2000,0,-1.960278e-04
2026-07-20T18:15:37.605,1784560537.605,126.203,-9.730347e-03,3.360555e-03,-1.953125e-02,1.708984e-03,2000,0,-1.946069e-04
2026-07-20T18:15:37.705,1784560537.705,126.303,-9.341309e-03,3.351121e-03,-2.050781e-02,1.708984e-03,2000,0,-1.868262e-04
2026-07-20T18:15:37.805,1784560537.805,126.403,-1.018298e-02,3.374445e-03,-2.221680e-02,2.685547e-03,2000,0,-2.036597e-04
2026-07-20T18:15:37.907,1784560537.907,126.503,-9.762573e-03,3.335486e-03,-2.075195e-02,4.882812e-04,2000,0,-1.952515e-04
2026-07-20T18:15:38.005,1784560538.005,126.603,-9.778198e-03,3.270280e-03,-2.050781e-02,2.441406e-04,2000,0,-1.955640e-04
2026-07-20T18:15:38.105,1784560538.105,126.703,-9.548706e-03,3.228385e-03,-1.953125e-02,-2.441406e-04,2000,0,-1.909741e-04
2026-07-20T18:15:38.205,1784560538.205,126.803,-9.780029e-03,3.391565e-03,-2.124023e-02,1.220703e-03,2000,0,-1.956006e-04
2026-07-20T18:15:38.305,1784560538.305,126.903,-9.510864e-03,3.186102e-03,-2.246094e-02,-2.441406e-04,2000,0,-1.902173e-04
2026-07-20T18:15:38.405,1784560538.405,127.003,-9.533936e-03,3.205794e-03,-1.977539e-02,2.929688e-03,2000,0,-1.906787e-04
2026-07-20T18:15:38.505,1784560538.505,127.103,-9.868530e-03,3.266523e-03,-1.928711e-02,1.220703e-03,2000,0,-1.973706e-04
2026-07-20T18:15:38.605,1784560538.605,127.203,-1.004468e-02,3.177897e-03,-2.050781e-02,-4.882812e-04,2000,0,-2.008936e-04
2026-07-20T18:15:38.705,1784560538.705,127.303,-9.213623e-03,3.163481e-03,-2.075195e-02,2.197266e-03,2000,0,-1.842725e-04
2026-07-20T18:15:38.805,1784560538.805,127.403,-9.821289e-03,3.034394e-03,-2.001953e-02,2.197266e-03,2000,0,-1.964258e-04
2026-07-20T18:15:38.905,1784560538.905,127.503,-9.810669e-03,3.044292e-03,-2.246094e-02,0.000000e+00,2000,0,-1.962134e-04
2026-07-20T18:15:39.005,1784560539.005,127.603,-9.546509e-03,3.007472e-03,-2.001953e-02,-4.882812e-04,2000,0,-1.909302e-04
2026-07-20T18:15:39.105,1784560539.105,127.703,-9.582520e-03,2.996994e-03,-1.953125e-02,2.197266e-03,2000,0,-1.916504e-04
2026-07-20T18:15:39.205,1784560539.205,127.803,-9.322998e-03,2.929718e-03,-2.319336e-02,4.394531e-03,2000,0,-1.864600e-04
2026-07-20T18:15:39.305,1784560539.305,127.903,-9.660645e-03,2.771422e-03,-1.928711e-02,-4.882812e-04,2000,0,-1.932129e-04
2026-07-20T18:15:39.407,1784560539.407,128.003,-9.635742e-03,2.829051e-03,-2.075195e-02,-1.220703e-03,2000,0,-1.927148e-04
2026-07-20T18:15:39.505,1784560539.505,128.103,-9.420654e-03,2.756578e-03,-1.782227e-02,0.000000e+00,2000,0,-1.884131e-04
2026-07-20T18:15:39.605,1784560539.606,128.203,-9.316650e-03,2.647030e-03,-1.977539e-02,-4.882812e-04,2000,0,-1.863330e-04
2026-07-20T18:15:39.705,1784560539.705,128.303,-9.718018e-03,2.566091e-03,-1.855469e-02,0.000000e+00,2000,0,-1.943604e-04
2026-07-20T18:15:39.805,1784560539.805,128.403,-9.582153e-03,2.675237e-03,-1.831055e-02,-2.441406e-04,2000,0,-1.916431e-04
2026-07-20T18:15:39.905,1784560539.905,128.503,-9.620728e-03,2.538784e-03,-1.708984e-02,1.708984e-03,2000,0,-1.924146e-04
2026-07-20T18:15:40.007,1784560540.007,128.603,-9.671387e-03,2.575828e-03,-2.294922e-02,-9.765625e-04,2000,0,-1.934277e-04
2026-07-20T18:15:40.105,1784560540.105,128.703,-9.411011e-03,2.408689e-03,-1.879883e-02,-2.441406e-04,2000,0,-1.882202e-04
2026-07-20T18:15:40.205,1784560540.205,128.803,-9.182495e-03,2.512924e-03,-1.684570e-02,2.685547e-03,2000,0,-1.836499e-04
2026-07-20T18:15:40.305,1784560540.305,128.903,-9.850220e-03,2.462294e-03,-1.831055e-02,-2.441406e-04,2000,0,-1.970044e-04
2026-07-20T18:15:40.405,1784560540.405,129.003,-1.011511e-02,2.468059e-03,-1.953125e-02,-2.441406e-03,2000,0,-2.023022e-04
2026-07-20T18:15:40.505,1784560540.506,129.103,-9.583496e-03,2.469268e-03,-1.953125e-02,-7.324219e-04,2000,0,-1.916699e-04
2026-07-20T18:15:40.606,1784560540.606,129.203,-9.213623e-03,2.494693e-03,-2.221680e-02,1.708984e-03,2000,0,-1.842725e-04
2026-07-20T18:15:40.706,1784560540.706,129.303,-9.613403e-03,2.427472e-03,-1.733398e-02,2.441406e-04,2000,0,-1.922681e-04
2026-07-20T18:15:40.805,1784560540.806,129.403,-9.295654e-03,2.490335e-03,-2.001953e-02,9.765625e-04,2000,0,-1.859131e-04
2026-07-20T18:15:40.905,1784560540.906,129.503,-9.492432e-03,2.496806e-03,-1.928711e-02,7.324219e-04,2000,0,-1.898486e-04
2026-07-20T18:15:41.005,1784560541.005,129.603,-9.320190e-03,2.468015e-03,-1.928711e-02,0.000000e+00,2000,0,-1.864038e-04
2026-07-20T18:15:41.105,1784560541.105,129.703,-9.046143e-03,2.550997e-03,-1.757812e-02,-2.441406e-04,2000,0,-1.809229e-04
2026-07-20T18:15:41.205,1784560541.205,129.803,-9.165894e-03,2.636143e-03,-1.757812e-02,-4.882812e-04,2000,0,-1.833179e-04
2026-07-20T18:15:41.305,1784560541.305,129.903,-8.765747e-03,2.754447e-03,-1.831055e-02,-4.882812e-04,2000,0,-1.753149e-04
2026-07-20T18:15:41.405,1784560541.405,130.003,-8.958252e-03,2.772106e-03,-1.977539e-02,1.464844e-03,2000,0,-1.791650e-04
2026-07-20T18:15:41.507,1784560541.508,130.103,-8.702637e-03,2.819900e-03,-1.757812e-02,2.685547e-03,2000,0,-1.740527e-04
2026-07-20T18:15:41.607,1784560541.608,130.203,-8.691895e-03,2.997313e-03,-1.831055e-02,1.464844e-03,2000,0,-1.738379e-04
2026-07-20T18:15:41.705,1784560541.705,130.303,-8.486450e-03,2.949752e-03,-2.124023e-02,2.441406e-04,2000,0,-1.697290e-04
2026-07-20T18:15:41.805,1784560541.805,130.403,-8.820679e-03,3.098324e-03,-1.904297e-02,2.685547e-03,2000,0,-1.764136e-04
2026-07-20T18:15:41.905,1784560541.905,130.503,-8.731201e-03,3.136222e-03,-1.953125e-02,2.685547e-03,2000,0,-1.746240e-04
2026-07-20T18:15:42.005,1784560542.005,130.603,-8.333130e-03,3.353047e-03,-1.953125e-02,2.441406e-03,2000,0,-1.666626e-04
2026-07-20T18:15:42.105,1784560542.105,130.703,-8.617432e-03,3.370174e-03,-1.879883e-02,2.685547e-03,2000,0,-1.723486e-04
2026-07-20T18:15:42.205,1784560542.205,130.803,-8.621948e-03,3.393581e-03,-1.953125e-02,4.882812e-03,2000,0,-1.724390e-04
2026-07-20T18:15:42.305,1784560542.305,130.903,-8.522827e-03,3.352188e-03,-1.928711e-02,3.173828e-03,2000,0,-1.704565e-04
2026-07-20T18:15:42.405,1784560542.405,131.003,-8.708252e-03,3.478121e-03,-2.392578e-02,1.708984e-03,2000,0,-1.741650e-04
2026-07-20T18:15:42.505,1784560542.505,131.103,-8.844360e-03,3.368868e-03,-1.782227e-02,5.615234e-03,2000,0,-1.768872e-04
2026-07-20T18:15:42.607,1784560542.607,131.203,-8.100952e-03,3.667603e-03,-1.904297e-02,4.638672e-03,2000,0,-1.620190e-04
2026-07-20T18:15:42.706,1784560542.706,131.303,-9.001465e-03,3.439196e-03,-1.879883e-02,1.708984e-03,2000,0,-1.800293e-04
2026-07-20T18:15:42.806,1784560542.806,131.403,-8.466797e-03,3.569655e-03,-2.075195e-02,1.464844e-03,2000,0,-1.693359e-04
2026-07-20T18:15:42.905,1784560542.906,131.503,-8.608276e-03,3.527043e-03,-2.343750e-02,2.441406e-03,2000,0,-1.721655e-04
2026-07-20T18:15:43.007,1784560543.008,131.603,-8.784302e-03,3.675562e-03,-1.977539e-02,1.708984e-03,2000,0,-1.756860e-04
2026-07-20T18:15:43.105,1784560543.106,131.703,-8.677734e-03,3.722076e-03,-2.221680e-02,3.417969e-03,2000,0,-1.735547e-04
2026-07-20T18:15:43.205,1784560543.205,131.803,-8.368286e-03,3.646746e-03,-2.001953e-02,1.708984e-03,2000,0,-1.673657e-04
2026-07-20T18:15:43.305,1784560543.305,131.903,-8.631104e-03,3.749291e-03,-1.977539e-02,2.197266e-03,2000,0,-1.726221e-04
2026-07-20T18:15:43.407,1784560543.408,132.003,-8.030273e-03,3.790187e-03,-2.099609e-02,3.173828e-03,2000,0,-1.606055e-04
2026-07-20T18:15:43.505,1784560543.505,132.103,-8.573853e-03,3.713775e-03,-1.977539e-02,2.929688e-03,2000,0,-1.714771e-04
2026-07-20T18:15:43.605,1784560543.605,132.203,-8.869019e-03,3.781779e-03,-2.221680e-02,5.126953e-03,2000,0,-1.773804e-04
2026-07-20T18:15:43.705,1784560543.705,132.303,-7.729980e-03,3.785571e-03,-1.855469e-02,2.929688e-03,2000,0,-1.545996e-04
2026-07-20T18:15:43.805,1784560543.805,132.403,-8.009888e-03,3.823369e-03,-2.392578e-02,3.173828e-03,2000,0,-1.601978e-04
2026-07-20T18:15:43.905,1784560543.905,132.503,-8.766113e-03,3.877889e-03,-2.124023e-02,2.441406e-03,2000,0,-1.753223e-04
2026-07-20T18:15:44.005,1784560544.006,132.603,-8.209229e-03,4.046143e-03,-2.001953e-02,3.417969e-03,2000,0,-1.641846e-04
2026-07-20T18:15:44.105,1784560544.105,132.703,-8.178955e-03,3.939306e-03,-1.879883e-02,4.882812e-03,2000,0,-1.635791e-04
2026-07-20T18:15:44.205,1784560544.205,132.803,-8.928711e-03,3.888516e-03,-2.050781e-02,3.662109e-03,2000,0,-1.785742e-04
2026-07-20T18:15:44.305,1784560544.305,132.903,-8.338379e-03,3.904070e-03,-2.050781e-02,3.906250e-03,2000,0,-1.667676e-04
2026-07-20T18:15:44.405,1784560544.406,133.003,-8.620117e-03,4.049506e-03,-2.124023e-02,8.544922e-03,2000,0,-1.724023e-04
2026-07-20T18:15:44.505,1784560544.505,133.103,-8.254150e-03,4.075485e-03,-1.953125e-02,7.080078e-03,2000,0,-1.650830e-04
2026-07-20T18:15:44.605,1784560544.606,133.203,-8.991455e-03,3.989080e-03,-2.246094e-02,7.080078e-03,2000,0,-1.798291e-04
2026-07-20T18:15:44.705,1784560544.705,133.303,-8.109009e-03,4.118714e-03,-2.197266e-02,5.371094e-03,2000,0,-1.621802e-04
2026-07-20T18:15:44.805,1784560544.805,133.403,-8.995483e-03,4.000739e-03,-2.124023e-02,7.080078e-03,2000,0,-1.799097e-04
2026-07-20T18:15:44.905,1784560544.905,133.503,-8.496094e-03,3.945399e-03,-2.099609e-02,5.859375e-03,2000,0,-1.699219e-04
2026-07-20T18:15:45.005,1784560545.005,133.603,-7.631226e-03,3.986968e-03,-2.490234e-02,9.277344e-03,2000,0,-1.526245e-04
2026-07-20T18:15:45.105,1784560545.105,133.703,-8.526123e-03,4.075884e-03,-2.099609e-02,5.615234e-03,2000,0,-1.705225e-04
2026-07-20T18:15:45.205,1784560545.205,133.803,-8.251221e-03,4.012039e-03,-2.294922e-02,5.126953e-03,2000,0,-1.650244e-04
2026-07-20T18:15:45.305,1784560545.305,133.903,-8.192505e-03,4.017266e-03,-1.953125e-02,5.615234e-03,2000,0,-1.638501e-04
2026-07-20T18:15:45.407,1784560545.407,134.003,-8.489380e-03,3.937586e-03,-2.612305e-02,8.789062e-03,2000,0,-1.697876e-04
2026-07-20T18:15:45.505,1784560545.505,134.103,-8.454712e-03,3.870156e-03,-1.928711e-02,5.371094e-03,2000,0,-1.690942e-04
2026-07-20T18:15:45.605,1784560545.605,134.203,-7.899292e-03,3.837151e-03,-1.855469e-02,8.056641e-03,2000,0,-1.579858e-04
2026-07-20T18:15:45.705,1784560545.705,134.303,-8.784058e-03,3.826036e-03,-2.050781e-02,4.882812e-03,2000,0,-1.756812e-04
2026-07-20T18:15:45.805,1784560545.805,134.403,-7.981689e-03,3.850135e-03,-2.539062e-02,5.615234e-03,2000,0,-1.596338e-04
2026-07-20T18:15:45.905,1784560545.905,134.503,-8.202148e-03,3.865054e-03,-1.977539e-02,8.789062e-03,2000,0,-1.640430e-04
2026-07-20T18:15:46.007,1784560546.007,134.603,-8.629639e-03,3.747241e-03,-2.172852e-02,3.906250e-03,2000,0,-1.725928e-04
2026-07-20T18:15:46.105,1784560546.105,134.703,-8.233032e-03,3.710452e-03,-2.050781e-02,3.662109e-03,2000,0,-1.646606e-04
2026-07-20T18:15:46.205,1784560546.205,134.803,-7.901367e-03,3.806062e-03,-1.782227e-02,5.371094e-03,2000,0,-1.580273e-04
2026-07-20T18:15:46.305,1784560546.305,134.903,-8.675903e-03,3.671502e-03,-2.172852e-02,5.126953e-03,2000,0,-1.735181e-04
2026-07-20T18:15:46.405,1784560546.405,135.003,-8.470703e-03,3.772250e-03,-2.075195e-02,6.103516e-03,2000,0,-1.694141e-04
2026-07-20T18:15:46.505,1784560546.505,135.103,-8.285645e-03,3.719314e-03,-2.075195e-02,4.394531e-03,2000,0,-1.657129e-04
2026-07-20T18:15:46.605,1784560546.606,135.203,-8.669800e-03,3.725980e-03,-2.124023e-02,4.638672e-03,2000,0,-1.733960e-04
2026-07-20T18:15:46.705,1784560546.705,135.303,-8.269775e-03,3.561817e-03,-1.928711e-02,3.173828e-03,2000,0,-1.653955e-04
2026-07-20T18:15:46.805,1784560546.805,135.403,-8.066772e-03,3.538926e-03,-1.928711e-02,6.835938e-03,2000,0,-1.613354e-04
2026-07-20T18:15:46.907,1784560546.908,135.503,-8.572632e-03,3.475259e-03,-1.782227e-02,3.662109e-03,2000,0,-1.714526e-04
2026-07-20T18:15:47.005,1784560547.006,135.603,-8.508179e-03,3.445289e-03,-1.904297e-02,1.708984e-03,2000,0,-1.701636e-04
2026-07-20T18:15:47.105,1784560547.105,135.703,-8.409058e-03,3.412015e-03,-2.075195e-02,2.441406e-03,2000,0,-1.681812e-04
2026-07-20T18:15:47.205,1784560547.205,135.803,-9.337402e-03,3.454400e-03,-1.953125e-02,2.441406e-03,2000,0,-1.867480e-04
2026-07-20T18:15:47.305,1784560547.306,135.903,-8.968506e-03,3.238954e-03,-2.099609e-02,4.150391e-03,2000,0,-1.793701e-04
2026-07-20T18:15:47.405,1784560547.405,136.003,-8.984741e-03,3.317045e-03,-1.977539e-02,3.173828e-03,2000,0,-1.796948e-04
2026-07-20T18:15:47.506,1784560547.506,136.103,-8.286499e-03,3.245327e-03,-1.953125e-02,9.765625e-04,2000,0,-1.657300e-04
2026-07-20T18:15:47.606,1784560547.606,136.203,-8.248291e-03,3.162839e-03,-1.953125e-02,3.662109e-03,2000,0,-1.649658e-04
2026-07-20T18:15:47.705,1784560547.706,136.303,-8.614746e-03,3.164709e-03,-2.001953e-02,5.126953e-03,2000,0,-1.722949e-04
2026-07-20T18:15:47.806,1784560547.806,136.403,-8.416626e-03,3.154929e-03,-1.928711e-02,3.417969e-03,2000,0,-1.683325e-04
2026-07-20T18:15:47.906,1784560547.906,136.503,-8.354370e-03,3.234880e-03,-2.172852e-02,4.150391e-03,2000,0,-1.670874e-04
2026-07-20T18:15:48.005,1784560548.006,136.603,-8.285767e-03,3.224050e-03,-1.831055e-02,5.859375e-03,2000,0,-1.657153e-04
2026-07-20T18:15:48.107,1784560548.108,136.703,-8.072021e-03,3.082598e-03,-1.806641e-02,4.394531e-03,2000,0,-1.614404e-04
2026-07-20T18:15:48.205,1784560548.205,136.803,-7.974243e-03,3.184240e-03,-1.879883e-02,4.394531e-03,2000,0,-1.594849e-04
2026-07-20T18:15:48.305,1784560548.306,136.903,-7.617920e-03,3.174896e-03,-1.928711e-02,2.685547e-03,2000,0,-1.523584e-04
2026-07-20T18:15:48.405,1784560548.405,137.003,-8.416260e-03,3.117804e-03,-1.904297e-02,1.464844e-03,2000,0,-1.683252e-04
2026-07-20T18:15:48.506,1784560548.506,137.103,-8.024536e-03,3.397322e-03,-2.221680e-02,3.662109e-03,2000,0,-1.604907e-04
2026-07-20T18:15:48.605,1784560548.606,137.203,-7.882690e-03,3.178715e-03,-1.733398e-02,4.150391e-03,2000,0,-1.576538e-04
2026-07-20T18:15:48.705,1784560548.706,137.303,-8.831299e-03,3.246942e-03,-2.001953e-02,3.173828e-03,2000,0,-1.766260e-04
2026-07-20T18:15:48.806,1784560548.806,137.403,-7.850708e-03,3.364635e-03,-1.684570e-02,5.126953e-03,2000,0,-1.570142e-04
2026-07-20T18:15:48.906,1784560548.906,137.503,-7.712769e-03,3.298200e-03,-1.806641e-02,2.685547e-03,2000,0,-1.542554e-04
2026-07-20T18:15:49.007,1784560549.007,137.603,-7.745605e-03,3.260771e-03,-1.879883e-02,2.929688e-03,2000,0,-1.549121e-04
2026-07-20T18:15:49.105,1784560549.105,137.703,-7.959229e-03,3.306026e-03,-2.294922e-02,5.615234e-03,2000,0,-1.591846e-04
2026-07-20T18:15:49.205,1784560549.205,137.803,-8.020020e-03,3.280259e-03,-1.831055e-02,2.441406e-03,2000,0,-1.604004e-04
2026-07-20T18:15:49.305,1784560549.306,137.903,-8.186035e-03,3.442245e-03,-1.806641e-02,3.906250e-03,2000,0,-1.637207e-04
2026-07-20T18:15:49.405,1784560549.405,138.003,-8.068970e-03,3.362242e-03,-1.855469e-02,2.441406e-03,2000,0,-1.613794e-04
2026-07-20T18:15:49.505,1784560549.505,138.103,-8.272217e-03,3.245659e-03,-1.904297e-02,3.173828e-03,2000,0,-1.654443e-04
2026-07-20T18:15:49.605,1784560549.606,138.203,-8.136597e-03,3.211227e-03,-1.806641e-02,2.929688e-03,2000,0,-1.627319e-04
2026-07-20T18:15:49.707,1784560549.708,138.303,-8.261597e-03,3.189870e-03,-1.733398e-02,2.685547e-03,2000,0,-1.652319e-04
2026-07-20T18:15:49.805,1784560549.805,138.403,-8.352051e-03,3.292659e-03,-1.806641e-02,6.347656e-03,2000,0,-1.670410e-04
2026-07-20T18:15:49.905,1784560549.906,138.503,-7.791260e-03,3.247616e-03,-2.026367e-02,4.150391e-03,2000,0,-1.558252e-04
2026-07-20T18:15:50.005,1784560550.006,138.603,-7.899170e-03,3.180263e-03,-1.855469e-02,2.441406e-03,2000,0,-1.579834e-04
2026-07-20T18:15:50.105,1784560550.105,138.703,-8.162720e-03,3.355826e-03,-2.099609e-02,3.906250e-03,2000,0,-1.632544e-04
2026-07-20T18:15:50.207,1784560550.208,138.803,-8.283691e-03,3.305128e-03,-2.368164e-02,7.080078e-03,2000,0,-1.656738e-04
2026-07-20T18:15:50.305,1784560550.306,138.903,-8.449585e-03,3.409876e-03,-2.124023e-02,1.708984e-03,2000,0,-1.689917e-04
2026-07-20T18:15:50.405,1784560550.405,139.003,-7.837280e-03,3.444643e-03,-2.124023e-02,3.173828e-03,2000,0,-1.567456e-04
2026-07-20T18:15:50.505,1784560550.505,139.103,-8.025269e-03,3.317277e-03,-2.001953e-02,3.662109e-03,2000,0,-1.605054e-04
2026-07-20T18:15:50.605,1784560550.605,139.203,-8.333984e-03,3.391152e-03,-1.928711e-02,1.464844e-03,2000,0,-1.666797e-04
2026-07-20T18:15:50.705,1784560550.705,139.303,-8.060547e-03,3.532013e-03,-2.001953e-02,1.953125e-03,2000,0,-1.612109e-04
2026-07-20T18:15:50.805,1784560550.806,139.403,-7.826660e-03,3.405772e-03,-1.953125e-02,2.197266e-03,2000,0,-1.565332e-04
2026-07-20T18:15:50.907,1784560550.908,139.503,-8.134399e-03,3.540199e-03,-1.977539e-02,3.173828e-03,2000,0,-1.626880e-04
2026-07-20T18:15:51.005,1784560551.005,139.603,-8.431519e-03,3.626041e-03,-2.099609e-02,2.441406e-03,2000,0,-1.686304e-04
2026-07-20T18:15:51.105,1784560551.105,139.703,-8.371582e-03,3.707466e-03,-2.246094e-02,2.197266e-03,2000,0,-1.674316e-04
2026-07-20T18:15:51.205,1784560551.205,139.803,-8.093384e-03,3.663768e-03,-2.050781e-02,2.685547e-03,2000,0,-1.618677e-04
2026-07-20T18:15:51.305,1784560551.305,139.903,-8.358398e-03,3.583784e-03,-2.075195e-02,2.929688e-03,2000,0,-1.671680e-04
2026-07-20T18:15:51.407,1784560551.408,140.003,-8.170288e-03,3.635030e-03,-2.197266e-02,2.197266e-03,2000,0,-1.634058e-04
2026-07-20T18:15:51.507,1784560551.508,140.103,-8.204956e-03,3.751993e-03,-2.050781e-02,3.173828e-03,2000,0,-1.640991e-04
2026-07-20T18:15:51.607,1784560551.608,140.203,-8.509644e-03,3.585832e-03,-2.148438e-02,2.441406e-03,2000,0,-1.701929e-04
2026-07-20T18:15:51.705,1784560551.705,140.303,-8.154785e-03,3.649436e-03,-2.124023e-02,2.929688e-03,2000,0,-1.630957e-04
2026-07-20T18:15:51.805,1784560551.805,140.403,-8.526611e-03,3.662503e-03,-2.099609e-02,1.953125e-03,2000,0,-1.705322e-04
2026-07-20T18:15:51.905,1784560551.905,140.503,-8.177612e-03,3.500937e-03,-2.050781e-02,3.417969e-03,2000,0,-1.635522e-04
2026-07-20T18:15:52.007,1784560552.007,140.603,-8.452515e-03,3.666211e-03,-2.416992e-02,4.394531e-03,2000,0,-1.690503e-04
2026-07-20T18:15:52.107,1784560552.108,140.703,-8.479492e-03,3.595746e-03,-2.075195e-02,2.685547e-03,2000,0,-1.695898e-04
2026-07-20T18:15:52.205,1784560552.205,140.803,-8.356812e-03,3.465463e-03,-1.928711e-02,2.685547e-03,2000,0,-1.671362e-04
2026-07-20T18:15:52.305,1784560552.305,140.903,-8.728271e-03,3.410873e-03,-2.172852e-02,2.197266e-03,2000,0,-1.745654e-04
2026-07-20T18:15:52.405,1784560552.405,141.003,-8.470459e-03,3.533972e-03,-2.050781e-02,2.197266e-03,2000,0,-1.694092e-04
2026-07-20T18:15:52.505,1784560552.505,141.103,-8.901855e-03,3.565962e-03,-2.026367e-02,1.220703e-03,2000,0,-1.780371e-04
2026-07-20T18:15:52.605,1784560552.606,141.203,-8.530640e-03,3.545516e-03,-2.050781e-02,2.685547e-03,2000,0,-1.706128e-04
2026-07-20T18:15:52.705,1784560552.705,141.303,-8.477539e-03,3.486332e-03,-1.953125e-02,3.906250e-03,2000,0,-1.695508e-04
2026-07-20T18:15:52.805,1784560552.805,141.403,-8.655884e-03,3.349347e-03,-2.026367e-02,1.708984e-03,2000,0,-1.731177e-04
2026-07-20T18:15:52.905,1784560552.905,141.503,-8.650879e-03,3.505732e-03,-2.148438e-02,2.685547e-03,2000,0,-1.730176e-04
2026-07-20T18:15:53.005,1784560553.006,141.603,-8.868896e-03,3.361330e-03,-2.343750e-02,2.197266e-03,2000,0,-1.773779e-04
2026-07-20T18:15:53.105,1784560553.106,141.703,-9.205688e-03,3.465932e-03,-2.294922e-02,1.953125e-03,2000,0,-1.841138e-04
2026-07-20T18:15:53.205,1784560553.205,141.803,-8.347412e-03,3.422173e-03,-2.612305e-02,3.906250e-03,2000,0,-1.669482e-04
2026-07-20T18:15:53.305,1784560553.306,141.903,-8.942383e-03,3.461055e-03,-2.050781e-02,3.173828e-03,2000,0,-1.788477e-04
2026-07-20T18:15:53.406,1784560553.406,142.003,-8.753540e-03,3.467204e-03,-1.904297e-02,4.638672e-03,2000,0,-1.750708e-04
2026-07-20T18:15:53.506,1784560553.506,142.103,-9.009644e-03,3.405925e-03,-1.928711e-02,1.708984e-03,2000,0,-1.801929e-04
2026-07-20T18:15:53.606,1784560553.606,142.203,-9.243774e-03,3.544654e-03,-1.904297e-02,2.929688e-03,2000,0,-1.848755e-04
2026-07-20T18:15:53.706,1784560553.706,142.303,-9.308350e-03,3.472422e-03,-2.026367e-02,4.150391e-03,2000,0,-1.861670e-04
2026-07-20T18:15:53.806,1784560553.806,142.403,-9.005493e-03,3.385559e-03,-2.050781e-02,4.638672e-03,2000,0,-1.801099e-04
2026-07-20T18:15:53.907,1784560553.908,142.503,-9.114258e-03,3.486870e-03,-1.953125e-02,2.685547e-03,2000,0,-1.822852e-04
2026-07-20T18:15:54.005,1784560554.006,142.603,-8.913452e-03,3.430840e-03,-2.050781e-02,3.906250e-03,2000,0,-1.782690e-04
2026-07-20T18:15:54.105,1784560554.106,142.703,-8.873291e-03,3.414357e-03,-1.953125e-02,3.173828e-03,2000,0,-1.774658e-04
2026-07-20T18:15:54.205,1784560554.206,142.803,-8.631470e-03,3.440121e-03,-1.855469e-02,3.417969e-03,2000,0,-1.726294e-04
2026-07-20T18:15:54.305,1784560554.306,142.903,-8.827515e-03,3.403067e-03,-2.075195e-02,2.441406e-03,2000,0,-1.765503e-04
2026-07-20T18:15:54.405,1784560554.406,143.003,-9.213013e-03,3.415798e-03,-2.172852e-02,1.953125e-03,2000,0,-1.842603e-04
2026-07-20T18:15:54.505,1784560554.506,143.103,-8.837158e-03,3.374446e-03,-1.855469e-02,2.197266e-03,2000,0,-1.767432e-04
2026-07-20T18:15:54.605,1784560554.606,143.203,-8.881958e-03,3.446352e-03,-1.928711e-02,3.417969e-03,2000,0,-1.776392e-04
2026-07-20T18:15:54.707,1784560554.708,143.303,-9.061646e-03,3.333498e-03,-1.953125e-02,3.173828e-03,2000,0,-1.812329e-04
2026-07-20T18:15:54.805,1784560554.806,143.403,-9.564209e-03,3.142976e-03,-2.026367e-02,1.953125e-03,2000,0,-1.912842e-04
2026-07-20T18:15:54.905,1784560554.906,143.503,-8.521118e-03,3.348324e-03,-1.904297e-02,2.929688e-03,2000,0,-1.704224e-04
2026-07-20T18:15:55.007,1784560555.008,143.603,-9.052246e-03,3.082936e-03,-2.270508e-02,3.906250e-03,2000,0,-1.810449e-04
2026-07-20T18:15:55.105,1784560555.106,143.703,-9.429810e-03,3.179837e-03,-1.879883e-02,7.568359e-03,2000,0,-1.885962e-04
2026-07-20T18:15:55.205,1784560555.206,143.803,-9.083740e-03,3.020545e-03,-1.855469e-02,2.441406e-04,2000,0,-1.816748e-04
2026-07-20T18:15:55.305,1784560555.306,143.903,-9.033447e-03,3.215259e-03,-2.099609e-02,7.324219e-04,2000,0,-1.806689e-04
2026-07-20T18:15:55.406,1784560555.406,144.003,-9.094360e-03,3.096852e-03,-2.075195e-02,1.464844e-03,2000,0,-1.818872e-04
2026-07-20T18:15:55.506,1784560555.506,144.103,-8.840088e-03,3.011515e-03,-1.879883e-02,9.765625e-04,2000,0,-1.768018e-04
2026-07-20T18:15:55.606,1784560555.606,144.203,-9.143555e-03,2.879304e-03,-1.904297e-02,-7.324219e-04,2000,0,-1.828711e-04
2026-07-20T18:15:55.706,1784560555.706,144.303,-9.060181e-03,3.097434e-03,-2.050781e-02,4.394531e-03,2000,0,-1.812036e-04
2026-07-20T18:15:55.806,1784560555.806,144.403,-9.359009e-03,2.972663e-03,-1.855469e-02,2.685547e-03,2000,0,-1.871802e-04
2026-07-20T18:15:55.905,1784560555.906,144.503,-9.357056e-03,3.098162e-03,-1.904297e-02,-2.441406e-04,2000,0,-1.871411e-04
2026-07-20T18:15:56.005,1784560556.006,144.603,-9.630981e-03,2.968617e-03,-2.441406e-02,2.441406e-04,2000,0,-1.926196e-04
2026-07-20T18:15:56.105,1784560556.106,144.703,-9.188721e-03,2.777364e-03,-1.733398e-02,-1.464844e-03,2000,0,-1.837744e-04
2026-07-20T18:15:56.206,1784560556.206,144.804,-9.092651e-03,3.015519e-03,-2.050781e-02,2.441406e-04,2000,0,-1.818530e-04
2026-07-20T18:15:56.305,1784560556.306,144.903,-9.173828e-03,2.951106e-03,-1.953125e-02,1.220703e-03,2000,0,-1.834766e-04
2026-07-20T18:15:56.405,1784560556.406,145.003,-8.971436e-03,3.057953e-03,-1.879883e-02,2.197266e-03,2000,0,-1.794287e-04
2026-07-20T18:15:56.505,1784560556.506,145.103,-9.206299e-03,2.925986e-03,-2.148438e-02,-2.441406e-04,2000,0,-1.841260e-04
2026-07-20T18:15:56.605,1784560556.606,145.203,-9.325195e-03,3.066377e-03,-2.026367e-02,1.220703e-03,2000,0,-1.865039e-04
2026-07-20T18:15:56.705,1784560556.706,145.303,-9.183838e-03,2.956585e-03,-1.953125e-02,7.324219e-04,2000,0,-1.836768e-04
2026-07-20T18:15:56.805,1784560556.806,145.403,-9.221680e-03,3.230904e-03,-2.075195e-02,1.953125e-03,2000,0,-1.844336e-04
2026-07-20T18:15:56.905,1784560556.906,145.503,-8.854370e-03,3.204739e-03,-1.879883e-02,8.056641e-03,2000,0,-1.770874e-04
2026-07-20T18:15:57.007,1784560557.008,145.603,-8.818481e-03,3.126192e-03,-1.953125e-02,2.441406e-03,2000,0,-1.763696e-04
2026-07-20T18:15:57.105,1784560557.106,145.703,-9.173096e-03,3.326201e-03,-1.928711e-02,1.708984e-03,2000,0,-1.834619e-04
2026-07-20T18:15:57.205,1784560557.206,145.803,-9.169800e-03,3.389095e-03,-2.050781e-02,1.464844e-03,2000,0,-1.833960e-04
2026-07-20T18:15:57.305,1784560557.306,145.903,-8.917847e-03,3.188342e-03,-1.831055e-02,1.953125e-03,2000,0,-1.783569e-04
2026-07-20T18:15:57.405,1784560557.406,146.003,-9.233032e-03,3.344634e-03,-2.319336e-02,4.150391e-03,2000,0,-1.846606e-04
2026-07-20T18:15:57.505,1784560557.506,146.103,-9.504272e-03,3.151235e-03,-2.001953e-02,9.765625e-04,2000,0,-1.900854e-04
2026-07-20T18:15:57.605,1784560557.606,146.203,-9.230835e-03,3.343677e-03,-2.075195e-02,1.220703e-03,2000,0,-1.846167e-04
2026-07-20T18:15:57.705,1784560557.706,146.303,-9.228760e-03,3.350374e-03,-1.953125e-02,3.417969e-03,2000,0,-1.845752e-04
2026-07-20T18:15:57.805,1784560557.806,146.403,-9.378784e-03,3.271401e-03,-2.026367e-02,1.708984e-03,2000,0,-1.875757e-04
2026-07-20T18:15:57.905,1784560557.906,146.503,-9.452759e-03,3.204063e-03,-1.953125e-02,1.708984e-03,2000,0,-1.890552e-04
2026-07-20T18:15:58.007,1784560558.008,146.603,-9.209961e-03,3.164912e-03,-2.026367e-02,-2.441406e-04,2000,0,-1.841992e-04
2026-07-20T18:15:58.105,1784560558.106,146.703,-9.109863e-03,3.184612e-03,-1.855469e-02,9.765625e-04,2000,0,-1.821973e-04
2026-07-20T18:15:58.205,1784560558.206,146.803,-9.118408e-03,3.133202e-03,-2.270508e-02,2.685547e-03,2000,0,-1.823682e-04
2026-07-20T18:15:58.305,1784560558.306,146.903,-9.598633e-03,3.150409e-03,-2.148438e-02,9.765625e-04,2000,0,-1.919727e-04
2026-07-20T18:15:58.405,1784560558.406,147.003,-9.451050e-03,3.160884e-03,-1.904297e-02,2.197266e-03,2000,0,-1.890210e-04
2026-07-20T18:15:58.505,1784560558.506,147.103,-9.310425e-03,2.939621e-03,-1.855469e-02,1.708984e-03,2000,0,-1.862085e-04
2026-07-20T18:15:58.605,1784560558.606,147.203,-9.254272e-03,2.867448e-03,-2.368164e-02,-9.765625e-04,2000,0,-1.850854e-04
2026-07-20T18:15:58.705,1784560558.706,147.303,-9.328125e-03,2.834595e-03,-1.855469e-02,4.882812e-04,2000,0,-1.865625e-04
2026-07-20T18:15:58.805,1784560558.806,147.403,-9.489014e-03,2.922826e-03,-1.855469e-02,1.220703e-03,2000,0,-1.897803e-04
2026-07-20T18:15:58.906,1784560558.906,147.503,-9.370972e-03,2.694282e-03,-1.806641e-02,2.441406e-04,2000,0,-1.874194e-04
2026-07-20T18:15:59.005,1784560559.005,147.603,-8.914429e-03,2.713113e-03,-1.806641e-02,0.000000e+00,2000,0,-1.782886e-04
2026-07-20T18:15:59.105,1784560559.106,147.703,-8.923950e-03,2.687757e-03,-2.001953e-02,2.441406e-03,2000,0,-1.784790e-04
2026-07-20T18:15:59.205,1784560559.206,147.803,-9.231201e-03,2.624804e-03,-1.904297e-02,0.000000e+00,2000,0,-1.846240e-04
2026-07-20T18:15:59.305,1784560559.306,147.903,-9.212036e-03,2.680815e-03,-1.684570e-02,4.882812e-04,2000,0,-1.842407e-04
2026-07-20T18:15:59.405,1784560559.406,148.003,-9.021240e-03,2.569777e-03,-1.733398e-02,2.441406e-03,2000,0,-1.804248e-04
2026-07-20T18:15:59.505,1784560559.506,148.103,-9.132446e-03,2.637072e-03,-1.879883e-02,-9.765625e-04,2000,0,-1.826489e-04
2026-07-20T18:15:59.605,1784560559.606,148.203,-8.817017e-03,2.569948e-03,-1.855469e-02,2.441406e-03,2000,0,-1.763403e-04
2026-07-20T18:15:59.705,1784560559.706,148.303,-9.061768e-03,2.524127e-03,-1.684570e-02,-4.882812e-04,2000,0,-1.812354e-04
2026-07-20T18:15:59.806,1784560559.806,148.403,-9.429443e-03,2.612372e-03,-2.075195e-02,1.220703e-03,2000,0,-1.885889e-04
2026-07-20T18:15:59.905,1784560559.906,148.503,-9.064453e-03,2.665917e-03,-1.782227e-02,4.150391e-03,2000,0,-1.812891e-04
2026-07-20T18:16:00.005,1784560560.006,148.603,-9.998779e-03,2.513617e-03,-2.563477e-02,-2.929688e-03,2000,0,-1.999756e-04
2026-07-20T18:16:00.105,1784560560.106,148.703,-9.275024e-03,2.578839e-03,-1.733398e-02,-7.324219e-04,2000,0,-1.855005e-04
2026-07-20T18:16:00.205,1784560560.206,148.803,-9.129395e-03,2.577248e-03,-2.124023e-02,5.615234e-03,2000,0,-1.825879e-04
2026-07-20T18:16:00.305,1784560560.306,148.903,-8.960083e-03,2.640263e-03,-1.879883e-02,2.685547e-03,2000,0,-1.792017e-04
2026-07-20T18:16:00.405,1784560560.406,149.003,-8.870117e-03,2.629574e-03,-1.806641e-02,-2.441406e-04,2000,0,-1.774023e-04
2026-07-20T18:16:00.505,1784560560.506,149.103,-9.406128e-03,2.707774e-03,-1.928711e-02,-1.708984e-03,2000,0,-1.881226e-04
2026-07-20T18:16:00.605,1784560560.606,149.203,-8.878296e-03,2.772173e-03,-1.684570e-02,2.685547e-03,2000,0,-1.775659e-04
2026-07-20T18:16:00.706,1784560560.706,149.304,-8.928589e-03,2.603561e-03,-2.392578e-02,2.197266e-03,2000,0,-1.785718e-04
2026-07-20T18:16:00.805,1784560560.806,149.403,-9.264404e-03,2.904783e-03,-2.001953e-02,1.708984e-03,2000,0,-1.852881e-04
2026-07-20T18:16:00.907,1784560560.908,149.503,-9.035767e-03,2.733878e-03,-1.806641e-02,1.464844e-03,2000,0,-1.807153e-04
2026-07-20T18:16:01.007,1784560561.007,149.603,-9.316284e-03,2.996264e-03,-1.757812e-02,4.882812e-04,2000,0,-1.863257e-04
2026-07-20T18:16:01.106,1784560561.107,149.703,-9.019043e-03,2.822952e-03,-1.782227e-02,1.953125e-03,2000,0,-1.803809e-04
2026-07-20T18:16:01.206,1784560561.206,149.803,-1.037341e-02,2.936890e-03,-2.001953e-02,7.324219e-04,2000,0,-2.074683e-04
2026-07-20T18:16:01.306,1784560561.306,149.903,-1.006409e-02,3.147000e-03,-2.148438e-02,-2.441406e-04,2000,0,-2.012817e-04
2026-07-20T18:16:01.406,1784560561.406,150.003,-9.812744e-03,3.065144e-03,-2.099609e-02,2.441406e-04,2000,0,-1.962549e-04
2026-07-20T18:16:01.505,1784560561.506,150.103,-9.205811e-03,3.068811e-03,-2.172852e-02,4.882812e-04,2000,0,-1.841162e-04
2026-07-20T18:16:01.605,1784560561.606,150.203,-9.555420e-03,2.972864e-03,-2.026367e-02,7.324219e-04,2000,0,-1.911084e-04
2026-07-20T18:16:01.705,1784560561.706,150.303,-9.846680e-03,3.031287e-03,-2.001953e-02,9.765625e-04,2000,0,-1.969336e-04
2026-07-20T18:16:01.805,1784560561.806,150.403,-9.190796e-03,3.047906e-03,-1.879883e-02,1.708984e-03,2000,0,-1.838159e-04
2026-07-20T18:16:01.907,1784560561.908,150.503,-8.723755e-03,2.894472e-03,-1.782227e-02,3.662109e-03,2000,0,-1.744751e-04
2026-07-20T18:16:02.006,1784560562.006,150.603,-8.648926e-03,3.067824e-03,-1.904297e-02,1.953125e-03,2000,0,-1.729785e-04
2026-07-20T18:16:02.106,1784560562.106,150.703,-8.750244e-03,3.040759e-03,-1.806641e-02,4.882812e-03,2000,0,-1.750049e-04
2026-07-20T18:16:02.206,1784560562.206,150.803,-8.838013e-03,2.970573e-03,-1.782227e-02,2.197266e-03,2000,0,-1.767603e-04
2026-07-20T18:16:02.306,1784560562.306,150.903,-9.085571e-03,3.061795e-03,-2.099609e-02,1.220703e-03,2000,0,-1.817114e-04
2026-07-20T18:16:02.406,1784560562.407,151.003,-8.939941e-03,3.175950e-03,-2.197266e-02,9.765625e-04,2000,0,-1.787988e-04
2026-07-20T18:16:02.505,1784560562.506,151.103,-8.691162e-03,3.206963e-03,-1.904297e-02,2.197266e-03,2000,0,-1.738232e-04
2026-07-20T18:16:02.605,1784560562.606,151.203,-9.043945e-03,3.148932e-03,-1.904297e-02,1.708984e-03,2000,0,-1.808789e-04
2026-07-20T18:16:02.705,1784560562.706,151.303,-8.842896e-03,3.186244e-03,-1.904297e-02,4.394531e-03,2000,0,-1.768579e-04
2026-07-20T18:16:02.805,1784560562.806,151.403,-8.536133e-03,3.249774e-03,-1.977539e-02,3.417969e-03,2000,0,-1.707227e-04
2026-07-20T18:16:02.907,1784560562.908,151.503,-9.118164e-03,3.234296e-03,-1.831055e-02,4.882812e-04,2000,0,-1.823633e-04
2026-07-20T18:16:03.005,1784560563.006,151.603,-8.287842e-03,2.989284e-03,-1.977539e-02,3.173828e-03,2000,0,-1.657568e-04
2026-07-20T18:16:03.105,1784560563.106,151.703,-8.481567e-03,3.242829e-03,-1.684570e-02,1.000977e-02,2000,0,-1.696313e-04
2026-07-20T18:16:03.205,1784560563.206,151.803,-8.489502e-03,3.335308e-03,-1.855469e-02,4.638672e-03,2000,0,-1.697900e-04
2026-07-20T18:16:03.305,1784560563.306,151.903,-8.330933e-03,3.225478e-03,-2.050781e-02,5.859375e-03,2000,0,-1.666187e-04
2026-07-20T18:16:03.405,1784560563.406,152.003,-8.682861e-03,3.010906e-03,-1.953125e-02,7.324219e-04,2000,0,-1.736572e-04
2026-07-20T18:16:03.505,1784560563.506,152.103,-8.513306e-03,3.401482e-03,-2.075195e-02,3.173828e-03,2000,0,-1.702661e-04
2026-07-20T18:16:03.605,1784560563.606,152.203,-8.230957e-03,3.538079e-03,-1.904297e-02,5.371094e-03,2000,0,-1.646191e-04
2026-07-20T18:16:03.705,1784560563.706,152.303,-8.340332e-03,3.168507e-03,-2.099609e-02,2.685547e-03,2000,0,-1.668066e-04
2026-07-20T18:16:03.805,1784560563.806,152.403,-9.360107e-03,3.759417e-03,-2.294922e-02,3.662109e-03,2000,0,-1.872021e-04
2026-07-20T18:16:03.907,1784560563.908,152.503,-8.744995e-03,3.659088e-03,-2.197266e-02,3.417969e-03,2000,0,-1.748999e-04
2026-07-20T18:16:04.007,1784560564.008,152.603,-8.222168e-03,3.234594e-03,-2.246094e-02,6.591797e-03,2000,0,-1.644434e-04
2026-07-20T18:16:04.105,1784560564.106,152.703,-8.950562e-03,3.807294e-03,-2.246094e-02,4.638672e-03,2000,0,-1.790112e-04
2026-07-20T18:16:04.205,1784560564.206,152.803,-8.287720e-03,3.752582e-03,-2.124023e-02,4.394531e-03,2000,0,-1.657544e-04
2026-07-20T18:16:04.305,1784560564.306,152.903,-8.885132e-03,3.588981e-03,-2.246094e-02,2.197266e-03,2000,0,-1.777026e-04
2026-07-20T18:16:04.405,1784560564.406,153.003,-8.591309e-03,3.813387e-03,-2.221680e-02,3.417969e-03,2000,0,-1.718262e-04
2026-07-20T18:16:04.505,1784560564.506,153.103,-8.749756e-03,3.850858e-03,-2.392578e-02,3.417969e-03,2000,0,-1.749951e-04
2026-07-20T18:16:04.605,1784560564.606,153.203,-8.583252e-03,3.695626e-03,-2.197266e-02,2.685547e-03,2000,0,-1.716650e-04
2026-07-20T18:16:04.705,1784560564.706,153.303,-9.334839e-03,3.951829e-03,-2.197266e-02,2.685547e-03,2000,0,-1.866968e-04
2026-07-20T18:16:04.805,1784560564.806,153.403,-8.387817e-03,3.543392e-03,-2.075195e-02,4.638672e-03,2000,0,-1.677563e-04
2026-07-20T18:16:04.907,1784560564.908,153.503,-8.674316e-03,3.945769e-03,-2.441406e-02,3.662109e-03,2000,0,-1.734863e-04
2026-07-20T18:16:05.005,1784560565.006,153.603,-8.646484e-03,3.877288e-03,-2.294922e-02,3.906250e-03,2000,0,-1.729297e-04
2026-07-20T18:16:05.105,1784560565.106,153.703,-8.651123e-03,3.776026e-03,-2.246094e-02,3.417969e-03,2000,0,-1.730225e-04
2026-07-20T18:16:05.205,1784560565.206,153.803,-8.676392e-03,3.780449e-03,-2.221680e-02,2.197266e-03,2000,0,-1.735278e-04
2026-07-20T18:16:05.305,1784560565.306,153.903,-8.665039e-03,3.767533e-03,-2.343750e-02,9.765625e-04,2000,0,-1.733008e-04
2026-07-20T18:16:05.405,1784560565.406,154.003,-8.916016e-03,3.744409e-03,-2.197266e-02,1.953125e-03,2000,0,-1.783203e-04
2026-07-20T18:16:05.505,1784560565.506,154.103,-8.985352e-03,3.760087e-03,-2.221680e-02,3.906250e-03,2000,0,-1.797070e-04
2026-07-20T18:16:05.605,1784560565.606,154.203,-8.803467e-03,3.793450e-03,-2.270508e-02,4.150391e-03,2000,0,-1.760693e-04
2026-07-20T18:16:05.705,1784560565.706,154.303,-8.983887e-03,3.877866e-03,-2.319336e-02,1.708984e-03,2000,0,-1.796777e-04
2026-07-20T18:16:05.807,1784560565.808,154.403,-9.521484e-03,3.634614e-03,-2.270508e-02,4.882812e-04,2000,0,-1.904297e-04
2026-07-20T18:16:05.905,1784560565.906,154.503,-8.639404e-03,3.767868e-03,-2.148438e-02,3.173828e-03,2000,0,-1.727881e-04
2026-07-20T18:16:06.005,1784560566.006,154.603,-9.119751e-03,3.897014e-03,-2.490234e-02,2.441406e-03,2000,0,-1.823950e-04
2026-07-20T18:16:06.105,1784560566.106,154.703,-9.029419e-03,3.885122e-03,-2.099609e-02,2.441406e-03,2000,0,-1.805884e-04
2026-07-20T18:16:06.205,1784560566.206,154.803,-8.884888e-03,3.862945e-03,-2.392578e-02,2.685547e-03,2000,0,-1.776978e-04
2026-07-20T18:16:06.305,1784560566.306,154.903,-9.249756e-03,3.766721e-03,-2.758789e-02,1.708984e-03,2000,0,-1.849951e-04
2026-07-20T18:16:06.405,1784560566.406,155.003,-1.016174e-02,3.833428e-03,-2.709961e-02,2.441406e-03,2000,0,-2.032349e-04
2026-07-20T18:16:06.505,1784560566.506,155.103,-9.227661e-03,4.149285e-03,-2.416992e-02,2.441406e-03,2000,0,-1.845532e-04
2026-07-20T18:16:06.605,1784560566.606,155.203,-9.178833e-03,3.827551e-03,-2.246094e-02,1.953125e-03,2000,0,-1.835767e-04
2026-07-20T18:16:06.705,1784560566.706,155.303,-9.286865e-03,3.926769e-03,-2.221680e-02,2.441406e-03,2000,0,-1.857373e-04
2026-07-20T18:16:06.805,1784560566.806,155.403,-9.145752e-03,3.847020e-03,-2.270508e-02,2.441406e-03,2000,0,-1.829150e-04
2026-07-20T18:16:06.905,1784560566.906,155.503,-9.739502e-03,3.686334e-03,-2.392578e-02,1.220703e-03,2000,0,-1.947900e-04
2026-07-20T18:16:07.008,1784560567.008,155.603,-9.795532e-03,3.697892e-03,-2.246094e-02,4.394531e-03,2000,0,-1.959106e-04
2026-07-20T18:16:07.106,1784560567.106,155.703,-9.964844e-03,3.642461e-03,-2.563477e-02,2.197266e-03,2000,0,-1.992969e-04
2026-07-20T18:16:07.205,1784560567.206,155.803,-9.390381e-03,3.779851e-03,-2.392578e-02,2.929688e-03,2000,0,-1.878076e-04
2026-07-20T18:16:07.305,1784560567.306,155.903,-9.432983e-03,3.678399e-03,-2.294922e-02,2.197266e-03,2000,0,-1.886597e-04
2026-07-20T18:16:07.405,1784560567.406,156.003,-1.004980e-02,3.934939e-03,-2.514648e-02,2.197266e-03,2000,0,-2.009961e-04
2026-07-20T18:16:07.506,1784560567.507,156.103,-9.315796e-03,3.961987e-03,-2.197266e-02,6.835938e-03,2000,0,-1.863159e-04
2026-07-20T18:16:07.606,1784560567.607,156.203,-9.237183e-03,4.029655e-03,-2.294922e-02,3.417969e-03,2000,0,-1.847437e-04
2026-07-20T18:16:07.706,1784560567.707,156.303,-9.494263e-03,3.843770e-03,-2.270508e-02,4.150391e-03,2000,0,-1.898853e-04
2026-07-20T18:16:07.806,1784560567.807,156.403,-9.649292e-03,3.538645e-03,-2.441406e-02,2.929688e-03,2000,0,-1.929858e-04
2026-07-20T18:16:07.906,1784560567.907,156.503,-9.459595e-03,3.452810e-03,-2.050781e-02,2.929688e-03,2000,0,-1.891919e-04
2026-07-20T18:16:08.005,1784560568.006,156.603,-9.729614e-03,3.696451e-03,-2.148438e-02,3.906250e-03,2000,0,-1.945923e-04
2026-07-20T18:16:08.105,1784560568.106,156.703,-9.280518e-03,3.564535e-03,-1.977539e-02,3.173828e-03,2000,0,-1.856104e-04
2026-07-20T18:16:08.205,1784560568.206,156.803,-9.835205e-03,3.240996e-03,-2.880859e-02,7.324219e-04,2000,0,-1.967041e-04
2026-07-20T18:16:08.305,1784560568.306,156.903,-9.455078e-03,3.642698e-03,-2.587891e-02,5.859375e-03,2000,0,-1.891016e-04
2026-07-20T18:16:08.405,1784560568.406,157.003,-1.037012e-02,3.339005e-03,-2.026367e-02,0.000000e+00,2000,0,-2.074023e-04
2026-07-20T18:16:08.506,1784560568.507,157.103,-9.915649e-03,3.365723e-03,-2.124023e-02,3.662109e-03,2000,0,-1.983130e-04
2026-07-20T18:16:08.606,1784560568.607,157.203,-9.501343e-03,3.692886e-03,-2.270508e-02,3.906250e-03,2000,0,-1.900269e-04
2026-07-20T18:16:08.706,1784560568.707,157.303,-9.777588e-03,3.416954e-03,-2.075195e-02,2.685547e-03,2000,0,-1.955518e-04
2026-07-20T18:16:08.806,1784560568.807,157.403,-1.015222e-02,3.405355e-03,-2.050781e-02,4.882812e-04,2000,0,-2.030444e-04
2026-07-20T18:16:08.906,1784560568.907,157.503,-9.529053e-03,3.608379e-03,-2.099609e-02,3.417969e-03,2000,0,-1.905811e-04
2026-07-20T18:16:09.005,1784560569.006,157.603,-9.504639e-03,3.676155e-03,-2.148438e-02,5.371094e-03,2000,0,-1.900928e-04
2026-07-20T18:16:09.106,1784560569.106,157.704,-9.804443e-03,3.496318e-03,-2.099609e-02,1.953125e-03,2000,0,-1.960889e-04
2026-07-20T18:16:09.205,1784560569.206,157.803,-1.008228e-02,3.743089e-03,-2.197266e-02,2.441406e-03,2000,0,-2.016455e-04
2026-07-20T18:16:09.305,1784560569.306,157.903,-9.924316e-03,3.455151e-03,-2.172852e-02,4.882812e-04,2000,0,-1.984863e-04
2026-07-20T18:16:09.405,1784560569.406,158.003,-9.760010e-03,3.580616e-03,-2.001953e-02,2.685547e-03,2000,0,-1.952002e-04
2026-07-20T18:16:09.506,1784560569.506,158.103,-1.029443e-02,3.416795e-03,-2.490234e-02,7.812500e-03,2000,0,-2.058887e-04
2026-07-20T18:16:09.605,1784560569.606,158.203,-9.723633e-03,3.656322e-03,-2.490234e-02,4.882812e-04,2000,0,-1.944727e-04
2026-07-20T18:16:09.706,1784560569.706,158.303,-1.027930e-02,3.466884e-03,-2.197266e-02,4.882812e-04,2000,0,-2.055859e-04
2026-07-20T18:16:09.805,1784560569.806,158.403,-9.796143e-03,3.475206e-03,-2.099609e-02,0.000000e+00,2000,0,-1.959229e-04
2026-07-20T18:16:09.905,1784560569.906,158.503,-1.000415e-02,3.459710e-03,-2.050781e-02,2.197266e-03,2000,0,-2.000830e-04
2026-07-20T18:16:10.008,1784560570.008,158.603,-9.599365e-03,3.452568e-03,-2.001953e-02,1.464844e-03,2000,0,-1.919873e-04
2026-07-20T18:16:10.106,1784560570.106,158.703,-9.396973e-03,3.480523e-03,-1.977539e-02,2.685547e-03,2000,0,-1.879395e-04
2026-07-20T18:16:10.205,1784560570.206,158.803,-1.004309e-02,3.493753e-03,-2.880859e-02,3.173828e-03,2000,0,-2.008618e-04
2026-07-20T18:16:10.306,1784560570.306,158.903,-9.893433e-03,3.407511e-03,-2.294922e-02,4.882812e-04,2000,0,-1.978687e-04
2026-07-20T18:16:10.405,1784560570.406,159.003,-9.691406e-03,3.400306e-03,-2.514648e-02,1.708984e-03,2000,0,-1.938281e-04
2026-07-20T18:16:10.506,1784560570.506,159.103,-9.923950e-03,3.513505e-03,-2.416992e-02,4.150391e-03,2000,0,-1.984790e-04
2026-07-20T18:16:10.606,1784560570.606,159.203,-1.004907e-02,3.587007e-03,-1.928711e-02,4.150391e-03,2000,0,-2.009814e-04
2026-07-20T18:16:10.706,1784560570.706,159.303,-9.661987e-03,3.461164e-03,-1.977539e-02,2.929688e-03,2000,0,-1.932397e-04
2026-07-20T18:16:10.806,1784560570.806,159.403,-9.748413e-03,3.519891e-03,-2.075195e-02,1.708984e-03,2000,0,-1.949683e-04
2026-07-20T18:16:10.906,1784560570.906,159.503,-9.679932e-03,3.579661e-03,-2.465820e-02,2.685547e-03,2000,0,-1.935986e-04
2026-07-20T18:16:11.006,1784560571.006,159.603,-9.715698e-03,3.493674e-03,-2.270508e-02,3.662109e-03,2000,0,-1.943140e-04
2026-07-20T18:16:11.106,1784560571.106,159.703,-9.213501e-03,3.445854e-03,-2.197266e-02,4.638672e-03,2000,0,-1.842700e-04
2026-07-20T18:16:11.206,1784560571.206,159.803,-9.362793e-03,3.535941e-03,-2.050781e-02,1.953125e-03,2000,0,-1.872559e-04
2026-07-20T18:16:11.306,1784560571.306,159.903,-9.131226e-03,3.705419e-03,-2.075195e-02,2.929688e-03,2000,0,-1.826245e-04
2026-07-20T18:16:11.405,1784560571.406,160.003,-9.784546e-03,3.663480e-03,-2.221680e-02,3.662109e-03,2000,0,-1.956909e-04
2026-07-20T18:16:11.506,1784560571.506,160.103,-9.618408e-03,3.620963e-03,-2.416992e-02,2.929688e-03,2000,0,-1.923682e-04
2026-07-20T18:16:11.605,1784560571.606,160.203,-9.086182e-03,3.678511e-03,-2.124023e-02,4.394531e-03,2000,0,-1.817236e-04
2026-07-20T18:16:11.705,1784560571.706,160.303,-9.333374e-03,3.489263e-03,-2.246094e-02,6.103516e-03,2000,0,-1.866675e-04
2026-07-20T18:16:11.806,1784560571.806,160.403,-9.520386e-03,3.580566e-03,-1.928711e-02,2.929688e-03,2000,0,-1.904077e-04
2026-07-20T18:16:11.905,1784560571.906,160.503,-9.467773e-03,3.541021e-03,-1.977539e-02,3.906250e-03,2000,0,-1.893555e-04
2026-07-20T18:16:12.005,1784560572.006,160.603,-9.641235e-03,3.587197e-03,-2.050781e-02,9.765625e-04,2000,0,-1.928247e-04
2026-07-20T18:16:12.106,1784560572.106,160.703,-9.542114e-03,3.571422e-03,-2.075195e-02,3.417969e-03,2000,0,-1.908423e-04
2026-07-20T18:16:12.205,1784560572.206,160.803,-9.047363e-03,3.597565e-03,-2.001953e-02,1.440430e-02,2000,0,-1.809473e-04
2026-07-20T18:16:12.306,1784560572.306,160.903,-9.276245e-03,3.474186e-03,-2.124023e-02,4.150391e-03,2000,0,-1.855249e-04
2026-07-20T18:16:12.405,1784560572.406,161.003,-8.976196e-03,3.543051e-03,-2.148438e-02,2.685547e-03,2000,0,-1.795239e-04
2026-07-20T18:16:12.506,1784560572.506,161.103,-9.277100e-03,3.528672e-03,-2.001953e-02,1.220703e-03,2000,0,-1.855420e-04
2026-07-20T18:16:12.606,1784560572.606,161.203,-9.895996e-03,3.513088e-03,-2.343750e-02,2.441406e-04,2000,0,-1.979199e-04
2026-07-20T18:16:12.706,1784560572.706,161.303,-9.184448e-03,3.473999e-03,-2.221680e-02,1.220703e-03,2000,0,-1.836890e-04
2026-07-20T18:16:12.805,1784560572.806,161.403,-9.281250e-03,3.447295e-03,-2.246094e-02,1.953125e-03,2000,0,-1.856250e-04
2026-07-20T18:16:12.906,1784560572.906,161.503,-9.455200e-03,3.492122e-03,-2.197266e-02,7.324219e-04,2000,0,-1.891040e-04
2026-07-20T18:16:13.007,1784560573.008,161.603,-9.832031e-03,3.657215e-03,-2.099609e-02,1.708984e-03,2000,0,-1.966406e-04
2026-07-20T18:16:13.105,1784560573.106,161.703,-9.204346e-03,3.594747e-03,-2.148438e-02,5.371094e-03,2000,0,-1.840869e-04
2026-07-20T18:16:13.206,1784560573.206,161.803,-9.203003e-03,3.612413e-03,-2.197266e-02,1.464844e-03,2000,0,-1.840601e-04
2026-07-20T18:16:13.306,1784560573.306,161.903,-9.273193e-03,3.492122e-03,-2.099609e-02,2.197266e-03,2000,0,-1.854639e-04
2026-07-20T18:16:13.406,1784560573.407,162.003,-9.320190e-03,3.711441e-03,-2.124023e-02,1.708984e-03,2000,0,-1.864038e-04
2026-07-20T18:16:13.506,1784560573.507,162.103,-9.127686e-03,3.602661e-03,-2.099609e-02,9.765625e-04,2000,0,-1.825537e-04
2026-07-20T18:16:13.606,1784560573.607,162.203,-9.070923e-03,3.551610e-03,-2.246094e-02,2.197266e-03,2000,0,-1.814185e-04
2026-07-20T18:16:13.706,1784560573.707,162.303,-1.001941e-02,3.501763e-03,-2.294922e-02,2.441406e-03,2000,0,-2.003882e-04
2026-07-20T18:16:13.806,1784560573.807,162.403,-9.281250e-03,3.477549e-03,-2.294922e-02,4.882812e-04,2000,0,-1.856250e-04
2026-07-20T18:16:13.905,1784560573.906,162.503,-8.929443e-03,3.468158e-03,-2.026367e-02,2.685547e-03,2000,0,-1.785889e-04
2026-07-20T18:16:14.006,1784560574.006,162.603,-8.921143e-03,3.567105e-03,-2.587891e-02,1.708984e-03,2000,0,-1.784229e-04
2026-07-20T18:16:14.106,1784560574.106,162.703,-9.712524e-03,3.272115e-03,-2.099609e-02,0.000000e+00,2000,0,-1.942505e-04
2026-07-20T18:16:14.206,1784560574.206,162.803,-9.292603e-03,3.235002e-03,-1.953125e-02,3.173828e-03,2000,0,-1.858521e-04
2026-07-20T18:16:14.306,1784560574.306,162.903,-8.984253e-03,3.389076e-03,-1.953125e-02,2.197266e-03,2000,0,-1.796851e-04
2026-07-20T18:16:14.406,1784560574.406,163.003,-9.790039e-03,3.367212e-03,-2.099609e-02,1.464844e-03,2000,0,-1.958008e-04
2026-07-20T18:16:14.506,1784560574.506,163.103,-9.460571e-03,3.188352e-03,-2.026367e-02,1.220703e-03,2000,0,-1.892114e-04
2026-07-20T18:16:14.605,1784560574.606,163.203,-8.875854e-03,3.211160e-03,-2.001953e-02,6.103516e-03,2000,0,-1.775171e-04
2026-07-20T18:16:14.706,1784560574.706,163.303,-9.489868e-03,3.157407e-03,-2.075195e-02,2.685547e-03,2000,0,-1.897974e-04
2026-07-20T18:16:14.805,1784560574.806,163.403,-8.806396e-03,3.032635e-03,-1.928711e-02,2.441406e-04,2000,0,-1.761279e-04
2026-07-20T18:16:14.906,1784560574.906,163.503,-9.464478e-03,3.087486e-03,-1.855469e-02,-7.324219e-04,2000,0,-1.892896e-04
2026-07-20T18:16:15.006,1784560575.006,163.603,-9.484375e-03,3.184008e-03,-1.953125e-02,2.441406e-04,2000,0,-1.896875e-04
2026-07-20T18:16:15.106,1784560575.106,163.703,-9.287720e-03,2.955127e-03,-1.806641e-02,5.126953e-03,2000,0,-1.857544e-04
2026-07-20T18:16:15.206,1784560575.206,163.803,-9.267944e-03,2.832747e-03,-1.855469e-02,1.220703e-03,2000,0,-1.853589e-04
2026-07-20T18:16:15.306,1784560575.306,163.903,-9.461670e-03,3.043406e-03,-1.977539e-02,1.708984e-03,2000,0,-1.892334e-04
2026-07-20T18:16:15.406,1784560575.406,164.003,-9.636108e-03,3.029686e-03,-1.831055e-02,1.464844e-03,2000,0,-1.927222e-04
2026-07-20T18:16:15.506,1784560575.506,164.103,-9.371582e-03,3.059005e-03,-2.294922e-02,3.906250e-03,2000,0,-1.874316e-04
2026-07-20T18:16:15.606,1784560575.606,164.203,-9.078491e-03,3.029313e-03,-1.953125e-02,9.765625e-04,2000,0,-1.815698e-04
2026-07-20T18:16:15.706,1784560575.706,164.303,-9.092773e-03,2.978810e-03,-1.953125e-02,7.324219e-04,2000,0,-1.818555e-04
2026-07-20T18:16:15.806,1784560575.806,164.403,-8.989014e-03,3.114820e-03,-1.855469e-02,4.150391e-03,2000,0,-1.797803e-04
2026-07-20T18:16:15.906,1784560575.906,164.503,-9.459106e-03,3.187538e-03,-2.050781e-02,1.464844e-03,2000,0,-1.891821e-04
2026-07-20T18:16:16.007,1784560576.008,164.603,-9.008179e-03,3.230387e-03,-1.831055e-02,9.765625e-04,2000,0,-1.801636e-04
2026-07-20T18:16:16.107,1784560576.108,164.703,-9.148193e-03,3.123418e-03,-1.806641e-02,9.765625e-04,2000,0,-1.829639e-04
2026-07-20T18:16:16.206,1784560576.207,164.803,-9.142944e-03,3.147705e-03,-2.075195e-02,2.929688e-03,2000,0,-1.828589e-04
2026-07-20T18:16:16.306,1784560576.307,164.903,-9.024414e-03,3.448046e-03,-2.490234e-02,4.394531e-03,2000,0,-1.804883e-04
2026-07-20T18:16:16.406,1784560576.407,165.003,-8.886475e-03,3.305251e-03,-1.782227e-02,9.765625e-04,2000,0,-1.777295e-04
2026-07-20T18:16:16.506,1784560576.506,165.103,-9.111084e-03,3.382694e-03,-1.855469e-02,3.417969e-03,2000,0,-1.822217e-04
2026-07-20T18:16:16.606,1784560576.606,165.203,-8.874634e-03,3.433260e-03,-2.514648e-02,2.441406e-03,2000,0,-1.774927e-04
2026-07-20T18:16:16.706,1784560576.706,165.303,-8.866089e-03,3.310667e-03,-1.977539e-02,2.685547e-03,2000,0,-1.773218e-04
2026-07-20T18:16:16.806,1784560576.806,165.403,-9.329712e-03,3.330775e-03,-1.855469e-02,7.324219e-04,2000,0,-1.865942e-04
2026-07-20T18:16:16.906,1784560576.906,165.503,-9.087036e-03,3.325630e-03,-2.026367e-02,2.197266e-03,2000,0,-1.817407e-04
2026-07-20T18:16:17.006,1784560577.006,165.603,-8.580688e-03,3.340483e-03,-1.928711e-02,1.708984e-03,2000,0,-1.716138e-04
2026-07-20T18:16:17.106,1784560577.106,165.703,-9.212524e-03,3.378372e-03,-1.953125e-02,1.953125e-03,2000,0,-1.842505e-04
2026-07-20T18:16:17.206,1784560577.206,165.803,-8.766357e-03,3.299173e-03,-2.001953e-02,1.464844e-03,2000,0,-1.753271e-04
2026-07-20T18:16:17.306,1784560577.306,165.903,-8.722778e-03,3.270799e-03,-2.001953e-02,4.882812e-04,2000,0,-1.744556e-04
2026-07-20T18:16:17.406,1784560577.406,166.003,-9.410645e-03,3.318480e-03,-2.221680e-02,2.197266e-03,2000,0,-1.882129e-04
2026-07-20T18:16:17.506,1784560577.506,166.103,-8.790161e-03,3.281658e-03,-2.026367e-02,9.765625e-04,2000,0,-1.758032e-04
2026-07-20T18:16:17.606,1784560577.606,166.203,-8.861572e-03,3.169090e-03,-2.197266e-02,2.197266e-03,2000,0,-1.772314e-04
2026-07-20T18:16:17.706,1784560577.706,166.303,-9.325562e-03,3.128388e-03,-1.879883e-02,1.708984e-03,2000,0,-1.865112e-04
2026-07-20T18:16:17.806,1784560577.806,166.403,-9.440796e-03,3.098896e-03,-2.197266e-02,-2.441406e-04,2000,0,-1.888159e-04
2026-07-20T18:16:17.906,1784560577.906,166.503,-9.214233e-03,2.959873e-03,-2.026367e-02,7.324219e-04,2000,0,-1.842847e-04
2026-07-20T18:16:18.005,1784560578.006,166.603,-9.645874e-03,2.876334e-03,-2.221680e-02,1.953125e-03,2000,0,-1.929175e-04
2026-07-20T18:16:18.106,1784560578.106,166.703,-9.216919e-03,2.859232e-03,-1.806641e-02,0.000000e+00,2000,0,-1.843384e-04
2026-07-20T18:16:18.206,1784560578.206,166.803,-9.192749e-03,2.866708e-03,-1.708984e-02,-4.882812e-04,2000,0,-1.838550e-04
2026-07-20T18:16:18.305,1784560578.306,166.903,-9.524048e-03,2.763941e-03,-1.831055e-02,2.441406e-04,2000,0,-1.904810e-04
2026-07-20T18:16:18.406,1784560578.406,167.003,-9.436035e-03,2.698803e-03,-1.782227e-02,7.324219e-04,2000,0,-1.887207e-04
2026-07-20T18:16:18.506,1784560578.506,167.103,-8.940063e-03,2.732270e-03,-1.757812e-02,3.906250e-03,2000,0,-1.788013e-04
2026-07-20T18:16:18.606,1784560578.606,167.203,-9.114136e-03,2.510101e-03,-2.368164e-02,-2.441406e-04,2000,0,-1.822827e-04
2026-07-20T18:16:18.706,1784560578.706,167.303,-8.870483e-03,2.657292e-03,-2.075195e-02,-4.882812e-04,2000,0,-1.774097e-04
2026-07-20T18:16:18.806,1784560578.806,167.403,-8.809082e-03,2.583998e-03,-1.708984e-02,1.953125e-03,2000,0,-1.761816e-04
2026-07-20T18:16:18.906,1784560578.906,167.503,-9.517822e-03,2.474432e-03,-1.733398e-02,-4.882812e-04,2000,0,-1.903564e-04
2026-07-20T18:16:19.007,1784560579.008,167.603,-9.085449e-03,2.554056e-03,-1.928711e-02,-2.441406e-04,2000,0,-1.817090e-04
2026-07-20T18:16:19.106,1784560579.106,167.703,-8.865967e-03,2.481816e-03,-1.660156e-02,0.000000e+00,2000,0,-1.773193e-04
2026-07-20T18:16:19.206,1784560579.206,167.803,-9.077026e-03,2.595196e-03,-1.708984e-02,-2.441406e-04,2000,0,-1.815405e-04
2026-07-20T18:16:19.306,1784560579.306,167.903,-9.242676e-03,2.576636e-03,-1.806641e-02,-9.765625e-04,2000,0,-1.848535e-04
2026-07-20T18:16:19.406,1784560579.406,168.003,-8.751709e-03,2.645211e-03,-1.635742e-02,2.685547e-03,2000,0,-1.750342e-04
2026-07-20T18:16:19.506,1784560579.506,168.103,-9.489746e-03,2.663742e-03,-2.001953e-02,-1.220703e-03,2000,0,-1.897949e-04
2026-07-20T18:16:19.606,1784560579.606,168.203,-9.295288e-03,2.563524e-03,-1.855469e-02,-9.765625e-04,2000,0,-1.859058e-04
2026-07-20T18:16:19.706,1784560579.706,168.303,-9.042603e-03,2.550423e-03,-2.465820e-02,7.324219e-04,2000,0,-1.808521e-04
2026-07-20T18:16:19.806,1784560579.806,168.403,-9.592773e-03,2.552242e-03,-1.977539e-02,2.441406e-04,2000,0,-1.918555e-04
2026-07-20T18:16:19.906,1784560579.906,168.503,-9.275146e-03,2.665664e-03,-1.733398e-02,-7.324219e-04,2000,0,-1.855029e-04
2026-07-20T18:16:20.006,1784560580.006,168.603,-9.006958e-03,2.703233e-03,-1.904297e-02,1.220703e-03,2000,0,-1.801392e-04
2026-07-20T18:16:20.105,1784560580.106,168.703,-9.054077e-03,2.785357e-03,-1.855469e-02,9.765625e-04,2000,0,-1.810815e-04
2026-07-20T18:16:20.206,1784560580.206,168.803,-9.407471e-03,2.749861e-03,-1.782227e-02,2.197266e-03,2000,0,-1.881494e-04
2026-07-20T18:16:20.305,1784560580.306,168.903,-9.059326e-03,2.743858e-03,-1.757812e-02,1.220703e-03,2000,0,-1.811865e-04
2026-07-20T18:16:20.406,1784560580.407,169.003,-9.092651e-03,2.958751e-03,-1.831055e-02,4.882812e-04,2000,0,-1.818530e-04
2026-07-20T18:16:20.506,1784560580.507,169.103,-8.595215e-03,2.896619e-03,-1.806641e-02,7.324219e-04,2000,0,-1.719043e-04
2026-07-20T18:16:20.606,1784560580.607,169.203,-9.180542e-03,2.829192e-03,-1.904297e-02,7.324219e-04,2000,0,-1.836108e-04
2026-07-20T18:16:20.706,1784560580.707,169.303,-9.026978e-03,2.923464e-03,-1.782227e-02,0.000000e+00,2000,0,-1.805396e-04
2026-07-20T18:16:20.806,1784560580.807,169.403,-8.838135e-03,2.949483e-03,-1.928711e-02,1.220703e-03,2000,0,-1.767627e-04
2026-07-20T18:16:20.906,1784560580.906,169.503,-8.757568e-03,3.092746e-03,-1.855469e-02,2.197266e-03,2000,0,-1.751514e-04
2026-07-20T18:16:21.006,1784560581.007,169.603,-9.317261e-03,3.068254e-03,-2.270508e-02,1.464844e-03,2000,0,-1.863452e-04
2026-07-20T18:16:21.106,1784560581.106,169.703,-8.810303e-03,3.168541e-03,-1.831055e-02,2.685547e-03,2000,0,-1.762061e-04
2026-07-20T18:16:21.206,1784560581.206,169.803,-8.408569e-03,3.269612e-03,-1.782227e-02,2.197266e-03,2000,0,-1.681714e-04
2026-07-20T18:16:21.306,1784560581.306,169.903,-9.187012e-03,3.206433e-03,-1.953125e-02,2.441406e-04,2000,0,-1.837402e-04
2026-07-20T18:16:21.406,1784560581.406,170.003,-8.915039e-03,3.390671e-03,-2.001953e-02,1.953125e-03,2000,0,-1.783008e-04
2026-07-20T18:16:21.505,1784560581.506,170.103,-8.895508e-03,3.322420e-03,-1.855469e-02,7.324219e-04,2000,0,-1.779102e-04
2026-07-20T18:16:21.606,1784560581.606,170.203,-9.064331e-03,3.234188e-03,-1.879883e-02,1.708984e-03,2000,0,-1.812866e-04
2026-07-20T18:16:21.706,1784560581.706,170.303,-8.962769e-03,3.513991e-03,-1.928711e-02,3.906250e-03,2000,0,-1.792554e-04
2026-07-20T18:16:21.806,1784560581.806,170.403,-8.902832e-03,3.283849e-03,-1.831055e-02,0.000000e+00,2000,0,-1.780566e-04
2026-07-20T18:16:21.906,1784560581.906,170.503,-8.771973e-03,3.431206e-03,-1.806641e-02,2.197266e-03,2000,0,-1.754395e-04
2026-07-20T18:16:22.007,1784560582.007,170.603,-9.048584e-03,3.395364e-03,-1.928711e-02,7.324219e-04,2000,0,-1.809717e-04
2026-07-20T18:16:22.106,1784560582.106,170.703,-8.343384e-03,3.558780e-03,-2.124023e-02,5.371094e-03,2000,0,-1.668677e-04
2026-07-20T18:16:22.206,1784560582.206,170.803,-8.885010e-03,3.424507e-03,-1.904297e-02,2.929688e-03,2000,0,-1.777002e-04
2026-07-20T18:16:22.306,1784560582.306,170.903,-8.459106e-03,3.518836e-03,-1.977539e-02,2.685547e-03,2000,0,-1.691821e-04
2026-07-20T18:16:22.406,1784560582.407,171.003,-8.727295e-03,3.649964e-03,-2.075195e-02,1.953125e-03,2000,0,-1.745459e-04
2026-07-20T18:16:22.506,1784560582.507,171.103,-8.594727e-03,3.607771e-03,-2.001953e-02,1.464844e-03,2000,0,-1.718945e-04
2026-07-20T18:16:22.606,1784560582.607,171.203,-8.563843e-03,3.548687e-03,-2.124023e-02,5.371094e-03,2000,0,-1.712769e-04
2026-07-20T18:16:22.706,1784560582.707,171.303,-8.279297e-03,3.596360e-03,-1.953125e-02,4.150391e-03,2000,0,-1.655859e-04
2026-07-20T18:16:22.806,1784560582.807,171.403,-8.835327e-03,3.607111e-03,-2.758789e-02,1.220703e-03,2000,0,-1.767065e-04
2026-07-20T18:16:22.906,1784560582.907,171.503,-8.640503e-03,3.801844e-03,-2.124023e-02,2.441406e-03,2000,0,-1.728101e-04
2026-07-20T18:16:23.006,1784560583.006,171.603,-9.310913e-03,3.830430e-03,-2.148438e-02,2.685547e-03,2000,0,-1.862183e-04
2026-07-20T18:16:23.106,1784560583.106,171.703,-8.911987e-03,3.922771e-03,-2.075195e-02,2.441406e-03,2000,0,-1.782397e-04
2026-07-20T18:16:23.206,1784560583.206,171.803,-8.690430e-03,4.007409e-03,-2.172852e-02,6.103516e-03,2000,0,-1.738086e-04
2026-07-20T18:16:23.306,1784560583.306,171.904,-8.596680e-03,3.817762e-03,-2.001953e-02,8.544922e-03,2000,0,-1.719336e-04
2026-07-20T18:16:23.406,1784560583.406,172.003,-8.941528e-03,3.949079e-03,-2.636719e-02,4.638672e-03,2000,0,-1.788306e-04
2026-07-20T18:16:23.506,1784560583.506,172.103,-8.687012e-03,4.090833e-03,-2.124023e-02,3.417969e-03,2000,0,-1.737402e-04
2026-07-20T18:16:23.606,1784560583.606,172.203,-8.612793e-03,4.058905e-03,-2.026367e-02,6.103516e-03,2000,0,-1.722559e-04
2026-07-20T18:16:23.706,1784560583.706,172.303,-9.064087e-03,4.057566e-03,-2.197266e-02,5.126953e-03,2000,0,-1.812817e-04
2026-07-20T18:16:23.806,1784560583.806,172.403,-8.599243e-03,4.008221e-03,-2.343750e-02,4.150391e-03,2000,0,-1.719849e-04
2026-07-20T18:16:23.906,1784560583.906,172.503,-8.379395e-03,4.039146e-03,-2.172852e-02,5.615234e-03,2000,0,-1.675879e-04
2026-07-20T18:16:24.006,1784560584.006,172.603,-8.991943e-03,4.095843e-03,-2.026367e-02,2.929688e-03,2000,0,-1.798389e-04
2026-07-20T18:16:24.106,1784560584.106,172.703,-8.818481e-03,4.046169e-03,-2.050781e-02,4.638672e-03,2000,0,-1.763696e-04
2026-07-20T18:16:24.206,1784560584.206,172.803,-8.734375e-03,4.124133e-03,-2.172852e-02,9.521484e-03,2000,0,-1.746875e-04
2026-07-20T18:16:24.306,1784560584.306,172.903,-8.511841e-03,4.162631e-03,-2.441406e-02,7.568359e-03,2000,0,-1.702368e-04
2026-07-20T18:16:24.406,1784560584.406,173.003,-9.161499e-03,3.936758e-03,-2.075195e-02,5.859375e-03,2000,0,-1.832300e-04
2026-07-20T18:16:24.506,1784560584.506,173.103,-8.054199e-03,3.955951e-03,-1.953125e-02,6.835938e-03,2000,0,-1.610840e-04
2026-07-20T18:16:24.606,1784560584.606,173.203,-8.465820e-03,4.035084e-03,-2.050781e-02,6.103516e-03,2000,0,-1.693164e-04
2026-07-20T18:16:24.706,1784560584.706,173.303,-8.365356e-03,3.964873e-03,-1.928711e-02,5.859375e-03,2000,0,-1.673071e-04
2026-07-20T18:16:24.806,1784560584.806,173.403,-8.442993e-03,3.938006e-03,-2.294922e-02,6.103516e-03,2000,0,-1.688599e-04
2026-07-20T18:16:24.906,1784560584.906,173.503,-8.493530e-03,3.776668e-03,-1.977539e-02,5.615234e-03,2000,0,-1.698706e-04
2026-07-20T18:16:25.007,1784560585.007,173.603,-8.434692e-03,3.858647e-03,-2.075195e-02,4.150391e-03,2000,0,-1.686938e-04
2026-07-20T18:16:25.106,1784560585.106,173.703,-8.630005e-03,3.839239e-03,-1.782227e-02,1.147461e-02,2000,0,-1.726001e-04
2026-07-20T18:16:25.206,1784560585.206,173.803,-8.202515e-03,3.940119e-03,-1.879883e-02,1.000977e-02,2000,0,-1.640503e-04
2026-07-20T18:16:25.306,1784560585.306,173.903,-8.502075e-03,3.856291e-03,-2.148438e-02,5.371094e-03,2000,0,-1.700415e-04
2026-07-20T18:16:25.406,1784560585.406,174.003,-8.255615e-03,3.829490e-03,-2.172852e-02,4.882812e-03,2000,0,-1.651123e-04
2026-07-20T18:16:25.506,1784560585.506,174.103,-8.652588e-03,3.737414e-03,-1.977539e-02,4.638672e-03,2000,0,-1.730518e-04
2026-07-20T18:16:25.606,1784560585.606,174.203,-8.416992e-03,3.710001e-03,-1.831055e-02,6.591797e-03,2000,0,-1.683398e-04
2026-07-20T18:16:25.706,1784560585.706,174.303,-8.144409e-03,3.725983e-03,-2.246094e-02,4.150391e-03,2000,0,-1.628882e-04
2026-07-20T18:16:25.806,1784560585.806,174.403,-8.660156e-03,3.864047e-03,-2.416992e-02,3.906250e-03,2000,0,-1.732031e-04
2026-07-20T18:16:25.906,1784560585.906,174.503,-8.411133e-03,3.911867e-03,-1.953125e-02,4.882812e-03,2000,0,-1.682227e-04
2026-07-20T18:16:26.006,1784560586.006,174.603,-8.129272e-03,3.676964e-03,-1.879883e-02,3.662109e-03,2000,0,-1.625854e-04
2026-07-20T18:16:26.106,1784560586.106,174.703,-8.513428e-03,3.697932e-03,-1.953125e-02,7.324219e-03,2000,0,-1.702686e-04
2026-07-20T18:16:26.206,1784560586.206,174.803,-8.153320e-03,3.780959e-03,-1.953125e-02,6.103516e-03,2000,0,-1.630664e-04
2026-07-20T18:16:26.306,1784560586.306,174.903,-8.341309e-03,3.508908e-03,-1.806641e-02,3.662109e-03,2000,0,-1.668262e-04
2026-07-20T18:16:26.406,1784560586.406,175.003,-8.568726e-03,3.614691e-03,-1.904297e-02,5.126953e-03,2000,0,-1.713745e-04
2026-07-20T18:16:26.506,1784560586.506,175.103,-8.204712e-03,3.482028e-03,-1.928711e-02,1.953125e-03,2000,0,-1.640942e-04
2026-07-20T18:16:26.606,1784560586.606,175.204,-8.265015e-03,3.285992e-03,-2.124023e-02,2.685547e-03,2000,0,-1.653003e-04
2026-07-20T18:16:26.706,1784560586.706,175.303,-8.834839e-03,3.427784e-03,-1.879883e-02,2.929688e-03,2000,0,-1.766968e-04
2026-07-20T18:16:26.806,1784560586.806,175.403,-8.537231e-03,3.034478e-03,-2.099609e-02,7.324219e-04,2000,0,-1.707446e-04
2026-07-20T18:16:26.906,1784560586.906,175.503,-8.235718e-03,3.315349e-03,-2.050781e-02,2.929688e-03,2000,0,-1.647144e-04
2026-07-20T18:16:27.006,1784560587.006,175.603,-8.911011e-03,3.407901e-03,-2.832031e-02,5.615234e-03,2000,0,-1.782202e-04
2026-07-20T18:16:27.106,1784560587.106,175.703,-7.944702e-03,3.188221e-03,-1.904297e-02,2.441406e-03,2000,0,-1.588940e-04
2026-07-20T18:16:27.206,1784560587.206,175.803,-8.261963e-03,3.220674e-03,-1.806641e-02,7.324219e-04,2000,0,-1.652393e-04
2026-07-20T18:16:27.306,1784560587.306,175.903,-8.029297e-03,3.341646e-03,-1.904297e-02,3.662109e-03,2000,0,-1.605859e-04
2026-07-20T18:16:27.406,1784560587.406,176.003,-7.704224e-03,3.348741e-03,-2.050781e-02,5.371094e-03,2000,0,-1.540845e-04
2026-07-20T18:16:27.506,1784560587.506,176.103,-7.778442e-03,3.234564e-03,-1.831055e-02,2.197266e-03,2000,0,-1.555688e-04
2026-07-20T18:16:27.606,1784560587.606,176.203,-8.086792e-03,3.331086e-03,-1.977539e-02,2.441406e-03,2000,0,-1.617358e-04
2026-07-20T18:16:27.706,1784560587.706,176.303,-7.973267e-03,3.316971e-03,-1.879883e-02,7.568359e-03,2000,0,-1.594653e-04
2026-07-20T18:16:27.806,1784560587.806,176.403,-7.894897e-03,3.273939e-03,-1.757812e-02,2.929688e-03,2000,0,-1.578979e-04
2026-07-20T18:16:27.906,1784560587.906,176.503,-7.980103e-03,3.373077e-03,-1.831055e-02,3.173828e-03,2000,0,-1.596021e-04
2026-07-20T18:16:28.007,1784560588.008,176.603,-8.180420e-03,3.288131e-03,-1.708984e-02,2.197266e-03,2000,0,-1.636084e-04
2026-07-20T18:16:28.106,1784560588.107,176.703,-8.075806e-03,3.302288e-03,-1.733398e-02,5.371094e-03,2000,0,-1.615161e-04
2026-07-20T18:16:28.206,1784560588.207,176.803,-7.991699e-03,3.458717e-03,-1.977539e-02,4.394531e-03,2000,0,-1.598340e-04
2026-07-20T18:16:28.306,1784560588.307,176.903,-7.635986e-03,3.362024e-03,-1.928711e-02,1.074219e-02,2000,0,-1.527197e-04
2026-07-20T18:16:28.406,1784560588.407,177.003,-7.849243e-03,3.373047e-03,-1.879883e-02,3.662109e-03,2000,0,-1.569849e-04
2026-07-20T18:16:28.506,1784560588.507,177.103,-8.314941e-03,3.337552e-03,-1.977539e-02,3.173828e-03,2000,0,-1.662988e-04
2026-07-20T18:16:28.607,1784560588.608,177.203,-8.575317e-03,3.383555e-03,-1.928711e-02,2.197266e-03,2000,0,-1.715063e-04
2026-07-20T18:16:28.706,1784560588.706,177.303,-8.343628e-03,3.410582e-03,-1.904297e-02,4.394531e-03,2000,0,-1.668726e-04
2026-07-20T18:16:28.806,1784560588.806,177.403,-8.157471e-03,3.538653e-03,-2.197266e-02,4.150391e-03,2000,0,-1.631494e-04
2026-07-20T18:16:28.906,1784560588.906,177.503,-7.943481e-03,3.323351e-03,-1.953125e-02,1.708984e-03,2000,0,-1.588696e-04
2026-07-20T18:16:29.006,1784560589.006,177.603,-7.956421e-03,3.527617e-03,-1.831055e-02,3.906250e-03,2000,0,-1.591284e-04
2026-07-20T18:16:29.106,1784560589.107,177.703,-8.152344e-03,3.408795e-03,-2.172852e-02,2.685547e-03,2000,0,-1.630469e-04
2026-07-20T18:16:29.206,1784560589.207,177.803,-8.231445e-03,3.377545e-03,-2.075195e-02,2.441406e-03,2000,0,-1.646289e-04
2026-07-20T18:16:29.306,1784560589.307,177.903,-8.284912e-03,3.408065e-03,-2.026367e-02,3.417969e-03,2000,0,-1.656982e-04
2026-07-20T18:16:29.406,1784560589.407,178.003,-8.651245e-03,3.467561e-03,-2.416992e-02,2.441406e-03,2000,0,-1.730249e-04
2026-07-20T18:16:29.506,1784560589.507,178.103,-8.006958e-03,3.405924e-03,-2.197266e-02,3.417969e-03,2000,0,-1.601392e-04
2026-07-20T18:16:29.606,1784560589.606,178.203,-8.017944e-03,3.431738e-03,-2.197266e-02,5.371094e-03,2000,0,-1.603589e-04
2026-07-20T18:16:29.706,1784560589.706,178.303,-8.233643e-03,3.492144e-03,-2.001953e-02,4.150391e-03,2000,0,-1.646729e-04
2026-07-20T18:16:29.806,1784560589.806,178.403,-7.852417e-03,3.572435e-03,-2.246094e-02,1.953125e-03,2000,0,-1.570483e-04
2026-07-20T18:16:29.906,1784560589.906,178.503,-8.174927e-03,3.573987e-03,-2.124023e-02,1.464844e-03,2000,0,-1.634985e-04
2026-07-20T18:16:30.006,1784560590.006,178.603,-8.393799e-03,3.718662e-03,-2.246094e-02,3.662109e-03,2000,0,-1.678760e-04
2026-07-20T18:16:30.106,1784560590.106,178.703,-7.754517e-03,3.687122e-03,-2.465820e-02,2.197266e-03,2000,0,-1.550903e-04
2026-07-20T18:16:30.206,1784560590.206,178.803,-7.434448e-03,3.638806e-03,-2.099609e-02,4.150391e-03,2000,0,-1.486890e-04
2026-07-20T18:16:30.306,1784560590.306,178.903,-7.723389e-03,3.657458e-03,-1.928711e-02,4.882812e-03,2000,0,-1.544678e-04
2026-07-20T18:16:30.406,1784560590.406,179.003,-7.889160e-03,3.708474e-03,-2.587891e-02,2.197266e-03,2000,0,-1.577832e-04
2026-07-20T18:16:30.506,1784560590.506,179.103,-7.470337e-03,3.685370e-03,-2.124023e-02,4.394531e-03,2000,0,-1.494067e-04
2026-07-20T18:16:30.606,1784560590.606,179.203,-7.309326e-03,3.784875e-03,-2.294922e-02,5.126953e-03,2000,0,-1.461865e-04
2026-07-20T18:16:30.706,1784560590.706,179.303,-7.840576e-03,3.567443e-03,-1.879883e-02,2.929688e-03,2000,0,-1.568115e-04
2026-07-20T18:16:30.806,1784560590.806,179.403,-7.550171e-03,3.589390e-03,-1.953125e-02,2.197266e-03,2000,0,-1.510034e-04
2026-07-20T18:16:30.906,1784560590.906,179.503,-7.715698e-03,3.594529e-03,-2.099609e-02,3.417969e-03,2000,0,-1.543140e-04
2026-07-20T18:16:31.007,1784560591.008,179.603,-7.906250e-03,3.568001e-03,-1.879883e-02,1.708984e-03,2000,0,-1.581250e-04
2026-07-20T18:16:31.106,1784560591.106,179.703,-7.195557e-03,3.549071e-03,-2.026367e-02,5.615234e-03,2000,0,-1.439111e-04
2026-07-20T18:16:31.206,1784560591.206,179.803,-7.508545e-03,3.529525e-03,-2.001953e-02,1.245117e-02,2000,0,-1.501709e-04
2026-07-20T18:16:31.306,1784560591.306,179.903,-7.421997e-03,3.555320e-03,-1.757812e-02,4.638672e-03,2000,0,-1.484399e-04
2026-07-20T18:16:31.406,1784560591.406,180.003,-7.511475e-03,3.605203e-03,-1.879883e-02,5.126953e-03,2000,0,-1.502295e-04
2026-07-20T18:16:31.506,1784560591.507,180.103,-7.732056e-03,3.292704e-03,-1.879883e-02,4.150391e-03,2000,0,-1.546411e-04
2026-07-20T18:16:31.606,1784560591.606,180.203,-7.316284e-03,3.345025e-03,-1.831055e-02,4.882812e-03,2000,0,-1.463257e-04
2026-07-20T18:16:31.706,1784560591.706,180.303,-7.069580e-03,3.373659e-03,-1.879883e-02,5.126953e-03,2000,0,-1.413916e-04
2026-07-20T18:16:31.806,1784560591.806,180.403,-7.734375e-03,3.358994e-03,-1.806641e-02,3.662109e-03,2000,0,-1.546875e-04
2026-07-20T18:16:31.906,1784560591.906,180.503,-7.094116e-03,3.416270e-03,-2.246094e-02,9.033203e-03,2000,0,-1.418823e-04
2026-07-20T18:16:32.006,1784560592.006,180.603,-7.066650e-03,3.390154e-03,-1.904297e-02,3.906250e-03,2000,0,-1.413330e-04
2026-07-20T18:16:32.106,1784560592.106,180.703,-6.669800e-03,3.472984e-03,-1.757812e-02,6.103516e-03,2000,0,-1.333960e-04
2026-07-20T18:16:32.206,1784560592.206,180.803,-6.557739e-03,3.408513e-03,-1.660156e-02,3.662109e-03,2000,0,-1.311548e-04
2026-07-20T18:16:32.306,1784560592.306,180.903,-6.689941e-03,3.344115e-03,-1.660156e-02,6.103516e-03,2000,0,-1.337988e-04
2026-07-20T18:16:32.406,1784560592.406,181.003,-7.083984e-03,3.384116e-03,-1.733398e-02,3.662109e-03,2000,0,-1.416797e-04
2026-07-20T18:16:32.506,1784560592.506,181.103,-7.413086e-03,3.436452e-03,-2.026367e-02,3.417969e-03,2000,0,-1.482617e-04
2026-07-20T18:16:32.606,1784560592.606,181.203,-7.113403e-03,3.401282e-03,-1.708984e-02,6.835938e-03,2000,0,-1.422681e-04
2026-07-20T18:16:32.706,1784560592.706,181.303,-7.423828e-03,3.338801e-03,-1.904297e-02,9.033203e-03,2000,0,-1.484766e-04
2026-07-20T18:16:32.806,1784560592.806,181.403,-6.627563e-03,3.431101e-03,-1.708984e-02,5.859375e-03,2000,0,-1.325513e-04
2026-07-20T18:16:32.906,1784560592.907,181.503,-6.582520e-03,3.335023e-03,-1.855469e-02,4.150391e-03,2000,0,-1.316504e-04
2026-07-20T18:16:33.007,1784560593.008,181.603,-7.600098e-03,3.365619e-03,-1.757812e-02,3.417969e-03,2000,0,-1.520020e-04
2026-07-20T18:16:33.106,1784560593.107,181.703,-6.786011e-03,3.418585e-03,-2.001953e-02,3.906250e-03,2000,0,-1.357202e-04
2026-07-20T18:16:33.206,1784560593.206,181.803,-7.071167e-03,3.301736e-03,-1.806641e-02,4.882812e-03,2000,0,-1.414233e-04
2026-07-20T18:16:33.306,1784560593.307,181.903,-7.135498e-03,3.201339e-03,-1.708984e-02,4.394531e-03,2000,0,-1.427100e-04
2026-07-20T18:16:33.406,1784560593.406,182.003,-6.837769e-03,3.191129e-03,-1.977539e-02,3.906250e-03,2000,0,-1.367554e-04
2026-07-20T18:16:33.506,1784560593.506,182.103,-6.909058e-03,3.300965e-03,-1.733398e-02,4.394531e-03,2000,0,-1.381812e-04
2026-07-20T18:16:33.606,1784560593.606,182.203,-7.479126e-03,3.292487e-03,-1.733398e-02,2.197266e-03,2000,0,-1.495825e-04
2026-07-20T18:16:33.706,1784560593.707,182.303,-7.128906e-03,3.243774e-03,-1.806641e-02,3.662109e-03,2000,0,-1.425781e-04
2026-07-20T18:16:33.806,1784560593.807,182.403,-7.128418e-03,3.177130e-03,-1.855469e-02,4.882812e-03,2000,0,-1.425684e-04
2026-07-20T18:16:33.906,1784560593.907,182.503,-7.361938e-03,3.127551e-03,-1.806641e-02,3.662109e-03,2000,0,-1.472388e-04
2026-07-20T18:16:34.007,1784560594.008,182.603,-7.957275e-03,3.233083e-03,-1.879883e-02,1.220703e-03,2000,0,-1.591455e-04
2026-07-20T18:16:34.106,1784560594.106,182.703,-7.302002e-03,3.224835e-03,-1.757812e-02,3.417969e-03,2000,0,-1.460400e-04
2026-07-20T18:16:34.206,1784560594.207,182.803,-7.320923e-03,3.090152e-03,-1.782227e-02,2.929688e-03,2000,0,-1.464185e-04
2026-07-20T18:16:34.306,1784560594.307,182.903,-7.173950e-03,2.976540e-03,-1.684570e-02,7.812500e-03,2000,0,-1.434790e-04
2026-07-20T18:16:34.406,1784560594.407,183.003,-7.274292e-03,3.258877e-03,-1.806641e-02,3.906250e-03,2000,0,-1.454858e-04
2026-07-20T18:16:34.507,1784560594.507,183.103,-7.785645e-03,3.089705e-03,-2.587891e-02,3.173828e-03,2000,0,-1.557129e-04
2026-07-20T18:16:34.607,1784560594.607,183.203,-6.947021e-03,3.151296e-03,-1.708984e-02,3.662109e-03,2000,0,-1.389404e-04
2026-07-20T18:16:34.707,1784560594.707,183.303,-7.333374e-03,3.162107e-03,-2.099609e-02,3.173828e-03,2000,0,-1.466675e-04
2026-07-20T18:16:34.807,1784560594.807,183.403,-7.245361e-03,3.255418e-03,-1.928711e-02,2.441406e-03,2000,0,-1.449072e-04
2026-07-20T18:16:34.907,1784560594.907,183.503,-7.162231e-03,3.140120e-03,-1.904297e-02,3.906250e-03,2000,0,-1.432446e-04
2026-07-20T18:16:35.006,1784560595.007,183.603,-7.164551e-03,3.088126e-03,-1.928711e-02,1.953125e-03,2000,0,-1.432910e-04
2026-07-20T18:16:35.106,1784560595.107,183.703,-7.188354e-03,3.286262e-03,-1.757812e-02,2.929688e-03,2000,0,-1.437671e-04
2026-07-20T18:16:35.206,1784560595.206,183.803,-7.145508e-03,3.059650e-03,-1.635742e-02,1.464844e-03,2000,0,-1.429102e-04
2026-07-20T18:16:35.306,1784560595.307,183.903,-7.947388e-03,3.118339e-03,-1.977539e-02,2.197266e-03,2000,0,-1.589478e-04
2026-07-20T18:16:35.406,1784560595.406,184.003,-7.610352e-03,3.060178e-03,-1.733398e-02,5.126953e-03,2000,0,-1.522070e-04
2026-07-20T18:16:35.506,1784560595.506,184.103,-7.551758e-03,3.238941e-03,-2.001953e-02,5.615234e-03,2000,0,-1.510352e-04
2026-07-20T18:16:35.606,1784560595.607,184.203,-7.434326e-03,3.288345e-03,-1.660156e-02,3.906250e-03,2000,0,-1.486865e-04
2026-07-20T18:16:35.706,1784560595.707,184.303,-7.356812e-03,3.245589e-03,-1.928711e-02,3.173828e-03,2000,0,-1.471362e-04
2026-07-20T18:16:35.806,1784560595.807,184.403,-6.596191e-03,3.228077e-03,-1.806641e-02,2.929688e-03,2000,0,-1.319238e-04
2026-07-20T18:16:35.906,1784560595.907,184.503,-7.476196e-03,3.351385e-03,-1.806641e-02,2.929688e-03,2000,0,-1.495239e-04
2026-07-20T18:16:36.006,1784560596.007,184.603,-7.334595e-03,3.464059e-03,-1.806641e-02,2.929688e-03,2000,0,-1.466919e-04
2026-07-20T18:16:36.106,1784560596.107,184.703,-7.336670e-03,3.291043e-03,-1.733398e-02,3.662109e-03,2000,0,-1.467334e-04
2026-07-20T18:16:36.206,1784560596.207,184.803,-7.142212e-03,3.346007e-03,-1.757812e-02,3.417969e-03,2000,0,-1.428442e-04
2026-07-20T18:16:36.306,1784560596.307,184.903,-7.222534e-03,3.380762e-03,-1.757812e-02,8.056641e-03,2000,0,-1.444507e-04
2026-07-20T18:16:36.406,1784560596.406,185.003,-7.120483e-03,3.198700e-03,-1.757812e-02,2.197266e-03,2000,0,-1.424097e-04
2026-07-20T18:16:36.507,1784560596.507,185.103,-7.262329e-03,3.375815e-03,-1.904297e-02,2.929688e-03,2000,0,-1.452466e-04
2026-07-20T18:16:36.607,1784560596.607,185.203,-7.304321e-03,3.240178e-03,-1.660156e-02,3.662109e-03,2000,0,-1.460864e-04
2026-07-20T18:16:36.707,1784560596.707,185.303,-7.211914e-03,3.469026e-03,-1.904297e-02,3.173828e-03,2000,0,-1.442383e-04
2026-07-20T18:16:36.807,1784560596.807,185.403,-7.462646e-03,3.434760e-03,-1.904297e-02,3.906250e-03,2000,0,-1.492529e-04
2026-07-20T18:16:36.907,1784560596.907,185.503,-7.160034e-03,3.279530e-03,-1.757812e-02,2.685547e-03,2000,0,-1.432007e-04
2026-07-20T18:16:37.008,1784560597.008,185.603,-6.828613e-03,3.197069e-03,-1.831055e-02,4.394531e-03,2000,0,-1.365723e-04
2026-07-20T18:16:37.106,1784560597.107,185.703,-7.117432e-03,3.164439e-03,-1.806641e-02,4.150391e-03,2000,0,-1.423486e-04
2026-07-20T18:16:37.206,1784560597.206,185.803,-7.425903e-03,3.135644e-03,-1.806641e-02,2.929688e-03,2000,0,-1.485181e-04
2026-07-20T18:16:37.306,1784560597.307,185.903,-7.282104e-03,3.068613e-03,-1.708984e-02,2.197266e-03,2000,0,-1.456421e-04
2026-07-20T18:16:37.406,1784560597.406,186.003,-7.427368e-03,3.118021e-03,-1.684570e-02,7.080078e-03,2000,0,-1.485474e-04
2026-07-20T18:16:37.506,1784560597.506,186.103,-7.298218e-03,3.070074e-03,-1.928711e-02,2.685547e-03,2000,0,-1.459644e-04
2026-07-20T18:16:37.606,1784560597.606,186.203,-7.260254e-03,3.006058e-03,-1.635742e-02,1.220703e-03,2000,0,-1.452051e-04
2026-07-20T18:16:37.706,1784560597.707,186.303,-7.356934e-03,2.976624e-03,-2.124023e-02,1.708984e-03,2000,0,-1.471387e-04
2026-07-20T18:16:37.806,1784560597.807,186.403,-7.216553e-03,2.846417e-03,-1.806641e-02,3.417969e-03,2000,0,-1.443311e-04
2026-07-20T18:16:37.906,1784560597.907,186.503,-7.509399e-03,2.809052e-03,-1.806641e-02,7.324219e-04,2000,0,-1.501880e-04
2026-07-20T18:16:38.006,1784560598.007,186.603,-7.661133e-03,2.846680e-03,-1.855469e-02,2.685547e-03,2000,0,-1.532227e-04
2026-07-20T18:16:38.106,1784560598.107,186.703,-7.713623e-03,2.620346e-03,-1.513672e-02,2.685547e-03,2000,0,-1.542725e-04
2026-07-20T18:16:38.206,1784560598.207,186.803,-7.821533e-03,2.749349e-03,-1.733398e-02,1.464844e-03,2000,0,-1.564307e-04
2026-07-20T18:16:38.306,1784560598.307,186.903,-7.717651e-03,2.551773e-03,-1.513672e-02,7.324219e-03,2000,0,-1.543530e-04
2026-07-20T18:16:38.406,1784560598.407,187.003,-7.472412e-03,2.546816e-03,-1.757812e-02,2.929688e-03,2000,0,-1.494482e-04
2026-07-20T18:16:38.506,1784560598.507,187.103,-7.590942e-03,2.552805e-03,-2.319336e-02,4.882812e-04,2000,0,-1.518188e-04
2026-07-20T18:16:38.606,1784560598.607,187.203,-7.877075e-03,2.544427e-03,-1.708984e-02,4.882812e-04,2000,0,-1.575415e-04
2026-07-20T18:16:38.706,1784560598.707,187.303,-7.402344e-03,2.533829e-03,-1.440430e-02,4.638672e-03,2000,0,-1.480469e-04
2026-07-20T18:16:38.806,1784560598.807,187.403,-7.417603e-03,2.514224e-03,-1.586914e-02,3.662109e-03,2000,0,-1.483521e-04
2026-07-20T18:16:38.906,1784560598.907,187.503,-7.053467e-03,2.526804e-03,-1.831055e-02,1.220703e-03,2000,0,-1.410693e-04
2026-07-20T18:16:39.006,1784560599.007,187.603,-7.689209e-03,2.441870e-03,-1.855469e-02,2.441406e-04,2000,0,-1.537842e-04
2026-07-20T18:16:39.106,1784560599.107,187.703,-7.585083e-03,2.610225e-03,-1.733398e-02,7.324219e-04,2000,0,-1.517017e-04
2026-07-20T18:16:39.206,1784560599.207,187.803,-7.568481e-03,2.605056e-03,-1.904297e-02,1.220703e-03,2000,0,-1.513696e-04
2026-07-20T18:16:39.306,1784560599.307,187.903,-7.248413e-03,2.708279e-03,-1.660156e-02,2.929688e-03,2000,0,-1.449683e-04
2026-07-20T18:16:39.406,1784560599.407,188.003,-7.307495e-03,2.665618e-03,-1.733398e-02,7.324219e-04,2000,0,-1.461499e-04
2026-07-20T18:16:39.506,1784560599.507,188.103,-7.336914e-03,2.869138e-03,-1.733398e-02,1.220703e-03,2000,0,-1.467383e-04
2026-07-20T18:16:39.607,1784560599.607,188.203,-7.608765e-03,3.077974e-03,-2.294922e-02,1.708984e-03,2000,0,-1.521753e-04
2026-07-20T18:16:39.706,1784560599.707,188.303,-7.079468e-03,2.958472e-03,-1.879883e-02,3.173828e-03,2000,0,-1.415894e-04
2026-07-20T18:16:39.806,1784560599.807,188.403,-8.230591e-03,3.303754e-03,-1.977539e-02,3.662109e-03,2000,0,-1.646118e-04
2026-07-20T18:16:39.906,1784560599.907,188.503,-8.122314e-03,3.450379e-03,-1.904297e-02,1.953125e-03,2000,0,-1.624463e-04
2026-07-20T18:16:40.007,1784560600.008,188.603,-7.398071e-03,3.264791e-03,-1.806641e-02,1.708984e-03,2000,0,-1.479614e-04
2026-07-20T18:16:40.106,1784560600.107,188.703,-7.931396e-03,3.429709e-03,-1.904297e-02,1.220703e-03,2000,0,-1.586279e-04
2026-07-20T18:16:40.206,1784560600.206,188.803,-8.338745e-03,3.464598e-03,-1.782227e-02,2.929688e-03,2000,0,-1.667749e-04
2026-07-20T18:16:40.306,1784560600.307,188.903,-7.588501e-03,3.551895e-03,-1.782227e-02,3.173828e-03,2000,0,-1.517700e-04
2026-07-20T18:16:40.407,1784560600.407,189.003,-7.884277e-03,3.501181e-03,-1.806641e-02,1.220703e-03,2000,0,-1.576855e-04
2026-07-20T18:16:40.506,1784560600.507,189.103,-7.768311e-03,3.470700e-03,-2.172852e-02,2.685547e-03,2000,0,-1.553662e-04
2026-07-20T18:16:40.606,1784560600.607,189.203,-7.202881e-03,3.486555e-03,-1.879883e-02,3.173828e-03,2000,0,-1.440576e-04
2026-07-20T18:16:40.706,1784560600.707,189.303,-7.645508e-03,3.463435e-03,-1.708984e-02,2.685547e-03,2000,0,-1.529102e-04
2026-07-20T18:16:40.806,1784560600.807,189.403,-7.395386e-03,3.721047e-03,-1.928711e-02,3.662109e-03,2000,0,-1.479077e-04
2026-07-20T18:16:40.906,1784560600.907,189.503,-7.883911e-03,3.789523e-03,-1.831055e-02,5.859375e-03,2000,0,-1.576782e-04
2026-07-20T18:16:41.006,1784560601.007,189.603,-7.714111e-03,3.703651e-03,-1.757812e-02,3.662109e-03,2000,0,-1.542822e-04
2026-07-20T18:16:41.106,1784560601.107,189.704,-8.254150e-03,3.573000e-03,-2.343750e-02,2.685547e-03,2000,0,-1.650830e-04
2026-07-20T18:16:41.206,1784560601.207,189.803,-7.776245e-03,3.677818e-03,-1.953125e-02,2.441406e-03,2000,0,-1.555249e-04
2026-07-20T18:16:41.306,1784560601.307,189.903,-7.816895e-03,3.640968e-03,-1.879883e-02,2.685547e-03,2000,0,-1.563379e-04
2026-07-20T18:16:41.407,1784560601.408,190.003,-7.820801e-03,3.665760e-03,-1.879883e-02,4.150391e-03,2000,0,-1.564160e-04
2026-07-20T18:16:41.507,1784560601.507,190.103,-7.183350e-03,3.797341e-03,-1.904297e-02,3.662109e-03,2000,0,-1.436670e-04
2026-07-20T18:16:41.607,1784560601.607,190.203,-7.670654e-03,3.771150e-03,-1.855469e-02,6.835938e-03,2000,0,-1.534131e-04
2026-07-20T18:16:41.707,1784560601.707,190.303,-8.039307e-03,3.680350e-03,-1.782227e-02,6.103516e-03,2000,0,-1.607861e-04
2026-07-20T18:16:41.807,1784560601.807,190.403,-7.669800e-03,3.710414e-03,-2.319336e-02,3.417969e-03,2000,0,-1.533960e-04
2026-07-20T18:16:41.907,1784560601.907,190.503,-8.047974e-03,3.806608e-03,-1.855469e-02,3.417969e-03,2000,0,-1.609595e-04
2026-07-20T18:16:42.006,1784560602.007,190.603,-7.926147e-03,3.676419e-03,-2.124023e-02,4.394531e-03,2000,0,-1.585229e-04
2026-07-20T18:16:42.106,1784560602.107,190.703,-7.346069e-03,3.921779e-03,-1.879883e-02,5.126953e-03,2000,0,-1.469214e-04
2026-07-20T18:16:42.206,1784560602.207,190.803,-8.169800e-03,3.911051e-03,-2.270508e-02,4.638672e-03,2000,0,-1.633960e-04
2026-07-20T18:16:42.306,1784560602.307,190.903,-7.530762e-03,3.690549e-03,-1.757812e-02,5.126953e-03,2000,0,-1.506152e-04
2026-07-20T18:16:42.407,1784560602.408,191.003,-7.753296e-03,3.694298e-03,-1.855469e-02,4.150391e-03,2000,0,-1.550659e-04
2026-07-20T18:16:42.507,1784560602.507,191.103,-7.958008e-03,3.787697e-03,-1.855469e-02,4.638672e-03,2000,0,-1.591602e-04
2026-07-20T18:16:42.607,1784560602.607,191.203,-7.900635e-03,3.812916e-03,-2.758789e-02,3.417969e-03,2000,0,-1.580127e-04
2026-07-20T18:16:42.707,1784560602.707,191.303,-8.208740e-03,3.532748e-03,-2.270508e-02,8.056641e-03,2000,0,-1.641748e-04
2026-07-20T18:16:42.807,1784560602.807,191.403,-7.786987e-03,3.774667e-03,-1.831055e-02,4.394531e-03,2000,0,-1.557397e-04
2026-07-20T18:16:42.907,1784560602.907,191.503,-7.904175e-03,3.797077e-03,-2.270508e-02,6.347656e-03,2000,0,-1.580835e-04
2026-07-20T18:16:43.007,1784560603.008,191.603,-7.730713e-03,3.678947e-03,-2.026367e-02,4.150391e-03,2000,0,-1.546143e-04
2026-07-20T18:16:43.106,1784560603.107,191.703,-8.081055e-03,3.361392e-03,-1.831055e-02,5.126953e-03,2000,0,-1.616211e-04
2026-07-20T18:16:43.206,1784560603.207,191.803,-8.245850e-03,3.448519e-03,-2.050781e-02,3.417969e-03,2000,0,-1.649170e-04
2026-07-20T18:16:43.306,1784560603.307,191.903,-7.592529e-03,3.336833e-03,-1.879883e-02,5.126953e-03,2000,0,-1.518506e-04
2026-07-20T18:16:43.407,1784560603.408,192.003,-8.193726e-03,3.375647e-03,-2.465820e-02,1.708984e-03,2000,0,-1.638745e-04
2026-07-20T18:16:43.506,1784560603.507,192.103,-7.537598e-03,3.304470e-03,-2.124023e-02,3.417969e-03,2000,0,-1.507520e-04
2026-07-20T18:16:43.606,1784560603.607,192.203,-8.126221e-03,3.260733e-03,-1.928711e-02,1.464844e-03,2000,0,-1.625244e-04
2026-07-20T18:16:43.706,1784560603.707,192.303,-7.940552e-03,3.341931e-03,-1.879883e-02,4.394531e-03,2000,0,-1.588110e-04
2026-07-20T18:16:43.806,1784560603.807,192.403,-7.736572e-03,3.433500e-03,-1.928711e-02,2.441406e-03,2000,0,-1.547314e-04
2026-07-20T18:16:43.906,1784560603.907,192.503,-7.715332e-03,3.333486e-03,-1.953125e-02,2.197266e-03,2000,0,-1.543066e-04
2026-07-20T18:16:44.006,1784560604.007,192.603,-7.894043e-03,3.242289e-03,-1.928711e-02,2.441406e-03,2000,0,-1.578809e-04
2026-07-20T18:16:44.106,1784560604.107,192.703,-8.104248e-03,3.473041e-03,-1.879883e-02,4.150391e-03,2000,0,-1.620850e-04
2026-07-20T18:16:44.206,1784560604.207,192.803,-7.952148e-03,3.318587e-03,-2.050781e-02,3.173828e-03,2000,0,-1.590430e-04
2026-07-20T18:16:44.306,1784560604.307,192.903,-8.142578e-03,3.263249e-03,-1.928711e-02,5.371094e-03,2000,0,-1.628516e-04
2026-07-20T18:16:44.406,1784560604.407,193.003,-7.919434e-03,3.329385e-03,-1.684570e-02,3.173828e-03,2000,0,-1.583887e-04
2026-07-20T18:16:44.506,1784560604.507,193.103,-8.130615e-03,3.343703e-03,-1.684570e-02,9.765625e-03,2000,0,-1.626123e-04
2026-07-20T18:16:44.606,1784560604.607,193.203,-8.352295e-03,3.218589e-03,-1.879883e-02,2.929688e-03,2000,0,-1.670459e-04
2026-07-20T18:16:44.706,1784560604.707,193.303,-7.796753e-03,3.235995e-03,-1.928711e-02,3.417969e-03,2000,0,-1.559351e-04
2026-07-20T18:16:44.806,1784560604.807,193.403,-7.822021e-03,3.256798e-03,-1.806641e-02,3.662109e-03,2000,0,-1.564404e-04
2026-07-20T18:16:44.906,1784560604.907,193.503,-7.981934e-03,3.257392e-03,-1.831055e-02,4.882812e-03,2000,0,-1.596387e-04
2026-07-20T18:16:45.007,1784560605.007,193.603,-8.492432e-03,3.387409e-03,-1.977539e-02,2.685547e-03,2000,0,-1.698486e-04
2026-07-20T18:16:45.106,1784560605.107,193.703,-7.626465e-03,3.267048e-03,-1.782227e-02,2.929688e-03,2000,0,-1.525293e-04
2026-07-20T18:16:45.206,1784560605.207,193.803,-7.699097e-03,3.179839e-03,-1.855469e-02,1.708984e-03,2000,0,-1.539819e-04
2026-07-20T18:16:45.306,1784560605.307,193.903,-7.822266e-03,3.199336e-03,-2.197266e-02,4.150391e-03,2000,0,-1.564453e-04
2026-07-20T18:16:45.406,1784560605.407,194.003,-7.530762e-03,3.368444e-03,-2.075195e-02,3.417969e-03,2000,0,-1.506152e-04
2026-07-20T18:16:45.506,1784560605.507,194.103,-7.820435e-03,3.354571e-03,-1.953125e-02,3.662109e-03,2000,0,-1.564087e-04
2026-07-20T18:16:45.606,1784560605.607,194.204,-7.614258e-03,3.465220e-03,-1.953125e-02,3.662109e-03,2000,0,-1.522852e-04
2026-07-20T18:16:45.706,1784560605.707,194.303,-7.088135e-03,3.361870e-03,-1.904297e-02,2.929688e-03,2000,0,-1.417627e-04
2026-07-20T18:16:45.806,1784560605.807,194.403,-7.662720e-03,3.374542e-03,-1.757812e-02,2.685547e-03,2000,0,-1.532544e-04
2026-07-20T18:16:45.906,1784560605.906,194.503,-7.617676e-03,3.325427e-03,-1.928711e-02,2.685547e-03,2000,0,-1.523535e-04
2026-07-20T18:16:46.007,1784560606.008,194.603,-7.422241e-03,3.271150e-03,-1.757812e-02,1.440430e-02,2000,0,-1.484448e-04
2026-07-20T18:16:46.106,1784560606.107,194.703,-8.227661e-03,3.380028e-03,-2.148438e-02,2.441406e-03,2000,0,-1.645532e-04
2026-07-20T18:16:46.206,1784560606.207,194.803,-7.353394e-03,3.262510e-03,-1.953125e-02,2.441406e-03,2000,0,-1.470679e-04
2026-07-20T18:16:46.306,1784560606.307,194.903,-7.099365e-03,3.572043e-03,-1.928711e-02,4.150391e-03,2000,0,-1.419873e-04
2026-07-20T18:16:46.407,1784560606.408,195.003,-7.452637e-03,3.497406e-03,-2.099609e-02,4.150391e-03,2000,0,-1.490527e-04
2026-07-20T18:16:46.506,1784560606.507,195.103,-7.706177e-03,3.561851e-03,-1.953125e-02,2.441406e-03,2000,0,-1.541235e-04
2026-07-20T18:16:46.606,1784560606.607,195.203,-7.134888e-03,3.558781e-03,-1.928711e-02,3.173828e-03,2000,0,-1.426978e-04
2026-07-20T18:16:46.706,1784560606.707,195.303,-7.407104e-03,3.518771e-03,-1.806641e-02,3.417969e-03,2000,0,-1.481421e-04
2026-07-20T18:16:46.806,1784560606.807,195.403,-7.463623e-03,3.631915e-03,-2.124023e-02,4.150391e-03,2000,0,-1.492725e-04
2026-07-20T18:16:46.906,1784560606.907,195.503,-7.413208e-03,3.438291e-03,-1.953125e-02,2.197266e-03,2000,0,-1.482642e-04
2026-07-20T18:16:47.006,1784560607.007,195.603,-7.908936e-03,3.557146e-03,-1.977539e-02,1.953125e-03,2000,0,-1.581787e-04
2026-07-20T18:16:47.106,1784560607.107,195.703,-7.300415e-03,3.366539e-03,-1.953125e-02,5.859375e-03,2000,0,-1.460083e-04
2026-07-20T18:16:47.206,1784560607.207,195.803,-7.122437e-03,3.555071e-03,-1.757812e-02,2.197266e-03,2000,0,-1.424487e-04
2026-07-20T18:16:47.306,1784560607.307,195.903,-7.305664e-03,3.496322e-03,-1.879883e-02,3.662109e-03,2000,0,-1.461133e-04
2026-07-20T18:16:47.407,1784560607.408,196.003,-7.469238e-03,3.411398e-03,-1.928711e-02,2.929688e-03,2000,0,-1.493848e-04
2026-07-20T18:16:47.507,1784560607.507,196.103,-6.666748e-03,3.452012e-03,-1.977539e-02,4.882812e-03,2000,0,-1.333350e-04
2026-07-20T18:16:47.607,1784560607.607,196.203,-7.509033e-03,3.365892e-03,-1.928711e-02,1.147461e-02,2000,0,-1.501807e-04
2026-07-20T18:16:47.707,1784560607.707,196.303,-7.285889e-03,3.408358e-03,-1.855469e-02,5.126953e-03,2000,0,-1.457178e-04
2026-07-20T18:16:47.807,1784560607.807,196.403,-6.654541e-03,3.327942e-03,-2.172852e-02,5.371094e-03,2000,0,-1.330908e-04
2026-07-20T18:16:47.907,1784560607.907,196.503,-7.267212e-03,3.413012e-03,-2.050781e-02,2.197266e-03,2000,0,-1.453442e-04
2026-07-20T18:16:48.006,1784560608.007,196.603,-7.222534e-03,3.429355e-03,-1.855469e-02,9.521484e-03,2000,0,-1.444507e-04
2026-07-20T18:16:48.106,1784560608.107,196.703,-6.705444e-03,3.426554e-03,-2.148438e-02,5.126953e-03,2000,0,-1.341089e-04
2026-07-20T18:16:48.206,1784560608.207,196.803,-7.355835e-03,3.370863e-03,-1.879883e-02,5.859375e-03,2000,0,-1.471167e-04
2026-07-20T18:16:48.306,1784560608.307,196.904,-7.443604e-03,3.373056e-03,-1.855469e-02,3.662109e-03,2000,0,-1.488721e-04
2026-07-20T18:16:48.406,1784560608.407,197.003,-6.767578e-03,3.328440e-03,-1.757812e-02,3.417969e-03,2000,0,-1.353516e-04
2026-07-20T18:16:48.506,1784560608.507,197.103,-7.271240e-03,3.289535e-03,-1.684570e-02,4.150391e-03,2000,0,-1.454248e-04
2026-07-20T18:16:48.606,1784560608.607,197.203,-6.771606e-03,3.306029e-03,-1.684570e-02,5.615234e-03,2000,0,-1.354321e-04
2026-07-20T18:16:48.706,1784560608.707,197.303,-6.811890e-03,3.499854e-03,-1.684570e-02,4.150391e-03,2000,0,-1.362378e-04
2026-07-20T18:16:48.806,1784560608.807,197.403,-6.990723e-03,3.397768e-03,-2.075195e-02,4.882812e-03,2000,0,-1.398145e-04
2026-07-20T18:16:48.906,1784560608.907,197.503,-6.608643e-03,3.505780e-03,-1.757812e-02,6.591797e-03,2000,0,-1.321729e-04
2026-07-20T18:16:49.009,1784560609.009,197.604,-7.395508e-03,3.483269e-03,-1.733398e-02,3.417969e-03,2000,0,-1.479102e-04
2026-07-20T18:16:49.106,1784560609.107,197.703,-7.483276e-03,3.530953e-03,-2.563477e-02,4.394531e-03,2000,0,-1.496655e-04
2026-07-20T18:16:49.206,1784560609.207,197.803,-6.814819e-03,3.580287e-03,-1.660156e-02,7.080078e-03,2000,0,-1.362964e-04
2026-07-20T18:16:49.306,1784560609.307,197.903,-7.191040e-03,3.668906e-03,-1.831055e-02,5.126953e-03,2000,0,-1.438208e-04
2026-07-20T18:16:49.407,1784560609.408,198.003,-7.140137e-03,3.668699e-03,-2.075195e-02,5.371094e-03,2000,0,-1.428027e-04
2026-07-20T18:16:49.507,1784560609.507,198.103,-6.706543e-03,3.727685e-03,-1.855469e-02,1.049805e-02,2000,0,-1.341309e-04
2026-07-20T18:16:49.607,1784560609.607,198.203,-6.940674e-03,3.739458e-03,-1.782227e-02,8.789062e-03,2000,0,-1.388135e-04
2026-07-20T18:16:49.707,1784560609.707,198.303,-7.243774e-03,3.549094e-03,-1.684570e-02,4.394531e-03,2000,0,-1.448755e-04
2026-07-20T18:16:49.807,1784560609.807,198.403,-7.105957e-03,3.718132e-03,-1.879883e-02,7.080078e-03,2000,0,-1.421191e-04
2026-07-20T18:16:49.907,1784560609.907,198.503,-6.733032e-03,3.717395e-03,-1.757812e-02,6.103516e-03,2000,0,-1.346606e-04
2026-07-20T18:16:50.006,1784560610.007,198.603,-7.329468e-03,3.760868e-03,-1.806641e-02,6.835938e-03,2000,0,-1.465894e-04
2026-07-20T18:16:50.106,1784560610.107,198.703,-7.182739e-03,3.728002e-03,-1.855469e-02,6.347656e-03,2000,0,-1.436548e-04
2026-07-20T18:16:50.206,1784560610.207,198.803,-7.196411e-03,3.721118e-03,-1.855469e-02,4.638672e-03,2000,0,-1.439282e-04
2026-07-20T18:16:50.306,1784560610.307,198.903,-6.975098e-03,3.576107e-03,-1.855469e-02,5.126953e-03,2000,0,-1.395020e-04
2026-07-20T18:16:50.407,1784560610.408,199.003,-7.497437e-03,3.593316e-03,-1.953125e-02,7.324219e-03,2000,0,-1.499487e-04
2026-07-20T18:16:50.507,1784560610.507,199.103,-7.523437e-03,3.638335e-03,-2.124023e-02,6.103516e-03,2000,0,-1.504687e-04
2026-07-20T18:16:50.607,1784560610.607,199.203,-7.330078e-03,3.517357e-03,-1.806641e-02,3.906250e-03,2000,0,-1.466016e-04
2026-07-20T18:16:50.706,1784560610.707,199.303,-7.546021e-03,3.545945e-03,-1.733398e-02,4.150391e-03,2000,0,-1.509204e-04
2026-07-20T18:16:50.806,1784560610.807,199.403,-7.737549e-03,3.325064e-03,-1.782227e-02,3.906250e-03,2000,0,-1.547510e-04
2026-07-20T18:16:50.906,1784560610.907,199.503,-7.382690e-03,3.421090e-03,-1.831055e-02,5.371094e-03,2000,0,-1.476538e-04
2026-07-20T18:16:51.007,1784560611.008,199.603,-6.952881e-03,3.641630e-03,-1.831055e-02,3.662109e-03,2000,0,-1.390576e-04
2026-07-20T18:16:51.106,1784560611.107,199.703,-7.304443e-03,3.552271e-03,-1.977539e-02,6.591797e-03,2000,0,-1.460889e-04
2026-07-20T18:16:51.206,1784560611.207,199.803,-7.174316e-03,3.377789e-03,-1.660156e-02,4.638672e-03,2000,0,-1.434863e-04
2026-07-20T18:16:51.306,1784560611.307,199.903,-7.223022e-03,3.497460e-03,-2.148438e-02,3.906250e-03,2000,0,-1.444604e-04
2026-07-20T18:16:51.406,1784560611.407,200.003,-7.452881e-03,3.437109e-03,-1.782227e-02,3.662109e-03,2000,0,-1.490576e-04
2026-07-20T18:16:51.506,1784560611.507,200.103,-7.645142e-03,3.407241e-03,-1.806641e-02,2.197266e-03,2000,0,-1.529028e-04
2026-07-20T18:16:51.606,1784560611.607,200.203,-7.062012e-03,3.583395e-03,-1.879883e-02,4.150391e-03,2000,0,-1.412402e-04
2026-07-20T18:16:51.706,1784560611.707,200.303,-7.338501e-03,3.472956e-03,-1.782227e-02,2.685547e-03,2000,0,-1.467700e-04
2026-07-20T18:16:51.806,1784560611.807,200.403,-7.459961e-03,3.470430e-03,-1.904297e-02,3.173828e-03,2000,0,-1.491992e-04
2026-07-20T18:16:51.906,1784560611.907,200.503,-7.254761e-03,3.474864e-03,-1.806641e-02,2.929688e-03,2000,0,-1.450952e-04
2026-07-20T18:16:52.007,1784560612.008,200.603,-7.591675e-03,3.563971e-03,-1.879883e-02,6.347656e-03,2000,0,-1.518335e-04
2026-07-20T18:16:52.106,1784560612.107,200.703,-7.528809e-03,3.526085e-03,-2.246094e-02,4.394531e-03,2000,0,-1.505762e-04
2026-07-20T18:16:52.206,1784560612.207,200.803,-7.273926e-03,3.383172e-03,-1.953125e-02,2.929688e-03,2000,0,-1.454785e-04
2026-07-20T18:16:52.306,1784560612.307,200.903,-7.293579e-03,3.525088e-03,-1.806641e-02,4.882812e-03,2000,0,-1.458716e-04
2026-07-20T18:16:52.406,1784560612.407,201.003,-7.530029e-03,3.511811e-03,-2.392578e-02,3.417969e-03,2000,0,-1.506006e-04
2026-07-20T18:16:52.506,1784560612.507,201.103,-8.054687e-03,3.383017e-03,-1.953125e-02,1.953125e-03,2000,0,-1.610937e-04
2026-07-20T18:16:52.606,1784560612.607,201.203,-7.487915e-03,3.405494e-03,-2.172852e-02,1.953125e-03,2000,0,-1.497583e-04
2026-07-20T18:16:52.706,1784560612.707,201.303,-7.994141e-03,3.364117e-03,-1.879883e-02,1.953125e-03,2000,0,-1.598828e-04
2026-07-20T18:16:52.806,1784560612.807,201.403,-8.003906e-03,3.291069e-03,-2.124023e-02,1.953125e-03,2000,0,-1.600781e-04
2026-07-20T18:16:52.906,1784560612.907,201.503,-7.690796e-03,3.349837e-03,-1.806641e-02,2.929688e-03,2000,0,-1.538159e-04
2026-07-20T18:16:53.006,1784560613.007,201.603,-7.841309e-03,3.319837e-03,-1.977539e-02,2.441406e-03,2000,0,-1.568262e-04
2026-07-20T18:16:53.106,1784560613.107,201.703,-7.696533e-03,3.329691e-03,-1.928711e-02,3.662109e-03,2000,0,-1.539307e-04
2026-07-20T18:16:53.206,1784560613.207,201.803,-7.487061e-03,3.229659e-03,-1.660156e-02,2.197266e-03,2000,0,-1.497412e-04
2026-07-20T18:16:53.306,1784560613.307,201.903,-8.043335e-03,3.248837e-03,-1.733398e-02,3.662109e-03,2000,0,-1.608667e-04
2026-07-20T18:16:53.406,1784560613.407,202.003,-7.803345e-03,3.235164e-03,-1.660156e-02,1.708984e-03,2000,0,-1.560669e-04
2026-07-20T18:16:53.506,1784560613.507,202.103,-7.240967e-03,3.115599e-03,-1.660156e-02,3.662109e-03,2000,0,-1.448193e-04
2026-07-20T18:16:53.606,1784560613.607,202.203,-7.919067e-03,3.054139e-03,-2.026367e-02,1.708984e-03,2000,0,-1.583813e-04
2026-07-20T18:16:53.706,1784560613.707,202.303,-7.528198e-03,3.067435e-03,-1.782227e-02,9.765625e-04,2000,0,-1.505640e-04
2026-07-20T18:16:53.806,1784560613.807,202.403,-7.765503e-03,3.081800e-03,-1.708984e-02,1.708984e-03,2000,0,-1.553101e-04
2026-07-20T18:16:53.906,1784560613.907,202.503,-7.775635e-03,3.075922e-03,-1.782227e-02,9.765625e-04,2000,0,-1.555127e-04
2026-07-20T18:16:54.007,1784560614.008,202.603,-7.785522e-03,3.183553e-03,-1.733398e-02,1.074219e-02,2000,0,-1.557104e-04
2026-07-20T18:16:54.106,1784560614.107,202.703,-7.617920e-03,3.080565e-03,-1.708984e-02,2.441406e-03,2000,0,-1.523584e-04
2026-07-20T18:16:54.206,1784560614.207,202.803,-8.270752e-03,3.106135e-03,-1.977539e-02,3.906250e-03,2000,0,-1.654150e-04
2026-07-20T18:16:54.306,1784560614.307,202.903,-7.712646e-03,3.064648e-03,-1.831055e-02,2.197266e-03,2000,0,-1.542529e-04
2026-07-20T18:16:54.406,1784560614.407,203.003,-7.347900e-03,3.131807e-03,-1.708984e-02,3.662109e-03,2000,0,-1.469580e-04
2026-07-20T18:16:54.506,1784560614.507,203.103,-7.883423e-03,2.984983e-03,-2.001953e-02,4.882812e-03,2000,0,-1.576685e-04
2026-07-20T18:16:54.606,1784560614.607,203.203,-7.602539e-03,3.134973e-03,-1.684570e-02,1.953125e-03,2000,0,-1.520508e-04
2026-07-20T18:16:54.706,1784560614.707,203.303,-7.495239e-03,3.145483e-03,-1.831055e-02,1.464844e-03,2000,0,-1.499048e-04
2026-07-20T18:16:54.806,1784560614.807,203.403,-7.831299e-03,3.169168e-03,-1.831055e-02,3.662109e-03,2000,0,-1.566260e-04
2026-07-20T18:16:54.906,1784560614.907,203.503,-7.862183e-03,3.054950e-03,-1.879883e-02,3.173828e-03,2000,0,-1.572437e-04
2026-07-20T18:16:55.007,1784560615.008,203.603,-7.869019e-03,3.312682e-03,-1.879883e-02,4.638672e-03,2000,0,-1.573804e-04
2026-07-20T18:16:55.107,1784560615.108,203.703,-7.638794e-03,3.212619e-03,-1.684570e-02,4.394531e-03,2000,0,-1.527759e-04
2026-07-20T18:16:55.207,1784560615.208,203.803,-7.586670e-03,3.254829e-03,-1.660156e-02,3.417969e-03,2000,0,-1.517334e-04
2026-07-20T18:16:55.308,1784560615.308,203.903,-7.720093e-03,3.366143e-03,-1.879883e-02,3.662109e-03,2000,0,-1.544019e-04
2026-07-20T18:16:55.407,1784560615.408,204.003,-7.916260e-03,3.156922e-03,-1.757812e-02,2.929688e-03,2000,0,-1.583252e-04
2026-07-20T18:16:55.507,1784560615.508,204.103,-7.836670e-03,3.253381e-03,-1.879883e-02,4.638672e-03,2000,0,-1.567334e-04
2026-07-20T18:16:55.606,1784560615.607,204.203,-7.368530e-03,3.379973e-03,-1.782227e-02,5.126953e-03,2000,0,-1.473706e-04
2026-07-20T18:16:55.707,1784560615.707,204.303,-8.154419e-03,3.467975e-03,-1.879883e-02,2.197266e-03,2000,0,-1.630884e-04
2026-07-20T18:16:55.806,1784560615.807,204.403,-7.517212e-03,3.122611e-03,-2.001953e-02,3.662109e-03,2000,0,-1.503442e-04
2026-07-20T18:16:55.906,1784560615.907,204.503,-7.634155e-03,3.363642e-03,-1.855469e-02,4.638672e-03,2000,0,-1.526831e-04
2026-07-20T18:16:56.008,1784560616.008,204.603,-8.271484e-03,3.406314e-03,-2.392578e-02,2.685547e-03,2000,0,-1.654297e-04
2026-07-20T18:16:56.107,1784560616.108,204.703,-8.017212e-03,3.376752e-03,-1.757812e-02,5.126953e-03,2000,0,-1.603442e-04
2026-07-20T18:16:56.207,1784560616.208,204.803,-7.824341e-03,3.322297e-03,-1.953125e-02,6.347656e-03,2000,0,-1.564868e-04
2026-07-20T18:16:56.307,1784560616.308,204.903,-7.941895e-03,3.192638e-03,-1.831055e-02,2.441406e-03,2000,0,-1.588379e-04
2026-07-20T18:16:56.407,1784560616.408,205.003,-7.980835e-03,3.320681e-03,-1.879883e-02,2.929688e-03,2000,0,-1.596167e-04
2026-07-20T18:16:56.507,1784560616.508,205.103,-8.038574e-03,3.222282e-03,-1.831055e-02,2.197266e-03,2000,0,-1.607715e-04
2026-07-20T18:16:56.607,1784560616.607,205.203,-7.915283e-03,3.108177e-03,-2.026367e-02,5.126953e-03,2000,0,-1.583057e-04
2026-07-20T18:16:56.707,1784560616.707,205.303,-7.790649e-03,3.234845e-03,-1.977539e-02,2.197266e-03,2000,0,-1.558130e-04
2026-07-20T18:16:56.807,1784560616.807,205.403,-8.086914e-03,3.019059e-03,-1.782227e-02,1.708984e-03,2000,0,-1.617383e-04
2026-07-20T18:16:56.907,1784560616.907,205.503,-8.256104e-03,3.080669e-03,-2.563477e-02,4.882812e-03,2000,0,-1.651221e-04
2026-07-20T18:16:57.007,1784560617.008,205.603,-8.023804e-03,2.985086e-03,-1.757812e-02,1.708984e-03,2000,0,-1.604761e-04
2026-07-20T18:16:57.106,1784560617.107,205.703,-7.430420e-03,2.864455e-03,-1.611328e-02,3.662109e-03,2000,0,-1.486084e-04
2026-07-20T18:16:57.207,1784560617.207,205.803,-8.042480e-03,2.801035e-03,-1.684570e-02,9.765625e-04,2000,0,-1.608496e-04
2026-07-20T18:16:57.307,1784560617.307,205.904,-8.523193e-03,2.848045e-03,-1.855469e-02,3.173828e-03,2000,0,-1.704639e-04
2026-07-20T18:16:57.406,1784560617.407,206.003,-8.192505e-03,2.665036e-03,-1.782227e-02,2.929688e-03,2000,0,-1.638501e-04
2026-07-20T18:16:57.507,1784560617.507,206.103,-8.434570e-03,2.725299e-03,-1.879883e-02,1.220703e-03,2000,0,-1.686914e-04
2026-07-20T18:16:57.607,1784560617.607,206.203,-7.888306e-03,2.685037e-03,-1.831055e-02,1.464844e-03,2000,0,-1.577661e-04
2026-07-20T18:16:57.707,1784560617.707,206.304,-8.552002e-03,2.656404e-03,-1.855469e-02,2.441406e-03,2000,0,-1.710400e-04
2026-07-20T18:16:57.807,1784560617.807,206.403,-8.208618e-03,2.492806e-03,-1.806641e-02,7.324219e-04,2000,0,-1.641724e-04
2026-07-20T18:16:57.906,1784560617.907,206.503,-8.331665e-03,2.607057e-03,-1.733398e-02,2.197266e-03,2000,0,-1.666333e-04
2026-07-20T18:16:58.008,1784560618.008,206.603,-8.369629e-03,2.454038e-03,-2.416992e-02,7.324219e-04,2000,0,-1.673926e-04
2026-07-20T18:16:58.107,1784560618.107,206.703,-8.394897e-03,2.646735e-03,-1.586914e-02,2.685547e-03,2000,0,-1.678979e-04
2026-07-20T18:16:58.207,1784560618.207,206.803,-8.022583e-03,2.554323e-03,-1.782227e-02,2.929688e-03,2000,0,-1.604517e-04
2026-07-20T18:16:58.306,1784560618.307,206.903,-7.905151e-03,2.700084e-03,-1.831055e-02,0.000000e+00,2000,0,-1.581030e-04
2026-07-20T18:16:58.406,1784560618.407,207.003,-8.524292e-03,2.686782e-03,-1.977539e-02,4.882812e-04,2000,0,-1.704858e-04
2026-07-20T18:16:58.507,1784560618.507,207.103,-8.013306e-03,2.666972e-03,-1.708984e-02,1.708984e-03,2000,0,-1.602661e-04
2026-07-20T18:16:58.606,1784560618.607,207.203,-7.693726e-03,2.779108e-03,-1.708984e-02,2.929688e-03,2000,0,-1.538745e-04
2026-07-20T18:16:58.707,1784560618.707,207.303,-8.120850e-03,2.705722e-03,-1.684570e-02,4.394531e-03,2000,0,-1.624170e-04
2026-07-20T18:16:58.807,1784560618.807,207.403,-8.069824e-03,2.879784e-03,-1.757812e-02,1.220703e-03,2000,0,-1.613965e-04
2026-07-20T18:16:58.906,1784560618.907,207.503,-7.824951e-03,2.994854e-03,-1.928711e-02,2.685547e-03,2000,0,-1.564990e-04
2026-07-20T18:16:59.007,1784560619.007,207.603,-7.971191e-03,2.944983e-03,-1.953125e-02,1.708984e-03,2000,0,-1.594238e-04
2026-07-20T18:16:59.106,1784560619.107,207.703,-8.534180e-03,3.078855e-03,-1.831055e-02,3.417969e-03,2000,0,-1.706836e-04
2026-07-20T18:16:59.206,1784560619.207,207.803,-7.993286e-03,3.015489e-03,-1.733398e-02,2.929688e-03,2000,0,-1.598657e-04
2026-07-20T18:16:59.307,1784560619.307,207.903,-8.332031e-03,3.073115e-03,-2.050781e-02,2.929688e-03,2000,0,-1.666406e-04
2026-07-20T18:16:59.407,1784560619.407,208.003,-8.690674e-03,3.083802e-03,-1.879883e-02,1.953125e-03,2000,0,-1.738135e-04
2026-07-20T18:16:59.508,1784560619.508,208.103,-8.811279e-03,3.244919e-03,-2.124023e-02,3.906250e-03,2000,0,-1.762256e-04
2026-07-20T18:16:59.607,1784560619.607,208.203,-8.015015e-03,3.287917e-03,-1.904297e-02,5.126953e-03,2000,0,-1.603003e-04
2026-07-20T18:16:59.707,1784560619.707,208.303,-8.293823e-03,3.238870e-03,-2.050781e-02,1.708984e-03,2000,0,-1.658765e-04
2026-07-20T18:16:59.807,1784560619.807,208.403,-8.009766e-03,3.168162e-03,-1.904297e-02,2.685547e-03,2000,0,-1.601953e-04
2026-07-20T18:16:59.907,1784560619.907,208.503,-8.202026e-03,3.367680e-03,-1.953125e-02,4.150391e-03,2000,0,-1.640405e-04
2026-07-20T18:17:00.008,1784560620.008,208.603,-9.487427e-03,3.209303e-03,-1.928711e-02,3.906250e-03,2000,0,-1.897485e-04
2026-07-20T18:17:00.107,1784560620.107,208.703,-7.775269e-03,3.270521e-03,-1.782227e-02,2.929688e-03,2000,0,-1.555054e-04
2026-07-20T18:17:00.207,1784560620.207,208.803,-8.244019e-03,3.127854e-03,-1.928711e-02,2.197266e-03,2000,0,-1.648804e-04
2026-07-20T18:17:00.307,1784560620.307,208.903,-7.819946e-03,3.282748e-03,-2.148438e-02,3.173828e-03,2000,0,-1.563989e-04
2026-07-20T18:17:00.407,1784560620.407,209.003,-7.906128e-03,3.327041e-03,-1.928711e-02,1.953125e-03,2000,0,-1.581226e-04
2026-07-20T18:17:00.507,1784560620.507,209.103,-8.204956e-03,3.225258e-03,-1.708984e-02,9.765625e-04,2000,0,-1.640991e-04
2026-07-20T18:17:00.607,1784560620.607,209.203,-7.577515e-03,3.061110e-03,-1.733398e-02,2.929688e-03,2000,0,-1.515503e-04
2026-07-20T18:17:00.707,1784560620.707,209.303,-7.771484e-03,3.281424e-03,-1.831055e-02,2.685547e-03,2000,0,-1.554297e-04
2026-07-20T18:17:00.807,1784560620.807,209.403,-8.341553e-03,3.191751e-03,-1.879883e-02,2.685547e-03,2000,0,-1.668311e-04
2026-07-20T18:17:00.907,1784560620.907,209.503,-8.126953e-03,3.179870e-03,-2.001953e-02,1.953125e-03,2000,0,-1.625391e-04
2026-07-20T18:17:01.007,1784560621.008,209.603,-7.984985e-03,3.068357e-03,-1.684570e-02,2.685547e-03,2000,0,-1.596997e-04
2026-07-20T18:17:01.107,1784560621.107,209.703,-8.252808e-03,3.189162e-03,-2.270508e-02,1.953125e-03,2000,0,-1.650562e-04
2026-07-20T18:17:01.207,1784560621.207,209.803,-7.984619e-03,3.157173e-03,-1.782227e-02,6.103516e-03,2000,0,-1.596924e-04
2026-07-20T18:17:01.307,1784560621.307,209.903,-7.737305e-03,3.136909e-03,-1.806641e-02,3.662109e-03,2000,0,-1.547461e-04
2026-07-20T18:17:01.407,1784560621.407,210.003,-7.931396e-03,3.059812e-03,-1.831055e-02,2.441406e-03,2000,0,-1.586279e-04
2026-07-20T18:17:01.507,1784560621.507,210.103,-7.606201e-03,3.070062e-03,-2.001953e-02,3.417969e-03,2000,0,-1.521240e-04
2026-07-20T18:17:01.607,1784560621.608,210.203,-7.657593e-03,3.128859e-03,-1.782227e-02,4.638672e-03,2000,0,-1.531519e-04
2026-07-20T18:17:01.707,1784560621.708,210.303,-8.087402e-03,3.178436e-03,-2.001953e-02,2.441406e-03,2000,0,-1.617480e-04
2026-07-20T18:17:01.807,1784560621.808,210.403,-7.576294e-03,3.065666e-03,-2.050781e-02,2.441406e-03,2000,0,-1.515259e-04
2026-07-20T18:17:01.907,1784560621.908,210.503,-7.610596e-03,3.098183e-03,-1.806641e-02,2.197266e-03,2000,0,-1.522119e-04
2026-07-20T18:17:02.007,1784560622.007,210.603,-7.861816e-03,3.061510e-03,-1.684570e-02,5.615234e-03,2000,0,-1.572363e-04
2026-07-20T18:17:02.107,1784560622.107,210.703,-7.779053e-03,3.092494e-03,-2.075195e-02,2.441406e-03,2000,0,-1.555811e-04
2026-07-20T18:17:02.207,1784560622.207,210.803,-7.714233e-03,3.150535e-03,-1.757812e-02,2.441406e-03,2000,0,-1.542847e-04
2026-07-20T18:17:02.307,1784560622.307,210.903,-8.281982e-03,3.085981e-03,-1.953125e-02,1.708984e-03,2000,0,-1.656396e-04
2026-07-20T18:17:02.407,1784560622.407,211.003,-7.385620e-03,3.150353e-03,-1.782227e-02,5.126953e-03,2000,0,-1.477124e-04
2026-07-20T18:17:02.507,1784560622.507,211.103,-7.669678e-03,3.039004e-03,-1.733398e-02,3.417969e-03,2000,0,-1.533936e-04
2026-07-20T18:17:02.607,1784560622.607,211.203,-8.046143e-03,3.105543e-03,-1.953125e-02,2.197266e-03,2000,0,-1.609229e-04
2026-07-20T18:17:02.706,1784560622.707,211.303,-7.935059e-03,3.102729e-03,-1.904297e-02,1.464844e-03,2000,0,-1.587012e-04
2026-07-20T18:17:02.806,1784560622.807,211.403,-7.930420e-03,3.083108e-03,-1.806641e-02,3.173828e-03,2000,0,-1.586084e-04
2026-07-20T18:17:02.907,1784560622.907,211.503,-8.730835e-03,3.344393e-03,-2.148438e-02,9.765625e-04,2000,0,-1.746167e-04
2026-07-20T18:17:03.007,1784560623.007,211.603,-7.637573e-03,3.247971e-03,-1.953125e-02,4.394531e-03,2000,0,-1.527515e-04
2026-07-20T18:17:03.107,1784560623.107,211.703,-7.397949e-03,3.152373e-03,-1.928711e-02,2.929688e-03,2000,0,-1.479590e-04
2026-07-20T18:17:03.207,1784560623.207,211.803,-8.323975e-03,3.154047e-03,-1.977539e-02,1.953125e-03,2000,0,-1.664795e-04
2026-07-20T18:17:03.307,1784560623.307,211.903,-7.827393e-03,3.079312e-03,-1.733398e-02,4.882812e-04,2000,0,-1.565479e-04
2026-07-20T18:17:03.407,1784560623.407,212.003,-7.800659e-03,3.232252e-03,-2.343750e-02,5.615234e-03,2000,0,-1.560132e-04
2026-07-20T18:17:03.507,1784560623.507,212.103,-7.885864e-03,3.304046e-03,-2.099609e-02,2.685547e-03,2000,0,-1.577173e-04
2026-07-20T18:17:03.607,1784560623.607,212.204,-8.158081e-03,3.780420e-03,-1.953125e-02,5.615234e-03,2000,0,-1.631616e-04
2026-07-20T18:17:03.707,1784560623.707,212.303,-7.940186e-03,3.230346e-03,-1.855469e-02,1.220703e-03,2000,0,-1.588037e-04
2026-07-20T18:17:03.807,1784560623.807,212.403,-7.878906e-03,3.211141e-03,-2.075195e-02,2.197266e-03,2000,0,-1.575781e-04
2026-07-20T18:17:03.907,1784560623.907,212.503,-7.729858e-03,3.244636e-03,-1.757812e-02,1.220703e-03,2000,0,-1.545972e-04
2026-07-20T18:17:04.009,1784560624.009,212.604,-7.832275e-03,3.661820e-03,-1.806641e-02,6.591797e-03,2000,0,-1.566455e-04
2026-07-20T18:17:04.107,1784560624.107,212.703,-7.684570e-03,3.297439e-03,-1.953125e-02,2.197266e-03,2000,0,-1.536914e-04
2026-07-20T18:17:04.207,1784560624.207,212.803,-7.986694e-03,3.309834e-03,-2.026367e-02,2.441406e-03,2000,0,-1.597339e-04
2026-07-20T18:17:04.307,1784560624.307,212.903,-7.695923e-03,3.392892e-03,-1.904297e-02,2.685547e-03,2000,0,-1.539185e-04
2026-07-20T18:17:04.407,1784560624.408,213.003,-8.206299e-03,3.286746e-03,-2.001953e-02,3.173828e-03,2000,0,-1.641260e-04
2026-07-20T18:17:04.507,1784560624.508,213.103,-7.723999e-03,3.377570e-03,-1.782227e-02,3.906250e-03,2000,0,-1.544800e-04
2026-07-20T18:17:04.607,1784560624.608,213.203,-7.596680e-03,3.370083e-03,-1.782227e-02,2.929688e-03,2000,0,-1.519336e-04
2026-07-20T18:17:04.707,1784560624.708,213.303,-8.138672e-03,3.227961e-03,-1.855469e-02,3.417969e-03,2000,0,-1.627734e-04
2026-07-20T18:17:04.807,1784560624.808,213.403,-7.899902e-03,3.303845e-03,-2.246094e-02,3.662109e-03,2000,0,-1.579980e-04
2026-07-20T18:17:04.907,1784560624.907,213.503,-8.391602e-03,3.290248e-03,-1.879883e-02,1.953125e-03,2000,0,-1.678320e-04
2026-07-20T18:17:05.007,1784560625.007,213.603,-8.304565e-03,3.281755e-03,-1.953125e-02,3.906250e-03,2000,0,-1.660913e-04
2026-07-20T18:17:05.107,1784560625.107,213.703,-7.767822e-03,3.345622e-03,-1.733398e-02,3.906250e-03,2000,0,-1.553564e-04
2026-07-20T18:17:05.207,1784560625.207,213.803,-7.979004e-03,3.282369e-03,-2.124023e-02,4.638672e-03,2000,0,-1.595801e-04
2026-07-20T18:17:05.307,1784560625.307,213.903,-8.448120e-03,3.256531e-03,-2.001953e-02,1.708984e-03,2000,0,-1.689624e-04
2026-07-20T18:17:05.407,1784560625.407,214.003,-7.930298e-03,3.304087e-03,-1.782227e-02,3.173828e-03,2000,0,-1.586060e-04
2026-07-20T18:17:05.507,1784560625.507,214.103,-8.307739e-03,3.235666e-03,-2.099609e-02,3.417969e-03,2000,0,-1.661548e-04
2026-07-20T18:17:05.607,1784560625.607,214.203,-8.176758e-03,3.343416e-03,-2.124023e-02,3.173828e-03,2000,0,-1.635352e-04
2026-07-20T18:17:05.707,1784560625.707,214.303,-8.628296e-03,3.185964e-03,-1.953125e-02,1.953125e-03,2000,0,-1.725659e-04
2026-07-20T18:17:05.806,1784560625.807,214.403,-7.837158e-03,3.316224e-03,-1.806641e-02,5.126953e-03,2000,0,-1.567432e-04
2026-07-20T18:17:05.907,1784560625.907,214.503,-7.956787e-03,3.226388e-03,-1.708984e-02,4.150391e-03,2000,0,-1.591357e-04
2026-07-20T18:17:06.006,1784560626.007,214.603,-8.066040e-03,3.320573e-03,-1.928711e-02,2.197266e-03,2000,0,-1.613208e-04
2026-07-20T18:17:06.107,1784560626.107,214.703,-7.858154e-03,3.411135e-03,-2.539062e-02,2.197266e-03,2000,0,-1.571631e-04
2026-07-20T18:17:06.207,1784560626.207,214.803,-8.173340e-03,3.374916e-03,-1.928711e-02,1.342773e-02,2000,0,-1.634668e-04
2026-07-20T18:17:06.307,1784560626.307,214.903,-7.818604e-03,3.396455e-03,-2.124023e-02,1.464844e-03,2000,0,-1.563721e-04
2026-07-20T18:17:06.407,1784560626.407,215.003,-7.779053e-03,3.345762e-03,-1.806641e-02,2.685547e-03,2000,0,-1.555811e-04
2026-07-20T18:17:06.507,1784560626.507,215.103,-8.127563e-03,3.301302e-03,-1.855469e-02,1.464844e-03,2000,0,-1.625513e-04
2026-07-20T18:17:06.607,1784560626.607,215.203,-7.814453e-03,3.387999e-03,-2.392578e-02,1.953125e-03,2000,0,-1.562891e-04
2026-07-20T18:17:06.707,1784560626.707,215.303,-8.004639e-03,3.350207e-03,-2.050781e-02,2.441406e-03,2000,0,-1.600928e-04
2026-07-20T18:17:06.807,1784560626.807,215.403,-8.155640e-03,3.342749e-03,-2.026367e-02,1.464844e-03,2000,0,-1.631128e-04
2026-07-20T18:17:06.907,1784560626.907,215.503,-8.366455e-03,3.445201e-03,-1.879883e-02,2.441406e-03,2000,0,-1.673291e-04
2026-07-20T18:17:07.007,1784560627.007,215.603,-8.124023e-03,3.517962e-03,-1.806641e-02,4.638672e-03,2000,0,-1.624805e-04
2026-07-20T18:17:07.107,1784560627.107,215.703,-8.465698e-03,3.412674e-03,-1.928711e-02,1.220703e-03,2000,0,-1.693140e-04
2026-07-20T18:17:07.207,1784560627.207,215.803,-9.259399e-03,3.460293e-03,-2.197266e-02,1.953125e-03,2000,0,-1.851880e-04
2026-07-20T18:17:07.307,1784560627.307,215.903,-8.833618e-03,3.482435e-03,-1.855469e-02,2.685547e-03,2000,0,-1.766724e-04
2026-07-20T18:17:07.407,1784560627.407,216.003,-9.065430e-03,3.497825e-03,-1.904297e-02,3.417969e-03,2000,0,-1.813086e-04
2026-07-20T18:17:07.507,1784560627.507,216.103,-8.659546e-03,3.496193e-03,-2.343750e-02,1.708984e-03,2000,0,-1.731909e-04
2026-07-20T18:17:07.607,1784560627.607,216.203,-8.374878e-03,3.517993e-03,-2.124023e-02,2.929688e-03,2000,0,-1.674976e-04
2026-07-20T18:17:07.707,1784560627.707,216.303,-9.010742e-03,3.491574e-03,-2.075195e-02,9.765625e-04,2000,0,-1.802148e-04
2026-07-20T18:17:07.807,1784560627.807,216.403,-8.643188e-03,3.676733e-03,-2.172852e-02,3.662109e-03,2000,0,-1.728638e-04
2026-07-20T18:17:07.907,1784560627.907,216.503,-8.265869e-03,3.673457e-03,-2.221680e-02,1.708984e-03,2000,0,-1.653174e-04
2026-07-20T18:17:08.007,1784560628.007,216.603,-8.610474e-03,3.643216e-03,-2.148438e-02,5.859375e-03,2000,0,-1.722095e-04
2026-07-20T18:17:08.107,1784560628.107,216.703,-8.827148e-03,3.626386e-03,-1.953125e-02,2.197266e-03,2000,0,-1.765430e-04
2026-07-20T18:17:08.207,1784560628.207,216.803,-8.440430e-03,3.509328e-03,-1.904297e-02,7.568359e-03,2000,0,-1.688086e-04
2026-07-20T18:17:08.307,1784560628.307,216.903,-8.798462e-03,3.607264e-03,-2.075195e-02,5.615234e-03,2000,0,-1.759692e-04
2026-07-20T18:17:08.407,1784560628.407,217.003,-8.481323e-03,3.584943e-03,-1.855469e-02,7.324219e-04,2000,0,-1.696265e-04
2026-07-20T18:17:08.507,1784560628.507,217.103,-9.293823e-03,3.538523e-03,-2.294922e-02,1.220703e-03,2000,0,-1.858765e-04
2026-07-20T18:17:08.606,1784560628.607,217.203,-9.509521e-03,3.586156e-03,-2.172852e-02,2.685547e-03,2000,0,-1.901904e-04
2026-07-20T18:17:08.707,1784560628.707,217.303,-8.943481e-03,3.637355e-03,-2.148438e-02,2.197266e-03,2000,0,-1.788696e-04
2026-07-20T18:17:08.807,1784560628.807,217.403,-9.291260e-03,3.545665e-03,-2.197266e-02,3.173828e-03,2000,0,-1.858252e-04
2026-07-20T18:17:08.907,1784560628.907,217.503,-9.038086e-03,3.544091e-03,-2.197266e-02,3.173828e-03,2000,0,-1.807617e-04
2026-07-20T18:17:09.007,1784560629.007,217.603,-8.663330e-03,3.452133e-03,-1.953125e-02,4.882812e-03,2000,0,-1.732666e-04
2026-07-20T18:17:09.107,1784560629.107,217.703,-9.022339e-03,3.482566e-03,-2.270508e-02,1.464844e-03,2000,0,-1.804468e-04
2026-07-20T18:17:09.207,1784560629.207,217.803,-9.279175e-03,3.391020e-03,-1.953125e-02,7.324219e-04,2000,0,-1.855835e-04
2026-07-20T18:17:09.307,1784560629.307,217.903,-8.951782e-03,3.447429e-03,-2.197266e-02,1.708984e-03,2000,0,-1.790356e-04
2026-07-20T18:17:09.407,1784560629.407,218.003,-8.713989e-03,3.462762e-03,-2.001953e-02,2.197266e-03,2000,0,-1.742798e-04
2026-07-20T18:17:09.507,1784560629.507,218.103,-9.359253e-03,3.316980e-03,-2.075195e-02,3.662109e-03,2000,0,-1.871851e-04
2026-07-20T18:17:09.607,1784560629.607,218.203,-8.818726e-03,3.303835e-03,-1.855469e-02,1.464844e-03,2000,0,-1.763745e-04
2026-07-20T18:17:09.707,1784560629.707,218.303,-9.164917e-03,3.405376e-03,-1.953125e-02,4.882812e-04,2000,0,-1.832983e-04
2026-07-20T18:17:09.807,1784560629.807,218.403,-9.340576e-03,3.233817e-03,-1.928711e-02,7.324219e-04,2000,0,-1.868115e-04
2026-07-20T18:17:09.907,1784560629.907,218.503,-8.907471e-03,3.408222e-03,-2.001953e-02,1.708984e-03,2000,0,-1.781494e-04
2026-07-20T18:17:10.007,1784560630.007,218.603,-9.181885e-03,3.418196e-03,-2.050781e-02,2.685547e-03,2000,0,-1.836377e-04
2026-07-20T18:17:10.107,1784560630.108,218.703,-9.268921e-03,3.238959e-03,-2.124023e-02,1.464844e-03,2000,0,-1.853784e-04
2026-07-20T18:17:10.207,1784560630.207,218.803,-9.125122e-03,3.303312e-03,-1.977539e-02,9.765625e-04,2000,0,-1.825024e-04
2026-07-20T18:17:10.307,1784560630.308,218.903,-9.180054e-03,3.324553e-03,-1.904297e-02,3.173828e-03,2000,0,-1.836011e-04
2026-07-20T18:17:10.407,1784560630.407,219.003,-9.078247e-03,3.418322e-03,-1.953125e-02,9.765625e-04,2000,0,-1.815649e-04
2026-07-20T18:17:10.507,1784560630.507,219.103,-9.036011e-03,3.444593e-03,-2.124023e-02,7.324219e-04,2000,0,-1.807202e-04
2026-07-20T18:17:10.607,1784560630.607,219.203,-9.209717e-03,3.375524e-03,-2.075195e-02,4.638672e-03,2000,0,-1.841943e-04
2026-07-20T18:17:10.707,1784560630.707,219.303,-9.283936e-03,3.316040e-03,-1.977539e-02,1.464844e-03,2000,0,-1.856787e-04
2026-07-20T18:17:10.807,1784560630.807,219.403,-9.190063e-03,3.350075e-03,-2.001953e-02,3.173828e-03,2000,0,-1.838013e-04
2026-07-20T18:17:10.907,1784560630.907,219.503,-9.217285e-03,3.460666e-03,-2.270508e-02,1.708984e-03,2000,0,-1.843457e-04
2026-07-20T18:17:11.007,1784560631.007,219.603,-9.775146e-03,3.364232e-03,-2.001953e-02,1.220703e-03,2000,0,-1.955029e-04
2026-07-20T18:17:11.107,1784560631.108,219.703,-8.496826e-03,3.604447e-03,-2.221680e-02,6.591797e-03,2000,0,-1.699365e-04
2026-07-20T18:17:11.207,1784560631.208,219.803,-9.028320e-03,3.595236e-03,-2.368164e-02,2.441406e-04,2000,0,-1.805664e-04
2026-07-20T18:17:11.307,1784560631.307,219.903,-9.311890e-03,3.545276e-03,-2.026367e-02,2.441406e-03,2000,0,-1.862378e-04
2026-07-20T18:17:11.407,1784560631.408,220.003,-9.354248e-03,3.449265e-03,-2.343750e-02,1.220703e-03,2000,0,-1.870850e-04
2026-07-20T18:17:11.507,1784560631.508,220.103,-9.589478e-03,3.588676e-03,-2.075195e-02,2.685547e-03,2000,0,-1.917896e-04
2026-07-20T18:17:11.607,1784560631.607,220.203,-9.550171e-03,3.522643e-03,-2.075195e-02,-2.441406e-04,2000,0,-1.910034e-04
2026-07-20T18:17:11.707,1784560631.707,220.303,-9.150879e-03,3.627084e-03,-2.099609e-02,2.685547e-03,2000,0,-1.830176e-04
2026-07-20T18:17:11.807,1784560631.807,220.403,-9.142456e-03,3.693003e-03,-2.026367e-02,2.197266e-03,2000,0,-1.828491e-04
2026-07-20T18:17:11.907,1784560631.907,220.503,-9.239502e-03,3.526653e-03,-2.294922e-02,2.441406e-04,2000,0,-1.847900e-04
2026-07-20T18:17:12.007,1784560632.007,220.603,-9.322388e-03,3.704076e-03,-2.050781e-02,2.441406e-03,2000,0,-1.864478e-04
2026-07-20T18:17:12.107,1784560632.107,220.703,-9.196777e-03,3.700661e-03,-2.343750e-02,1.220703e-03,2000,0,-1.839355e-04
2026-07-20T18:17:12.207,1784560632.207,220.803,-8.973633e-03,3.599344e-03,-2.197266e-02,1.342773e-02,2000,0,-1.794727e-04
2026-07-20T18:17:12.307,1784560632.307,220.903,-8.636841e-03,3.572310e-03,-2.050781e-02,2.929688e-03,2000,0,-1.727368e-04
2026-07-20T18:17:12.407,1784560632.407,221.003,-9.022827e-03,3.742539e-03,-2.319336e-02,3.173828e-03,2000,0,-1.804565e-04
2026-07-20T18:17:12.507,1784560632.507,221.103,-9.089355e-03,3.556636e-03,-2.026367e-02,3.662109e-03,2000,0,-1.817871e-04
2026-07-20T18:17:12.607,1784560632.607,221.203,-9.003662e-03,3.671857e-03,-2.197266e-02,1.953125e-03,2000,0,-1.800732e-04
2026-07-20T18:17:12.707,1784560632.707,221.303,-9.089478e-03,3.710467e-03,-2.807617e-02,1.464844e-03,2000,0,-1.817896e-04
2026-07-20T18:17:12.807,1784560632.807,221.403,-8.995728e-03,3.601152e-03,-2.124023e-02,3.417969e-03,2000,0,-1.799146e-04
2026-07-20T18:17:12.907,1784560632.907,221.503,-8.787720e-03,3.786600e-03,-2.416992e-02,3.662109e-03,2000,0,-1.757544e-04
2026-07-20T18:17:13.007,1784560633.007,221.603,-8.766479e-03,3.742174e-03,-2.490234e-02,3.173828e-03,2000,0,-1.753296e-04
2026-07-20T18:17:13.107,1784560633.107,221.703,-8.531006e-03,3.673410e-03,-2.099609e-02,3.417969e-03,2000,0,-1.706201e-04
2026-07-20T18:17:13.207,1784560633.207,221.803,-8.562134e-03,3.705308e-03,-2.050781e-02,5.126953e-03,2000,0,-1.712427e-04
2026-07-20T18:17:13.307,1784560633.307,221.903,-8.861084e-03,3.755919e-03,-2.343750e-02,3.417969e-03,2000,0,-1.772217e-04
2026-07-20T18:17:13.407,1784560633.407,222.003,-8.496704e-03,3.625743e-03,-1.904297e-02,4.150391e-03,2000,0,-1.699341e-04
2026-07-20T18:17:13.507,1784560633.507,222.103,-8.699951e-03,3.406971e-03,-2.148438e-02,4.150391e-03,2000,0,-1.739990e-04
2026-07-20T18:17:13.607,1784560633.607,222.203,-8.372314e-03,3.654241e-03,-1.928711e-02,3.662109e-03,2000,0,-1.674463e-04
2026-07-20T18:17:13.707,1784560633.707,222.303,-9.075195e-03,3.547804e-03,-2.075195e-02,4.150391e-03,2000,0,-1.815039e-04
2026-07-20T18:17:13.807,1784560633.807,222.403,-8.252686e-03,3.501901e-03,-2.075195e-02,3.906250e-03,2000,0,-1.650537e-04
2026-07-20T18:17:13.907,1784560633.907,222.503,-8.050903e-03,3.670774e-03,-2.148438e-02,5.126953e-03,2000,0,-1.610181e-04
2026-07-20T18:17:14.007,1784560634.007,222.603,-8.318237e-03,3.575726e-03,-2.050781e-02,1.708984e-03,2000,0,-1.663647e-04
2026-07-20T18:17:14.107,1784560634.107,222.703,-8.095581e-03,3.644808e-03,-2.124023e-02,2.929688e-03,2000,0,-1.619116e-04
2026-07-20T18:17:14.207,1784560634.207,222.803,-8.040649e-03,3.628469e-03,-2.197266e-02,3.173828e-03,2000,0,-1.608130e-04
2026-07-20T18:17:14.307,1784560634.307,222.903,-8.280151e-03,3.779620e-03,-2.075195e-02,3.417969e-03,2000,0,-1.656030e-04
2026-07-20T18:17:14.407,1784560634.407,223.003,-8.181885e-03,3.839843e-03,-2.148438e-02,4.394531e-03,2000,0,-1.636377e-04
2026-07-20T18:17:14.507,1784560634.507,223.103,-7.747925e-03,3.709986e-03,-2.050781e-02,3.417969e-03,2000,0,-1.549585e-04
2026-07-20T18:17:14.607,1784560634.607,223.203,-8.721558e-03,3.915273e-03,-2.050781e-02,6.103516e-03,2000,0,-1.744312e-04
2026-07-20T18:17:14.707,1784560634.707,223.303,-8.289185e-03,3.800394e-03,-2.514648e-02,3.417969e-03,2000,0,-1.657837e-04
2026-07-20T18:17:14.807,1784560634.807,223.403,-8.176514e-03,4.035719e-03,-1.977539e-02,3.662109e-03,2000,0,-1.635303e-04
2026-07-20T18:17:14.907,1784560634.907,223.503,-8.462524e-03,3.965896e-03,-2.099609e-02,4.882812e-03,2000,0,-1.692505e-04
2026-07-20T18:17:15.007,1784560635.007,223.603,-7.762207e-03,3.909968e-03,-1.953125e-02,3.662109e-03,2000,0,-1.552441e-04
2026-07-20T18:17:15.107,1784560635.107,223.703,-7.852905e-03,4.022420e-03,-2.270508e-02,5.371094e-03,2000,0,-1.570581e-04
2026-07-20T18:17:15.207,1784560635.207,223.803,-8.071411e-03,3.904059e-03,-2.099609e-02,4.394531e-03,2000,0,-1.614282e-04
2026-07-20T18:17:15.307,1784560635.307,223.903,-7.620850e-03,3.836076e-03,-1.879883e-02,5.371094e-03,2000,0,-1.524170e-04
2026-07-20T18:17:15.407,1784560635.407,224.003,-8.184814e-03,3.939846e-03,-2.099609e-02,5.126953e-03,2000,0,-1.636963e-04
2026-07-20T18:17:15.507,1784560635.507,224.103,-8.027344e-03,3.851829e-03,-2.026367e-02,4.394531e-03,2000,0,-1.605469e-04
2026-07-20T18:17:15.607,1784560635.607,224.203,-7.711060e-03,3.910085e-03,-1.977539e-02,4.394531e-03,2000,0,-1.542212e-04
2026-07-20T18:17:15.707,1784560635.707,224.303,-7.696167e-03,3.786671e-03,-2.172852e-02,3.662109e-03,2000,0,-1.539233e-04
2026-07-20T18:17:15.807,1784560635.807,224.403,-8.378906e-03,3.759541e-03,-2.050781e-02,3.417969e-03,2000,0,-1.675781e-04
2026-07-20T18:17:15.907,1784560635.907,224.503,-7.494385e-03,3.815116e-03,-1.904297e-02,3.662109e-03,2000,0,-1.498877e-04
2026-07-20T18:17:16.007,1784560636.007,224.603,-7.870483e-03,3.627392e-03,-2.075195e-02,3.662109e-03,2000,0,-1.574097e-04
2026-07-20T18:17:16.107,1784560636.107,224.703,-7.980835e-03,3.598844e-03,-1.831055e-02,2.929688e-03,2000,0,-1.596167e-04
2026-07-20T18:17:16.207,1784560636.207,224.803,-7.779907e-03,3.661334e-03,-1.953125e-02,4.150391e-03,2000,0,-1.555981e-04
2026-07-20T18:17:16.307,1784560636.307,224.903,-7.947266e-03,3.340262e-03,-1.977539e-02,2.929688e-03,2000,0,-1.589453e-04
2026-07-20T18:17:16.407,1784560636.407,225.003,-7.937744e-03,3.325181e-03,-1.782227e-02,2.929688e-03,2000,0,-1.587549e-04
2026-07-20T18:17:16.507,1784560636.507,225.103,-7.493408e-03,3.164450e-03,-1.904297e-02,1.708984e-03,2000,0,-1.498682e-04
2026-07-20T18:17:16.607,1784560636.607,225.203,-7.475830e-03,3.117183e-03,-1.904297e-02,1.464844e-03,2000,0,-1.495166e-04
2026-07-20T18:17:16.707,1784560636.707,225.303,-7.825806e-03,2.908139e-03,-1.611328e-02,1.220703e-03,2000,0,-1.565161e-04
2026-07-20T18:17:16.807,1784560636.808,225.403,-7.503174e-03,3.036777e-03,-1.708984e-02,2.441406e-03,2000,0,-1.500635e-04
2026-07-20T18:17:16.907,1784560636.907,225.503,-7.693481e-03,2.921914e-03,-1.782227e-02,6.103516e-03,2000,0,-1.538696e-04
2026-07-20T18:17:17.007,1784560637.007,225.603,-7.408203e-03,2.846429e-03,-1.635742e-02,1.464844e-03,2000,0,-1.481641e-04
2026-07-20T18:17:17.107,1784560637.107,225.703,-7.299561e-03,2.594651e-03,-1.782227e-02,1.220703e-03,2000,0,-1.459912e-04
2026-07-20T18:17:17.207,1784560637.207,225.803,-8.302246e-03,2.626038e-03,-1.684570e-02,0.000000e+00,2000,0,-1.660449e-04
2026-07-20T18:17:17.307,1784560637.307,225.903,-8.000977e-03,2.547780e-03,-1.733398e-02,4.882812e-04,2000,0,-1.600195e-04
2026-07-20T18:17:17.407,1784560637.407,226.003,-7.464478e-03,2.596300e-03,-1.611328e-02,1.220703e-03,2000,0,-1.492896e-04
2026-07-20T18:17:17.507,1784560637.507,226.103,-7.816772e-03,2.523323e-03,-1.831055e-02,4.882812e-03,2000,0,-1.563354e-04
2026-07-20T18:17:17.607,1784560637.607,226.203,-7.612061e-03,2.556060e-03,-1.660156e-02,2.685547e-03,2000,0,-1.522412e-04
2026-07-20T18:17:17.707,1784560637.707,226.303,-7.291138e-03,2.762742e-03,-1.733398e-02,3.417969e-03,2000,0,-1.458228e-04
2026-07-20T18:17:17.807,1784560637.807,226.403,-7.210327e-03,2.591112e-03,-1.684570e-02,2.685547e-03,2000,0,-1.442065e-04
2026-07-20T18:17:17.907,1784560637.907,226.503,-7.577881e-03,2.663925e-03,-1.660156e-02,1.464844e-03,2000,0,-1.515576e-04
2026-07-20T18:17:18.007,1784560638.007,226.603,-7.240845e-03,2.750381e-03,-1.806641e-02,1.953125e-03,2000,0,-1.448169e-04
2026-07-20T18:17:18.107,1784560638.107,226.703,-7.301392e-03,2.822700e-03,-1.611328e-02,1.953125e-03,2000,0,-1.460278e-04
2026-07-20T18:17:18.207,1784560638.208,226.803,-7.348145e-03,2.861588e-03,-1.708984e-02,1.953125e-03,2000,0,-1.469629e-04
2026-07-20T18:17:18.307,1784560638.308,226.903,-7.422729e-03,3.012439e-03,-1.733398e-02,2.441406e-03,2000,0,-1.484546e-04
2026-07-20T18:17:18.407,1784560638.407,227.003,-7.112183e-03,2.933959e-03,-1.733398e-02,7.568359e-03,2000,0,-1.422437e-04
2026-07-20T18:17:18.507,1784560638.507,227.103,-7.877319e-03,3.059093e-03,-1.806641e-02,2.441406e-03,2000,0,-1.575464e-04
2026-07-20T18:17:18.607,1784560638.608,227.203,-6.928101e-03,3.059375e-03,-1.586914e-02,2.929688e-03,2000,0,-1.385620e-04
2026-07-20T18:17:18.707,1784560638.707,227.303,-7.107178e-03,3.240976e-03,-1.708984e-02,4.150391e-03,2000,0,-1.421436e-04
2026-07-20T18:17:18.807,1784560638.807,227.403,-7.036255e-03,3.266354e-03,-1.977539e-02,4.394531e-03,2000,0,-1.407251e-04
2026-07-20T18:17:18.907,1784560638.907,227.503,-6.962891e-03,3.381622e-03,-2.075195e-02,3.417969e-03,2000,0,-1.392578e-04
2026-07-20T18:17:19.007,1784560639.007,227.603,-7.266235e-03,3.447669e-03,-1.782227e-02,2.929688e-03,2000,0,-1.453247e-04
2026-07-20T18:17:19.107,1784560639.107,227.703,-7.242188e-03,3.443154e-03,-1.708984e-02,4.150391e-03,2000,0,-1.448438e-04
2026-07-20T18:17:19.207,1784560639.208,227.803,-7.033447e-03,3.576052e-03,-1.855469e-02,3.173828e-03,2000,0,-1.406689e-04
2026-07-20T18:17:19.307,1784560639.307,227.903,-7.096313e-03,3.502479e-03,-2.001953e-02,4.638672e-03,2000,0,-1.419263e-04
2026-07-20T18:17:19.407,1784560639.407,228.003,-7.449341e-03,3.508649e-03,-2.001953e-02,4.394531e-03,2000,0,-1.489868e-04
2026-07-20T18:17:19.507,1784560639.508,228.103,-7.054199e-03,3.682704e-03,-1.928711e-02,2.685547e-03,2000,0,-1.410840e-04
2026-07-20T18:17:19.607,1784560639.608,228.203,-7.444336e-03,3.568130e-03,-1.977539e-02,2.441406e-03,2000,0,-1.488867e-04
2026-07-20T18:17:19.707,1784560639.707,228.303,-7.234619e-03,3.655767e-03,-2.050781e-02,3.173828e-03,2000,0,-1.446924e-04
2026-07-20T18:17:19.807,1784560639.808,228.403,-7.023193e-03,3.688509e-03,-1.806641e-02,3.417969e-03,2000,0,-1.404639e-04
2026-07-20T18:17:19.907,1784560639.908,228.503,-7.354980e-03,3.625576e-03,-1.879883e-02,3.173828e-03,2000,0,-1.470996e-04
2026-07-20T18:17:20.007,1784560640.008,228.603,-7.290649e-03,3.442310e-03,-1.782227e-02,3.173828e-03,2000,0,-1.458130e-04
2026-07-20T18:17:20.107,1784560640.107,228.703,-6.564209e-03,3.793785e-03,-1.879883e-02,5.126953e-03,2000,0,-1.312842e-04
2026-07-20T18:17:20.207,1784560640.208,228.803,-7.190918e-03,3.785935e-03,-1.806641e-02,3.662109e-03,2000,0,-1.438184e-04
2026-07-20T18:17:20.307,1784560640.308,228.903,-6.422363e-03,3.535518e-03,-1.635742e-02,4.394531e-03,2000,0,-1.284473e-04
2026-07-20T18:17:20.407,1784560640.407,229.003,-6.623901e-03,3.716404e-03,-1.806641e-02,3.662109e-03,2000,0,-1.324780e-04
2026-07-20T18:17:20.507,1784560640.508,229.103,-6.828735e-03,3.727889e-03,-1.953125e-02,4.150391e-03,2000,0,-1.365747e-04
2026-07-20T18:17:20.607,1784560640.608,229.203,-6.648315e-03,3.643940e-03,-1.782227e-02,6.591797e-03,2000,0,-1.329663e-04
2026-07-20T18:17:20.707,1784560640.707,229.303,-6.407959e-03,3.740725e-03,-1.708984e-02,4.882812e-03,2000,0,-1.281592e-04
2026-07-20T18:17:20.807,1784560640.807,229.403,-7.230957e-03,3.590586e-03,-1.782227e-02,3.173828e-03,2000,0,-1.446191e-04
2026-07-20T18:17:20.907,1784560640.907,229.503,-6.346924e-03,3.613619e-03,-1.708984e-02,3.906250e-03,2000,0,-1.269385e-04
2026-07-20T18:17:21.007,1784560641.007,229.603,-6.490112e-03,3.716571e-03,-2.001953e-02,3.906250e-03,2000,0,-1.298022e-04
2026-07-20T18:17:21.107,1784560641.108,229.703,-6.709595e-03,3.704279e-03,-1.928711e-02,4.150391e-03,2000,0,-1.341919e-04
2026-07-20T18:17:21.207,1784560641.208,229.803,-6.704224e-03,3.772857e-03,-2.026367e-02,6.347656e-03,2000,0,-1.340845e-04
2026-07-20T18:17:21.307,1784560641.308,229.903,-6.542480e-03,3.352453e-03,-1.708984e-02,8.789062e-03,2000,0,-1.308496e-04
2026-07-20T18:17:21.407,1784560641.408,230.003,-6.823608e-03,3.747491e-03,-2.124023e-02,5.615234e-03,2000,0,-1.364722e-04
2026-07-20T18:17:21.507,1784560641.508,230.103,-6.408203e-03,3.772992e-03,-2.099609e-02,4.882812e-03,2000,0,-1.281641e-04
2026-07-20T18:17:21.607,1784560641.607,230.203,-6.274048e-03,3.534475e-03,-1.757812e-02,4.882812e-03,2000,0,-1.254810e-04
2026-07-20T18:17:21.707,1784560641.708,230.303,-6.310303e-03,3.803720e-03,-2.075195e-02,6.835938e-03,2000,0,-1.262061e-04
2026-07-20T18:17:21.807,1784560641.808,230.403,-6.076172e-03,3.860846e-03,-1.855469e-02,6.835938e-03,2000,0,-1.215234e-04
2026-07-20T18:17:21.907,1784560641.908,230.503,-6.246704e-03,3.870538e-03,-1.879883e-02,1.123047e-02,2000,0,-1.249341e-04
2026-07-20T18:17:22.007,1784560642.008,230.603,-6.678711e-03,3.585638e-03,-1.757812e-02,7.324219e-03,2000,0,-1.335742e-04
2026-07-20T18:17:22.107,1784560642.107,230.703,-6.323486e-03,3.697785e-03,-1.757812e-02,9.765625e-03,2000,0,-1.264697e-04
2026-07-20T18:17:22.207,1784560642.208,230.803,-6.228760e-03,3.379631e-03,-1.782227e-02,7.080078e-03,2000,0,-1.245752e-04
2026-07-20T18:17:22.307,1784560642.308,230.903,-7.108154e-03,3.848231e-03,-2.075195e-02,6.835938e-03,2000,0,-1.421631e-04
2026-07-20T18:17:22.407,1784560642.408,231.003,-6.347900e-03,3.669832e-03,-2.075195e-02,9.765625e-03,2000,0,-1.269580e-04
2026-07-20T18:17:22.507,1784560642.507,231.103,-5.856934e-03,3.838345e-03,-2.001953e-02,8.789062e-03,2000,0,-1.171387e-04
2026-07-20T18:17:22.607,1784560642.608,231.203,-6.423828e-03,3.780513e-03,-1.684570e-02,7.324219e-03,2000,0,-1.284766e-04
2026-07-20T18:17:22.707,1784560642.707,231.303,-5.591553e-03,3.690786e-03,-1.562500e-02,8.544922e-03,2000,0,-1.118311e-04
2026-07-20T18:17:22.807,1784560642.807,231.403,-5.833984e-03,3.651508e-03,-1.806641e-02,8.300781e-03,2000,0,-1.166797e-04
2026-07-20T18:17:22.907,1784560642.907,231.503,-6.156006e-03,3.718293e-03,-1.757812e-02,8.056641e-03,2000,0,-1.231201e-04
2026-07-20T18:17:23.007,1784560643.007,231.603,-5.812256e-03,3.712967e-03,-2.197266e-02,6.103516e-03,2000,0,-1.162451e-04
2026-07-20T18:17:23.107,1784560643.107,231.703,-5.575806e-03,3.737867e-03,-1.782227e-02,9.277344e-03,2000,0,-1.115161e-04
2026-07-20T18:17:23.207,1784560643.207,231.803,-6.245239e-03,3.673887e-03,-1.733398e-02,7.324219e-03,2000,0,-1.249048e-04
2026-07-20T18:17:23.307,1784560643.307,231.903,-5.459473e-03,3.753371e-03,-1.684570e-02,6.835938e-03,2000,0,-1.091895e-04
2026-07-20T18:17:23.407,1784560643.407,232.003,-5.903564e-03,3.658887e-03,-1.635742e-02,1.025391e-02,2000,0,-1.180713e-04
2026-07-20T18:17:23.508,1784560643.508,232.103,-6.040039e-03,3.555893e-03,-1.513672e-02,4.394531e-03,2000,0,-1.208008e-04
2026-07-20T18:17:23.607,1784560643.607,232.203,-5.793823e-03,3.701517e-03,-1.782227e-02,9.765625e-03,2000,0,-1.158765e-04
2026-07-20T18:17:23.707,1784560643.707,232.303,-5.941772e-03,3.586297e-03,-1.660156e-02,6.835938e-03,2000,0,-1.188354e-04
2026-07-20T18:17:23.807,1784560643.808,232.403,-5.683228e-03,3.439359e-03,-1.635742e-02,5.371094e-03,2000,0,-1.136646e-04
2026-07-20T18:17:23.907,1784560643.907,232.503,-5.730835e-03,3.567932e-03,-1.586914e-02,9.277344e-03,2000,0,-1.146167e-04
2026-07-20T18:17:24.007,1784560644.007,232.603,-5.565552e-03,3.405644e-03,-1.464844e-02,8.789062e-03,2000,0,-1.113110e-04
2026-07-20T18:17:24.107,1784560644.107,232.703,-5.596191e-03,3.643850e-03,-1.660156e-02,6.835938e-03,2000,0,-1.119238e-04
2026-07-20T18:17:24.207,1784560644.207,232.803,-5.591675e-03,3.574907e-03,-1.586914e-02,6.591797e-03,2000,0,-1.118335e-04
2026-07-20T18:17:24.307,1784560644.307,232.903,-5.514648e-03,3.605704e-03,-1.733398e-02,5.859375e-03,2000,0,-1.102930e-04
2026-07-20T18:17:24.407,1784560644.407,233.003,-5.564453e-03,3.570591e-03,-1.586914e-02,4.638672e-03,2000,0,-1.112891e-04
2026-07-20T18:17:24.507,1784560644.507,233.103,-5.382812e-03,3.289832e-03,-1.733398e-02,6.103516e-03,2000,0,-1.076562e-04
2026-07-20T18:17:24.607,1784560644.607,233.203,-5.298096e-03,3.385216e-03,-1.586914e-02,1.123047e-02,2000,0,-1.059619e-04
2026-07-20T18:17:24.707,1784560644.707,233.303,-5.554443e-03,3.327826e-03,-1.562500e-02,7.324219e-03,2000,0,-1.110889e-04
2026-07-20T18:17:24.807,1784560644.807,233.403,-5.450806e-03,3.379826e-03,-1.611328e-02,6.835938e-03,2000,0,-1.090161e-04
2026-07-20T18:17:24.907,1784560644.908,233.503,-5.481567e-03,3.295146e-03,-1.953125e-02,3.906250e-03,2000,0,-1.096313e-04
2026-07-20T18:17:25.007,1784560645.007,233.603,-5.156738e-03,3.269909e-03,-1.782227e-02,5.371094e-03,2000,0,-1.031348e-04
2026-07-20T18:17:25.107,1784560645.107,233.703,-5.451782e-03,3.241607e-03,-1.806641e-02,5.126953e-03,2000,0,-1.090356e-04
2026-07-20T18:17:25.207,1784560645.207,233.803,-5.258057e-03,3.130609e-03,-1.440430e-02,5.615234e-03,2000,0,-1.051611e-04
2026-07-20T18:17:25.307,1784560645.308,233.903,-5.188477e-03,3.200501e-03,-1.782227e-02,5.615234e-03,2000,0,-1.037695e-04
2026-07-20T18:17:25.407,1784560645.408,234.003,-5.490234e-03,3.228623e-03,-1.635742e-02,5.615234e-03,2000,0,-1.098047e-04
2026-07-20T18:17:25.507,1784560645.508,234.103,-5.156128e-03,3.020358e-03,-1.489258e-02,9.033203e-03,2000,0,-1.031226e-04
2026-07-20T18:17:25.607,1784560645.608,234.203,-4.924683e-03,3.260672e-03,-1.464844e-02,4.150391e-03,2000,0,-9.849365e-05
2026-07-20T18:17:25.707,1784560645.708,234.303,-5.167480e-03,3.116878e-03,-1.855469e-02,8.056641e-03,2000,0,-1.033496e-04
2026-07-20T18:17:25.807,1784560645.808,234.403,-5.463501e-03,3.134429e-03,-1.562500e-02,6.347656e-03,2000,0,-1.092700e-04
2026-07-20T18:17:25.907,1784560645.908,234.503,-5.491333e-03,3.103314e-03,-1.586914e-02,4.638672e-03,2000,0,-1.098267e-04
2026-07-20T18:17:26.007,1784560646.008,234.603,-5.537598e-03,3.168790e-03,-1.513672e-02,8.056641e-03,2000,0,-1.107520e-04
2026-07-20T18:17:26.107,1784560646.108,234.703,-5.494629e-03,3.314176e-03,-1.562500e-02,8.056641e-03,2000,0,-1.098926e-04
2026-07-20T18:17:26.207,1784560646.208,234.803,-5.611816e-03,3.276016e-03,-1.586914e-02,4.394531e-03,2000,0,-1.122363e-04
2026-07-20T18:17:26.307,1784560646.308,234.903,-5.620972e-03,3.356520e-03,-1.708984e-02,7.080078e-03,2000,0,-1.124194e-04
2026-07-20T18:17:26.407,1784560646.408,235.003,-5.913330e-03,3.211699e-03,-1.562500e-02,4.394531e-03,2000,0,-1.182666e-04
2026-07-20T18:17:26.507,1784560646.508,235.103,-5.665649e-03,3.259253e-03,-1.538086e-02,6.347656e-03,2000,0,-1.133130e-04
2026-07-20T18:17:26.607,1784560646.608,235.203,-6.017700e-03,3.312179e-03,-1.611328e-02,5.615234e-03,2000,0,-1.203540e-04
2026-07-20T18:17:26.707,1784560646.708,235.303,-5.462402e-03,3.418737e-03,-1.489258e-02,1.171875e-02,2000,0,-1.092480e-04
2026-07-20T18:17:26.807,1784560646.808,235.403,-5.504517e-03,3.239010e-03,-1.879883e-02,5.371094e-03,2000,0,-1.100903e-04
2026-07-20T18:17:26.907,1784560646.908,235.503,-5.219971e-03,3.226112e-03,-1.684570e-02,5.126953e-03,2000,0,-1.043994e-04
2026-07-20T18:17:27.007,1784560647.008,235.603,-5.791016e-03,3.298064e-03,-1.660156e-02,6.347656e-03,2000,0,-1.158203e-04
2026-07-20T18:17:27.107,1784560647.108,235.703,-4.819946e-03,3.491511e-03,-1.489258e-02,6.591797e-03,2000,0,-9.639893e-05
2026-07-20T18:17:27.207,1784560647.208,235.803,-5.465576e-03,3.364292e-03,-1.538086e-02,5.126953e-03,2000,0,-1.093115e-04
2026-07-20T18:17:27.307,1784560647.308,235.903,-5.131836e-03,3.396229e-03,-1.489258e-02,4.394531e-03,2000,0,-1.026367e-04
2026-07-20T18:17:27.407,1784560647.408,236.003,-5.319458e-03,3.507662e-03,-1.660156e-02,4.394531e-03,2000,0,-1.063892e-04
2026-07-20T18:17:27.507,1784560647.508,236.103,-5.521606e-03,3.368021e-03,-1.538086e-02,1.708984e-02,2000,0,-1.104321e-04
2026-07-20T18:17:27.607,1784560647.608,236.203,-4.892700e-03,3.488767e-03,-1.806641e-02,5.371094e-03,2000,0,-9.785400e-05
2026-07-20T18:17:27.707,1784560647.708,236.303,-5.545044e-03,3.375069e-03,-2.099609e-02,5.615234e-03,2000,0,-1.109009e-04
2026-07-20T18:17:27.807,1784560647.808,236.403,-5.536133e-03,3.391403e-03,-1.464844e-02,6.103516e-03,2000,0,-1.107227e-04
2026-07-20T18:17:27.907,1784560647.908,236.503,-5.188843e-03,3.511581e-03,-1.831055e-02,5.126953e-03,2000,0,-1.037769e-04
2026-07-20T18:17:28.007,1784560648.008,236.603,-5.776123e-03,3.446897e-03,-1.806641e-02,4.882812e-03,2000,0,-1.155225e-04
2026-07-20T18:17:28.107,1784560648.108,236.703,-5.924561e-03,3.390556e-03,-1.855469e-02,5.615234e-03,2000,0,-1.184912e-04
2026-07-20T18:17:28.207,1784560648.208,236.803,-5.487793e-03,3.319437e-03,-1.928711e-02,8.056641e-03,2000,0,-1.097559e-04
2026-07-20T18:17:28.307,1784560648.308,236.903,-6.019409e-03,3.427971e-03,-1.855469e-02,3.662109e-03,2000,0,-1.203882e-04
2026-07-20T18:17:28.407,1784560648.408,237.003,-5.740601e-03,3.405957e-03,-1.806641e-02,5.859375e-03,2000,0,-1.148120e-04
2026-07-20T18:17:28.507,1784560648.508,237.103,-5.830566e-03,3.417281e-03,-1.977539e-02,5.615234e-03,2000,0,-1.166113e-04
2026-07-20T18:17:28.607,1784560648.608,237.203,-6.220459e-03,3.398763e-03,-1.733398e-02,5.371094e-03,2000,0,-1.244092e-04
2026-07-20T18:17:28.707,1784560648.708,237.303,-5.830200e-03,3.412918e-03,-2.294922e-02,4.150391e-03,2000,0,-1.166040e-04
2026-07-20T18:17:28.807,1784560648.808,237.403,-5.543823e-03,3.369662e-03,-1.831055e-02,6.591797e-03,2000,0,-1.108765e-04
2026-07-20T18:17:28.907,1784560648.908,237.503,-6.392700e-03,3.401366e-03,-2.099609e-02,6.103516e-03,2000,0,-1.278540e-04
2026-07-20T18:17:29.007,1784560649.008,237.603,-6.779297e-03,3.393275e-03,-2.099609e-02,2.441406e-03,2000,0,-1.355859e-04
2026-07-20T18:17:29.107,1784560649.108,237.703,-6.743896e-03,3.302275e-03,-2.026367e-02,3.173828e-03,2000,0,-1.348779e-04
2026-07-20T18:17:29.207,1784560649.208,237.803,-6.421997e-03,3.576204e-03,-2.075195e-02,3.173828e-03,2000,0,-1.284399e-04
2026-07-20T18:17:29.307,1784560649.308,237.903,-6.125122e-03,3.547899e-03,-1.806641e-02,4.150391e-03,2000,0,-1.225024e-04
2026-07-20T18:17:29.407,1784560649.408,238.003,-5.794434e-03,3.339066e-03,-1.708984e-02,6.835938e-03,2000,0,-1.158887e-04
2026-07-20T18:17:29.507,1784560649.508,238.103,-5.568604e-03,3.402374e-03,-1.855469e-02,5.859375e-03,2000,0,-1.113721e-04
2026-07-20T18:17:29.607,1784560649.608,238.203,-6.225220e-03,3.567646e-03,-1.660156e-02,4.394531e-03,2000,0,-1.245044e-04
2026-07-20T18:17:29.707,1784560649.708,238.303,-5.818115e-03,3.457030e-03,-2.026367e-02,3.662109e-03,2000,0,-1.163623e-04
2026-07-20T18:17:29.807,1784560649.808,238.403,-6.103271e-03,3.484837e-03,-1.757812e-02,4.882812e-03,2000,0,-1.220654e-04
2026-07-20T18:17:29.907,1784560649.908,238.503,-6.412720e-03,3.327902e-03,-1.733398e-02,5.859375e-03,2000,0,-1.282544e-04
2026-07-20T18:17:30.007,1784560650.008,238.603,-6.156860e-03,3.427040e-03,-1.708984e-02,5.859375e-03,2000,0,-1.231372e-04
2026-07-20T18:17:30.107,1784560650.108,238.703,-6.423706e-03,3.464522e-03,-1.904297e-02,4.150391e-03,2000,0,-1.284741e-04
2026-07-20T18:17:30.207,1784560650.208,238.803,-6.078613e-03,3.514816e-03,-1.806641e-02,5.126953e-03,2000,0,-1.215723e-04
2026-07-20T18:17:30.307,1784560650.308,238.903,-6.355347e-03,3.503129e-03,-1.782227e-02,3.662109e-03,2000,0,-1.271069e-04
2026-07-20T18:17:30.407,1784560650.408,239.003,-6.882690e-03,3.391761e-03,-1.733398e-02,4.150391e-03,2000,0,-1.376538e-04
2026-07-20T18:17:30.507,1784560650.508,239.103,-6.289551e-03,3.478300e-03,-1.782227e-02,5.859375e-03,2000,0,-1.257910e-04
2026-07-20T18:17:30.607,1784560650.608,239.203,-5.940063e-03,3.486934e-03,-1.708984e-02,9.277344e-03,2000,0,-1.188013e-04
2026-07-20T18:17:30.707,1784560650.707,239.303,-6.601196e-03,3.551772e-03,-1.660156e-02,5.615234e-03,2000,0,-1.320239e-04
2026-07-20T18:17:30.807,1784560650.807,239.403,-5.980713e-03,3.482536e-03,-1.733398e-02,5.615234e-03,2000,0,-1.196143e-04
2026-07-20T18:17:30.907,1784560650.907,239.503,-5.961670e-03,3.556254e-03,-1.757812e-02,5.371094e-03,2000,0,-1.192334e-04
2026-07-20T18:17:31.007,1784560651.007,239.603,-6.140869e-03,3.512789e-03,-1.879883e-02,7.568359e-03,2000,0,-1.228174e-04
2026-07-20T18:17:31.107,1784560651.107,239.703,-6.216797e-03,3.571075e-03,-1.953125e-02,6.347656e-03,2000,0,-1.243359e-04
2026-07-20T18:17:31.207,1784560651.207,239.803,-5.790894e-03,3.479332e-03,-1.660156e-02,8.544922e-03,2000,0,-1.158179e-04
2026-07-20T18:17:31.307,1784560651.307,239.903,-6.302002e-03,3.615318e-03,-1.953125e-02,8.789062e-03,2000,0,-1.260400e-04
2026-07-20T18:17:31.407,1784560651.407,240.003,-6.507202e-03,3.579583e-03,-1.611328e-02,7.812500e-03,2000,0,-1.301440e-04
2026-07-20T18:17:31.507,1784560651.507,240.103,-5.507690e-03,3.543670e-03,-1.733398e-02,7.080078e-03,2000,0,-1.101538e-04
2026-07-20T18:17:31.607,1784560651.607,240.203,-6.075928e-03,3.587756e-03,-1.782227e-02,8.544922e-03,2000,0,-1.215186e-04
2026-07-20T18:17:31.707,1784560651.708,240.303,-6.371460e-03,3.698074e-03,-1.953125e-02,5.615234e-03,2000,0,-1.274292e-04
2026-07-20T18:17:31.807,1784560651.807,240.403,-6.372314e-03,3.656317e-03,-1.757812e-02,9.033203e-03,2000,0,-1.274463e-04
2026-07-20T18:17:31.907,1784560651.907,240.503,-6.639282e-03,3.532738e-03,-1.757812e-02,7.568359e-03,2000,0,-1.327856e-04
2026-07-20T18:17:32.007,1784560652.007,240.603,-6.764282e-03,3.680920e-03,-1.708984e-02,6.347656e-03,2000,0,-1.352856e-04
2026-07-20T18:17:32.107,1784560652.107,240.703,-6.684204e-03,3.682408e-03,-1.757812e-02,4.638672e-03,2000,0,-1.336841e-04
2026-07-20T18:17:32.207,1784560652.207,240.803,-6.534790e-03,3.552007e-03,-1.757812e-02,6.591797e-03,2000,0,-1.306958e-04
2026-07-20T18:17:32.307,1784560652.308,240.903,-6.788940e-03,3.566053e-03,-1.806641e-02,7.568359e-03,2000,0,-1.357788e-04
2026-07-20T18:17:32.407,1784560652.408,241.003,-6.795532e-03,3.563250e-03,-1.855469e-02,5.371094e-03,2000,0,-1.359106e-04
2026-07-20T18:17:32.507,1784560652.507,241.103,-6.808350e-03,3.619859e-03,-1.708984e-02,6.835938e-03,2000,0,-1.361670e-04
2026-07-20T18:17:32.607,1784560652.608,241.203,-6.757935e-03,3.478566e-03,-1.806641e-02,5.859375e-03,2000,0,-1.351587e-04
2026-07-20T18:17:32.707,1784560652.708,241.303,-6.242798e-03,3.492244e-03,-1.782227e-02,4.394531e-03,2000,0,-1.248560e-04
2026-07-20T18:17:32.807,1784560652.808,241.403,-6.997314e-03,3.453913e-03,-1.879883e-02,5.371094e-03,2000,0,-1.399463e-04
2026-07-20T18:17:32.907,1784560652.908,241.503,-6.734375e-03,3.475417e-03,-1.708984e-02,4.882812e-03,2000,0,-1.346875e-04
2026-07-20T18:17:33.007,1784560653.008,241.603,-6.926636e-03,3.325304e-03,-1.708984e-02,5.126953e-03,2000,0,-1.385327e-04
2026-07-20T18:17:33.107,1784560653.108,241.703,-7.189819e-03,3.312202e-03,-1.757812e-02,2.929688e-03,2000,0,-1.437964e-04
2026-07-20T18:17:33.207,1784560653.208,241.803,-6.983398e-03,3.315688e-03,-1.757812e-02,3.662109e-03,2000,0,-1.396680e-04
2026-07-20T18:17:33.307,1784560653.308,241.903,-6.748413e-03,3.352834e-03,-1.708984e-02,3.417969e-03,2000,0,-1.349683e-04
2026-07-20T18:17:33.407,1784560653.408,242.003,-7.529541e-03,3.312429e-03,-2.172852e-02,3.662109e-03,2000,0,-1.505908e-04
2026-07-20T18:17:33.507,1784560653.508,242.103,-7.431030e-03,3.286164e-03,-1.611328e-02,4.150391e-03,2000,0,-1.486206e-04
2026-07-20T18:17:33.607,1784560653.608,242.203,-6.904785e-03,3.289857e-03,-1.928711e-02,3.662109e-03,2000,0,-1.380957e-04
2026-07-20T18:17:33.707,1784560653.708,242.303,-7.221802e-03,3.343430e-03,-1.684570e-02,2.441406e-03,2000,0,-1.444360e-04
2026-07-20T18:17:33.807,1784560653.808,242.403,-7.594604e-03,3.428607e-03,-1.879883e-02,4.882812e-03,2000,0,-1.518921e-04
2026-07-20T18:17:33.907,1784560653.908,242.503,-7.038208e-03,3.275536e-03,-1.733398e-02,2.685547e-03,2000,0,-1.407642e-04
2026-07-20T18:17:34.007,1784560654.008,242.603,-7.027832e-03,3.358529e-03,-1.855469e-02,3.173828e-03,2000,0,-1.405566e-04
2026-07-20T18:17:34.107,1784560654.108,242.703,-7.557007e-03,3.480792e-03,-1.733398e-02,7.812500e-03,2000,0,-1.511401e-04
2026-07-20T18:17:34.207,1784560654.208,242.803,-7.451050e-03,3.415872e-03,-1.879883e-02,4.638672e-03,2000,0,-1.490210e-04
2026-07-20T18:17:34.307,1784560654.308,242.903,-7.209961e-03,3.421045e-03,-1.782227e-02,4.882812e-03,2000,0,-1.441992e-04
2026-07-20T18:17:34.407,1784560654.408,243.003,-7.265015e-03,3.516385e-03,-1.635742e-02,5.371094e-03,2000,0,-1.453003e-04
2026-07-20T18:17:34.507,1784560654.508,243.103,-7.010742e-03,3.402749e-03,-1.733398e-02,4.394531e-03,2000,0,-1.402148e-04
2026-07-20T18:17:34.607,1784560654.608,243.203,-7.153198e-03,3.484998e-03,-1.855469e-02,5.615234e-03,2000,0,-1.430640e-04
2026-07-20T18:17:34.707,1784560654.708,243.303,-7.309448e-03,3.475887e-03,-1.953125e-02,2.929688e-03,2000,0,-1.461890e-04
2026-07-20T18:17:34.807,1784560654.808,243.403,-6.527588e-03,3.500698e-03,-1.660156e-02,7.324219e-03,2000,0,-1.305518e-04
2026-07-20T18:17:34.907,1784560654.908,243.503,-7.475830e-03,3.345104e-03,-1.757812e-02,2.929688e-03,2000,0,-1.495166e-04
2026-07-20T18:17:35.007,1784560655.008,243.603,-7.140381e-03,3.219168e-03,-1.928711e-02,2.197266e-03,2000,0,-1.428076e-04
2026-07-20T18:17:35.107,1784560655.108,243.703,-7.127441e-03,3.519381e-03,-1.977539e-02,6.103516e-03,2000,0,-1.425488e-04
2026-07-20T18:17:35.207,1784560655.208,243.803,-7.412720e-03,3.385255e-03,-2.099609e-02,3.417969e-03,2000,0,-1.482544e-04
2026-07-20T18:17:35.307,1784560655.308,243.903,-7.241943e-03,3.200994e-03,-1.831055e-02,2.929688e-03,2000,0,-1.448389e-04
2026-07-20T18:17:35.407,1784560655.408,244.003,-7.437134e-03,3.215292e-03,-2.026367e-02,5.859375e-03,2000,0,-1.487427e-04
2026-07-20T18:17:35.507,1784560655.508,244.103,-7.483398e-03,3.061487e-03,-1.953125e-02,4.150391e-03,2000,0,-1.496680e-04
2026-07-20T18:17:35.607,1784560655.608,244.203,-7.065552e-03,3.163256e-03,-1.684570e-02,4.394531e-03,2000,0,-1.413110e-04
2026-07-20T18:17:35.707,1784560655.708,244.303,-7.107300e-03,2.968725e-03,-1.879883e-02,4.150391e-03,2000,0,-1.421460e-04
2026-07-20T18:17:35.807,1784560655.808,244.403,-6.979492e-03,2.910401e-03,-1.538086e-02,1.464844e-03,2000,0,-1.395898e-04
2026-07-20T18:17:35.907,1784560655.908,244.503,-7.724976e-03,3.037280e-03,-1.757812e-02,1.708984e-03,2000,0,-1.544995e-04
2026-07-20T18:17:36.007,1784560656.008,244.603,-6.555176e-03,2.754405e-03,-1.513672e-02,2.929688e-03,2000,0,-1.311035e-04
2026-07-20T18:17:36.107,1784560656.108,244.703,-7.148438e-03,2.870045e-03,-1.953125e-02,8.300781e-03,2000,0,-1.429688e-04
2026-07-20T18:17:36.207,1784560656.208,244.803,-7.091431e-03,2.744496e-03,-1.635742e-02,1.708984e-03,2000,0,-1.418286e-04
2026-07-20T18:17:36.307,1784560656.308,244.903,-6.527344e-03,2.697299e-03,-1.611328e-02,5.859375e-03,2000,0,-1.305469e-04
2026-07-20T18:17:36.407,1784560656.408,245.003,-6.644409e-03,2.662421e-03,-1.660156e-02,4.638672e-03,2000,0,-1.328882e-04
2026-07-20T18:17:36.507,1784560656.508,245.103,-7.085693e-03,2.634813e-03,-1.684570e-02,9.765625e-04,2000,0,-1.417139e-04
2026-07-20T18:17:36.607,1784560656.608,245.203,-6.634644e-03,2.466868e-03,-2.099609e-02,9.765625e-04,2000,0,-1.326929e-04
2026-07-20T18:17:36.707,1784560656.708,245.303,-7.177246e-03,2.474081e-03,-1.855469e-02,1.464844e-03,2000,0,-1.435449e-04
2026-07-20T18:17:36.807,1784560656.808,245.403,-6.909546e-03,2.431199e-03,-1.489258e-02,5.371094e-03,2000,0,-1.381909e-04
2026-07-20T18:17:36.907,1784560656.908,245.503,-6.002075e-03,2.465516e-03,-1.635742e-02,1.953125e-03,2000,0,-1.200415e-04
2026-07-20T18:17:37.007,1784560657.008,245.603,-6.598755e-03,2.446402e-03,-2.685547e-02,2.441406e-03,2000,0,-1.319751e-04
2026-07-20T18:17:37.107,1784560657.108,245.704,-6.908569e-03,2.461925e-03,-1.684570e-02,2.441406e-03,2000,0,-1.381714e-04
2026-07-20T18:17:37.207,1784560657.208,245.803,-6.394897e-03,2.355686e-03,-1.342773e-02,7.568359e-03,2000,0,-1.278979e-04
2026-07-20T18:17:37.307,1784560657.308,245.903,-6.718628e-03,2.380398e-03,-1.513672e-02,1.708984e-03,2000,0,-1.343726e-04
2026-07-20T18:17:37.407,1784560657.408,246.003,-7.365479e-03,2.464447e-03,-1.635742e-02,1.708984e-03,2000,0,-1.473096e-04
2026-07-20T18:17:37.507,1784560657.508,246.103,-7.404175e-03,2.423989e-03,-1.831055e-02,9.765625e-04,2000,0,-1.480835e-04
2026-07-20T18:17:37.607,1784560657.608,246.203,-6.904907e-03,2.399627e-03,-1.782227e-02,4.882812e-03,2000,0,-1.380981e-04
2026-07-20T18:17:37.707,1784560657.708,246.303,-6.916138e-03,2.512818e-03,-1.538086e-02,5.615234e-03,2000,0,-1.383228e-04
2026-07-20T18:17:37.807,1784560657.808,246.403,-6.941040e-03,2.562060e-03,-2.001953e-02,3.173828e-03,2000,0,-1.388208e-04
2026-07-20T18:17:37.907,1784560657.908,246.503,-7.257690e-03,2.650745e-03,-1.708984e-02,8.300781e-03,2000,0,-1.451538e-04
2026-07-20T18:17:38.007,1784560658.008,246.603,-7.183716e-03,2.623942e-03,-1.538086e-02,1.953125e-03,2000,0,-1.436743e-04
2026-07-20T18:17:38.107,1784560658.108,246.703,-6.498657e-03,2.764249e-03,-1.757812e-02,4.638672e-03,2000,0,-1.299731e-04
2026-07-20T18:17:38.207,1784560658.208,246.803,-6.352905e-03,2.861720e-03,-1.684570e-02,3.173828e-03,2000,0,-1.270581e-04
2026-07-20T18:17:38.307,1784560658.308,246.903,-6.211792e-03,2.804269e-03,-1.782227e-02,5.371094e-03,2000,0,-1.242358e-04
2026-07-20T18:17:38.407,1784560658.408,247.003,-6.814209e-03,2.692441e-03,-2.050781e-02,7.324219e-04,2000,0,-1.362842e-04
2026-07-20T18:17:38.507,1784560658.508,247.103,-6.215942e-03,3.033612e-03,-1.635742e-02,5.126953e-03,2000,0,-1.243188e-04
2026-07-20T18:17:38.607,1784560658.608,247.203,-6.241699e-03,2.867469e-03,-1.586914e-02,4.394531e-03,2000,0,-1.248340e-04
2026-07-20T18:17:38.707,1784560658.708,247.303,-6.372681e-03,3.051416e-03,-1.562500e-02,5.126953e-03,2000,0,-1.274536e-04
2026-07-20T18:17:38.807,1784560658.808,247.403,-6.283569e-03,2.878320e-03,-1.538086e-02,4.394531e-03,2000,0,-1.256714e-04
2026-07-20T18:17:38.907,1784560658.908,247.503,-6.731567e-03,3.020916e-03,-1.660156e-02,2.197266e-03,2000,0,-1.346313e-04
2026-07-20T18:17:39.007,1784560659.008,247.603,-6.081909e-03,3.020807e-03,-1.733398e-02,5.371094e-03,2000,0,-1.216382e-04
2026-07-20T18:17:39.107,1784560659.108,247.703,-6.431519e-03,3.051069e-03,-1.635742e-02,5.126953e-03,2000,0,-1.286304e-04
2026-07-20T18:17:39.207,1784560659.208,247.803,-6.261230e-03,3.058983e-03,-1.660156e-02,3.417969e-03,2000,0,-1.252246e-04
2026-07-20T18:17:39.307,1784560659.308,247.903,-6.439087e-03,3.048477e-03,-1.757812e-02,4.638672e-03,2000,0,-1.287817e-04
2026-07-20T18:17:39.407,1784560659.408,248.003,-6.485107e-03,2.989801e-03,-1.806641e-02,4.638672e-03,2000,0,-1.297021e-04
2026-07-20T18:17:39.507,1784560659.508,248.103,-6.428711e-03,3.151796e-03,-1.733398e-02,6.835938e-03,2000,0,-1.285742e-04
2026-07-20T18:17:39.607,1784560659.608,248.203,-6.004883e-03,2.945876e-03,-1.489258e-02,3.417969e-03,2000,0,-1.200977e-04
2026-07-20T18:17:39.707,1784560659.708,248.303,-6.396362e-03,3.108790e-03,-1.782227e-02,4.394531e-03,2000,0,-1.279272e-04
2026-07-20T18:17:39.807,1784560659.808,248.403,-6.423096e-03,3.082651e-03,-1.831055e-02,3.662109e-03,2000,0,-1.284619e-04
2026-07-20T18:17:39.907,1784560659.908,248.503,-5.959595e-03,3.008433e-03,-1.708984e-02,3.173828e-03,2000,0,-1.191919e-04
2026-07-20T18:17:40.007,1784560660.008,248.603,-6.335449e-03,2.923287e-03,-1.660156e-02,1.708984e-03,2000,0,-1.267090e-04
2026-07-20T18:17:40.107,1784560660.108,248.704,-6.718750e-03,3.112152e-03,-1.708984e-02,8.789062e-03,2000,0,-1.343750e-04
2026-07-20T18:17:40.207,1784560660.208,248.803,-6.293945e-03,3.006229e-03,-1.684570e-02,3.906250e-03,2000,0,-1.258789e-04
2026-07-20T18:17:40.308,1784560660.308,248.903,-6.047974e-03,2.850573e-03,-1.513672e-02,4.150391e-03,2000,0,-1.209595e-04
2026-07-20T18:17:40.407,1784560660.408,249.003,-5.877319e-03,2.930085e-03,-1.464844e-02,5.615234e-03,2000,0,-1.175464e-04
2026-07-20T18:17:40.507,1784560660.508,249.103,-6.230713e-03,3.065025e-03,-1.611328e-02,6.103516e-03,2000,0,-1.246143e-04
2026-07-20T18:17:40.608,1784560660.608,249.203,-6.324341e-03,2.993789e-03,-1.757812e-02,3.417969e-03,2000,0,-1.264868e-04
2026-07-20T18:17:40.708,1784560660.708,249.303,-6.171387e-03,3.024298e-03,-1.708984e-02,3.906250e-03,2000,0,-1.234277e-04
2026-07-20T18:17:40.807,1784560660.808,249.403,-6.086670e-03,3.099338e-03,-1.586914e-02,3.173828e-03,2000,0,-1.217334e-04
2026-07-20T18:17:40.907,1784560660.908,249.503,-6.059570e-03,3.081859e-03,-1.684570e-02,3.417969e-03,2000,0,-1.211914e-04
2026-07-20T18:17:41.008,1784560661.008,249.603,-5.670898e-03,3.133058e-03,-1.562500e-02,3.906250e-03,2000,0,-1.134180e-04
2026-07-20T18:17:41.107,1784560661.108,249.703,-5.915039e-03,3.128670e-03,-1.586914e-02,6.347656e-03,2000,0,-1.183008e-04
2026-07-20T18:17:41.207,1784560661.208,249.803,-6.263916e-03,3.123248e-03,-2.343750e-02,2.929688e-03,2000,0,-1.252783e-04
2026-07-20T18:17:41.307,1784560661.308,249.903,-6.101807e-03,3.166213e-03,-2.001953e-02,4.394531e-03,2000,0,-1.220361e-04
2026-07-20T18:17:41.407,1784560661.408,250.003,-5.723022e-03,3.238372e-03,-1.855469e-02,8.789062e-03,2000,0,-1.144604e-04
2026-07-20T18:17:41.508,1784560661.508,250.103,-5.810303e-03,3.170705e-03,-1.684570e-02,3.662109e-03,2000,0,-1.162061e-04
2026-07-20T18:17:41.607,1784560661.608,250.203,-5.834229e-03,3.315124e-03,-1.538086e-02,5.859375e-03,2000,0,-1.166846e-04
2026-07-20T18:17:41.708,1784560661.708,250.303,-6.018188e-03,3.084003e-03,-1.684570e-02,4.150391e-03,2000,0,-1.203638e-04
2026-07-20T18:17:41.807,1784560661.808,250.403,-5.405151e-03,3.305127e-03,-1.586914e-02,7.080078e-03,2000,0,-1.081030e-04
2026-07-20T18:17:41.907,1784560661.908,250.503,-5.713135e-03,3.209100e-03,-2.026367e-02,8.300781e-03,2000,0,-1.142627e-04
2026-07-20T18:17:42.007,1784560662.008,250.603,-5.952759e-03,3.103768e-03,-1.513672e-02,4.882812e-03,2000,0,-1.190552e-04
2026-07-20T18:17:42.107,1784560662.108,250.703,-5.796021e-03,3.202481e-03,-1.513672e-02,4.394531e-03,2000,0,-1.159204e-04
2026-07-20T18:17:42.207,1784560662.208,250.803,-5.911743e-03,3.209576e-03,-2.075195e-02,5.371094e-03,2000,0,-1.182349e-04
2026-07-20T18:17:42.307,1784560662.308,250.903,-6.353394e-03,3.172851e-03,-1.611328e-02,6.591797e-03,2000,0,-1.270679e-04
2026-07-20T18:17:42.407,1784560662.408,251.003,-6.010010e-03,3.149531e-03,-1.635742e-02,5.371094e-03,2000,0,-1.202002e-04
2026-07-20T18:17:42.507,1784560662.508,251.103,-5.901611e-03,3.109522e-03,-1.586914e-02,5.859375e-03,2000,0,-1.180322e-04
2026-07-20T18:17:42.607,1784560662.608,251.203,-6.725586e-03,3.176988e-03,-1.757812e-02,4.882812e-03,2000,0,-1.345117e-04
2026-07-20T18:17:42.707,1784560662.708,251.303,-6.329834e-03,3.140323e-03,-1.538086e-02,6.103516e-03,2000,0,-1.265967e-04
2026-07-20T18:17:42.807,1784560662.808,251.403,-5.548706e-03,3.192023e-03,-1.733398e-02,7.324219e-03,2000,0,-1.109741e-04
2026-07-20T18:17:42.907,1784560662.908,251.503,-5.959106e-03,3.111913e-03,-1.635742e-02,5.615234e-03,2000,0,-1.191821e-04
2026-07-20T18:17:43.007,1784560663.008,251.603,-6.124878e-03,3.161832e-03,-1.489258e-02,1.049805e-02,2000,0,-1.224976e-04
2026-07-20T18:17:43.107,1784560663.108,251.703,-6.265015e-03,3.114376e-03,-1.782227e-02,6.591797e-03,2000,0,-1.253003e-04
2026-07-20T18:17:43.207,1784560663.208,251.803,-6.465820e-03,3.199097e-03,-1.977539e-02,3.906250e-03,2000,0,-1.293164e-04
2026-07-20T18:17:43.307,1784560663.308,251.903,-5.604736e-03,3.134410e-03,-1.367188e-02,4.882812e-03,2000,0,-1.120947e-04
2026-07-20T18:17:43.407,1784560663.408,252.003,-5.734131e-03,3.148599e-03,-1.855469e-02,1.049805e-02,2000,0,-1.146826e-04
2026-07-20T18:17:43.507,1784560663.508,252.103,-6.262695e-03,3.051942e-03,-1.953125e-02,3.906250e-03,2000,0,-1.252539e-04
2026-07-20T18:17:43.607,1784560663.608,252.203,-6.182129e-03,3.303407e-03,-1.635742e-02,5.126953e-03,2000,0,-1.236426e-04
2026-07-20T18:17:43.707,1784560663.708,252.303,-5.914185e-03,3.109360e-03,-1.538086e-02,4.394531e-03,2000,0,-1.182837e-04
2026-07-20T18:17:43.807,1784560663.808,252.403,-6.052856e-03,3.278832e-03,-1.733398e-02,5.615234e-03,2000,0,-1.210571e-04
2026-07-20T18:17:43.907,1784560663.908,252.503,-6.184204e-03,3.239161e-03,-1.489258e-02,5.126953e-03,2000,0,-1.236841e-04
2026-07-20T18:17:44.007,1784560664.008,252.603,-5.933350e-03,3.261477e-03,-1.684570e-02,7.324219e-03,2000,0,-1.186670e-04
2026-07-20T18:17:44.107,1784560664.108,252.703,-6.198486e-03,3.300377e-03,-1.586914e-02,4.638672e-03,2000,0,-1.239697e-04
2026-07-20T18:17:44.208,1784560664.208,252.803,-5.932617e-03,3.291990e-03,-1.635742e-02,3.662109e-03,2000,0,-1.186523e-04
2026-07-20T18:17:44.307,1784560664.308,252.903,-6.318970e-03,3.230772e-03,-1.635742e-02,4.150391e-03,2000,0,-1.263794e-04
2026-07-20T18:17:44.408,1784560664.408,253.003,-6.354126e-03,3.408432e-03,-1.611328e-02,4.638672e-03,2000,0,-1.270825e-04
2026-07-20T18:17:44.507,1784560664.508,253.103,-5.858276e-03,3.263736e-03,-1.635742e-02,5.126953e-03,2000,0,-1.171655e-04
2026-07-20T18:17:44.608,1784560664.608,253.203,-6.290649e-03,3.285783e-03,-1.660156e-02,3.173828e-03,2000,0,-1.258130e-04
2026-07-20T18:17:44.707,1784560664.708,253.303,-6.701050e-03,3.387545e-03,-1.855469e-02,4.394531e-03,2000,0,-1.340210e-04
2026-07-20T18:17:44.807,1784560664.807,253.403,-6.142334e-03,3.337508e-03,-1.953125e-02,3.906250e-03,2000,0,-1.228467e-04
2026-07-20T18:17:44.907,1784560664.908,253.503,-6.184326e-03,3.369843e-03,-1.660156e-02,4.394531e-03,2000,0,-1.236865e-04
2026-07-20T18:17:45.008,1784560665.008,253.603,-6.135498e-03,3.257341e-03,-1.782227e-02,3.662109e-03,2000,0,-1.227100e-04
2026-07-20T18:17:45.107,1784560665.108,253.703,-6.315552e-03,3.432579e-03,-1.635742e-02,4.150391e-03,2000,0,-1.263110e-04
2026-07-20T18:17:45.208,1784560665.208,253.803,-6.477173e-03,3.354105e-03,-2.148438e-02,4.150391e-03,2000,0,-1.295435e-04
2026-07-20T18:17:45.307,1784560665.308,253.903,-6.466064e-03,3.199917e-03,-1.684570e-02,3.173828e-03,2000,0,-1.293213e-04
2026-07-20T18:17:45.408,1784560665.408,254.003,-5.996216e-03,3.339040e-03,-1.831055e-02,3.662109e-03,2000,0,-1.199243e-04
2026-07-20T18:17:45.507,1784560665.508,254.104,-7.113403e-03,3.419049e-03,-1.928711e-02,2.197266e-03,2000,0,-1.422681e-04
2026-07-20T18:17:45.608,1784560665.608,254.203,-6.232544e-03,3.342928e-03,-1.635742e-02,3.417969e-03,2000,0,-1.246509e-04
2026-07-20T18:17:45.707,1784560665.707,254.303,-5.856323e-03,3.399051e-03,-1.953125e-02,3.906250e-03,2000,0,-1.171265e-04
2026-07-20T18:17:45.808,1784560665.808,254.403,-6.309570e-03,3.245194e-03,-1.611328e-02,5.615234e-03,2000,0,-1.261914e-04
2026-07-20T18:17:45.907,1784560665.908,254.503,-6.345825e-03,3.391846e-03,-2.416992e-02,4.638672e-03,2000,0,-1.269165e-04
2026-07-20T18:17:46.008,1784560666.008,254.603,-6.007568e-03,3.390150e-03,-1.757812e-02,4.150391e-03,2000,0,-1.201514e-04
2026-07-20T18:17:46.108,1784560666.108,254.703,-6.290405e-03,3.407065e-03,-1.611328e-02,3.906250e-03,2000,0,-1.258081e-04
2026-07-20T18:17:46.208,1784560666.208,254.803,-6.465576e-03,3.411543e-03,-1.684570e-02,5.615234e-03,2000,0,-1.293115e-04
2026-07-20T18:17:46.307,1784560666.307,254.903,-6.372314e-03,3.291653e-03,-1.586914e-02,5.371094e-03,2000,0,-1.274463e-04
2026-07-20T18:17:46.408,1784560666.408,255.003,-7.026611e-03,3.364644e-03,-1.928711e-02,3.662109e-03,2000,0,-1.405322e-04
2026-07-20T18:17:46.507,1784560666.507,255.103,-6.555908e-03,3.395244e-03,-2.001953e-02,2.929688e-03,2000,0,-1.311182e-04
2026-07-20T18:17:46.607,1784560666.607,255.203,-6.490479e-03,3.381614e-03,-1.586914e-02,3.662109e-03,2000,0,-1.298096e-04
2026-07-20T18:17:46.708,1784560666.708,255.303,-6.667236e-03,3.287556e-03,-1.660156e-02,3.906250e-03,2000,0,-1.333447e-04
2026-07-20T18:17:46.808,1784560666.808,255.403,-6.650513e-03,3.369040e-03,-1.977539e-02,6.347656e-03,2000,0,-1.330103e-04
2026-07-20T18:17:46.908,1784560666.908,255.503,-6.642212e-03,3.466460e-03,-1.660156e-02,4.394531e-03,2000,0,-1.328442e-04
2026-07-20T18:17:47.008,1784560667.008,255.603,-6.413452e-03,3.435102e-03,-1.708984e-02,4.394531e-03,2000,0,-1.282690e-04
2026-07-20T18:17:47.108,1784560667.108,255.703,-6.824829e-03,3.485234e-03,-1.684570e-02,4.638672e-03,2000,0,-1.364966e-04
2026-07-20T18:17:47.208,1784560667.208,255.803,-6.148438e-03,3.493593e-03,-1.806641e-02,5.859375e-03,2000,0,-1.229688e-04
2026-07-20T18:17:47.308,1784560667.308,255.903,-6.539429e-03,3.417851e-03,-1.757812e-02,4.638672e-03,2000,0,-1.307886e-04
2026-07-20T18:17:47.408,1784560667.408,256.003,-6.706543e-03,3.445049e-03,-2.148438e-02,4.150391e-03,2000,0,-1.341309e-04
2026-07-20T18:17:47.508,1784560667.508,256.103,-6.135498e-03,3.533161e-03,-1.660156e-02,5.859375e-03,2000,0,-1.227100e-04
2026-07-20T18:17:47.608,1784560667.608,256.203,-6.476807e-03,3.359850e-03,-1.660156e-02,7.080078e-03,2000,0,-1.295361e-04
2026-07-20T18:17:47.708,1784560667.708,256.303,-6.619019e-03,3.402405e-03,-1.684570e-02,6.103516e-03,2000,0,-1.323804e-04
2026-07-20T18:17:47.808,1784560667.808,256.403,-6.232788e-03,3.374533e-03,-1.757812e-02,5.615234e-03,2000,0,-1.246558e-04
2026-07-20T18:17:47.908,1784560667.908,256.503,-6.694458e-03,3.351284e-03,-1.782227e-02,4.150391e-03,2000,0,-1.338892e-04
2026-07-20T18:17:48.008,1784560668.008,256.603,-6.825317e-03,3.397957e-03,-1.611328e-02,5.371094e-03,2000,0,-1.365063e-04
2026-07-20T18:17:48.108,1784560668.108,256.703,-6.963745e-03,3.349414e-03,-1.953125e-02,4.882812e-03,2000,0,-1.392749e-04
2026-07-20T18:17:48.208,1784560668.208,256.803,-6.647461e-03,3.325461e-03,-1.660156e-02,5.615234e-03,2000,0,-1.329492e-04
2026-07-20T18:17:48.307,1784560668.307,256.903,-6.438965e-03,3.375478e-03,-1.660156e-02,4.638672e-03,2000,0,-1.287793e-04
2026-07-20T18:17:48.408,1784560668.408,257.003,-6.492432e-03,3.377104e-03,-1.611328e-02,6.347656e-03,2000,0,-1.298486e-04
2026-07-20T18:17:48.508,1784560668.508,257.103,-6.946289e-03,3.127304e-03,-1.757812e-02,3.173828e-03,2000,0,-1.389258e-04
2026-07-20T18:17:48.607,1784560668.607,257.203,-7.007080e-03,3.464609e-03,-1.782227e-02,5.371094e-03,2000,0,-1.401416e-04
2026-07-20T18:17:48.707,1784560668.707,257.303,-6.697021e-03,3.258617e-03,-1.953125e-02,4.394531e-03,2000,0,-1.339404e-04
2026-07-20T18:17:48.808,1784560668.808,257.403,-6.412964e-03,3.287170e-03,-1.611328e-02,7.080078e-03,2000,0,-1.282593e-04
2026-07-20T18:17:48.908,1784560668.908,257.503,-6.846680e-03,3.297888e-03,-2.148438e-02,5.859375e-03,2000,0,-1.369336e-04
2026-07-20T18:17:49.008,1784560669.008,257.603,-6.628906e-03,3.234452e-03,-1.708984e-02,2.441406e-03,2000,0,-1.325781e-04
2026-07-20T18:17:49.108,1784560669.108,257.703,-6.360840e-03,3.192432e-03,-1.708984e-02,4.150391e-03,2000,0,-1.272168e-04
2026-07-20T18:17:49.208,1784560669.208,257.803,-6.808716e-03,3.300887e-03,-1.586914e-02,1.025391e-02,2000,0,-1.361743e-04
2026-07-20T18:17:49.308,1784560669.308,257.903,-6.677368e-03,3.191952e-03,-1.684570e-02,3.417969e-03,2000,0,-1.335474e-04
2026-07-20T18:17:49.408,1784560669.408,258.003,-6.661743e-03,3.259715e-03,-1.831055e-02,3.662109e-03,2000,0,-1.332349e-04
2026-07-20T18:17:49.508,1784560669.508,258.103,-6.830811e-03,3.235739e-03,-1.660156e-02,5.126953e-03,2000,0,-1.366162e-04
2026-07-20T18:17:49.608,1784560669.608,258.203,-6.393921e-03,3.272237e-03,-1.684570e-02,1.171875e-02,2000,0,-1.278784e-04
2026-07-20T18:17:49.708,1784560669.708,258.303,-6.562256e-03,3.343482e-03,-2.026367e-02,5.126953e-03,2000,0,-1.312451e-04
2026-07-20T18:17:49.808,1784560669.808,258.403,-6.338257e-03,3.275236e-03,-1.855469e-02,6.103516e-03,2000,0,-1.267651e-04
2026-07-20T18:17:49.908,1784560669.908,258.503,-6.541138e-03,3.395534e-03,-1.733398e-02,6.835938e-03,2000,0,-1.308228e-04
2026-07-20T18:17:50.008,1784560670.008,258.603,-7.014282e-03,3.339893e-03,-1.782227e-02,2.685547e-03,2000,0,-1.402856e-04
2026-07-20T18:17:50.108,1784560670.108,258.703,-6.879028e-03,3.283118e-03,-1.733398e-02,4.150391e-03,2000,0,-1.375806e-04
2026-07-20T18:17:50.208,1784560670.208,258.803,-6.542480e-03,3.409773e-03,-1.733398e-02,4.638672e-03,2000,0,-1.308496e-04
2026-07-20T18:17:50.308,1784560670.308,258.903,-5.953491e-03,3.290413e-03,-1.635742e-02,3.906250e-03,2000,0,-1.190698e-04
2026-07-20T18:17:50.408,1784560670.408,259.003,-6.770752e-03,3.355923e-03,-1.953125e-02,3.662109e-03,2000,0,-1.354150e-04
2026-07-20T18:17:50.508,1784560670.508,259.103,-6.599976e-03,3.317784e-03,-1.928711e-02,5.371094e-03,2000,0,-1.319995e-04
2026-07-20T18:17:50.608,1784560670.608,259.203,-6.413452e-03,3.350832e-03,-1.708984e-02,2.685547e-03,2000,0,-1.282690e-04
2026-07-20T18:17:50.708,1784560670.708,259.303,-6.581787e-03,3.351894e-03,-2.075195e-02,4.150391e-03,2000,0,-1.316357e-04
2026-07-20T18:17:50.808,1784560670.808,259.403,-5.988892e-03,3.373393e-03,-1.708984e-02,4.882812e-03,2000,0,-1.197778e-04
2026-07-20T18:17:50.908,1784560670.908,259.503,-6.551880e-03,3.356625e-03,-1.733398e-02,3.906250e-03,2000,0,-1.310376e-04
2026-07-20T18:17:51.008,1784560671.008,259.603,-6.595215e-03,3.350351e-03,-1.708984e-02,3.417969e-03,2000,0,-1.319043e-04
2026-07-20T18:17:51.107,1784560671.108,259.703,-6.800171e-03,3.319559e-03,-1.855469e-02,3.662109e-03,2000,0,-1.360034e-04
2026-07-20T18:17:51.208,1784560671.208,259.803,-6.612427e-03,3.398507e-03,-2.368164e-02,4.638672e-03,2000,0,-1.322485e-04
2026-07-20T18:17:51.308,1784560671.308,259.903,-6.810669e-03,3.321235e-03,-1.782227e-02,3.662109e-03,2000,0,-1.362134e-04
2026-07-20T18:17:51.408,1784560671.408,260.003,-6.178223e-03,3.267358e-03,-1.586914e-02,3.906250e-03,2000,0,-1.235645e-04
2026-07-20T18:17:51.508,1784560671.508,260.103,-6.512939e-03,3.343217e-03,-1.782227e-02,3.417969e-03,2000,0,-1.302588e-04
2026-07-20T18:17:51.608,1784560671.608,260.203,-6.618896e-03,3.305025e-03,-2.197266e-02,4.150391e-03,2000,0,-1.323779e-04
2026-07-20T18:17:51.708,1784560671.708,260.303,-6.321167e-03,3.197298e-03,-1.879883e-02,2.685547e-03,2000,0,-1.264233e-04
2026-07-20T18:17:51.808,1784560671.808,260.404,-6.827393e-03,3.424213e-03,-1.733398e-02,2.929688e-03,2000,0,-1.365479e-04
2026-07-20T18:17:51.907,1784560671.908,260.503,-6.884277e-03,3.260249e-03,-1.928711e-02,5.859375e-03,2000,0,-1.376855e-04
2026-07-20T18:17:52.008,1784560672.008,260.603,-6.429199e-03,3.202558e-03,-1.611328e-02,8.300781e-03,2000,0,-1.285840e-04
2026-07-20T18:17:52.108,1784560672.108,260.703,-6.420776e-03,3.075656e-03,-2.099609e-02,3.906250e-03,2000,0,-1.284155e-04
2026-07-20T18:17:52.208,1784560672.208,260.803,-6.690186e-03,3.232201e-03,-1.831055e-02,2.685547e-03,2000,0,-1.338037e-04
2026-07-20T18:17:52.308,1784560672.308,260.903,-6.319092e-03,3.094701e-03,-1.562500e-02,3.906250e-03,2000,0,-1.263818e-04
2026-07-20T18:17:52.407,1784560672.407,261.003,-5.823486e-03,3.125423e-03,-1.635742e-02,6.591797e-03,2000,0,-1.164697e-04
2026-07-20T18:17:52.507,1784560672.507,261.103,-6.551758e-03,3.055331e-03,-1.928711e-02,2.685547e-03,2000,0,-1.310352e-04
2026-07-20T18:17:52.608,1784560672.608,261.203,-5.973755e-03,3.087843e-03,-1.684570e-02,3.173828e-03,2000,0,-1.194751e-04
2026-07-20T18:17:52.708,1784560672.708,261.303,-6.477173e-03,2.990031e-03,-1.635742e-02,4.394531e-03,2000,0,-1.295435e-04
2026-07-20T18:17:52.808,1784560672.808,261.403,-6.457764e-03,2.975699e-03,-1.586914e-02,3.662109e-03,2000,0,-1.291553e-04
2026-07-20T18:17:52.907,1784560672.908,261.503,-5.975708e-03,3.018801e-03,-1.489258e-02,3.662109e-03,2000,0,-1.195142e-04
2026-07-20T18:17:53.007,1784560673.007,261.603,-6.261475e-03,2.976177e-03,-2.075195e-02,5.371094e-03,2000,0,-1.252295e-04
2026-07-20T18:17:53.108,1784560673.108,261.703,-6.471558e-03,2.997844e-03,-1.513672e-02,5.126953e-03,2000,0,-1.294312e-04
2026-07-20T18:17:53.208,1784560673.208,261.803,-6.180908e-03,2.908652e-03,-1.904297e-02,2.685547e-03,2000,0,-1.236182e-04
2026-07-20T18:17:53.308,1784560673.308,261.903,-6.176392e-03,3.066220e-03,-1.708984e-02,5.371094e-03,2000,0,-1.235278e-04
2026-07-20T18:17:53.408,1784560673.408,262.003,-6.655029e-03,3.174992e-03,-1.977539e-02,5.615234e-03,2000,0,-1.331006e-04
2026-07-20T18:17:53.508,1784560673.508,262.103,-6.219604e-03,3.226385e-03,-1.660156e-02,4.638672e-03,2000,0,-1.243921e-04
2026-07-20T18:17:53.608,1784560673.608,262.203,-6.233643e-03,3.194213e-03,-1.684570e-02,3.662109e-03,2000,0,-1.246729e-04
2026-07-20T18:17:53.708,1784560673.708,262.303,-6.611938e-03,3.093134e-03,-1.684570e-02,3.173828e-03,2000,0,-1.322388e-04
2026-07-20T18:17:53.808,1784560673.808,262.403,-6.281372e-03,3.150320e-03,-1.586914e-02,3.417969e-03,2000,0,-1.256274e-04
2026-07-20T18:17:53.907,1784560673.907,262.503,-6.112671e-03,3.110586e-03,-1.635742e-02,3.906250e-03,2000,0,-1.222534e-04
2026-07-20T18:17:54.007,1784560674.007,262.603,-6.541260e-03,3.324601e-03,-2.124023e-02,4.882812e-03,2000,0,-1.308252e-04
2026-07-20T18:17:54.108,1784560674.108,262.703,-6.132813e-03,3.218164e-03,-1.586914e-02,3.906250e-03,2000,0,-1.226563e-04
2026-07-20T18:17:54.208,1784560674.208,262.803,-6.432251e-03,3.136845e-03,-1.757812e-02,3.417969e-03,2000,0,-1.286450e-04
2026-07-20T18:17:54.308,1784560674.308,262.903,-6.273438e-03,3.043745e-03,-1.635742e-02,2.441406e-03,2000,0,-1.254688e-04
2026-07-20T18:17:54.408,1784560674.408,263.003,-6.107422e-03,3.173356e-03,-1.660156e-02,4.150391e-03,2000,0,-1.221484e-04
2026-07-20T18:17:54.507,1784560674.507,263.103,-6.253662e-03,3.284311e-03,-1.660156e-02,3.173828e-03,2000,0,-1.250732e-04
2026-07-20T18:17:54.607,1784560674.607,263.203,-6.458496e-03,3.164706e-03,-1.562500e-02,2.929688e-03,2000,0,-1.291699e-04
2026-07-20T18:17:54.708,1784560674.708,263.303,-6.375977e-03,3.161216e-03,-1.660156e-02,4.394531e-03,2000,0,-1.275195e-04
2026-07-20T18:17:54.807,1784560674.807,263.403,-6.078491e-03,3.188920e-03,-1.708984e-02,4.638672e-03,2000,0,-1.215698e-04
2026-07-20T18:17:54.907,1784560674.907,263.503,-6.307495e-03,3.244412e-03,-1.611328e-02,3.906250e-03,2000,0,-1.261499e-04
2026-07-20T18:17:55.007,1784560675.007,263.603,-6.026489e-03,3.161805e-03,-1.782227e-02,4.394531e-03,2000,0,-1.205298e-04
2026-07-20T18:17:55.107,1784560675.107,263.703,-6.334473e-03,3.057057e-03,-1.782227e-02,4.882812e-03,2000,0,-1.266895e-04
2026-07-20T18:17:55.208,1784560675.208,263.803,-7.383057e-03,2.913519e-03,-1.538086e-02,2.685547e-03,2000,0,-1.476611e-04
2026-07-20T18:17:55.308,1784560675.308,263.903,-6.070679e-03,2.863327e-03,-1.586914e-02,3.173828e-03,2000,0,-1.214136e-04
2026-07-20T18:17:55.407,1784560675.407,264.003,-6.243042e-03,2.950628e-03,-1.562500e-02,4.882812e-03,2000,0,-1.248608e-04
2026-07-20T18:17:55.508,1784560675.508,264.103,-7.237427e-03,3.014906e-03,-1.708984e-02,3.662109e-03,2000,0,-1.447485e-04
2026-07-20T18:17:55.608,1784560675.608,264.203,-6.644409e-03,2.841151e-03,-1.586914e-02,5.371094e-03,2000,0,-1.328882e-04
2026-07-20T18:17:55.707,1784560675.707,264.303,-6.525146e-03,2.844175e-03,-1.782227e-02,3.662109e-03,2000,0,-1.305029e-04
2026-07-20T18:17:55.807,1784560675.807,264.403,-6.671143e-03,2.738387e-03,-1.611328e-02,3.417969e-03,2000,0,-1.334229e-04
2026-07-20T18:17:55.907,1784560675.907,264.503,-6.159424e-03,2.850529e-03,-1.538086e-02,3.417969e-03,2000,0,-1.231885e-04
2026-07-20T18:17:56.007,1784560676.007,264.603,-6.430420e-03,2.693858e-03,-1.464844e-02,5.859375e-03,2000,0,-1.286084e-04
2026-07-20T18:17:56.107,1784560676.107,264.703,-6.643677e-03,2.577717e-03,-1.879883e-02,3.173828e-03,2000,0,-1.328735e-04
2026-07-20T18:17:56.207,1784560676.207,264.803,-6.643066e-03,2.556269e-03,-1.513672e-02,2.685547e-03,2000,0,-1.328613e-04
2026-07-20T18:17:56.308,1784560676.308,264.903,-6.865356e-03,2.532245e-03,-1.611328e-02,2.685547e-03,2000,0,-1.373071e-04
2026-07-20T18:17:56.407,1784560676.407,265.003,-6.778564e-03,2.632055e-03,-1.782227e-02,3.173828e-03,2000,0,-1.355713e-04
2026-07-20T18:17:56.508,1784560676.508,265.103,-7.066284e-03,2.533673e-03,-1.660156e-02,4.394531e-03,2000,0,-1.413257e-04
2026-07-20T18:17:56.607,1784560676.607,265.203,-6.307861e-03,2.666921e-03,-1.855469e-02,2.685547e-03,2000,0,-1.261572e-04
2026-07-20T18:17:56.707,1784560676.707,265.303,-6.540405e-03,2.636551e-03,-1.733398e-02,4.638672e-03,2000,0,-1.308081e-04
2026-07-20T18:17:56.808,1784560676.808,265.403,-6.651611e-03,2.529584e-03,-1.806641e-02,1.953125e-03,2000,0,-1.330322e-04
2026-07-20T18:17:56.908,1784560676.908,265.503,-6.142578e-03,2.600704e-03,-1.513672e-02,3.906250e-03,2000,0,-1.228516e-04
2026-07-20T18:17:57.008,1784560677.008,265.603,-6.849609e-03,2.738610e-03,-1.586914e-02,1.953125e-03,2000,0,-1.369922e-04
2026-07-20T18:17:57.107,1784560677.107,265.703,-6.733643e-03,2.637097e-03,-1.904297e-02,2.441406e-03,2000,0,-1.346729e-04
2026-07-20T18:17:57.207,1784560677.207,265.803,-5.915894e-03,2.756865e-03,-1.708984e-02,3.417969e-03,2000,0,-1.183179e-04
2026-07-20T18:17:57.308,1784560677.308,265.903,-6.448364e-03,2.648553e-03,-1.464844e-02,2.197266e-03,2000,0,-1.289673e-04
2026-07-20T18:17:57.408,1784560677.408,266.003,-6.450684e-03,2.804706e-03,-1.586914e-02,5.859375e-03,2000,0,-1.290137e-04
2026-07-20T18:17:57.507,1784560677.507,266.103,-6.075073e-03,2.844410e-03,-1.538086e-02,7.324219e-03,2000,0,-1.215015e-04
2026-07-20T18:17:57.607,1784560677.607,266.203,-6.496460e-03,2.927357e-03,-1.977539e-02,2.197266e-03,2000,0,-1.299292e-04
2026-07-20T18:17:57.707,1784560677.707,266.303,-6.661377e-03,2.842292e-03,-1.635742e-02,2.441406e-03,2000,0,-1.332275e-04
2026-07-20T18:17:57.807,1784560677.807,266.403,-6.252319e-03,2.936861e-03,-1.562500e-02,2.929688e-03,2000,0,-1.250464e-04
2026-07-20T18:17:57.907,1784560677.907,266.503,-7.027710e-03,2.994178e-03,-1.586914e-02,1.147461e-02,2000,0,-1.405542e-04
2026-07-20T18:17:58.007,1784560678.007,266.603,-6.766479e-03,3.077020e-03,-1.635742e-02,3.662109e-03,2000,0,-1.353296e-04
2026-07-20T18:17:58.107,1784560678.107,266.703,-6.672607e-03,3.158914e-03,-2.026367e-02,4.638672e-03,2000,0,-1.334521e-04
2026-07-20T18:17:58.207,1784560678.207,266.803,-6.989868e-03,3.079812e-03,-1.806641e-02,3.173828e-03,2000,0,-1.397974e-04
2026-07-20T18:17:58.307,1784560678.307,266.903,-6.786133e-03,3.165256e-03,-1.635742e-02,5.371094e-03,2000,0,-1.357227e-04
2026-07-20T18:17:58.407,1784560678.408,267.003,-6.985596e-03,3.121577e-03,-1.879883e-02,3.417969e-03,2000,0,-1.397119e-04
2026-07-20T18:17:58.508,1784560678.508,267.103,-6.482666e-03,3.165650e-03,-1.562500e-02,4.638672e-03,2000,0,-1.296533e-04
2026-07-20T18:17:58.605,1784560678.605,267.203,-6.666870e-03,3.209005e-03,-1.562500e-02,3.906250e-03,2000,0,-1.333374e-04
2026-07-20T18:17:58.707,1784560678.707,267.303,-6.572754e-03,3.216250e-03,-1.757812e-02,5.859375e-03,2000,0,-1.314551e-04
2026-07-20T18:17:58.808,1784560678.808,267.403,-6.655640e-03,3.102663e-03,-1.782227e-02,3.906250e-03,2000,0,-1.331128e-04
2026-07-20T18:17:58.907,1784560678.907,267.503,-6.959229e-03,3.221703e-03,-1.953125e-02,4.150391e-03,2000,0,-1.391846e-04
2026-07-20T18:17:59.007,1784560679.008,267.603,-6.394775e-03,3.058438e-03,-1.855469e-02,2.929688e-03,2000,0,-1.278955e-04
2026-07-20T18:17:59.107,1784560679.107,267.703,-6.729980e-03,3.083774e-03,-1.635742e-02,2.929688e-03,2000,0,-1.345996e-04
2026-07-20T18:17:59.208,1784560679.208,267.803,-6.782104e-03,3.036985e-03,-1.684570e-02,1.025391e-02,2000,0,-1.356421e-04
2026-07-20T18:17:59.307,1784560679.307,267.903,-6.064575e-03,3.019202e-03,-1.806641e-02,7.324219e-03,2000,0,-1.212915e-04
2026-07-20T18:17:59.407,1784560679.407,268.003,-6.360107e-03,3.137567e-03,-1.635742e-02,2.929688e-03,2000,0,-1.272021e-04
2026-07-20T18:17:59.507,1784560679.507,268.103,-6.569092e-03,3.036911e-03,-2.001953e-02,3.173828e-03,2000,0,-1.313818e-04
2026-07-20T18:17:59.607,1784560679.608,268.203,-6.434937e-03,3.075394e-03,-1.684570e-02,4.150391e-03,2000,0,-1.286987e-04
2026-07-20T18:17:59.707,1784560679.707,268.303,-6.548096e-03,2.980286e-03,-1.879883e-02,3.173828e-03,2000,0,-1.309619e-04
2026-07-20T18:17:59.807,1784560679.808,268.403,-6.570557e-03,3.102425e-03,-1.611328e-02,4.394531e-03,2000,0,-1.314111e-04
2026-07-20T18:17:59.907,1784560679.907,268.503,-6.612793e-03,3.073095e-03,-1.538086e-02,9.765625e-03,2000,0,-1.322559e-04
2026-07-20T18:18:00.007,1784560680.007,268.603,-7.516479e-03,3.015204e-03,-1.855469e-02,1.708984e-03,2000,0,-1.503296e-04
2026-07-20T18:18:00.107,1784560680.107,268.703,-6.893921e-03,3.053926e-03,-1.733398e-02,3.173828e-03,2000,0,-1.378784e-04
2026-07-20T18:18:00.207,1784560680.207,268.803,-6.491699e-03,2.935804e-03,-1.928711e-02,1.953125e-03,2000,0,-1.298340e-04
2026-07-20T18:18:00.308,1784560680.308,268.903,-6.471436e-03,2.926990e-03,-1.586914e-02,6.835938e-03,2000,0,-1.294287e-04
2026-07-20T18:18:00.407,1784560680.408,269.003,-6.609619e-03,2.991731e-03,-1.562500e-02,2.685547e-03,2000,0,-1.321924e-04
2026-07-20T18:18:00.507,1784560680.508,269.103,-6.436035e-03,3.148694e-03,-1.757812e-02,4.638672e-03,2000,0,-1.287207e-04
2026-07-20T18:18:00.607,1784560680.608,269.203,-6.513184e-03,3.210039e-03,-1.733398e-02,3.417969e-03,2000,0,-1.302637e-04
2026-07-20T18:18:00.707,1784560680.707,269.303,-6.176514e-03,3.117768e-03,-1.611328e-02,4.394531e-03,2000,0,-1.235303e-04
2026-07-20T18:18:00.808,1784560680.808,269.403,-6.239746e-03,3.234137e-03,-1.831055e-02,3.662109e-03,2000,0,-1.247949e-04
2026-07-20T18:18:00.907,1784560680.907,269.503,-6.059937e-03,3.158491e-03,-1.562500e-02,4.882812e-03,2000,0,-1.211987e-04
2026-07-20T18:18:01.008,1784560681.008,269.603,-6.000366e-03,3.129527e-03,-1.586914e-02,7.812500e-03,2000,0,-1.200073e-04
2026-07-20T18:18:01.107,1784560681.107,269.703,-5.877075e-03,3.192863e-03,-2.001953e-02,5.126953e-03,2000,0,-1.175415e-04
2026-07-20T18:18:01.205,1784560681.205,269.803,-6.042969e-03,3.131102e-03,-1.953125e-02,3.662109e-03,2000,0,-1.208594e-04
2026-07-20T18:18:01.307,1784560681.308,269.903,-6.391724e-03,3.209060e-03,-1.757812e-02,6.347656e-03,2000,0,-1.278345e-04
2026-07-20T18:18:01.407,1784560681.407,270.003,-5.885376e-03,3.159779e-03,-1.635742e-02,5.371094e-03,2000,0,-1.177075e-04
2026-07-20T18:18:01.507,1784560681.507,270.103,-6.253052e-03,3.309824e-03,-1.733398e-02,4.150391e-03,2000,0,-1.250610e-04
2026-07-20T18:18:01.607,1784560681.608,270.203,-6.469849e-03,3.288856e-03,-1.733398e-02,4.638672e-03,2000,0,-1.293970e-04
2026-07-20T18:18:01.705,1784560681.705,270.303,-5.774780e-03,3.249762e-03,-1.611328e-02,7.080078e-03,2000,0,-1.154956e-04
2026-07-20T18:18:01.805,1784560681.805,270.403,-5.933472e-03,3.138574e-03,-1.635742e-02,4.150391e-03,2000,0,-1.186694e-04
2026-07-20T18:18:01.907,1784560681.908,270.503,-6.112671e-03,3.067286e-03,-1.513672e-02,4.638672e-03,2000,0,-1.222534e-04
2026-07-20T18:18:02.007,1784560682.007,270.603,-6.008423e-03,3.061097e-03,-1.562500e-02,7.324219e-03,2000,0,-1.201685e-04
2026-07-20T18:18:02.108,1784560682.108,270.703,-6.328125e-03,3.127170e-03,-1.562500e-02,4.638672e-03,2000,0,-1.265625e-04
2026-07-20T18:18:02.207,1784560682.207,270.803,-6.156860e-03,3.135090e-03,-1.586914e-02,6.347656e-03,2000,0,-1.231372e-04
2026-07-20T18:18:02.307,1784560682.308,270.903,-5.660034e-03,3.112442e-03,-1.733398e-02,5.615234e-03,2000,0,-1.132007e-04
2026-07-20T18:18:02.407,1784560682.407,271.003,-5.842896e-03,3.068790e-03,-1.538086e-02,5.126953e-03,2000,0,-1.168579e-04
2026-07-20T18:18:02.508,1784560682.508,271.103,-6.191162e-03,3.137308e-03,-1.562500e-02,5.126953e-03,2000,0,-1.238232e-04
2026-07-20T18:18:02.605,1784560682.605,271.203,-5.608398e-03,3.042948e-03,-1.660156e-02,6.347656e-03,2000,0,-1.121680e-04
2026-07-20T18:18:02.705,1784560682.705,271.303,-5.703491e-03,2.978104e-03,-1.586914e-02,2.929688e-03,2000,0,-1.140698e-04
2026-07-20T18:18:02.807,1784560682.808,271.403,-5.640991e-03,3.119496e-03,-1.562500e-02,5.126953e-03,2000,0,-1.128198e-04
2026-07-20T18:18:02.907,1784560682.907,271.503,-5.627075e-03,3.120726e-03,-1.416016e-02,5.371094e-03,2000,0,-1.125415e-04
2026-07-20T18:18:03.007,1784560683.007,271.603,-5.473999e-03,3.172653e-03,-1.538086e-02,5.859375e-03,2000,0,-1.094800e-04
2026-07-20T18:18:03.107,1784560683.108,271.703,-6.197144e-03,3.176301e-03,-1.684570e-02,5.371094e-03,2000,0,-1.239429e-04
2026-07-20T18:18:03.208,1784560683.208,271.803,-5.866699e-03,3.244078e-03,-2.392578e-02,4.150391e-03,2000,0,-1.173340e-04
2026-07-20T18:18:03.305,1784560683.305,271.903,-5.844482e-03,3.237062e-03,-1.538086e-02,6.591797e-03,2000,0,-1.168896e-04
2026-07-20T18:18:03.407,1784560683.407,272.003,-6.025635e-03,3.088473e-03,-1.855469e-02,3.417969e-03,2000,0,-1.205127e-04
2026-07-20T18:18:03.505,1784560683.505,272.103,-5.674194e-03,3.257683e-03,-1.757812e-02,3.906250e-03,2000,0,-1.134839e-04
2026-07-20T18:18:03.607,1784560683.607,272.203,-5.604736e-03,3.290189e-03,-1.489258e-02,5.126953e-03,2000,0,-1.120947e-04
2026-07-20T18:18:03.707,1784560683.708,272.303,-5.343750e-03,3.372663e-03,-1.757812e-02,6.835938e-03,2000,0,-1.068750e-04
2026-07-20T18:18:03.805,1784560683.805,272.403,-5.586792e-03,3.335339e-03,-1.586914e-02,4.882812e-03,2000,0,-1.117358e-04
2026-07-20T18:18:03.907,1784560683.908,272.503,-5.284302e-03,3.228192e-03,-1.489258e-02,6.835938e-03,2000,0,-1.056860e-04
2026-07-20T18:18:04.007,1784560684.008,272.603,-5.640381e-03,3.441148e-03,-1.635742e-02,5.615234e-03,2000,0,-1.128076e-04
2026-07-20T18:18:04.105,1784560684.105,272.703,-5.179443e-03,3.234387e-03,-1.586914e-02,6.591797e-03,2000,0,-1.035889e-04
2026-07-20T18:18:04.205,1784560684.205,272.803,-5.158203e-03,3.247810e-03,-1.660156e-02,5.371094e-03,2000,0,-1.031641e-04
2026-07-20T18:18:04.307,1784560684.308,272.903,-5.503906e-03,3.398452e-03,-1.562500e-02,5.859375e-03,2000,0,-1.100781e-04
2026-07-20T18:18:04.408,1784560684.408,273.003,-5.309937e-03,3.441653e-03,-1.684570e-02,7.324219e-03,2000,0,-1.061987e-04
2026-07-20T18:18:04.507,1784560684.508,273.103,-6.380127e-03,3.396726e-03,-1.806641e-02,3.906250e-03,2000,0,-1.276025e-04
2026-07-20T18:18:04.605,1784560684.605,273.203,-5.404785e-03,3.228357e-03,-1.611328e-02,4.882812e-03,2000,0,-1.080957e-04
2026-07-20T18:18:04.705,1784560684.705,273.303,-5.182861e-03,3.329057e-03,-1.684570e-02,4.638672e-03,2000,0,-1.036572e-04
2026-07-20T18:18:04.805,1784560684.805,273.403,-5.561157e-03,3.238951e-03,-1.904297e-02,5.615234e-03,2000,0,-1.112231e-04
2026-07-20T18:18:04.907,1784560684.908,273.503,-5.729858e-03,3.388687e-03,-1.586914e-02,5.615234e-03,2000,0,-1.145972e-04
2026-07-20T18:18:05.005,1784560685.005,273.603,-5.515991e-03,3.155665e-03,-1.953125e-02,4.638672e-03,2000,0,-1.103198e-04
2026-07-20T18:18:05.105,1784560685.105,273.703,-5.450806e-03,3.360318e-03,-1.635742e-02,3.906250e-03,2000,0,-1.090161e-04
2026-07-20T18:18:05.205,1784560685.205,273.803,-5.993164e-03,3.236652e-03,-1.611328e-02,3.173828e-03,2000,0,-1.198633e-04
2026-07-20T18:18:05.305,1784560685.305,273.903,-5.661865e-03,3.310681e-03,-1.708984e-02,4.638672e-03,2000,0,-1.132373e-04
2026-07-20T18:18:05.407,1784560685.408,274.003,-5.737183e-03,3.292587e-03,-1.611328e-02,1.733398e-02,2000,0,-1.147437e-04
2026-07-20T18:18:05.507,1784560685.507,274.103,-5.905029e-03,3.245482e-03,-1.806641e-02,6.103516e-03,2000,0,-1.181006e-04
2026-07-20T18:18:05.607,1784560685.608,274.203,-5.834351e-03,3.276227e-03,-1.635742e-02,4.638672e-03,2000,0,-1.166870e-04
2026-07-20T18:18:05.707,1784560685.708,274.303,-5.767090e-03,3.304767e-03,-1.562500e-02,5.126953e-03,2000,0,-1.153418e-04
2026-07-20T18:18:05.807,1784560685.807,274.403,-5.956177e-03,3.336700e-03,-1.806641e-02,3.417969e-03,2000,0,-1.191235e-04
2026-07-20T18:18:05.907,1784560685.908,274.503,-5.523682e-03,3.219736e-03,-1.611328e-02,7.324219e-03,2000,0,-1.104736e-04
2026-07-20T18:18:06.007,1784560686.008,274.603,-5.688721e-03,3.371417e-03,-1.977539e-02,3.417969e-03,2000,0,-1.137744e-04
2026-07-20T18:18:06.107,1784560686.108,274.703,-6.312134e-03,3.314539e-03,-1.904297e-02,5.126953e-03,2000,0,-1.262427e-04
2026-07-20T18:18:06.207,1784560686.208,274.803,-5.803833e-03,3.329802e-03,-1.708984e-02,5.859375e-03,2000,0,-1.160767e-04
2026-07-20T18:18:06.307,1784560686.308,274.903,-5.787964e-03,3.390787e-03,-1.660156e-02,4.638672e-03,2000,0,-1.157593e-04
2026-07-20T18:18:06.407,1784560686.407,275.003,-6.251343e-03,3.336831e-03,-1.757812e-02,5.371094e-03,2000,0,-1.250269e-04
2026-07-20T18:18:06.507,1784560686.508,275.103,-5.776245e-03,3.351399e-03,-2.221680e-02,5.859375e-03,2000,0,-1.155249e-04
2026-07-20T18:18:06.607,1784560686.608,275.203,-6.129272e-03,3.375842e-03,-1.708984e-02,5.371094e-03,2000,0,-1.225854e-04
2026-07-20T18:18:06.707,1784560686.708,275.303,-6.015625e-03,3.281094e-03,-1.708984e-02,4.638672e-03,2000,0,-1.203125e-04
2026-07-20T18:18:06.807,1784560686.808,275.403,-5.739136e-03,3.427989e-03,-1.513672e-02,6.835938e-03,2000,0,-1.147827e-04
2026-07-20T18:18:06.907,1784560686.908,275.503,-6.125732e-03,3.382063e-03,-1.586914e-02,5.859375e-03,2000,0,-1.225146e-04
2026-07-20T18:18:07.005,1784560687.005,275.603,-6.527588e-03,3.329749e-03,-1.684570e-02,5.126953e-03,2000,0,-1.305518e-04
2026-07-20T18:18:07.107,1784560687.108,275.703,-5.901001e-03,3.462336e-03,-2.099609e-02,5.126953e-03,2000,0,-1.180200e-04
2026-07-20T18:18:07.207,1784560687.208,275.803,-6.208862e-03,3.408821e-03,-1.611328e-02,7.812500e-03,2000,0,-1.241772e-04
2026-07-20T18:18:07.307,1784560687.308,275.903,-6.313843e-03,3.352792e-03,-1.660156e-02,3.906250e-03,2000,0,-1.262769e-04
2026-07-20T18:18:07.405,1784560687.405,276.003,-6.005127e-03,3.486398e-03,-1.879883e-02,7.080078e-03,2000,0,-1.201025e-04
2026-07-20T18:18:07.505,1784560687.505,276.103,-6.401733e-03,3.510344e-03,-1.757812e-02,7.324219e-03,2000,0,-1.280347e-04
2026-07-20T18:18:07.607,1784560687.608,276.203,-7.179077e-03,3.553333e-03,-2.075195e-02,3.662109e-03,2000,0,-1.435815e-04
2026-07-20T18:18:07.705,1784560687.705,276.303,-6.473145e-03,3.473271e-03,-1.953125e-02,1.440430e-02,2000,0,-1.294629e-04
2026-07-20T18:18:07.807,1784560687.808,276.403,-5.904175e-03,3.452444e-03,-1.708984e-02,5.859375e-03,2000,0,-1.180835e-04
2026-07-20T18:18:07.905,1784560687.905,276.503,-6.526245e-03,3.324998e-03,-1.855469e-02,5.859375e-03,2000,0,-1.305249e-04
2026-07-20T18:18:08.005,1784560688.005,276.603,-6.663330e-03,3.423746e-03,-1.733398e-02,5.615234e-03,2000,0,-1.332666e-04
2026-07-20T18:18:08.105,1784560688.105,276.703,-6.500610e-03,3.424084e-03,-1.513672e-02,8.789062e-03,2000,0,-1.300122e-04
2026-07-20T18:18:08.205,1784560688.205,276.803,-6.785278e-03,3.349743e-03,-2.197266e-02,5.371094e-03,2000,0,-1.357056e-04
2026-07-20T18:18:08.305,1784560688.305,276.903,-6.447266e-03,3.241334e-03,-2.416992e-02,3.417969e-03,2000,0,-1.289453e-04
2026-07-20T18:18:08.407,1784560688.408,277.003,-6.425171e-03,3.409201e-03,-1.586914e-02,4.638672e-03,2000,0,-1.285034e-04
2026-07-20T18:18:08.507,1784560688.508,277.103,-6.783936e-03,3.340069e-03,-1.586914e-02,1.074219e-02,2000,0,-1.356787e-04
2026-07-20T18:18:08.607,1784560688.608,277.203,-6.642090e-03,3.365207e-03,-2.197266e-02,4.150391e-03,2000,0,-1.328418e-04
2026-07-20T18:18:08.707,1784560688.708,277.303,-6.544067e-03,3.325266e-03,-1.611328e-02,4.638672e-03,2000,0,-1.308813e-04
2026-07-20T18:18:08.805,1784560688.805,277.403,-7.117920e-03,3.317888e-03,-1.733398e-02,4.150391e-03,2000,0,-1.423584e-04
2026-07-20T18:18:08.905,1784560688.905,277.503,-6.921997e-03,3.252776e-03,-1.733398e-02,3.662109e-03,2000,0,-1.384399e-04
2026-07-20T18:18:09.005,1784560689.005,277.603,-6.922607e-03,3.219371e-03,-1.660156e-02,4.394531e-03,2000,0,-1.384521e-04
2026-07-20T18:18:09.107,1784560689.107,277.703,-7.986816e-03,3.280311e-03,-1.977539e-02,1.708984e-03,2000,0,-1.597363e-04
2026-07-20T18:18:09.205,1784560689.205,277.803,-6.914307e-03,3.274225e-03,-1.953125e-02,2.441406e-03,2000,0,-1.382861e-04
2026-07-20T18:18:09.307,1784560689.308,277.903,-7.197388e-03,3.295343e-03,-1.684570e-02,1.708984e-03,2000,0,-1.439478e-04
2026-07-20T18:18:09.405,1784560689.405,278.003,-7.526978e-03,3.224161e-03,-1.904297e-02,6.835938e-03,2000,0,-1.505396e-04
2026-07-20T18:18:09.505,1784560689.505,278.103,-6.943848e-03,3.255024e-03,-1.879883e-02,4.150391e-03,2000,0,-1.388770e-04
2026-07-20T18:18:09.607,1784560689.608,278.203,-7.623413e-03,3.348419e-03,-1.879883e-02,5.126953e-03,2000,0,-1.524683e-04
2026-07-20T18:18:09.705,1784560689.705,278.303,-7.720825e-03,3.167977e-03,-1.733398e-02,1.220703e-03,2000,0,-1.544165e-04
2026-07-20T18:18:09.805,1784560689.805,278.403,-7.364990e-03,3.244473e-03,-1.928711e-02,2.197266e-03,2000,0,-1.472998e-04
2026-07-20T18:18:09.905,1784560689.905,278.503,-7.567139e-03,3.284131e-03,-1.782227e-02,1.464844e-03,2000,0,-1.513428e-04
2026-07-20T18:18:10.007,1784560690.008,278.603,-7.269165e-03,3.237047e-03,-1.782227e-02,1.708984e-03,2000,0,-1.453833e-04
2026-07-20T18:18:10.105,1784560690.105,278.703,-7.476196e-03,3.256062e-03,-1.855469e-02,2.197266e-03,2000,0,-1.495239e-04
2026-07-20T18:18:10.205,1784560690.205,278.803,-7.301636e-03,3.287423e-03,-1.977539e-02,7.324219e-03,2000,0,-1.460327e-04
2026-07-20T18:18:10.305,1784560690.305,278.903,-7.662720e-03,3.201475e-03,-2.246094e-02,6.591797e-03,2000,0,-1.532544e-04
2026-07-20T18:18:10.405,1784560690.405,279.003,-7.453857e-03,3.288820e-03,-1.757812e-02,2.929688e-03,2000,0,-1.490771e-04
2026-07-20T18:18:10.507,1784560690.508,279.103,-7.100830e-03,3.334551e-03,-1.806641e-02,1.049805e-02,2000,0,-1.420166e-04
2026-07-20T18:18:10.607,1784560690.608,279.203,-8.418213e-03,3.210126e-03,-2.148438e-02,2.929688e-03,2000,0,-1.683643e-04
2026-07-20T18:18:10.705,1784560690.705,279.303,-7.737793e-03,3.281938e-03,-1.708984e-02,1.708984e-03,2000,0,-1.547559e-04
2026-07-20T18:18:10.805,1784560690.805,279.403,-7.113525e-03,3.217327e-03,-1.660156e-02,3.417969e-03,2000,0,-1.422705e-04
2026-07-20T18:18:10.905,1784560690.905,279.503,-7.576050e-03,3.181177e-03,-1.684570e-02,9.765625e-04,2000,0,-1.515210e-04
2026-07-20T18:18:11.007,1784560691.008,279.603,-7.203247e-03,3.344931e-03,-1.831055e-02,1.245117e-02,2000,0,-1.440649e-04
2026-07-20T18:18:11.105,1784560691.105,279.703,-7.388062e-03,3.237549e-03,-1.806641e-02,2.929688e-03,2000,0,-1.477612e-04
2026-07-20T18:18:11.205,1784560691.205,279.803,-7.968994e-03,3.239141e-03,-1.953125e-02,3.173828e-03,2000,0,-1.593799e-04
2026-07-20T18:18:11.305,1784560691.305,279.903,-7.683105e-03,3.214194e-03,-1.904297e-02,3.662109e-03,2000,0,-1.536621e-04
2026-07-20T18:18:11.405,1784560691.405,280.003,-7.445435e-03,3.182230e-03,-1.806641e-02,1.562500e-02,2000,0,-1.489087e-04
2026-07-20T18:18:11.505,1784560691.505,280.103,-8.042236e-03,3.051226e-03,-2.368164e-02,1.464844e-03,2000,0,-1.608447e-04
2026-07-20T18:18:11.605,1784560691.605,280.203,-7.864502e-03,3.031767e-03,-1.879883e-02,1.708984e-03,2000,0,-1.572900e-04
2026-07-20T18:18:11.705,1784560691.705,280.303,-7.901245e-03,3.130977e-03,-1.904297e-02,1.464844e-03,2000,0,-1.580249e-04
2026-07-20T18:18:11.807,1784560691.808,280.403,-8.349976e-03,3.119940e-03,-2.075195e-02,3.173828e-03,2000,0,-1.669995e-04
2026-07-20T18:18:11.905,1784560691.905,280.503,-8.190552e-03,2.965657e-03,-1.928711e-02,1.220703e-03,2000,0,-1.638110e-04
2026-07-20T18:18:12.005,1784560692.005,280.603,-8.036377e-03,3.037556e-03,-2.026367e-02,1.953125e-03,2000,0,-1.607275e-04
2026-07-20T18:18:12.105,1784560692.105,280.703,-7.941772e-03,3.048926e-03,-1.977539e-02,2.441406e-04,2000,0,-1.588354e-04
2026-07-20T18:18:12.205,1784560692.205,280.803,-8.060059e-03,3.072826e-03,-2.197266e-02,2.685547e-03,2000,0,-1.612012e-04
2026-07-20T18:18:12.305,1784560692.305,280.903,-7.915161e-03,2.885724e-03,-1.855469e-02,2.929688e-03,2000,0,-1.583032e-04
2026-07-20T18:18:12.405,1784560692.405,281.003,-8.185547e-03,2.966095e-03,-2.026367e-02,7.324219e-04,2000,0,-1.637109e-04
2026-07-20T18:18:12.505,1784560692.505,281.103,-7.943848e-03,2.926202e-03,-1.953125e-02,4.882812e-04,2000,0,-1.588770e-04
2026-07-20T18:18:12.607,1784560692.607,281.203,-7.623047e-03,3.012351e-03,-1.635742e-02,1.953125e-03,2000,0,-1.524609e-04
2026-07-20T18:18:12.707,1784560692.708,281.303,-8.367920e-03,3.086051e-03,-1.953125e-02,2.441406e-03,2000,0,-1.673584e-04
2026-07-20T18:18:12.805,1784560692.805,281.403,-8.097534e-03,2.990762e-03,-1.782227e-02,0.000000e+00,2000,0,-1.619507e-04
2026-07-20T18:18:12.905,1784560692.905,281.503,-7.897461e-03,3.071556e-03,-1.855469e-02,7.080078e-03,2000,0,-1.579492e-04
2026-07-20T18:18:13.005,1784560693.005,281.603,-8.465698e-03,2.977497e-03,-1.733398e-02,1.953125e-03,2000,0,-1.693140e-04
2026-07-20T18:18:13.105,1784560693.105,281.703,-8.214844e-03,3.083392e-03,-1.879883e-02,2.197266e-03,2000,0,-1.642969e-04
2026-07-20T18:18:13.205,1784560693.205,281.803,-8.695801e-03,3.030582e-03,-1.806641e-02,1.953125e-03,2000,0,-1.739160e-04
2026-07-20T18:18:13.305,1784560693.305,281.903,-8.428467e-03,2.934541e-03,-1.855469e-02,7.324219e-04,2000,0,-1.685693e-04
2026-07-20T18:18:13.405,1784560693.405,282.003,-8.456665e-03,3.095207e-03,-2.001953e-02,1.220703e-03,2000,0,-1.691333e-04
2026-07-20T18:18:13.505,1784560693.505,282.103,-8.550537e-03,3.110331e-03,-1.904297e-02,7.324219e-04,2000,0,-1.710107e-04
2026-07-20T18:18:13.605,1784560693.605,282.203,-8.870483e-03,3.057907e-03,-1.977539e-02,1.464844e-03,2000,0,-1.774097e-04
2026-07-20T18:18:13.705,1784560693.705,282.303,-8.652954e-03,3.083668e-03,-1.904297e-02,3.173828e-03,2000,0,-1.730591e-04
2026-07-20T18:18:13.805,1784560693.805,282.403,-8.562866e-03,3.111065e-03,-1.806641e-02,1.953125e-03,2000,0,-1.712573e-04
2026-07-20T18:18:13.905,1784560693.905,282.503,-8.771240e-03,3.191373e-03,-1.928711e-02,1.953125e-03,2000,0,-1.754248e-04
2026-07-20T18:18:14.005,1784560694.005,282.603,-8.749023e-03,3.169375e-03,-2.099609e-02,7.324219e-04,2000,0,-1.749805e-04
2026-07-20T18:18:14.105,1784560694.105,282.703,-9.006592e-03,3.173472e-03,-1.879883e-02,7.324219e-04,2000,0,-1.801318e-04
2026-07-20T18:18:14.205,1784560694.205,282.803,-8.841553e-03,3.307856e-03,-1.904297e-02,4.394531e-03,2000,0,-1.768311e-04
2026-07-20T18:18:14.305,1784560694.305,282.903,-8.556396e-03,3.042846e-03,-1.953125e-02,2.929688e-03,2000,0,-1.711279e-04
2026-07-20T18:18:14.405,1784560694.405,283.003,-8.275513e-03,3.224836e-03,-2.124023e-02,2.685547e-03,2000,0,-1.655103e-04
2026-07-20T18:18:14.505,1784560694.505,283.103,-8.789917e-03,3.156413e-03,-2.246094e-02,9.765625e-04,2000,0,-1.757983e-04
2026-07-20T18:18:14.607,1784560694.607,283.203,-8.335937e-03,3.213778e-03,-2.026367e-02,1.220703e-03,2000,0,-1.667187e-04
2026-07-20T18:18:14.707,1784560694.708,283.303,-9.586792e-03,2.953031e-03,-2.416992e-02,-4.882812e-04,2000,0,-1.917358e-04
2026-07-20T18:18:14.805,1784560694.805,283.403,-9.082031e-03,2.864114e-03,-1.904297e-02,4.882812e-04,2000,0,-1.816406e-04
2026-07-20T18:18:14.907,1784560694.907,283.503,-8.737183e-03,2.925986e-03,-1.855469e-02,7.324219e-04,2000,0,-1.747437e-04
2026-07-20T18:18:15.007,1784560695.007,283.603,-8.766357e-03,2.874463e-03,-1.757812e-02,1.220703e-03,2000,0,-1.753271e-04
2026-07-20T18:18:15.107,1784560695.107,283.703,-9.098145e-03,2.816067e-03,-1.831055e-02,3.173828e-03,2000,0,-1.819629e-04
2026-07-20T18:18:15.207,1784560695.208,283.803,-8.982788e-03,2.730905e-03,-1.806641e-02,1.220703e-03,2000,0,-1.796558e-04
2026-07-20T18:18:15.307,1784560695.307,283.903,-8.921875e-03,2.735051e-03,-1.953125e-02,-2.441406e-04,2000,0,-1.784375e-04
2026-07-20T18:18:15.405,1784560695.405,284.003,-9.331177e-03,2.537770e-03,-1.977539e-02,-1.464844e-03,2000,0,-1.866235e-04
2026-07-20T18:18:15.505,1784560695.505,284.103,-9.118164e-03,2.530926e-03,-1.708984e-02,-2.441406e-04,2000,0,-1.823633e-04
2026-07-20T18:18:15.607,1784560695.607,284.203,-8.973999e-03,2.537979e-03,-1.806641e-02,7.812500e-03,2000,0,-1.794800e-04
2026-07-20T18:18:15.707,1784560695.707,284.303,-9.259033e-03,2.489150e-03,-1.782227e-02,2.197266e-03,2000,0,-1.851807e-04
2026-07-20T18:18:15.807,1784560695.808,284.403,-8.723145e-03,2.381242e-03,-1.733398e-02,-9.765625e-04,2000,0,-1.744629e-04
2026-07-20T18:18:15.907,1784560695.907,284.503,-8.615967e-03,2.395408e-03,-1.611328e-02,-7.324219e-04,2000,0,-1.723193e-04
2026-07-20T18:18:16.007,1784560696.007,284.603,-9.390015e-03,2.305785e-03,-1.855469e-02,-1.220703e-03,2000,0,-1.878003e-04
2026-07-20T18:18:16.107,1784560696.107,284.703,-8.593872e-03,2.434993e-03,-1.562500e-02,-1.220703e-03,2000,0,-1.718774e-04
2026-07-20T18:18:16.207,1784560696.207,284.803,-8.700073e-03,2.447413e-03,-2.026367e-02,2.929688e-03,2000,0,-1.740015e-04
2026-07-20T18:18:16.305,1784560696.305,284.903,-8.965210e-03,2.385467e-03,-1.733398e-02,-1.708984e-03,2000,0,-1.793042e-04
2026-07-20T18:18:16.407,1784560696.407,285.003,-8.519897e-03,2.518130e-03,-1.684570e-02,4.394531e-03,2000,0,-1.703979e-04
2026-07-20T18:18:16.507,1784560696.508,285.103,-8.432129e-03,2.306497e-03,-1.635742e-02,2.197266e-03,2000,0,-1.686426e-04
2026-07-20T18:18:16.607,1784560696.608,285.203,-8.459106e-03,2.566497e-03,-1.635742e-02,4.882812e-04,2000,0,-1.691821e-04
2026-07-20T18:18:16.707,1784560696.707,285.303,-8.461304e-03,2.524905e-03,-1.635742e-02,1.953125e-03,2000,0,-1.692261e-04
2026-07-20T18:18:16.807,1784560696.808,285.403,-8.673584e-03,2.603314e-03,-1.904297e-02,1.953125e-03,2000,0,-1.734717e-04
2026-07-20T18:18:16.905,1784560696.905,285.503,-8.294189e-03,2.590944e-03,-1.708984e-02,1.708984e-03,2000,0,-1.658838e-04
2026-07-20T18:18:17.007,1784560697.007,285.603,-8.795898e-03,2.647043e-03,-1.831055e-02,1.220703e-03,2000,0,-1.759180e-04
2026-07-20T18:18:17.107,1784560697.107,285.703,-8.322144e-03,2.763601e-03,-2.001953e-02,2.929688e-03,2000,0,-1.664429e-04
2026-07-20T18:18:17.207,1784560697.208,285.803,-8.722412e-03,2.672604e-03,-1.757812e-02,-4.882812e-04,2000,0,-1.744482e-04
2026-07-20T18:18:17.305,1784560697.306,285.903,-8.617676e-03,2.864480e-03,-1.831055e-02,1.464844e-03,2000,0,-1.723535e-04
2026-07-20T18:18:17.405,1784560697.405,286.003,-8.605469e-03,2.764816e-03,-1.806641e-02,1.049805e-02,2000,0,-1.721094e-04
2026-07-20T18:18:17.505,1784560697.505,286.103,-8.476440e-03,2.887956e-03,-1.855469e-02,2.197266e-03,2000,0,-1.695288e-04
2026-07-20T18:18:17.605,1784560697.606,286.203,-8.354370e-03,2.885297e-03,-2.172852e-02,1.708984e-03,2000,0,-1.670874e-04
2026-07-20T18:18:17.705,1784560697.705,286.303,-8.661621e-03,2.813825e-03,-1.684570e-02,7.324219e-04,2000,0,-1.732324e-04
2026-07-20T18:18:17.805,1784560697.805,286.403,-8.831909e-03,2.954149e-03,-2.026367e-02,2.197266e-03,2000,0,-1.766382e-04
2026-07-20T18:18:17.905,1784560697.905,286.503,-8.623779e-03,2.888026e-03,-1.733398e-02,1.708984e-03,2000,0,-1.724756e-04
2026-07-20T18:18:18.005,1784560698.005,286.603,-8.818481e-03,3.014173e-03,-2.026367e-02,4.882812e-04,2000,0,-1.763696e-04
2026-07-20T18:18:18.107,1784560698.108,286.703,-8.624512e-03,2.949646e-03,-1.757812e-02,3.906250e-03,2000,0,-1.724902e-04
2026-07-20T18:18:18.205,1784560698.206,286.803,-8.778809e-03,3.085403e-03,-1.831055e-02,4.882812e-04,2000,0,-1.755762e-04
2026-07-20T18:18:18.305,1784560698.305,286.903,-8.727417e-03,3.048961e-03,-1.904297e-02,6.103516e-03,2000,0,-1.745483e-04
2026-07-20T18:18:18.405,1784560698.405,287.003,-8.960083e-03,3.078843e-03,-1.928711e-02,4.394531e-03,2000,0,-1.792017e-04
2026-07-20T18:18:18.505,1784560698.505,287.103,-8.670044e-03,2.895562e-03,-1.831055e-02,2.929688e-03,2000,0,-1.734009e-04
2026-07-20T18:18:18.605,1784560698.605,287.203,-8.557983e-03,2.983810e-03,-1.757812e-02,1.953125e-03,2000,0,-1.711597e-04
2026-07-20T18:18:18.705,1784560698.705,287.303,-8.645874e-03,2.960154e-03,-1.855469e-02,9.765625e-04,2000,0,-1.729175e-04
2026-07-20T18:18:18.805,1784560698.805,287.403,-8.474365e-03,2.847170e-03,-1.782227e-02,-7.324219e-04,2000,0,-1.694873e-04
2026-07-20T18:18:18.905,1784560698.905,287.503,-8.707031e-03,2.890032e-03,-1.782227e-02,2.441406e-04,2000,0,-1.741406e-04
2026-07-20T18:18:19.005,1784560699.006,287.603,-8.177368e-03,2.813396e-03,-1.879883e-02,-7.324219e-04,2000,0,-1.635474e-04
2026-07-20T18:18:19.107,1784560699.108,287.703,-8.979614e-03,2.915752e-03,-1.855469e-02,2.441406e-04,2000,0,-1.795923e-04
2026-07-20T18:18:19.205,1784560699.205,287.803,-8.539307e-03,2.802735e-03,-2.294922e-02,5.859375e-03,2000,0,-1.707861e-04
2026-07-20T18:18:19.307,1784560699.308,287.903,-8.667480e-03,2.959423e-03,-1.806641e-02,1.464844e-03,2000,0,-1.733496e-04
2026-07-20T18:18:19.405,1784560699.405,288.003,-8.778687e-03,2.909217e-03,-1.757812e-02,6.347656e-03,2000,0,-1.755737e-04
2026-07-20T18:18:19.505,1784560699.505,288.103,-8.653931e-03,2.788040e-03,-1.855469e-02,9.765625e-04,2000,0,-1.730786e-04
2026-07-20T18:18:19.605,1784560699.605,288.203,-8.720703e-03,2.725025e-03,-2.416992e-02,1.220703e-03,2000,0,-1.744141e-04
2026-07-20T18:18:19.705,1784560699.705,288.303,-8.825073e-03,2.975700e-03,-1.904297e-02,-7.324219e-04,2000,0,-1.765015e-04
2026-07-20T18:18:19.805,1784560699.806,288.403,-8.665161e-03,2.860282e-03,-2.319336e-02,9.765625e-04,2000,0,-1.733032e-04
2026-07-20T18:18:19.905,1784560699.906,288.503,-8.819092e-03,2.985261e-03,-1.806641e-02,1.953125e-03,2000,0,-1.763818e-04
2026-07-20T18:18:20.005,1784560700.005,288.603,-8.457764e-03,2.901687e-03,-1.806641e-02,-2.441406e-04,2000,0,-1.691553e-04
2026-07-20T18:18:20.105,1784560700.106,288.703,-8.793091e-03,2.943806e-03,-2.490234e-02,2.441406e-04,2000,0,-1.758618e-04
2026-07-20T18:18:20.205,1784560700.206,288.803,-9.158203e-03,3.085679e-03,-1.831055e-02,-2.441406e-04,2000,0,-1.831641e-04
2026-07-20T18:18:20.305,1784560700.305,288.903,-8.759399e-03,2.751691e-03,-2.124023e-02,1.464844e-03,2000,0,-1.751880e-04
2026-07-20T18:18:20.405,1784560700.405,289.003,-8.845337e-03,2.898283e-03,-2.099609e-02,1.464844e-03,2000,0,-1.769067e-04
2026-07-20T18:18:20.505,1784560700.505,289.103,-9.072632e-03,2.960978e-03,-2.050781e-02,0.000000e+00,2000,0,-1.814526e-04
2026-07-20T18:18:20.605,1784560700.605,289.203,-9.025269e-03,3.033298e-03,-1.806641e-02,4.882812e-04,2000,0,-1.805054e-04
2026-07-20T18:18:20.705,1784560700.705,289.303,-8.553223e-03,3.186029e-03,-1.806641e-02,7.568359e-03,2000,0,-1.710645e-04
2026-07-20T18:18:20.805,1784560700.805,289.403,-8.791138e-03,2.948320e-03,-1.757812e-02,7.324219e-04,2000,0,-1.758228e-04
2026-07-20T18:18:20.907,1784560700.907,289.503,-8.260010e-03,3.203132e-03,-1.782227e-02,2.685547e-03,2000,0,-1.652002e-04
2026-07-20T18:18:21.007,1784560701.008,289.603,-8.569214e-03,3.115177e-03,-1.733398e-02,2.441406e-03,2000,0,-1.713843e-04
2026-07-20T18:18:21.105,1784560701.105,289.703,-8.414673e-03,3.143920e-03,-1.855469e-02,2.685547e-03,2000,0,-1.682935e-04
2026-07-20T18:18:21.205,1784560701.206,289.803,-8.522461e-03,3.146371e-03,-1.757812e-02,7.324219e-03,2000,0,-1.704492e-04
2026-07-20T18:18:21.305,1784560701.305,289.903,-8.778931e-03,3.040710e-03,-1.928711e-02,2.685547e-03,2000,0,-1.755786e-04
2026-07-20T18:18:21.405,1784560701.405,290.003,-8.870239e-03,3.258696e-03,-2.685547e-02,3.906250e-03,2000,0,-1.774048e-04
2026-07-20T18:18:21.505,1784560701.505,290.103,-8.812500e-03,3.147746e-03,-2.441406e-02,1.464844e-03,2000,0,-1.762500e-04
2026-07-20T18:18:21.607,1784560701.607,290.203,-9.113403e-03,3.091225e-03,-1.806641e-02,1.220703e-03,2000,0,-1.822681e-04
2026-07-20T18:18:21.705,1784560701.705,290.303,-9.223389e-03,3.027444e-03,-1.831055e-02,2.197266e-03,2000,0,-1.844678e-04
2026-07-20T18:18:21.805,1784560701.806,290.403,-8.841309e-03,2.964084e-03,-1.733398e-02,3.173828e-03,2000,0,-1.768262e-04
2026-07-20T18:18:21.905,1784560701.905,290.503,-8.657837e-03,2.974016e-03,-1.831055e-02,1.220703e-03,2000,0,-1.731567e-04
2026-07-20T18:18:22.005,1784560702.006,290.603,-8.996460e-03,3.050711e-03,-1.879883e-02,2.441406e-03,2000,0,-1.799292e-04
2026-07-20T18:18:22.105,1784560702.105,290.703,-8.583008e-03,3.012310e-03,-1.733398e-02,3.173828e-03,2000,0,-1.716602e-04
2026-07-20T18:18:22.205,1784560702.205,290.803,-8.094116e-03,3.151599e-03,-1.806641e-02,3.417969e-03,2000,0,-1.618823e-04
2026-07-20T18:18:22.307,1784560702.307,290.903,-8.836792e-03,3.034023e-03,-1.806641e-02,6.103516e-03,2000,0,-1.767358e-04
2026-07-20T18:18:22.405,1784560702.405,291.003,-8.328613e-03,3.077809e-03,-1.879883e-02,1.953125e-03,2000,0,-1.665723e-04
2026-07-20T18:18:22.505,1784560702.505,291.103,-8.404419e-03,3.158111e-03,-2.099609e-02,2.441406e-03,2000,0,-1.680884e-04
2026-07-20T18:18:22.605,1784560702.605,291.203,-8.427490e-03,3.219702e-03,-1.904297e-02,3.417969e-03,2000,0,-1.685498e-04
2026-07-20T18:18:22.707,1784560702.708,291.303,-8.378296e-03,3.088226e-03,-1.757812e-02,9.765625e-04,2000,0,-1.675659e-04
2026-07-20T18:18:22.807,1784560702.808,291.403,-8.365601e-03,3.215574e-03,-1.831055e-02,5.615234e-03,2000,0,-1.673120e-04
2026-07-20T18:18:22.905,1784560702.905,291.503,-8.437500e-03,3.251834e-03,-2.050781e-02,3.173828e-03,2000,0,-1.687500e-04
2026-07-20T18:18:23.007,1784560703.008,291.603,-7.902344e-03,3.219340e-03,-1.806641e-02,1.953125e-03,2000,0,-1.580469e-04
2026-07-20T18:18:23.105,1784560703.105,291.703,-8.337402e-03,3.108232e-03,-1.757812e-02,2.685547e-03,2000,0,-1.667480e-04
2026-07-20T18:18:23.205,1784560703.205,291.803,-8.586304e-03,3.304890e-03,-1.953125e-02,3.662109e-03,2000,0,-1.717261e-04
2026-07-20T18:18:23.305,1784560703.305,291.903,-8.153442e-03,3.370143e-03,-2.124023e-02,3.417969e-03,2000,0,-1.630688e-04
2026-07-20T18:18:23.407,1784560703.407,292.003,-8.307617e-03,3.289356e-03,-1.977539e-02,1.464844e-03,2000,0,-1.661523e-04
2026-07-20T18:18:23.505,1784560703.505,292.103,-8.384155e-03,3.254394e-03,-1.806641e-02,2.197266e-03,2000,0,-1.676831e-04
2026-07-20T18:18:23.607,1784560703.608,292.203,-8.329590e-03,3.358598e-03,-1.928711e-02,2.197266e-03,2000,0,-1.665918e-04
2026-07-20T18:18:23.707,1784560703.708,292.303,-8.039062e-03,3.429501e-03,-2.099609e-02,3.417969e-03,2000,0,-1.607812e-04
2026-07-20T18:18:23.807,1784560703.807,292.403,-8.117310e-03,3.350324e-03,-2.050781e-02,3.173828e-03,2000,0,-1.623462e-04
2026-07-20T18:18:23.907,1784560703.908,292.503,-7.829102e-03,3.402337e-03,-2.026367e-02,1.464844e-03,2000,0,-1.565820e-04
2026-07-20T18:18:24.005,1784560704.005,292.603,-8.063477e-03,3.388688e-03,-2.075195e-02,2.929688e-03,2000,0,-1.612695e-04
2026-07-20T18:18:24.105,1784560704.105,292.703,-8.286377e-03,3.375367e-03,-2.319336e-02,2.197266e-03,2000,0,-1.657275e-04
2026-07-20T18:18:24.207,1784560704.208,292.803,-8.273804e-03,3.389330e-03,-1.928711e-02,3.662109e-03,2000,0,-1.654761e-04
2026-07-20T18:18:24.307,1784560704.308,292.903,-7.716064e-03,3.389416e-03,-1.806641e-02,3.173828e-03,2000,0,-1.543213e-04
2026-07-20T18:18:24.407,1784560704.407,293.003,-8.027344e-03,3.420780e-03,-1.879883e-02,2.685547e-03,2000,0,-1.605469e-04
2026-07-20T18:18:24.507,1784560704.507,293.103,-7.431152e-03,3.424442e-03,-2.001953e-02,6.347656e-03,2000,0,-1.486230e-04
2026-07-20T18:18:24.605,1784560704.605,293.203,-7.636108e-03,3.265215e-03,-1.831055e-02,3.662109e-03,2000,0,-1.527222e-04
2026-07-20T18:18:24.705,1784560704.705,293.303,-7.906860e-03,3.321148e-03,-1.904297e-02,1.464844e-03,2000,0,-1.581372e-04
2026-07-20T18:18:24.805,1784560704.806,293.403,-7.481445e-03,3.163975e-03,-1.684570e-02,1.953125e-03,2000,0,-1.496289e-04
2026-07-20T18:18:24.907,1784560704.908,293.503,-7.481812e-03,3.227912e-03,-1.684570e-02,3.662109e-03,2000,0,-1.496362e-04
2026-07-20T18:18:25.007,1784560705.008,293.603,-7.780518e-03,3.231751e-03,-1.928711e-02,1.953125e-03,2000,0,-1.556104e-04
2026-07-20T18:18:25.107,1784560705.107,293.703,-7.479614e-03,3.204994e-03,-2.148438e-02,2.441406e-03,2000,0,-1.495923e-04
2026-07-20T18:18:25.207,1784560705.208,293.803,-7.149292e-03,3.315832e-03,-1.708984e-02,4.882812e-03,2000,0,-1.429858e-04
2026-07-20T18:18:25.307,1784560705.308,293.903,-7.578247e-03,3.300587e-03,-1.806641e-02,4.150391e-03,2000,0,-1.515649e-04
2026-07-20T18:18:25.405,1784560705.405,294.003,-7.467407e-03,3.138708e-03,-1.611328e-02,1.025391e-02,2000,0,-1.493481e-04
2026-07-20T18:18:25.507,1784560705.507,294.103,-7.305176e-03,3.260570e-03,-1.733398e-02,3.906250e-03,2000,0,-1.461035e-04
2026-07-20T18:18:25.607,1784560705.608,294.203,-7.527832e-03,3.347189e-03,-2.221680e-02,2.685547e-03,2000,0,-1.505566e-04
2026-07-20T18:18:25.707,1784560705.707,294.303,-8.030151e-03,3.286642e-03,-1.733398e-02,3.417969e-03,2000,0,-1.606030e-04
2026-07-20T18:18:25.805,1784560705.805,294.403,-7.736328e-03,3.210970e-03,-1.757812e-02,5.859375e-03,2000,0,-1.547266e-04
2026-07-20T18:18:25.905,1784560705.905,294.503,-7.901855e-03,3.401055e-03,-2.148438e-02,3.417969e-03,2000,0,-1.580371e-04
2026-07-20T18:18:26.005,1784560706.005,294.603,-7.668091e-03,3.300964e-03,-1.806641e-02,4.394531e-03,2000,0,-1.533618e-04
2026-07-20T18:18:26.105,1784560706.105,294.703,-7.606079e-03,3.399185e-03,-2.026367e-02,4.638672e-03,2000,0,-1.521216e-04
2026-07-20T18:18:26.207,1784560706.207,294.803,-7.358887e-03,3.501855e-03,-1.782227e-02,5.126953e-03,2000,0,-1.471777e-04
2026-07-20T18:18:26.307,1784560706.307,294.903,-6.886719e-03,3.338160e-03,-1.782227e-02,4.394531e-03,2000,0,-1.377344e-04
2026-07-20T18:18:26.407,1784560706.408,295.003,-7.128052e-03,3.489562e-03,-1.733398e-02,4.150391e-03,2000,0,-1.425610e-04
2026-07-20T18:18:26.505,1784560706.506,295.103,-7.235352e-03,3.408071e-03,-2.197266e-02,8.056641e-03,2000,0,-1.447070e-04
2026-07-20T18:18:26.605,1784560706.605,295.203,-7.193848e-03,3.487221e-03,-1.757812e-02,7.080078e-03,2000,0,-1.438770e-04
2026-07-20T18:18:26.707,1784560706.707,295.303,-6.963867e-03,3.544897e-03,-1.806641e-02,5.126953e-03,2000,0,-1.392773e-04
2026-07-20T18:18:26.807,1784560706.807,295.403,-7.621338e-03,3.442650e-03,-1.977539e-02,3.173828e-03,2000,0,-1.524268e-04
2026-07-20T18:18:26.905,1784560706.905,295.503,-6.986938e-03,3.506466e-03,-1.708984e-02,6.591797e-03,2000,0,-1.397388e-04
2026-07-20T18:18:27.007,1784560707.007,295.603,-6.947754e-03,3.492570e-03,-1.806641e-02,4.638672e-03,2000,0,-1.389551e-04
2026-07-20T18:18:27.107,1784560707.107,295.703,-7.829468e-03,3.469312e-03,-1.977539e-02,4.394531e-03,2000,0,-1.565894e-04
2026-07-20T18:18:27.205,1784560707.205,295.803,-7.441895e-03,3.444414e-03,-1.611328e-02,4.394531e-03,2000,0,-1.488379e-04
2026-07-20T18:18:27.305,1784560707.305,295.903,-8.008057e-03,3.361909e-03,-1.806641e-02,2.929688e-03,2000,0,-1.601611e-04
2026-07-20T18:18:27.407,1784560707.407,296.003,-7.484009e-03,3.494062e-03,-1.782227e-02,1.245117e-02,2000,0,-1.496802e-04
2026-07-20T18:18:27.507,1784560707.508,296.103,-6.968018e-03,3.307212e-03,-1.708984e-02,4.638672e-03,2000,0,-1.393604e-04
2026-07-20T18:18:27.605,1784560707.605,296.203,-7.196167e-03,3.335790e-03,-1.733398e-02,3.417969e-03,2000,0,-1.439233e-04
2026-07-20T18:18:27.707,1784560707.708,296.303,-7.333130e-03,3.307165e-03,-1.782227e-02,5.615234e-03,2000,0,-1.466626e-04
2026-07-20T18:18:27.807,1784560707.808,296.403,-7.233032e-03,3.185881e-03,-2.001953e-02,2.685547e-03,2000,0,-1.446606e-04
2026-07-20T18:18:27.907,1784560707.907,296.503,-7.189087e-03,3.275191e-03,-1.879883e-02,4.394531e-03,2000,0,-1.437817e-04
2026-07-20T18:18:28.005,1784560708.005,296.603,-8.122437e-03,3.254925e-03,-1.831055e-02,6.835938e-03,2000,0,-1.624487e-04
2026-07-20T18:18:28.107,1784560708.107,296.703,-7.325195e-03,3.190405e-03,-1.708984e-02,3.906250e-03,2000,0,-1.465039e-04
2026-07-20T18:18:28.205,1784560708.205,296.803,-7.198242e-03,3.141273e-03,-1.660156e-02,3.662109e-03,2000,0,-1.439648e-04
2026-07-20T18:18:28.307,1784560708.308,296.903,-7.864258e-03,3.332730e-03,-1.733398e-02,2.441406e-03,2000,0,-1.572852e-04
2026-07-20T18:18:28.405,1784560708.405,297.003,-7.125366e-03,3.227767e-03,-1.757812e-02,4.638672e-03,2000,0,-1.425073e-04
2026-07-20T18:18:28.507,1784560708.508,297.103,-7.178467e-03,3.252156e-03,-1.757812e-02,4.638672e-03,2000,0,-1.435693e-04
2026-07-20T18:18:28.605,1784560708.606,297.203,-7.592041e-03,3.265043e-03,-1.782227e-02,1.953125e-03,2000,0,-1.518408e-04
2026-07-20T18:18:28.705,1784560708.705,297.303,-7.466797e-03,3.151069e-03,-1.831055e-02,1.953125e-03,2000,0,-1.493359e-04
2026-07-20T18:18:28.805,1784560708.806,297.403,-7.800781e-03,3.226923e-03,-2.050781e-02,1.464844e-03,2000,0,-1.560156e-04
2026-07-20T18:18:28.905,1784560708.906,297.503,-7.596802e-03,3.316720e-03,-1.806641e-02,3.173828e-03,2000,0,-1.519360e-04
2026-07-20T18:18:29.007,1784560709.007,297.603,-7.447876e-03,3.245372e-03,-1.757812e-02,3.173828e-03,2000,0,-1.489575e-04
2026-07-20T18:18:29.107,1784560709.107,297.703,-7.032471e-03,3.348814e-03,-1.879883e-02,2.685547e-03,2000,0,-1.406494e-04
2026-07-20T18:18:29.205,1784560709.206,297.803,-6.993042e-03,3.404150e-03,-1.831055e-02,3.906250e-03,2000,0,-1.398608e-04
2026-07-20T18:18:29.305,1784560709.305,297.903,-7.268066e-03,3.291538e-03,-1.757812e-02,3.662109e-03,2000,0,-1.453613e-04
2026-07-20T18:18:29.405,1784560709.406,298.003,-6.957031e-03,3.467802e-03,-2.221680e-02,3.417969e-03,2000,0,-1.391406e-04
2026-07-20T18:18:29.505,1784560709.506,298.103,-7.342896e-03,3.363401e-03,-1.660156e-02,3.417969e-03,2000,0,-1.468579e-04
2026-07-20T18:18:29.605,1784560709.605,298.203,-7.190430e-03,3.472438e-03,-1.757812e-02,7.568359e-03,2000,0,-1.438086e-04
2026-07-20T18:18:29.705,1784560709.705,298.303,-7.352051e-03,3.383502e-03,-1.660156e-02,2.929688e-03,2000,0,-1.470410e-04
2026-07-20T18:18:29.805,1784560709.805,298.403,-7.419922e-03,3.269920e-03,-1.904297e-02,1.220703e-03,2000,0,-1.483984e-04
2026-07-20T18:18:29.905,1784560709.905,298.503,-7.378906e-03,3.326248e-03,-1.977539e-02,2.441406e-03,2000,0,-1.475781e-04
2026-07-20T18:18:30.005,1784560710.005,298.603,-7.444214e-03,3.348778e-03,-1.831055e-02,2.929688e-03,2000,0,-1.488843e-04
2026-07-20T18:18:30.105,1784560710.105,298.703,-7.436157e-03,3.355058e-03,-1.782227e-02,2.685547e-03,2000,0,-1.487231e-04
2026-07-20T18:18:30.205,1784560710.206,298.803,-7.303467e-03,3.414739e-03,-1.879883e-02,4.150391e-03,2000,0,-1.460693e-04
2026-07-20T18:18:30.305,1784560710.305,298.903,-7.664795e-03,3.358571e-03,-1.928711e-02,1.953125e-03,2000,0,-1.532959e-04
2026-07-20T18:18:30.405,1784560710.406,299.003,-8.023071e-03,3.436097e-03,-1.879883e-02,4.150391e-03,2000,0,-1.604614e-04
2026-07-20T18:18:30.505,1784560710.505,299.103,-7.560547e-03,3.230978e-03,-1.879883e-02,1.220703e-03,2000,0,-1.512109e-04
2026-07-20T18:18:30.605,1784560710.605,299.203,-7.429321e-03,3.218670e-03,-1.904297e-02,3.417969e-03,2000,0,-1.485864e-04
2026-07-20T18:18:30.705,1784560710.706,299.303,-8.121704e-03,3.349930e-03,-1.757812e-02,4.150391e-03,2000,0,-1.624341e-04
2026-07-20T18:18:30.805,1784560710.805,299.403,-7.481323e-03,3.345897e-03,-1.879883e-02,3.173828e-03,2000,0,-1.496265e-04
2026-07-20T18:18:30.905,1784560710.905,299.503,-7.380615e-03,3.404161e-03,-2.294922e-02,3.906250e-03,2000,0,-1.476123e-04
2026-07-20T18:18:31.005,1784560711.006,299.603,-7.832520e-03,3.335619e-03,-1.953125e-02,4.882812e-03,2000,0,-1.566504e-04
2026-07-20T18:18:31.105,1784560711.105,299.703,-7.420044e-03,3.407861e-03,-1.782227e-02,9.033203e-03,2000,0,-1.484009e-04
2026-07-20T18:18:31.207,1784560711.208,299.803,-7.550781e-03,3.324365e-03,-1.928711e-02,5.371094e-03,2000,0,-1.510156e-04
2026-07-20T18:18:31.305,1784560711.305,299.903,-7.714966e-03,3.055856e-03,-1.708984e-02,1.464844e-03,2000,0,-1.542993e-04
