# board,CSE142502
# channel,1
# input_range_mv,4000
# impedance_ohm,1000000
# sample_rate,1000000
# samples_per_reading,2000
# rate_hz,10.0
# duration_s,300.0
# start,2026-07-20T19:05:25
# value,mean_v = raw volts at DAQ input. r_v = R in volts = mean_v × 0.2 (SEN full-scale = 200 mV; ±1.0 V output = full scale).
# param:Laser.wavelength,1296.7,cm^-1
# param:Laser.power,3.1,W
# param:Laser.rep_rate,12458.8,Hz
# param:Laser.pulse_width,500,ns
# param:Lock-in.sensitivity,200 mV
# param:Lock-in.time_constant,3 s
# param:Lock-in.mod_frequency,12447.8,Hz
# param:Gas.gas_type,N2
# param:Gas.concentration,100,%
# param:Gas.adm_pressure,600,torr
# param:General.operator,burak
# param:General.notes,
iso_time,epoch_s,elapsed_s,mean_v,std_v,min_v,max_v,n,clipped,r_v
2026-07-20T19:05:28.709,1784563528.709,0.003,2.175055e-01,3.141341e-03,2.026367e-01,2.304688e-01,2000,0,4.350110e-02
2026-07-20T19:05:28.807,1784563528.808,0.103,2.171666e-01,3.193438e-03,2.041016e-01,2.277832e-01,2000,0,4.343333e-02
2026-07-20T19:05:28.907,1784563528.908,0.203,2.171129e-01,3.156463e-03,2.053223e-01,2.294922e-01,2000,0,4.342258e-02
2026-07-20T19:05:29.010,1784563529.010,0.303,2.164641e-01,3.244750e-03,2.026367e-01,2.270508e-01,2000,0,4.329282e-02
2026-07-20T19:05:29.108,1784563529.108,0.403,2.161743e-01,3.285651e-03,2.055664e-01,2.272949e-01,2000,0,4.323486e-02
2026-07-20T19:05:29.207,1784563529.208,0.503,2.162761e-01,3.111086e-03,2.055664e-01,2.268066e-01,2000,0,4.325522e-02
2026-07-20T19:05:29.308,1784563529.308,0.603,2.154702e-01,3.247306e-03,2.050781e-01,2.280273e-01,2000,0,4.309404e-02
2026-07-20T19:05:29.410,1784563529.410,0.703,2.151089e-01,3.143756e-03,2.058105e-01,2.265625e-01,2000,0,4.302178e-02
2026-07-20T19:05:29.508,1784563529.508,0.803,2.151022e-01,3.177132e-03,2.048340e-01,2.277832e-01,2000,0,4.302043e-02
2026-07-20T19:05:29.610,1784563529.610,0.903,2.146160e-01,3.157905e-03,2.031250e-01,2.272949e-01,2000,0,4.292319e-02
2026-07-20T19:05:29.708,1784563529.708,1.003,2.141198e-01,3.177801e-03,2.031250e-01,2.243652e-01,2000,0,4.282395e-02
2026-07-20T19:05:29.807,1784563529.808,1.103,2.142408e-01,3.117046e-03,2.053223e-01,2.307129e-01,2000,0,4.284817e-02
2026-07-20T19:05:29.909,1784563529.910,1.203,2.133217e-01,3.148179e-03,2.031250e-01,2.253418e-01,2000,0,4.266433e-02
2026-07-20T19:05:30.009,1784563530.010,1.303,2.132900e-01,3.184257e-03,2.031250e-01,2.248535e-01,2000,0,4.265801e-02
2026-07-20T19:05:30.108,1784563530.108,1.403,2.134650e-01,3.201048e-03,2.028809e-01,2.238770e-01,2000,0,4.269299e-02
2026-07-20T19:05:30.207,1784563530.208,1.503,2.128789e-01,3.135451e-03,2.031250e-01,2.241211e-01,2000,0,4.257578e-02
2026-07-20T19:05:30.308,1784563530.308,1.603,2.125922e-01,3.169910e-03,2.016602e-01,2.231445e-01,2000,0,4.251843e-02
2026-07-20T19:05:30.407,1784563530.408,1.703,2.125281e-01,3.177674e-03,2.016602e-01,2.224121e-01,2000,0,4.250562e-02
2026-07-20T19:05:30.507,1784563530.508,1.803,2.120060e-01,3.230745e-03,2.006836e-01,2.248535e-01,2000,0,4.240120e-02
2026-07-20T19:05:30.608,1784563530.608,1.903,2.115951e-01,3.252266e-03,1.999512e-01,2.246094e-01,2000,0,4.231902e-02
2026-07-20T19:05:30.707,1784563530.708,2.003,2.114409e-01,3.208032e-03,1.982422e-01,2.255859e-01,2000,0,4.228818e-02
2026-07-20T19:05:30.810,1784563530.810,2.103,2.106023e-01,3.323720e-03,1.994629e-01,2.219238e-01,2000,0,4.212046e-02
2026-07-20T19:05:30.907,1784563530.908,2.203,2.097491e-01,3.352202e-03,2.001953e-01,2.221680e-01,2000,0,4.194983e-02
2026-07-20T19:05:31.008,1784563531.008,2.303,2.098121e-01,3.177282e-03,2.001953e-01,2.197266e-01,2000,0,4.196243e-02
2026-07-20T19:05:31.110,1784563531.110,2.403,2.089636e-01,3.156643e-03,1.972656e-01,2.204590e-01,2000,0,4.179272e-02
2026-07-20T19:05:31.207,1784563531.208,2.503,2.088485e-01,3.126667e-03,1.979980e-01,2.189941e-01,2000,0,4.176970e-02
2026-07-20T19:05:31.307,1784563531.308,2.603,2.081456e-01,3.305378e-03,1.958008e-01,2.185059e-01,2000,0,4.162913e-02
2026-07-20T19:05:31.407,1784563531.408,2.703,2.076091e-01,3.158686e-03,1.958008e-01,2.177734e-01,2000,0,4.152183e-02
2026-07-20T19:05:31.508,1784563531.508,2.803,2.072783e-01,3.111063e-03,1.958008e-01,2.165527e-01,2000,0,4.145566e-02
2026-07-20T19:05:31.608,1784563531.608,2.903,2.067911e-01,3.037734e-03,1.938477e-01,2.155762e-01,2000,0,4.135823e-02
2026-07-20T19:05:31.707,1784563531.708,3.003,2.060145e-01,3.254903e-03,1.950684e-01,2.163086e-01,2000,0,4.120291e-02
2026-07-20T19:05:31.808,1784563531.808,3.103,2.061718e-01,3.034026e-03,1.972656e-01,2.172852e-01,2000,0,4.123435e-02
2026-07-20T19:05:31.910,1784563531.910,3.203,2.054575e-01,2.966917e-03,1.953125e-01,2.185059e-01,2000,0,4.109150e-02
2026-07-20T19:05:32.009,1784563532.010,3.303,2.047830e-01,3.233479e-03,1.892090e-01,2.160645e-01,2000,0,4.095659e-02
2026-07-20T19:05:32.107,1784563532.108,3.403,2.048167e-01,3.096469e-03,1.943359e-01,2.153320e-01,2000,0,4.096333e-02
2026-07-20T19:05:32.207,1784563532.208,3.503,2.048702e-01,3.185436e-03,1.931152e-01,2.145996e-01,2000,0,4.097405e-02
2026-07-20T19:05:32.307,1784563532.308,3.603,2.044017e-01,3.235115e-03,1.943359e-01,2.153320e-01,2000,0,4.088035e-02
2026-07-20T19:05:32.408,1784563532.408,3.703,2.042185e-01,3.073366e-03,1.931152e-01,2.148438e-01,2000,0,4.084370e-02
2026-07-20T19:05:32.510,1784563532.510,3.803,2.038575e-01,3.086072e-03,1.904297e-01,2.165527e-01,2000,0,4.077151e-02
2026-07-20T19:05:32.607,1784563532.608,3.903,2.037412e-01,3.139837e-03,1.933594e-01,2.133789e-01,2000,0,4.074824e-02
2026-07-20T19:05:32.707,1784563532.708,4.003,2.037262e-01,3.195320e-03,1.936035e-01,2.160645e-01,2000,0,4.074524e-02
2026-07-20T19:05:32.807,1784563532.808,4.103,2.035278e-01,3.266028e-03,1.923828e-01,2.155762e-01,2000,0,4.070557e-02
2026-07-20T19:05:32.907,1784563532.908,4.203,2.020035e-01,3.132385e-03,1.894531e-01,2.111816e-01,2000,0,4.040071e-02
2026-07-20T19:05:33.007,1784563533.008,4.303,2.028141e-01,3.283194e-03,1.916504e-01,2.136230e-01,2000,0,4.056282e-02
2026-07-20T19:05:33.108,1784563533.108,4.403,2.024954e-01,3.252195e-03,1.904297e-01,2.150879e-01,2000,0,4.049907e-02
2026-07-20T19:05:33.207,1784563533.208,4.503,2.021117e-01,3.246702e-03,1.916504e-01,2.128906e-01,2000,0,4.042234e-02
2026-07-20T19:05:33.308,1784563533.308,4.603,2.020022e-01,3.437438e-03,1.909180e-01,2.133789e-01,2000,0,4.040044e-02
2026-07-20T19:05:33.407,1784563533.408,4.703,2.020021e-01,3.425834e-03,1.916504e-01,2.143555e-01,2000,0,4.040042e-02
2026-07-20T19:05:33.509,1784563533.510,4.803,2.016042e-01,3.454142e-03,1.909180e-01,2.128906e-01,2000,0,4.032085e-02
2026-07-20T19:05:33.608,1784563533.608,4.903,2.016787e-01,3.440618e-03,1.909180e-01,2.133789e-01,2000,0,4.033574e-02
2026-07-20T19:05:33.707,1784563533.708,5.003,2.015564e-01,3.438835e-03,1.896973e-01,2.145996e-01,2000,0,4.031128e-02
2026-07-20T19:05:33.809,1784563533.810,5.103,2.014319e-01,3.475166e-03,1.892090e-01,2.153320e-01,2000,0,4.028638e-02
2026-07-20T19:05:33.910,1784563533.910,5.203,2.016324e-01,3.525382e-03,1.894531e-01,2.160645e-01,2000,0,4.032649e-02
2026-07-20T19:05:34.009,1784563534.010,5.303,2.011851e-01,3.550606e-03,1.906738e-01,2.124023e-01,2000,0,4.023701e-02
2026-07-20T19:05:34.110,1784563534.110,5.403,2.009095e-01,3.405634e-03,1.911621e-01,2.150879e-01,2000,0,4.018191e-02
2026-07-20T19:05:34.209,1784563534.210,5.503,2.008394e-01,3.507078e-03,1.884766e-01,2.114258e-01,2000,0,4.016787e-02
2026-07-20T19:05:34.310,1784563534.310,5.603,2.012148e-01,3.548431e-03,1.904297e-01,2.116699e-01,2000,0,4.024297e-02
2026-07-20T19:05:34.409,1784563534.410,5.703,2.005480e-01,3.505922e-03,1.896973e-01,2.126465e-01,2000,0,4.010959e-02
2026-07-20T19:05:34.510,1784563534.510,5.803,2.008951e-01,3.506752e-03,1.901855e-01,2.138672e-01,2000,0,4.017903e-02
2026-07-20T19:05:34.609,1784563534.610,5.903,2.006958e-01,3.496384e-03,1.899414e-01,2.106934e-01,2000,0,4.013916e-02
2026-07-20T19:05:34.710,1784563534.710,6.003,2.005591e-01,3.364652e-03,1.896973e-01,2.119141e-01,2000,0,4.011182e-02
2026-07-20T19:05:34.809,1784563534.810,6.103,2.003833e-01,3.515177e-03,1.892090e-01,2.121582e-01,2000,0,4.007666e-02
2026-07-20T19:05:34.907,1784563534.908,6.203,2.000887e-01,3.488333e-03,1.882324e-01,2.145996e-01,2000,0,4.001775e-02
2026-07-20T19:05:35.007,1784563535.008,6.303,2.002924e-01,3.472779e-03,1.889648e-01,2.111816e-01,2000,0,4.005847e-02
2026-07-20T19:05:35.108,1784563535.108,6.403,2.000817e-01,3.363854e-03,1.899414e-01,2.148438e-01,2000,0,4.001633e-02
2026-07-20T19:05:35.208,1784563535.208,6.503,2.003964e-01,3.397385e-03,1.877441e-01,2.104492e-01,2000,0,4.007927e-02
2026-07-20T19:05:35.307,1784563535.308,6.603,1.998074e-01,3.422727e-03,1.889648e-01,2.121582e-01,2000,0,3.996147e-02
2026-07-20T19:05:35.409,1784563535.410,6.703,1.997357e-01,3.442519e-03,1.889648e-01,2.104492e-01,2000,0,3.994714e-02
2026-07-20T19:05:35.508,1784563535.508,6.803,1.998250e-01,3.485356e-03,1.870117e-01,2.124023e-01,2000,0,3.996499e-02
2026-07-20T19:05:35.607,1784563535.608,6.903,1.994929e-01,3.266131e-03,1.879883e-01,2.089844e-01,2000,0,3.989858e-02
2026-07-20T19:05:35.708,1784563535.708,7.003,1.992972e-01,3.602999e-03,1.875000e-01,2.109375e-01,2000,0,3.985945e-02
2026-07-20T19:05:35.807,1784563535.808,7.103,1.994081e-01,3.340992e-03,1.877441e-01,2.089844e-01,2000,0,3.988162e-02
2026-07-20T19:05:35.908,1784563535.908,7.203,1.988298e-01,3.474966e-03,1.796875e-01,2.082520e-01,2000,0,3.976597e-02
2026-07-20T19:05:36.010,1784563536.010,7.303,1.991807e-01,3.504755e-03,1.860352e-01,2.099609e-01,2000,0,3.983613e-02
2026-07-20T19:05:36.108,1784563536.108,7.403,1.993854e-01,3.573361e-03,1.882324e-01,2.128906e-01,2000,0,3.987708e-02
2026-07-20T19:05:36.209,1784563536.210,7.503,1.993308e-01,3.347125e-03,1.892090e-01,2.089844e-01,2000,0,3.986616e-02
2026-07-20T19:05:36.307,1784563536.308,7.603,1.990829e-01,3.428119e-03,1.860352e-01,2.089844e-01,2000,0,3.981658e-02
2026-07-20T19:05:36.408,1784563536.408,7.703,1.985298e-01,3.450808e-03,1.870117e-01,2.087402e-01,2000,0,3.970596e-02
2026-07-20T19:05:36.509,1784563536.510,7.803,1.990099e-01,3.486903e-03,1.870117e-01,2.097168e-01,2000,0,3.980198e-02
2026-07-20T19:05:36.607,1784563536.608,7.903,1.992203e-01,3.508467e-03,1.882324e-01,2.106934e-01,2000,0,3.984407e-02
2026-07-20T19:05:36.707,1784563536.708,8.003,1.989564e-01,3.617065e-03,1.887207e-01,2.109375e-01,2000,0,3.979128e-02
2026-07-20T19:05:36.809,1784563536.810,8.103,1.987059e-01,3.515874e-03,1.887207e-01,2.084961e-01,2000,0,3.974119e-02
2026-07-20T19:05:36.907,1784563536.908,8.203,1.990574e-01,3.559718e-03,1.887207e-01,2.119141e-01,2000,0,3.981147e-02
2026-07-20T19:05:37.008,1784563537.008,8.303,1.987926e-01,3.750724e-03,1.860352e-01,2.126465e-01,2000,0,3.975852e-02
2026-07-20T19:05:37.107,1784563537.108,8.403,1.985176e-01,3.615546e-03,1.848145e-01,2.111816e-01,2000,0,3.970352e-02
2026-07-20T19:05:37.207,1784563537.208,8.503,1.985149e-01,3.641170e-03,1.875000e-01,2.094727e-01,2000,0,3.970298e-02
2026-07-20T19:05:37.307,1784563537.308,8.603,1.988906e-01,3.624898e-03,1.875000e-01,2.109375e-01,2000,0,3.977812e-02
2026-07-20T19:05:37.410,1784563537.410,8.703,1.988628e-01,3.686542e-03,1.867676e-01,2.124023e-01,2000,0,3.977256e-02
2026-07-20T19:05:37.508,1784563537.508,8.803,1.993474e-01,3.894730e-03,1.865234e-01,2.163086e-01,2000,0,3.986948e-02
2026-07-20T19:05:37.607,1784563537.608,8.903,1.991552e-01,3.767444e-03,1.872559e-01,2.136230e-01,2000,0,3.983103e-02
2026-07-20T19:05:37.708,1784563537.708,9.003,1.988402e-01,3.851611e-03,1.872559e-01,2.119141e-01,2000,0,3.976804e-02
2026-07-20T19:05:37.808,1784563537.808,9.103,1.988444e-01,4.046397e-03,1.835938e-01,2.128906e-01,2000,0,3.976887e-02
2026-07-20T19:05:37.907,1784563537.908,9.203,1.993584e-01,3.981445e-03,1.853027e-01,2.141113e-01,2000,0,3.987168e-02
2026-07-20T19:05:38.007,1784563538.008,9.303,1.991659e-01,3.894113e-03,1.843262e-01,2.163086e-01,2000,0,3.983318e-02
2026-07-20T19:05:38.108,1784563538.108,9.403,1.993724e-01,3.998463e-03,1.857910e-01,2.141113e-01,2000,0,3.987449e-02
2026-07-20T19:05:38.209,1784563538.210,9.503,1.994373e-01,4.010443e-03,1.848145e-01,2.119141e-01,2000,0,3.988745e-02
2026-07-20T19:05:38.307,1784563538.308,9.603,1.993013e-01,3.984026e-03,1.838379e-01,2.175293e-01,2000,0,3.986025e-02
2026-07-20T19:05:38.408,1784563538.408,9.703,1.990381e-01,4.053561e-03,1.867676e-01,2.131348e-01,2000,0,3.980762e-02
2026-07-20T19:05:38.508,1784563538.508,9.803,1.994103e-01,4.139563e-03,1.850586e-01,2.138672e-01,2000,0,3.988206e-02
2026-07-20T19:05:38.607,1784563538.608,9.903,1.994147e-01,4.005577e-03,1.875000e-01,2.128906e-01,2000,0,3.988293e-02
2026-07-20T19:05:38.709,1784563538.709,10.003,1.986577e-01,4.037758e-03,1.870117e-01,2.133789e-01,2000,0,3.973154e-02
2026-07-20T19:05:38.807,1784563538.808,10.103,1.993218e-01,4.189363e-03,1.860352e-01,2.187500e-01,2000,0,3.986436e-02
2026-07-20T19:05:38.907,1784563538.908,10.203,1.987368e-01,3.885928e-03,1.848145e-01,2.114258e-01,2000,0,3.974736e-02
2026-07-20T19:05:39.009,1784563539.010,10.303,1.989840e-01,4.107857e-03,1.833496e-01,2.141113e-01,2000,0,3.979680e-02
2026-07-20T19:05:39.108,1784563539.108,10.403,1.993192e-01,4.206304e-03,1.840820e-01,2.126465e-01,2000,0,3.986384e-02
2026-07-20T19:05:39.208,1784563539.208,10.503,1.990867e-01,4.016936e-03,1.870117e-01,2.119141e-01,2000,0,3.981733e-02
2026-07-20T19:05:39.309,1784563539.310,10.603,1.992585e-01,3.881701e-03,1.865234e-01,2.131348e-01,2000,0,3.985171e-02
2026-07-20T19:05:39.407,1784563539.408,10.703,1.997286e-01,3.963649e-03,1.860352e-01,2.128906e-01,2000,0,3.994573e-02
2026-07-20T19:05:39.509,1784563539.510,10.803,1.993672e-01,4.086664e-03,1.850586e-01,2.141113e-01,2000,0,3.987344e-02
2026-07-20T19:05:39.607,1784563539.608,10.903,1.995193e-01,4.142230e-03,1.867676e-01,2.138672e-01,2000,0,3.990386e-02
2026-07-20T19:05:39.707,1784563539.708,11.003,1.997664e-01,4.272719e-03,1.875000e-01,2.133789e-01,2000,0,3.995327e-02
2026-07-20T19:05:39.807,1784563539.808,11.103,1.990496e-01,4.015106e-03,1.857910e-01,2.133789e-01,2000,0,3.980991e-02
2026-07-20T19:05:39.907,1784563539.908,11.203,1.992577e-01,3.986728e-03,1.867676e-01,2.136230e-01,2000,0,3.985154e-02
2026-07-20T19:05:40.007,1784563540.008,11.303,1.994050e-01,4.084458e-03,1.865234e-01,2.119141e-01,2000,0,3.988101e-02
2026-07-20T19:05:40.108,1784563540.108,11.403,1.990758e-01,3.942147e-03,1.862793e-01,2.119141e-01,2000,0,3.981516e-02
2026-07-20T19:05:40.208,1784563540.208,11.503,1.991593e-01,3.965232e-03,1.865234e-01,2.111816e-01,2000,0,3.983186e-02
2026-07-20T19:05:40.307,1784563540.308,11.603,1.992644e-01,3.970308e-03,1.877441e-01,2.106934e-01,2000,0,3.985288e-02
2026-07-20T19:05:40.407,1784563540.408,11.703,1.979525e-01,4.079872e-03,1.857910e-01,2.114258e-01,2000,0,3.959050e-02
2026-07-20T19:05:40.507,1784563540.508,11.803,1.989752e-01,4.040985e-03,1.855469e-01,2.121582e-01,2000,0,3.979504e-02
2026-07-20T19:05:40.607,1784563540.608,11.903,1.992423e-01,4.084752e-03,1.860352e-01,2.138672e-01,2000,0,3.984846e-02
2026-07-20T19:05:40.709,1784563540.710,12.003,1.987053e-01,4.005561e-03,1.865234e-01,2.116699e-01,2000,0,3.974106e-02
2026-07-20T19:05:40.808,1784563540.808,12.103,1.986855e-01,4.053015e-03,1.860352e-01,2.155762e-01,2000,0,3.973711e-02
2026-07-20T19:05:40.908,1784563540.908,12.203,1.991149e-01,4.023742e-03,1.867676e-01,2.104492e-01,2000,0,3.982297e-02
2026-07-20T19:05:41.009,1784563541.010,12.303,1.985265e-01,4.029130e-03,1.850586e-01,2.114258e-01,2000,0,3.970530e-02
2026-07-20T19:05:41.108,1784563541.108,12.403,1.980220e-01,3.958373e-03,1.848145e-01,2.099609e-01,2000,0,3.960439e-02
2026-07-20T19:05:41.208,1784563541.208,12.503,1.984069e-01,3.750770e-03,1.882324e-01,2.111816e-01,2000,0,3.968137e-02
2026-07-20T19:05:41.309,1784563541.310,12.603,1.981469e-01,3.913392e-03,1.857910e-01,2.111816e-01,2000,0,3.962937e-02
2026-07-20T19:05:41.408,1784563541.408,12.703,1.983186e-01,3.891367e-03,1.855469e-01,2.121582e-01,2000,0,3.966372e-02
2026-07-20T19:05:41.507,1784563541.508,12.803,1.983131e-01,3.973047e-03,1.831055e-01,2.111816e-01,2000,0,3.966262e-02
2026-07-20T19:05:41.609,1784563541.610,12.903,1.982142e-01,3.798262e-03,1.865234e-01,2.111816e-01,2000,0,3.964285e-02
2026-07-20T19:05:41.707,1784563541.708,13.003,1.979810e-01,3.760955e-03,1.865234e-01,2.133789e-01,2000,0,3.959619e-02
2026-07-20T19:05:41.807,1784563541.808,13.103,1.979158e-01,3.711021e-03,1.867676e-01,2.145996e-01,2000,0,3.958315e-02
2026-07-20T19:05:41.907,1784563541.908,13.203,1.963215e-01,3.730524e-03,1.848145e-01,2.082520e-01,2000,0,3.926431e-02
2026-07-20T19:05:42.008,1784563542.008,13.303,1.979736e-01,3.610063e-03,1.862793e-01,2.089844e-01,2000,0,3.959473e-02
2026-07-20T19:05:42.108,1784563542.108,13.403,1.975270e-01,3.463972e-03,1.870117e-01,2.080078e-01,2000,0,3.950540e-02
2026-07-20T19:05:42.207,1784563542.208,13.503,1.971379e-01,3.489277e-03,1.872559e-01,2.114258e-01,2000,0,3.942759e-02
2026-07-20T19:05:42.307,1784563542.308,13.603,1.972870e-01,3.430909e-03,1.860352e-01,2.099609e-01,2000,0,3.945740e-02
2026-07-20T19:05:42.407,1784563542.408,13.703,1.967220e-01,3.194001e-03,1.867676e-01,2.082520e-01,2000,0,3.934441e-02
2026-07-20T19:05:42.507,1784563542.508,13.803,1.964923e-01,3.095906e-03,1.862793e-01,2.075195e-01,2000,0,3.929846e-02
2026-07-20T19:05:42.607,1784563542.608,13.903,1.966521e-01,3.127687e-03,1.855469e-01,2.084961e-01,2000,0,3.933042e-02
2026-07-20T19:05:42.709,1784563542.710,14.003,1.957313e-01,2.922472e-03,1.867676e-01,2.055664e-01,2000,0,3.914626e-02
2026-07-20T19:05:42.808,1784563542.808,14.103,1.952517e-01,2.768742e-03,1.862793e-01,2.048340e-01,2000,0,3.905034e-02
2026-07-20T19:05:42.907,1784563542.908,14.203,1.952688e-01,2.705018e-03,1.867676e-01,2.087402e-01,2000,0,3.905376e-02
2026-07-20T19:05:43.007,1784563543.008,14.303,1.953014e-01,2.744204e-03,1.862793e-01,2.041016e-01,2000,0,3.906028e-02
2026-07-20T19:05:43.110,1784563543.110,14.403,1.942776e-01,2.550070e-03,1.804199e-01,2.097168e-01,2000,0,3.885552e-02
2026-07-20T19:05:43.207,1784563543.208,14.503,1.943904e-01,2.686415e-03,1.862793e-01,2.055664e-01,2000,0,3.887808e-02
2026-07-20T19:05:43.307,1784563543.308,14.603,1.943105e-01,2.446018e-03,1.865234e-01,2.031250e-01,2000,0,3.886211e-02
2026-07-20T19:05:43.410,1784563543.410,14.703,1.930551e-01,2.580334e-03,1.833496e-01,2.023926e-01,2000,0,3.861101e-02
2026-07-20T19:05:43.508,1784563543.508,14.803,1.932405e-01,2.485920e-03,1.823730e-01,2.023926e-01,2000,0,3.864810e-02
2026-07-20T19:05:43.607,1784563543.608,14.903,1.929167e-01,2.436971e-03,1.833496e-01,2.014160e-01,2000,0,3.858335e-02
2026-07-20T19:05:43.707,1784563543.708,15.003,1.924216e-01,2.497127e-03,1.835938e-01,2.070312e-01,2000,0,3.848433e-02
2026-07-20T19:05:43.809,1784563543.810,15.103,1.924547e-01,2.584166e-03,1.784668e-01,2.031250e-01,2000,0,3.849094e-02
2026-07-20T19:05:43.910,1784563543.910,15.203,1.915493e-01,2.477343e-03,1.823730e-01,2.001953e-01,2000,0,3.830986e-02
2026-07-20T19:05:44.010,1784563544.010,15.303,1.907249e-01,2.442130e-03,1.826172e-01,1.982422e-01,2000,0,3.814497e-02
2026-07-20T19:05:44.109,1784563544.110,15.403,1.907815e-01,2.590176e-03,1.782227e-01,1.989746e-01,2000,0,3.815630e-02
2026-07-20T19:05:44.209,1784563544.210,15.503,1.900823e-01,2.665263e-03,1.809082e-01,1.987305e-01,2000,0,3.801646e-02
2026-07-20T19:05:44.309,1784563544.310,15.603,1.896213e-01,2.806378e-03,1.784668e-01,1.984863e-01,2000,0,3.792427e-02
2026-07-20T19:05:44.409,1784563544.410,15.703,1.889702e-01,2.775928e-03,1.794434e-01,1.982422e-01,2000,0,3.779404e-02
2026-07-20T19:05:44.509,1784563544.510,15.803,1.892714e-01,2.901087e-03,1.784668e-01,1.997070e-01,2000,0,3.785427e-02
2026-07-20T19:05:44.609,1784563544.610,15.903,1.888558e-01,3.020545e-03,1.779785e-01,2.019043e-01,2000,0,3.777117e-02
2026-07-20T19:05:44.709,1784563544.710,16.003,1.887020e-01,2.902653e-03,1.782227e-01,1.994629e-01,2000,0,3.774041e-02
2026-07-20T19:05:44.809,1784563544.810,16.103,1.884604e-01,3.156254e-03,1.757812e-01,1.997070e-01,2000,0,3.769209e-02
2026-07-20T19:05:44.909,1784563544.910,16.203,1.879369e-01,3.296578e-03,1.774902e-01,2.058105e-01,2000,0,3.758738e-02
2026-07-20T19:05:45.010,1784563545.010,16.303,1.868396e-01,3.216315e-03,1.770020e-01,1.970215e-01,2000,0,3.736792e-02
2026-07-20T19:05:45.110,1784563545.110,16.403,1.876935e-01,2.985566e-03,1.735840e-01,1.989746e-01,2000,0,3.753870e-02
2026-07-20T19:05:45.209,1784563545.210,16.503,1.875673e-01,3.340863e-03,1.765137e-01,1.994629e-01,2000,0,3.751345e-02
2026-07-20T19:05:45.309,1784563545.310,16.603,1.875992e-01,3.341689e-03,1.738281e-01,1.982422e-01,2000,0,3.751985e-02
2026-07-20T19:05:45.408,1784563545.408,16.703,1.869098e-01,3.441891e-03,1.750488e-01,1.970215e-01,2000,0,3.738196e-02
2026-07-20T19:05:45.510,1784563545.510,16.803,1.871373e-01,3.155085e-03,1.757812e-01,1.970215e-01,2000,0,3.742747e-02
2026-07-20T19:05:45.609,1784563545.610,16.903,1.872007e-01,3.363031e-03,1.772461e-01,1.987305e-01,2000,0,3.744014e-02
2026-07-20T19:05:45.707,1784563545.708,17.003,1.872310e-01,3.565537e-03,1.748047e-01,1.994629e-01,2000,0,3.744619e-02
2026-07-20T19:05:45.810,1784563545.810,17.103,1.871021e-01,3.224312e-03,1.770020e-01,2.014160e-01,2000,0,3.742041e-02
2026-07-20T19:05:45.908,1784563545.908,17.203,1.870674e-01,3.129746e-03,1.767578e-01,1.970215e-01,2000,0,3.741348e-02
2026-07-20T19:05:46.007,1784563546.008,17.303,1.871495e-01,3.481730e-03,1.757812e-01,2.001953e-01,2000,0,3.742991e-02
2026-07-20T19:05:46.107,1784563546.108,17.403,1.870347e-01,3.475659e-03,1.767578e-01,1.994629e-01,2000,0,3.740693e-02
2026-07-20T19:05:46.207,1784563546.208,17.503,1.873738e-01,3.394729e-03,1.740723e-01,1.979980e-01,2000,0,3.747476e-02
2026-07-20T19:05:46.307,1784563546.308,17.603,1.874332e-01,3.428526e-03,1.762695e-01,1.982422e-01,2000,0,3.748665e-02
2026-07-20T19:05:46.407,1784563546.408,17.703,1.870038e-01,3.376673e-03,1.735840e-01,1.987305e-01,2000,0,3.740076e-02
2026-07-20T19:05:46.507,1784563546.508,17.803,1.874054e-01,3.247633e-03,1.777344e-01,1.984863e-01,2000,0,3.748108e-02
2026-07-20T19:05:46.607,1784563546.608,17.903,1.878536e-01,3.309869e-03,1.738281e-01,1.977539e-01,2000,0,3.757073e-02
2026-07-20T19:05:46.709,1784563546.710,18.003,1.873201e-01,3.235005e-03,1.738281e-01,1.965332e-01,2000,0,3.746401e-02
2026-07-20T19:05:46.808,1784563546.808,18.103,1.879476e-01,3.195369e-03,1.770020e-01,1.989746e-01,2000,0,3.758953e-02
2026-07-20T19:05:46.908,1784563546.908,18.203,1.876619e-01,3.098936e-03,1.782227e-01,1.997070e-01,2000,0,3.753237e-02
2026-07-20T19:05:47.007,1784563547.008,18.303,1.873276e-01,3.206809e-03,1.765137e-01,1.977539e-01,2000,0,3.746553e-02
2026-07-20T19:05:47.107,1784563547.108,18.403,1.881998e-01,3.394746e-03,1.767578e-01,2.041016e-01,2000,0,3.763997e-02
2026-07-20T19:05:47.207,1784563547.208,18.503,1.881683e-01,3.026660e-03,1.748047e-01,1.984863e-01,2000,0,3.763367e-02
2026-07-20T19:05:47.310,1784563547.310,18.603,1.875728e-01,2.923977e-03,1.772461e-01,1.972656e-01,2000,0,3.751455e-02
2026-07-20T19:05:47.407,1784563547.408,18.703,1.882506e-01,3.153518e-03,1.774902e-01,1.989746e-01,2000,0,3.765012e-02
2026-07-20T19:05:47.507,1784563547.508,18.803,1.883875e-01,3.004207e-03,1.757812e-01,2.009277e-01,2000,0,3.767749e-02
2026-07-20T19:05:47.607,1784563547.608,18.903,1.881453e-01,3.167940e-03,1.772461e-01,2.021484e-01,2000,0,3.762905e-02
2026-07-20T19:05:47.708,1784563547.708,19.003,1.888647e-01,3.117437e-03,1.772461e-01,1.987305e-01,2000,0,3.777295e-02
2026-07-20T19:05:47.808,1784563547.808,19.103,1.892731e-01,2.826539e-03,1.791992e-01,1.979980e-01,2000,0,3.785461e-02
2026-07-20T19:05:47.908,1784563547.908,19.203,1.888402e-01,3.164122e-03,1.779785e-01,1.975098e-01,2000,0,3.776804e-02
2026-07-20T19:05:48.007,1784563548.008,19.303,1.894363e-01,3.166592e-03,1.772461e-01,2.031250e-01,2000,0,3.788726e-02
2026-07-20T19:05:48.107,1784563548.108,19.403,1.894279e-01,3.063335e-03,1.799316e-01,2.011719e-01,2000,0,3.788557e-02
2026-07-20T19:05:48.208,1784563548.208,19.503,1.896060e-01,3.108123e-03,1.777344e-01,2.026367e-01,2000,0,3.792119e-02
2026-07-20T19:05:48.307,1784563548.308,19.603,1.894125e-01,3.247977e-03,1.772461e-01,2.011719e-01,2000,0,3.788250e-02
2026-07-20T19:05:48.407,1784563548.408,19.703,1.900403e-01,3.268723e-03,1.787109e-01,2.006836e-01,2000,0,3.800806e-02
2026-07-20T19:05:48.508,1784563548.508,19.803,1.901335e-01,3.183472e-03,1.784668e-01,1.992188e-01,2000,0,3.802671e-02
2026-07-20T19:05:48.607,1784563548.608,19.903,1.902213e-01,3.238542e-03,1.801758e-01,2.004395e-01,2000,0,3.804426e-02
2026-07-20T19:05:48.707,1784563548.708,20.003,1.908334e-01,3.335817e-03,1.770020e-01,2.038574e-01,2000,0,3.816667e-02
2026-07-20T19:05:48.807,1784563548.808,20.103,1.907474e-01,3.550015e-03,1.787109e-01,2.038574e-01,2000,0,3.814949e-02
2026-07-20T19:05:48.907,1784563548.908,20.203,1.906779e-01,3.298775e-03,1.784668e-01,2.014160e-01,2000,0,3.813557e-02
2026-07-20T19:05:49.007,1784563549.008,20.303,1.913158e-01,3.262172e-03,1.806641e-01,2.016602e-01,2000,0,3.826316e-02
2026-07-20T19:05:49.107,1784563549.108,20.403,1.914065e-01,3.394231e-03,1.796875e-01,2.019043e-01,2000,0,3.828130e-02
2026-07-20T19:05:49.207,1784563549.208,20.503,1.920767e-01,3.429341e-03,1.813965e-01,2.021484e-01,2000,0,3.841533e-02
2026-07-20T19:05:49.307,1784563549.308,20.603,1.920411e-01,3.422987e-03,1.794434e-01,2.036133e-01,2000,0,3.840823e-02
2026-07-20T19:05:49.407,1784563549.408,20.703,1.916686e-01,3.484896e-03,1.779785e-01,2.021484e-01,2000,0,3.833372e-02
2026-07-20T19:05:49.507,1784563549.508,20.803,1.919863e-01,3.502339e-03,1.811523e-01,2.041016e-01,2000,0,3.839727e-02
2026-07-20T19:05:49.607,1784563549.608,20.903,1.923309e-01,3.380685e-03,1.804199e-01,2.033691e-01,2000,0,3.846619e-02
2026-07-20T19:05:49.710,1784563549.710,21.003,1.920541e-01,3.476450e-03,1.813965e-01,2.070312e-01,2000,0,3.841082e-02
2026-07-20T19:05:49.807,1784563549.808,21.103,1.927137e-01,3.472355e-03,1.813965e-01,2.028809e-01,2000,0,3.854275e-02
2026-07-20T19:05:49.907,1784563549.908,21.203,1.937418e-01,3.508451e-03,1.809082e-01,2.050781e-01,2000,0,3.874836e-02
2026-07-20T19:05:50.008,1784563550.008,21.303,1.933013e-01,3.409836e-03,1.833496e-01,2.041016e-01,2000,0,3.866025e-02
2026-07-20T19:05:50.107,1784563550.108,21.403,1.936412e-01,3.291090e-03,1.838379e-01,2.041016e-01,2000,0,3.872825e-02
2026-07-20T19:05:50.207,1784563550.208,21.503,1.941997e-01,3.387786e-03,1.835938e-01,2.055664e-01,2000,0,3.883994e-02
2026-07-20T19:05:50.308,1784563550.308,21.603,1.941404e-01,3.459063e-03,1.818848e-01,2.062988e-01,2000,0,3.882808e-02
2026-07-20T19:05:50.407,1784563550.408,21.703,1.950648e-01,3.474313e-03,1.823730e-01,2.067871e-01,2000,0,3.901296e-02
2026-07-20T19:05:50.508,1784563550.508,21.803,1.952667e-01,3.330380e-03,1.840820e-01,2.065430e-01,2000,0,3.905334e-02
2026-07-20T19:05:50.608,1784563550.608,21.903,1.947421e-01,3.246678e-03,1.850586e-01,2.045898e-01,2000,0,3.894841e-02
2026-07-20T19:05:50.707,1784563550.708,22.003,1.960067e-01,3.410803e-03,1.855469e-01,2.070312e-01,2000,0,3.920134e-02
2026-07-20T19:05:50.807,1784563550.808,22.103,1.957048e-01,3.429238e-03,1.833496e-01,2.072754e-01,2000,0,3.914097e-02
2026-07-20T19:05:50.907,1784563550.908,22.203,1.958641e-01,3.636508e-03,1.835938e-01,2.126465e-01,2000,0,3.917283e-02
2026-07-20T19:05:51.007,1784563551.008,22.303,1.963124e-01,3.283128e-03,1.838379e-01,2.072754e-01,2000,0,3.926248e-02
2026-07-20T19:05:51.107,1784563551.108,22.403,1.966804e-01,3.295920e-03,1.850586e-01,2.109375e-01,2000,0,3.933608e-02
2026-07-20T19:05:51.207,1784563551.208,22.503,1.972545e-01,3.351949e-03,1.879883e-01,2.094727e-01,2000,0,3.945090e-02
2026-07-20T19:05:51.309,1784563551.310,22.603,1.972183e-01,3.318790e-03,1.826172e-01,2.087402e-01,2000,0,3.944365e-02
2026-07-20T19:05:51.410,1784563551.410,22.703,1.970229e-01,3.329643e-03,1.867676e-01,2.099609e-01,2000,0,3.940459e-02
2026-07-20T19:05:51.509,1784563551.510,22.803,1.974749e-01,3.444188e-03,1.860352e-01,2.119141e-01,2000,0,3.949497e-02
2026-07-20T19:05:51.607,1784563551.608,22.903,1.980046e-01,3.350373e-03,1.872559e-01,2.167969e-01,2000,0,3.960093e-02
2026-07-20T19:05:51.708,1784563551.708,23.003,1.989253e-01,3.303162e-03,1.835938e-01,2.111816e-01,2000,0,3.978506e-02
2026-07-20T19:05:51.808,1784563551.808,23.103,1.986073e-01,3.301987e-03,1.867676e-01,2.087402e-01,2000,0,3.972146e-02
2026-07-20T19:05:51.907,1784563551.908,23.203,1.987267e-01,3.287154e-03,1.892090e-01,2.114258e-01,2000,0,3.974534e-02
2026-07-20T19:05:52.007,1784563552.008,23.303,1.980983e-01,3.417184e-03,1.872559e-01,2.126465e-01,2000,0,3.961965e-02
2026-07-20T19:05:52.108,1784563552.108,23.403,1.989446e-01,3.321245e-03,1.860352e-01,2.092285e-01,2000,0,3.978892e-02
2026-07-20T19:05:52.208,1784563552.208,23.503,1.989302e-01,3.308721e-03,1.882324e-01,2.177734e-01,2000,0,3.978604e-02
2026-07-20T19:05:52.308,1784563552.308,23.603,1.995046e-01,3.406333e-03,1.862793e-01,2.116699e-01,2000,0,3.990093e-02
2026-07-20T19:05:52.408,1784563552.408,23.703,1.991563e-01,3.395578e-03,1.887207e-01,2.094727e-01,2000,0,3.983125e-02
2026-07-20T19:05:52.509,1784563552.510,23.803,1.991901e-01,3.530232e-03,1.887207e-01,2.104492e-01,2000,0,3.983801e-02
2026-07-20T19:05:52.607,1784563552.608,23.903,1.995922e-01,3.548978e-03,1.872559e-01,2.124023e-01,2000,0,3.991843e-02
2026-07-20T19:05:52.707,1784563552.708,24.003,1.994387e-01,3.487463e-03,1.892090e-01,2.119141e-01,2000,0,3.988774e-02
2026-07-20T19:05:52.807,1784563552.808,24.103,1.997233e-01,3.482759e-03,1.872559e-01,2.128906e-01,2000,0,3.994465e-02
2026-07-20T19:05:52.907,1784563552.908,24.203,2.000730e-01,3.579047e-03,1.901855e-01,2.109375e-01,2000,0,4.001460e-02
2026-07-20T19:05:53.008,1784563553.008,24.303,1.999417e-01,3.533985e-03,1.882324e-01,2.097168e-01,2000,0,3.998833e-02
2026-07-20T19:05:53.108,1784563553.108,24.403,1.997010e-01,3.576797e-03,1.853027e-01,2.102051e-01,2000,0,3.994021e-02
2026-07-20T19:05:53.208,1784563553.208,24.503,2.007794e-01,3.500550e-03,1.879883e-01,2.143555e-01,2000,0,4.015588e-02
2026-07-20T19:05:53.308,1784563553.308,24.603,2.006666e-01,3.567167e-03,1.896973e-01,2.158203e-01,2000,0,4.013333e-02
2026-07-20T19:05:53.408,1784563553.408,24.703,2.013997e-01,3.437562e-03,1.911621e-01,2.121582e-01,2000,0,4.027993e-02
2026-07-20T19:05:53.508,1784563553.508,24.803,2.012037e-01,3.482822e-03,1.894531e-01,2.126465e-01,2000,0,4.024075e-02
2026-07-20T19:05:53.607,1784563553.608,24.903,2.009657e-01,3.659556e-03,1.894531e-01,2.126465e-01,2000,0,4.019314e-02
2026-07-20T19:05:53.708,1784563553.708,25.003,2.014858e-01,3.512608e-03,1.899414e-01,2.133789e-01,2000,0,4.029717e-02
2026-07-20T19:05:53.810,1784563553.810,25.103,2.013326e-01,3.397223e-03,1.882324e-01,2.109375e-01,2000,0,4.026653e-02
2026-07-20T19:05:53.908,1784563553.908,25.203,2.017777e-01,3.514461e-03,1.894531e-01,2.121582e-01,2000,0,4.035554e-02
2026-07-20T19:05:54.008,1784563554.008,25.303,2.009463e-01,3.596136e-03,1.896973e-01,2.133789e-01,2000,0,4.018926e-02
2026-07-20T19:05:54.108,1784563554.108,25.403,2.016930e-01,3.359276e-03,1.923828e-01,2.131348e-01,2000,0,4.033860e-02
2026-07-20T19:05:54.208,1784563554.208,25.503,2.017904e-01,3.379129e-03,1.911621e-01,2.192383e-01,2000,0,4.035808e-02
2026-07-20T19:05:54.308,1784563554.308,25.603,2.023192e-01,3.389796e-03,1.914062e-01,2.150879e-01,2000,0,4.046384e-02
2026-07-20T19:05:54.407,1784563554.408,25.703,2.019752e-01,3.434306e-03,1.911621e-01,2.153320e-01,2000,0,4.039504e-02
2026-07-20T19:05:54.507,1784563554.508,25.803,2.016514e-01,3.365943e-03,1.909180e-01,2.131348e-01,2000,0,4.033027e-02
2026-07-20T19:05:54.607,1784563554.608,25.903,2.019791e-01,3.330489e-03,1.882324e-01,2.119141e-01,2000,0,4.039583e-02
2026-07-20T19:05:54.707,1784563554.708,26.003,2.022935e-01,3.487634e-03,1.901855e-01,2.136230e-01,2000,0,4.045869e-02
2026-07-20T19:05:54.807,1784563554.808,26.103,2.021564e-01,3.277877e-03,1.889648e-01,2.111816e-01,2000,0,4.043127e-02
2026-07-20T19:05:54.909,1784563554.910,26.203,2.018669e-01,3.340800e-03,1.906738e-01,2.167969e-01,2000,0,4.037339e-02
2026-07-20T19:05:55.007,1784563555.008,26.303,2.020715e-01,3.255657e-03,1.882324e-01,2.119141e-01,2000,0,4.041431e-02
2026-07-20T19:05:55.108,1784563555.108,26.403,2.020137e-01,3.346048e-03,1.914062e-01,2.133789e-01,2000,0,4.040273e-02
2026-07-20T19:05:55.207,1784563555.208,26.503,2.019274e-01,3.221320e-03,1.906738e-01,2.109375e-01,2000,0,4.038547e-02
2026-07-20T19:05:55.307,1784563555.308,26.603,2.022246e-01,3.198696e-03,1.928711e-01,2.136230e-01,2000,0,4.044492e-02
2026-07-20T19:05:55.408,1784563555.408,26.703,2.021338e-01,3.224869e-03,1.914062e-01,2.153320e-01,2000,0,4.042676e-02
2026-07-20T19:05:55.507,1784563555.508,26.803,2.005851e-01,3.370350e-03,1.904297e-01,2.131348e-01,2000,0,4.011702e-02
2026-07-20T19:05:55.608,1784563555.608,26.903,2.021547e-01,3.177505e-03,1.918945e-01,2.128906e-01,2000,0,4.043093e-02
2026-07-20T19:05:55.708,1784563555.708,27.003,2.023540e-01,3.207492e-03,1.899414e-01,2.126465e-01,2000,0,4.047080e-02
2026-07-20T19:05:55.807,1784563555.808,27.103,2.018840e-01,3.204732e-03,1.892090e-01,2.141113e-01,2000,0,4.037681e-02
2026-07-20T19:05:55.907,1784563555.908,27.203,2.023368e-01,3.309347e-03,1.896973e-01,2.121582e-01,2000,0,4.046736e-02
2026-07-20T19:05:56.008,1784563556.008,27.303,2.022976e-01,3.166257e-03,1.889648e-01,2.128906e-01,2000,0,4.045952e-02
2026-07-20T19:05:56.108,1784563556.108,27.403,2.024276e-01,3.344289e-03,1.916504e-01,2.131348e-01,2000,0,4.048552e-02
2026-07-20T19:05:56.207,1784563556.208,27.503,2.025068e-01,3.227120e-03,1.914062e-01,2.150879e-01,2000,0,4.050137e-02
2026-07-20T19:05:56.307,1784563556.308,27.603,2.026075e-01,3.427766e-03,1.923828e-01,2.131348e-01,2000,0,4.052151e-02
2026-07-20T19:05:56.408,1784563556.408,27.703,2.023401e-01,3.217230e-03,1.911621e-01,2.116699e-01,2000,0,4.046802e-02
2026-07-20T19:05:56.508,1784563556.508,27.803,2.029222e-01,3.267006e-03,1.909180e-01,2.138672e-01,2000,0,4.058445e-02
2026-07-20T19:05:56.610,1784563556.610,27.903,2.025121e-01,3.344583e-03,1.914062e-01,2.121582e-01,2000,0,4.050242e-02
2026-07-20T19:05:56.709,1784563556.710,28.003,2.025255e-01,3.515710e-03,1.914062e-01,2.138672e-01,2000,0,4.050510e-02
2026-07-20T19:05:56.807,1784563556.808,28.103,2.034003e-01,3.416497e-03,1.921387e-01,2.145996e-01,2000,0,4.068005e-02
2026-07-20T19:05:56.907,1784563556.908,28.203,2.035848e-01,3.369644e-03,1.933594e-01,2.158203e-01,2000,0,4.071697e-02
2026-07-20T19:05:57.007,1784563557.008,28.303,2.022300e-01,3.497424e-03,1.906738e-01,2.138672e-01,2000,0,4.044600e-02
2026-07-20T19:05:57.108,1784563557.108,28.403,2.037358e-01,3.357089e-03,1.933594e-01,2.150879e-01,2000,0,4.074717e-02
2026-07-20T19:05:57.210,1784563557.210,28.503,2.034637e-01,3.405804e-03,1.916504e-01,2.143555e-01,2000,0,4.069275e-02
2026-07-20T19:05:57.309,1784563557.310,28.603,2.038339e-01,3.428783e-03,1.894531e-01,2.167969e-01,2000,0,4.076677e-02
2026-07-20T19:05:57.407,1784563557.408,28.703,2.041416e-01,3.529678e-03,1.931152e-01,2.160645e-01,2000,0,4.082832e-02
2026-07-20T19:05:57.507,1784563557.508,28.803,2.041425e-01,3.502796e-03,1.906738e-01,2.167969e-01,2000,0,4.082849e-02
2026-07-20T19:05:57.609,1784563557.610,28.903,2.045653e-01,3.385108e-03,1.940918e-01,2.165527e-01,2000,0,4.091306e-02
2026-07-20T19:05:57.710,1784563557.710,29.003,2.043804e-01,3.505309e-03,1.936035e-01,2.219238e-01,2000,0,4.087607e-02
2026-07-20T19:05:57.809,1784563557.810,29.103,2.046608e-01,3.305876e-03,1.928711e-01,2.160645e-01,2000,0,4.093215e-02
2026-07-20T19:05:57.907,1784563557.908,29.203,2.041890e-01,3.519055e-03,1.928711e-01,2.165527e-01,2000,0,4.083779e-02
2026-07-20T19:05:58.007,1784563558.008,29.303,2.048363e-01,3.474606e-03,1.940918e-01,2.177734e-01,2000,0,4.096726e-02
2026-07-20T19:05:58.110,1784563558.110,29.403,2.049531e-01,3.299693e-03,1.953125e-01,2.182617e-01,2000,0,4.099063e-02
2026-07-20T19:05:58.207,1784563558.208,29.503,2.048368e-01,3.445942e-03,1.945801e-01,2.180176e-01,2000,0,4.096736e-02
2026-07-20T19:05:58.307,1784563558.308,29.603,2.049858e-01,3.461507e-03,1.923828e-01,2.165527e-01,2000,0,4.099717e-02
2026-07-20T19:05:58.408,1784563558.408,29.703,2.052098e-01,3.366605e-03,1.943359e-01,2.172852e-01,2000,0,4.104197e-02
2026-07-20T19:05:58.508,1784563558.508,29.803,2.044418e-01,3.354964e-03,1.926270e-01,2.175293e-01,2000,0,4.088835e-02
2026-07-20T19:05:58.607,1784563558.608,29.903,2.051086e-01,3.270221e-03,1.953125e-01,2.199707e-01,2000,0,4.102173e-02
2026-07-20T19:05:58.708,1784563558.708,30.003,2.049736e-01,3.325611e-03,1.958008e-01,2.177734e-01,2000,0,4.099473e-02
2026-07-20T19:05:58.809,1784563558.810,30.103,2.050785e-01,3.419926e-03,1.938477e-01,2.197266e-01,2000,0,4.101570e-02
2026-07-20T19:05:58.907,1784563558.908,30.203,2.051740e-01,3.242454e-03,1.950684e-01,2.177734e-01,2000,0,4.103479e-02
2026-07-20T19:05:59.008,1784563559.008,30.303,2.055701e-01,3.161963e-03,1.933594e-01,2.189941e-01,2000,0,4.111401e-02
2026-07-20T19:05:59.107,1784563559.108,30.403,2.056930e-01,3.432453e-03,1.936035e-01,2.187500e-01,2000,0,4.113860e-02
2026-07-20T19:05:59.208,1784563559.208,30.503,2.060729e-01,3.173170e-03,1.918945e-01,2.199707e-01,2000,0,4.121458e-02
2026-07-20T19:05:59.307,1784563559.308,30.603,2.061974e-01,3.225992e-03,1.950684e-01,2.177734e-01,2000,0,4.123948e-02
2026-07-20T19:05:59.408,1784563559.408,30.703,2.055372e-01,3.156033e-03,1.955566e-01,2.175293e-01,2000,0,4.110745e-02
2026-07-20T19:05:59.507,1784563559.508,30.803,2.063260e-01,3.191340e-03,1.931152e-01,2.172852e-01,2000,0,4.126521e-02
2026-07-20T19:05:59.607,1784563559.608,30.903,2.063882e-01,3.270738e-03,1.950684e-01,2.167969e-01,2000,0,4.127764e-02
2026-07-20T19:05:59.707,1784563559.708,31.003,2.062728e-01,3.403290e-03,1.943359e-01,2.185059e-01,2000,0,4.125457e-02
2026-07-20T19:05:59.807,1784563559.808,31.103,2.067620e-01,3.243198e-03,1.943359e-01,2.172852e-01,2000,0,4.135239e-02
2026-07-20T19:05:59.908,1784563559.908,31.203,2.066740e-01,3.397063e-03,1.940918e-01,2.170410e-01,2000,0,4.133479e-02
2026-07-20T19:06:00.008,1784563560.008,31.303,2.057753e-01,3.295380e-03,1.950684e-01,2.214355e-01,2000,0,4.115505e-02
2026-07-20T19:06:00.107,1784563560.108,31.403,2.065516e-01,3.406468e-03,1.950684e-01,2.219238e-01,2000,0,4.131033e-02
2026-07-20T19:06:00.207,1784563560.208,31.503,2.061412e-01,3.458386e-03,1.926270e-01,2.189941e-01,2000,0,4.122825e-02
2026-07-20T19:06:00.308,1784563560.308,31.603,2.061089e-01,3.366714e-03,1.945801e-01,2.192383e-01,2000,0,4.122178e-02
2026-07-20T19:06:00.407,1784563560.408,31.703,2.061118e-01,3.375417e-03,1.962891e-01,2.175293e-01,2000,0,4.122236e-02
2026-07-20T19:06:00.508,1784563560.508,31.803,2.051279e-01,3.384272e-03,1.936035e-01,2.163086e-01,2000,0,4.102559e-02
2026-07-20T19:06:00.607,1784563560.608,31.903,2.055701e-01,3.238586e-03,1.955566e-01,2.180176e-01,2000,0,4.111401e-02
2026-07-20T19:06:00.708,1784563560.708,32.003,2.061483e-01,3.428646e-03,1.938477e-01,2.175293e-01,2000,0,4.122966e-02
2026-07-20T19:06:00.808,1784563560.808,32.103,2.048170e-01,3.297161e-03,1.943359e-01,2.175293e-01,2000,0,4.096340e-02
2026-07-20T19:06:00.909,1784563560.910,32.203,2.043988e-01,3.352080e-03,1.931152e-01,2.158203e-01,2000,0,4.087976e-02
2026-07-20T19:06:01.008,1784563561.008,32.303,2.044882e-01,3.416547e-03,1.936035e-01,2.167969e-01,2000,0,4.089763e-02
2026-07-20T19:06:01.108,1784563561.108,32.403,2.040917e-01,3.345955e-03,1.926270e-01,2.150879e-01,2000,0,4.081833e-02
2026-07-20T19:06:01.208,1784563561.208,32.503,2.037355e-01,3.145428e-03,1.904297e-01,2.145996e-01,2000,0,4.074709e-02
2026-07-20T19:06:01.307,1784563561.308,32.603,2.025826e-01,3.310239e-03,1.923828e-01,2.138672e-01,2000,0,4.051653e-02
2026-07-20T19:06:01.408,1784563561.408,32.703,2.024854e-01,3.114880e-03,1.918945e-01,2.128906e-01,2000,0,4.049707e-02
2026-07-20T19:06:01.508,1784563561.508,32.803,2.020072e-01,3.226426e-03,1.909180e-01,2.136230e-01,2000,0,4.040144e-02
2026-07-20T19:06:01.608,1784563561.608,32.903,2.018856e-01,3.141793e-03,1.923828e-01,2.126465e-01,2000,0,4.037712e-02
2026-07-20T19:06:01.708,1784563561.708,33.003,2.007673e-01,3.223187e-03,1.892090e-01,2.106934e-01,2000,0,4.015347e-02
2026-07-20T19:06:01.808,1784563561.808,33.103,2.007195e-01,3.114563e-03,1.911621e-01,2.131348e-01,2000,0,4.014390e-02
2026-07-20T19:06:01.908,1784563561.908,33.203,2.011005e-01,3.013164e-03,1.894531e-01,2.114258e-01,2000,0,4.022009e-02
2026-07-20T19:06:02.008,1784563562.008,33.303,2.004028e-01,2.958663e-03,1.914062e-01,2.114258e-01,2000,0,4.008057e-02
2026-07-20T19:06:02.107,1784563562.108,33.403,1.997422e-01,2.937015e-03,1.909180e-01,2.084961e-01,2000,0,3.994844e-02
2026-07-20T19:06:02.208,1784563562.208,33.503,1.998833e-01,2.853989e-03,1.875000e-01,2.097168e-01,2000,0,3.997666e-02
2026-07-20T19:06:02.308,1784563562.308,33.603,1.992432e-01,2.704424e-03,1.889648e-01,2.089844e-01,2000,0,3.984863e-02
2026-07-20T19:06:02.409,1784563562.410,33.703,1.987009e-01,2.698746e-03,1.816406e-01,2.075195e-01,2000,0,3.974019e-02
2026-07-20T19:06:02.508,1784563562.508,33.803,1.992023e-01,2.693602e-03,1.901855e-01,2.155762e-01,2000,0,3.984045e-02
2026-07-20T19:06:02.610,1784563562.610,33.903,1.983456e-01,2.634629e-03,1.872559e-01,2.075195e-01,2000,0,3.966912e-02
2026-07-20T19:06:02.710,1784563562.710,34.003,1.980139e-01,2.598324e-03,1.901855e-01,2.055664e-01,2000,0,3.960278e-02
2026-07-20T19:06:02.808,1784563562.808,34.103,1.977454e-01,2.608843e-03,1.879883e-01,2.053223e-01,2000,0,3.954907e-02
2026-07-20T19:06:02.908,1784563562.908,34.203,1.972067e-01,2.452115e-03,1.889648e-01,2.062988e-01,2000,0,3.944133e-02
2026-07-20T19:06:03.008,1784563563.008,34.303,1.972069e-01,2.399104e-03,1.879883e-01,2.070312e-01,2000,0,3.944138e-02
2026-07-20T19:06:03.108,1784563563.108,34.403,1.969843e-01,2.510714e-03,1.865234e-01,2.080078e-01,2000,0,3.939685e-02
2026-07-20T19:06:03.208,1784563563.208,34.503,1.966211e-01,2.392571e-03,1.882324e-01,2.060547e-01,2000,0,3.932422e-02
2026-07-20T19:06:03.308,1784563563.308,34.603,1.965078e-01,2.410537e-03,1.879883e-01,2.041016e-01,2000,0,3.930156e-02
2026-07-20T19:06:03.410,1784563563.410,34.703,1.960634e-01,2.580531e-03,1.877441e-01,2.043457e-01,2000,0,3.921267e-02
2026-07-20T19:06:03.510,1784563563.510,34.803,1.959458e-01,2.329019e-03,1.884766e-01,2.038574e-01,2000,0,3.918916e-02
2026-07-20T19:06:03.608,1784563563.608,34.903,1.963357e-01,2.503251e-03,1.872559e-01,2.087402e-01,2000,0,3.926714e-02
2026-07-20T19:06:03.708,1784563563.708,35.003,1.963615e-01,2.594580e-03,1.884766e-01,2.055664e-01,2000,0,3.927229e-02
2026-07-20T19:06:03.808,1784563563.808,35.103,1.956337e-01,2.639802e-03,1.867676e-01,2.045898e-01,2000,0,3.912673e-02
2026-07-20T19:06:03.907,1784563563.908,35.203,1.961388e-01,2.608785e-03,1.882324e-01,2.080078e-01,2000,0,3.922776e-02
2026-07-20T19:06:04.008,1784563564.008,35.303,1.961685e-01,2.648503e-03,1.867676e-01,2.145996e-01,2000,0,3.923369e-02
2026-07-20T19:06:04.108,1784563564.108,35.403,1.956096e-01,2.583071e-03,1.862793e-01,2.050781e-01,2000,0,3.912192e-02
2026-07-20T19:06:04.208,1784563564.208,35.503,1.955029e-01,2.698517e-03,1.865234e-01,2.055664e-01,2000,0,3.910059e-02
2026-07-20T19:06:04.308,1784563564.308,35.603,1.955950e-01,2.887507e-03,1.853027e-01,2.045898e-01,2000,0,3.911899e-02
2026-07-20T19:06:04.410,1784563564.410,35.703,1.952371e-01,2.790235e-03,1.862793e-01,2.060547e-01,2000,0,3.904741e-02
2026-07-20T19:06:04.508,1784563564.508,35.803,1.953739e-01,2.829992e-03,1.870117e-01,2.045898e-01,2000,0,3.907478e-02
2026-07-20T19:06:04.608,1784563564.608,35.903,1.950709e-01,3.018159e-03,1.828613e-01,2.062988e-01,2000,0,3.901418e-02
2026-07-20T19:06:04.708,1784563564.708,36.003,1.949807e-01,3.034778e-03,1.838379e-01,2.055664e-01,2000,0,3.899614e-02
2026-07-20T19:06:04.808,1784563564.808,36.103,1.948306e-01,3.013425e-03,1.818848e-01,2.062988e-01,2000,0,3.896611e-02
2026-07-20T19:06:04.908,1784563564.908,36.203,1.953684e-01,3.028924e-03,1.853027e-01,2.070312e-01,2000,0,3.907368e-02
2026-07-20T19:06:05.008,1784563565.008,36.303,1.947266e-01,3.151325e-03,1.833496e-01,2.062988e-01,2000,0,3.894531e-02
2026-07-20T19:06:05.108,1784563565.108,36.403,1.948076e-01,3.056592e-03,1.850586e-01,2.062988e-01,2000,0,3.896152e-02
2026-07-20T19:06:05.208,1784563565.208,36.503,1.949006e-01,3.312980e-03,1.823730e-01,2.067871e-01,2000,0,3.898013e-02
2026-07-20T19:06:05.308,1784563565.308,36.603,1.946071e-01,3.110119e-03,1.855469e-01,2.048340e-01,2000,0,3.892141e-02
2026-07-20T19:06:05.408,1784563565.408,36.703,1.949719e-01,3.107873e-03,1.848145e-01,2.075195e-01,2000,0,3.899438e-02
2026-07-20T19:06:05.508,1784563565.508,36.803,1.948164e-01,3.177854e-03,1.850586e-01,2.038574e-01,2000,0,3.896328e-02
2026-07-20T19:06:05.610,1784563565.610,36.903,1.944128e-01,3.214033e-03,1.835938e-01,2.053223e-01,2000,0,3.888257e-02
2026-07-20T19:06:05.708,1784563565.708,37.003,1.946085e-01,3.223395e-03,1.831055e-01,2.053223e-01,2000,0,3.892170e-02
2026-07-20T19:06:05.808,1784563565.808,37.103,1.951672e-01,3.183850e-03,1.838379e-01,2.050781e-01,2000,0,3.903345e-02
2026-07-20T19:06:05.908,1784563565.908,37.203,1.950040e-01,3.080916e-03,1.860352e-01,2.065430e-01,2000,0,3.900081e-02
2026-07-20T19:06:06.008,1784563566.008,37.303,1.949906e-01,3.014460e-03,1.828613e-01,2.041016e-01,2000,0,3.899812e-02
2026-07-20T19:06:06.108,1784563566.108,37.403,1.945894e-01,3.153684e-03,1.840820e-01,2.041016e-01,2000,0,3.891787e-02
2026-07-20T19:06:06.210,1784563566.210,37.503,1.941689e-01,3.101308e-03,1.848145e-01,2.075195e-01,2000,0,3.883379e-02
2026-07-20T19:06:06.308,1784563566.308,37.603,1.943506e-01,3.212119e-03,1.833496e-01,2.062988e-01,2000,0,3.887012e-02
2026-07-20T19:06:06.408,1784563566.408,37.703,1.936431e-01,3.210990e-03,1.843262e-01,2.045898e-01,2000,0,3.872861e-02
2026-07-20T19:06:06.507,1784563566.508,37.803,1.933494e-01,3.245806e-03,1.821289e-01,2.048340e-01,2000,0,3.866987e-02
2026-07-20T19:06:06.608,1784563566.608,37.903,1.933431e-01,2.993975e-03,1.835938e-01,2.036133e-01,2000,0,3.866863e-02
2026-07-20T19:06:06.707,1784563566.708,38.003,1.928961e-01,3.264544e-03,1.826172e-01,2.041016e-01,2000,0,3.857922e-02
2026-07-20T19:06:06.808,1784563566.808,38.103,1.924862e-01,3.036241e-03,1.816406e-01,2.031250e-01,2000,0,3.849724e-02
2026-07-20T19:06:06.908,1784563566.908,38.203,1.920378e-01,2.966750e-03,1.811523e-01,2.009277e-01,2000,0,3.840757e-02
2026-07-20T19:06:07.008,1784563567.008,38.303,1.913529e-01,3.017738e-03,1.809082e-01,2.021484e-01,2000,0,3.827058e-02
2026-07-20T19:06:07.110,1784563567.110,38.403,1.908389e-01,3.019379e-03,1.799316e-01,2.031250e-01,2000,0,3.816777e-02
2026-07-20T19:06:07.210,1784563567.210,38.503,1.905605e-01,3.005724e-03,1.760254e-01,2.011719e-01,2000,0,3.811211e-02
2026-07-20T19:06:07.310,1784563567.310,38.603,1.901173e-01,2.882197e-03,1.750488e-01,2.016602e-01,2000,0,3.802346e-02
2026-07-20T19:06:07.410,1784563567.410,38.703,1.892305e-01,3.092774e-03,1.774902e-01,1.994629e-01,2000,0,3.784609e-02
2026-07-20T19:06:07.510,1784563567.510,38.803,1.888779e-01,2.845231e-03,1.738281e-01,2.011719e-01,2000,0,3.777559e-02
2026-07-20T19:06:07.608,1784563567.608,38.903,1.879288e-01,3.141011e-03,1.765137e-01,2.041016e-01,2000,0,3.758577e-02
2026-07-20T19:06:07.708,1784563567.708,39.003,1.878040e-01,3.114654e-03,1.760254e-01,1.979980e-01,2000,0,3.756079e-02
2026-07-20T19:06:07.809,1784563567.810,39.103,1.878217e-01,3.161859e-03,1.760254e-01,1.977539e-01,2000,0,3.756433e-02
2026-07-20T19:06:07.910,1784563567.910,39.203,1.874813e-01,2.994200e-03,1.755371e-01,2.019043e-01,2000,0,3.749626e-02
2026-07-20T19:06:08.010,1784563568.010,39.303,1.870685e-01,3.118465e-03,1.765137e-01,1.962891e-01,2000,0,3.741370e-02
2026-07-20T19:06:08.110,1784563568.110,39.403,1.868248e-01,3.241094e-03,1.757812e-01,2.021484e-01,2000,0,3.736497e-02
2026-07-20T19:06:08.209,1784563568.210,39.503,1.863864e-01,3.238065e-03,1.735840e-01,2.033691e-01,2000,0,3.727727e-02
2026-07-20T19:06:08.310,1784563568.310,39.603,1.859235e-01,3.201038e-03,1.757812e-01,1.962891e-01,2000,0,3.718469e-02
2026-07-20T19:06:08.410,1784563568.410,39.703,1.855878e-01,3.387476e-03,1.757812e-01,1.977539e-01,2000,0,3.711755e-02
2026-07-20T19:06:08.510,1784563568.510,39.803,1.856193e-01,3.309484e-03,1.733398e-01,1.970215e-01,2000,0,3.712385e-02
2026-07-20T19:06:08.608,1784563568.608,39.903,1.851604e-01,3.296578e-03,1.721191e-01,1.948242e-01,2000,0,3.703208e-02
2026-07-20T19:06:08.710,1784563568.710,40.003,1.853052e-01,3.270536e-03,1.765137e-01,1.953125e-01,2000,0,3.706104e-02
2026-07-20T19:06:08.809,1784563568.810,40.103,1.846399e-01,3.609483e-03,1.726074e-01,2.001953e-01,2000,0,3.692798e-02
2026-07-20T19:06:08.910,1784563568.910,40.203,1.845375e-01,3.370046e-03,1.728516e-01,1.948242e-01,2000,0,3.690750e-02
2026-07-20T19:06:09.010,1784563569.010,40.303,1.850746e-01,3.460940e-03,1.748047e-01,1.982422e-01,2000,0,3.701492e-02
2026-07-20T19:06:09.110,1784563569.110,40.403,1.841085e-01,3.294874e-03,1.708984e-01,1.960449e-01,2000,0,3.682170e-02
2026-07-20T19:06:09.210,1784563569.210,40.503,1.845295e-01,3.358404e-03,1.743164e-01,1.953125e-01,2000,0,3.690591e-02
2026-07-20T19:06:09.310,1784563569.310,40.603,1.842668e-01,3.355375e-03,1.682129e-01,1.950684e-01,2000,0,3.685337e-02
2026-07-20T19:06:09.409,1784563569.410,40.703,1.844844e-01,3.613158e-03,1.711426e-01,1.958008e-01,2000,0,3.689688e-02
2026-07-20T19:06:09.508,1784563569.508,40.803,1.840039e-01,3.285806e-03,1.750488e-01,2.004395e-01,2000,0,3.680078e-02
2026-07-20T19:06:09.610,1784563569.610,40.903,1.845542e-01,3.519121e-03,1.721191e-01,1.953125e-01,2000,0,3.691084e-02
2026-07-20T19:06:09.708,1784563569.708,41.003,1.840670e-01,3.337133e-03,1.750488e-01,1.965332e-01,2000,0,3.681340e-02
2026-07-20T19:06:09.810,1784563569.810,41.103,1.841490e-01,3.241018e-03,1.711426e-01,1.950684e-01,2000,0,3.682981e-02
2026-07-20T19:06:09.908,1784563569.908,41.203,1.838950e-01,3.305499e-03,1.728516e-01,1.953125e-01,2000,0,3.677900e-02
2026-07-20T19:06:10.008,1784563570.008,41.303,1.839656e-01,3.251715e-03,1.735840e-01,1.953125e-01,2000,0,3.679312e-02
2026-07-20T19:06:10.108,1784563570.108,41.403,1.837100e-01,3.231978e-03,1.738281e-01,1.948242e-01,2000,0,3.674199e-02
2026-07-20T19:06:10.208,1784563570.208,41.503,1.838782e-01,3.375422e-03,1.738281e-01,1.928711e-01,2000,0,3.677563e-02
2026-07-20T19:06:10.310,1784563570.310,41.603,1.839687e-01,3.208594e-03,1.750488e-01,1.948242e-01,2000,0,3.679375e-02
2026-07-20T19:06:10.408,1784563570.408,41.703,1.840201e-01,3.288387e-03,1.733398e-01,2.031250e-01,2000,0,3.680403e-02
2026-07-20T19:06:10.508,1784563570.508,41.803,1.841205e-01,3.254603e-03,1.735840e-01,2.001953e-01,2000,0,3.682410e-02
2026-07-20T19:06:10.610,1784563570.610,41.903,1.827166e-01,3.418068e-03,1.638184e-01,1.938477e-01,2000,0,3.654331e-02
2026-07-20T19:06:10.710,1784563570.710,42.003,1.839674e-01,3.289563e-03,1.716309e-01,1.962891e-01,2000,0,3.679348e-02
2026-07-20T19:06:10.808,1784563570.808,42.103,1.843278e-01,3.335996e-03,1.738281e-01,1.972656e-01,2000,0,3.686555e-02
2026-07-20T19:06:10.908,1784563570.908,42.203,1.840616e-01,3.337479e-03,1.713867e-01,1.972656e-01,2000,0,3.681233e-02
2026-07-20T19:06:11.010,1784563571.010,42.303,1.838400e-01,3.359267e-03,1.713867e-01,1.953125e-01,2000,0,3.676799e-02
2026-07-20T19:06:11.107,1784563571.108,42.403,1.848125e-01,3.342542e-03,1.716309e-01,1.967773e-01,2000,0,3.696250e-02
2026-07-20T19:06:11.207,1784563571.208,42.503,1.843486e-01,3.474658e-03,1.723633e-01,1.975098e-01,2000,0,3.686973e-02
2026-07-20T19:06:11.307,1784563571.308,42.603,1.840857e-01,3.308108e-03,1.726074e-01,1.948242e-01,2000,0,3.681714e-02
2026-07-20T19:06:11.408,1784563571.408,42.703,1.851360e-01,3.374925e-03,1.755371e-01,1.965332e-01,2000,0,3.702720e-02
2026-07-20T19:06:11.507,1784563571.508,42.803,1.846051e-01,3.439908e-03,1.743164e-01,2.033691e-01,2000,0,3.692102e-02
2026-07-20T19:06:11.607,1784563571.608,42.903,1.846847e-01,3.437540e-03,1.706543e-01,1.972656e-01,2000,0,3.693694e-02
2026-07-20T19:06:11.707,1784563571.708,43.003,1.855787e-01,3.464832e-03,1.750488e-01,1.982422e-01,2000,0,3.711575e-02
2026-07-20T19:06:11.809,1784563571.810,43.103,1.851775e-01,3.505853e-03,1.726074e-01,1.960449e-01,2000,0,3.703550e-02
2026-07-20T19:06:11.908,1784563571.908,43.203,1.855020e-01,3.373544e-03,1.718750e-01,1.997070e-01,2000,0,3.710039e-02
2026-07-20T19:06:12.007,1784563572.008,43.303,1.859501e-01,3.443967e-03,1.745605e-01,1.975098e-01,2000,0,3.719001e-02
2026-07-20T19:06:12.110,1784563572.110,43.403,1.859440e-01,3.506764e-03,1.738281e-01,1.982422e-01,2000,0,3.718879e-02
2026-07-20T19:06:12.209,1784563572.210,43.503,1.860396e-01,3.499998e-03,1.752930e-01,1.997070e-01,2000,0,3.720791e-02
2026-07-20T19:06:12.308,1784563572.308,43.603,1.864015e-01,3.570384e-03,1.728516e-01,1.982422e-01,2000,0,3.728030e-02
2026-07-20T19:06:12.409,1784563572.410,43.703,1.862841e-01,3.571462e-03,1.748047e-01,2.075195e-01,2000,0,3.725681e-02
2026-07-20T19:06:12.510,1784563572.510,43.803,1.864705e-01,3.606940e-03,1.743164e-01,1.972656e-01,2000,0,3.729409e-02
2026-07-20T19:06:12.608,1784563572.608,43.903,1.870269e-01,3.676519e-03,1.760254e-01,2.014160e-01,2000,0,3.740537e-02
2026-07-20T19:06:12.710,1784563572.710,44.003,1.868682e-01,3.712618e-03,1.755371e-01,1.987305e-01,2000,0,3.737363e-02
2026-07-20T19:06:12.808,1784563572.808,44.103,1.871953e-01,3.620652e-03,1.738281e-01,1.984863e-01,2000,0,3.743906e-02
2026-07-20T19:06:12.908,1784563572.908,44.203,1.871305e-01,3.619263e-03,1.740723e-01,1.972656e-01,2000,0,3.742610e-02
2026-07-20T19:06:13.007,1784563573.008,44.303,1.868396e-01,3.840410e-03,1.740723e-01,2.001953e-01,2000,0,3.736792e-02
2026-07-20T19:06:13.108,1784563573.108,44.403,1.869692e-01,3.770947e-03,1.748047e-01,1.977539e-01,2000,0,3.739385e-02
2026-07-20T19:06:13.207,1784563573.208,44.503,1.870326e-01,3.789997e-03,1.726074e-01,1.972656e-01,2000,0,3.740652e-02
2026-07-20T19:06:13.308,1784563573.308,44.603,1.866261e-01,3.672557e-03,1.743164e-01,1.977539e-01,2000,0,3.732522e-02
2026-07-20T19:06:13.408,1784563573.408,44.703,1.868228e-01,3.483451e-03,1.743164e-01,1.970215e-01,2000,0,3.736455e-02
2026-07-20T19:06:13.507,1784563573.508,44.803,1.871078e-01,3.759216e-03,1.733398e-01,1.979980e-01,2000,0,3.742156e-02
2026-07-20T19:06:13.609,1784563573.610,44.903,1.867395e-01,3.728178e-03,1.711426e-01,1.987305e-01,2000,0,3.734790e-02
2026-07-20T19:06:13.707,1784563573.708,45.003,1.869432e-01,3.791150e-03,1.728516e-01,1.972656e-01,2000,0,3.738865e-02
2026-07-20T19:06:13.808,1784563573.808,45.103,1.869502e-01,3.711118e-03,1.699219e-01,2.014160e-01,2000,0,3.739004e-02
2026-07-20T19:06:13.909,1784563573.910,45.203,1.865823e-01,3.960966e-03,1.726074e-01,1.989746e-01,2000,0,3.731646e-02
2026-07-20T19:06:14.007,1784563574.008,45.303,1.873658e-01,3.648947e-03,1.757812e-01,1.982422e-01,2000,0,3.747317e-02
2026-07-20T19:06:14.109,1784563574.110,45.403,1.876710e-01,3.846341e-03,1.735840e-01,1.977539e-01,2000,0,3.753420e-02
2026-07-20T19:06:14.210,1784563574.210,45.503,1.872407e-01,3.486711e-03,1.730957e-01,2.021484e-01,2000,0,3.744814e-02
2026-07-20T19:06:14.310,1784563574.310,45.603,1.873113e-01,3.521270e-03,1.726074e-01,1.999512e-01,2000,0,3.746226e-02
2026-07-20T19:06:14.409,1784563574.410,45.703,1.871713e-01,3.784978e-03,1.706543e-01,1.982422e-01,2000,0,3.743425e-02
2026-07-20T19:06:14.509,1784563574.510,45.803,1.874082e-01,3.725802e-03,1.738281e-01,1.997070e-01,2000,0,3.748164e-02
2026-07-20T19:06:14.609,1784563574.610,45.903,1.871539e-01,3.685288e-03,1.740723e-01,1.975098e-01,2000,0,3.743079e-02
2026-07-20T19:06:14.710,1784563574.711,46.003,1.875309e-01,3.407949e-03,1.743164e-01,1.994629e-01,2000,0,3.750618e-02
2026-07-20T19:06:14.809,1784563574.810,46.103,1.875773e-01,3.798520e-03,1.755371e-01,1.984863e-01,2000,0,3.751545e-02
2026-07-20T19:06:14.910,1784563574.910,46.203,1.878444e-01,3.454723e-03,1.716309e-01,2.004395e-01,2000,0,3.756887e-02
2026-07-20T19:06:15.009,1784563575.010,46.303,1.882351e-01,3.515938e-03,1.770020e-01,1.994629e-01,2000,0,3.764702e-02
2026-07-20T19:06:15.109,1784563575.110,46.403,1.871359e-01,3.673209e-03,1.752930e-01,1.984863e-01,2000,0,3.742717e-02
2026-07-20T19:06:15.207,1784563575.208,46.503,1.876744e-01,3.538245e-03,1.782227e-01,1.999512e-01,2000,0,3.753489e-02
2026-07-20T19:06:15.309,1784563575.310,46.603,1.874868e-01,3.695551e-03,1.752930e-01,2.038574e-01,2000,0,3.749736e-02
2026-07-20T19:06:15.410,1784563575.410,46.703,1.873103e-01,3.306319e-03,1.772461e-01,1.984863e-01,2000,0,3.746206e-02
2026-07-20T19:06:15.509,1784563575.510,46.803,1.879790e-01,3.424054e-03,1.779785e-01,1.997070e-01,2000,0,3.759580e-02
2026-07-20T19:06:15.607,1784563575.608,46.903,1.880045e-01,3.700113e-03,1.760254e-01,1.992188e-01,2000,0,3.760090e-02
2026-07-20T19:06:15.709,1784563575.710,47.003,1.878937e-01,3.576642e-03,1.777344e-01,2.001953e-01,2000,0,3.757874e-02
2026-07-20T19:06:15.809,1784563575.810,47.103,1.882950e-01,3.654751e-03,1.748047e-01,2.023926e-01,2000,0,3.765901e-02
2026-07-20T19:06:15.908,1784563575.908,47.203,1.885192e-01,3.593863e-03,1.767578e-01,2.011719e-01,2000,0,3.770383e-02
2026-07-20T19:06:16.009,1784563576.010,47.303,1.882682e-01,3.646394e-03,1.760254e-01,2.004395e-01,2000,0,3.765364e-02
2026-07-20T19:06:16.109,1784563576.110,47.403,1.888617e-01,3.775538e-03,1.770020e-01,2.019043e-01,2000,0,3.777234e-02
2026-07-20T19:06:16.210,1784563576.210,47.503,1.890546e-01,3.395938e-03,1.794434e-01,2.004395e-01,2000,0,3.781091e-02
2026-07-20T19:06:16.309,1784563576.310,47.603,1.889567e-01,3.819505e-03,1.740723e-01,2.026367e-01,2000,0,3.779133e-02
2026-07-20T19:06:16.409,1784563576.410,47.703,1.891222e-01,3.873321e-03,1.767578e-01,2.036133e-01,2000,0,3.782444e-02
2026-07-20T19:06:16.507,1784563576.508,47.803,1.893126e-01,3.791193e-03,1.779785e-01,2.031250e-01,2000,0,3.786252e-02
2026-07-20T19:06:16.608,1784563576.608,47.903,1.895465e-01,3.658838e-03,1.787109e-01,2.026367e-01,2000,0,3.790930e-02
2026-07-20T19:06:16.707,1784563576.708,48.003,1.900592e-01,3.786248e-03,1.787109e-01,2.043457e-01,2000,0,3.801184e-02
2026-07-20T19:06:16.808,1784563576.808,48.103,1.898561e-01,3.568384e-03,1.770020e-01,2.019043e-01,2000,0,3.797122e-02
2026-07-20T19:06:16.909,1784563576.910,48.203,1.897325e-01,3.746366e-03,1.782227e-01,2.043457e-01,2000,0,3.794651e-02
2026-07-20T19:06:17.008,1784563577.008,48.303,1.900967e-01,3.741908e-03,1.789551e-01,2.038574e-01,2000,0,3.801934e-02
2026-07-20T19:06:17.107,1784563577.108,48.403,1.903754e-01,3.762143e-03,1.772461e-01,2.021484e-01,2000,0,3.807507e-02
2026-07-20T19:06:17.207,1784563577.208,48.503,1.900181e-01,3.683631e-03,1.784668e-01,2.045898e-01,2000,0,3.800361e-02
2026-07-20T19:06:17.308,1784563577.308,48.603,1.901088e-01,3.643586e-03,1.765137e-01,2.026367e-01,2000,0,3.802175e-02
2026-07-20T19:06:17.407,1784563577.408,48.703,1.898872e-01,3.824381e-03,1.774902e-01,2.072754e-01,2000,0,3.797744e-02
2026-07-20T19:06:17.509,1784563577.510,48.803,1.895284e-01,3.639426e-03,1.772461e-01,2.026367e-01,2000,0,3.790569e-02
2026-07-20T19:06:17.607,1784563577.608,48.903,1.889037e-01,3.693249e-03,1.767578e-01,2.026367e-01,2000,0,3.778074e-02
2026-07-20T19:06:17.707,1784563577.708,49.003,1.884640e-01,3.740071e-03,1.748047e-01,2.033691e-01,2000,0,3.769280e-02
2026-07-20T19:06:17.807,1784563577.808,49.103,1.873901e-01,3.570021e-03,1.745605e-01,2.004395e-01,2000,0,3.747803e-02
2026-07-20T19:06:17.908,1784563577.908,49.203,1.866768e-01,3.370154e-03,1.762695e-01,2.011719e-01,2000,0,3.733535e-02
2026-07-20T19:06:18.007,1784563578.008,49.303,1.854762e-01,3.581824e-03,1.723633e-01,1.984863e-01,2000,0,3.709524e-02
2026-07-20T19:06:18.107,1784563578.108,49.403,1.841433e-01,3.803347e-03,1.728516e-01,2.011719e-01,2000,0,3.682866e-02
2026-07-20T19:06:18.207,1784563578.208,49.503,1.825901e-01,3.610944e-03,1.687012e-01,1.953125e-01,2000,0,3.651802e-02
2026-07-20T19:06:18.307,1784563578.308,49.603,1.810060e-01,3.666811e-03,1.704102e-01,1.936035e-01,2000,0,3.620120e-02
2026-07-20T19:06:18.409,1784563578.410,49.703,1.799586e-01,3.554668e-03,1.684570e-01,1.926270e-01,2000,0,3.599172e-02
2026-07-20T19:06:18.507,1784563578.508,49.803,1.778961e-01,3.457324e-03,1.679688e-01,1.892090e-01,2000,0,3.557922e-02
2026-07-20T19:06:18.607,1784563578.608,49.903,1.762969e-01,3.393550e-03,1.647949e-01,1.892090e-01,2000,0,3.525938e-02
2026-07-20T19:06:18.709,1784563578.710,50.003,1.747048e-01,3.437052e-03,1.633301e-01,1.877441e-01,2000,0,3.494097e-02
2026-07-20T19:06:18.808,1784563578.808,50.103,1.724850e-01,3.325443e-03,1.599121e-01,1.845703e-01,2000,0,3.449700e-02
2026-07-20T19:06:18.907,1784563578.908,50.203,1.708021e-01,3.551997e-03,1.589355e-01,1.818848e-01,2000,0,3.416042e-02
2026-07-20T19:06:19.007,1784563579.008,50.303,1.685847e-01,3.342877e-03,1.564941e-01,1.809082e-01,2000,0,3.371694e-02
2026-07-20T19:06:19.108,1784563579.108,50.403,1.665739e-01,3.410002e-03,1.555176e-01,1.777344e-01,2000,0,3.331477e-02
2026-07-20T19:06:19.207,1784563579.208,50.503,1.640048e-01,3.565879e-03,1.513672e-01,1.765137e-01,2000,0,3.280095e-02
2026-07-20T19:06:19.308,1784563579.308,50.603,1.622620e-01,3.101733e-03,1.513672e-01,1.748047e-01,2000,0,3.245239e-02
2026-07-20T19:06:19.407,1784563579.408,50.703,1.596901e-01,3.437638e-03,1.477051e-01,1.718750e-01,2000,0,3.193801e-02
2026-07-20T19:06:19.507,1784563579.508,50.803,1.573268e-01,3.311054e-03,1.455078e-01,1.687012e-01,2000,0,3.146536e-02
2026-07-20T19:06:19.609,1784563579.610,50.903,1.551859e-01,3.362633e-03,1.437988e-01,1.660156e-01,2000,0,3.103718e-02
2026-07-20T19:06:19.707,1784563579.708,51.003,1.525115e-01,3.494257e-03,1.403809e-01,1.655273e-01,2000,0,3.050229e-02
2026-07-20T19:06:19.807,1784563579.808,51.103,1.498289e-01,3.495182e-03,1.394043e-01,1.633301e-01,2000,0,2.996577e-02
2026-07-20T19:06:19.908,1784563579.908,51.203,1.481606e-01,3.305371e-03,1.359863e-01,1.596680e-01,2000,0,2.963213e-02
2026-07-20T19:06:20.008,1784563580.008,51.303,1.455336e-01,3.305220e-03,1.325684e-01,1.567383e-01,2000,0,2.910671e-02
2026-07-20T19:06:20.107,1784563580.108,51.403,1.432552e-01,3.562347e-03,1.308594e-01,1.550293e-01,2000,0,2.865105e-02
2026-07-20T19:06:20.209,1784563580.210,51.503,1.402384e-01,3.460438e-03,1.293945e-01,1.523438e-01,2000,0,2.804768e-02
2026-07-20T19:06:20.307,1784563580.308,51.603,1.383667e-01,3.267715e-03,1.267090e-01,1.486816e-01,2000,0,2.767334e-02
2026-07-20T19:06:20.407,1784563580.408,51.703,1.353575e-01,3.382650e-03,1.250000e-01,1.474609e-01,2000,0,2.707151e-02
2026-07-20T19:06:20.507,1784563580.508,51.803,1.331042e-01,3.271721e-03,1.225586e-01,1.445312e-01,2000,0,2.662085e-02
2026-07-20T19:06:20.607,1784563580.608,51.903,1.309702e-01,3.386477e-03,1.213379e-01,1.416016e-01,2000,0,2.619404e-02
2026-07-20T19:06:20.707,1784563580.708,52.003,1.288182e-01,3.403083e-03,1.188965e-01,1.394043e-01,2000,0,2.576365e-02
2026-07-20T19:06:20.807,1784563580.808,52.103,1.260192e-01,3.300643e-03,1.132812e-01,1.364746e-01,2000,0,2.520383e-02
2026-07-20T19:06:20.909,1784563580.910,52.203,1.246558e-01,3.110489e-03,1.149902e-01,1.362305e-01,2000,0,2.493115e-02
2026-07-20T19:06:21.007,1784563581.008,52.303,1.229365e-01,3.235307e-03,1.127930e-01,1.347656e-01,2000,0,2.458730e-02
2026-07-20T19:06:21.107,1784563581.108,52.403,1.206212e-01,3.259797e-03,1.093750e-01,1.325684e-01,2000,0,2.412424e-02
2026-07-20T19:06:21.207,1784563581.208,52.503,1.190128e-01,3.140700e-03,1.088867e-01,1.320801e-01,2000,0,2.380256e-02
2026-07-20T19:06:21.307,1784563581.308,52.603,1.172303e-01,3.054381e-03,1.069336e-01,1.284180e-01,2000,0,2.344607e-02
2026-07-20T19:06:21.407,1784563581.408,52.703,1.153138e-01,2.962831e-03,1.071777e-01,1.247559e-01,2000,0,2.306277e-02
2026-07-20T19:06:21.507,1784563581.508,52.803,1.137722e-01,2.922088e-03,1.022949e-01,1.247559e-01,2000,0,2.275444e-02
2026-07-20T19:06:21.607,1784563581.608,52.903,1.124917e-01,2.781888e-03,1.040039e-01,1.220703e-01,2000,0,2.249834e-02
2026-07-20T19:06:21.709,1784563581.710,53.003,1.106375e-01,2.821370e-03,1.027832e-01,1.286621e-01,2000,0,2.212749e-02
2026-07-20T19:06:21.810,1784563581.810,53.103,1.089213e-01,2.705806e-03,1.000977e-01,1.179199e-01,2000,0,2.178425e-02
2026-07-20T19:06:21.907,1784563581.908,53.203,1.079547e-01,2.630474e-03,9.765625e-02,1.162109e-01,2000,0,2.159094e-02
2026-07-20T19:06:22.009,1784563582.010,53.303,1.061506e-01,2.693305e-03,9.716797e-02,1.149902e-01,2000,0,2.123013e-02
2026-07-20T19:06:22.108,1784563582.108,53.403,1.056572e-01,2.609828e-03,9.716797e-02,1.149902e-01,2000,0,2.113145e-02
2026-07-20T19:06:22.207,1784563582.208,53.503,1.039683e-01,2.473479e-03,9.643555e-02,1.174316e-01,2000,0,2.079365e-02
2026-07-20T19:06:22.308,1784563582.308,53.603,1.029321e-01,2.443504e-03,9.375000e-02,1.125488e-01,2000,0,2.058643e-02
2026-07-20T19:06:22.407,1784563582.408,53.703,1.026858e-01,2.443746e-03,9.204102e-02,1.110840e-01,2000,0,2.053716e-02
2026-07-20T19:06:22.508,1784563582.508,53.803,1.011265e-01,2.337437e-03,9.130859e-02,1.086426e-01,2000,0,2.022529e-02
2026-07-20T19:06:22.609,1784563582.610,53.903,1.006675e-01,2.327269e-03,9.252930e-02,1.081543e-01,2000,0,2.013350e-02
2026-07-20T19:06:22.709,1784563582.710,54.003,9.985706e-02,2.279263e-03,9.204102e-02,1.071777e-01,2000,0,1.997141e-02
2026-07-20T19:06:22.807,1784563582.808,54.103,9.900818e-02,2.352604e-03,8.959961e-02,1.103516e-01,2000,0,1.980164e-02
2026-07-20T19:06:22.908,1784563582.908,54.203,9.870642e-02,2.152700e-03,9.179688e-02,1.101074e-01,2000,0,1.974128e-02
2026-07-20T19:06:23.010,1784563583.010,54.303,9.864600e-02,2.295209e-03,9.008789e-02,1.052246e-01,2000,0,1.972920e-02
2026-07-20T19:06:23.110,1784563583.110,54.403,9.755139e-02,2.316726e-03,8.666992e-02,1.054688e-01,2000,0,1.951028e-02
2026-07-20T19:06:23.210,1784563583.210,54.503,9.660547e-02,2.387061e-03,8.862305e-02,1.069336e-01,2000,0,1.932109e-02
2026-07-20T19:06:23.310,1784563583.310,54.603,9.651978e-02,2.496796e-03,8.496094e-02,1.101074e-01,2000,0,1.930396e-02
2026-07-20T19:06:23.409,1784563583.410,54.703,9.545105e-02,2.505773e-03,8.618164e-02,1.040039e-01,2000,0,1.909021e-02
2026-07-20T19:06:23.510,1784563583.510,54.803,9.453516e-02,2.644330e-03,8.349609e-02,1.037598e-01,2000,0,1.890703e-02
2026-07-20T19:06:23.609,1784563583.610,54.903,9.405774e-02,2.606018e-03,8.203125e-02,1.018066e-01,2000,0,1.881155e-02
2026-07-20T19:06:23.709,1784563583.710,55.003,9.306775e-02,2.678783e-03,7.836914e-02,1.027832e-01,2000,0,1.861355e-02
2026-07-20T19:06:23.810,1784563583.810,55.103,9.197632e-02,2.759240e-03,8.300781e-02,1.008301e-01,2000,0,1.839526e-02
2026-07-20T19:06:23.910,1784563583.910,55.203,9.180591e-02,2.730816e-03,8.081055e-02,1.013184e-01,2000,0,1.836118e-02
2026-07-20T19:06:24.009,1784563584.010,55.303,9.104626e-02,2.751693e-03,8.154297e-02,9.936523e-02,2000,0,1.820925e-02
2026-07-20T19:06:24.110,1784563584.110,55.403,9.011206e-02,2.947387e-03,8.032227e-02,1.030273e-01,2000,0,1.802241e-02
2026-07-20T19:06:24.210,1784563584.210,55.503,8.832397e-02,3.202901e-03,7.714844e-02,9.863281e-02,2000,0,1.766479e-02
2026-07-20T19:06:24.308,1784563584.308,55.603,8.837231e-02,3.064945e-03,7.861328e-02,1.010742e-01,2000,0,1.767446e-02
2026-07-20T19:06:24.410,1784563584.410,55.703,8.733093e-02,3.146962e-03,7.324219e-02,9.741211e-02,2000,0,1.746619e-02
2026-07-20T19:06:24.510,1784563584.510,55.803,8.747546e-02,3.116661e-03,7.495117e-02,9.741211e-02,2000,0,1.749509e-02
2026-07-20T19:06:24.610,1784563584.610,55.903,8.695068e-02,3.221449e-03,7.641602e-02,9.619141e-02,2000,0,1.739014e-02
2026-07-20T19:06:24.710,1784563584.710,56.003,8.570850e-02,3.107107e-03,7.592773e-02,9.716797e-02,2000,0,1.714170e-02
2026-07-20T19:06:24.809,1784563584.810,56.103,8.617981e-02,3.226025e-03,7.690430e-02,9.594727e-02,2000,0,1.723596e-02
2026-07-20T19:06:24.909,1784563584.910,56.203,8.583484e-02,3.159388e-03,7.568359e-02,9.570312e-02,2000,0,1.716697e-02
2026-07-20T19:06:25.010,1784563585.010,56.303,8.542798e-02,3.151518e-03,7.446289e-02,9.448242e-02,2000,0,1.708560e-02
2026-07-20T19:06:25.110,1784563585.110,56.403,8.526013e-02,3.287403e-03,7.299805e-02,9.765625e-02,2000,0,1.705203e-02
2026-07-20T19:06:25.210,1784563585.210,56.503,8.585645e-02,3.156813e-03,7.519531e-02,9.716797e-02,2000,0,1.717129e-02
2026-07-20T19:06:25.310,1784563585.310,56.603,8.529285e-02,3.159035e-03,7.568359e-02,9.570312e-02,2000,0,1.705857e-02
2026-07-20T19:06:25.410,1784563585.410,56.703,8.555530e-02,3.139630e-03,7.568359e-02,9.741211e-02,2000,0,1.711106e-02
2026-07-20T19:06:25.509,1784563585.510,56.803,8.560535e-02,3.008428e-03,7.690430e-02,1.032715e-01,2000,0,1.712107e-02
2026-07-20T19:06:25.608,1784563585.608,56.903,8.561487e-02,3.134058e-03,7.299805e-02,9.765625e-02,2000,0,1.712297e-02
2026-07-20T19:06:25.707,1784563585.708,57.003,8.505469e-02,3.094588e-03,6.738281e-02,9.399414e-02,2000,0,1.701094e-02
2026-07-20T19:06:25.808,1784563585.808,57.103,8.599133e-02,3.174494e-03,7.006836e-02,9.448242e-02,2000,0,1.719827e-02
2026-07-20T19:06:25.909,1784563585.910,57.203,8.617139e-02,3.143421e-03,7.568359e-02,9.960938e-02,2000,0,1.723428e-02
2026-07-20T19:06:26.008,1784563586.008,57.303,8.658594e-02,3.171712e-03,7.592773e-02,9.497070e-02,2000,0,1.731719e-02
2026-07-20T19:06:26.108,1784563586.108,57.403,8.653857e-02,3.137711e-03,7.666016e-02,9.765625e-02,2000,0,1.730771e-02
2026-07-20T19:06:26.208,1784563586.208,57.503,8.680786e-02,3.129677e-03,7.495117e-02,9.985352e-02,2000,0,1.736157e-02
2026-07-20T19:06:26.308,1784563586.308,57.603,8.695923e-02,3.132304e-03,7.568359e-02,9.594727e-02,2000,0,1.739185e-02
2026-07-20T19:06:26.407,1784563586.408,57.703,8.669812e-02,2.924986e-03,7.568359e-02,9.594727e-02,2000,0,1.733962e-02
2026-07-20T19:06:26.507,1784563586.508,57.803,8.671375e-02,3.026647e-03,7.470703e-02,9.716797e-02,2000,0,1.734275e-02
2026-07-20T19:06:26.608,1784563586.608,57.903,8.650366e-02,3.015599e-03,7.666016e-02,9.790039e-02,2000,0,1.730073e-02
2026-07-20T19:06:26.708,1784563586.708,58.003,8.646375e-02,3.000212e-03,7.666016e-02,9.667969e-02,2000,0,1.729275e-02
2026-07-20T19:06:26.810,1784563586.810,58.103,8.610449e-02,2.968745e-03,7.568359e-02,9.643555e-02,2000,0,1.722090e-02
2026-07-20T19:06:26.907,1784563586.908,58.203,8.615466e-02,2.990182e-03,7.617188e-02,9.643555e-02,2000,0,1.723093e-02
2026-07-20T19:06:27.008,1784563587.008,58.303,8.676453e-02,3.184041e-03,7.470703e-02,9.960938e-02,2000,0,1.735291e-02
2026-07-20T19:06:27.110,1784563587.110,58.403,8.608533e-02,3.103112e-03,7.714844e-02,9.643555e-02,2000,0,1.721707e-02
2026-07-20T19:06:27.208,1784563587.208,58.503,8.560828e-02,3.263385e-03,7.299805e-02,9.741211e-02,2000,0,1.712166e-02
2026-07-20T19:06:27.308,1784563587.308,58.603,8.648914e-02,3.235183e-03,7.177734e-02,9.814453e-02,2000,0,1.729783e-02
2026-07-20T19:06:27.407,1784563587.408,58.703,8.657361e-02,3.353784e-03,7.543945e-02,9.667969e-02,2000,0,1.731472e-02
2026-07-20T19:06:27.508,1784563587.508,58.803,8.627393e-02,3.230287e-03,7.788086e-02,1.027832e-01,2000,0,1.725479e-02
2026-07-20T19:06:27.608,1784563587.608,58.903,8.687952e-02,3.306312e-03,7.666016e-02,9.912109e-02,2000,0,1.737590e-02
2026-07-20T19:06:27.708,1784563587.708,59.003,8.656116e-02,3.236600e-03,7.324219e-02,1.010742e-01,2000,0,1.731223e-02
2026-07-20T19:06:27.808,1784563587.808,59.103,8.640845e-02,3.417707e-03,7.568359e-02,9.936523e-02,2000,0,1.728169e-02
2026-07-20T19:06:27.908,1784563587.908,59.203,8.669189e-02,3.324115e-03,7.568359e-02,9.765625e-02,2000,0,1.733838e-02
2026-07-20T19:06:28.008,1784563588.008,59.303,8.664990e-02,3.357296e-03,7.666016e-02,9.790039e-02,2000,0,1.732998e-02
2026-07-20T19:06:28.108,1784563588.108,59.403,8.695227e-02,3.377013e-03,7.568359e-02,9.985352e-02,2000,0,1.739045e-02
2026-07-20T19:06:28.208,1784563588.208,59.503,8.713391e-02,3.401200e-03,7.568359e-02,9.814453e-02,2000,0,1.742678e-02
2026-07-20T19:06:28.308,1784563588.308,59.603,8.681238e-02,3.299893e-03,7.641602e-02,9.912109e-02,2000,0,1.736248e-02
2026-07-20T19:06:28.408,1784563588.408,59.703,8.689758e-02,3.202618e-03,7.299805e-02,9.790039e-02,2000,0,1.737952e-02
2026-07-20T19:06:28.508,1784563588.508,59.803,8.695227e-02,3.398276e-03,7.568359e-02,9.838867e-02,2000,0,1.739045e-02
2026-07-20T19:06:28.610,1784563588.610,59.903,8.681628e-02,3.246915e-03,7.788086e-02,1.008301e-01,2000,0,1.736326e-02
2026-07-20T19:06:28.708,1784563588.708,60.003,8.670850e-02,3.191508e-03,7.543945e-02,9.765625e-02,2000,0,1.734170e-02
2026-07-20T19:06:28.808,1784563588.808,60.103,8.636621e-02,3.303354e-03,7.592773e-02,9.814453e-02,2000,0,1.727324e-02
2026-07-20T19:06:28.908,1784563588.908,60.203,8.618018e-02,3.347906e-03,7.519531e-02,1.003418e-01,2000,0,1.723604e-02
2026-07-20T19:06:29.008,1784563589.008,60.303,8.586292e-02,3.287552e-03,7.397461e-02,9.643555e-02,2000,0,1.717258e-02
2026-07-20T19:06:29.108,1784563589.108,60.403,8.523438e-02,3.413428e-03,7.080078e-02,9.643555e-02,2000,0,1.704687e-02
2026-07-20T19:06:29.210,1784563589.210,60.503,8.492102e-02,3.311475e-03,7.373047e-02,9.912109e-02,2000,0,1.698420e-02
2026-07-20T19:06:29.308,1784563589.308,60.603,8.496643e-02,3.335697e-03,7.226562e-02,9.985352e-02,2000,0,1.699329e-02
2026-07-20T19:06:29.408,1784563589.408,60.703,8.471521e-02,3.332975e-03,7.177734e-02,9.521484e-02,2000,0,1.694304e-02
2026-07-20T19:06:29.510,1784563589.510,60.803,8.388062e-02,3.303056e-03,7.397461e-02,9.741211e-02,2000,0,1.677612e-02
2026-07-20T19:06:29.608,1784563589.608,60.903,8.355884e-02,3.302880e-03,7.153320e-02,9.472656e-02,2000,0,1.671177e-02
2026-07-20T19:06:29.708,1784563589.708,61.003,8.353137e-02,3.374449e-03,7.153320e-02,9.399414e-02,2000,0,1.670627e-02
2026-07-20T19:06:29.810,1784563589.810,61.103,8.276929e-02,3.297141e-03,7.226562e-02,9.521484e-02,2000,0,1.655386e-02
2026-07-20T19:06:29.908,1784563589.908,61.203,8.231238e-02,3.249039e-03,7.202148e-02,9.301758e-02,2000,0,1.646248e-02
2026-07-20T19:06:30.008,1784563590.008,61.303,8.208240e-02,3.311942e-03,7.128906e-02,9.301758e-02,2000,0,1.641648e-02
2026-07-20T19:06:30.108,1784563590.108,61.403,8.126318e-02,3.236062e-03,6.884766e-02,9.497070e-02,2000,0,1.625264e-02
2026-07-20T19:06:30.208,1784563590.208,61.503,8.069141e-02,3.262278e-03,6.762695e-02,9.155273e-02,2000,0,1.613828e-02
2026-07-20T19:06:30.310,1784563590.310,61.603,8.021973e-02,3.404476e-03,6.347656e-02,9.082031e-02,2000,0,1.604395e-02
2026-07-20T19:06:30.408,1784563590.408,61.703,7.955750e-02,3.186021e-03,6.835938e-02,8.911133e-02,2000,0,1.591150e-02
2026-07-20T19:06:30.510,1784563590.510,61.803,7.878308e-02,3.340070e-03,6.640625e-02,8.959961e-02,2000,0,1.575662e-02
2026-07-20T19:06:30.608,1784563590.608,61.903,7.854102e-02,3.413444e-03,6.762695e-02,9.863281e-02,2000,0,1.570820e-02
2026-07-20T19:06:30.708,1784563590.708,62.003,7.659094e-02,3.355918e-03,6.225586e-02,8.862305e-02,2000,0,1.531819e-02
2026-07-20T19:06:30.808,1784563590.808,62.103,7.668311e-02,3.309931e-03,6.542969e-02,9.204102e-02,2000,0,1.533662e-02
2026-07-20T19:06:30.908,1784563590.908,62.203,7.578979e-02,3.480933e-03,6.372070e-02,8.813477e-02,2000,0,1.515796e-02
2026-07-20T19:06:31.010,1784563591.010,62.303,7.567126e-02,3.342632e-03,6.225586e-02,8.618164e-02,2000,0,1.513425e-02
2026-07-20T19:06:31.108,1784563591.108,62.403,7.478076e-02,3.344252e-03,6.201172e-02,8.422852e-02,2000,0,1.495615e-02
2026-07-20T19:06:31.210,1784563591.210,62.503,7.447717e-02,3.315220e-03,6.274414e-02,8.593750e-02,2000,0,1.489543e-02
2026-07-20T19:06:31.310,1784563591.310,62.603,7.380237e-02,3.363641e-03,6.127930e-02,8.300781e-02,2000,0,1.476047e-02
2026-07-20T19:06:31.408,1784563591.408,62.703,7.294067e-02,3.435335e-03,5.932617e-02,8.398438e-02,2000,0,1.458813e-02
2026-07-20T19:06:31.508,1784563591.509,62.803,7.209778e-02,3.368759e-03,6.103516e-02,8.496094e-02,2000,0,1.441956e-02
2026-07-20T19:06:31.610,1784563591.610,62.903,7.173450e-02,3.370553e-03,5.834961e-02,8.105469e-02,2000,0,1.434690e-02
2026-07-20T19:06:31.710,1784563591.710,63.003,7.142407e-02,3.533755e-03,5.834961e-02,8.276367e-02,2000,0,1.428481e-02
2026-07-20T19:06:31.808,1784563591.808,63.103,7.062195e-02,3.419494e-03,5.590820e-02,8.251953e-02,2000,0,1.412439e-02
2026-07-20T19:06:31.908,1784563591.908,63.203,7.036572e-02,3.323995e-03,5.761719e-02,8.007812e-02,2000,0,1.407314e-02
2026-07-20T19:06:32.010,1784563592.010,63.303,7.018506e-02,3.479655e-03,5.908203e-02,8.227539e-02,2000,0,1.403701e-02
2026-07-20T19:06:32.108,1784563592.108,63.403,6.954150e-02,3.408688e-03,5.834961e-02,7.910156e-02,2000,0,1.390830e-02
2026-07-20T19:06:32.208,1784563592.208,63.503,6.925439e-02,3.461613e-03,5.908203e-02,8.129883e-02,2000,0,1.385088e-02
2026-07-20T19:06:32.308,1784563592.308,63.603,6.925488e-02,3.428823e-03,5.419922e-02,7.861328e-02,2000,0,1.385098e-02
2026-07-20T19:06:32.407,1784563592.408,63.703,6.852698e-02,3.445085e-03,5.590820e-02,7.788086e-02,2000,0,1.370540e-02
2026-07-20T19:06:32.508,1784563592.508,63.803,6.808838e-02,3.365148e-03,5.444336e-02,7.958984e-02,2000,0,1.361768e-02
2026-07-20T19:06:32.608,1784563592.608,63.903,6.767651e-02,3.446811e-03,5.590820e-02,7.910156e-02,2000,0,1.353530e-02
2026-07-20T19:06:32.708,1784563592.708,64.003,6.660364e-02,3.443385e-03,5.371094e-02,8.178711e-02,2000,0,1.332073e-02
2026-07-20T19:06:32.808,1784563592.808,64.103,6.665710e-02,3.391330e-03,5.224609e-02,7.763672e-02,2000,0,1.333142e-02
2026-07-20T19:06:32.908,1784563592.908,64.203,6.609729e-02,3.450097e-03,5.444336e-02,7.885742e-02,2000,0,1.321946e-02
2026-07-20T19:06:33.010,1784563593.010,64.303,6.581384e-02,3.368394e-03,5.566406e-02,7.958984e-02,2000,0,1.316277e-02
2026-07-20T19:06:33.110,1784563593.110,64.403,6.545569e-02,3.434748e-03,5.346680e-02,7.763672e-02,2000,0,1.309114e-02
2026-07-20T19:06:33.208,1784563593.208,64.503,6.540112e-02,3.451680e-03,5.371094e-02,7.739258e-02,2000,0,1.308022e-02
2026-07-20T19:06:33.310,1784563593.310,64.603,6.473242e-02,3.423930e-03,5.371094e-02,7.641602e-02,2000,0,1.294648e-02
2026-07-20T19:06:33.408,1784563593.408,64.703,6.440576e-02,3.454546e-03,5.297852e-02,7.519531e-02,2000,0,1.288115e-02
2026-07-20T19:06:33.508,1784563593.508,64.803,6.481555e-02,3.585201e-03,5.151367e-02,7.812500e-02,2000,0,1.296311e-02
2026-07-20T19:06:33.610,1784563593.610,64.903,6.444409e-02,3.427239e-03,5.419922e-02,7.543945e-02,2000,0,1.288882e-02
2026-07-20T19:06:33.708,1784563593.708,65.003,6.426392e-02,3.568643e-03,5.395508e-02,8.227539e-02,2000,0,1.285278e-02
2026-07-20T19:06:33.808,1784563593.808,65.103,6.438806e-02,3.376611e-03,5.371094e-02,7.739258e-02,2000,0,1.287761e-02
2026-07-20T19:06:33.910,1784563593.910,65.203,6.378381e-02,3.594623e-03,5.297852e-02,7.714844e-02,2000,0,1.275676e-02
2026-07-20T19:06:34.008,1784563594.008,65.303,6.367200e-02,3.480513e-03,5.200195e-02,7.690430e-02,2000,0,1.273440e-02
2026-07-20T19:06:34.108,1784563594.108,65.403,6.348474e-02,3.479140e-03,5.004883e-02,7.836914e-02,2000,0,1.269695e-02
2026-07-20T19:06:34.210,1784563594.211,65.503,6.348206e-02,3.535979e-03,5.126953e-02,7.690430e-02,2000,0,1.269641e-02
2026-07-20T19:06:34.308,1784563594.308,65.603,6.292236e-02,3.489359e-03,5.273438e-02,7.714844e-02,2000,0,1.258447e-02
2026-07-20T19:06:34.408,1784563594.408,65.703,6.337048e-02,3.457618e-03,5.395508e-02,7.836914e-02,2000,0,1.267410e-02
2026-07-20T19:06:34.508,1784563594.508,65.803,6.349133e-02,3.529820e-03,5.297852e-02,7.836914e-02,2000,0,1.269827e-02
2026-07-20T19:06:34.608,1784563594.608,65.903,6.302417e-02,3.545712e-03,5.102539e-02,8.447266e-02,2000,0,1.260483e-02
2026-07-20T19:06:34.708,1784563594.708,66.003,6.329126e-02,3.444234e-03,5.249023e-02,7.788086e-02,2000,0,1.265825e-02
2026-07-20T19:06:34.809,1784563594.810,66.103,6.284424e-02,3.257095e-03,5.273438e-02,7.446289e-02,2000,0,1.256885e-02
2026-07-20T19:06:34.910,1784563594.910,66.203,6.251843e-02,3.431082e-03,5.175781e-02,7.495117e-02,2000,0,1.250369e-02
2026-07-20T19:06:35.008,1784563595.008,66.303,6.240454e-02,3.350434e-03,4.785156e-02,7.495117e-02,2000,0,1.248091e-02
2026-07-20T19:06:35.108,1784563595.108,66.403,6.212537e-02,3.381386e-03,5.151367e-02,7.495117e-02,2000,0,1.242507e-02
2026-07-20T19:06:35.208,1784563595.208,66.503,6.237817e-02,3.457250e-03,5.102539e-02,7.421875e-02,2000,0,1.247563e-02
2026-07-20T19:06:35.310,1784563595.310,66.603,6.222034e-02,3.385548e-03,4.980469e-02,7.421875e-02,2000,0,1.244407e-02
2026-07-20T19:06:35.408,1784563595.408,66.703,6.194019e-02,3.434757e-03,4.980469e-02,7.202148e-02,2000,0,1.238804e-02
2026-07-20T19:06:35.510,1784563595.510,66.803,6.162366e-02,3.380964e-03,4.956055e-02,7.128906e-02,2000,0,1.232473e-02
2026-07-20T19:06:35.608,1784563595.608,66.903,6.155457e-02,3.334770e-03,4.736328e-02,7.202148e-02,2000,0,1.231091e-02
2026-07-20T19:06:35.708,1784563595.708,67.003,6.145349e-02,3.380906e-03,5.102539e-02,7.202148e-02,2000,0,1.229070e-02
2026-07-20T19:06:35.807,1784563595.808,67.103,6.074683e-02,3.234317e-03,4.931641e-02,7.128906e-02,2000,0,1.214937e-02
2026-07-20T19:06:35.907,1784563595.908,67.203,6.063281e-02,3.224423e-03,4.907227e-02,7.080078e-02,2000,0,1.212656e-02
2026-07-20T19:06:36.007,1784563596.008,67.303,6.015210e-02,3.402591e-03,4.638672e-02,7.226562e-02,2000,0,1.203042e-02
2026-07-20T19:06:36.107,1784563596.108,67.403,6.017017e-02,3.315248e-03,4.687500e-02,7.153320e-02,2000,0,1.203403e-02
2026-07-20T19:06:36.208,1784563596.208,67.503,5.994189e-02,3.496095e-03,4.711914e-02,7.031250e-02,2000,0,1.198838e-02
2026-07-20T19:06:36.308,1784563596.308,67.603,5.902441e-02,3.453648e-03,4.614258e-02,6.982422e-02,2000,0,1.180488e-02
2026-07-20T19:06:36.408,1784563596.408,67.703,5.922791e-02,3.487406e-03,4.565430e-02,7.104492e-02,2000,0,1.184558e-02
2026-07-20T19:06:36.507,1784563596.508,67.803,5.943433e-02,3.384724e-03,4.809570e-02,6.958008e-02,2000,0,1.188687e-02
2026-07-20T19:06:36.607,1784563596.608,67.903,5.835510e-02,3.442989e-03,4.516602e-02,6.787109e-02,2000,0,1.167102e-02
2026-07-20T19:06:36.707,1784563596.708,68.003,5.864709e-02,3.603219e-03,4.199219e-02,6.909180e-02,2000,0,1.172942e-02
2026-07-20T19:06:36.808,1784563596.808,68.103,5.929565e-02,3.626079e-03,4.565430e-02,6.982422e-02,2000,0,1.185913e-02
2026-07-20T19:06:36.908,1784563596.908,68.203,5.863403e-02,3.517259e-03,4.516602e-02,6.909180e-02,2000,0,1.172681e-02
2026-07-20T19:06:37.007,1784563597.008,68.303,5.852405e-02,3.409736e-03,4.370117e-02,7.421875e-02,2000,0,1.170481e-02
2026-07-20T19:06:37.108,1784563597.108,68.403,5.886182e-02,3.508144e-03,4.711914e-02,7.006836e-02,2000,0,1.177236e-02
2026-07-20T19:06:37.207,1784563597.208,68.503,5.803723e-02,3.373714e-03,4.687500e-02,6.811523e-02,2000,0,1.160745e-02
2026-07-20T19:06:37.307,1784563597.308,68.603,5.834290e-02,3.269933e-03,4.760742e-02,6.860352e-02,2000,0,1.166858e-02
2026-07-20T19:06:37.408,1784563597.408,68.703,5.834326e-02,3.549299e-03,4.687500e-02,6.958008e-02,2000,0,1.166865e-02
2026-07-20T19:06:37.508,1784563597.508,68.803,5.824048e-02,3.366266e-03,4.467773e-02,6.860352e-02,2000,0,1.164810e-02
2026-07-20T19:06:37.609,1784563597.610,68.903,5.820679e-02,3.177861e-03,4.394531e-02,6.835938e-02,2000,0,1.164136e-02
2026-07-20T19:06:37.708,1784563597.708,69.003,5.845251e-02,3.439281e-03,4.516602e-02,6.958008e-02,2000,0,1.169050e-02
2026-07-20T19:06:37.809,1784563597.810,69.103,5.778564e-02,3.102853e-03,4.760742e-02,6.884766e-02,2000,0,1.155713e-02
2026-07-20T19:06:37.910,1784563597.910,69.203,5.785046e-02,3.314801e-03,4.663086e-02,7.006836e-02,2000,0,1.157009e-02
2026-07-20T19:06:38.008,1784563598.008,69.303,5.834875e-02,3.164627e-03,4.174805e-02,6.811523e-02,2000,0,1.166975e-02
2026-07-20T19:06:38.109,1784563598.110,69.403,5.775879e-02,3.071844e-03,4.321289e-02,6.665039e-02,2000,0,1.155176e-02
2026-07-20T19:06:38.210,1784563598.210,69.503,5.811499e-02,3.095396e-03,4.638672e-02,6.738281e-02,2000,0,1.162300e-02
2026-07-20T19:06:38.307,1784563598.308,69.603,5.847278e-02,3.039506e-03,4.956055e-02,6.738281e-02,2000,0,1.169456e-02
2026-07-20T19:06:38.410,1784563598.410,69.703,5.862769e-02,3.172952e-03,4.760742e-02,7.153320e-02,2000,0,1.172554e-02
2026-07-20T19:06:38.507,1784563598.508,69.803,5.909448e-02,3.109832e-03,4.980469e-02,7.080078e-02,2000,0,1.181890e-02
2026-07-20T19:06:38.609,1784563598.610,69.903,5.876282e-02,3.194204e-03,3.979492e-02,7.128906e-02,2000,0,1.175256e-02
2026-07-20T19:06:38.708,1784563598.708,70.003,5.901648e-02,3.151858e-03,4.736328e-02,7.006836e-02,2000,0,1.180330e-02
2026-07-20T19:06:38.807,1784563598.808,70.103,5.900696e-02,3.114798e-03,4.492188e-02,7.055664e-02,2000,0,1.180139e-02
2026-07-20T19:06:38.907,1784563598.908,70.203,6.020862e-02,3.053865e-03,5.004883e-02,7.153320e-02,2000,0,1.204172e-02
2026-07-20T19:06:39.009,1784563599.010,70.303,6.013696e-02,3.049530e-03,5.078125e-02,6.982422e-02,2000,0,1.202739e-02
2026-07-20T19:06:39.108,1784563599.108,70.403,6.107825e-02,3.084303e-03,5.102539e-02,7.202148e-02,2000,0,1.221565e-02
2026-07-20T19:06:39.207,1784563599.208,70.503,6.174939e-02,3.150085e-03,5.200195e-02,7.373047e-02,2000,0,1.234988e-02
2026-07-20T19:06:39.307,1784563599.308,70.603,6.054333e-02,2.992394e-03,4.956055e-02,7.104492e-02,2000,0,1.210867e-02
2026-07-20T19:06:39.407,1784563599.408,70.703,6.228870e-02,3.054319e-03,5.175781e-02,7.397461e-02,2000,0,1.245774e-02
2026-07-20T19:06:39.507,1784563599.508,70.803,6.308496e-02,3.144937e-03,5.200195e-02,7.519531e-02,2000,0,1.261699e-02
2026-07-20T19:06:39.609,1784563599.610,70.903,6.356067e-02,3.200755e-03,5.151367e-02,7.421875e-02,2000,0,1.271213e-02
2026-07-20T19:06:39.708,1784563599.708,71.003,6.422302e-02,3.317063e-03,5.517578e-02,7.495117e-02,2000,0,1.284460e-02
2026-07-20T19:06:39.807,1784563599.808,71.103,6.481189e-02,3.191555e-03,5.346680e-02,7.666016e-02,2000,0,1.296238e-02
2026-07-20T19:06:39.909,1784563599.910,71.203,6.428040e-02,3.184767e-03,5.224609e-02,7.617188e-02,2000,0,1.285608e-02
2026-07-20T19:06:40.009,1784563600.010,71.303,6.548389e-02,3.115647e-03,5.566406e-02,7.495117e-02,2000,0,1.309678e-02
2026-07-20T19:06:40.107,1784563600.108,71.403,6.654736e-02,3.319845e-03,5.200195e-02,7.641602e-02,2000,0,1.330947e-02
2026-07-20T19:06:40.207,1784563600.208,71.503,6.657410e-02,3.310684e-03,5.517578e-02,7.690430e-02,2000,0,1.331482e-02
2026-07-20T19:06:40.307,1784563600.308,71.603,6.723755e-02,3.435033e-03,5.541992e-02,7.885742e-02,2000,0,1.344751e-02
2026-07-20T19:06:40.408,1784563600.408,71.703,6.788232e-02,3.348350e-03,5.078125e-02,7.934570e-02,2000,0,1.357646e-02
2026-07-20T19:06:40.509,1784563600.510,71.803,6.792749e-02,3.296890e-03,5.615234e-02,7.885742e-02,2000,0,1.358550e-02
2026-07-20T19:06:40.607,1784563600.608,71.903,6.843359e-02,3.281141e-03,5.395508e-02,7.788086e-02,2000,0,1.368672e-02
2026-07-20T19:06:40.707,1784563600.708,72.003,6.895654e-02,3.134466e-03,5.908203e-02,7.861328e-02,2000,0,1.379131e-02
2026-07-20T19:06:40.807,1784563600.808,72.103,6.782019e-02,3.097066e-03,5.834961e-02,7.739258e-02,2000,0,1.356404e-02
2026-07-20T19:06:40.907,1784563600.908,72.203,6.920520e-02,3.003106e-03,5.688477e-02,7.885742e-02,2000,0,1.384104e-02
2026-07-20T19:06:41.007,1784563601.008,72.303,6.876025e-02,2.921057e-03,5.908203e-02,8.374023e-02,2000,0,1.375205e-02
2026-07-20T19:06:41.108,1784563601.108,72.403,6.940308e-02,3.008268e-03,5.957031e-02,8.007812e-02,2000,0,1.388062e-02
2026-07-20T19:06:41.207,1784563601.208,72.503,6.968860e-02,2.936291e-03,5.932617e-02,7.861328e-02,2000,0,1.393772e-02
2026-07-20T19:06:41.307,1784563601.308,72.603,6.935107e-02,2.814097e-03,5.957031e-02,7.958984e-02,2000,0,1.387021e-02
2026-07-20T19:06:41.407,1784563601.408,72.703,6.932727e-02,2.771434e-03,6.079102e-02,7.641602e-02,2000,0,1.386545e-02
2026-07-20T19:06:41.507,1784563601.508,72.803,6.942053e-02,2.605856e-03,6.176758e-02,8.618164e-02,2000,0,1.388411e-02
2026-07-20T19:06:41.607,1784563601.608,72.903,6.932703e-02,2.541669e-03,6.054688e-02,7.788086e-02,2000,0,1.386541e-02
2026-07-20T19:06:41.709,1784563601.710,73.003,6.898059e-02,2.643537e-03,6.030273e-02,7.666016e-02,2000,0,1.379612e-02
2026-07-20T19:06:41.807,1784563601.808,73.103,6.899390e-02,2.518298e-03,5.786133e-02,7.910156e-02,2000,0,1.379878e-02
2026-07-20T19:06:41.910,1784563601.910,73.203,6.902991e-02,2.488753e-03,6.054688e-02,7.739258e-02,2000,0,1.380598e-02
2026-07-20T19:06:42.007,1784563602.008,73.303,6.876208e-02,2.478390e-03,5.957031e-02,7.788086e-02,2000,0,1.375242e-02
2026-07-20T19:06:42.107,1784563602.108,73.403,6.861865e-02,2.394025e-03,5.786133e-02,7.641602e-02,2000,0,1.372373e-02
2026-07-20T19:06:42.209,1784563602.210,73.503,6.788147e-02,2.299199e-03,5.908203e-02,7.568359e-02,2000,0,1.357629e-02
2026-07-20T19:06:42.307,1784563602.308,73.603,6.676807e-02,2.408836e-03,5.664062e-02,7.836914e-02,2000,0,1.335361e-02
2026-07-20T19:06:42.407,1784563602.408,73.703,6.846802e-02,2.464623e-03,6.079102e-02,8.056641e-02,2000,0,1.369360e-02
2026-07-20T19:06:42.507,1784563602.508,73.803,6.681213e-02,2.366988e-03,5.981445e-02,7.617188e-02,2000,0,1.336243e-02
2026-07-20T19:06:42.608,1784563602.608,73.903,6.698633e-02,2.521308e-03,5.541992e-02,7.666016e-02,2000,0,1.339727e-02
2026-07-20T19:06:42.707,1784563602.708,74.003,6.678308e-02,2.437902e-03,5.786133e-02,7.446289e-02,2000,0,1.335662e-02
2026-07-20T19:06:42.809,1784563602.810,74.103,6.655334e-02,2.418798e-03,5.615234e-02,8.129883e-02,2000,0,1.331067e-02
2026-07-20T19:06:42.907,1784563602.908,74.203,6.620190e-02,2.460914e-03,5.712891e-02,7.739258e-02,2000,0,1.324038e-02
2026-07-20T19:06:43.007,1784563603.008,74.303,6.602820e-02,2.594626e-03,5.273438e-02,7.568359e-02,2000,0,1.320564e-02
2026-07-20T19:06:43.109,1784563603.110,74.403,6.553870e-02,2.542747e-03,5.786133e-02,7.470703e-02,2000,0,1.310774e-02
2026-07-20T19:06:43.207,1784563603.208,74.503,6.506958e-02,2.745148e-03,5.664062e-02,7.495117e-02,2000,0,1.301392e-02
2026-07-20T19:06:43.307,1784563603.308,74.603,6.500305e-02,2.694651e-03,5.737305e-02,7.446289e-02,2000,0,1.300061e-02
2026-07-20T19:06:43.407,1784563603.408,74.703,6.481995e-02,2.848369e-03,5.444336e-02,7.421875e-02,2000,0,1.296399e-02
2026-07-20T19:06:43.507,1784563603.508,74.803,6.422314e-02,2.997363e-03,5.200195e-02,8.300781e-02,2000,0,1.284463e-02
2026-07-20T19:06:43.608,1784563603.608,74.903,6.437366e-02,2.966259e-03,5.444336e-02,8.227539e-02,2000,0,1.287473e-02
2026-07-20T19:06:43.709,1784563603.710,75.003,6.362012e-02,2.953519e-03,4.541016e-02,7.446289e-02,2000,0,1.272402e-02
2026-07-20T19:06:43.807,1784563603.808,75.103,6.310510e-02,2.986784e-03,4.833984e-02,7.202148e-02,2000,0,1.262102e-02
2026-07-20T19:06:43.907,1784563603.908,75.203,6.319604e-02,2.985939e-03,4.931641e-02,7.910156e-02,2000,0,1.263921e-02
2026-07-20T19:06:44.009,1784563604.010,75.303,6.299316e-02,3.094925e-03,5.249023e-02,7.397461e-02,2000,0,1.259863e-02
2026-07-20T19:06:44.109,1784563604.110,75.403,6.300818e-02,2.969355e-03,5.297852e-02,7.666016e-02,2000,0,1.260164e-02
2026-07-20T19:06:44.207,1784563604.208,75.503,6.274719e-02,3.115289e-03,5.224609e-02,7.348633e-02,2000,0,1.254944e-02
2026-07-20T19:06:44.309,1784563604.310,75.603,6.279358e-02,3.067775e-03,4.931641e-02,7.397461e-02,2000,0,1.255872e-02
2026-07-20T19:06:44.409,1784563604.410,75.703,6.297766e-02,3.121838e-03,5.078125e-02,7.250977e-02,2000,0,1.259553e-02
2026-07-20T19:06:44.508,1784563604.508,75.803,6.257092e-02,3.143856e-03,5.102539e-02,7.324219e-02,2000,0,1.251418e-02
2026-07-20T19:06:44.607,1784563604.608,75.903,6.217993e-02,3.030407e-03,5.249023e-02,7.128906e-02,2000,0,1.243599e-02
2026-07-20T19:06:44.710,1784563604.710,76.003,6.279712e-02,3.090630e-03,5.273438e-02,7.348633e-02,2000,0,1.255942e-02
2026-07-20T19:06:44.807,1784563604.808,76.103,6.251270e-02,3.094681e-03,5.249023e-02,7.324219e-02,2000,0,1.250254e-02
2026-07-20T19:06:44.909,1784563604.910,76.203,6.268860e-02,3.139564e-03,5.200195e-02,7.495117e-02,2000,0,1.253772e-02
2026-07-20T19:06:45.008,1784563605.008,76.303,6.295325e-02,2.977174e-03,5.078125e-02,8.227539e-02,2000,0,1.259065e-02
2026-07-20T19:06:45.108,1784563605.108,76.403,6.319678e-02,2.950777e-03,5.224609e-02,7.299805e-02,2000,0,1.263936e-02
2026-07-20T19:06:45.207,1784563605.208,76.503,6.316541e-02,2.955313e-03,5.322266e-02,7.226562e-02,2000,0,1.263308e-02
2026-07-20T19:06:45.308,1784563605.308,76.603,6.333093e-02,3.004068e-03,5.175781e-02,7.324219e-02,2000,0,1.266619e-02
2026-07-20T19:06:45.407,1784563605.408,76.703,6.386865e-02,2.857048e-03,5.346680e-02,7.275391e-02,2000,0,1.277373e-02
2026-07-20T19:06:45.508,1784563605.508,76.803,6.303113e-02,2.916246e-03,5.224609e-02,7.519531e-02,2000,0,1.260623e-02
2026-07-20T19:06:45.609,1784563605.610,76.903,6.319690e-02,2.965242e-03,5.371094e-02,7.324219e-02,2000,0,1.263938e-02
2026-07-20T19:06:45.708,1784563605.708,77.003,6.345068e-02,2.831282e-03,5.004883e-02,7.421875e-02,2000,0,1.269014e-02
2026-07-20T19:06:45.807,1784563605.808,77.103,6.350110e-02,2.889540e-03,5.419922e-02,7.324219e-02,2000,0,1.270022e-02
2026-07-20T19:06:45.909,1784563605.910,77.203,6.347424e-02,2.828434e-03,5.346680e-02,7.226562e-02,2000,0,1.269485e-02
2026-07-20T19:06:46.010,1784563606.010,77.303,6.393811e-02,3.107254e-03,5.200195e-02,7.714844e-02,2000,0,1.278762e-02
2026-07-20T19:06:46.107,1784563606.108,77.403,6.362451e-02,2.893924e-03,5.493164e-02,7.519531e-02,2000,0,1.272490e-02
2026-07-20T19:06:46.209,1784563606.210,77.503,6.332397e-02,2.886351e-03,5.419922e-02,7.495117e-02,2000,0,1.266479e-02
2026-07-20T19:06:46.308,1784563606.308,77.603,6.406360e-02,2.981125e-03,5.371094e-02,7.446289e-02,2000,0,1.281272e-02
2026-07-20T19:06:46.409,1784563606.410,77.703,6.435437e-02,2.944086e-03,5.395508e-02,7.373047e-02,2000,0,1.287087e-02
2026-07-20T19:06:46.508,1784563606.508,77.803,6.374207e-02,3.099902e-03,5.444336e-02,7.495117e-02,2000,0,1.274841e-02
2026-07-20T19:06:46.607,1784563606.608,77.903,6.473291e-02,3.150073e-03,5.297852e-02,7.543945e-02,2000,0,1.294658e-02
2026-07-20T19:06:46.708,1784563606.708,78.003,6.433618e-02,3.177015e-03,5.395508e-02,7.714844e-02,2000,0,1.286724e-02
2026-07-20T19:06:46.808,1784563606.808,78.103,6.448083e-02,2.952342e-03,5.566406e-02,7.495117e-02,2000,0,1.289617e-02
2026-07-20T19:06:46.907,1784563606.908,78.203,6.514026e-02,3.110960e-03,5.590820e-02,7.617188e-02,2000,0,1.302805e-02
2026-07-20T19:06:47.008,1784563607.008,78.303,6.515662e-02,3.204130e-03,5.078125e-02,7.617188e-02,2000,0,1.303132e-02
2026-07-20T19:06:47.110,1784563607.110,78.403,6.584119e-02,3.352457e-03,5.371094e-02,7.812500e-02,2000,0,1.316824e-02
2026-07-20T19:06:47.210,1784563607.210,78.503,6.709290e-02,3.289829e-03,5.664062e-02,7.934570e-02,2000,0,1.341858e-02
2026-07-20T19:06:47.309,1784563607.310,78.603,6.722607e-02,3.426154e-03,5.102539e-02,7.885742e-02,2000,0,1.344521e-02
2026-07-20T19:06:47.408,1784563607.408,78.703,6.715369e-02,3.312798e-03,5.419922e-02,7.958984e-02,2000,0,1.343074e-02
2026-07-20T19:06:47.510,1784563607.510,78.803,6.764954e-02,3.366158e-03,5.786133e-02,8.496094e-02,2000,0,1.352991e-02
2026-07-20T19:06:47.609,1784563607.610,78.903,6.854248e-02,3.279378e-03,5.981445e-02,8.007812e-02,2000,0,1.370850e-02
2026-07-20T19:06:47.709,1784563607.710,79.003,6.908362e-02,3.263872e-03,5.957031e-02,7.910156e-02,2000,0,1.381672e-02
2026-07-20T19:06:47.810,1784563607.810,79.103,6.985608e-02,3.385197e-03,6.005859e-02,8.203125e-02,2000,0,1.397122e-02
2026-07-20T19:06:47.907,1784563607.908,79.203,7.031934e-02,3.328696e-03,5.932617e-02,8.447266e-02,2000,0,1.406387e-02
2026-07-20T19:06:48.009,1784563608.010,79.303,7.130786e-02,3.285983e-03,6.127930e-02,8.154297e-02,2000,0,1.426157e-02
2026-07-20T19:06:48.110,1784563608.110,79.403,7.186719e-02,3.342833e-03,5.859375e-02,8.715820e-02,2000,0,1.437344e-02
2026-07-20T19:06:48.210,1784563608.210,79.503,7.233435e-02,3.362715e-03,5.664062e-02,8.398438e-02,2000,0,1.446687e-02
2026-07-20T19:06:48.310,1784563608.310,79.603,7.278613e-02,3.335836e-03,6.127930e-02,8.447266e-02,2000,0,1.455723e-02
2026-07-20T19:06:48.409,1784563608.410,79.703,7.323071e-02,3.253881e-03,6.323242e-02,8.398438e-02,2000,0,1.464614e-02
2026-07-20T19:06:48.510,1784563608.510,79.803,7.396252e-02,3.269507e-03,6.420898e-02,8.715820e-02,2000,0,1.479250e-02
2026-07-20T19:06:48.610,1784563608.610,79.903,7.441638e-02,3.177096e-03,6.323242e-02,8.691406e-02,2000,0,1.488328e-02
2026-07-20T19:06:48.708,1784563608.708,80.003,7.502173e-02,3.374793e-03,6.323242e-02,8.764648e-02,2000,0,1.500435e-02
2026-07-20T19:06:48.810,1784563608.810,80.103,7.514404e-02,3.183194e-03,6.420898e-02,9.008789e-02,2000,0,1.502881e-02
2026-07-20T19:06:48.910,1784563608.910,80.203,7.562109e-02,3.202605e-03,6.396484e-02,8.789062e-02,2000,0,1.512422e-02
2026-07-20T19:06:49.008,1784563609.008,80.303,7.602930e-02,3.141436e-03,6.445312e-02,8.715820e-02,2000,0,1.520586e-02
2026-07-20T19:06:49.110,1784563609.110,80.403,7.651038e-02,3.161693e-03,6.591797e-02,8.813477e-02,2000,0,1.530208e-02
2026-07-20T19:06:49.208,1784563609.208,80.503,7.685718e-02,3.119261e-03,6.689453e-02,8.886719e-02,2000,0,1.537144e-02
2026-07-20T19:06:49.307,1784563609.308,80.603,7.754419e-02,3.034397e-03,6.640625e-02,9.448242e-02,2000,0,1.550884e-02
2026-07-20T19:06:49.408,1784563609.408,80.703,7.787402e-02,3.294354e-03,6.542969e-02,9.179688e-02,2000,0,1.557480e-02
2026-07-20T19:06:49.508,1784563609.508,80.803,7.804285e-02,3.158375e-03,6.713867e-02,8.789062e-02,2000,0,1.560857e-02
2026-07-20T19:06:49.607,1784563609.608,80.903,7.890393e-02,3.027848e-03,6.811523e-02,9.033203e-02,2000,0,1.578079e-02
2026-07-20T19:06:49.709,1784563609.710,81.003,7.902771e-02,3.007154e-03,6.762695e-02,8.862305e-02,2000,0,1.580554e-02
2026-07-20T19:06:49.808,1784563609.808,81.103,7.954138e-02,3.108650e-03,6.640625e-02,9.130859e-02,2000,0,1.590828e-02
2026-07-20T19:06:49.907,1784563609.908,81.203,7.909900e-02,3.060343e-03,6.884766e-02,9.057617e-02,2000,0,1.581980e-02
2026-07-20T19:06:50.010,1784563610.010,81.303,7.972998e-02,3.018269e-03,6.640625e-02,9.033203e-02,2000,0,1.594600e-02
2026-07-20T19:06:50.108,1784563610.108,81.403,7.967834e-02,2.981167e-03,6.835938e-02,8.911133e-02,2000,0,1.593567e-02
2026-07-20T19:06:50.208,1784563610.208,81.503,8.044885e-02,3.105769e-03,6.884766e-02,9.008789e-02,2000,0,1.608977e-02
2026-07-20T19:06:50.310,1784563610.310,81.603,8.020630e-02,3.079148e-03,6.787109e-02,9.130859e-02,2000,0,1.604126e-02
2026-07-20T19:06:50.410,1784563610.410,81.703,8.018347e-02,3.014186e-03,6.933594e-02,9.179688e-02,2000,0,1.603669e-02
2026-07-20T19:06:50.508,1784563610.508,81.803,8.061731e-02,3.235734e-03,6.933594e-02,9.155273e-02,2000,0,1.612346e-02
2026-07-20T19:06:50.608,1784563610.608,81.903,8.007654e-02,3.089681e-03,6.518555e-02,9.570312e-02,2000,0,1.601531e-02
2026-07-20T19:06:50.710,1784563610.710,82.003,7.974805e-02,3.189864e-03,6.884766e-02,8.984375e-02,2000,0,1.594961e-02
2026-07-20T19:06:50.808,1784563610.808,82.103,8.029688e-02,3.199874e-03,6.298828e-02,9.033203e-02,2000,0,1.605938e-02
2026-07-20T19:06:50.908,1784563610.908,82.203,7.952820e-02,3.170199e-03,6.640625e-02,9.033203e-02,2000,0,1.590564e-02
2026-07-20T19:06:51.008,1784563611.008,82.303,7.939441e-02,3.210191e-03,6.811523e-02,9.008789e-02,2000,0,1.587888e-02
2026-07-20T19:06:51.108,1784563611.108,82.403,7.963428e-02,3.179437e-03,6.787109e-02,9.057617e-02,2000,0,1.592686e-02
2026-07-20T19:06:51.208,1784563611.208,82.503,7.930298e-02,3.207179e-03,6.811523e-02,9.155273e-02,2000,0,1.586060e-02
2026-07-20T19:06:51.309,1784563611.310,82.603,7.897900e-02,3.349303e-03,6.787109e-02,8.959961e-02,2000,0,1.579580e-02
2026-07-20T19:06:51.410,1784563611.410,82.703,7.841589e-02,3.257661e-03,6.713867e-02,8.984375e-02,2000,0,1.568318e-02
2026-07-20T19:06:51.508,1784563611.508,82.803,7.802344e-02,3.318768e-03,6.787109e-02,8.813477e-02,2000,0,1.560469e-02
2026-07-20T19:06:51.607,1784563611.608,82.903,7.826477e-02,3.395344e-03,6.738281e-02,9.106445e-02,2000,0,1.565295e-02
2026-07-20T19:06:51.708,1784563611.708,83.003,7.861682e-02,3.495581e-03,6.787109e-02,9.204102e-02,2000,0,1.572336e-02
2026-07-20T19:06:51.808,1784563611.808,83.103,7.819739e-02,3.510880e-03,6.518555e-02,9.399414e-02,2000,0,1.563948e-02
2026-07-20T19:06:51.908,1784563611.908,83.203,7.833191e-02,3.407605e-03,6.713867e-02,8.837891e-02,2000,0,1.566638e-02
2026-07-20T19:06:52.008,1784563612.008,83.303,7.806079e-02,3.494059e-03,6.689453e-02,8.837891e-02,2000,0,1.561216e-02
2026-07-20T19:06:52.108,1784563612.108,83.403,7.789514e-02,3.383415e-03,6.738281e-02,8.862305e-02,2000,0,1.557903e-02
2026-07-20T19:06:52.208,1784563612.208,83.503,7.749207e-02,3.505424e-03,6.640625e-02,8.911133e-02,2000,0,1.549841e-02
2026-07-20T19:06:52.308,1784563612.308,83.603,7.760132e-02,3.529196e-03,6.616211e-02,9.033203e-02,2000,0,1.552026e-02
2026-07-20T19:06:52.410,1784563612.411,83.703,7.692236e-02,3.433780e-03,6.445312e-02,8.593750e-02,2000,0,1.538447e-02
2026-07-20T19:06:52.508,1784563612.508,83.803,7.678186e-02,3.306299e-03,6.445312e-02,9.008789e-02,2000,0,1.535637e-02
2026-07-20T19:06:52.608,1784563612.608,83.903,7.685864e-02,3.489230e-03,6.518555e-02,8.764648e-02,2000,0,1.537173e-02
2026-07-20T19:06:52.709,1784563612.710,84.003,7.622498e-02,3.474106e-03,6.567383e-02,8.959961e-02,2000,0,1.524500e-02
2026-07-20T19:06:52.807,1784563612.808,84.103,7.597791e-02,3.562431e-03,6.225586e-02,8.544922e-02,2000,0,1.519558e-02
2026-07-20T19:06:52.910,1784563612.910,84.203,7.522437e-02,3.424239e-03,6.445312e-02,8.496094e-02,2000,0,1.504487e-02
2026-07-20T19:06:53.010,1784563613.010,84.303,7.562585e-02,3.384907e-03,6.445312e-02,8.886719e-02,2000,0,1.512517e-02
2026-07-20T19:06:53.108,1784563613.108,84.403,7.537195e-02,3.422457e-03,6.152344e-02,8.593750e-02,2000,0,1.507439e-02
2026-07-20T19:06:53.208,1784563613.208,84.503,7.499341e-02,3.368973e-03,6.396484e-02,8.496094e-02,2000,0,1.499868e-02
2026-07-20T19:06:53.307,1784563613.308,84.603,7.460852e-02,3.734543e-03,6.127930e-02,8.520508e-02,2000,0,1.492170e-02
2026-07-20T19:06:53.408,1784563613.408,84.703,7.499878e-02,3.465215e-03,6.127930e-02,8.593750e-02,2000,0,1.499976e-02
2026-07-20T19:06:53.507,1784563613.508,84.803,7.408887e-02,3.584563e-03,5.981445e-02,8.398438e-02,2000,0,1.481777e-02
2026-07-20T19:06:53.607,1784563613.608,84.903,7.428699e-02,3.563955e-03,6.274414e-02,8.471680e-02,2000,0,1.485740e-02
2026-07-20T19:06:53.708,1784563613.708,85.003,7.417004e-02,3.565178e-03,6.250000e-02,8.911133e-02,2000,0,1.483401e-02
2026-07-20T19:06:53.808,1784563613.808,85.103,7.345691e-02,3.318580e-03,6.201172e-02,8.496094e-02,2000,0,1.469138e-02
2026-07-20T19:06:53.908,1784563613.908,85.203,7.347913e-02,3.422235e-03,5.908203e-02,8.325195e-02,2000,0,1.469583e-02
2026-07-20T19:06:54.008,1784563614.008,85.303,7.375842e-02,3.176751e-03,6.372070e-02,8.666992e-02,2000,0,1.475168e-02
2026-07-20T19:06:54.108,1784563614.108,85.403,7.325391e-02,3.281578e-03,6.127930e-02,8.398438e-02,2000,0,1.465078e-02
2026-07-20T19:06:54.208,1784563614.208,85.503,7.316345e-02,3.324900e-03,6.347656e-02,8.349609e-02,2000,0,1.463269e-02
2026-07-20T19:06:54.308,1784563614.308,85.603,7.330859e-02,3.442868e-03,6.030273e-02,8.422852e-02,2000,0,1.466172e-02
2026-07-20T19:06:54.410,1784563614.410,85.703,7.277954e-02,3.559768e-03,6.103516e-02,8.496094e-02,2000,0,1.455591e-02
2026-07-20T19:06:54.510,1784563614.510,85.803,7.297473e-02,3.387475e-03,6.127930e-02,8.349609e-02,2000,0,1.459495e-02
2026-07-20T19:06:54.608,1784563614.608,85.903,7.347327e-02,3.413289e-03,6.005859e-02,8.471680e-02,2000,0,1.469465e-02
2026-07-20T19:06:54.710,1784563614.710,86.003,7.315918e-02,3.531512e-03,6.103516e-02,8.520508e-02,2000,0,1.463184e-02
2026-07-20T19:06:54.808,1784563614.808,86.103,7.341028e-02,3.530230e-03,6.250000e-02,8.520508e-02,2000,0,1.468206e-02
2026-07-20T19:06:54.908,1784563614.908,86.203,7.415808e-02,3.414093e-03,6.274414e-02,8.422852e-02,2000,0,1.483162e-02
2026-07-20T19:06:55.008,1784563615.008,86.303,7.386951e-02,3.515643e-03,6.396484e-02,9.057617e-02,2000,0,1.477390e-02
2026-07-20T19:06:55.110,1784563615.110,86.403,7.365381e-02,3.535670e-03,6.054688e-02,8.544922e-02,2000,0,1.473076e-02
2026-07-20T19:06:55.208,1784563615.208,86.503,7.479321e-02,3.413121e-03,6.518555e-02,8.666992e-02,2000,0,1.495864e-02
2026-07-20T19:06:55.308,1784563615.308,86.603,7.463940e-02,3.548568e-03,6.176758e-02,8.813477e-02,2000,0,1.492788e-02
2026-07-20T19:06:55.408,1784563615.408,86.703,7.482800e-02,3.601517e-03,6.396484e-02,8.691406e-02,2000,0,1.496560e-02
2026-07-20T19:06:55.508,1784563615.508,86.803,7.523401e-02,3.504140e-03,6.347656e-02,8.789062e-02,2000,0,1.504680e-02
2026-07-20T19:06:55.608,1784563615.608,86.903,7.571106e-02,3.479341e-03,6.445312e-02,8.813477e-02,2000,0,1.514221e-02
2026-07-20T19:06:55.708,1784563615.708,87.003,7.580737e-02,3.564386e-03,6.396484e-02,9.155273e-02,2000,0,1.516147e-02
2026-07-20T19:06:55.810,1784563615.811,87.103,7.671594e-02,3.651174e-03,6.518555e-02,8.911133e-02,2000,0,1.534319e-02
2026-07-20T19:06:55.908,1784563615.908,87.203,7.648254e-02,3.644777e-03,6.494141e-02,8.837891e-02,2000,0,1.529651e-02
2026-07-20T19:06:56.010,1784563616.010,87.303,7.757971e-02,3.583873e-03,6.616211e-02,9.326172e-02,2000,0,1.551594e-02
2026-07-20T19:06:56.108,1784563616.108,87.403,7.846741e-02,3.597315e-03,6.542969e-02,9.277344e-02,2000,0,1.569348e-02
2026-07-20T19:06:56.208,1784563616.208,87.503,7.873120e-02,3.640256e-03,6.591797e-02,9.204102e-02,2000,0,1.574624e-02
2026-07-20T19:06:56.308,1784563616.308,87.603,7.892371e-02,3.560729e-03,6.811523e-02,9.301758e-02,2000,0,1.578474e-02
2026-07-20T19:06:56.408,1784563616.408,87.703,7.997009e-02,3.634636e-03,6.591797e-02,9.326172e-02,2000,0,1.599402e-02
2026-07-20T19:06:56.508,1784563616.508,87.803,8.024438e-02,3.805676e-03,6.933594e-02,9.350586e-02,2000,0,1.604888e-02
2026-07-20T19:06:56.610,1784563616.610,87.903,8.063965e-02,3.631480e-03,6.933594e-02,9.423828e-02,2000,0,1.612793e-02
2026-07-20T19:06:56.708,1784563616.708,88.003,8.155688e-02,3.821746e-03,6.787109e-02,9.936523e-02,2000,0,1.631138e-02
2026-07-20T19:06:56.808,1784563616.808,88.103,8.142578e-02,3.683334e-03,6.738281e-02,9.692383e-02,2000,0,1.628516e-02
2026-07-20T19:06:56.908,1784563616.908,88.203,8.232166e-02,3.712628e-03,7.006836e-02,1.025391e-01,2000,0,1.646433e-02
2026-07-20T19:06:57.008,1784563617.008,88.303,8.325757e-02,3.726281e-03,7.006836e-02,9.765625e-02,2000,0,1.665151e-02
2026-07-20T19:06:57.108,1784563617.108,88.403,8.367871e-02,3.665457e-03,7.299805e-02,1.008301e-01,2000,0,1.673574e-02
2026-07-20T19:06:57.208,1784563617.208,88.503,8.410913e-02,3.553080e-03,7.153320e-02,9.619141e-02,2000,0,1.682183e-02
2026-07-20T19:06:57.307,1784563617.308,88.603,8.572681e-02,4.009910e-03,7.226562e-02,1.010742e-01,2000,0,1.714536e-02
2026-07-20T19:06:57.408,1784563617.408,88.703,8.560278e-02,3.705813e-03,7.250977e-02,1.005859e-01,2000,0,1.712056e-02
2026-07-20T19:06:57.508,1784563617.508,88.803,8.579016e-02,3.561670e-03,7.495117e-02,9.838867e-02,2000,0,1.715803e-02
2026-07-20T19:06:57.608,1784563617.608,88.903,8.682312e-02,3.618233e-03,7.568359e-02,1.000977e-01,2000,0,1.736462e-02
2026-07-20T19:06:57.708,1784563617.708,89.003,8.721008e-02,3.600452e-03,7.275391e-02,1.000977e-01,2000,0,1.744202e-02
2026-07-20T19:06:57.808,1784563617.808,89.103,8.719299e-02,3.525049e-03,7.641602e-02,9.960938e-02,2000,0,1.743860e-02
2026-07-20T19:06:57.907,1784563617.908,89.203,8.776208e-02,3.812522e-03,7.495117e-02,1.003418e-01,2000,0,1.755242e-02
2026-07-20T19:06:58.010,1784563618.010,89.303,8.756934e-02,3.751323e-03,7.397461e-02,9.936523e-02,2000,0,1.751387e-02
2026-07-20T19:06:58.110,1784563618.110,89.403,8.773169e-02,3.683152e-03,7.592773e-02,1.008301e-01,2000,0,1.754634e-02
2026-07-20T19:06:58.208,1784563618.208,89.503,8.809253e-02,3.771669e-03,7.617188e-02,1.018066e-01,2000,0,1.761851e-02
2026-07-20T19:06:58.310,1784563618.310,89.603,8.765869e-02,3.638854e-03,7.348633e-02,1.008301e-01,2000,0,1.753174e-02
2026-07-20T19:06:58.410,1784563618.410,89.703,8.760205e-02,3.629936e-03,7.202148e-02,9.960938e-02,2000,0,1.752041e-02
2026-07-20T19:06:58.507,1784563618.508,89.803,8.798218e-02,4.091402e-03,7.617188e-02,1.013184e-01,2000,0,1.759644e-02
2026-07-20T19:06:58.610,1784563618.610,89.903,8.768445e-02,3.910827e-03,7.568359e-02,9.936523e-02,2000,0,1.753689e-02
2026-07-20T19:06:58.709,1784563618.710,90.003,8.745520e-02,3.828485e-03,7.592773e-02,9.985352e-02,2000,0,1.749104e-02
2026-07-20T19:06:58.808,1784563618.808,90.103,8.750232e-02,3.978240e-03,7.568359e-02,1.003418e-01,2000,0,1.750046e-02
2026-07-20T19:06:58.909,1784563618.910,90.203,8.711621e-02,4.038874e-03,7.470703e-02,9.912109e-02,2000,0,1.742324e-02
2026-07-20T19:06:59.007,1784563619.008,90.303,8.689929e-02,3.896479e-03,7.568359e-02,1.044922e-01,2000,0,1.737986e-02
2026-07-20T19:06:59.107,1784563619.108,90.403,8.668103e-02,3.973140e-03,7.519531e-02,9.912109e-02,2000,0,1.733621e-02
2026-07-20T19:06:59.210,1784563619.210,90.503,8.628381e-02,3.802770e-03,7.470703e-02,9.838867e-02,2000,0,1.725676e-02
2026-07-20T19:06:59.307,1784563619.308,90.603,8.604883e-02,4.030747e-03,7.324219e-02,9.960938e-02,2000,0,1.720977e-02
2026-07-20T19:06:59.408,1784563619.408,90.703,8.629553e-02,3.917821e-03,7.470703e-02,1.020508e-01,2000,0,1.725911e-02
2026-07-20T19:06:59.507,1784563619.508,90.803,8.553552e-02,3.906727e-03,7.202148e-02,9.912109e-02,2000,0,1.710710e-02
2026-07-20T19:06:59.610,1784563619.610,90.903,8.483301e-02,3.822500e-03,7.275391e-02,9.936523e-02,2000,0,1.696660e-02
2026-07-20T19:06:59.708,1784563619.708,91.003,8.507446e-02,3.680632e-03,7.348633e-02,9.692383e-02,2000,0,1.701489e-02
2026-07-20T19:06:59.810,1784563619.810,91.103,8.485901e-02,3.718288e-03,7.031250e-02,9.741211e-02,2000,0,1.697180e-02
2026-07-20T19:06:59.910,1784563619.910,91.203,8.470752e-02,3.588232e-03,7.324219e-02,9.741211e-02,2000,0,1.694150e-02
2026-07-20T19:07:00.010,1784563620.010,91.303,8.381201e-02,3.590034e-03,6.933594e-02,9.521484e-02,2000,0,1.676240e-02
2026-07-20T19:07:00.109,1784563620.110,91.403,8.503735e-02,3.466204e-03,6.958008e-02,9.765625e-02,2000,0,1.700747e-02
2026-07-20T19:07:00.210,1784563620.210,91.503,8.473120e-02,3.476759e-03,7.373047e-02,9.765625e-02,2000,0,1.694624e-02
2026-07-20T19:07:00.308,1784563620.308,91.603,8.452380e-02,3.319061e-03,7.446289e-02,9.790039e-02,2000,0,1.690476e-02
2026-07-20T19:07:00.410,1784563620.410,91.703,8.421875e-02,3.238739e-03,7.177734e-02,9.497070e-02,2000,0,1.684375e-02
2026-07-20T19:07:00.507,1784563620.508,91.803,8.488867e-02,3.157536e-03,7.470703e-02,9.472656e-02,2000,0,1.697773e-02
2026-07-20T19:07:00.607,1784563620.608,91.903,8.451843e-02,3.086843e-03,7.397461e-02,1.013184e-01,2000,0,1.690369e-02
2026-07-20T19:07:00.707,1784563620.708,92.003,8.435596e-02,2.916142e-03,7.421875e-02,9.326172e-02,2000,0,1.687119e-02
2026-07-20T19:07:00.807,1784563620.808,92.103,8.408386e-02,2.729471e-03,7.543945e-02,9.301758e-02,2000,0,1.681677e-02
2026-07-20T19:07:00.907,1784563620.908,92.203,8.435376e-02,2.811943e-03,7.568359e-02,9.448242e-02,2000,0,1.687075e-02
2026-07-20T19:07:01.010,1784563621.010,92.303,8.380457e-02,2.767429e-03,7.153320e-02,9.301758e-02,2000,0,1.676091e-02
2026-07-20T19:07:01.110,1784563621.110,92.403,8.401062e-02,2.682715e-03,7.592773e-02,9.399414e-02,2000,0,1.680212e-02
2026-07-20T19:07:01.207,1784563621.208,92.503,8.406409e-02,2.714015e-03,7.446289e-02,9.204102e-02,2000,0,1.681282e-02
2026-07-20T19:07:01.309,1784563621.310,92.603,8.345752e-02,2.723476e-03,7.348633e-02,9.228516e-02,2000,0,1.669150e-02
2026-07-20T19:07:01.410,1784563621.411,92.703,8.369727e-02,2.678903e-03,7.324219e-02,9.252930e-02,2000,0,1.673945e-02
2026-07-20T19:07:01.507,1784563621.508,92.803,8.375000e-02,2.551152e-03,7.519531e-02,9.301758e-02,2000,0,1.675000e-02
2026-07-20T19:07:01.607,1784563621.608,92.903,8.279919e-02,2.575844e-03,7.177734e-02,9.155273e-02,2000,0,1.655984e-02
2026-07-20T19:07:01.710,1784563621.710,93.003,8.306873e-02,2.447116e-03,6.982422e-02,9.252930e-02,2000,0,1.661375e-02
2026-07-20T19:07:01.807,1784563621.808,93.103,8.287610e-02,2.657798e-03,7.373047e-02,9.179688e-02,2000,0,1.657522e-02
2026-07-20T19:07:01.910,1784563621.910,93.203,8.236670e-02,2.555327e-03,7.348633e-02,9.106445e-02,2000,0,1.647334e-02
2026-07-20T19:07:02.010,1784563622.010,93.303,8.223437e-02,2.787694e-03,7.226562e-02,9.326172e-02,2000,0,1.644687e-02
2026-07-20T19:07:02.108,1784563622.108,93.403,8.216370e-02,2.676055e-03,7.348633e-02,9.448242e-02,2000,0,1.643274e-02
2026-07-20T19:07:02.209,1784563622.210,93.503,8.165906e-02,2.805699e-03,7.324219e-02,9.472656e-02,2000,0,1.633181e-02
2026-07-20T19:07:02.307,1784563622.308,93.603,8.122217e-02,2.967403e-03,7.128906e-02,9.082031e-02,2000,0,1.624443e-02
2026-07-20T19:07:02.410,1784563622.410,93.703,8.113281e-02,2.908458e-03,6.762695e-02,9.179688e-02,2000,0,1.622656e-02
2026-07-20T19:07:02.510,1784563622.510,93.803,8.112720e-02,3.050056e-03,6.958008e-02,9.228516e-02,2000,0,1.622544e-02
2026-07-20T19:07:02.607,1784563622.608,93.903,8.050195e-02,3.030771e-03,6.689453e-02,9.252930e-02,2000,0,1.610039e-02
2026-07-20T19:07:02.710,1784563622.710,94.003,8.018970e-02,3.008830e-03,7.055664e-02,9.082031e-02,2000,0,1.603794e-02
2026-07-20T19:07:02.809,1784563622.810,94.103,8.001257e-02,3.232226e-03,6.542969e-02,8.984375e-02,2000,0,1.600251e-02
2026-07-20T19:07:02.909,1784563622.910,94.203,8.012915e-02,3.138136e-03,6.420898e-02,9.033203e-02,2000,0,1.602583e-02
2026-07-20T19:07:03.009,1784563623.010,94.303,7.990845e-02,3.331361e-03,7.055664e-02,9.619141e-02,2000,0,1.598169e-02
2026-07-20T19:07:03.109,1784563623.110,94.403,7.962927e-02,3.209780e-03,7.031250e-02,8.935547e-02,2000,0,1.592585e-02
2026-07-20T19:07:03.208,1784563623.208,94.503,7.936047e-02,3.445237e-03,6.616211e-02,9.106445e-02,2000,0,1.587209e-02
2026-07-20T19:07:03.307,1784563623.308,94.603,7.954541e-02,3.500996e-03,6.616211e-02,9.106445e-02,2000,0,1.590908e-02
2026-07-20T19:07:03.410,1784563623.410,94.703,7.948779e-02,3.412168e-03,6.860352e-02,9.155273e-02,2000,0,1.589756e-02
2026-07-20T19:07:03.510,1784563623.510,94.803,7.897290e-02,3.419462e-03,6.860352e-02,8.959961e-02,2000,0,1.579458e-02
2026-07-20T19:07:03.607,1784563623.608,94.903,7.963501e-02,3.424500e-03,6.835938e-02,9.008789e-02,2000,0,1.592700e-02
2026-07-20T19:07:03.709,1784563623.710,95.003,7.898596e-02,3.351690e-03,6.665039e-02,9.130859e-02,2000,0,1.579719e-02
2026-07-20T19:07:03.809,1784563623.810,95.103,7.852844e-02,3.472155e-03,6.811523e-02,9.033203e-02,2000,0,1.570569e-02
2026-07-20T19:07:03.907,1784563623.908,95.203,7.879700e-02,3.548525e-03,6.518555e-02,8.984375e-02,2000,0,1.575940e-02
2026-07-20T19:07:04.007,1784563624.008,95.303,7.840088e-02,3.404874e-03,6.787109e-02,9.155273e-02,2000,0,1.568018e-02
2026-07-20T19:07:04.109,1784563624.110,95.403,7.783374e-02,3.532072e-03,6.787109e-02,9.448242e-02,2000,0,1.556675e-02
2026-07-20T19:07:04.207,1784563624.208,95.503,7.749951e-02,3.667364e-03,6.591797e-02,8.935547e-02,2000,0,1.549990e-02
2026-07-20T19:07:04.307,1784563624.308,95.603,7.681030e-02,3.460789e-03,6.616211e-02,9.057617e-02,2000,0,1.536206e-02
2026-07-20T19:07:04.407,1784563624.408,95.703,7.665417e-02,3.692637e-03,6.518555e-02,8.813477e-02,2000,0,1.533083e-02
2026-07-20T19:07:04.509,1784563624.510,95.803,7.614795e-02,3.575276e-03,6.640625e-02,8.715820e-02,2000,0,1.522959e-02
2026-07-20T19:07:04.609,1784563624.610,95.903,7.514648e-02,3.629855e-03,6.445312e-02,9.228516e-02,2000,0,1.502930e-02
2026-07-20T19:07:04.709,1784563624.710,96.003,7.497180e-02,3.610239e-03,6.396484e-02,8.569336e-02,2000,0,1.499436e-02
2026-07-20T19:07:04.809,1784563624.810,96.103,7.464380e-02,3.624439e-03,6.323242e-02,8.520508e-02,2000,0,1.492876e-02
2026-07-20T19:07:04.909,1784563624.910,96.203,7.404858e-02,3.604256e-03,6.127930e-02,8.569336e-02,2000,0,1.480972e-02
2026-07-20T19:07:05.009,1784563625.010,96.303,7.340015e-02,3.726088e-03,6.225586e-02,8.374023e-02,2000,0,1.468003e-02
2026-07-20T19:07:05.109,1784563625.110,96.403,7.331226e-02,3.793003e-03,5.981445e-02,8.715820e-02,2000,0,1.466245e-02
2026-07-20T19:07:05.209,1784563625.210,96.503,7.221143e-02,3.592890e-03,6.103516e-02,8.618164e-02,2000,0,1.444229e-02
2026-07-20T19:07:05.309,1784563625.310,96.603,7.172717e-02,3.661957e-03,6.005859e-02,8.276367e-02,2000,0,1.434543e-02
2026-07-20T19:07:05.409,1784563625.410,96.703,7.150586e-02,3.904460e-03,5.981445e-02,8.447266e-02,2000,0,1.430117e-02
2026-07-20T19:07:05.508,1784563625.508,96.803,7.073328e-02,3.889406e-03,5.883789e-02,8.911133e-02,2000,0,1.414666e-02
2026-07-20T19:07:05.610,1784563625.610,96.903,6.999658e-02,3.830492e-03,5.810547e-02,8.520508e-02,2000,0,1.399932e-02
2026-07-20T19:07:05.707,1784563625.708,97.003,6.998669e-02,3.822478e-03,5.615234e-02,8.178711e-02,2000,0,1.399734e-02
2026-07-20T19:07:05.807,1784563625.808,97.103,6.955652e-02,3.891254e-03,5.639648e-02,8.081055e-02,2000,0,1.391130e-02
2026-07-20T19:07:05.910,1784563625.910,97.203,6.935815e-02,3.964198e-03,5.615234e-02,8.129883e-02,2000,0,1.387163e-02
2026-07-20T19:07:06.007,1784563626.008,97.303,6.888025e-02,4.031882e-03,5.493164e-02,8.227539e-02,2000,0,1.377605e-02
2026-07-20T19:07:06.107,1784563626.108,97.403,6.810474e-02,3.861855e-03,5.615234e-02,8.007812e-02,2000,0,1.362095e-02
2026-07-20T19:07:06.208,1784563626.208,97.503,6.797632e-02,4.073311e-03,5.419922e-02,7.910156e-02,2000,0,1.359526e-02
2026-07-20T19:07:06.308,1784563626.308,97.603,6.812585e-02,3.962250e-03,5.224609e-02,8.032227e-02,2000,0,1.362517e-02
2026-07-20T19:07:06.407,1784563626.408,97.703,6.710498e-02,3.933786e-03,5.273438e-02,7.788086e-02,2000,0,1.342100e-02
2026-07-20T19:07:06.509,1784563626.510,97.803,6.648572e-02,3.784838e-03,5.053711e-02,7.836914e-02,2000,0,1.329714e-02
2026-07-20T19:07:06.607,1784563626.608,97.903,6.707458e-02,3.875932e-03,5.444336e-02,8.740234e-02,2000,0,1.341492e-02
2026-07-20T19:07:06.708,1784563626.708,98.003,6.659119e-02,3.961280e-03,5.371094e-02,7.836914e-02,2000,0,1.331824e-02
2026-07-20T19:07:06.810,1784563626.810,98.103,6.639734e-02,3.787597e-03,4.858398e-02,7.666016e-02,2000,0,1.327947e-02
2026-07-20T19:07:06.907,1784563626.908,98.203,6.616992e-02,3.653734e-03,5.297852e-02,7.739258e-02,2000,0,1.323398e-02
2026-07-20T19:07:07.007,1784563627.008,98.303,6.523474e-02,3.772940e-03,5.053711e-02,7.714844e-02,2000,0,1.304695e-02
2026-07-20T19:07:07.107,1784563627.108,98.403,6.538745e-02,3.789422e-03,5.273438e-02,7.739258e-02,2000,0,1.307749e-02
2026-07-20T19:07:07.208,1784563627.208,98.503,6.549963e-02,3.670713e-03,5.322266e-02,7.617188e-02,2000,0,1.309993e-02
2026-07-20T19:07:07.308,1784563627.308,98.603,6.501526e-02,3.633949e-03,5.200195e-02,7.519531e-02,2000,0,1.300305e-02
2026-07-20T19:07:07.410,1784563627.410,98.703,6.469116e-02,3.752334e-03,5.175781e-02,7.690430e-02,2000,0,1.293823e-02
2026-07-20T19:07:07.508,1784563627.508,98.803,6.492737e-02,3.667730e-03,5.175781e-02,7.592773e-02,2000,0,1.298547e-02
2026-07-20T19:07:07.610,1784563627.610,98.903,6.495325e-02,3.603768e-03,5.078125e-02,7.934570e-02,2000,0,1.299065e-02
2026-07-20T19:07:07.710,1784563627.710,99.003,6.457874e-02,3.676776e-03,5.224609e-02,7.519531e-02,2000,0,1.291575e-02
2026-07-20T19:07:07.808,1784563627.808,99.103,6.493823e-02,3.686627e-03,5.175781e-02,7.666016e-02,2000,0,1.298765e-02
2026-07-20T19:07:07.907,1784563627.908,99.203,6.475867e-02,3.619851e-03,5.273438e-02,7.666016e-02,2000,0,1.295173e-02
2026-07-20T19:07:08.008,1784563628.008,99.303,6.360193e-02,3.755957e-03,5.029297e-02,7.397461e-02,2000,0,1.272039e-02
2026-07-20T19:07:08.108,1784563628.108,99.403,6.430786e-02,3.817910e-03,4.907227e-02,8.447266e-02,2000,0,1.286157e-02
2026-07-20T19:07:08.207,1784563628.208,99.503,6.485242e-02,3.610787e-03,4.980469e-02,7.641602e-02,2000,0,1.297048e-02
2026-07-20T19:07:08.307,1784563628.308,99.603,6.402856e-02,3.849169e-03,5.053711e-02,7.446289e-02,2000,0,1.280571e-02
2026-07-20T19:07:08.407,1784563628.408,99.703,6.395337e-02,3.777604e-03,5.078125e-02,7.470703e-02,2000,0,1.279067e-02
2026-07-20T19:07:08.508,1784563628.508,99.803,6.339978e-02,3.801792e-03,5.126953e-02,7.373047e-02,2000,0,1.267996e-02
2026-07-20T19:07:08.608,1784563628.608,99.903,6.335193e-02,3.766306e-03,5.004883e-02,7.568359e-02,2000,0,1.267039e-02
2026-07-20T19:07:08.708,1784563628.708,100.003,6.323108e-02,3.860167e-03,5.078125e-02,7.373047e-02,2000,0,1.264622e-02
2026-07-20T19:07:08.808,1784563628.808,100.103,6.279333e-02,3.725324e-03,4.980469e-02,7.421875e-02,2000,0,1.255867e-02
2026-07-20T19:07:08.909,1784563628.910,100.203,6.274329e-02,3.766185e-03,4.907227e-02,7.397461e-02,2000,0,1.254866e-02
2026-07-20T19:07:09.008,1784563629.008,100.303,6.261853e-02,3.819976e-03,5.102539e-02,7.739258e-02,2000,0,1.252371e-02
2026-07-20T19:07:09.108,1784563629.108,100.403,6.195471e-02,3.798964e-03,4.907227e-02,7.495117e-02,2000,0,1.239094e-02
2026-07-20T19:07:09.207,1784563629.208,100.503,6.180017e-02,3.960595e-03,4.394531e-02,7.421875e-02,2000,0,1.236003e-02
2026-07-20T19:07:09.308,1784563629.308,100.603,6.183960e-02,3.867275e-03,5.004883e-02,7.495117e-02,2000,0,1.236792e-02
2026-07-20T19:07:09.408,1784563629.408,100.703,6.108203e-02,3.837174e-03,4.711914e-02,7.568359e-02,2000,0,1.221641e-02
2026-07-20T19:07:09.508,1784563629.508,100.803,6.042224e-02,3.896494e-03,4.882812e-02,7.348633e-02,2000,0,1.208445e-02
2026-07-20T19:07:09.608,1784563629.608,100.903,6.058130e-02,3.916811e-03,4.760742e-02,7.397461e-02,2000,0,1.211626e-02
2026-07-20T19:07:09.708,1784563629.708,101.003,5.980481e-02,3.897045e-03,4.833984e-02,7.153320e-02,2000,0,1.196096e-02
2026-07-20T19:07:09.808,1784563629.808,101.103,5.952307e-02,3.841784e-03,4.687500e-02,7.177734e-02,2000,0,1.190461e-02
2026-07-20T19:07:09.908,1784563629.908,101.203,5.899829e-02,3.920121e-03,4.565430e-02,7.275391e-02,2000,0,1.179966e-02
2026-07-20T19:07:10.008,1784563630.008,101.303,5.833777e-02,3.893038e-03,4.663086e-02,7.861328e-02,2000,0,1.166755e-02
2026-07-20T19:07:10.108,1784563630.108,101.403,5.893567e-02,3.973107e-03,4.418945e-02,7.446289e-02,2000,0,1.178713e-02
2026-07-20T19:07:10.208,1784563630.208,101.503,5.799060e-02,3.866706e-03,4.711914e-02,7.177734e-02,2000,0,1.159812e-02
2026-07-20T19:07:10.308,1784563630.308,101.603,5.789270e-02,3.910779e-03,4.589844e-02,7.031250e-02,2000,0,1.157854e-02
2026-07-20T19:07:10.408,1784563630.408,101.703,5.734253e-02,3.805865e-03,4.370117e-02,7.031250e-02,2000,0,1.146851e-02
2026-07-20T19:07:10.508,1784563630.508,101.803,5.766333e-02,3.742910e-03,4.174805e-02,6.958008e-02,2000,0,1.153267e-02
2026-07-20T19:07:10.610,1784563630.610,101.903,5.692053e-02,3.765508e-03,4.418945e-02,6.762695e-02,2000,0,1.138411e-02
2026-07-20T19:07:10.709,1784563630.710,102.003,5.708936e-02,3.796569e-03,4.418945e-02,6.787109e-02,2000,0,1.141787e-02
2026-07-20T19:07:10.808,1784563630.808,102.103,5.720020e-02,3.735804e-03,4.321289e-02,7.397461e-02,2000,0,1.144004e-02
2026-07-20T19:07:10.910,1784563630.910,102.203,5.701013e-02,3.688033e-03,4.565430e-02,6.811523e-02,2000,0,1.140203e-02
2026-07-20T19:07:11.009,1784563631.010,102.303,5.711768e-02,3.709129e-03,4.541016e-02,6.811523e-02,2000,0,1.142354e-02
2026-07-20T19:07:11.108,1784563631.108,102.403,5.726453e-02,3.893717e-03,4.614258e-02,7.031250e-02,2000,0,1.145291e-02
2026-07-20T19:07:11.210,1784563631.210,102.503,5.746973e-02,3.866961e-03,4.492188e-02,7.080078e-02,2000,0,1.149395e-02
2026-07-20T19:07:11.308,1784563631.308,102.603,5.786584e-02,3.848838e-03,4.589844e-02,7.299805e-02,2000,0,1.157317e-02
2026-07-20T19:07:11.407,1784563631.408,102.703,5.825684e-02,3.689583e-03,4.467773e-02,6.909180e-02,2000,0,1.165137e-02
2026-07-20T19:07:11.508,1784563631.508,102.803,5.810217e-02,3.865266e-03,4.248047e-02,7.153320e-02,2000,0,1.162043e-02
2026-07-20T19:07:11.610,1784563631.610,102.903,5.832800e-02,3.898511e-03,4.418945e-02,6.835938e-02,2000,0,1.166560e-02
2026-07-20T19:07:11.708,1784563631.708,103.003,5.925305e-02,3.851784e-03,4.565430e-02,7.055664e-02,2000,0,1.185061e-02
2026-07-20T19:07:11.808,1784563631.808,103.103,5.889868e-02,3.902243e-03,4.565430e-02,7.006836e-02,2000,0,1.177974e-02
2026-07-20T19:07:11.908,1784563631.908,103.203,5.947778e-02,4.027798e-03,4.516602e-02,7.373047e-02,2000,0,1.189556e-02
2026-07-20T19:07:12.008,1784563632.008,103.303,5.982397e-02,3.964467e-03,4.541016e-02,7.617188e-02,2000,0,1.196479e-02
2026-07-20T19:07:12.110,1784563632.110,103.403,6.047144e-02,4.072076e-03,4.467773e-02,7.275391e-02,2000,0,1.209429e-02
2026-07-20T19:07:12.208,1784563632.208,103.503,6.059802e-02,3.928120e-03,4.565430e-02,7.324219e-02,2000,0,1.211960e-02
2026-07-20T19:07:12.308,1784563632.308,103.603,6.089880e-02,3.990901e-03,4.443359e-02,7.153320e-02,2000,0,1.217976e-02
2026-07-20T19:07:12.408,1784563632.408,103.703,6.077332e-02,3.963586e-03,4.760742e-02,7.373047e-02,2000,0,1.215466e-02
2026-07-20T19:07:12.510,1784563632.510,103.803,6.164355e-02,4.076402e-03,4.687500e-02,7.470703e-02,2000,0,1.232871e-02
2026-07-20T19:07:12.608,1784563632.608,103.903,6.187146e-02,3.951342e-03,4.858398e-02,7.250977e-02,2000,0,1.237429e-02
2026-07-20T19:07:12.710,1784563632.710,104.003,6.199854e-02,4.009471e-03,4.736328e-02,7.226562e-02,2000,0,1.239971e-02
2026-07-20T19:07:12.809,1784563632.810,104.103,6.194434e-02,3.767089e-03,4.931641e-02,7.519531e-02,2000,0,1.238887e-02
2026-07-20T19:07:12.908,1784563632.908,104.203,6.245544e-02,4.028610e-03,4.956055e-02,7.348633e-02,2000,0,1.249109e-02
2026-07-20T19:07:13.010,1784563633.010,104.303,6.243994e-02,4.026555e-03,4.785156e-02,7.763672e-02,2000,0,1.248799e-02
2026-07-20T19:07:13.108,1784563633.108,104.403,6.230994e-02,4.034356e-03,4.931641e-02,7.519531e-02,2000,0,1.246199e-02
2026-07-20T19:07:13.208,1784563633.208,104.503,6.261401e-02,4.128835e-03,4.785156e-02,7.666016e-02,2000,0,1.252280e-02
2026-07-20T19:07:13.308,1784563633.308,104.603,6.263037e-02,3.918163e-03,4.687500e-02,7.470703e-02,2000,0,1.252607e-02
2026-07-20T19:07:13.410,1784563633.410,104.703,6.289026e-02,3.988516e-03,4.931641e-02,7.324219e-02,2000,0,1.257805e-02
2026-07-20T19:07:13.508,1784563633.508,104.803,6.321436e-02,3.881748e-03,5.053711e-02,7.397461e-02,2000,0,1.264287e-02
2026-07-20T19:07:13.607,1784563633.608,104.903,6.280444e-02,3.735463e-03,5.151367e-02,7.373047e-02,2000,0,1.256089e-02
2026-07-20T19:07:13.710,1784563633.710,105.003,6.325330e-02,3.961096e-03,4.394531e-02,7.421875e-02,2000,0,1.265066e-02
2026-07-20T19:07:13.808,1784563633.808,105.103,6.386206e-02,3.921439e-03,4.956055e-02,7.543945e-02,2000,0,1.277241e-02
2026-07-20T19:07:13.910,1784563633.910,105.203,6.363757e-02,3.948785e-03,5.297852e-02,7.983398e-02,2000,0,1.272751e-02
2026-07-20T19:07:14.008,1784563634.008,105.303,6.341882e-02,3.872447e-03,5.151367e-02,7.373047e-02,2000,0,1.268376e-02
2026-07-20T19:07:14.108,1784563634.108,105.403,6.401062e-02,3.972374e-03,5.102539e-02,7.592773e-02,2000,0,1.280212e-02
2026-07-20T19:07:14.208,1784563634.208,105.503,6.372339e-02,3.953412e-03,5.078125e-02,7.861328e-02,2000,0,1.274468e-02
2026-07-20T19:07:14.308,1784563634.308,105.603,6.389832e-02,3.811756e-03,5.224609e-02,7.421875e-02,2000,0,1.277966e-02
2026-07-20T19:07:14.408,1784563634.408,105.703,6.341003e-02,3.865952e-03,4.882812e-02,7.543945e-02,2000,0,1.268201e-02
2026-07-20T19:07:14.510,1784563634.510,105.803,6.338428e-02,3.788864e-03,5.249023e-02,7.543945e-02,2000,0,1.267686e-02
2026-07-20T19:07:14.608,1784563634.608,105.903,6.320862e-02,3.889644e-03,5.078125e-02,7.568359e-02,2000,0,1.264172e-02
2026-07-20T19:07:14.708,1784563634.708,106.003,6.291821e-02,3.924485e-03,4.858398e-02,7.592773e-02,2000,0,1.258364e-02
2026-07-20T19:07:14.808,1784563634.808,106.103,6.255078e-02,3.885594e-03,4.418945e-02,7.617188e-02,2000,0,1.251016e-02
2026-07-20T19:07:14.909,1784563634.910,106.203,6.257373e-02,3.874172e-03,4.980469e-02,7.543945e-02,2000,0,1.251475e-02
2026-07-20T19:07:15.008,1784563635.008,106.303,6.225122e-02,3.920412e-03,5.029297e-02,7.861328e-02,2000,0,1.245024e-02
2026-07-20T19:07:15.108,1784563635.108,106.403,6.157727e-02,4.020040e-03,5.151367e-02,7.641602e-02,2000,0,1.231545e-02
2026-07-20T19:07:15.208,1784563635.208,106.503,6.157361e-02,3.965029e-03,4.785156e-02,7.519531e-02,2000,0,1.231472e-02
2026-07-20T19:07:15.308,1784563635.308,106.603,6.098657e-02,3.928650e-03,4.589844e-02,7.421875e-02,2000,0,1.219731e-02
2026-07-20T19:07:15.410,1784563635.411,106.703,6.028772e-02,4.023788e-03,4.931641e-02,7.397461e-02,2000,0,1.205754e-02
2026-07-20T19:07:15.508,1784563635.508,106.803,6.040125e-02,3.991387e-03,5.004883e-02,7.421875e-02,2000,0,1.208025e-02
2026-07-20T19:07:15.608,1784563635.608,106.903,5.993713e-02,3.943850e-03,4.931641e-02,7.568359e-02,2000,0,1.198743e-02
2026-07-20T19:07:15.708,1784563635.708,107.003,5.935840e-02,4.053342e-03,4.663086e-02,7.250977e-02,2000,0,1.187168e-02
2026-07-20T19:07:15.808,1784563635.808,107.103,5.932434e-02,4.146335e-03,4.687500e-02,7.519531e-02,2000,0,1.186487e-02
2026-07-20T19:07:15.908,1784563635.908,107.203,5.882617e-02,4.165312e-03,3.881836e-02,7.885742e-02,2000,0,1.176523e-02
2026-07-20T19:07:16.008,1784563636.008,107.303,5.805933e-02,4.103214e-03,4.638672e-02,7.373047e-02,2000,0,1.161187e-02
2026-07-20T19:07:16.108,1784563636.108,107.403,5.811353e-02,4.114902e-03,4.492188e-02,7.446289e-02,2000,0,1.162271e-02
2026-07-20T19:07:16.208,1784563636.208,107.503,5.781934e-02,4.094708e-03,4.516602e-02,7.006836e-02,2000,0,1.156387e-02
2026-07-20T19:07:16.310,1784563636.311,107.603,5.688000e-02,4.064022e-03,4.589844e-02,7.128906e-02,2000,0,1.137600e-02
2026-07-20T19:07:16.408,1784563636.408,107.703,5.590234e-02,4.202031e-03,4.467773e-02,6.958008e-02,2000,0,1.118047e-02
2026-07-20T19:07:16.508,1784563636.508,107.803,5.624255e-02,4.150728e-03,4.370117e-02,7.031250e-02,2000,0,1.124851e-02
2026-07-20T19:07:16.609,1784563636.610,107.903,5.546106e-02,3.985510e-03,4.345703e-02,7.104492e-02,2000,0,1.109221e-02
2026-07-20T19:07:16.708,1784563636.708,108.003,5.551819e-02,3.990870e-03,4.345703e-02,7.226562e-02,2000,0,1.110364e-02
2026-07-20T19:07:16.808,1784563636.808,108.103,5.500806e-02,4.016266e-03,4.418945e-02,7.202148e-02,2000,0,1.100161e-02
2026-07-20T19:07:16.910,1784563636.911,108.203,5.418457e-02,4.110043e-03,4.296875e-02,6.860352e-02,2000,0,1.083691e-02
2026-07-20T19:07:17.008,1784563637.008,108.303,5.421252e-02,4.090004e-03,4.296875e-02,6.713867e-02,2000,0,1.084250e-02
2026-07-20T19:07:17.108,1784563637.108,108.403,5.366052e-02,4.065362e-03,4.199219e-02,6.665039e-02,2000,0,1.073210e-02
2026-07-20T19:07:17.208,1784563637.208,108.503,5.267407e-02,3.937830e-03,4.003906e-02,6.420898e-02,2000,0,1.053481e-02
2026-07-20T19:07:17.308,1784563637.308,108.603,5.226172e-02,4.021256e-03,4.052734e-02,6.787109e-02,2000,0,1.045234e-02
2026-07-20T19:07:17.408,1784563637.408,108.703,5.215527e-02,3.919705e-03,4.101562e-02,6.518555e-02,2000,0,1.043105e-02
2026-07-20T19:07:17.510,1784563637.511,108.803,5.068591e-02,3.954860e-03,3.637695e-02,6.372070e-02,2000,0,1.013718e-02
2026-07-20T19:07:17.608,1784563637.608,108.903,5.078333e-02,4.031903e-03,3.808594e-02,6.201172e-02,2000,0,1.015667e-02
2026-07-20T19:07:17.708,1784563637.708,109.003,5.004553e-02,3.958432e-03,3.662109e-02,6.201172e-02,2000,0,1.000911e-02
2026-07-20T19:07:17.808,1784563637.808,109.103,4.939185e-02,3.776616e-03,3.637695e-02,6.079102e-02,2000,0,9.878369e-03
2026-07-20T19:07:17.908,1784563637.908,109.203,4.912537e-02,3.765351e-03,3.759766e-02,6.225586e-02,2000,0,9.825073e-03
2026-07-20T19:07:18.008,1784563638.008,109.303,4.826648e-02,3.791506e-03,3.686523e-02,5.957031e-02,2000,0,9.653296e-03
2026-07-20T19:07:18.108,1784563638.108,109.403,4.712415e-02,3.818191e-03,3.588867e-02,6.054688e-02,2000,0,9.424829e-03
2026-07-20T19:07:18.208,1784563638.208,109.503,4.656689e-02,3.822640e-03,3.295898e-02,5.957031e-02,2000,0,9.313379e-03
2026-07-20T19:07:18.308,1784563638.308,109.603,4.613782e-02,3.914589e-03,3.222656e-02,5.883789e-02,2000,0,9.227563e-03
2026-07-20T19:07:18.408,1784563638.408,109.703,4.494348e-02,3.980119e-03,3.125000e-02,5.810547e-02,2000,0,8.988696e-03
2026-07-20T19:07:18.508,1784563638.508,109.803,4.473328e-02,3.868229e-03,3.149414e-02,6.103516e-02,2000,0,8.946655e-03
2026-07-20T19:07:18.609,1784563638.610,109.903,4.395264e-02,4.009813e-03,3.222656e-02,5.688477e-02,2000,0,8.790527e-03
2026-07-20T19:07:18.707,1784563638.708,110.003,4.313049e-02,3.824333e-03,3.149414e-02,5.590820e-02,2000,0,8.626099e-03
2026-07-20T19:07:18.808,1784563638.808,110.103,4.296252e-02,3.838740e-03,3.076172e-02,5.395508e-02,2000,0,8.592505e-03
2026-07-20T19:07:18.907,1784563638.908,110.203,4.257019e-02,3.732625e-03,3.076172e-02,5.419922e-02,2000,0,8.514038e-03
2026-07-20T19:07:19.007,1784563639.008,110.303,4.150488e-02,3.880960e-03,2.758789e-02,6.298828e-02,2000,0,8.300977e-03
2026-07-20T19:07:19.108,1784563639.108,110.403,4.127795e-02,3.651482e-03,3.002930e-02,5.249023e-02,2000,0,8.255591e-03
2026-07-20T19:07:19.208,1784563639.208,110.503,4.053320e-02,3.721366e-03,2.441406e-02,5.200195e-02,2000,0,8.106641e-03
2026-07-20T19:07:19.308,1784563639.308,110.603,3.991846e-02,3.684332e-03,2.929688e-02,5.322266e-02,2000,0,7.983691e-03
2026-07-20T19:07:19.408,1784563639.408,110.703,3.967725e-02,3.555074e-03,3.002930e-02,5.126953e-02,2000,0,7.935449e-03
2026-07-20T19:07:19.508,1784563639.508,110.803,3.923218e-02,3.498212e-03,2.734375e-02,5.224609e-02,2000,0,7.846436e-03
2026-07-20T19:07:19.608,1784563639.608,110.903,3.819604e-02,3.442933e-03,2.563477e-02,4.907227e-02,2000,0,7.639209e-03
2026-07-20T19:07:19.708,1784563639.708,111.003,3.809387e-02,3.318629e-03,2.685547e-02,5.346680e-02,2000,0,7.618774e-03
2026-07-20T19:07:19.807,1784563639.808,111.103,3.774365e-02,3.314261e-03,2.636719e-02,4.785156e-02,2000,0,7.548730e-03
2026-07-20T19:07:19.910,1784563639.911,111.203,3.651135e-02,3.091812e-03,1.879883e-02,5.126953e-02,2000,0,7.302271e-03
2026-07-20T19:07:20.007,1784563640.008,111.303,3.655884e-02,3.071236e-03,2.685547e-02,4.858398e-02,2000,0,7.311768e-03
2026-07-20T19:07:20.108,1784563640.108,111.403,3.565503e-02,3.052960e-03,1.733398e-02,4.614258e-02,2000,0,7.131006e-03
2026-07-20T19:07:20.208,1784563640.208,111.503,3.546008e-02,2.885115e-03,2.587891e-02,4.663086e-02,2000,0,7.092017e-03
2026-07-20T19:07:20.308,1784563640.308,111.603,3.500916e-02,2.829794e-03,2.587891e-02,5.444336e-02,2000,0,7.001831e-03
2026-07-20T19:07:20.408,1784563640.408,111.703,3.417065e-02,2.665649e-03,2.514648e-02,4.467773e-02,2000,0,6.834131e-03
2026-07-20T19:07:20.508,1784563640.508,111.803,3.352905e-02,2.570533e-03,2.246094e-02,4.565430e-02,2000,0,6.705811e-03
2026-07-20T19:07:20.607,1784563640.608,111.903,3.330615e-02,2.490150e-03,2.441406e-02,4.272461e-02,2000,0,6.661230e-03
2026-07-20T19:07:20.708,1784563640.708,112.003,3.287292e-02,2.624532e-03,2.124023e-02,4.077148e-02,2000,0,6.574585e-03
2026-07-20T19:07:20.808,1784563640.808,112.103,3.179724e-02,2.482757e-03,2.148438e-02,4.052734e-02,2000,0,6.359448e-03
2026-07-20T19:07:20.907,1784563640.908,112.203,3.138672e-02,2.466079e-03,2.270508e-02,3.881836e-02,2000,0,6.277344e-03
2026-07-20T19:07:21.008,1784563641.008,112.303,3.042358e-02,2.393223e-03,1.977539e-02,3.857422e-02,2000,0,6.084717e-03
2026-07-20T19:07:21.107,1784563641.108,112.403,3.008472e-02,2.433085e-03,2.075195e-02,3.955078e-02,2000,0,6.016943e-03
2026-07-20T19:07:21.207,1784563641.208,112.503,2.997559e-02,2.491342e-03,2.124023e-02,4.370117e-02,2000,0,5.995117e-03
2026-07-20T19:07:21.307,1784563641.308,112.603,2.882520e-02,2.479288e-03,1.928711e-02,3.759766e-02,2000,0,5.765039e-03
2026-07-20T19:07:21.407,1784563641.408,112.703,2.898279e-02,2.595818e-03,2.075195e-02,3.784180e-02,2000,0,5.796558e-03
2026-07-20T19:07:21.507,1784563641.508,112.803,2.835913e-02,2.550267e-03,1.977539e-02,3.710938e-02,2000,0,5.671826e-03
2026-07-20T19:07:21.608,1784563641.608,112.903,2.700220e-02,2.579375e-03,1.733398e-02,3.784180e-02,2000,0,5.400439e-03
2026-07-20T19:07:21.710,1784563641.710,113.003,2.746667e-02,2.580001e-03,1.831055e-02,3.930664e-02,2000,0,5.493335e-03
2026-07-20T19:07:21.808,1784563641.808,113.103,2.707251e-02,2.616211e-03,1.855469e-02,3.686523e-02,2000,0,5.414502e-03
2026-07-20T19:07:21.910,1784563641.911,113.203,2.654456e-02,2.680289e-03,1.782227e-02,4.248047e-02,2000,0,5.308911e-03
2026-07-20T19:07:22.007,1784563642.008,113.303,2.661694e-02,2.895949e-03,1.635742e-02,3.784180e-02,2000,0,5.323389e-03
2026-07-20T19:07:22.107,1784563642.108,113.403,2.605200e-02,3.000063e-03,1.538086e-02,3.540039e-02,2000,0,5.210400e-03
2026-07-20T19:07:22.207,1784563642.208,113.503,2.568298e-02,3.039129e-03,1.269531e-02,3.588867e-02,2000,0,5.136597e-03
2026-07-20T19:07:22.307,1784563642.308,113.603,2.597107e-02,3.192758e-03,1.513672e-02,3.613281e-02,2000,0,5.194214e-03
2026-07-20T19:07:22.407,1784563642.408,113.703,2.560205e-02,3.307047e-03,1.342773e-02,3.564453e-02,2000,0,5.120410e-03
2026-07-20T19:07:22.507,1784563642.508,113.803,2.527344e-02,3.250956e-03,1.123047e-02,3.564453e-02,2000,0,5.054688e-03
2026-07-20T19:07:22.608,1784563642.608,113.903,2.529370e-02,3.012317e-03,1.611328e-02,3.588867e-02,2000,0,5.058740e-03
2026-07-20T19:07:22.707,1784563642.708,114.003,2.521130e-02,3.265393e-03,1.074219e-02,3.710938e-02,2000,0,5.042261e-03
2026-07-20T19:07:22.807,1784563642.808,114.103,2.490552e-02,3.431525e-03,9.765625e-03,5.004883e-02,2000,0,4.981104e-03
2026-07-20T19:07:22.908,1784563642.908,114.203,2.484460e-02,3.076051e-03,1.489258e-02,3.686523e-02,2000,0,4.968921e-03
2026-07-20T19:07:23.007,1784563643.008,114.303,2.494104e-02,3.288361e-03,1.464844e-02,3.442383e-02,2000,0,4.988208e-03
2026-07-20T19:07:23.107,1784563643.108,114.403,2.428674e-02,3.451500e-03,1.293945e-02,3.637695e-02,2000,0,4.857349e-03
2026-07-20T19:07:23.207,1784563643.208,114.503,2.456970e-02,3.429929e-03,1.416016e-02,4.125977e-02,2000,0,4.913940e-03
2026-07-20T19:07:23.307,1784563643.308,114.603,2.464661e-02,3.386357e-03,1.464844e-02,3.515625e-02,2000,0,4.929321e-03
2026-07-20T19:07:23.408,1784563643.408,114.703,2.440906e-02,3.261650e-03,1.074219e-02,3.491211e-02,2000,0,4.881812e-03
2026-07-20T19:07:23.507,1784563643.508,114.803,2.452515e-02,3.229750e-03,1.464844e-02,3.442383e-02,2000,0,4.905029e-03
2026-07-20T19:07:23.608,1784563643.608,114.903,2.464209e-02,3.148294e-03,1.293945e-02,3.662109e-02,2000,0,4.928418e-03
2026-07-20T19:07:23.707,1784563643.708,115.003,2.434912e-02,3.268224e-03,1.245117e-02,3.466797e-02,2000,0,4.869824e-03
2026-07-20T19:07:23.807,1784563643.808,115.103,2.450220e-02,3.280142e-03,1.440430e-02,3.442383e-02,2000,0,4.900439e-03
2026-07-20T19:07:23.907,1784563643.908,115.203,2.415686e-02,3.339864e-03,1.513672e-02,3.393555e-02,2000,0,4.831372e-03
2026-07-20T19:07:24.009,1784563644.010,115.303,2.416418e-02,3.182951e-03,1.367188e-02,3.564453e-02,2000,0,4.832837e-03
2026-07-20T19:07:24.109,1784563644.110,115.403,2.442285e-02,3.292992e-03,1.269531e-02,3.515625e-02,2000,0,4.884570e-03
2026-07-20T19:07:24.209,1784563644.210,115.503,2.424487e-02,3.169344e-03,1.416016e-02,3.271484e-02,2000,0,4.848975e-03
2026-07-20T19:07:24.309,1784563644.310,115.603,2.417932e-02,3.178201e-03,1.269531e-02,3.417969e-02,2000,0,4.835864e-03
2026-07-20T19:07:24.409,1784563644.410,115.703,2.416113e-02,3.117435e-03,1.269531e-02,3.515625e-02,2000,0,4.832227e-03
2026-07-20T19:07:24.509,1784563644.510,115.803,2.381775e-02,3.156444e-03,1.245117e-02,3.442383e-02,2000,0,4.763550e-03
2026-07-20T19:07:24.609,1784563644.610,115.903,2.356519e-02,3.185212e-03,1.074219e-02,3.564453e-02,2000,0,4.713037e-03
2026-07-20T19:07:24.709,1784563644.710,116.003,2.403406e-02,3.025766e-03,1.367188e-02,3.393555e-02,2000,0,4.806812e-03
2026-07-20T19:07:24.810,1784563644.810,116.103,2.419519e-02,3.190702e-03,1.342773e-02,3.588867e-02,2000,0,4.839038e-03
2026-07-20T19:07:24.908,1784563644.908,116.203,2.437756e-02,3.024046e-03,1.367188e-02,3.320312e-02,2000,0,4.875513e-03
2026-07-20T19:07:25.008,1784563645.008,116.303,2.415686e-02,3.034518e-03,1.269531e-02,3.417969e-02,2000,0,4.831372e-03
2026-07-20T19:07:25.107,1784563645.108,116.403,2.462415e-02,3.031555e-03,1.342773e-02,3.393555e-02,2000,0,4.924829e-03
2026-07-20T19:07:25.207,1784563645.208,116.503,2.435889e-02,3.032232e-03,1.464844e-02,3.393555e-02,2000,0,4.871777e-03
2026-07-20T19:07:25.307,1784563645.308,116.603,2.442603e-02,3.088341e-03,1.269531e-02,3.515625e-02,2000,0,4.885205e-03
2026-07-20T19:07:25.407,1784563645.408,116.703,2.470276e-02,3.134334e-03,8.300781e-03,3.710938e-02,2000,0,4.940552e-03
2026-07-20T19:07:25.507,1784563645.508,116.803,2.475476e-02,3.111439e-03,1.171875e-02,3.393555e-02,2000,0,4.950952e-03
2026-07-20T19:07:25.607,1784563645.608,116.903,2.519995e-02,3.066041e-03,1.269531e-02,3.515625e-02,2000,0,5.039990e-03
2026-07-20T19:07:25.707,1784563645.708,117.003,2.525220e-02,3.107197e-03,1.464844e-02,3.540039e-02,2000,0,5.050439e-03
2026-07-20T19:07:25.807,1784563645.808,117.103,2.542346e-02,3.213445e-03,1.586914e-02,3.686523e-02,2000,0,5.084692e-03
2026-07-20T19:07:25.908,1784563645.908,117.203,2.599500e-02,3.088706e-03,1.440430e-02,3.759766e-02,2000,0,5.198999e-03
2026-07-20T19:07:26.007,1784563646.008,117.303,2.619495e-02,3.148371e-03,1.293945e-02,3.784180e-02,2000,0,5.238989e-03
2026-07-20T19:07:26.107,1784563646.108,117.403,2.580713e-02,3.232219e-03,1.586914e-02,3.881836e-02,2000,0,5.161426e-03
2026-07-20T19:07:26.207,1784563646.208,117.503,2.660449e-02,3.216567e-03,1.342773e-02,3.857422e-02,2000,0,5.320898e-03
2026-07-20T19:07:26.307,1784563646.308,117.603,2.663611e-02,3.335199e-03,1.635742e-02,3.930664e-02,2000,0,5.327222e-03
2026-07-20T19:07:26.407,1784563646.408,117.703,2.667761e-02,3.179764e-03,1.538086e-02,3.881836e-02,2000,0,5.335522e-03
2026-07-20T19:07:26.507,1784563646.508,117.803,2.735986e-02,3.285707e-03,1.513672e-02,3.833008e-02,2000,0,5.471973e-03
2026-07-20T19:07:26.607,1784563646.608,117.903,2.730505e-02,3.207643e-03,1.660156e-02,4.101562e-02,2000,0,5.461011e-03
2026-07-20T19:07:26.707,1784563646.708,118.003,2.763281e-02,3.300526e-03,1.855469e-02,4.052734e-02,2000,0,5.526563e-03
2026-07-20T19:07:26.807,1784563646.808,118.103,2.818091e-02,3.277846e-03,1.586914e-02,4.150391e-02,2000,0,5.636182e-03
2026-07-20T19:07:26.907,1784563646.908,118.203,2.805530e-02,3.152093e-03,1.757812e-02,3.881836e-02,2000,0,5.611060e-03
2026-07-20T19:07:27.007,1784563647.008,118.303,2.839233e-02,3.302050e-03,1.782227e-02,4.394531e-02,2000,0,5.678467e-03
2026-07-20T19:07:27.107,1784563647.108,118.403,2.912366e-02,3.260261e-03,1.953125e-02,4.003906e-02,2000,0,5.824731e-03
2026-07-20T19:07:27.207,1784563647.208,118.503,2.903284e-02,3.164649e-03,2.001953e-02,4.394531e-02,2000,0,5.806567e-03
2026-07-20T19:07:27.309,1784563647.310,118.603,2.945105e-02,3.139241e-03,1.953125e-02,4.003906e-02,2000,0,5.890210e-03
2026-07-20T19:07:27.407,1784563647.408,118.703,2.990112e-02,3.253025e-03,1.782227e-02,4.052734e-02,2000,0,5.980225e-03
2026-07-20T19:07:27.507,1784563647.508,118.803,3.079138e-02,3.206439e-03,1.855469e-02,4.418945e-02,2000,0,6.158276e-03
2026-07-20T19:07:27.608,1784563647.608,118.903,3.129639e-02,3.218713e-03,2.124023e-02,4.345703e-02,2000,0,6.259277e-03
2026-07-20T19:07:27.709,1784563647.710,119.003,3.198425e-02,3.158905e-03,2.319336e-02,4.296875e-02,2000,0,6.396851e-03
2026-07-20T19:07:27.809,1784563647.810,119.103,3.247595e-02,3.285366e-03,2.221680e-02,4.589844e-02,2000,0,6.495190e-03
2026-07-20T19:07:27.907,1784563647.908,119.203,3.269446e-02,3.203647e-03,2.124023e-02,4.541016e-02,2000,0,6.538892e-03
2026-07-20T19:07:28.009,1784563648.010,119.303,3.369409e-02,3.165770e-03,2.343750e-02,4.614258e-02,2000,0,6.738818e-03
2026-07-20T19:07:28.110,1784563648.110,119.403,3.388525e-02,3.298254e-03,1.953125e-02,4.638672e-02,2000,0,6.777051e-03
2026-07-20T19:07:28.209,1784563648.210,119.503,3.430981e-02,3.308433e-03,2.441406e-02,4.589844e-02,2000,0,6.861963e-03
2026-07-20T19:07:28.309,1784563648.310,119.603,3.481970e-02,3.349430e-03,2.368164e-02,4.760742e-02,2000,0,6.963940e-03
2026-07-20T19:07:28.409,1784563648.410,119.703,3.534888e-02,3.387784e-03,2.490234e-02,4.614258e-02,2000,0,7.069775e-03
2026-07-20T19:07:28.509,1784563648.510,119.803,3.534241e-02,3.276046e-03,1.782227e-02,4.711914e-02,2000,0,7.068481e-03
2026-07-20T19:07:28.609,1784563648.610,119.903,3.590344e-02,3.425988e-03,2.392578e-02,4.736328e-02,2000,0,7.180688e-03
2026-07-20T19:07:28.710,1784563648.710,120.003,3.613391e-02,3.512177e-03,2.197266e-02,4.711914e-02,2000,0,7.226782e-03
2026-07-20T19:07:28.809,1784563648.810,120.103,3.634607e-02,3.368915e-03,2.563477e-02,4.809570e-02,2000,0,7.269214e-03
2026-07-20T19:07:28.910,1784563648.910,120.203,3.702661e-02,3.459707e-03,2.441406e-02,4.858398e-02,2000,0,7.405322e-03
2026-07-20T19:07:29.010,1784563649.010,120.303,3.759033e-02,3.584905e-03,2.661133e-02,5.688477e-02,2000,0,7.518066e-03
2026-07-20T19:07:29.110,1784563649.110,120.403,3.748169e-02,3.449167e-03,2.685547e-02,4.882812e-02,2000,0,7.496338e-03
2026-07-20T19:07:29.209,1784563649.210,120.503,3.816028e-02,3.393193e-03,2.539062e-02,4.907227e-02,2000,0,7.632056e-03
2026-07-20T19:07:29.309,1784563649.310,120.603,3.835120e-02,3.526873e-03,2.661133e-02,5.151367e-02,2000,0,7.670239e-03
2026-07-20T19:07:29.407,1784563649.408,120.703,3.843054e-02,3.524017e-03,2.270508e-02,4.931641e-02,2000,0,7.686108e-03
2026-07-20T19:07:29.507,1784563649.508,120.803,3.863928e-02,3.502244e-03,2.661133e-02,4.907227e-02,2000,0,7.727856e-03
2026-07-20T19:07:29.607,1784563649.608,120.903,3.910364e-02,3.511716e-03,2.636719e-02,5.004883e-02,2000,0,7.820728e-03
2026-07-20T19:07:29.708,1784563649.708,121.003,3.876428e-02,3.422242e-03,2.709961e-02,4.833984e-02,2000,0,7.752856e-03
2026-07-20T19:07:29.807,1784563649.808,121.103,3.938049e-02,3.424989e-03,2.880859e-02,4.882812e-02,2000,0,7.876099e-03
2026-07-20T19:07:29.907,1784563649.908,121.203,3.973938e-02,3.474652e-03,2.636719e-02,5.126953e-02,2000,0,7.947876e-03
2026-07-20T19:07:30.007,1784563650.008,121.303,3.956384e-02,3.310961e-03,2.832031e-02,4.907227e-02,2000,0,7.912769e-03
2026-07-20T19:07:30.107,1784563650.108,121.403,3.994617e-02,3.333469e-03,2.929688e-02,5.126953e-02,2000,0,7.989233e-03
2026-07-20T19:07:30.208,1784563650.208,121.503,4.022290e-02,3.415875e-03,2.880859e-02,5.102539e-02,2000,0,8.044580e-03
2026-07-20T19:07:30.310,1784563650.310,121.603,3.985498e-02,3.368340e-03,2.880859e-02,5.029297e-02,2000,0,7.970996e-03
2026-07-20T19:07:30.407,1784563650.408,121.703,4.006812e-02,3.401062e-03,2.709961e-02,5.029297e-02,2000,0,8.013623e-03
2026-07-20T19:07:30.507,1784563650.508,121.803,3.966089e-02,3.341380e-03,2.734375e-02,5.126953e-02,2000,0,7.932178e-03
2026-07-20T19:07:30.608,1784563650.608,121.903,3.961035e-02,3.311968e-03,2.978516e-02,4.907227e-02,2000,0,7.922070e-03
2026-07-20T19:07:30.707,1784563650.708,122.003,3.911548e-02,3.572895e-03,2.856445e-02,5.126953e-02,2000,0,7.823096e-03
2026-07-20T19:07:30.807,1784563650.808,122.103,4.000708e-02,3.535716e-03,2.905273e-02,5.053711e-02,2000,0,8.001416e-03
2026-07-20T19:07:30.907,1784563650.908,122.203,3.957068e-02,3.456163e-03,2.197266e-02,5.078125e-02,2000,0,7.914136e-03
2026-07-20T19:07:31.007,1784563651.008,122.303,3.988269e-02,3.436129e-03,2.978516e-02,5.249023e-02,2000,0,7.976538e-03
2026-07-20T19:07:31.107,1784563651.108,122.403,3.985645e-02,3.457289e-03,2.734375e-02,5.639648e-02,2000,0,7.971289e-03
2026-07-20T19:07:31.207,1784563651.208,122.503,3.963367e-02,3.517763e-03,2.807617e-02,5.224609e-02,2000,0,7.926733e-03
2026-07-20T19:07:31.308,1784563651.308,122.603,3.992639e-02,3.481821e-03,2.880859e-02,5.200195e-02,2000,0,7.985278e-03
2026-07-20T19:07:31.407,1784563651.408,122.703,3.974829e-02,3.416020e-03,2.832031e-02,5.102539e-02,2000,0,7.949658e-03
2026-07-20T19:07:31.508,1784563651.508,122.803,3.916479e-02,3.513153e-03,2.832031e-02,5.175781e-02,2000,0,7.832959e-03
2026-07-20T19:07:31.608,1784563651.608,122.903,3.960181e-02,3.457072e-03,3.002930e-02,5.346680e-02,2000,0,7.920361e-03
2026-07-20T19:07:31.708,1784563651.708,123.003,3.967480e-02,3.631520e-03,2.856445e-02,5.419922e-02,2000,0,7.934961e-03
2026-07-20T19:07:31.808,1784563651.808,123.103,3.966699e-02,3.512397e-03,2.978516e-02,5.102539e-02,2000,0,7.933398e-03
2026-07-20T19:07:31.908,1784563651.908,123.203,4.001282e-02,3.624810e-03,3.076172e-02,5.322266e-02,2000,0,8.002563e-03
2026-07-20T19:07:32.009,1784563652.010,123.303,3.981189e-02,3.573561e-03,2.954102e-02,5.493164e-02,2000,0,7.962378e-03
2026-07-20T19:07:32.110,1784563652.110,123.403,3.914429e-02,3.632003e-03,2.856445e-02,6.005859e-02,2000,0,7.828857e-03
2026-07-20T19:07:32.207,1784563652.208,123.503,3.857593e-02,3.559701e-03,2.758789e-02,5.126953e-02,2000,0,7.715186e-03
2026-07-20T19:07:32.310,1784563652.310,123.603,3.921350e-02,3.642746e-03,2.783203e-02,5.200195e-02,2000,0,7.842700e-03
2026-07-20T19:07:32.409,1784563652.410,123.703,3.918945e-02,3.681812e-03,2.807617e-02,5.151367e-02,2000,0,7.837891e-03
2026-07-20T19:07:32.510,1784563652.510,123.803,3.855664e-02,3.656350e-03,2.441406e-02,5.249023e-02,2000,0,7.711328e-03
2026-07-20T19:07:32.610,1784563652.610,123.903,3.889014e-02,3.514299e-03,2.856445e-02,5.126953e-02,2000,0,7.778027e-03
2026-07-20T19:07:32.708,1784563652.708,124.003,3.855151e-02,3.803906e-03,2.636719e-02,5.273438e-02,2000,0,7.710303e-03
2026-07-20T19:07:32.810,1784563652.810,124.103,3.875378e-02,3.581224e-03,2.832031e-02,5.224609e-02,2000,0,7.750757e-03
2026-07-20T19:07:32.909,1784563652.910,124.203,3.892432e-02,3.526802e-03,2.832031e-02,5.053711e-02,2000,0,7.784863e-03
2026-07-20T19:07:33.010,1784563653.010,124.303,3.846155e-02,3.605235e-03,2.685547e-02,5.541992e-02,2000,0,7.692310e-03
2026-07-20T19:07:33.110,1784563653.110,124.403,3.869006e-02,3.558967e-03,2.807617e-02,5.346680e-02,2000,0,7.738013e-03
2026-07-20T19:07:33.210,1784563653.210,124.503,3.879468e-02,3.490934e-03,2.612305e-02,5.175781e-02,2000,0,7.758936e-03
2026-07-20T19:07:33.310,1784563653.310,124.603,3.832446e-02,3.547763e-03,2.783203e-02,5.175781e-02,2000,0,7.664893e-03
2026-07-20T19:07:33.410,1784563653.410,124.703,3.852295e-02,3.488956e-03,2.832031e-02,5.126953e-02,2000,0,7.704590e-03
2026-07-20T19:07:33.510,1784563653.510,124.803,3.875769e-02,3.616280e-03,2.929688e-02,5.151367e-02,2000,0,7.751538e-03
2026-07-20T19:07:33.610,1784563653.610,124.903,3.868079e-02,3.613347e-03,2.758789e-02,5.371094e-02,2000,0,7.736157e-03
2026-07-20T19:07:33.709,1784563653.710,125.003,3.851086e-02,3.344728e-03,2.587891e-02,5.395508e-02,2000,0,7.702173e-03
2026-07-20T19:07:33.810,1784563653.810,125.103,3.877454e-02,3.621753e-03,2.685547e-02,5.029297e-02,2000,0,7.754907e-03
2026-07-20T19:07:33.910,1784563653.910,125.203,3.850391e-02,3.467356e-03,2.587891e-02,5.029297e-02,2000,0,7.700781e-03
2026-07-20T19:07:34.010,1784563654.010,125.303,3.894116e-02,3.468851e-03,2.758789e-02,4.907227e-02,2000,0,7.788232e-03
2026-07-20T19:07:34.110,1784563654.110,125.403,3.924121e-02,3.523603e-03,2.758789e-02,5.175781e-02,2000,0,7.848242e-03
2026-07-20T19:07:34.210,1784563654.210,125.503,3.833545e-02,3.577718e-03,2.685547e-02,4.858398e-02,2000,0,7.667090e-03
2026-07-20T19:07:34.310,1784563654.310,125.603,3.886658e-02,3.410187e-03,2.685547e-02,5.639648e-02,2000,0,7.773315e-03
2026-07-20T19:07:34.410,1784563654.410,125.703,3.863977e-02,3.524442e-03,2.685547e-02,5.126953e-02,2000,0,7.727954e-03
2026-07-20T19:07:34.507,1784563654.508,125.803,3.842896e-02,3.547834e-03,2.612305e-02,4.931641e-02,2000,0,7.685791e-03
2026-07-20T19:07:34.608,1784563654.608,125.903,3.864441e-02,3.454058e-03,2.734375e-02,4.956055e-02,2000,0,7.728882e-03
2026-07-20T19:07:34.708,1784563654.708,126.003,3.832837e-02,3.598321e-03,2.221680e-02,5.175781e-02,2000,0,7.665674e-03
2026-07-20T19:07:34.807,1784563654.808,126.103,3.829626e-02,3.590265e-03,2.465820e-02,4.907227e-02,2000,0,7.659253e-03
2026-07-20T19:07:34.907,1784563654.908,126.203,3.847522e-02,3.530218e-03,2.465820e-02,4.882812e-02,2000,0,7.695044e-03
2026-07-20T19:07:35.010,1784563655.010,126.303,3.847742e-02,3.544559e-03,2.612305e-02,4.956055e-02,2000,0,7.695483e-03
2026-07-20T19:07:35.110,1784563655.110,126.403,3.821875e-02,3.622853e-03,2.539062e-02,5.004883e-02,2000,0,7.643750e-03
2026-07-20T19:07:35.210,1784563655.210,126.503,3.875037e-02,3.542252e-03,2.661133e-02,4.980469e-02,2000,0,7.750073e-03
2026-07-20T19:07:35.309,1784563655.310,126.603,3.862451e-02,3.672873e-03,2.661133e-02,5.151367e-02,2000,0,7.724902e-03
2026-07-20T19:07:35.410,1784563655.410,126.703,3.876379e-02,3.614284e-03,2.661133e-02,5.004883e-02,2000,0,7.752759e-03
2026-07-20T19:07:35.510,1784563655.510,126.803,3.893079e-02,3.654684e-03,2.636719e-02,5.126953e-02,2000,0,7.786157e-03
2026-07-20T19:07:35.608,1784563655.608,126.903,3.898438e-02,3.581674e-03,2.465820e-02,5.371094e-02,2000,0,7.796875e-03
2026-07-20T19:07:35.708,1784563655.708,127.003,3.887817e-02,3.737800e-03,2.636719e-02,5.151367e-02,2000,0,7.775635e-03
2026-07-20T19:07:35.807,1784563655.808,127.103,3.898901e-02,3.602621e-03,2.587891e-02,5.249023e-02,2000,0,7.797803e-03
2026-07-20T19:07:35.910,1784563655.910,127.203,3.929321e-02,3.545339e-03,2.758789e-02,5.078125e-02,2000,0,7.858643e-03
2026-07-20T19:07:36.010,1784563656.010,127.303,3.884998e-02,3.543966e-03,2.612305e-02,5.102539e-02,2000,0,7.769995e-03
2026-07-20T19:07:36.107,1784563656.108,127.403,3.845544e-02,3.576771e-03,2.636719e-02,5.102539e-02,2000,0,7.691089e-03
2026-07-20T19:07:36.210,1784563656.210,127.503,3.853723e-02,3.507958e-03,2.661133e-02,5.029297e-02,2000,0,7.707446e-03
2026-07-20T19:07:36.310,1784563656.310,127.603,3.741541e-02,3.532600e-03,2.514648e-02,5.053711e-02,2000,0,7.483081e-03
2026-07-20T19:07:36.410,1784563656.410,127.703,3.680359e-02,3.267544e-03,2.685547e-02,4.858398e-02,2000,0,7.360718e-03
2026-07-20T19:07:36.510,1784563656.510,127.803,3.521606e-02,3.386020e-03,2.294922e-02,4.711914e-02,2000,0,7.043213e-03
2026-07-20T19:07:36.610,1784563656.610,127.903,3.413794e-02,3.305134e-03,2.197266e-02,5.175781e-02,2000,0,6.827588e-03
2026-07-20T19:07:36.710,1784563656.710,128.003,3.341357e-02,3.359041e-03,2.197266e-02,4.467773e-02,2000,0,6.682715e-03
2026-07-20T19:07:36.810,1784563656.810,128.103,3.175989e-02,3.217128e-03,2.001953e-02,4.199219e-02,2000,0,6.351978e-03
2026-07-20T19:07:36.910,1784563656.910,128.203,3.008325e-02,3.275728e-03,1.733398e-02,4.272461e-02,2000,0,6.016650e-03
2026-07-20T19:07:37.010,1784563657.010,128.303,2.924487e-02,3.290366e-03,1.904297e-02,3.955078e-02,2000,0,5.848975e-03
2026-07-20T19:07:37.108,1784563657.108,128.403,2.786389e-02,3.319338e-03,1.660156e-02,3.906250e-02,2000,0,5.572778e-03
2026-07-20T19:07:37.208,1784563657.208,128.503,2.599951e-02,3.379924e-03,1.611328e-02,4.028320e-02,2000,0,5.199902e-03
2026-07-20T19:07:37.308,1784563657.308,128.603,2.459412e-02,3.229387e-03,1.416016e-02,3.710938e-02,2000,0,4.918823e-03
2026-07-20T19:07:37.408,1784563657.408,128.703,2.308545e-02,3.378060e-03,8.300781e-03,3.515625e-02,2000,0,4.617090e-03
2026-07-20T19:07:37.508,1784563657.508,128.803,2.156116e-02,3.412625e-03,1.049805e-02,3.369141e-02,2000,0,4.312231e-03
2026-07-20T19:07:37.610,1784563657.610,128.903,2.118091e-02,3.486256e-03,9.277344e-03,3.222656e-02,2000,0,4.236182e-03
2026-07-20T19:07:37.707,1784563657.708,129.003,1.965759e-02,3.376083e-03,8.300781e-03,3.125000e-02,2000,0,3.931519e-03
2026-07-20T19:07:37.810,1784563657.810,129.103,1.895959e-02,3.536661e-03,7.812500e-03,3.051758e-02,2000,0,3.791919e-03
2026-07-20T19:07:37.910,1784563657.910,129.203,1.916650e-02,3.431396e-03,9.521484e-03,3.027344e-02,2000,0,3.833301e-03
2026-07-20T19:07:38.010,1784563658.010,129.303,1.867456e-02,3.423405e-03,5.371094e-03,3.149414e-02,2000,0,3.734912e-03
2026-07-20T19:07:38.108,1784563658.108,129.403,1.867261e-02,3.547471e-03,6.591797e-03,3.173828e-02,2000,0,3.734521e-03
2026-07-20T19:07:38.210,1784563658.210,129.503,2.040771e-02,3.686102e-03,8.544922e-03,3.393555e-02,2000,0,4.081543e-03
2026-07-20T19:07:38.310,1784563658.310,129.603,2.165112e-02,3.452743e-03,1.098633e-02,3.662109e-02,2000,0,4.330225e-03
2026-07-20T19:07:38.410,1784563658.410,129.703,2.306042e-02,3.584272e-03,1.171875e-02,3.613281e-02,2000,0,4.612085e-03
2026-07-20T19:07:38.510,1784563658.510,129.803,2.466797e-02,3.480793e-03,1.245117e-02,3.906250e-02,2000,0,4.933594e-03
2026-07-20T19:07:38.608,1784563658.608,129.903,2.732593e-02,3.414415e-03,1.586914e-02,3.906250e-02,2000,0,5.465186e-03
2026-07-20T19:07:38.708,1784563658.708,130.003,2.932593e-02,3.381712e-03,1.684570e-02,4.150391e-02,2000,0,5.865186e-03
2026-07-20T19:07:38.808,1784563658.808,130.103,3.121826e-02,3.365194e-03,1.855469e-02,4.296875e-02,2000,0,6.243652e-03
2026-07-20T19:07:38.908,1784563658.908,130.203,3.411633e-02,3.370026e-03,2.270508e-02,4.516602e-02,2000,0,6.823267e-03
2026-07-20T19:07:39.008,1784563659.008,130.303,3.656299e-02,3.303579e-03,2.612305e-02,4.736328e-02,2000,0,7.312598e-03
2026-07-20T19:07:39.108,1784563659.108,130.403,3.881677e-02,3.272408e-03,2.783203e-02,4.956055e-02,2000,0,7.763354e-03
2026-07-20T19:07:39.208,1784563659.208,130.503,4.229187e-02,3.229121e-03,3.173828e-02,5.273438e-02,2000,0,8.458374e-03
2026-07-20T19:07:39.308,1784563659.308,130.603,4.541882e-02,3.112915e-03,3.442383e-02,5.712891e-02,2000,0,9.083765e-03
2026-07-20T19:07:39.408,1784563659.408,130.703,4.823730e-02,2.968489e-03,3.637695e-02,6.005859e-02,2000,0,9.647461e-03
2026-07-20T19:07:39.508,1784563659.508,130.803,5.194812e-02,3.028632e-03,4.150391e-02,6.347656e-02,2000,0,1.038962e-02
2026-07-20T19:07:39.608,1784563659.608,130.903,5.483215e-02,2.827686e-03,4.541016e-02,6.445312e-02,2000,0,1.096643e-02
2026-07-20T19:07:39.708,1784563659.708,131.003,5.754163e-02,3.052546e-03,4.785156e-02,6.665039e-02,2000,0,1.150833e-02
2026-07-20T19:07:39.808,1784563659.808,131.103,6.092358e-02,2.735150e-03,5.224609e-02,6.933594e-02,2000,0,1.218472e-02
2026-07-20T19:07:39.908,1784563659.908,131.203,6.465393e-02,2.739547e-03,5.566406e-02,7.470703e-02,2000,0,1.293079e-02
2026-07-20T19:07:40.008,1784563660.008,131.303,6.697766e-02,2.678441e-03,5.688477e-02,7.788086e-02,2000,0,1.339553e-02
2026-07-20T19:07:40.108,1784563660.108,131.403,7.048767e-02,2.816791e-03,5.737305e-02,7.934570e-02,2000,0,1.409753e-02
2026-07-20T19:07:40.208,1784563660.208,131.503,7.433008e-02,2.583189e-03,6.469727e-02,8.471680e-02,2000,0,1.486602e-02
2026-07-20T19:07:40.308,1784563660.308,131.603,7.695007e-02,2.528599e-03,6.665039e-02,8.544922e-02,2000,0,1.539001e-02
2026-07-20T19:07:40.408,1784563660.408,131.703,8.026660e-02,2.605314e-03,7.006836e-02,9.033203e-02,2000,0,1.605332e-02
2026-07-20T19:07:40.508,1784563660.508,131.803,8.406067e-02,2.595490e-03,7.421875e-02,9.545898e-02,2000,0,1.681213e-02
2026-07-20T19:07:40.608,1784563660.608,131.903,8.651074e-02,2.657355e-03,7.836914e-02,9.692383e-02,2000,0,1.730215e-02
2026-07-20T19:07:40.708,1784563660.708,132.003,9.030664e-02,2.581136e-03,7.592773e-02,9.838867e-02,2000,0,1.806133e-02
2026-07-20T19:07:40.808,1784563660.808,132.103,9.376379e-02,2.601780e-03,8.544922e-02,1.049805e-01,2000,0,1.875276e-02
2026-07-20T19:07:40.908,1784563660.908,132.203,9.621179e-02,2.484154e-03,8.740234e-02,1.057129e-01,2000,0,1.924236e-02
2026-07-20T19:07:41.010,1784563661.010,132.303,9.945593e-02,2.492178e-03,9.082031e-02,1.103516e-01,2000,0,1.989119e-02
2026-07-20T19:07:41.108,1784563661.108,132.403,1.030287e-01,2.904047e-03,9.130859e-02,1.152344e-01,2000,0,2.060574e-02
2026-07-20T19:07:41.208,1784563661.208,132.503,1.051914e-01,2.659492e-03,9.716797e-02,1.140137e-01,2000,0,2.103828e-02
2026-07-20T19:07:41.308,1784563661.308,132.603,1.087821e-01,2.676542e-03,9.936523e-02,1.188965e-01,2000,0,2.175642e-02
2026-07-20T19:07:41.408,1784563661.408,132.703,1.122520e-01,2.848571e-03,1.035156e-01,1.225586e-01,2000,0,2.245039e-02
2026-07-20T19:07:41.508,1784563661.508,132.803,1.141167e-01,2.902543e-03,1.062012e-01,1.240234e-01,2000,0,2.282334e-02
2026-07-20T19:07:41.608,1784563661.608,132.903,1.174514e-01,2.965303e-03,1.071777e-01,1.274414e-01,2000,0,2.349028e-02
2026-07-20T19:07:41.708,1784563661.708,133.003,1.208986e-01,3.018059e-03,1.110840e-01,1.311035e-01,2000,0,2.417971e-02
2026-07-20T19:07:41.808,1784563661.808,133.103,1.229452e-01,3.064777e-03,1.140137e-01,1.342773e-01,2000,0,2.458904e-02
2026-07-20T19:07:41.908,1784563661.908,133.203,1.257244e-01,3.121707e-03,1.130371e-01,1.350098e-01,2000,0,2.514487e-02
2026-07-20T19:07:42.008,1784563662.008,133.303,1.294025e-01,3.117299e-03,1.157227e-01,1.403809e-01,2000,0,2.588049e-02
2026-07-20T19:07:42.108,1784563662.108,133.403,1.317576e-01,3.247887e-03,1.206055e-01,1.445312e-01,2000,0,2.635151e-02
2026-07-20T19:07:42.208,1784563662.208,133.503,1.343400e-01,3.317239e-03,1.218262e-01,1.477051e-01,2000,0,2.686799e-02
2026-07-20T19:07:42.308,1784563662.308,133.603,1.373823e-01,3.361103e-03,1.274414e-01,1.491699e-01,2000,0,2.747646e-02
2026-07-20T19:07:42.407,1784563662.408,133.703,1.403555e-01,3.282971e-03,1.289062e-01,1.540527e-01,2000,0,2.807109e-02
2026-07-20T19:07:42.508,1784563662.508,133.803,1.421777e-01,3.266729e-03,1.318359e-01,1.538086e-01,2000,0,2.843555e-02
2026-07-20T19:07:42.608,1784563662.608,133.903,1.450157e-01,3.261396e-03,1.345215e-01,1.552734e-01,2000,0,2.900315e-02
2026-07-20T19:07:42.708,1784563662.708,134.003,1.480609e-01,3.316399e-03,1.347656e-01,1.582031e-01,2000,0,2.961218e-02
2026-07-20T19:07:42.808,1784563662.808,134.103,1.496725e-01,3.413083e-03,1.396484e-01,1.623535e-01,2000,0,2.993450e-02
2026-07-20T19:07:42.908,1784563662.908,134.203,1.527742e-01,3.329964e-03,1.416016e-01,1.640625e-01,2000,0,3.055483e-02
2026-07-20T19:07:43.008,1784563663.008,134.303,1.551166e-01,3.309620e-03,1.450195e-01,1.652832e-01,2000,0,3.102332e-02
2026-07-20T19:07:43.107,1784563663.108,134.403,1.570818e-01,2.993639e-03,1.442871e-01,1.662598e-01,2000,0,3.141636e-02
2026-07-20T19:07:43.208,1784563663.208,134.503,1.602834e-01,3.172115e-03,1.484375e-01,1.708984e-01,2000,0,3.205669e-02
2026-07-20T19:07:43.308,1784563663.308,134.603,1.623029e-01,3.395481e-03,1.520996e-01,1.730957e-01,2000,0,3.246057e-02
2026-07-20T19:07:43.408,1784563663.408,134.703,1.640044e-01,3.207857e-03,1.516113e-01,1.740723e-01,2000,0,3.280088e-02
2026-07-20T19:07:43.507,1784563663.508,134.803,1.666738e-01,3.261591e-03,1.555176e-01,1.762695e-01,2000,0,3.333477e-02
2026-07-20T19:07:43.607,1784563663.608,134.903,1.686012e-01,3.273714e-03,1.547852e-01,1.801758e-01,2000,0,3.372024e-02
2026-07-20T19:07:43.707,1784563663.708,135.003,1.704873e-01,3.360462e-03,1.591797e-01,1.816406e-01,2000,0,3.409746e-02
2026-07-20T19:07:43.807,1784563663.808,135.103,1.732794e-01,3.217920e-03,1.633301e-01,1.828613e-01,2000,0,3.465588e-02
2026-07-20T19:07:43.907,1784563663.908,135.203,1.749327e-01,3.035723e-03,1.643066e-01,1.848145e-01,2000,0,3.498655e-02
2026-07-20T19:07:44.007,1784563664.008,135.303,1.767952e-01,3.051978e-03,1.672363e-01,1.867676e-01,2000,0,3.535903e-02
2026-07-20T19:07:44.108,1784563664.108,135.403,1.795028e-01,3.170335e-03,1.679688e-01,1.904297e-01,2000,0,3.590056e-02
2026-07-20T19:07:44.208,1784563664.208,135.503,1.811556e-01,3.134582e-03,1.711426e-01,1.906738e-01,2000,0,3.623113e-02
2026-07-20T19:07:44.307,1784563664.308,135.603,1.829458e-01,3.147713e-03,1.716309e-01,1.948242e-01,2000,0,3.658916e-02
2026-07-20T19:07:44.408,1784563664.408,135.703,1.855424e-01,3.126546e-03,1.760254e-01,1.950684e-01,2000,0,3.710847e-02
2026-07-20T19:07:44.508,1784563664.508,135.803,1.871123e-01,3.197872e-03,1.740723e-01,1.979980e-01,2000,0,3.742246e-02
2026-07-20T19:07:44.607,1784563664.608,135.903,1.883928e-01,3.168776e-03,1.774902e-01,2.043457e-01,2000,0,3.767856e-02
2026-07-20T19:07:44.708,1784563664.708,136.003,1.905319e-01,2.992395e-03,1.809082e-01,2.001953e-01,2000,0,3.810637e-02
2026-07-20T19:07:44.807,1784563664.808,136.103,1.918556e-01,3.137830e-03,1.801758e-01,2.026367e-01,2000,0,3.837112e-02
2026-07-20T19:07:44.908,1784563664.908,136.203,1.934763e-01,3.037011e-03,1.835938e-01,2.048340e-01,2000,0,3.869526e-02
2026-07-20T19:07:45.007,1784563665.008,136.303,1.960150e-01,3.324775e-03,1.855469e-01,2.082520e-01,2000,0,3.920300e-02
2026-07-20T19:07:45.108,1784563665.108,136.403,1.969312e-01,3.017909e-03,1.872559e-01,2.082520e-01,2000,0,3.938623e-02
2026-07-20T19:07:45.207,1784563665.208,136.503,1.983114e-01,3.295194e-03,1.872559e-01,2.102051e-01,2000,0,3.966228e-02
2026-07-20T19:07:45.307,1784563665.308,136.603,2.003879e-01,3.142219e-03,1.899414e-01,2.124023e-01,2000,0,4.007759e-02
2026-07-20T19:07:45.410,1784563665.411,136.703,2.020778e-01,2.842207e-03,1.914062e-01,2.111816e-01,2000,0,4.041555e-02
2026-07-20T19:07:45.507,1784563665.508,136.803,2.025779e-01,3.118622e-03,1.896973e-01,2.145996e-01,2000,0,4.051558e-02
2026-07-20T19:07:45.609,1784563665.609,136.904,2.044038e-01,2.948764e-03,1.909180e-01,2.143555e-01,2000,0,4.088076e-02
2026-07-20T19:07:45.708,1784563665.708,137.003,2.062640e-01,2.899957e-03,1.970215e-01,2.165527e-01,2000,0,4.125281e-02
2026-07-20T19:07:45.807,1784563665.808,137.103,2.064655e-01,3.186851e-03,1.972656e-01,2.194824e-01,2000,0,4.129309e-02
2026-07-20T19:07:45.907,1784563665.908,137.203,2.082743e-01,3.341117e-03,1.970215e-01,2.207031e-01,2000,0,4.165486e-02
2026-07-20T19:07:46.008,1784563666.009,137.303,2.096267e-01,3.030363e-03,2.006836e-01,2.189941e-01,2000,0,4.192534e-02
2026-07-20T19:07:46.107,1784563666.108,137.403,2.104780e-01,3.101596e-03,2.006836e-01,2.211914e-01,2000,0,4.209561e-02
2026-07-20T19:07:46.207,1784563666.208,137.503,2.121805e-01,3.166553e-03,2.006836e-01,2.214355e-01,2000,0,4.243611e-02
2026-07-20T19:07:46.307,1784563666.308,137.603,2.126041e-01,3.210690e-03,2.023926e-01,2.236328e-01,2000,0,4.252083e-02
2026-07-20T19:07:46.408,1784563666.408,137.703,2.136270e-01,3.088574e-03,2.026367e-01,2.287598e-01,2000,0,4.272539e-02
2026-07-20T19:07:46.507,1784563666.508,137.803,2.151398e-01,3.090249e-03,2.060547e-01,2.272949e-01,2000,0,4.302795e-02
2026-07-20T19:07:46.607,1784563666.608,137.903,2.158204e-01,3.331911e-03,2.067871e-01,2.272949e-01,2000,0,4.316409e-02
2026-07-20T19:07:46.707,1784563666.708,138.003,2.167025e-01,3.168407e-03,2.041016e-01,2.304688e-01,2000,0,4.334050e-02
2026-07-20T19:07:46.807,1784563666.808,138.103,2.176892e-01,3.146773e-03,2.067871e-01,2.272949e-01,2000,0,4.353784e-02
2026-07-20T19:07:46.910,1784563666.910,138.203,2.187076e-01,3.107186e-03,2.067871e-01,2.299805e-01,2000,0,4.374153e-02
2026-07-20T19:07:47.007,1784563667.008,138.303,2.191722e-01,3.102415e-03,2.077637e-01,2.312012e-01,2000,0,4.383445e-02
2026-07-20T19:07:47.107,1784563667.108,138.403,2.206846e-01,3.047665e-03,2.104492e-01,2.316895e-01,2000,0,4.413691e-02
2026-07-20T19:07:47.207,1784563667.208,138.503,2.214561e-01,3.008293e-03,2.114258e-01,2.319336e-01,2000,0,4.429121e-02
2026-07-20T19:07:47.307,1784563667.308,138.603,2.209659e-01,3.130428e-03,2.092285e-01,2.309570e-01,2000,0,4.419319e-02
2026-07-20T19:07:47.408,1784563667.408,138.703,2.228612e-01,3.019515e-03,2.097168e-01,2.346191e-01,2000,0,4.457224e-02
2026-07-20T19:07:47.507,1784563667.508,138.803,2.233132e-01,3.109661e-03,2.126465e-01,2.333984e-01,2000,0,4.466265e-02
2026-07-20T19:07:47.607,1784563667.608,138.903,2.227224e-01,2.921401e-03,2.065430e-01,2.329102e-01,2000,0,4.454448e-02
2026-07-20T19:07:47.707,1784563667.708,139.003,2.248048e-01,3.066757e-03,2.148438e-01,2.341309e-01,2000,0,4.496096e-02
2026-07-20T19:07:47.807,1784563667.808,139.103,2.255042e-01,2.957023e-03,2.148438e-01,2.390137e-01,2000,0,4.510083e-02
2026-07-20T19:07:47.907,1784563667.908,139.203,2.262886e-01,2.892424e-03,2.153320e-01,2.375488e-01,2000,0,4.525771e-02
2026-07-20T19:07:48.007,1784563668.008,139.303,2.265337e-01,2.970019e-03,2.158203e-01,2.365723e-01,2000,0,4.530674e-02
2026-07-20T19:07:48.110,1784563668.110,139.403,2.272622e-01,3.056218e-03,2.177734e-01,2.404785e-01,2000,0,4.545244e-02
2026-07-20T19:07:48.207,1784563668.208,139.503,2.277240e-01,3.061524e-03,2.172852e-01,2.360840e-01,2000,0,4.554480e-02
2026-07-20T19:07:48.307,1784563668.308,139.603,2.284537e-01,3.005065e-03,2.175293e-01,2.404785e-01,2000,0,4.569075e-02
2026-07-20T19:07:48.407,1784563668.408,139.703,2.293431e-01,2.993733e-03,2.180176e-01,2.395020e-01,2000,0,4.586863e-02
2026-07-20T19:07:48.507,1784563668.508,139.803,2.292778e-01,3.187668e-03,2.163086e-01,2.419434e-01,2000,0,4.585557e-02
2026-07-20T19:07:48.607,1784563668.608,139.903,2.303427e-01,3.100824e-03,2.194824e-01,2.397461e-01,2000,0,4.606853e-02
2026-07-20T19:07:48.708,1784563668.708,140.003,2.307377e-01,3.151629e-03,2.216797e-01,2.421875e-01,2000,0,4.614753e-02
2026-07-20T19:07:48.808,1784563668.808,140.103,2.313405e-01,3.185619e-03,2.185059e-01,2.424316e-01,2000,0,4.626809e-02
2026-07-20T19:07:48.908,1784563668.908,140.203,2.315651e-01,3.163029e-03,2.211914e-01,2.412109e-01,2000,0,4.631301e-02
2026-07-20T19:07:49.008,1784563669.008,140.303,2.315266e-01,3.269080e-03,2.175293e-01,2.421875e-01,2000,0,4.630532e-02
2026-07-20T19:07:49.108,1784563669.108,140.403,2.321633e-01,3.271817e-03,2.224121e-01,2.438965e-01,2000,0,4.643267e-02
2026-07-20T19:07:49.207,1784563669.208,140.503,2.330012e-01,3.129954e-03,2.236328e-01,2.436523e-01,2000,0,4.660024e-02
2026-07-20T19:07:49.307,1784563669.308,140.603,2.335095e-01,3.267920e-03,2.233887e-01,2.487793e-01,2000,0,4.670190e-02
2026-07-20T19:07:49.407,1784563669.408,140.703,2.343783e-01,3.126967e-03,2.248535e-01,2.446289e-01,2000,0,4.687566e-02
2026-07-20T19:07:49.507,1784563669.508,140.803,2.344084e-01,3.267020e-03,2.236328e-01,2.451172e-01,2000,0,4.688169e-02
2026-07-20T19:07:49.607,1784563669.608,140.903,2.348041e-01,3.172022e-03,2.246094e-01,2.460938e-01,2000,0,4.696082e-02
2026-07-20T19:07:49.708,1784563669.709,141.003,2.351407e-01,3.375034e-03,2.233887e-01,2.460938e-01,2000,0,4.702815e-02
2026-07-20T19:07:49.808,1784563669.808,141.103,2.355792e-01,3.329249e-03,2.250977e-01,2.443848e-01,2000,0,4.711584e-02
2026-07-20T19:07:49.908,1784563669.908,141.203,2.359001e-01,3.234942e-03,2.255859e-01,2.470703e-01,2000,0,4.718003e-02
2026-07-20T19:07:50.008,1784563670.008,141.303,2.358740e-01,3.316176e-03,2.211914e-01,2.504883e-01,2000,0,4.717480e-02
2026-07-20T19:07:50.108,1784563670.108,141.403,2.365298e-01,3.226231e-03,2.263184e-01,2.458496e-01,2000,0,4.730596e-02
2026-07-20T19:07:50.207,1784563670.208,141.503,2.368591e-01,3.222761e-03,2.268066e-01,2.463379e-01,2000,0,4.737183e-02
2026-07-20T19:07:50.310,1784563670.310,141.603,2.367990e-01,3.204743e-03,2.233887e-01,2.487793e-01,2000,0,4.735979e-02
2026-07-20T19:07:50.410,1784563670.410,141.703,2.373486e-01,3.328637e-03,2.248535e-01,2.485352e-01,2000,0,4.746973e-02
2026-07-20T19:07:50.507,1784563670.508,141.803,2.373378e-01,3.306679e-03,2.255859e-01,2.492676e-01,2000,0,4.746755e-02
2026-07-20T19:07:50.608,1784563670.608,141.903,2.376918e-01,3.319879e-03,2.246094e-01,2.521973e-01,2000,0,4.753835e-02
2026-07-20T19:07:50.708,1784563670.708,142.003,2.385023e-01,3.371887e-03,2.270508e-01,2.485352e-01,2000,0,4.770046e-02
2026-07-20T19:07:50.808,1784563670.808,142.103,2.388635e-01,3.382601e-03,2.258301e-01,2.495117e-01,2000,0,4.777271e-02
2026-07-20T19:07:50.908,1784563670.908,142.203,2.389194e-01,3.527794e-03,2.270508e-01,2.490234e-01,2000,0,4.778389e-02
2026-07-20T19:07:51.008,1784563671.008,142.303,2.393990e-01,3.480120e-03,2.258301e-01,2.500000e-01,2000,0,4.787981e-02
2026-07-20T19:07:51.108,1784563671.108,142.403,2.399760e-01,3.350123e-03,2.263184e-01,2.517090e-01,2000,0,4.799519e-02
2026-07-20T19:07:51.208,1784563671.208,142.503,2.396641e-01,3.474166e-03,2.263184e-01,2.512207e-01,2000,0,4.793281e-02
2026-07-20T19:07:51.308,1784563671.308,142.603,2.400254e-01,3.386964e-03,2.272949e-01,2.509766e-01,2000,0,4.800508e-02
2026-07-20T19:07:51.408,1784563671.408,142.703,2.401090e-01,3.605642e-03,2.268066e-01,2.512207e-01,2000,0,4.802180e-02
2026-07-20T19:07:51.508,1784563671.508,142.803,2.400718e-01,3.578351e-03,2.236328e-01,2.507324e-01,2000,0,4.801436e-02
2026-07-20T19:07:51.608,1784563671.608,142.903,2.403041e-01,3.505939e-03,2.270508e-01,2.524414e-01,2000,0,4.806082e-02
2026-07-20T19:07:51.708,1784563671.708,143.003,2.403491e-01,3.512004e-03,2.233887e-01,2.509766e-01,2000,0,4.806982e-02
2026-07-20T19:07:51.808,1784563671.808,143.103,2.399310e-01,3.531439e-03,2.270508e-01,2.507324e-01,2000,0,4.798621e-02
2026-07-20T19:07:51.908,1784563671.908,143.203,2.404171e-01,3.566286e-03,2.275391e-01,2.512207e-01,2000,0,4.808342e-02
2026-07-20T19:07:52.008,1784563672.008,143.303,2.405656e-01,3.397104e-03,2.241211e-01,2.507324e-01,2000,0,4.811311e-02
2026-07-20T19:07:52.108,1784563672.108,143.403,2.402993e-01,3.473137e-03,2.268066e-01,2.497559e-01,2000,0,4.805986e-02
2026-07-20T19:07:52.208,1784563672.208,143.503,2.401956e-01,3.338338e-03,2.243652e-01,2.497559e-01,2000,0,4.803911e-02
2026-07-20T19:07:52.307,1784563672.308,143.603,2.405378e-01,3.426677e-03,2.287598e-01,2.521973e-01,2000,0,4.810757e-02
2026-07-20T19:07:52.408,1784563672.408,143.703,2.402916e-01,3.339300e-03,2.280273e-01,2.519531e-01,2000,0,4.805833e-02
2026-07-20T19:07:52.507,1784563672.508,143.803,2.401305e-01,3.326791e-03,2.280273e-01,2.507324e-01,2000,0,4.802610e-02
2026-07-20T19:07:52.608,1784563672.608,143.903,2.407535e-01,3.280995e-03,2.292480e-01,2.524414e-01,2000,0,4.815071e-02
2026-07-20T19:07:52.707,1784563672.708,144.003,2.399873e-01,3.282142e-03,2.253418e-01,2.509766e-01,2000,0,4.799746e-02
2026-07-20T19:07:52.808,1784563672.808,144.103,2.405007e-01,3.264067e-03,2.290039e-01,2.517090e-01,2000,0,4.810015e-02
2026-07-20T19:07:52.908,1784563672.908,144.203,2.408452e-01,3.291773e-03,2.297363e-01,2.521973e-01,2000,0,4.816904e-02
2026-07-20T19:07:53.008,1784563673.008,144.303,2.405414e-01,3.380701e-03,2.282715e-01,2.521973e-01,2000,0,4.810828e-02
2026-07-20T19:07:53.108,1784563673.108,144.403,2.407887e-01,3.364408e-03,2.292480e-01,2.519531e-01,2000,0,4.815774e-02
2026-07-20T19:07:53.208,1784563673.208,144.503,2.410607e-01,3.312959e-03,2.290039e-01,2.517090e-01,2000,0,4.821213e-02
2026-07-20T19:07:53.308,1784563673.308,144.603,2.403678e-01,3.391858e-03,2.285156e-01,2.534180e-01,2000,0,4.807356e-02
2026-07-20T19:07:53.408,1784563673.408,144.703,2.408684e-01,3.426247e-03,2.282715e-01,2.526855e-01,2000,0,4.817368e-02
2026-07-20T19:07:53.510,1784563673.510,144.803,2.411833e-01,3.239630e-03,2.294922e-01,2.526855e-01,2000,0,4.823667e-02
2026-07-20T19:07:53.608,1784563673.608,144.903,2.406089e-01,3.393782e-03,2.297363e-01,2.517090e-01,2000,0,4.812178e-02
2026-07-20T19:07:53.708,1784563673.708,145.003,2.411586e-01,3.573100e-03,2.287598e-01,2.561035e-01,2000,0,4.823171e-02
2026-07-20T19:07:53.807,1784563673.808,145.103,2.408325e-01,3.439286e-03,2.292480e-01,2.536621e-01,2000,0,4.816650e-02
2026-07-20T19:07:53.908,1784563673.908,145.203,2.410599e-01,3.404838e-03,2.275391e-01,2.507324e-01,2000,0,4.821199e-02
2026-07-20T19:07:54.007,1784563674.008,145.303,2.412969e-01,3.343079e-03,2.304688e-01,2.514648e-01,2000,0,4.825938e-02
2026-07-20T19:07:54.108,1784563674.108,145.403,2.415349e-01,3.422805e-03,2.285156e-01,2.551270e-01,2000,0,4.830698e-02
2026-07-20T19:07:54.207,1784563674.208,145.503,2.407800e-01,3.457067e-03,2.297363e-01,2.519531e-01,2000,0,4.815601e-02
2026-07-20T19:07:54.308,1784563674.308,145.603,2.418292e-01,3.550672e-03,2.285156e-01,2.539062e-01,2000,0,4.836584e-02
2026-07-20T19:07:54.407,1784563674.408,145.703,2.415161e-01,3.431870e-03,2.272949e-01,2.517090e-01,2000,0,4.830322e-02
2026-07-20T19:07:54.508,1784563674.508,145.803,2.413922e-01,3.450323e-03,2.294922e-01,2.524414e-01,2000,0,4.827844e-02
2026-07-20T19:07:54.607,1784563674.608,145.903,2.418605e-01,3.504088e-03,2.268066e-01,2.529297e-01,2000,0,4.837209e-02
2026-07-20T19:07:54.708,1784563674.708,146.003,2.424087e-01,3.413442e-03,2.292480e-01,2.541504e-01,2000,0,4.848174e-02
2026-07-20T19:07:54.808,1784563674.808,146.103,2.420144e-01,3.387607e-03,2.312012e-01,2.546387e-01,2000,0,4.840288e-02
2026-07-20T19:07:54.907,1784563674.908,146.203,2.424961e-01,3.297827e-03,2.312012e-01,2.583008e-01,2000,0,4.849922e-02
2026-07-20T19:07:55.008,1784563675.008,146.303,2.427388e-01,3.636298e-03,2.297363e-01,2.548828e-01,2000,0,4.854775e-02
2026-07-20T19:07:55.108,1784563675.108,146.403,2.429788e-01,3.423431e-03,2.297363e-01,2.556152e-01,2000,0,4.859575e-02
2026-07-20T19:07:55.208,1784563675.208,146.503,2.431228e-01,3.475575e-03,2.302246e-01,2.539062e-01,2000,0,4.862456e-02
2026-07-20T19:07:55.308,1784563675.308,146.603,2.427314e-01,3.477218e-03,2.309570e-01,2.536621e-01,2000,0,4.854629e-02
2026-07-20T19:07:55.408,1784563675.408,146.703,2.429867e-01,3.383658e-03,2.341309e-01,2.556152e-01,2000,0,4.859734e-02
2026-07-20T19:07:55.508,1784563675.508,146.803,2.425409e-01,3.306274e-03,2.312012e-01,2.546387e-01,2000,0,4.850818e-02
2026-07-20T19:07:55.608,1784563675.608,146.903,2.424673e-01,3.592127e-03,2.292480e-01,2.546387e-01,2000,0,4.849346e-02
2026-07-20T19:07:55.708,1784563675.709,147.003,2.413308e-01,3.232471e-03,2.314453e-01,2.509766e-01,2000,0,4.826616e-02
2026-07-20T19:07:55.807,1784563675.808,147.103,2.409852e-01,3.284602e-03,2.250977e-01,2.548828e-01,2000,0,4.819705e-02
2026-07-20T19:07:55.907,1784563675.908,147.203,2.407506e-01,3.213751e-03,2.287598e-01,2.519531e-01,2000,0,4.815012e-02
2026-07-20T19:07:56.008,1784563676.008,147.303,2.392316e-01,3.403647e-03,2.260742e-01,2.502441e-01,2000,0,4.784631e-02
2026-07-20T19:07:56.107,1784563676.108,147.403,2.387954e-01,3.348589e-03,2.277832e-01,2.504883e-01,2000,0,4.775908e-02
2026-07-20T19:07:56.208,1784563676.208,147.503,2.373167e-01,3.571900e-03,2.265625e-01,2.500000e-01,2000,0,4.746333e-02
2026-07-20T19:07:56.308,1784563676.308,147.603,2.354409e-01,3.699677e-03,2.229004e-01,2.492676e-01,2000,0,4.708818e-02
2026-07-20T19:07:56.408,1784563676.408,147.703,2.334984e-01,3.603741e-03,2.194824e-01,2.456055e-01,2000,0,4.669968e-02
2026-07-20T19:07:56.508,1784563676.509,147.803,2.323804e-01,3.613059e-03,2.219238e-01,2.436523e-01,2000,0,4.647607e-02
2026-07-20T19:07:56.608,1784563676.609,147.903,2.301399e-01,3.599717e-03,2.199707e-01,2.421875e-01,2000,0,4.602798e-02
2026-07-20T19:07:56.708,1784563676.709,148.003,2.282054e-01,3.582503e-03,2.143555e-01,2.414551e-01,2000,0,4.564109e-02
2026-07-20T19:07:56.807,1784563676.808,148.103,2.268378e-01,3.612599e-03,2.167969e-01,2.387695e-01,2000,0,4.536755e-02
2026-07-20T19:07:56.907,1784563676.908,148.203,2.243832e-01,3.502632e-03,2.145996e-01,2.377930e-01,2000,0,4.487664e-02
2026-07-20T19:07:57.007,1784563677.008,148.303,2.225757e-01,3.517795e-03,2.102051e-01,2.355957e-01,2000,0,4.451514e-02
2026-07-20T19:07:57.107,1784563677.108,148.403,2.209559e-01,3.502242e-03,2.089844e-01,2.360840e-01,2000,0,4.419119e-02
2026-07-20T19:07:57.207,1784563677.208,148.503,2.185259e-01,3.639049e-03,2.065430e-01,2.333984e-01,2000,0,4.370518e-02
2026-07-20T19:07:57.307,1784563677.308,148.603,2.164133e-01,3.655014e-03,2.041016e-01,2.294922e-01,2000,0,4.328267e-02
2026-07-20T19:07:57.407,1784563677.408,148.703,2.145005e-01,3.702819e-03,2.014160e-01,2.260742e-01,2000,0,4.290010e-02
2026-07-20T19:07:57.507,1784563677.508,148.803,2.124076e-01,3.719144e-03,1.992188e-01,2.238770e-01,2000,0,4.248152e-02
2026-07-20T19:07:57.608,1784563677.608,148.903,2.106946e-01,3.855698e-03,1.972656e-01,2.236328e-01,2000,0,4.213892e-02
2026-07-20T19:07:57.707,1784563677.708,149.003,2.089377e-01,3.904224e-03,1.960449e-01,2.209473e-01,2000,0,4.178755e-02
2026-07-20T19:07:57.807,1784563677.808,149.103,2.066632e-01,3.935642e-03,1.926270e-01,2.199707e-01,2000,0,4.133264e-02
2026-07-20T19:07:57.907,1784563677.908,149.203,2.047993e-01,3.745843e-03,1.894531e-01,2.165527e-01,2000,0,4.095986e-02
2026-07-20T19:07:58.007,1784563678.008,149.303,2.039406e-01,3.658996e-03,1.882324e-01,2.158203e-01,2000,0,4.078811e-02
2026-07-20T19:07:58.107,1784563678.108,149.403,2.019167e-01,3.845989e-03,1.904297e-01,2.160645e-01,2000,0,4.038335e-02
2026-07-20T19:07:58.207,1784563678.208,149.503,2.009426e-01,3.719627e-03,1.889648e-01,2.131348e-01,2000,0,4.018853e-02
2026-07-20T19:07:58.307,1784563678.308,149.603,1.997888e-01,3.754497e-03,1.889648e-01,2.114258e-01,2000,0,3.995776e-02
2026-07-20T19:07:58.407,1784563678.408,149.703,1.979479e-01,3.800645e-03,1.862793e-01,2.084961e-01,2000,0,3.958958e-02
2026-07-20T19:07:58.508,1784563678.508,149.803,1.972263e-01,3.641553e-03,1.845703e-01,2.077637e-01,2000,0,3.944526e-02
2026-07-20T19:07:58.608,1784563678.608,149.903,1.959475e-01,3.640879e-03,1.816406e-01,2.082520e-01,2000,0,3.918950e-02
2026-07-20T19:07:58.707,1784563678.708,150.003,1.945320e-01,3.488206e-03,1.826172e-01,2.048340e-01,2000,0,3.890640e-02
2026-07-20T19:07:58.808,1784563678.808,150.103,1.940736e-01,3.315713e-03,1.835938e-01,2.050781e-01,2000,0,3.881472e-02
2026-07-20T19:07:58.907,1784563678.908,150.203,1.928019e-01,3.247796e-03,1.813965e-01,2.080078e-01,2000,0,3.856038e-02
2026-07-20T19:07:59.007,1784563679.008,150.303,1.924011e-01,3.209334e-03,1.796875e-01,2.021484e-01,2000,0,3.848022e-02
2026-07-20T19:07:59.108,1784563679.108,150.403,1.916666e-01,3.037771e-03,1.811523e-01,2.021484e-01,2000,0,3.833333e-02
2026-07-20T19:07:59.207,1784563679.208,150.503,1.912998e-01,3.040751e-03,1.804199e-01,2.023926e-01,2000,0,3.825996e-02
2026-07-20T19:07:59.307,1784563679.308,150.603,1.902963e-01,2.952919e-03,1.796875e-01,2.009277e-01,2000,0,3.805925e-02
2026-07-20T19:07:59.407,1784563679.408,150.703,1.893320e-01,2.808402e-03,1.784668e-01,2.031250e-01,2000,0,3.786641e-02
2026-07-20T19:07:59.507,1784563679.508,150.803,1.895304e-01,2.637593e-03,1.782227e-01,2.001953e-01,2000,0,3.790608e-02
2026-07-20T19:07:59.607,1784563679.608,150.903,1.888502e-01,2.531258e-03,1.784668e-01,1.972656e-01,2000,0,3.777004e-02
2026-07-20T19:07:59.707,1784563679.708,151.003,1.885652e-01,2.463018e-03,1.794434e-01,1.994629e-01,2000,0,3.771304e-02
2026-07-20T19:07:59.807,1784563679.808,151.103,1.881355e-01,2.709250e-03,1.782227e-01,1.989746e-01,2000,0,3.762710e-02
2026-07-20T19:07:59.907,1784563679.908,151.203,1.872826e-01,2.546675e-03,1.772461e-01,1.977539e-01,2000,0,3.745652e-02
2026-07-20T19:08:00.008,1784563680.008,151.303,1.870874e-01,2.479823e-03,1.791992e-01,1.965332e-01,2000,0,3.741748e-02
2026-07-20T19:08:00.108,1784563680.108,151.403,1.876105e-01,2.569013e-03,1.779785e-01,1.987305e-01,2000,0,3.752209e-02
2026-07-20T19:08:00.207,1784563680.208,151.503,1.866288e-01,2.515944e-03,1.770020e-01,1.955566e-01,2000,0,3.732576e-02
2026-07-20T19:08:00.308,1784563680.308,151.603,1.863835e-01,2.541628e-03,1.770020e-01,1.938477e-01,2000,0,3.727671e-02
2026-07-20T19:08:00.407,1784563680.408,151.703,1.866339e-01,2.631058e-03,1.774902e-01,1.979980e-01,2000,0,3.732678e-02
2026-07-20T19:08:00.508,1784563680.508,151.803,1.864792e-01,2.591001e-03,1.770020e-01,1.950684e-01,2000,0,3.729585e-02
2026-07-20T19:08:00.608,1784563680.608,151.903,1.857732e-01,2.618454e-03,1.767578e-01,1.948242e-01,2000,0,3.715464e-02
2026-07-20T19:08:00.708,1784563680.708,152.003,1.863334e-01,2.840085e-03,1.752930e-01,2.004395e-01,2000,0,3.726667e-02
2026-07-20T19:08:00.807,1784563680.808,152.103,1.857235e-01,2.877175e-03,1.767578e-01,1.958008e-01,2000,0,3.714470e-02
2026-07-20T19:08:00.908,1784563680.908,152.203,1.861549e-01,2.953939e-03,1.772461e-01,1.989746e-01,2000,0,3.723098e-02
2026-07-20T19:08:01.008,1784563681.008,152.303,1.857245e-01,3.011208e-03,1.713867e-01,1.958008e-01,2000,0,3.714490e-02
2026-07-20T19:08:01.108,1784563681.108,152.403,1.860127e-01,3.025951e-03,1.757812e-01,1.955566e-01,2000,0,3.720254e-02
2026-07-20T19:08:01.208,1784563681.208,152.503,1.855841e-01,3.163258e-03,1.755371e-01,1.955566e-01,2000,0,3.711682e-02
2026-07-20T19:08:01.308,1784563681.308,152.603,1.854723e-01,3.353431e-03,1.718750e-01,2.021484e-01,2000,0,3.709446e-02
2026-07-20T19:08:01.407,1784563681.408,152.703,1.850898e-01,3.240820e-03,1.743164e-01,1.955566e-01,2000,0,3.701797e-02
2026-07-20T19:08:01.508,1784563681.509,152.803,1.850179e-01,3.354147e-03,1.743164e-01,1.972656e-01,2000,0,3.700359e-02
2026-07-20T19:08:01.608,1784563681.609,152.903,1.849755e-01,3.244936e-03,1.726074e-01,1.945801e-01,2000,0,3.699509e-02
2026-07-20T19:08:01.708,1784563681.709,153.003,1.845842e-01,3.486143e-03,1.713867e-01,1.943359e-01,2000,0,3.691685e-02
2026-07-20T19:08:01.808,1784563681.809,153.103,1.845785e-01,3.408018e-03,1.738281e-01,1.948242e-01,2000,0,3.691570e-02
2026-07-20T19:08:01.908,1784563681.908,153.203,1.848103e-01,3.545437e-03,1.745605e-01,1.972656e-01,2000,0,3.696206e-02
2026-07-20T19:08:02.007,1784563682.008,153.303,1.844357e-01,3.542247e-03,1.730957e-01,1.960449e-01,2000,0,3.688713e-02
2026-07-20T19:08:02.107,1784563682.108,153.403,1.848621e-01,3.440044e-03,1.738281e-01,1.950684e-01,2000,0,3.697241e-02
2026-07-20T19:08:02.207,1784563682.208,153.503,1.844789e-01,3.545005e-03,1.723633e-01,1.975098e-01,2000,0,3.689578e-02
2026-07-20T19:08:02.307,1784563682.308,153.603,1.844980e-01,3.622091e-03,1.726074e-01,1.953125e-01,2000,0,3.689961e-02
2026-07-20T19:08:02.407,1784563682.408,153.703,1.846470e-01,3.627337e-03,1.730957e-01,1.955566e-01,2000,0,3.692939e-02
2026-07-20T19:08:02.508,1784563682.508,153.803,1.845503e-01,3.245549e-03,1.733398e-01,1.948242e-01,2000,0,3.691006e-02
2026-07-20T19:08:02.608,1784563682.608,153.903,1.847838e-01,3.537553e-03,1.740723e-01,1.953125e-01,2000,0,3.695676e-02
2026-07-20T19:08:02.708,1784563682.708,154.003,1.851799e-01,3.428059e-03,1.750488e-01,2.019043e-01,2000,0,3.703599e-02
2026-07-20T19:08:02.808,1784563682.808,154.103,1.853472e-01,3.477088e-03,1.728516e-01,1.999512e-01,2000,0,3.706943e-02
2026-07-20T19:08:02.908,1784563682.908,154.203,1.854152e-01,3.479680e-03,1.723633e-01,1.967773e-01,2000,0,3.708303e-02
2026-07-20T19:08:03.007,1784563683.008,154.303,1.861890e-01,3.385026e-03,1.740723e-01,1.977539e-01,2000,0,3.723779e-02
2026-07-20T19:08:03.107,1784563683.108,154.403,1.860750e-01,3.284870e-03,1.723633e-01,1.953125e-01,2000,0,3.721499e-02
2026-07-20T19:08:03.207,1784563683.208,154.503,1.858900e-01,3.461593e-03,1.752930e-01,1.984863e-01,2000,0,3.717800e-02
2026-07-20T19:08:03.307,1784563683.308,154.603,1.860535e-01,3.347224e-03,1.752930e-01,1.967773e-01,2000,0,3.721069e-02
2026-07-20T19:08:03.407,1784563683.408,154.703,1.866354e-01,3.306599e-03,1.757812e-01,2.016602e-01,2000,0,3.732708e-02
2026-07-20T19:08:03.507,1784563683.508,154.803,1.862970e-01,3.245613e-03,1.718750e-01,1.948242e-01,2000,0,3.725940e-02
2026-07-20T19:08:03.607,1784563683.608,154.903,1.872684e-01,3.188086e-03,1.765137e-01,1.977539e-01,2000,0,3.745369e-02
2026-07-20T19:08:03.707,1784563683.708,155.003,1.874972e-01,3.110551e-03,1.767578e-01,1.984863e-01,2000,0,3.749944e-02
2026-07-20T19:08:03.807,1784563683.808,155.103,1.873081e-01,2.993807e-03,1.774902e-01,1.987305e-01,2000,0,3.746162e-02
2026-07-20T19:08:03.907,1784563683.908,155.203,1.876948e-01,3.153567e-03,1.760254e-01,1.987305e-01,2000,0,3.753896e-02
2026-07-20T19:08:04.007,1784563684.008,155.303,1.881130e-01,3.123081e-03,1.779785e-01,1.987305e-01,2000,0,3.762261e-02
2026-07-20T19:08:04.107,1784563684.108,155.403,1.880153e-01,3.222825e-03,1.772461e-01,2.006836e-01,2000,0,3.760305e-02
2026-07-20T19:08:04.207,1784563684.208,155.503,1.878679e-01,3.007689e-03,1.774902e-01,1.982422e-01,2000,0,3.757358e-02
2026-07-20T19:08:04.308,1784563684.308,155.603,1.881177e-01,2.835986e-03,1.787109e-01,1.997070e-01,2000,0,3.762354e-02
2026-07-20T19:08:04.407,1784563684.408,155.703,1.876318e-01,2.942876e-03,1.777344e-01,1.967773e-01,2000,0,3.752637e-02
2026-07-20T19:08:04.508,1784563684.508,155.803,1.874567e-01,2.877609e-03,1.767578e-01,1.967773e-01,2000,0,3.749133e-02
2026-07-20T19:08:04.607,1784563684.608,155.903,1.877190e-01,3.042549e-03,1.767578e-01,1.975098e-01,2000,0,3.754380e-02
2026-07-20T19:08:04.708,1784563684.708,156.003,1.869270e-01,3.071184e-03,1.748047e-01,1.989746e-01,2000,0,3.738540e-02
2026-07-20T19:08:04.807,1784563684.808,156.103,1.870713e-01,3.089517e-03,1.716309e-01,1.958008e-01,2000,0,3.741426e-02
2026-07-20T19:08:04.907,1784563684.908,156.203,1.867878e-01,3.042947e-03,1.765137e-01,1.958008e-01,2000,0,3.735757e-02
2026-07-20T19:08:05.007,1784563685.008,156.303,1.862963e-01,3.075171e-03,1.762695e-01,1.958008e-01,2000,0,3.725925e-02
2026-07-20T19:08:05.108,1784563685.108,156.403,1.864928e-01,3.129781e-03,1.755371e-01,1.975098e-01,2000,0,3.729856e-02
2026-07-20T19:08:05.207,1784563685.208,156.503,1.860571e-01,3.075967e-03,1.752930e-01,1.955566e-01,2000,0,3.721143e-02
2026-07-20T19:08:05.308,1784563685.308,156.603,1.851073e-01,3.181141e-03,1.728516e-01,1.940918e-01,2000,0,3.702146e-02
2026-07-20T19:08:05.407,1784563685.408,156.703,1.847344e-01,3.176667e-03,1.730957e-01,1.938477e-01,2000,0,3.694688e-02
2026-07-20T19:08:05.508,1784563685.508,156.803,1.841853e-01,3.353643e-03,1.716309e-01,1.987305e-01,2000,0,3.683706e-02
2026-07-20T19:08:05.607,1784563685.608,156.903,1.834677e-01,3.309387e-03,1.728516e-01,1.940918e-01,2000,0,3.669353e-02
2026-07-20T19:08:05.708,1784563685.708,157.003,1.835016e-01,3.315192e-03,1.730957e-01,1.928711e-01,2000,0,3.670032e-02
2026-07-20T19:08:05.808,1784563685.808,157.103,1.825988e-01,3.304728e-03,1.723633e-01,1.928711e-01,2000,0,3.651975e-02
2026-07-20T19:08:05.908,1784563685.908,157.203,1.822385e-01,3.329280e-03,1.701660e-01,1.958008e-01,2000,0,3.644771e-02
2026-07-20T19:08:06.008,1784563686.008,157.303,1.820187e-01,3.207293e-03,1.718750e-01,1.906738e-01,2000,0,3.640374e-02
2026-07-20T19:08:06.108,1784563686.108,157.403,1.812450e-01,3.290382e-03,1.691895e-01,1.916504e-01,2000,0,3.624900e-02
2026-07-20T19:08:06.208,1784563686.208,157.503,1.807665e-01,3.191979e-03,1.699219e-01,1.894531e-01,2000,0,3.615330e-02
2026-07-20T19:08:06.308,1784563686.308,157.603,1.803940e-01,3.248701e-03,1.650391e-01,1.928711e-01,2000,0,3.607881e-02
2026-07-20T19:08:06.408,1784563686.408,157.703,1.801904e-01,3.145934e-03,1.691895e-01,1.906738e-01,2000,0,3.603809e-02
2026-07-20T19:08:06.510,1784563686.510,157.803,1.799824e-01,3.323396e-03,1.694336e-01,1.921387e-01,2000,0,3.599648e-02
2026-07-20T19:08:06.608,1784563686.608,157.903,1.801387e-01,3.289363e-03,1.669922e-01,1.904297e-01,2000,0,3.602773e-02
2026-07-20T19:08:06.708,1784563686.708,158.003,1.792478e-01,3.375586e-03,1.679688e-01,1.923828e-01,2000,0,3.584956e-02
2026-07-20T19:08:06.808,1784563686.808,158.103,1.789648e-01,3.409128e-03,1.677246e-01,1.909180e-01,2000,0,3.579297e-02
2026-07-20T19:08:06.908,1784563686.908,158.203,1.788660e-01,3.273377e-03,1.689453e-01,1.921387e-01,2000,0,3.577319e-02
2026-07-20T19:08:07.008,1784563687.008,158.303,1.789354e-01,3.418971e-03,1.586914e-01,1.896973e-01,2000,0,3.578708e-02
2026-07-20T19:08:07.108,1784563687.108,158.403,1.781414e-01,3.447618e-03,1.672363e-01,1.914062e-01,2000,0,3.562827e-02
2026-07-20T19:08:07.208,1784563687.208,158.503,1.781298e-01,3.536853e-03,1.611328e-01,1.892090e-01,2000,0,3.562595e-02
2026-07-20T19:08:07.308,1784563687.308,158.603,1.783811e-01,3.401027e-03,1.667480e-01,1.901855e-01,2000,0,3.567622e-02
2026-07-20T19:08:07.410,1784563687.410,158.703,1.780984e-01,3.639415e-03,1.657715e-01,1.894531e-01,2000,0,3.561968e-02
2026-07-20T19:08:07.508,1784563687.509,158.803,1.779590e-01,3.654424e-03,1.647949e-01,1.892090e-01,2000,0,3.559180e-02
2026-07-20T19:08:07.608,1784563687.609,158.903,1.778380e-01,3.584482e-03,1.630859e-01,1.896973e-01,2000,0,3.556760e-02
2026-07-20T19:08:07.708,1784563687.709,159.003,1.776230e-01,3.608239e-03,1.660156e-01,1.904297e-01,2000,0,3.552461e-02
2026-07-20T19:08:07.808,1784563687.809,159.103,1.778885e-01,3.669692e-03,1.665039e-01,1.904297e-01,2000,0,3.557771e-02
2026-07-20T19:08:07.908,1784563687.909,159.203,1.777942e-01,3.484101e-03,1.640625e-01,1.892090e-01,2000,0,3.555884e-02
2026-07-20T19:08:08.008,1784563688.008,159.303,1.773147e-01,3.607280e-03,1.652832e-01,1.901855e-01,2000,0,3.546294e-02
2026-07-20T19:08:08.108,1784563688.108,159.403,1.779642e-01,3.558948e-03,1.669922e-01,1.931152e-01,2000,0,3.559285e-02
2026-07-20T19:08:08.208,1784563688.208,159.503,1.779064e-01,3.528184e-03,1.669922e-01,1.921387e-01,2000,0,3.558127e-02
2026-07-20T19:08:08.308,1784563688.308,159.603,1.774994e-01,3.566059e-03,1.674805e-01,1.884766e-01,2000,0,3.549988e-02
2026-07-20T19:08:08.408,1784563688.408,159.703,1.778884e-01,3.464147e-03,1.677246e-01,1.948242e-01,2000,0,3.557769e-02
2026-07-20T19:08:08.508,1784563688.508,159.803,1.773323e-01,3.476586e-03,1.662598e-01,1.884766e-01,2000,0,3.546646e-02
2026-07-20T19:08:08.608,1784563688.608,159.903,1.776453e-01,3.401509e-03,1.657715e-01,1.909180e-01,2000,0,3.552905e-02
2026-07-20T19:08:08.708,1784563688.708,160.003,1.777653e-01,3.261252e-03,1.662598e-01,1.879883e-01,2000,0,3.555305e-02
2026-07-20T19:08:08.808,1784563688.808,160.103,1.776781e-01,3.327130e-03,1.669922e-01,1.918945e-01,2000,0,3.553562e-02
2026-07-20T19:08:08.908,1784563688.908,160.203,1.776439e-01,3.260308e-03,1.645508e-01,1.901855e-01,2000,0,3.552878e-02
2026-07-20T19:08:09.008,1784563689.008,160.303,1.776398e-01,3.059875e-03,1.669922e-01,1.896973e-01,2000,0,3.552795e-02
2026-07-20T19:08:09.108,1784563689.108,160.403,1.780065e-01,3.141715e-03,1.687012e-01,1.879883e-01,2000,0,3.560129e-02
2026-07-20T19:08:09.208,1784563689.208,160.503,1.776107e-01,3.417864e-03,1.660156e-01,1.877441e-01,2000,0,3.552214e-02
2026-07-20T19:08:09.308,1784563689.308,160.603,1.776847e-01,3.252326e-03,1.674805e-01,1.877441e-01,2000,0,3.553694e-02
2026-07-20T19:08:09.408,1784563689.408,160.703,1.776561e-01,3.254476e-03,1.669922e-01,1.887207e-01,2000,0,3.553123e-02
2026-07-20T19:08:09.508,1784563689.508,160.803,1.771176e-01,3.114667e-03,1.635742e-01,1.872559e-01,2000,0,3.542351e-02
2026-07-20T19:08:09.608,1784563689.608,160.903,1.777748e-01,3.227970e-03,1.662598e-01,1.901855e-01,2000,0,3.555496e-02
2026-07-20T19:08:09.708,1784563689.708,161.003,1.774781e-01,3.181894e-03,1.662598e-01,1.872559e-01,2000,0,3.549563e-02
2026-07-20T19:08:09.808,1784563689.808,161.103,1.776639e-01,3.256384e-03,1.669922e-01,1.875000e-01,2000,0,3.553279e-02
2026-07-20T19:08:09.910,1784563689.910,161.203,1.780343e-01,3.314692e-03,1.652832e-01,1.884766e-01,2000,0,3.560686e-02
2026-07-20T19:08:10.009,1784563690.009,161.303,1.776725e-01,3.288233e-03,1.657715e-01,1.896973e-01,2000,0,3.553450e-02
2026-07-20T19:08:10.109,1784563690.109,161.403,1.778126e-01,3.326910e-03,1.669922e-01,1.887207e-01,2000,0,3.556252e-02
2026-07-20T19:08:10.208,1784563690.209,161.503,1.781995e-01,3.327566e-03,1.672363e-01,1.884766e-01,2000,0,3.563989e-02
2026-07-20T19:08:10.308,1784563690.309,161.603,1.784062e-01,3.450576e-03,1.657715e-01,1.892090e-01,2000,0,3.568125e-02
2026-07-20T19:08:10.409,1784563690.409,161.703,1.785980e-01,3.381322e-03,1.662598e-01,1.933594e-01,2000,0,3.571960e-02
2026-07-20T19:08:10.508,1784563690.508,161.803,1.791047e-01,3.253060e-03,1.682129e-01,1.894531e-01,2000,0,3.582095e-02
2026-07-20T19:08:10.608,1784563690.608,161.903,1.791322e-01,3.475298e-03,1.657715e-01,1.896973e-01,2000,0,3.582644e-02
2026-07-20T19:08:10.708,1784563690.708,162.003,1.794019e-01,3.387798e-03,1.674805e-01,1.894531e-01,2000,0,3.588037e-02
2026-07-20T19:08:10.808,1784563690.808,162.103,1.795483e-01,3.271704e-03,1.674805e-01,1.904297e-01,2000,0,3.590967e-02
2026-07-20T19:08:10.908,1784563690.908,162.203,1.798580e-01,3.192232e-03,1.696777e-01,1.901855e-01,2000,0,3.597161e-02
2026-07-20T19:08:11.008,1784563691.008,162.303,1.798419e-01,3.227761e-03,1.711426e-01,1.953125e-01,2000,0,3.596838e-02
2026-07-20T19:08:11.108,1784563691.108,162.403,1.806516e-01,3.227317e-03,1.684570e-01,1.901855e-01,2000,0,3.613032e-02
2026-07-20T19:08:11.208,1784563691.208,162.503,1.805292e-01,3.332481e-03,1.684570e-01,1.901855e-01,2000,0,3.610583e-02
2026-07-20T19:08:11.308,1784563691.308,162.603,1.807198e-01,3.089139e-03,1.711426e-01,1.958008e-01,2000,0,3.614397e-02
2026-07-20T19:08:11.408,1784563691.409,162.703,1.811366e-01,3.297872e-03,1.713867e-01,1.936035e-01,2000,0,3.622732e-02
2026-07-20T19:08:11.508,1784563691.508,162.803,1.809697e-01,3.113004e-03,1.718750e-01,1.904297e-01,2000,0,3.619395e-02
2026-07-20T19:08:11.608,1784563691.608,162.903,1.813418e-01,3.034215e-03,1.716309e-01,1.923828e-01,2000,0,3.626836e-02
2026-07-20T19:08:11.708,1784563691.708,163.003,1.819003e-01,3.267797e-03,1.689453e-01,1.931152e-01,2000,0,3.638005e-02
2026-07-20T19:08:11.808,1784563691.808,163.103,1.819645e-01,3.178584e-03,1.713867e-01,1.918945e-01,2000,0,3.639290e-02
2026-07-20T19:08:11.908,1784563691.908,163.203,1.821935e-01,3.126369e-03,1.711426e-01,1.911621e-01,2000,0,3.643870e-02
2026-07-20T19:08:12.008,1784563692.008,163.303,1.824187e-01,3.252261e-03,1.718750e-01,1.928711e-01,2000,0,3.648374e-02
2026-07-20T19:08:12.108,1784563692.108,163.403,1.827894e-01,3.095062e-03,1.733398e-01,1.938477e-01,2000,0,3.655789e-02
2026-07-20T19:08:12.208,1784563692.209,163.503,1.826085e-01,3.115212e-03,1.735840e-01,1.936035e-01,2000,0,3.652170e-02
2026-07-20T19:08:12.308,1784563692.308,163.603,1.829888e-01,3.209019e-03,1.728516e-01,1.967773e-01,2000,0,3.659775e-02
2026-07-20T19:08:12.408,1784563692.408,163.703,1.827373e-01,3.143769e-03,1.643066e-01,1.955566e-01,2000,0,3.654746e-02
2026-07-20T19:08:12.508,1784563692.508,163.803,1.829756e-01,3.212421e-03,1.735840e-01,1.928711e-01,2000,0,3.659512e-02
2026-07-20T19:08:12.608,1784563692.608,163.903,1.830831e-01,3.231412e-03,1.723633e-01,1.928711e-01,2000,0,3.661663e-02
2026-07-20T19:08:12.708,1784563692.708,164.003,1.829211e-01,3.272422e-03,1.713867e-01,1.950684e-01,2000,0,3.658423e-02
2026-07-20T19:08:12.808,1784563692.808,164.103,1.825953e-01,3.134508e-03,1.704102e-01,1.931152e-01,2000,0,3.651907e-02
2026-07-20T19:08:12.908,1784563692.908,164.203,1.827764e-01,3.198912e-03,1.730957e-01,1.918945e-01,2000,0,3.655527e-02
2026-07-20T19:08:13.008,1784563693.008,164.303,1.815673e-01,3.228331e-03,1.699219e-01,1.914062e-01,2000,0,3.631345e-02
2026-07-20T19:08:13.108,1784563693.109,164.404,1.821459e-01,3.336793e-03,1.701660e-01,1.926270e-01,2000,0,3.642917e-02
2026-07-20T19:08:13.208,1784563693.208,164.503,1.817423e-01,3.345208e-03,1.694336e-01,1.923828e-01,2000,0,3.634846e-02
2026-07-20T19:08:13.308,1784563693.308,164.603,1.817119e-01,3.243505e-03,1.704102e-01,1.921387e-01,2000,0,3.634238e-02
2026-07-20T19:08:13.410,1784563693.410,164.703,1.817258e-01,3.255221e-03,1.691895e-01,1.945801e-01,2000,0,3.634517e-02
2026-07-20T19:08:13.508,1784563693.508,164.803,1.818079e-01,3.224244e-03,1.704102e-01,1.926270e-01,2000,0,3.636157e-02
2026-07-20T19:08:13.608,1784563693.608,164.903,1.812534e-01,3.354172e-03,1.694336e-01,1.926270e-01,2000,0,3.625068e-02
2026-07-20T19:08:13.708,1784563693.708,165.003,1.818105e-01,3.363294e-03,1.682129e-01,1.931152e-01,2000,0,3.636211e-02
2026-07-20T19:08:13.808,1784563693.808,165.103,1.814836e-01,3.309718e-03,1.704102e-01,1.953125e-01,2000,0,3.629673e-02
2026-07-20T19:08:13.908,1784563693.908,165.203,1.810422e-01,3.314236e-03,1.687012e-01,1.970215e-01,2000,0,3.620845e-02
2026-07-20T19:08:14.008,1784563694.008,165.303,1.816057e-01,3.353896e-03,1.694336e-01,1.918945e-01,2000,0,3.632114e-02
2026-07-20T19:08:14.108,1784563694.108,165.403,1.812202e-01,3.313931e-03,1.672363e-01,1.904297e-01,2000,0,3.624404e-02
2026-07-20T19:08:14.208,1784563694.208,165.503,1.810090e-01,3.340620e-03,1.706543e-01,1.948242e-01,2000,0,3.620181e-02
2026-07-20T19:08:14.308,1784563694.308,165.603,1.817650e-01,3.341356e-03,1.694336e-01,1.938477e-01,2000,0,3.635300e-02
2026-07-20T19:08:14.409,1784563694.409,165.703,1.813944e-01,3.225276e-03,1.684570e-01,1.911621e-01,2000,0,3.627888e-02
2026-07-20T19:08:14.509,1784563694.509,165.803,1.809916e-01,3.333176e-03,1.699219e-01,1.926270e-01,2000,0,3.619832e-02
2026-07-20T19:08:14.609,1784563694.609,165.903,1.816023e-01,3.307383e-03,1.679688e-01,1.921387e-01,2000,0,3.632046e-02
2026-07-20T19:08:14.708,1784563694.709,166.003,1.814609e-01,3.370965e-03,1.684570e-01,1.916504e-01,2000,0,3.629219e-02
2026-07-20T19:08:14.808,1784563694.809,166.103,1.819303e-01,3.465995e-03,1.696777e-01,1.945801e-01,2000,0,3.638606e-02
2026-07-20T19:08:14.909,1784563694.909,166.203,1.819342e-01,3.333664e-03,1.687012e-01,1.933594e-01,2000,0,3.638684e-02
2026-07-20T19:08:15.008,1784563695.008,166.303,1.825010e-01,3.411698e-03,1.679688e-01,1.921387e-01,2000,0,3.650020e-02
2026-07-20T19:08:15.108,1784563695.108,166.403,1.820380e-01,3.308090e-03,1.704102e-01,1.931152e-01,2000,0,3.640759e-02
2026-07-20T19:08:15.208,1784563695.208,166.503,1.824293e-01,3.214697e-03,1.701660e-01,1.933594e-01,2000,0,3.648586e-02
2026-07-20T19:08:15.308,1784563695.308,166.603,1.821406e-01,3.254622e-03,1.718750e-01,1.938477e-01,2000,0,3.642812e-02
2026-07-20T19:08:15.408,1784563695.408,166.703,1.822588e-01,3.182876e-03,1.728516e-01,1.938477e-01,2000,0,3.645176e-02
2026-07-20T19:08:15.508,1784563695.508,166.803,1.822699e-01,3.205976e-03,1.704102e-01,1.960449e-01,2000,0,3.645398e-02
2026-07-20T19:08:15.610,1784563695.610,166.903,1.826593e-01,3.011094e-03,1.718750e-01,1.918945e-01,2000,0,3.653186e-02
2026-07-20T19:08:15.710,1784563695.711,167.003,1.823770e-01,3.185130e-03,1.711426e-01,1.938477e-01,2000,0,3.647539e-02
2026-07-20T19:08:15.808,1784563695.808,167.103,1.826901e-01,3.116007e-03,1.733398e-01,1.921387e-01,2000,0,3.653801e-02
2026-07-20T19:08:15.908,1784563695.908,167.203,1.828473e-01,3.117497e-03,1.716309e-01,1.943359e-01,2000,0,3.656946e-02
2026-07-20T19:08:16.008,1784563696.008,167.303,1.824376e-01,3.090945e-03,1.696777e-01,1.933594e-01,2000,0,3.648752e-02
2026-07-20T19:08:16.108,1784563696.108,167.403,1.827635e-01,3.296469e-03,1.728516e-01,1.938477e-01,2000,0,3.655271e-02
2026-07-20T19:08:16.208,1784563696.208,167.503,1.826533e-01,3.095113e-03,1.723633e-01,1.953125e-01,2000,0,3.653066e-02
2026-07-20T19:08:16.308,1784563696.308,167.603,1.822378e-01,3.137146e-03,1.726074e-01,1.909180e-01,2000,0,3.644756e-02
2026-07-20T19:08:16.408,1784563696.408,167.703,1.830508e-01,3.251077e-03,1.708984e-01,1.928711e-01,2000,0,3.661016e-02
2026-07-20T19:08:16.509,1784563696.509,167.803,1.828999e-01,3.232094e-03,1.713867e-01,1.933594e-01,2000,0,3.657998e-02
2026-07-20T19:08:16.609,1784563696.609,167.903,1.824349e-01,3.077772e-03,1.730957e-01,1.953125e-01,2000,0,3.648699e-02
2026-07-20T19:08:16.708,1784563696.709,168.003,1.824462e-01,3.139641e-03,1.723633e-01,1.921387e-01,2000,0,3.648923e-02
2026-07-20T19:08:16.808,1784563696.809,168.103,1.827268e-01,3.165388e-03,1.696777e-01,1.950684e-01,2000,0,3.654536e-02
2026-07-20T19:08:16.908,1784563696.909,168.203,1.825109e-01,3.211817e-03,1.721191e-01,1.943359e-01,2000,0,3.650217e-02
2026-07-20T19:08:17.008,1784563697.008,168.303,1.827994e-01,3.247146e-03,1.706543e-01,1.931152e-01,2000,0,3.655989e-02
2026-07-20T19:08:17.108,1784563697.108,168.403,1.831356e-01,3.131100e-03,1.728516e-01,1.936035e-01,2000,0,3.662712e-02
2026-07-20T19:08:17.208,1784563697.208,168.503,1.829302e-01,3.359871e-03,1.723633e-01,1.940918e-01,2000,0,3.658604e-02
2026-07-20T19:08:17.308,1784563697.308,168.603,1.827861e-01,3.144917e-03,1.740723e-01,1.933594e-01,2000,0,3.655723e-02
2026-07-20T19:08:17.408,1784563697.408,168.703,1.828362e-01,3.269438e-03,1.672363e-01,1.948242e-01,2000,0,3.656724e-02
2026-07-20T19:08:17.508,1784563697.508,168.803,1.827046e-01,3.236294e-03,1.706543e-01,1.928711e-01,2000,0,3.654092e-02
2026-07-20T19:08:17.608,1784563697.608,168.903,1.833481e-01,3.146725e-03,1.711426e-01,1.928711e-01,2000,0,3.666963e-02
2026-07-20T19:08:17.708,1784563697.708,169.003,1.835300e-01,3.211474e-03,1.743164e-01,1.936035e-01,2000,0,3.670601e-02
2026-07-20T19:08:17.808,1784563697.808,169.103,1.837229e-01,3.128709e-03,1.733398e-01,1.936035e-01,2000,0,3.674458e-02
2026-07-20T19:08:17.908,1784563697.908,169.203,1.836984e-01,3.154566e-03,1.738281e-01,1.953125e-01,2000,0,3.673967e-02
2026-07-20T19:08:18.008,1784563698.009,169.303,1.841953e-01,3.038405e-03,1.733398e-01,1.970215e-01,2000,0,3.683906e-02
2026-07-20T19:08:18.108,1784563698.108,169.403,1.833928e-01,2.918616e-03,1.730957e-01,1.945801e-01,2000,0,3.667856e-02
2026-07-20T19:08:18.208,1784563698.208,169.503,1.840966e-01,3.020336e-03,1.745605e-01,1.940918e-01,2000,0,3.681931e-02
2026-07-20T19:08:18.308,1784563698.308,169.603,1.842323e-01,3.085726e-03,1.750488e-01,1.962891e-01,2000,0,3.684646e-02
2026-07-20T19:08:18.408,1784563698.408,169.703,1.836628e-01,2.907539e-03,1.730957e-01,1.943359e-01,2000,0,3.673257e-02
2026-07-20T19:08:18.508,1784563698.508,169.803,1.840875e-01,2.877516e-03,1.733398e-01,1.940918e-01,2000,0,3.681750e-02
2026-07-20T19:08:18.608,1784563698.608,169.903,1.842777e-01,2.800923e-03,1.743164e-01,1.936035e-01,2000,0,3.685554e-02
2026-07-20T19:08:18.710,1784563698.710,170.003,1.834772e-01,2.734195e-03,1.748047e-01,1.943359e-01,2000,0,3.669543e-02
2026-07-20T19:08:18.808,1784563698.808,170.103,1.838124e-01,2.813424e-03,1.743164e-01,1.945801e-01,2000,0,3.676248e-02
2026-07-20T19:08:18.908,1784563698.908,170.203,1.838475e-01,2.757956e-03,1.748047e-01,1.926270e-01,2000,0,3.676951e-02
2026-07-20T19:08:19.008,1784563699.008,170.303,1.840244e-01,2.643349e-03,1.743164e-01,1.936035e-01,2000,0,3.680488e-02
2026-07-20T19:08:19.108,1784563699.109,170.403,1.843922e-01,2.619986e-03,1.735840e-01,1.950684e-01,2000,0,3.687844e-02
2026-07-20T19:08:19.208,1784563699.208,170.503,1.838237e-01,2.563100e-03,1.743164e-01,1.923828e-01,2000,0,3.676475e-02
2026-07-20T19:08:19.308,1784563699.308,170.603,1.836514e-01,2.532214e-03,1.740723e-01,1.926270e-01,2000,0,3.673027e-02
2026-07-20T19:08:19.408,1784563699.408,170.703,1.835054e-01,2.514269e-03,1.750488e-01,1.918945e-01,2000,0,3.670107e-02
2026-07-20T19:08:19.508,1784563699.508,170.803,1.831694e-01,2.485411e-03,1.723633e-01,1.911621e-01,2000,0,3.663389e-02
2026-07-20T19:08:19.608,1784563699.608,170.903,1.829780e-01,2.431946e-03,1.745605e-01,1.904297e-01,2000,0,3.659561e-02
2026-07-20T19:08:19.708,1784563699.709,171.003,1.828375e-01,2.611586e-03,1.713867e-01,1.914062e-01,2000,0,3.656750e-02
2026-07-20T19:08:19.808,1784563699.808,171.103,1.822836e-01,2.470085e-03,1.735840e-01,1.916504e-01,2000,0,3.645671e-02
2026-07-20T19:08:19.908,1784563699.908,171.203,1.818192e-01,2.511558e-03,1.735840e-01,1.938477e-01,2000,0,3.636384e-02
2026-07-20T19:08:20.008,1784563700.009,171.303,1.822043e-01,2.681099e-03,1.718750e-01,1.923828e-01,2000,0,3.644087e-02
2026-07-20T19:08:20.108,1784563700.108,171.403,1.818052e-01,2.625411e-03,1.708984e-01,1.921387e-01,2000,0,3.636104e-02
2026-07-20T19:08:20.208,1784563700.209,171.503,1.812146e-01,2.739830e-03,1.713867e-01,1.914062e-01,2000,0,3.624292e-02
2026-07-20T19:08:20.308,1784563700.308,171.603,1.805413e-01,2.915994e-03,1.706543e-01,1.896973e-01,2000,0,3.610825e-02
2026-07-20T19:08:20.408,1784563700.408,171.703,1.800237e-01,3.079172e-03,1.696777e-01,1.909180e-01,2000,0,3.600474e-02
2026-07-20T19:08:20.508,1784563700.509,171.803,1.799417e-01,3.070774e-03,1.691895e-01,1.904297e-01,2000,0,3.598833e-02
2026-07-20T19:08:20.608,1784563700.608,171.903,1.793270e-01,3.120270e-03,1.672363e-01,1.923828e-01,2000,0,3.586541e-02
2026-07-20T19:08:20.708,1784563700.709,172.003,1.780952e-01,3.245799e-03,1.674805e-01,1.887207e-01,2000,0,3.561904e-02
2026-07-20T19:08:20.808,1784563700.808,172.103,1.775228e-01,3.228917e-03,1.650391e-01,1.906738e-01,2000,0,3.550457e-02
2026-07-20T19:08:20.908,1784563700.908,172.203,1.770157e-01,3.375012e-03,1.660156e-01,1.909180e-01,2000,0,3.540315e-02
2026-07-20T19:08:21.008,1784563701.008,172.303,1.758236e-01,3.155138e-03,1.657715e-01,1.860352e-01,2000,0,3.516472e-02
2026-07-20T19:08:21.108,1784563701.108,172.403,1.745951e-01,3.411383e-03,1.611328e-01,1.843262e-01,2000,0,3.491902e-02
2026-07-20T19:08:21.208,1784563701.208,172.503,1.743207e-01,3.273699e-03,1.630859e-01,1.862793e-01,2000,0,3.486414e-02
2026-07-20T19:08:21.308,1784563701.309,172.603,1.726505e-01,3.385231e-03,1.613770e-01,1.835938e-01,2000,0,3.453010e-02
2026-07-20T19:08:21.408,1784563701.408,172.703,1.711426e-01,3.496141e-03,1.594238e-01,1.826172e-01,2000,0,3.422852e-02
2026-07-20T19:08:21.509,1784563701.509,172.803,1.701119e-01,3.420326e-03,1.604004e-01,1.828613e-01,2000,0,3.402239e-02
2026-07-20T19:08:21.609,1784563701.609,172.903,1.692716e-01,3.659409e-03,1.579590e-01,1.801758e-01,2000,0,3.385432e-02
2026-07-20T19:08:21.710,1784563701.710,173.003,1.675840e-01,3.560640e-03,1.560059e-01,1.784668e-01,2000,0,3.351680e-02
2026-07-20T19:08:21.809,1784563701.809,173.103,1.668419e-01,3.679286e-03,1.542969e-01,1.770020e-01,2000,0,3.336838e-02
2026-07-20T19:08:21.909,1784563701.909,173.203,1.653346e-01,3.531148e-03,1.552734e-01,1.816406e-01,2000,0,3.306692e-02
2026-07-20T19:08:22.009,1784563702.009,173.303,1.643940e-01,3.661294e-03,1.528320e-01,1.760254e-01,2000,0,3.287881e-02
2026-07-20T19:08:22.108,1784563702.109,173.403,1.634249e-01,3.661023e-03,1.516113e-01,1.750488e-01,2000,0,3.268499e-02
2026-07-20T19:08:22.208,1784563702.208,173.503,1.620797e-01,3.516335e-03,1.530762e-01,1.757812e-01,2000,0,3.241594e-02
2026-07-20T19:08:22.308,1784563702.309,173.603,1.607113e-01,3.578736e-03,1.511230e-01,1.748047e-01,2000,0,3.214226e-02
2026-07-20T19:08:22.408,1784563702.408,173.703,1.601525e-01,3.344337e-03,1.499023e-01,1.713867e-01,2000,0,3.203049e-02
2026-07-20T19:08:22.509,1784563702.509,173.803,1.591323e-01,3.593775e-03,1.474609e-01,1.704102e-01,2000,0,3.182646e-02
2026-07-20T19:08:22.609,1784563702.609,173.903,1.577977e-01,3.469025e-03,1.455078e-01,1.723633e-01,2000,0,3.155955e-02
2026-07-20T19:08:22.709,1784563702.709,174.003,1.575797e-01,3.536460e-03,1.459961e-01,1.691895e-01,2000,0,3.151594e-02
2026-07-20T19:08:22.809,1784563702.809,174.103,1.574224e-01,3.186908e-03,1.462402e-01,1.687012e-01,2000,0,3.148447e-02
2026-07-20T19:08:22.909,1784563702.909,174.203,1.559027e-01,3.102805e-03,1.445312e-01,1.674805e-01,2000,0,3.118054e-02
2026-07-20T19:08:23.008,1784563703.008,174.303,1.559988e-01,3.229217e-03,1.467285e-01,1.672363e-01,2000,0,3.119976e-02
2026-07-20T19:08:23.108,1784563703.109,174.403,1.556444e-01,3.244147e-03,1.450195e-01,1.657715e-01,2000,0,3.112888e-02
2026-07-20T19:08:23.208,1784563703.209,174.503,1.550343e-01,3.130937e-03,1.452637e-01,1.657715e-01,2000,0,3.100686e-02
2026-07-20T19:08:23.308,1784563703.308,174.603,1.551508e-01,2.943550e-03,1.440430e-01,1.655273e-01,2000,0,3.103015e-02
2026-07-20T19:08:23.408,1784563703.408,174.703,1.542526e-01,3.224168e-03,1.447754e-01,1.665039e-01,2000,0,3.085051e-02
2026-07-20T19:08:23.508,1784563703.509,174.803,1.542040e-01,3.103360e-03,1.384277e-01,1.660156e-01,2000,0,3.084080e-02
2026-07-20T19:08:23.608,1784563703.609,174.903,1.542605e-01,3.213356e-03,1.408691e-01,1.638184e-01,2000,0,3.085210e-02
2026-07-20T19:08:23.708,1784563703.709,175.003,1.539171e-01,3.029164e-03,1.428223e-01,1.655273e-01,2000,0,3.078342e-02
2026-07-20T19:08:23.808,1784563703.809,175.103,1.536659e-01,3.226611e-03,1.425781e-01,1.628418e-01,2000,0,3.073318e-02
2026-07-20T19:08:23.908,1784563703.909,175.203,1.537889e-01,3.067644e-03,1.430664e-01,1.674805e-01,2000,0,3.075779e-02
2026-07-20T19:08:24.008,1784563704.009,175.303,1.527841e-01,2.959090e-03,1.413574e-01,1.652832e-01,2000,0,3.055681e-02
2026-07-20T19:08:24.108,1784563704.109,175.403,1.530115e-01,2.892276e-03,1.435547e-01,1.625977e-01,2000,0,3.060229e-02
2026-07-20T19:08:24.208,1784563704.209,175.503,1.527949e-01,3.055027e-03,1.428223e-01,1.623535e-01,2000,0,3.055898e-02
2026-07-20T19:08:24.308,1784563704.309,175.603,1.518224e-01,3.219243e-03,1.406250e-01,1.628418e-01,2000,0,3.036448e-02
2026-07-20T19:08:24.408,1784563704.409,175.703,1.515502e-01,3.260377e-03,1.394043e-01,1.618652e-01,2000,0,3.031003e-02
2026-07-20T19:08:24.508,1784563704.509,175.803,1.512139e-01,3.292167e-03,1.379395e-01,1.633301e-01,2000,0,3.024277e-02
2026-07-20T19:08:24.608,1784563704.609,175.903,1.506207e-01,3.376679e-03,1.398926e-01,1.650391e-01,2000,0,3.012415e-02
2026-07-20T19:08:24.710,1784563704.710,176.003,1.504719e-01,3.364344e-03,1.396484e-01,1.625977e-01,2000,0,3.009438e-02
2026-07-20T19:08:24.808,1784563704.809,176.103,1.502474e-01,3.359019e-03,1.303711e-01,1.618652e-01,2000,0,3.004949e-02
2026-07-20T19:08:24.908,1784563704.909,176.203,1.492100e-01,3.404340e-03,1.362305e-01,1.616211e-01,2000,0,2.984199e-02
2026-07-20T19:08:25.008,1784563705.008,176.303,1.485826e-01,3.393757e-03,1.352539e-01,1.589355e-01,2000,0,2.971653e-02
2026-07-20T19:08:25.108,1784563705.109,176.403,1.485286e-01,3.473100e-03,1.381836e-01,1.613770e-01,2000,0,2.970571e-02
2026-07-20T19:08:25.208,1784563705.209,176.503,1.485117e-01,3.490371e-03,1.379395e-01,1.618652e-01,2000,0,2.970234e-02
2026-07-20T19:08:25.308,1784563705.309,176.603,1.480520e-01,3.379128e-03,1.369629e-01,1.601562e-01,2000,0,2.961040e-02
2026-07-20T19:08:25.408,1784563705.409,176.703,1.476530e-01,3.365387e-03,1.350098e-01,1.589355e-01,2000,0,2.953059e-02
2026-07-20T19:08:25.508,1784563705.509,176.803,1.469846e-01,3.414371e-03,1.364746e-01,1.591797e-01,2000,0,2.939692e-02
2026-07-20T19:08:25.608,1784563705.609,176.903,1.463810e-01,3.424242e-03,1.364746e-01,1.594238e-01,2000,0,2.927620e-02
2026-07-20T19:08:25.708,1784563705.709,177.003,1.462701e-01,3.252128e-03,1.357422e-01,1.599121e-01,2000,0,2.925403e-02
2026-07-20T19:08:25.808,1784563705.809,177.103,1.455604e-01,3.289210e-03,1.367188e-01,1.591797e-01,2000,0,2.911208e-02
2026-07-20T19:08:25.908,1784563705.909,177.203,1.454606e-01,3.407744e-03,1.296387e-01,1.584473e-01,2000,0,2.909211e-02
2026-07-20T19:08:26.008,1784563706.009,177.303,1.445731e-01,3.384287e-03,1.342773e-01,1.567383e-01,2000,0,2.891462e-02
2026-07-20T19:08:26.108,1784563706.109,177.403,1.435623e-01,3.421255e-03,1.323242e-01,1.550293e-01,2000,0,2.871245e-02
2026-07-20T19:08:26.208,1784563706.209,177.504,1.425640e-01,3.388340e-03,1.291504e-01,1.530762e-01,2000,0,2.851279e-02
2026-07-20T19:08:26.308,1784563706.309,177.603,1.422896e-01,3.240868e-03,1.320801e-01,1.542969e-01,2000,0,2.845791e-02
2026-07-20T19:08:26.408,1784563706.409,177.703,1.417510e-01,3.399166e-03,1.303711e-01,1.555176e-01,2000,0,2.835020e-02
2026-07-20T19:08:26.508,1784563706.509,177.803,1.410662e-01,3.388050e-03,1.281738e-01,1.542969e-01,2000,0,2.821323e-02
2026-07-20T19:08:26.608,1784563706.609,177.903,1.399573e-01,3.364890e-03,1.303711e-01,1.499023e-01,2000,0,2.799146e-02
2026-07-20T19:08:26.708,1784563706.709,178.003,1.394667e-01,3.562439e-03,1.252441e-01,1.501465e-01,2000,0,2.789333e-02
2026-07-20T19:08:26.808,1784563706.809,178.103,1.393142e-01,3.536955e-03,1.220703e-01,1.533203e-01,2000,0,2.786284e-02
2026-07-20T19:08:26.908,1784563706.909,178.203,1.384482e-01,3.488956e-03,1.264648e-01,1.494141e-01,2000,0,2.768965e-02
2026-07-20T19:08:27.008,1784563707.009,178.303,1.378530e-01,3.496633e-03,1.259766e-01,1.489258e-01,2000,0,2.757061e-02
2026-07-20T19:08:27.108,1784563707.109,178.403,1.370540e-01,3.578021e-03,1.210938e-01,1.481934e-01,2000,0,2.741079e-02
2026-07-20T19:08:27.208,1784563707.209,178.503,1.365239e-01,3.494668e-03,1.252441e-01,1.474609e-01,2000,0,2.730479e-02
2026-07-20T19:08:27.310,1784563707.311,178.603,1.358199e-01,3.474234e-03,1.225586e-01,1.469727e-01,2000,0,2.716399e-02
2026-07-20T19:08:27.408,1784563707.409,178.703,1.354525e-01,3.515428e-03,1.240234e-01,1.469727e-01,2000,0,2.709050e-02
2026-07-20T19:08:27.508,1784563707.509,178.803,1.348254e-01,3.565314e-03,1.240234e-01,1.459961e-01,2000,0,2.696509e-02
2026-07-20T19:08:27.608,1784563707.609,178.903,1.340952e-01,3.416194e-03,1.235352e-01,1.467285e-01,2000,0,2.681904e-02
2026-07-20T19:08:27.710,1784563707.710,179.003,1.334519e-01,3.388359e-03,1.225586e-01,1.481934e-01,2000,0,2.669038e-02
2026-07-20T19:08:27.808,1784563707.809,179.103,1.332249e-01,3.432441e-03,1.203613e-01,1.452637e-01,2000,0,2.664497e-02
2026-07-20T19:08:27.908,1784563707.909,179.203,1.318278e-01,3.305996e-03,1.164551e-01,1.423340e-01,2000,0,2.636555e-02
2026-07-20T19:08:28.008,1784563708.009,179.303,1.318074e-01,3.354889e-03,1.193848e-01,1.428223e-01,2000,0,2.636147e-02
2026-07-20T19:08:28.108,1784563708.109,179.403,1.308147e-01,3.322228e-03,1.198730e-01,1.411133e-01,2000,0,2.616294e-02
2026-07-20T19:08:28.208,1784563708.209,179.503,1.300334e-01,3.191249e-03,1.198730e-01,1.398926e-01,2000,0,2.600669e-02
2026-07-20T19:08:28.309,1784563708.310,179.603,1.298561e-01,3.173701e-03,1.201172e-01,1.406250e-01,2000,0,2.597122e-02
2026-07-20T19:08:28.409,1784563708.409,179.703,1.287430e-01,3.307377e-03,1.152344e-01,1.386719e-01,2000,0,2.574861e-02
2026-07-20T19:08:28.509,1784563708.510,179.803,1.284116e-01,3.359692e-03,1.152344e-01,1.391602e-01,2000,0,2.568232e-02
2026-07-20T19:08:28.609,1784563708.609,179.903,1.276820e-01,3.115528e-03,1.169434e-01,1.413574e-01,2000,0,2.553640e-02
2026-07-20T19:08:28.709,1784563708.709,180.003,1.269669e-01,3.077134e-03,1.184082e-01,1.396484e-01,2000,0,2.539338e-02
2026-07-20T19:08:28.809,1784563708.809,180.103,1.260416e-01,3.268290e-03,1.132812e-01,1.394043e-01,2000,0,2.520833e-02
2026-07-20T19:08:28.908,1784563708.909,180.203,1.258943e-01,3.289050e-03,1.113281e-01,1.411133e-01,2000,0,2.517886e-02
2026-07-20T19:08:29.008,1784563709.009,180.303,1.250615e-01,3.137520e-03,1.098633e-01,1.362305e-01,2000,0,2.501230e-02
2026-07-20T19:08:29.108,1784563709.109,180.403,1.239161e-01,3.367179e-03,1.137695e-01,1.347656e-01,2000,0,2.478323e-02
2026-07-20T19:08:29.208,1784563709.209,180.503,1.236442e-01,3.244436e-03,1.120605e-01,1.325684e-01,2000,0,2.472883e-02
2026-07-20T19:08:29.309,1784563709.310,180.603,1.229648e-01,3.359805e-03,1.093750e-01,1.354980e-01,2000,0,2.459297e-02
2026-07-20T19:08:29.409,1784563709.409,180.703,1.224115e-01,3.378279e-03,1.105957e-01,1.354980e-01,2000,0,2.448230e-02
2026-07-20T19:08:29.509,1784563709.509,180.803,1.223447e-01,3.350394e-03,1.118164e-01,1.315918e-01,2000,0,2.446895e-02
2026-07-20T19:08:29.609,1784563709.609,180.903,1.213182e-01,3.453792e-03,1.081543e-01,1.303711e-01,2000,0,2.426365e-02
2026-07-20T19:08:29.709,1784563709.709,181.003,1.208630e-01,3.443603e-03,1.071777e-01,1.333008e-01,2000,0,2.417261e-02
2026-07-20T19:08:29.809,1784563709.809,181.103,1.206630e-01,3.524109e-03,1.098633e-01,1.313477e-01,2000,0,2.413259e-02
2026-07-20T19:08:29.908,1784563709.909,181.203,1.199655e-01,3.516686e-03,1.042480e-01,1.298828e-01,2000,0,2.399309e-02
2026-07-20T19:08:30.008,1784563710.009,181.303,1.191836e-01,3.395100e-03,1.071777e-01,1.291504e-01,2000,0,2.383672e-02
2026-07-20T19:08:30.108,1784563710.108,181.403,1.190691e-01,3.336270e-03,1.071777e-01,1.354980e-01,2000,0,2.381382e-02
2026-07-20T19:08:30.208,1784563710.209,181.503,1.180217e-01,3.492407e-03,1.052246e-01,1.313477e-01,2000,0,2.360435e-02
2026-07-20T19:08:30.308,1784563710.309,181.603,1.167572e-01,3.484461e-03,1.015625e-01,1.279297e-01,2000,0,2.335144e-02
2026-07-20T19:08:30.409,1784563710.409,181.703,1.168412e-01,3.619753e-03,1.030273e-01,1.313477e-01,2000,0,2.336824e-02
2026-07-20T19:08:30.508,1784563710.509,181.803,1.164385e-01,3.577909e-03,1.037598e-01,1.274414e-01,2000,0,2.328770e-02
2026-07-20T19:08:30.608,1784563710.609,181.903,1.162648e-01,3.590892e-03,9.912109e-02,1.264648e-01,2000,0,2.325295e-02
2026-07-20T19:08:30.710,1784563710.710,182.003,1.153176e-01,3.537047e-03,1.030273e-01,1.247559e-01,2000,0,2.306353e-02
2026-07-20T19:08:30.808,1784563710.809,182.103,1.148333e-01,3.546554e-03,9.863281e-02,1.259766e-01,2000,0,2.296665e-02
2026-07-20T19:08:30.908,1784563710.909,182.203,1.146184e-01,3.599758e-03,1.013184e-01,1.250000e-01,2000,0,2.292368e-02
2026-07-20T19:08:31.008,1784563711.009,182.303,1.144102e-01,3.551232e-03,1.020508e-01,1.262207e-01,2000,0,2.288203e-02
2026-07-20T19:08:31.108,1784563711.109,182.403,1.133818e-01,3.502786e-03,1.003418e-01,1.286621e-01,2000,0,2.267637e-02
2026-07-20T19:08:31.208,1784563711.209,182.503,1.139468e-01,3.512520e-03,9.619141e-02,1.245117e-01,2000,0,2.278936e-02
2026-07-20T19:08:31.308,1784563711.309,182.603,1.135338e-01,3.369400e-03,9.985352e-02,1.232910e-01,2000,0,2.270676e-02
2026-07-20T19:08:31.408,1784563711.409,182.703,1.134972e-01,3.362510e-03,1.020508e-01,1.315918e-01,2000,0,2.269944e-02
2026-07-20T19:08:31.508,1784563711.509,182.803,1.134009e-01,3.443447e-03,1.013184e-01,1.267090e-01,2000,0,2.268018e-02
2026-07-20T19:08:31.608,1784563711.609,182.903,1.128706e-01,3.397477e-03,9.838867e-02,1.235352e-01,2000,0,2.257412e-02
2026-07-20T19:08:31.708,1784563711.709,183.003,1.128572e-01,3.351534e-03,1.013184e-01,1.232910e-01,2000,0,2.257144e-02
2026-07-20T19:08:31.808,1784563711.809,183.103,1.127866e-01,3.456011e-03,9.960938e-02,1.250000e-01,2000,0,2.255732e-02
2026-07-20T19:08:31.908,1784563711.909,183.203,1.129738e-01,3.382164e-03,1.005859e-01,1.240234e-01,2000,0,2.259475e-02
2026-07-20T19:08:32.008,1784563712.009,183.303,1.124893e-01,3.227734e-03,1.015625e-01,1.245117e-01,2000,0,2.249785e-02
2026-07-20T19:08:32.108,1784563712.109,183.403,1.126981e-01,3.378536e-03,1.008301e-01,1.245117e-01,2000,0,2.253962e-02
2026-07-20T19:08:32.208,1784563712.209,183.503,1.126777e-01,3.315967e-03,1.015625e-01,1.264648e-01,2000,0,2.253555e-02
2026-07-20T19:08:32.308,1784563712.309,183.603,1.123016e-01,3.391862e-03,1.008301e-01,1.308594e-01,2000,0,2.246033e-02
2026-07-20T19:08:32.408,1784563712.409,183.703,1.128309e-01,3.375250e-03,1.003418e-01,1.252441e-01,2000,0,2.256619e-02
2026-07-20T19:08:32.508,1784563712.509,183.803,1.128357e-01,3.477049e-03,1.010742e-01,1.250000e-01,2000,0,2.256714e-02
2026-07-20T19:08:32.608,1784563712.609,183.903,1.129608e-01,3.401483e-03,1.010742e-01,1.250000e-01,2000,0,2.259216e-02
2026-07-20T19:08:32.708,1784563712.709,184.003,1.131669e-01,3.456836e-03,1.020508e-01,1.235352e-01,2000,0,2.263337e-02
2026-07-20T19:08:32.808,1784563712.809,184.103,1.133762e-01,3.336293e-03,1.018066e-01,1.242676e-01,2000,0,2.267524e-02
2026-07-20T19:08:32.908,1784563712.909,184.203,1.134946e-01,3.454233e-03,1.020508e-01,1.264648e-01,2000,0,2.269893e-02
2026-07-20T19:08:33.008,1784563713.009,184.303,1.136018e-01,3.522248e-03,1.020508e-01,1.242676e-01,2000,0,2.272036e-02
2026-07-20T19:08:33.108,1784563713.109,184.403,1.143132e-01,3.441097e-03,1.025391e-01,1.276855e-01,2000,0,2.286265e-02
2026-07-20T19:08:33.208,1784563713.209,184.503,1.145872e-01,3.480706e-03,1.044922e-01,1.269531e-01,2000,0,2.291743e-02
2026-07-20T19:08:33.308,1784563713.309,184.603,1.148330e-01,3.440125e-03,1.032715e-01,1.259766e-01,2000,0,2.296660e-02
2026-07-20T19:08:33.409,1784563713.410,184.703,1.154484e-01,3.479182e-03,1.042480e-01,1.289062e-01,2000,0,2.308967e-02
2026-07-20T19:08:33.508,1784563713.509,184.803,1.159963e-01,3.498897e-03,1.052246e-01,1.279297e-01,2000,0,2.319927e-02
2026-07-20T19:08:33.608,1784563713.609,184.903,1.168724e-01,3.442297e-03,1.052246e-01,1.271973e-01,2000,0,2.337449e-02
2026-07-20T19:08:33.710,1784563713.710,185.003,1.169971e-01,3.495925e-03,1.064453e-01,1.267090e-01,2000,0,2.339941e-02
2026-07-20T19:08:33.808,1784563713.809,185.103,1.170581e-01,3.527550e-03,1.040039e-01,1.274414e-01,2000,0,2.341162e-02
2026-07-20T19:08:33.908,1784563713.909,185.203,1.176117e-01,3.533075e-03,1.059570e-01,1.289062e-01,2000,0,2.352234e-02
2026-07-20T19:08:34.008,1784563714.009,185.303,1.181793e-01,3.684046e-03,1.042480e-01,1.347656e-01,2000,0,2.363586e-02
2026-07-20T19:08:34.108,1784563714.109,185.403,1.186938e-01,3.442020e-03,1.066895e-01,1.301270e-01,2000,0,2.373877e-02
2026-07-20T19:08:34.208,1784563714.209,185.503,1.194969e-01,3.614933e-03,1.083984e-01,1.308594e-01,2000,0,2.389939e-02
2026-07-20T19:08:34.308,1784563714.309,185.603,1.203872e-01,3.827801e-03,1.057129e-01,1.313477e-01,2000,0,2.407744e-02
2026-07-20T19:08:34.408,1784563714.409,185.703,1.195313e-01,3.626018e-03,1.052246e-01,1.311035e-01,2000,0,2.390625e-02
2026-07-20T19:08:34.509,1784563714.509,185.803,1.205583e-01,3.596041e-03,1.076660e-01,1.330566e-01,2000,0,2.411167e-02
2026-07-20T19:08:34.609,1784563714.609,185.903,1.216277e-01,3.563324e-03,1.054688e-01,1.333008e-01,2000,0,2.432554e-02
2026-07-20T19:08:34.709,1784563714.709,186.003,1.214132e-01,3.646396e-03,1.091309e-01,1.340332e-01,2000,0,2.428264e-02
2026-07-20T19:08:34.809,1784563714.809,186.103,1.225018e-01,3.769886e-03,1.091309e-01,1.333008e-01,2000,0,2.450037e-02
2026-07-20T19:08:34.909,1784563714.909,186.203,1.232421e-01,3.538037e-03,1.079102e-01,1.347656e-01,2000,0,2.464841e-02
2026-07-20T19:08:35.008,1784563715.009,186.303,1.228514e-01,3.668100e-03,1.105957e-01,1.350098e-01,2000,0,2.457029e-02
2026-07-20T19:08:35.108,1784563715.109,186.403,1.237758e-01,3.788306e-03,1.108398e-01,1.359863e-01,2000,0,2.475515e-02
2026-07-20T19:08:35.208,1784563715.209,186.503,1.243899e-01,4.037417e-03,1.103516e-01,1.376953e-01,2000,0,2.487798e-02
2026-07-20T19:08:35.308,1784563715.309,186.603,1.243401e-01,3.726395e-03,1.120605e-01,1.391602e-01,2000,0,2.486802e-02
2026-07-20T19:08:35.408,1784563715.409,186.703,1.245587e-01,3.654602e-03,1.127930e-01,1.406250e-01,2000,0,2.491174e-02
2026-07-20T19:08:35.508,1784563715.509,186.803,1.248934e-01,3.873328e-03,1.123047e-01,1.359863e-01,2000,0,2.497869e-02
2026-07-20T19:08:35.608,1784563715.609,186.903,1.249817e-01,3.864950e-03,1.098633e-01,1.396484e-01,2000,0,2.499634e-02
2026-07-20T19:08:35.708,1784563715.709,187.003,1.244786e-01,3.761962e-03,1.118164e-01,1.352539e-01,2000,0,2.489573e-02
2026-07-20T19:08:35.808,1784563715.809,187.103,1.248854e-01,3.919686e-03,1.071777e-01,1.369629e-01,2000,0,2.497708e-02
2026-07-20T19:08:35.908,1784563715.909,187.203,1.247733e-01,4.086125e-03,1.115723e-01,1.359863e-01,2000,0,2.495466e-02
2026-07-20T19:08:36.008,1784563716.009,187.303,1.245438e-01,3.863491e-03,1.079102e-01,1.357422e-01,2000,0,2.490876e-02
2026-07-20T19:08:36.108,1784563716.109,187.403,1.245553e-01,3.901766e-03,1.103516e-01,1.372070e-01,2000,0,2.491106e-02
2026-07-20T19:08:36.208,1784563716.209,187.503,1.239879e-01,4.051913e-03,1.130371e-01,1.384277e-01,2000,0,2.479758e-02
2026-07-20T19:08:36.308,1784563716.309,187.603,1.239614e-01,4.055223e-03,1.096191e-01,1.374512e-01,2000,0,2.479229e-02
2026-07-20T19:08:36.408,1784563716.409,187.703,1.240297e-01,3.840658e-03,1.120605e-01,1.372070e-01,2000,0,2.480593e-02
2026-07-20T19:08:36.508,1784563716.509,187.803,1.236569e-01,3.908287e-03,1.118164e-01,1.386719e-01,2000,0,2.473137e-02
2026-07-20T19:08:36.609,1784563716.609,187.903,1.237064e-01,4.000804e-03,1.105957e-01,1.379395e-01,2000,0,2.474128e-02
2026-07-20T19:08:36.710,1784563716.710,188.003,1.235066e-01,4.042399e-03,1.096191e-01,1.359863e-01,2000,0,2.470132e-02
2026-07-20T19:08:36.809,1784563716.809,188.103,1.224333e-01,4.014587e-03,1.108398e-01,1.340332e-01,2000,0,2.448667e-02
2026-07-20T19:08:36.909,1784563716.909,188.203,1.230658e-01,3.784546e-03,1.118164e-01,1.357422e-01,2000,0,2.461316e-02
2026-07-20T19:08:37.009,1784563717.009,188.303,1.222233e-01,3.862186e-03,1.098633e-01,1.342773e-01,2000,0,2.444465e-02
2026-07-20T19:08:37.108,1784563717.109,188.403,1.221071e-01,3.866503e-03,1.103516e-01,1.335449e-01,2000,0,2.442141e-02
2026-07-20T19:08:37.208,1784563717.209,188.503,1.216700e-01,3.748020e-03,1.088867e-01,1.350098e-01,2000,0,2.433401e-02
2026-07-20T19:08:37.308,1784563717.309,188.603,1.214390e-01,3.763138e-03,1.101074e-01,1.325684e-01,2000,0,2.428779e-02
2026-07-20T19:08:37.408,1784563717.409,188.703,1.207681e-01,3.690728e-03,1.096191e-01,1.333008e-01,2000,0,2.415361e-02
2026-07-20T19:08:37.508,1784563717.509,188.803,1.209258e-01,3.605393e-03,1.105957e-01,1.354980e-01,2000,0,2.418516e-02
2026-07-20T19:08:37.608,1784563717.609,188.903,1.206472e-01,3.713135e-03,1.086426e-01,1.352539e-01,2000,0,2.412944e-02
2026-07-20T19:08:37.708,1784563717.709,189.003,1.202731e-01,3.435925e-03,1.098633e-01,1.311035e-01,2000,0,2.405461e-02
2026-07-20T19:08:37.808,1784563717.809,189.103,1.200266e-01,3.443381e-03,1.088867e-01,1.308594e-01,2000,0,2.400532e-02
2026-07-20T19:08:37.908,1784563717.909,189.203,1.201620e-01,3.299087e-03,1.103516e-01,1.308594e-01,2000,0,2.403240e-02
2026-07-20T19:08:38.008,1784563718.009,189.303,1.200776e-01,3.288283e-03,1.101074e-01,1.301270e-01,2000,0,2.401553e-02
2026-07-20T19:08:38.108,1784563718.109,189.403,1.197479e-01,3.158305e-03,1.096191e-01,1.320801e-01,2000,0,2.394958e-02
2026-07-20T19:08:38.208,1784563718.209,189.503,1.198275e-01,3.129038e-03,1.098633e-01,1.308594e-01,2000,0,2.396550e-02
2026-07-20T19:08:38.308,1784563718.309,189.603,1.189539e-01,2.939718e-03,1.081543e-01,1.286621e-01,2000,0,2.379077e-02
2026-07-20T19:08:38.408,1784563718.409,189.703,1.197388e-01,2.830437e-03,1.096191e-01,1.291504e-01,2000,0,2.394775e-02
2026-07-20T19:08:38.508,1784563718.509,189.803,1.195718e-01,2.745830e-03,1.093750e-01,1.372070e-01,2000,0,2.391436e-02
2026-07-20T19:08:38.608,1784563718.609,189.903,1.194838e-01,2.826070e-03,1.088867e-01,1.293945e-01,2000,0,2.389675e-02
2026-07-20T19:08:38.708,1784563718.709,190.003,1.200686e-01,2.626871e-03,1.125488e-01,1.306152e-01,2000,0,2.401372e-02
2026-07-20T19:08:38.808,1784563718.809,190.103,1.202175e-01,2.623667e-03,1.096191e-01,1.291504e-01,2000,0,2.404351e-02
2026-07-20T19:08:38.908,1784563718.909,190.203,1.195577e-01,2.596531e-03,1.101074e-01,1.286621e-01,2000,0,2.391155e-02
2026-07-20T19:08:39.010,1784563719.010,190.303,1.200342e-01,2.587285e-03,1.113281e-01,1.286621e-01,2000,0,2.400684e-02
2026-07-20T19:08:39.108,1784563719.109,190.403,1.208210e-01,2.641194e-03,1.098633e-01,1.301270e-01,2000,0,2.416421e-02
2026-07-20T19:08:39.208,1784563719.209,190.503,1.206399e-01,2.609749e-03,1.083984e-01,1.296387e-01,2000,0,2.412798e-02
2026-07-20T19:08:39.309,1784563719.309,190.603,1.207809e-01,2.546801e-03,1.076660e-01,1.313477e-01,2000,0,2.415618e-02
2026-07-20T19:08:39.409,1784563719.410,190.703,1.214048e-01,2.554333e-03,1.130371e-01,1.301270e-01,2000,0,2.428096e-02
2026-07-20T19:08:39.508,1784563719.509,190.803,1.209839e-01,2.419820e-03,1.110840e-01,1.284180e-01,2000,0,2.419678e-02
2026-07-20T19:08:39.608,1784563719.609,190.903,1.214084e-01,2.627587e-03,1.115723e-01,1.298828e-01,2000,0,2.428169e-02
2026-07-20T19:08:39.710,1784563719.710,191.003,1.213345e-01,2.547813e-03,1.123047e-01,1.291504e-01,2000,0,2.426689e-02
2026-07-20T19:08:39.808,1784563719.809,191.103,1.217438e-01,2.455703e-03,1.096191e-01,1.308594e-01,2000,0,2.434875e-02
2026-07-20T19:08:39.908,1784563719.909,191.203,1.217772e-01,2.731008e-03,1.118164e-01,1.323242e-01,2000,0,2.435544e-02
2026-07-20T19:08:40.008,1784563720.009,191.303,1.216595e-01,2.702094e-03,1.130371e-01,1.306152e-01,2000,0,2.433191e-02
2026-07-20T19:08:40.108,1784563720.109,191.403,1.215387e-01,2.673245e-03,1.115723e-01,1.296387e-01,2000,0,2.430774e-02
2026-07-20T19:08:40.208,1784563720.209,191.503,1.220433e-01,2.727842e-03,1.132812e-01,1.313477e-01,2000,0,2.440867e-02
2026-07-20T19:08:40.308,1784563720.309,191.603,1.224786e-01,2.909089e-03,1.132812e-01,1.418457e-01,2000,0,2.449573e-02
2026-07-20T19:08:40.409,1784563720.410,191.703,1.214607e-01,2.932250e-03,1.062012e-01,1.347656e-01,2000,0,2.429214e-02
2026-07-20T19:08:40.508,1784563720.509,191.803,1.228925e-01,3.059146e-03,1.098633e-01,1.350098e-01,2000,0,2.457849e-02
2026-07-20T19:08:40.608,1784563720.609,191.903,1.230083e-01,3.058489e-03,1.135254e-01,1.335449e-01,2000,0,2.460166e-02
2026-07-20T19:08:40.708,1784563720.709,192.003,1.230189e-01,2.964931e-03,1.135254e-01,1.328125e-01,2000,0,2.460378e-02
2026-07-20T19:08:40.808,1784563720.809,192.103,1.231190e-01,3.013047e-03,1.137695e-01,1.330566e-01,2000,0,2.462380e-02
2026-07-20T19:08:40.908,1784563720.909,192.203,1.236746e-01,3.225420e-03,1.113281e-01,1.342773e-01,2000,0,2.473491e-02
2026-07-20T19:08:41.008,1784563721.009,192.303,1.237474e-01,3.230604e-03,1.135254e-01,1.347656e-01,2000,0,2.474949e-02
2026-07-20T19:08:41.108,1784563721.109,192.403,1.235502e-01,3.187131e-03,1.130371e-01,1.379395e-01,2000,0,2.471003e-02
2026-07-20T19:08:41.208,1784563721.209,192.503,1.232423e-01,3.058505e-03,1.137695e-01,1.340332e-01,2000,0,2.464846e-02
2026-07-20T19:08:41.308,1784563721.309,192.603,1.232036e-01,3.239736e-03,1.118164e-01,1.359863e-01,2000,0,2.464072e-02
2026-07-20T19:08:41.409,1784563721.410,192.703,1.229099e-01,3.203617e-03,1.098633e-01,1.342773e-01,2000,0,2.458198e-02
2026-07-20T19:08:41.509,1784563721.510,192.803,1.229705e-01,3.235237e-03,1.096191e-01,1.315918e-01,2000,0,2.459409e-02
2026-07-20T19:08:41.609,1784563721.610,192.903,1.233644e-01,3.107827e-03,1.132812e-01,1.311035e-01,2000,0,2.467288e-02
2026-07-20T19:08:41.709,1784563721.709,193.003,1.233612e-01,3.073263e-03,1.088867e-01,1.337891e-01,2000,0,2.467224e-02
2026-07-20T19:08:41.809,1784563721.809,193.103,1.228275e-01,2.957915e-03,1.130371e-01,1.315918e-01,2000,0,2.456550e-02
2026-07-20T19:08:41.909,1784563721.910,193.203,1.231385e-01,3.067115e-03,1.125488e-01,1.342773e-01,2000,0,2.462771e-02
2026-07-20T19:08:42.008,1784563722.009,193.303,1.229493e-01,3.043543e-03,1.115723e-01,1.345215e-01,2000,0,2.458987e-02
2026-07-20T19:08:42.108,1784563722.109,193.403,1.221724e-01,3.313037e-03,1.108398e-01,1.337891e-01,2000,0,2.443447e-02
2026-07-20T19:08:42.208,1784563722.209,193.503,1.225842e-01,3.143797e-03,1.108398e-01,1.330566e-01,2000,0,2.451685e-02
2026-07-20T19:08:42.308,1784563722.309,193.603,1.222711e-01,2.931986e-03,1.066895e-01,1.306152e-01,2000,0,2.445422e-02
2026-07-20T19:08:42.408,1784563722.409,193.703,1.214713e-01,3.254540e-03,1.105957e-01,1.354980e-01,2000,0,2.429426e-02
2026-07-20T19:08:42.509,1784563722.510,193.803,1.215046e-01,3.375464e-03,1.091309e-01,1.323242e-01,2000,0,2.430093e-02
2026-07-20T19:08:42.609,1784563722.609,193.903,1.207837e-01,3.069481e-03,1.105957e-01,1.303711e-01,2000,0,2.415674e-02
2026-07-20T19:08:42.709,1784563722.710,194.003,1.206620e-01,3.289127e-03,1.098633e-01,1.384277e-01,2000,0,2.413240e-02
2026-07-20T19:08:42.809,1784563722.810,194.103,1.200250e-01,3.224579e-03,1.062012e-01,1.296387e-01,2000,0,2.400500e-02
2026-07-20T19:08:42.909,1784563722.909,194.203,1.199723e-01,3.250815e-03,1.096191e-01,1.296387e-01,2000,0,2.399446e-02
2026-07-20T19:08:43.009,1784563723.009,194.303,1.195449e-01,3.482755e-03,1.057129e-01,1.306152e-01,2000,0,2.390898e-02
2026-07-20T19:08:43.108,1784563723.109,194.403,1.189403e-01,3.443675e-03,1.088867e-01,1.320801e-01,2000,0,2.378806e-02
2026-07-20T19:08:43.208,1784563723.209,194.503,1.186099e-01,3.402568e-03,1.030273e-01,1.315918e-01,2000,0,2.372197e-02
2026-07-20T19:08:43.309,1784563723.309,194.603,1.186005e-01,3.436312e-03,1.062012e-01,1.313477e-01,2000,0,2.372009e-02
2026-07-20T19:08:43.408,1784563723.409,194.703,1.176870e-01,3.452833e-03,1.069336e-01,1.325684e-01,2000,0,2.353740e-02
2026-07-20T19:08:43.509,1784563723.509,194.803,1.175270e-01,3.344076e-03,1.044922e-01,1.296387e-01,2000,0,2.350540e-02
2026-07-20T19:08:43.609,1784563723.609,194.903,1.176605e-01,3.310637e-03,1.035156e-01,1.269531e-01,2000,0,2.353210e-02
2026-07-20T19:08:43.709,1784563723.709,195.003,1.173234e-01,3.409289e-03,1.042480e-01,1.291504e-01,2000,0,2.346467e-02
2026-07-20T19:08:43.808,1784563723.809,195.103,1.173992e-01,3.404412e-03,1.052246e-01,1.296387e-01,2000,0,2.347983e-02
2026-07-20T19:08:43.908,1784563723.909,195.203,1.171040e-01,3.404349e-03,1.008301e-01,1.267090e-01,2000,0,2.342080e-02
2026-07-20T19:08:44.009,1784563724.009,195.303,1.163635e-01,3.356702e-03,1.015625e-01,1.269531e-01,2000,0,2.327271e-02
2026-07-20T19:08:44.108,1784563724.109,195.403,1.164064e-01,3.494442e-03,1.040039e-01,1.293945e-01,2000,0,2.328127e-02
2026-07-20T19:08:44.208,1784563724.209,195.503,1.160604e-01,3.351842e-03,1.018066e-01,1.286621e-01,2000,0,2.321208e-02
2026-07-20T19:08:44.309,1784563724.309,195.603,1.151951e-01,3.269553e-03,1.057129e-01,1.286621e-01,2000,0,2.303901e-02
2026-07-20T19:08:44.408,1784563724.409,195.703,1.148157e-01,3.222978e-03,1.030273e-01,1.259766e-01,2000,0,2.296313e-02
2026-07-20T19:08:44.509,1784563724.509,195.803,1.150641e-01,3.242046e-03,1.042480e-01,1.267090e-01,2000,0,2.301282e-02
2026-07-20T19:08:44.609,1784563724.609,195.903,1.143354e-01,3.293337e-03,1.025391e-01,1.259766e-01,2000,0,2.286709e-02
2026-07-20T19:08:44.710,1784563724.710,196.003,1.137189e-01,3.408202e-03,1.022949e-01,1.257324e-01,2000,0,2.274377e-02
2026-07-20T19:08:44.809,1784563724.809,196.103,1.145310e-01,3.195379e-03,1.008301e-01,1.264648e-01,2000,0,2.290620e-02
2026-07-20T19:08:44.908,1784563724.909,196.203,1.137430e-01,3.201956e-03,1.018066e-01,1.254883e-01,2000,0,2.274861e-02
2026-07-20T19:08:45.008,1784563725.009,196.303,1.135996e-01,3.292475e-03,1.008301e-01,1.250000e-01,2000,0,2.271992e-02
2026-07-20T19:08:45.108,1784563725.109,196.403,1.134583e-01,3.297619e-03,1.030273e-01,1.254883e-01,2000,0,2.269165e-02
2026-07-20T19:08:45.209,1784563725.209,196.503,1.134008e-01,3.243221e-03,1.013184e-01,1.242676e-01,2000,0,2.268015e-02
2026-07-20T19:08:45.309,1784563725.309,196.603,1.129155e-01,3.220242e-03,1.008301e-01,1.235352e-01,2000,0,2.258311e-02
2026-07-20T19:08:45.410,1784563725.410,196.703,1.122625e-01,3.334903e-03,9.887695e-02,1.218262e-01,2000,0,2.245249e-02
2026-07-20T19:08:45.509,1784563725.509,196.803,1.119967e-01,3.224534e-03,1.013184e-01,1.225586e-01,2000,0,2.239934e-02
2026-07-20T19:08:45.608,1784563725.609,196.903,1.113674e-01,3.266206e-03,9.960938e-02,1.225586e-01,2000,0,2.227349e-02
2026-07-20T19:08:45.710,1784563725.710,197.003,1.105227e-01,3.313480e-03,9.985352e-02,1.225586e-01,2000,0,2.210454e-02
2026-07-20T19:08:45.808,1784563725.809,197.103,1.099259e-01,3.305999e-03,9.960938e-02,1.225586e-01,2000,0,2.198518e-02
2026-07-20T19:08:45.909,1784563725.909,197.203,1.101061e-01,3.213548e-03,1.000977e-01,1.213379e-01,2000,0,2.202122e-02
2026-07-20T19:08:46.009,1784563726.009,197.303,1.090763e-01,3.082168e-03,9.960938e-02,1.210938e-01,2000,0,2.181526e-02
2026-07-20T19:08:46.109,1784563726.109,197.403,1.089913e-01,3.264014e-03,9.765625e-02,1.201172e-01,2000,0,2.179827e-02
2026-07-20T19:08:46.209,1784563726.209,197.503,1.086705e-01,3.005146e-03,9.814453e-02,1.188965e-01,2000,0,2.173411e-02
2026-07-20T19:08:46.309,1784563726.309,197.603,1.083751e-01,3.018050e-03,9.936523e-02,1.181641e-01,2000,0,2.167502e-02
2026-07-20T19:08:46.410,1784563726.410,197.703,1.073016e-01,3.105733e-03,9.643555e-02,1.191406e-01,2000,0,2.146033e-02
2026-07-20T19:08:46.508,1784563726.509,197.803,1.080135e-01,3.159307e-03,9.716797e-02,1.232910e-01,2000,0,2.160271e-02
2026-07-20T19:08:46.609,1784563726.609,197.903,1.073496e-01,2.990383e-03,9.716797e-02,1.171875e-01,2000,0,2.146992e-02
2026-07-20T19:08:46.709,1784563726.709,198.004,1.073009e-01,3.111284e-03,9.814453e-02,1.171875e-01,2000,0,2.146018e-02
2026-07-20T19:08:46.809,1784563726.809,198.103,1.073179e-01,3.004493e-03,9.399414e-02,1.164551e-01,2000,0,2.146357e-02
2026-07-20T19:08:46.909,1784563726.909,198.203,1.070458e-01,2.988039e-03,9.570312e-02,1.169434e-01,2000,0,2.140916e-02
2026-07-20T19:08:47.009,1784563727.009,198.303,1.063503e-01,2.945733e-03,9.716797e-02,1.176758e-01,2000,0,2.127007e-02
2026-07-20T19:08:47.109,1784563727.109,198.403,1.068176e-01,2.995819e-03,9.741211e-02,1.157227e-01,2000,0,2.136353e-02
2026-07-20T19:08:47.209,1784563727.209,198.503,1.063207e-01,2.960389e-03,9.497070e-02,1.166992e-01,2000,0,2.126414e-02
2026-07-20T19:08:47.309,1784563727.309,198.603,1.064570e-01,3.070050e-03,9.594727e-02,1.162109e-01,2000,0,2.129141e-02
2026-07-20T19:08:47.409,1784563727.409,198.703,1.056094e-01,3.061744e-03,9.570312e-02,1.193848e-01,2000,0,2.112188e-02
2026-07-20T19:08:47.509,1784563727.510,198.803,1.057877e-01,3.134185e-03,9.667969e-02,1.174316e-01,2000,0,2.115754e-02
2026-07-20T19:08:47.609,1784563727.610,198.903,1.052706e-01,3.223849e-03,9.204102e-02,1.137695e-01,2000,0,2.105413e-02
2026-07-20T19:08:47.709,1784563727.710,199.003,1.052509e-01,3.209525e-03,9.472656e-02,1.149902e-01,2000,0,2.105017e-02
2026-07-20T19:08:47.809,1784563727.810,199.103,1.041866e-01,3.181540e-03,9.326172e-02,1.135254e-01,2000,0,2.083733e-02
2026-07-20T19:08:47.909,1784563727.909,199.203,1.042827e-01,3.296367e-03,9.423828e-02,1.149902e-01,2000,0,2.085654e-02
2026-07-20T19:08:48.009,1784563728.009,199.303,1.041033e-01,3.233765e-03,9.082031e-02,1.174316e-01,2000,0,2.082065e-02
2026-07-20T19:08:48.109,1784563728.109,199.403,1.033229e-01,3.262793e-03,9.204102e-02,1.130371e-01,2000,0,2.066458e-02
2026-07-20T19:08:48.209,1784563728.209,199.503,1.031840e-01,3.279573e-03,9.228516e-02,1.159668e-01,2000,0,2.063679e-02
2026-07-20T19:08:48.309,1784563728.309,199.603,1.031152e-01,3.336308e-03,9.277344e-02,1.130371e-01,2000,0,2.062305e-02
2026-07-20T19:08:48.409,1784563728.409,199.703,1.020215e-01,3.304907e-03,9.252930e-02,1.125488e-01,2000,0,2.040430e-02
2026-07-20T19:08:48.509,1784563728.509,199.803,1.017268e-01,3.346954e-03,9.106445e-02,1.130371e-01,2000,0,2.034536e-02
2026-07-20T19:08:48.609,1784563728.609,199.903,1.016552e-01,3.322040e-03,9.008789e-02,1.127930e-01,2000,0,2.033103e-02
2026-07-20T19:08:48.710,1784563728.710,200.003,1.011727e-01,3.337999e-03,8.886719e-02,1.118164e-01,2000,0,2.023455e-02
2026-07-20T19:08:48.809,1784563728.809,200.103,1.005699e-01,3.294815e-03,8.935547e-02,1.113281e-01,2000,0,2.011399e-02
2026-07-20T19:08:48.909,1784563728.909,200.203,1.006980e-01,3.331507e-03,8.984375e-02,1.113281e-01,2000,0,2.013960e-02
2026-07-20T19:08:49.009,1784563729.009,200.303,1.001669e-01,3.209109e-03,9.130859e-02,1.113281e-01,2000,0,2.003337e-02
2026-07-20T19:08:49.109,1784563729.109,200.403,9.991406e-02,3.381074e-03,8.984375e-02,1.123047e-01,2000,0,1.998281e-02
2026-07-20T19:08:49.209,1784563729.209,200.503,9.940833e-02,3.368117e-03,8.959961e-02,1.101074e-01,2000,0,1.988167e-02
2026-07-20T19:08:49.309,1784563729.309,200.603,9.934766e-02,3.388561e-03,8.349609e-02,1.105957e-01,2000,0,1.986953e-02
2026-07-20T19:08:49.409,1784563729.409,200.703,9.855579e-02,3.374355e-03,8.569336e-02,1.101074e-01,2000,0,1.971116e-02
2026-07-20T19:08:49.509,1784563729.510,200.803,9.893726e-02,3.474516e-03,8.959961e-02,1.149902e-01,2000,0,1.978745e-02
2026-07-20T19:08:49.609,1784563729.610,200.903,9.862866e-02,3.432601e-03,8.764648e-02,1.118164e-01,2000,0,1.972573e-02
2026-07-20T19:08:49.709,1784563729.710,201.003,9.838123e-02,3.482318e-03,8.813477e-02,1.127930e-01,2000,0,1.967625e-02
2026-07-20T19:08:49.809,1784563729.810,201.103,9.868542e-02,3.498639e-03,8.618164e-02,1.162109e-01,2000,0,1.973708e-02
2026-07-20T19:08:49.909,1784563729.910,201.203,9.864709e-02,3.387156e-03,8.886719e-02,1.101074e-01,2000,0,1.972942e-02
2026-07-20T19:08:50.009,1784563730.009,201.303,9.782080e-02,3.464043e-03,8.618164e-02,1.105957e-01,2000,0,1.956416e-02
2026-07-20T19:08:50.109,1784563730.109,201.403,9.817688e-02,3.446432e-03,8.666992e-02,1.108398e-01,2000,0,1.963538e-02
2026-07-20T19:08:50.209,1784563730.209,201.503,9.791711e-02,3.412889e-03,8.837891e-02,1.096191e-01,2000,0,1.958342e-02
2026-07-20T19:08:50.308,1784563730.309,201.603,9.796021e-02,3.410103e-03,8.715820e-02,1.105957e-01,2000,0,1.959204e-02
2026-07-20T19:08:50.409,1784563730.409,201.703,9.762195e-02,3.448159e-03,8.447266e-02,1.098633e-01,2000,0,1.952439e-02
2026-07-20T19:08:50.509,1784563730.509,201.803,9.775842e-02,3.383347e-03,8.642578e-02,1.098633e-01,2000,0,1.955168e-02
2026-07-20T19:08:50.608,1784563730.609,201.903,9.818530e-02,3.281309e-03,8.471680e-02,1.142578e-01,2000,0,1.963706e-02
2026-07-20T19:08:50.709,1784563730.709,202.003,9.796265e-02,3.456060e-03,8.374023e-02,1.098633e-01,2000,0,1.959253e-02
2026-07-20T19:08:50.809,1784563730.809,202.103,9.782092e-02,3.370003e-03,8.374023e-02,1.093750e-01,2000,0,1.956418e-02
2026-07-20T19:08:50.909,1784563730.909,202.203,9.790405e-02,3.359563e-03,8.764648e-02,1.081543e-01,2000,0,1.958081e-02
2026-07-20T19:08:51.009,1784563731.009,202.303,9.709644e-02,3.211086e-03,8.789062e-02,1.081543e-01,2000,0,1.941929e-02
2026-07-20T19:08:51.109,1784563731.109,202.403,9.704370e-02,3.219936e-03,8.300781e-02,1.142578e-01,2000,0,1.940874e-02
2026-07-20T19:08:51.209,1784563731.209,202.504,9.693787e-02,3.171801e-03,8.789062e-02,1.081543e-01,2000,0,1.938757e-02
2026-07-20T19:08:51.309,1784563731.309,202.604,9.697913e-02,3.184498e-03,8.618164e-02,1.064453e-01,2000,0,1.939583e-02
2026-07-20T19:08:51.409,1784563731.409,202.703,9.652722e-02,3.217932e-03,8.544922e-02,1.088867e-01,2000,0,1.930544e-02
2026-07-20T19:08:51.509,1784563731.509,202.803,9.680005e-02,3.229298e-03,8.691406e-02,1.083984e-01,2000,0,1.936001e-02
2026-07-20T19:08:51.609,1784563731.610,202.903,9.656470e-02,3.121204e-03,8.593750e-02,1.062012e-01,2000,0,1.931294e-02
2026-07-20T19:08:51.710,1784563731.710,203.003,9.603491e-02,3.200805e-03,8.398438e-02,1.062012e-01,2000,0,1.920698e-02
2026-07-20T19:08:51.809,1784563731.809,203.103,9.637244e-02,3.284700e-03,8.618164e-02,1.093750e-01,2000,0,1.927449e-02
2026-07-20T19:08:51.909,1784563731.909,203.203,9.653906e-02,3.242554e-03,8.569336e-02,1.064453e-01,2000,0,1.930781e-02
2026-07-20T19:08:52.009,1784563732.009,203.303,9.599780e-02,3.233681e-03,8.447266e-02,1.057129e-01,2000,0,1.919956e-02
2026-07-20T19:08:52.109,1784563732.109,203.403,9.607056e-02,3.240483e-03,8.666992e-02,1.054688e-01,2000,0,1.921411e-02
2026-07-20T19:08:52.209,1784563732.209,203.503,9.623584e-02,3.252965e-03,8.593750e-02,1.118164e-01,2000,0,1.924717e-02
2026-07-20T19:08:52.309,1784563732.309,203.603,9.591882e-02,3.286499e-03,8.300781e-02,1.093750e-01,2000,0,1.918376e-02
2026-07-20T19:08:52.409,1784563732.409,203.703,9.610291e-02,3.372156e-03,8.398438e-02,1.057129e-01,2000,0,1.922058e-02
2026-07-20T19:08:52.509,1784563732.509,203.803,9.622510e-02,3.357559e-03,8.496094e-02,1.079102e-01,2000,0,1.924502e-02
2026-07-20T19:08:52.609,1784563732.609,203.903,9.588538e-02,3.305291e-03,8.374023e-02,1.064453e-01,2000,0,1.917708e-02
2026-07-20T19:08:52.709,1784563732.709,204.003,9.590137e-02,3.288989e-03,8.666992e-02,1.069336e-01,2000,0,1.918027e-02
2026-07-20T19:08:52.809,1784563732.809,204.103,9.602087e-02,3.218535e-03,8.642578e-02,1.059570e-01,2000,0,1.920417e-02
2026-07-20T19:08:52.908,1784563732.909,204.203,9.533105e-02,3.252192e-03,8.349609e-02,1.098633e-01,2000,0,1.906621e-02
2026-07-20T19:08:53.008,1784563733.009,204.303,9.595679e-02,3.414099e-03,8.544922e-02,1.074219e-01,2000,0,1.919136e-02
2026-07-20T19:08:53.108,1784563733.109,204.403,9.576416e-02,3.205470e-03,8.422852e-02,1.071777e-01,2000,0,1.915283e-02
2026-07-20T19:08:53.208,1784563733.209,204.503,9.577148e-02,3.313237e-03,8.398438e-02,1.052246e-01,2000,0,1.915430e-02
2026-07-20T19:08:53.308,1784563733.309,204.603,9.565881e-02,3.453805e-03,8.325195e-02,1.081543e-01,2000,0,1.913176e-02
2026-07-20T19:08:53.408,1784563733.409,204.703,9.593005e-02,3.203805e-03,8.593750e-02,1.059570e-01,2000,0,1.918601e-02
2026-07-20T19:08:53.508,1784563733.509,204.803,9.527673e-02,3.329242e-03,8.374023e-02,1.076660e-01,2000,0,1.905535e-02
2026-07-20T19:08:53.608,1784563733.609,204.903,9.514783e-02,3.549490e-03,8.129883e-02,1.076660e-01,2000,0,1.902957e-02
2026-07-20T19:08:53.708,1784563733.709,205.003,9.499841e-02,3.539101e-03,8.422852e-02,1.108398e-01,2000,0,1.899968e-02
2026-07-20T19:08:53.808,1784563733.809,205.103,9.448865e-02,3.322402e-03,8.398438e-02,1.064453e-01,2000,0,1.889773e-02
2026-07-20T19:08:53.908,1784563733.909,205.203,9.522485e-02,3.490898e-03,8.276367e-02,1.081543e-01,2000,0,1.904497e-02
2026-07-20T19:08:54.008,1784563734.009,205.303,9.401196e-02,3.593537e-03,8.105469e-02,1.093750e-01,2000,0,1.880239e-02
2026-07-20T19:08:54.108,1784563734.109,205.403,9.412939e-02,3.550002e-03,7.958984e-02,1.071777e-01,2000,0,1.882588e-02
2026-07-20T19:08:54.209,1784563734.209,205.503,9.407581e-02,3.763193e-03,8.081055e-02,1.079102e-01,2000,0,1.881516e-02
2026-07-20T19:08:54.308,1784563734.309,205.603,9.441785e-02,3.386333e-03,8.300781e-02,1.057129e-01,2000,0,1.888357e-02
2026-07-20T19:08:54.408,1784563734.409,205.703,9.440344e-02,3.640061e-03,8.203125e-02,1.081543e-01,2000,0,1.888069e-02
2026-07-20T19:08:54.508,1784563734.509,205.803,9.396301e-02,3.731378e-03,8.154297e-02,1.071777e-01,2000,0,1.879260e-02
2026-07-20T19:08:54.608,1784563734.609,205.903,9.417896e-02,3.500860e-03,8.105469e-02,1.047363e-01,2000,0,1.883579e-02
2026-07-20T19:08:54.710,1784563734.710,206.003,9.367810e-02,3.562176e-03,8.007812e-02,1.059570e-01,2000,0,1.873562e-02
2026-07-20T19:08:54.808,1784563734.809,206.103,9.442957e-02,3.669163e-03,8.203125e-02,1.054688e-01,2000,0,1.888591e-02
2026-07-20T19:08:54.909,1784563734.909,206.203,9.421558e-02,3.695586e-03,8.178711e-02,1.076660e-01,2000,0,1.884312e-02
2026-07-20T19:08:55.009,1784563735.009,206.303,9.378442e-02,3.750846e-03,7.958984e-02,1.086426e-01,2000,0,1.875688e-02
2026-07-20T19:08:55.109,1784563735.109,206.403,9.380042e-02,3.900248e-03,6.982422e-02,1.081543e-01,2000,0,1.876008e-02
2026-07-20T19:08:55.209,1784563735.209,206.503,9.385645e-02,3.881774e-03,8.007812e-02,1.049805e-01,2000,0,1.877129e-02
2026-07-20T19:08:55.309,1784563735.310,206.603,9.354736e-02,3.837407e-03,7.983398e-02,1.057129e-01,2000,0,1.870947e-02
2026-07-20T19:08:55.409,1784563735.410,206.703,9.374133e-02,3.942295e-03,7.983398e-02,1.054688e-01,2000,0,1.874827e-02
2026-07-20T19:08:55.509,1784563735.510,206.803,9.439331e-02,3.865655e-03,8.251953e-02,1.066895e-01,2000,0,1.887866e-02
2026-07-20T19:08:55.609,1784563735.610,206.903,9.408264e-02,3.934310e-03,8.032227e-02,1.066895e-01,2000,0,1.881653e-02
2026-07-20T19:08:55.710,1784563735.710,207.004,9.402771e-02,3.946551e-03,8.032227e-02,1.088867e-01,2000,0,1.880554e-02
2026-07-20T19:08:55.809,1784563735.809,207.103,9.400806e-02,3.909908e-03,8.007812e-02,1.062012e-01,2000,0,1.880161e-02
2026-07-20T19:08:55.909,1784563735.909,207.203,9.421411e-02,3.970812e-03,7.714844e-02,1.062012e-01,2000,0,1.884282e-02
2026-07-20T19:08:56.009,1784563736.009,207.303,9.427051e-02,3.951554e-03,8.032227e-02,1.066895e-01,2000,0,1.885410e-02
2026-07-20T19:08:56.109,1784563736.109,207.403,9.421655e-02,3.985412e-03,8.032227e-02,1.069336e-01,2000,0,1.884331e-02
2026-07-20T19:08:56.209,1784563736.209,207.503,9.386597e-02,3.990287e-03,8.129883e-02,1.083984e-01,2000,0,1.877319e-02
2026-07-20T19:08:56.309,1784563736.310,207.603,9.368188e-02,4.035425e-03,7.934570e-02,1.069336e-01,2000,0,1.873638e-02
2026-07-20T19:08:56.409,1784563736.410,207.703,9.402625e-02,3.981358e-03,7.250977e-02,1.076660e-01,2000,0,1.880525e-02
2026-07-20T19:08:56.509,1784563736.510,207.803,9.305981e-02,3.825669e-03,7.763672e-02,1.066895e-01,2000,0,1.861196e-02
2026-07-20T19:08:56.609,1784563736.610,207.903,9.291638e-02,3.831388e-03,7.958984e-02,1.054688e-01,2000,0,1.858328e-02
2026-07-20T19:08:56.709,1784563736.710,208.003,9.280359e-02,3.700936e-03,8.007812e-02,1.049805e-01,2000,0,1.856072e-02
2026-07-20T19:08:56.809,1784563736.809,208.103,9.146130e-02,3.617710e-03,7.958984e-02,1.042480e-01,2000,0,1.829226e-02
2026-07-20T19:08:56.909,1784563736.909,208.203,9.189380e-02,3.595607e-03,7.910156e-02,1.049805e-01,2000,0,1.837876e-02
2026-07-20T19:08:57.009,1784563737.009,208.303,9.125842e-02,3.646249e-03,8.105469e-02,1.054688e-01,2000,0,1.825168e-02
2026-07-20T19:08:57.109,1784563737.109,208.403,9.010999e-02,3.446201e-03,7.934570e-02,1.044922e-01,2000,0,1.802200e-02
2026-07-20T19:08:57.209,1784563737.209,208.503,9.063159e-02,3.351994e-03,7.836914e-02,1.005859e-01,2000,0,1.812632e-02
2026-07-20T19:08:57.309,1784563737.309,208.603,8.985571e-02,3.480452e-03,7.861328e-02,9.985352e-02,2000,0,1.797114e-02
2026-07-20T19:08:57.409,1784563737.409,208.703,8.904041e-02,3.353804e-03,7.763672e-02,1.013184e-01,2000,0,1.780808e-02
2026-07-20T19:08:57.509,1784563737.509,208.803,8.886658e-02,3.137311e-03,7.836914e-02,1.013184e-01,2000,0,1.777332e-02
2026-07-20T19:08:57.609,1784563737.609,208.903,8.821606e-02,3.129128e-03,7.763672e-02,9.887695e-02,2000,0,1.764321e-02
2026-07-20T19:08:57.710,1784563737.710,209.003,8.704687e-02,3.019903e-03,7.812500e-02,9.790039e-02,2000,0,1.740938e-02
2026-07-20T19:08:57.809,1784563737.809,209.103,8.718091e-02,2.782307e-03,7.763672e-02,9.765625e-02,2000,0,1.743618e-02
2026-07-20T19:08:57.909,1784563737.909,209.203,8.702722e-02,2.865983e-03,7.519531e-02,9.643555e-02,2000,0,1.740544e-02
2026-07-20T19:08:58.009,1784563738.009,209.303,8.648181e-02,2.858769e-03,7.617188e-02,1.069336e-01,2000,0,1.729636e-02
2026-07-20T19:08:58.109,1784563738.109,209.403,8.611047e-02,2.648048e-03,7.568359e-02,9.643555e-02,2000,0,1.722209e-02
2026-07-20T19:08:58.209,1784563738.209,209.503,8.555212e-02,2.768277e-03,7.421875e-02,9.692383e-02,2000,0,1.711042e-02
2026-07-20T19:08:58.309,1784563738.309,209.603,8.443494e-02,2.621661e-03,6.958008e-02,9.594727e-02,2000,0,1.688699e-02
2026-07-20T19:08:58.409,1784563738.409,209.703,8.548132e-02,2.569888e-03,7.470703e-02,9.423828e-02,2000,0,1.709626e-02
2026-07-20T19:08:58.509,1784563738.509,209.803,8.511865e-02,2.521935e-03,7.519531e-02,9.252930e-02,2000,0,1.702373e-02
2026-07-20T19:08:58.609,1784563738.609,209.903,8.499915e-02,2.646151e-03,7.397461e-02,9.228516e-02,2000,0,1.699983e-02
2026-07-20T19:08:58.709,1784563738.709,210.003,8.507202e-02,2.510046e-03,7.421875e-02,9.521484e-02,2000,0,1.701440e-02
2026-07-20T19:08:58.809,1784563738.809,210.103,8.505017e-02,2.466158e-03,7.397461e-02,9.765625e-02,2000,0,1.701003e-02
2026-07-20T19:08:58.909,1784563738.909,210.203,8.476819e-02,2.528172e-03,7.446289e-02,9.472656e-02,2000,0,1.695364e-02
2026-07-20T19:08:59.009,1784563739.009,210.303,8.510596e-02,2.563874e-03,7.153320e-02,9.765625e-02,2000,0,1.702119e-02
2026-07-20T19:08:59.109,1784563739.109,210.403,8.558118e-02,2.614259e-03,7.641602e-02,9.985352e-02,2000,0,1.711624e-02
2026-07-20T19:08:59.209,1784563739.209,210.503,8.518372e-02,2.686932e-03,7.617188e-02,9.545898e-02,2000,0,1.703674e-02
2026-07-20T19:08:59.309,1784563739.309,210.603,8.533704e-02,2.540228e-03,7.568359e-02,9.399414e-02,2000,0,1.706741e-02
2026-07-20T19:08:59.409,1784563739.409,210.703,8.527429e-02,2.718834e-03,7.324219e-02,9.350586e-02,2000,0,1.705486e-02
2026-07-20T19:08:59.509,1784563739.509,210.803,8.549390e-02,2.759821e-03,7.421875e-02,1.013184e-01,2000,0,1.709878e-02
2026-07-20T19:08:59.609,1784563739.609,210.904,8.545898e-02,2.991519e-03,7.592773e-02,9.692383e-02,2000,0,1.709180e-02
2026-07-20T19:08:59.709,1784563739.709,211.003,8.538123e-02,2.977945e-03,7.470703e-02,9.643555e-02,2000,0,1.707625e-02
2026-07-20T19:08:59.809,1784563739.809,211.103,8.551636e-02,2.949491e-03,7.519531e-02,9.765625e-02,2000,0,1.710327e-02
2026-07-20T19:08:59.909,1784563739.909,211.203,8.602344e-02,2.947902e-03,7.397461e-02,9.497070e-02,2000,0,1.720469e-02
2026-07-20T19:09:00.009,1784563740.009,211.303,8.537122e-02,3.156063e-03,7.641602e-02,9.863281e-02,2000,0,1.707424e-02
2026-07-20T19:09:00.109,1784563740.109,211.403,8.653552e-02,3.179902e-03,7.690430e-02,9.594727e-02,2000,0,1.730710e-02
2026-07-20T19:09:00.209,1784563740.209,211.503,8.703625e-02,3.124533e-03,7.763672e-02,1.010742e-01,2000,0,1.740725e-02
2026-07-20T19:09:00.309,1784563740.309,211.603,8.686816e-02,3.169512e-03,7.714844e-02,1.003418e-01,2000,0,1.737363e-02
2026-07-20T19:09:00.409,1784563740.409,211.703,8.714331e-02,3.205998e-03,7.128906e-02,9.790039e-02,2000,0,1.742866e-02
2026-07-20T19:09:00.509,1784563740.509,211.803,8.791895e-02,3.174181e-03,7.543945e-02,9.838867e-02,2000,0,1.758379e-02
2026-07-20T19:09:00.609,1784563740.609,211.903,8.780200e-02,3.186435e-03,7.495117e-02,9.667969e-02,2000,0,1.756040e-02
2026-07-20T19:09:00.710,1784563740.711,212.003,8.757141e-02,3.212282e-03,7.592773e-02,9.960938e-02,2000,0,1.751428e-02
2026-07-20T19:09:00.809,1784563740.809,212.103,8.862024e-02,3.231525e-03,7.934570e-02,9.985352e-02,2000,0,1.772405e-02
2026-07-20T19:09:00.909,1784563740.909,212.203,8.857678e-02,3.332896e-03,7.812500e-02,1.000977e-01,2000,0,1.771536e-02
2026-07-20T19:09:01.009,1784563741.009,212.303,8.877319e-02,3.121362e-03,7.958984e-02,9.716797e-02,2000,0,1.775464e-02
2026-07-20T19:09:01.109,1784563741.109,212.403,8.850269e-02,3.281371e-03,7.397461e-02,9.741211e-02,2000,0,1.770054e-02
2026-07-20T19:09:01.209,1784563741.209,212.503,8.932971e-02,3.254573e-03,7.739258e-02,1.010742e-01,2000,0,1.786594e-02
2026-07-20T19:09:01.309,1784563741.309,212.603,8.956348e-02,3.110481e-03,7.836914e-02,9.936523e-02,2000,0,1.791270e-02
2026-07-20T19:09:01.409,1784563741.409,212.703,8.998010e-02,3.254483e-03,7.788086e-02,9.912109e-02,2000,0,1.799602e-02
2026-07-20T19:09:01.509,1784563741.509,212.803,8.986926e-02,3.013615e-03,8.007812e-02,1.008301e-01,2000,0,1.797385e-02
2026-07-20T19:09:01.610,1784563741.610,212.903,9.044495e-02,3.171166e-03,7.983398e-02,9.936523e-02,2000,0,1.808899e-02
2026-07-20T19:09:01.710,1784563741.710,213.003,9.022498e-02,3.273144e-03,7.617188e-02,9.960938e-02,2000,0,1.804500e-02
2026-07-20T19:09:01.809,1784563741.810,213.103,9.078516e-02,3.073868e-03,7.788086e-02,9.887695e-02,2000,0,1.815703e-02
2026-07-20T19:09:01.909,1784563741.910,213.203,9.085461e-02,3.246572e-03,7.910156e-02,1.005859e-01,2000,0,1.817092e-02
2026-07-20T19:09:02.009,1784563742.010,213.303,9.122766e-02,3.413804e-03,8.032227e-02,1.020508e-01,2000,0,1.824553e-02
2026-07-20T19:09:02.110,1784563742.110,213.403,9.093079e-02,3.206504e-03,7.812500e-02,1.013184e-01,2000,0,1.818616e-02
2026-07-20T19:09:02.209,1784563742.209,213.503,9.102148e-02,3.296676e-03,8.056641e-02,1.003418e-01,2000,0,1.820430e-02
2026-07-20T19:09:02.309,1784563742.309,213.603,9.148181e-02,3.354594e-03,8.178711e-02,1.015625e-01,2000,0,1.829636e-02
2026-07-20T19:09:02.409,1784563742.409,213.703,9.137195e-02,3.230536e-03,8.129883e-02,1.025391e-01,2000,0,1.827439e-02
2026-07-20T19:09:02.509,1784563742.509,213.803,9.181274e-02,3.355950e-03,7.861328e-02,1.035156e-01,2000,0,1.836255e-02
2026-07-20T19:09:02.609,1784563742.609,213.903,9.180078e-02,3.430899e-03,8.032227e-02,1.020508e-01,2000,0,1.836016e-02
2026-07-20T19:09:02.709,1784563742.710,214.003,9.163306e-02,3.363153e-03,7.983398e-02,1.037598e-01,2000,0,1.832661e-02
2026-07-20T19:09:02.809,1784563742.809,214.103,9.192322e-02,3.543722e-03,7.983398e-02,1.040039e-01,2000,0,1.838464e-02
2026-07-20T19:09:02.909,1784563742.909,214.203,9.209290e-02,3.332769e-03,8.032227e-02,1.057129e-01,2000,0,1.841858e-02
2026-07-20T19:09:03.009,1784563743.009,214.303,9.160449e-02,3.442773e-03,8.056641e-02,1.030273e-01,2000,0,1.832090e-02
2026-07-20T19:09:03.109,1784563743.109,214.403,9.230872e-02,3.552948e-03,8.056641e-02,1.047363e-01,2000,0,1.846174e-02
2026-07-20T19:09:03.210,1784563743.210,214.503,9.264490e-02,3.248532e-03,8.178711e-02,1.057129e-01,2000,0,1.852898e-02
2026-07-20T19:09:03.309,1784563743.309,214.603,9.276575e-02,3.406287e-03,7.861328e-02,1.052246e-01,2000,0,1.855315e-02
2026-07-20T19:09:03.409,1784563743.409,214.703,9.321838e-02,3.391807e-03,8.105469e-02,1.064453e-01,2000,0,1.864368e-02
2026-07-20T19:09:03.509,1784563743.509,214.803,9.349158e-02,3.439924e-03,8.251953e-02,1.074219e-01,2000,0,1.869832e-02
2026-07-20T19:09:03.609,1784563743.609,214.903,9.390320e-02,3.377928e-03,8.178711e-02,1.069336e-01,2000,0,1.878064e-02
2026-07-20T19:09:03.710,1784563743.710,215.003,9.380627e-02,3.407292e-03,8.447266e-02,1.076660e-01,2000,0,1.876125e-02
2026-07-20T19:09:03.809,1784563743.809,215.103,9.462878e-02,3.207195e-03,8.422852e-02,1.079102e-01,2000,0,1.892576e-02
2026-07-20T19:09:03.909,1784563743.909,215.203,9.474963e-02,3.176208e-03,8.496094e-02,1.066895e-01,2000,0,1.894993e-02
2026-07-20T19:09:04.009,1784563744.009,215.303,9.453979e-02,3.259234e-03,8.471680e-02,1.066895e-01,2000,0,1.890796e-02
2026-07-20T19:09:04.109,1784563744.109,215.403,9.528394e-02,3.240114e-03,8.569336e-02,1.069336e-01,2000,0,1.905679e-02
2026-07-20T19:09:04.209,1784563744.209,215.503,9.518787e-02,3.183956e-03,8.544922e-02,1.108398e-01,2000,0,1.903757e-02
2026-07-20T19:09:04.309,1784563744.309,215.603,9.570361e-02,3.224052e-03,8.520508e-02,1.071777e-01,2000,0,1.914072e-02
2026-07-20T19:09:04.410,1784563744.410,215.703,9.621741e-02,3.277347e-03,8.300781e-02,1.074219e-01,2000,0,1.924348e-02
2026-07-20T19:09:04.510,1784563744.510,215.803,9.639673e-02,3.208093e-03,8.520508e-02,1.140137e-01,2000,0,1.927935e-02
2026-07-20T19:09:04.610,1784563744.610,215.903,9.686353e-02,3.243489e-03,8.569336e-02,1.164551e-01,2000,0,1.937271e-02
2026-07-20T19:09:04.710,1784563744.710,216.003,9.741174e-02,3.333083e-03,8.642578e-02,1.115723e-01,2000,0,1.948235e-02
2026-07-20T19:09:04.810,1784563744.810,216.103,9.775684e-02,3.257473e-03,8.764648e-02,1.098633e-01,2000,0,1.955137e-02
2026-07-20T19:09:04.909,1784563744.909,216.203,9.832776e-02,3.176374e-03,8.886719e-02,1.093750e-01,2000,0,1.966555e-02
2026-07-20T19:09:05.009,1784563745.010,216.303,9.911438e-02,3.198696e-03,8.813477e-02,1.098633e-01,2000,0,1.982288e-02
2026-07-20T19:09:05.109,1784563745.110,216.403,9.937573e-02,3.219688e-03,8.862305e-02,1.101074e-01,2000,0,1.987515e-02
2026-07-20T19:09:05.209,1784563745.210,216.503,1.000807e-01,3.182293e-03,8.959961e-02,1.130371e-01,2000,0,2.001614e-02
2026-07-20T19:09:05.309,1784563745.309,216.603,1.007504e-01,3.171441e-03,9.106445e-02,1.149902e-01,2000,0,2.015007e-02
2026-07-20T19:09:05.409,1784563745.409,216.703,1.005438e-01,3.086093e-03,9.057617e-02,1.120605e-01,2000,0,2.010876e-02
2026-07-20T19:09:05.509,1784563745.509,216.803,1.013074e-01,3.100557e-03,9.130859e-02,1.103516e-01,2000,0,2.026147e-02
2026-07-20T19:09:05.609,1784563745.609,216.903,1.024060e-01,3.206069e-03,9.277344e-02,1.135254e-01,2000,0,2.048120e-02
2026-07-20T19:09:05.709,1784563745.710,217.003,1.022887e-01,3.083467e-03,8.422852e-02,1.120605e-01,2000,0,2.045774e-02
2026-07-20T19:09:05.809,1784563745.809,217.103,1.028093e-01,3.073221e-03,9.375000e-02,1.130371e-01,2000,0,2.056187e-02
2026-07-20T19:09:05.909,1784563745.909,217.203,1.031724e-01,3.060711e-03,9.057617e-02,1.142578e-01,2000,0,2.063447e-02
2026-07-20T19:09:06.009,1784563746.010,217.303,1.028184e-01,3.253198e-03,8.984375e-02,1.145020e-01,2000,0,2.056367e-02
2026-07-20T19:09:06.109,1784563746.109,217.403,1.024147e-01,3.087717e-03,9.252930e-02,1.130371e-01,2000,0,2.048293e-02
2026-07-20T19:09:06.209,1784563746.209,217.503,1.023435e-01,3.209343e-03,9.008789e-02,1.149902e-01,2000,0,2.046870e-02
2026-07-20T19:09:06.309,1784563746.310,217.603,1.026915e-01,3.093846e-03,9.155273e-02,1.123047e-01,2000,0,2.053831e-02
2026-07-20T19:09:06.409,1784563746.410,217.703,1.022596e-01,2.984719e-03,9.277344e-02,1.125488e-01,2000,0,2.045193e-02
2026-07-20T19:09:06.509,1784563746.510,217.803,1.028303e-01,3.076063e-03,8.886719e-02,1.130371e-01,2000,0,2.056606e-02
2026-07-20T19:09:06.609,1784563746.609,217.903,1.022070e-01,3.116753e-03,9.057617e-02,1.166992e-01,2000,0,2.044141e-02
2026-07-20T19:09:06.710,1784563746.711,218.003,1.022083e-01,3.209033e-03,9.252930e-02,1.125488e-01,2000,0,2.044165e-02
2026-07-20T19:09:06.809,1784563746.810,218.103,1.024476e-01,3.205161e-03,8.984375e-02,1.115723e-01,2000,0,2.048953e-02
2026-07-20T19:09:06.909,1784563746.910,218.203,1.014526e-01,3.139277e-03,9.130859e-02,1.110840e-01,2000,0,2.029053e-02
2026-07-20T19:09:07.009,1784563747.009,218.303,1.017263e-01,3.220276e-03,9.130859e-02,1.162109e-01,2000,0,2.034526e-02
2026-07-20T19:09:07.109,1784563747.110,218.403,1.013868e-01,3.234977e-03,9.057617e-02,1.118164e-01,2000,0,2.027737e-02
2026-07-20T19:09:07.209,1784563747.210,218.503,1.008989e-01,3.274339e-03,9.082031e-02,1.115723e-01,2000,0,2.017979e-02
2026-07-20T19:09:07.309,1784563747.310,218.603,1.009727e-01,3.272832e-03,8.398438e-02,1.130371e-01,2000,0,2.019453e-02
2026-07-20T19:09:07.409,1784563747.409,218.703,9.984570e-02,3.241568e-03,9.033203e-02,1.098633e-01,2000,0,1.996914e-02
2026-07-20T19:09:07.509,1784563747.510,218.803,1.001233e-01,3.210110e-03,8.789062e-02,1.110840e-01,2000,0,2.002466e-02
2026-07-20T19:09:07.609,1784563747.610,218.903,1.001217e-01,3.340418e-03,8.642578e-02,1.132812e-01,2000,0,2.002434e-02
2026-07-20T19:09:07.709,1784563747.709,219.003,9.954285e-02,3.223398e-03,8.813477e-02,1.120605e-01,2000,0,1.990857e-02
2026-07-20T19:09:07.809,1784563747.810,219.103,9.907080e-02,3.268600e-03,8.789062e-02,1.093750e-01,2000,0,1.981416e-02
2026-07-20T19:09:07.909,1784563747.909,219.203,9.930383e-02,3.304146e-03,8.935547e-02,1.110840e-01,2000,0,1.986077e-02
2026-07-20T19:09:08.009,1784563748.009,219.303,9.836401e-02,3.311512e-03,8.544922e-02,1.103516e-01,2000,0,1.967280e-02
2026-07-20T19:09:08.109,1784563748.110,219.403,9.840002e-02,3.363628e-03,8.740234e-02,1.091309e-01,2000,0,1.968000e-02
2026-07-20T19:09:08.209,1784563748.210,219.503,9.824768e-02,3.374797e-03,8.544922e-02,1.096191e-01,2000,0,1.964954e-02
2026-07-20T19:09:08.309,1784563748.310,219.603,9.835120e-02,3.344165e-03,8.789062e-02,1.093750e-01,2000,0,1.967024e-02
2026-07-20T19:09:08.409,1784563748.410,219.703,9.715649e-02,3.221276e-03,8.422852e-02,1.066895e-01,2000,0,1.943130e-02
2026-07-20T19:09:08.510,1784563748.510,219.803,9.790210e-02,3.365237e-03,8.496094e-02,1.096191e-01,2000,0,1.958042e-02
2026-07-20T19:09:08.610,1784563748.610,219.903,9.760730e-02,3.377457e-03,8.325195e-02,1.071777e-01,2000,0,1.952146e-02
2026-07-20T19:09:08.710,1784563748.710,220.003,9.736560e-02,3.364327e-03,8.203125e-02,1.081543e-01,2000,0,1.947312e-02
2026-07-20T19:09:08.810,1784563748.810,220.103,9.802869e-02,3.405734e-03,8.276367e-02,1.096191e-01,2000,0,1.960574e-02
2026-07-20T19:09:08.909,1784563748.909,220.203,9.729321e-02,3.374831e-03,8.276367e-02,1.081543e-01,2000,0,1.945864e-02
2026-07-20T19:09:09.009,1784563749.010,220.303,9.752808e-02,3.311949e-03,8.032227e-02,1.069336e-01,2000,0,1.950562e-02
2026-07-20T19:09:09.109,1784563749.110,220.403,9.746655e-02,3.441762e-03,7.958984e-02,1.093750e-01,2000,0,1.949331e-02
2026-07-20T19:09:09.209,1784563749.210,220.503,9.734912e-02,3.414247e-03,8.520508e-02,1.096191e-01,2000,0,1.946982e-02
2026-07-20T19:09:09.309,1784563749.310,220.603,9.755273e-02,3.438617e-03,8.300781e-02,1.071777e-01,2000,0,1.951055e-02
2026-07-20T19:09:09.409,1784563749.410,220.703,9.718616e-02,3.446449e-03,8.349609e-02,1.069336e-01,2000,0,1.943723e-02
2026-07-20T19:09:09.510,1784563749.510,220.803,9.672656e-02,3.422431e-03,8.471680e-02,1.118164e-01,2000,0,1.934531e-02
2026-07-20T19:09:09.610,1784563749.610,220.903,9.637463e-02,3.596517e-03,8.398438e-02,1.083984e-01,2000,0,1.927493e-02
2026-07-20T19:09:09.710,1784563749.710,221.003,9.615198e-02,3.456857e-03,8.471680e-02,1.064453e-01,2000,0,1.923040e-02
2026-07-20T19:09:09.810,1784563749.810,221.103,9.578992e-02,3.580912e-03,8.129883e-02,1.049805e-01,2000,0,1.915798e-02
2026-07-20T19:09:09.909,1784563749.910,221.203,9.543787e-02,3.458345e-03,7.861328e-02,1.069336e-01,2000,0,1.908757e-02
2026-07-20T19:09:10.009,1784563750.010,221.304,9.505530e-02,3.531513e-03,8.227539e-02,1.064453e-01,2000,0,1.901106e-02
2026-07-20T19:09:10.109,1784563750.110,221.403,9.514868e-02,3.584825e-03,8.227539e-02,1.052246e-01,2000,0,1.902974e-02
2026-07-20T19:09:10.209,1784563750.210,221.503,9.451282e-02,3.517371e-03,8.325195e-02,1.037598e-01,2000,0,1.890256e-02
2026-07-20T19:09:10.309,1784563750.310,221.603,9.492749e-02,3.419256e-03,8.374023e-02,1.071777e-01,2000,0,1.898550e-02
2026-07-20T19:09:10.410,1784563750.410,221.703,9.383752e-02,3.451582e-03,7.519531e-02,1.047363e-01,2000,0,1.876750e-02
2026-07-20T19:09:10.509,1784563750.510,221.803,9.386157e-02,3.465560e-03,8.178711e-02,1.042480e-01,2000,0,1.877231e-02
2026-07-20T19:09:10.610,1784563750.610,221.903,9.365710e-02,3.447951e-03,8.129883e-02,1.040039e-01,2000,0,1.873142e-02
2026-07-20T19:09:10.709,1784563750.710,222.003,9.307422e-02,3.413582e-03,8.154297e-02,1.035156e-01,2000,0,1.861484e-02
2026-07-20T19:09:10.810,1784563750.810,222.103,9.249377e-02,3.316013e-03,8.203125e-02,1.064453e-01,2000,0,1.849875e-02
2026-07-20T19:09:10.909,1784563750.910,222.203,9.248914e-02,3.380034e-03,8.154297e-02,1.044922e-01,2000,0,1.849783e-02
2026-07-20T19:09:11.009,1784563751.010,222.303,9.171960e-02,3.370302e-03,8.032227e-02,1.030273e-01,2000,0,1.834392e-02
2026-07-20T19:09:11.109,1784563751.110,222.403,9.112903e-02,3.363692e-03,8.032227e-02,1.022949e-01,2000,0,1.822581e-02
2026-07-20T19:09:11.209,1784563751.210,222.503,9.025647e-02,3.357566e-03,7.934570e-02,1.000977e-01,2000,0,1.805129e-02
2026-07-20T19:09:11.309,1784563751.310,222.603,8.962012e-02,3.421114e-03,7.836914e-02,1.010742e-01,2000,0,1.792402e-02
2026-07-20T19:09:11.409,1784563751.410,222.703,8.892688e-02,3.393183e-03,7.934570e-02,1.013184e-01,2000,0,1.778538e-02
2026-07-20T19:09:11.509,1784563751.510,222.803,8.862891e-02,3.356223e-03,7.421875e-02,1.022949e-01,2000,0,1.772578e-02
2026-07-20T19:09:11.609,1784563751.610,222.903,8.821069e-02,3.420812e-03,7.617188e-02,1.000977e-01,2000,0,1.764214e-02
2026-07-20T19:09:11.710,1784563751.710,223.003,8.758655e-02,3.483701e-03,7.592773e-02,9.912109e-02,2000,0,1.751731e-02
2026-07-20T19:09:11.809,1784563751.810,223.103,8.778772e-02,3.570826e-03,7.568359e-02,1.000977e-01,2000,0,1.755754e-02
2026-07-20T19:09:11.909,1784563751.910,223.203,8.601489e-02,3.498924e-03,7.373047e-02,1.042480e-01,2000,0,1.720298e-02
2026-07-20T19:09:12.009,1784563752.010,223.303,8.774219e-02,3.628913e-03,7.250977e-02,1.015625e-01,2000,0,1.754844e-02
2026-07-20T19:09:12.109,1784563752.110,223.403,8.751233e-02,3.536472e-03,7.202148e-02,9.912109e-02,2000,0,1.750247e-02
2026-07-20T19:09:12.209,1784563752.210,223.503,8.754150e-02,3.601121e-03,7.495117e-02,1.010742e-01,2000,0,1.750830e-02
2026-07-20T19:09:12.309,1784563752.310,223.603,8.736670e-02,3.642417e-03,7.543945e-02,1.027832e-01,2000,0,1.747334e-02
2026-07-20T19:09:12.409,1784563752.410,223.703,8.789941e-02,3.572343e-03,7.275391e-02,1.010742e-01,2000,0,1.757988e-02
2026-07-20T19:09:12.509,1784563752.510,223.803,8.805493e-02,3.452066e-03,7.739258e-02,1.020508e-01,2000,0,1.761099e-02
2026-07-20T19:09:12.609,1784563752.610,223.903,8.821313e-02,3.459973e-03,7.666016e-02,1.010742e-01,2000,0,1.764263e-02
2026-07-20T19:09:12.710,1784563752.710,224.003,8.896387e-02,3.507241e-03,7.885742e-02,1.020508e-01,2000,0,1.779277e-02
2026-07-20T19:09:12.809,1784563752.810,224.103,8.888245e-02,3.343315e-03,7.739258e-02,1.010742e-01,2000,0,1.777649e-02
2026-07-20T19:09:12.909,1784563752.910,224.203,8.896582e-02,3.494648e-03,7.592773e-02,1.010742e-01,2000,0,1.779316e-02
2026-07-20T19:09:13.009,1784563753.010,224.303,8.923511e-02,3.495919e-03,7.836914e-02,1.003418e-01,2000,0,1.784702e-02
2026-07-20T19:09:13.109,1784563753.110,224.403,8.913330e-02,3.506202e-03,7.348633e-02,1.010742e-01,2000,0,1.782666e-02
2026-07-20T19:09:13.209,1784563753.209,224.503,8.875305e-02,3.222230e-03,7.836914e-02,9.936523e-02,2000,0,1.775061e-02
2026-07-20T19:09:13.309,1784563753.310,224.603,8.901965e-02,3.351549e-03,7.812500e-02,9.960938e-02,2000,0,1.780393e-02
2026-07-20T19:09:13.409,1784563753.410,224.703,8.813269e-02,3.222392e-03,7.763672e-02,9.790039e-02,2000,0,1.762654e-02
2026-07-20T19:09:13.509,1784563753.510,224.803,8.946497e-02,3.223362e-03,7.763672e-02,1.003418e-01,2000,0,1.789299e-02
2026-07-20T19:09:13.609,1784563753.610,224.903,8.915735e-02,3.165817e-03,7.934570e-02,1.022949e-01,2000,0,1.783147e-02
2026-07-20T19:09:13.709,1784563753.710,225.003,8.930750e-02,3.181667e-03,7.739258e-02,9.985352e-02,2000,0,1.786150e-02
2026-07-20T19:09:13.809,1784563753.810,225.103,8.955933e-02,3.123453e-03,7.885742e-02,9.985352e-02,2000,0,1.791187e-02
2026-07-20T19:09:13.909,1784563753.910,225.203,8.944824e-02,3.097611e-03,7.861328e-02,1.008301e-01,2000,0,1.788965e-02
2026-07-20T19:09:14.009,1784563754.010,225.303,8.926794e-02,3.221509e-03,7.910156e-02,9.887695e-02,2000,0,1.785359e-02
2026-07-20T19:09:14.109,1784563754.110,225.404,8.878723e-02,3.788078e-03,7.666016e-02,9.960938e-02,2000,0,1.775745e-02
2026-07-20T19:09:14.209,1784563754.210,225.503,8.962122e-02,3.175336e-03,7.617188e-02,1.000977e-01,2000,0,1.792424e-02
2026-07-20T19:09:14.309,1784563754.310,225.603,8.916479e-02,3.186854e-03,7.885742e-02,9.814453e-02,2000,0,1.783296e-02
2026-07-20T19:09:14.409,1784563754.410,225.703,8.971851e-02,3.269815e-03,7.861328e-02,1.005859e-01,2000,0,1.794370e-02
2026-07-20T19:09:14.509,1784563754.510,225.803,8.988721e-02,3.143630e-03,7.739258e-02,9.887695e-02,2000,0,1.797744e-02
2026-07-20T19:09:14.609,1784563754.610,225.903,8.962646e-02,3.179484e-03,7.812500e-02,9.936523e-02,2000,0,1.792529e-02
2026-07-20T19:09:14.709,1784563754.710,226.003,9.014685e-02,3.383274e-03,8.032227e-02,9.960938e-02,2000,0,1.802937e-02
2026-07-20T19:09:14.809,1784563754.810,226.103,9.067761e-02,3.191497e-03,8.007812e-02,1.074219e-01,2000,0,1.813552e-02
2026-07-20T19:09:14.909,1784563754.910,226.203,9.064636e-02,3.129668e-03,8.056641e-02,9.887695e-02,2000,0,1.812927e-02
2026-07-20T19:09:15.009,1784563755.010,226.303,9.091760e-02,3.184811e-03,7.592773e-02,9.960938e-02,2000,0,1.818352e-02
2026-07-20T19:09:15.109,1784563755.110,226.403,9.056946e-02,3.595403e-03,7.885742e-02,1.013184e-01,2000,0,1.811389e-02
2026-07-20T19:09:15.209,1784563755.210,226.503,9.129065e-02,3.313728e-03,7.934570e-02,1.027832e-01,2000,0,1.825813e-02
2026-07-20T19:09:15.309,1784563755.310,226.603,9.226892e-02,3.348067e-03,7.958984e-02,1.035156e-01,2000,0,1.845378e-02
2026-07-20T19:09:15.409,1784563755.410,226.703,9.248669e-02,3.363803e-03,7.934570e-02,1.025391e-01,2000,0,1.849734e-02
2026-07-20T19:09:15.509,1784563755.510,226.803,9.251721e-02,3.361835e-03,8.056641e-02,1.032715e-01,2000,0,1.850344e-02
2026-07-20T19:09:15.609,1784563755.610,226.903,9.311731e-02,3.471046e-03,8.007812e-02,1.062012e-01,2000,0,1.862346e-02
2026-07-20T19:09:15.709,1784563755.710,227.003,9.360937e-02,3.478111e-03,7.885742e-02,1.047363e-01,2000,0,1.872187e-02
2026-07-20T19:09:15.809,1784563755.810,227.103,9.386108e-02,3.462453e-03,8.349609e-02,1.057129e-01,2000,0,1.877222e-02
2026-07-20T19:09:15.909,1784563755.910,227.203,9.452100e-02,3.486231e-03,8.032227e-02,1.066895e-01,2000,0,1.890420e-02
2026-07-20T19:09:16.009,1784563756.010,227.303,9.548437e-02,3.297066e-03,8.178711e-02,1.062012e-01,2000,0,1.909687e-02
2026-07-20T19:09:16.109,1784563756.109,227.403,9.524402e-02,3.292010e-03,8.300781e-02,1.074219e-01,2000,0,1.904880e-02
2026-07-20T19:09:16.210,1784563756.210,227.503,9.579749e-02,3.430051e-03,8.374023e-02,1.076660e-01,2000,0,1.915950e-02
2026-07-20T19:09:16.310,1784563756.310,227.603,9.698267e-02,3.365617e-03,8.544922e-02,1.098633e-01,2000,0,1.939653e-02
2026-07-20T19:09:16.410,1784563756.410,227.703,9.709204e-02,3.571764e-03,8.666992e-02,1.083984e-01,2000,0,1.941841e-02
2026-07-20T19:09:16.510,1784563756.510,227.803,9.790234e-02,3.260890e-03,8.715820e-02,1.098633e-01,2000,0,1.958047e-02
2026-07-20T19:09:16.610,1784563756.610,227.903,9.892786e-02,3.176119e-03,8.789062e-02,1.174316e-01,2000,0,1.978557e-02
2026-07-20T19:09:16.709,1784563756.710,228.003,9.883582e-02,3.271850e-03,8.886719e-02,1.105957e-01,2000,0,1.976716e-02
2026-07-20T19:09:16.809,1784563756.809,228.103,9.915125e-02,3.141761e-03,8.496094e-02,1.096191e-01,2000,0,1.983025e-02
2026-07-20T19:09:16.909,1784563756.910,228.203,9.998157e-02,3.128778e-03,8.862305e-02,1.098633e-01,2000,0,1.999631e-02
2026-07-20T19:09:17.009,1784563757.010,228.303,1.001046e-01,2.975720e-03,8.837891e-02,1.096191e-01,2000,0,2.002092e-02
2026-07-20T19:09:17.109,1784563757.110,228.403,1.012831e-01,3.025203e-03,9.057617e-02,1.132812e-01,2000,0,2.025662e-02
2026-07-20T19:09:17.209,1784563757.210,228.503,1.011146e-01,2.986700e-03,9.252930e-02,1.132812e-01,2000,0,2.022292e-02
2026-07-20T19:09:17.309,1784563757.310,228.603,1.017434e-01,2.800644e-03,9.228516e-02,1.115723e-01,2000,0,2.034868e-02
2026-07-20T19:09:17.409,1784563757.410,228.703,1.024768e-01,2.702715e-03,9.155273e-02,1.123047e-01,2000,0,2.049536e-02
2026-07-20T19:09:17.509,1784563757.509,228.803,1.027681e-01,2.673358e-03,9.155273e-02,1.115723e-01,2000,0,2.055361e-02
2026-07-20T19:09:17.609,1784563757.610,228.903,1.027870e-01,2.736807e-03,9.472656e-02,1.130371e-01,2000,0,2.055740e-02
2026-07-20T19:09:17.709,1784563757.710,229.003,1.033048e-01,2.520282e-03,9.545898e-02,1.123047e-01,2000,0,2.066096e-02
2026-07-20T19:09:17.809,1784563757.810,229.103,1.038312e-01,2.542944e-03,9.472656e-02,1.130371e-01,2000,0,2.076624e-02
2026-07-20T19:09:17.909,1784563757.910,229.203,1.041443e-01,2.552903e-03,9.472656e-02,1.142578e-01,2000,0,2.082886e-02
2026-07-20T19:09:18.009,1784563758.010,229.303,1.045758e-01,2.584966e-03,9.570312e-02,1.147461e-01,2000,0,2.091516e-02
2026-07-20T19:09:18.109,1784563758.110,229.403,1.051420e-01,2.642645e-03,9.594727e-02,1.135254e-01,2000,0,2.102839e-02
2026-07-20T19:09:18.209,1784563758.210,229.503,1.043750e-01,2.575523e-03,9.472656e-02,1.159668e-01,2000,0,2.087500e-02
2026-07-20T19:09:18.310,1784563758.310,229.603,1.049260e-01,2.751317e-03,9.570312e-02,1.142578e-01,2000,0,2.098521e-02
2026-07-20T19:09:18.410,1784563758.410,229.703,1.047404e-01,2.670950e-03,9.545898e-02,1.162109e-01,2000,0,2.094807e-02
2026-07-20T19:09:18.509,1784563758.510,229.803,1.056801e-01,2.734488e-03,9.667969e-02,1.171875e-01,2000,0,2.113601e-02
2026-07-20T19:09:18.610,1784563758.610,229.903,1.053221e-01,2.838831e-03,9.497070e-02,1.166992e-01,2000,0,2.106443e-02
2026-07-20T19:09:18.710,1784563758.710,230.003,1.060100e-01,2.939294e-03,9.667969e-02,1.196289e-01,2000,0,2.120200e-02
2026-07-20T19:09:18.809,1784563758.810,230.103,1.058527e-01,2.922800e-03,9.594727e-02,1.162109e-01,2000,0,2.117053e-02
2026-07-20T19:09:18.910,1784563758.910,230.203,1.060389e-01,3.078921e-03,9.472656e-02,1.174316e-01,2000,0,2.120779e-02
2026-07-20T19:09:19.009,1784563759.010,230.303,1.059209e-01,3.049180e-03,9.521484e-02,1.149902e-01,2000,0,2.118418e-02
2026-07-20T19:09:19.109,1784563759.110,230.403,1.060272e-01,3.315083e-03,9.570312e-02,1.176758e-01,2000,0,2.120544e-02
2026-07-20T19:09:19.209,1784563759.210,230.503,1.051803e-01,3.335756e-03,9.423828e-02,1.215820e-01,2000,0,2.103606e-02
2026-07-20T19:09:19.309,1784563759.310,230.603,1.062346e-01,3.406975e-03,9.619141e-02,1.191406e-01,2000,0,2.124692e-02
2026-07-20T19:09:19.409,1784563759.410,230.703,1.060247e-01,3.372317e-03,9.643555e-02,1.174316e-01,2000,0,2.120493e-02
2026-07-20T19:09:19.509,1784563759.510,230.803,1.062277e-01,3.478697e-03,9.521484e-02,1.186523e-01,2000,0,2.124553e-02
2026-07-20T19:09:19.609,1784563759.610,230.903,1.064791e-01,3.529705e-03,9.716797e-02,1.166992e-01,2000,0,2.129583e-02
2026-07-20T19:09:19.709,1784563759.710,231.003,1.064266e-01,3.408580e-03,9.545898e-02,1.162109e-01,2000,0,2.128533e-02
2026-07-20T19:09:19.809,1784563759.810,231.103,1.065505e-01,3.638328e-03,9.521484e-02,1.176758e-01,2000,0,2.131011e-02
2026-07-20T19:09:19.909,1784563759.910,231.203,1.063967e-01,3.644885e-03,9.326172e-02,1.181641e-01,2000,0,2.127935e-02
2026-07-20T19:09:20.009,1784563760.010,231.303,1.064296e-01,3.600734e-03,9.375000e-02,1.186523e-01,2000,0,2.128591e-02
2026-07-20T19:09:20.109,1784563760.110,231.403,1.061252e-01,3.713019e-03,9.570312e-02,1.186523e-01,2000,0,2.122505e-02
2026-07-20T19:09:20.209,1784563760.210,231.503,1.061807e-01,3.638612e-03,9.472656e-02,1.184082e-01,2000,0,2.123613e-02
2026-07-20T19:09:20.309,1784563760.310,231.603,1.059911e-01,3.586425e-03,9.375000e-02,1.191406e-01,2000,0,2.119822e-02
2026-07-20T19:09:20.409,1784563760.410,231.703,1.057900e-01,3.642265e-03,9.497070e-02,1.181641e-01,2000,0,2.115801e-02
2026-07-20T19:09:20.509,1784563760.510,231.803,1.059432e-01,3.649345e-03,9.448242e-02,1.201172e-01,2000,0,2.118865e-02
2026-07-20T19:09:20.609,1784563760.610,231.903,1.055590e-01,3.727876e-03,9.375000e-02,1.188965e-01,2000,0,2.111179e-02
2026-07-20T19:09:20.709,1784563760.710,232.003,1.058594e-01,3.669987e-03,9.448242e-02,1.164551e-01,2000,0,2.117188e-02
2026-07-20T19:09:20.809,1784563760.810,232.103,1.057496e-01,3.547581e-03,9.277344e-02,1.152344e-01,2000,0,2.114993e-02
2026-07-20T19:09:20.909,1784563760.910,232.203,1.053655e-01,3.644138e-03,9.350586e-02,1.169434e-01,2000,0,2.107310e-02
2026-07-20T19:09:21.009,1784563761.010,232.303,1.056437e-01,3.639351e-03,9.570312e-02,1.247559e-01,2000,0,2.112874e-02
2026-07-20T19:09:21.109,1784563761.110,232.403,1.060103e-01,3.555181e-03,9.472656e-02,1.169434e-01,2000,0,2.120205e-02
2026-07-20T19:09:21.209,1784563761.210,232.503,1.057446e-01,3.580421e-03,9.472656e-02,1.203613e-01,2000,0,2.114893e-02
2026-07-20T19:09:21.309,1784563761.310,232.603,1.059235e-01,3.620216e-03,9.497070e-02,1.166992e-01,2000,0,2.118469e-02
2026-07-20T19:09:21.409,1784563761.410,232.703,1.052859e-01,3.412489e-03,9.350586e-02,1.152344e-01,2000,0,2.105718e-02
2026-07-20T19:09:21.509,1784563761.510,232.803,1.057074e-01,3.276564e-03,9.570312e-02,1.198730e-01,2000,0,2.114148e-02
2026-07-20T19:09:21.609,1784563761.610,232.903,1.056647e-01,3.350998e-03,9.667969e-02,1.164551e-01,2000,0,2.113293e-02
2026-07-20T19:09:21.709,1784563761.710,233.003,1.064758e-01,3.587234e-03,9.448242e-02,1.176758e-01,2000,0,2.129517e-02
2026-07-20T19:09:21.809,1784563761.810,233.103,1.065673e-01,3.216797e-03,9.448242e-02,1.181641e-01,2000,0,2.131345e-02
2026-07-20T19:09:21.909,1784563761.910,233.203,1.069396e-01,3.336197e-03,9.130859e-02,1.179199e-01,2000,0,2.138792e-02
2026-07-20T19:09:22.009,1784563762.010,233.303,1.073319e-01,3.271709e-03,9.594727e-02,1.184082e-01,2000,0,2.146638e-02
2026-07-20T19:09:22.109,1784563762.110,233.403,1.070299e-01,3.252599e-03,9.619141e-02,1.188965e-01,2000,0,2.140598e-02
2026-07-20T19:09:22.209,1784563762.210,233.503,1.065088e-01,3.042284e-03,9.643555e-02,1.159668e-01,2000,0,2.130176e-02
2026-07-20T19:09:22.309,1784563762.310,233.603,1.075199e-01,3.206946e-03,9.375000e-02,1.210938e-01,2000,0,2.150398e-02
2026-07-20T19:09:22.409,1784563762.410,233.703,1.077225e-01,3.304395e-03,9.448242e-02,1.196289e-01,2000,0,2.154451e-02
2026-07-20T19:09:22.509,1784563762.510,233.803,1.080240e-01,3.221739e-03,9.790039e-02,1.213379e-01,2000,0,2.160481e-02
2026-07-20T19:09:22.610,1784563762.611,233.903,1.084143e-01,3.297307e-03,9.765625e-02,1.206055e-01,2000,0,2.168286e-02
2026-07-20T19:09:22.710,1784563762.710,234.003,1.085111e-01,3.182919e-03,9.887695e-02,1.176758e-01,2000,0,2.170222e-02
2026-07-20T19:09:22.809,1784563762.810,234.103,1.093202e-01,3.232178e-03,9.765625e-02,1.210938e-01,2000,0,2.186404e-02
2026-07-20T19:09:22.909,1784563762.910,234.203,1.090627e-01,3.199296e-03,9.936523e-02,1.196289e-01,2000,0,2.181255e-02
2026-07-20T19:09:23.009,1784563763.010,234.303,1.090481e-01,3.241376e-03,9.863281e-02,1.220703e-01,2000,0,2.180962e-02
2026-07-20T19:09:23.109,1784563763.110,234.403,1.097285e-01,3.264027e-03,1.000977e-01,1.250000e-01,2000,0,2.194570e-02
2026-07-20T19:09:23.209,1784563763.210,234.503,1.100740e-01,3.262611e-03,1.000977e-01,1.213379e-01,2000,0,2.201479e-02
2026-07-20T19:09:23.309,1784563763.310,234.603,1.103165e-01,3.220916e-03,9.960938e-02,1.201172e-01,2000,0,2.206331e-02
2026-07-20T19:09:23.409,1784563763.410,234.703,1.105878e-01,3.155856e-03,1.000977e-01,1.247559e-01,2000,0,2.211755e-02
2026-07-20T19:09:23.509,1784563763.510,234.803,1.107349e-01,3.175941e-03,9.863281e-02,1.215820e-01,2000,0,2.214697e-02
2026-07-20T19:09:23.609,1784563763.610,234.903,1.112434e-01,3.326676e-03,9.960938e-02,1.237793e-01,2000,0,2.224868e-02
2026-07-20T19:09:23.709,1784563763.710,235.003,1.112020e-01,3.290575e-03,9.545898e-02,1.215820e-01,2000,0,2.224041e-02
2026-07-20T19:09:23.809,1784563763.810,235.103,1.116979e-01,3.241437e-03,1.018066e-01,1.225586e-01,2000,0,2.233958e-02
2026-07-20T19:09:23.909,1784563763.910,235.203,1.116937e-01,3.279727e-03,1.005859e-01,1.240234e-01,2000,0,2.233875e-02
2026-07-20T19:09:24.009,1784563764.010,235.303,1.117028e-01,3.336660e-03,9.741211e-02,1.213379e-01,2000,0,2.234055e-02
2026-07-20T19:09:24.109,1784563764.110,235.403,1.119696e-01,3.238999e-03,1.010742e-01,1.298828e-01,2000,0,2.239392e-02
2026-07-20T19:09:24.209,1784563764.210,235.503,1.120110e-01,3.180842e-03,1.005859e-01,1.220703e-01,2000,0,2.240220e-02
2026-07-20T19:09:24.309,1784563764.310,235.603,1.122090e-01,3.293378e-03,1.010742e-01,1.223145e-01,2000,0,2.244180e-02
2026-07-20T19:09:24.409,1784563764.410,235.703,1.119957e-01,3.184655e-03,1.013184e-01,1.237793e-01,2000,0,2.239915e-02
2026-07-20T19:09:24.509,1784563764.510,235.803,1.119094e-01,3.276599e-03,1.003418e-01,1.223145e-01,2000,0,2.238188e-02
2026-07-20T19:09:24.609,1784563764.610,235.903,1.119635e-01,3.330444e-03,1.010742e-01,1.242676e-01,2000,0,2.239270e-02
2026-07-20T19:09:24.709,1784563764.710,236.003,1.120029e-01,3.240384e-03,1.013184e-01,1.218262e-01,2000,0,2.240059e-02
2026-07-20T19:09:24.809,1784563764.810,236.103,1.119259e-01,3.214975e-03,1.003418e-01,1.210938e-01,2000,0,2.238518e-02
2026-07-20T19:09:24.909,1784563764.910,236.203,1.122507e-01,3.243261e-03,1.037598e-01,1.257324e-01,2000,0,2.245015e-02
2026-07-20T19:09:25.009,1784563765.010,236.303,1.121044e-01,3.149350e-03,9.790039e-02,1.250000e-01,2000,0,2.242087e-02
2026-07-20T19:09:25.109,1784563765.110,236.403,1.117328e-01,3.175088e-03,1.005859e-01,1.218262e-01,2000,0,2.234656e-02
2026-07-20T19:09:25.209,1784563765.210,236.503,1.123851e-01,3.176690e-03,1.008301e-01,1.223145e-01,2000,0,2.247703e-02
2026-07-20T19:09:25.309,1784563765.310,236.603,1.120231e-01,3.212699e-03,1.015625e-01,1.228027e-01,2000,0,2.240461e-02
2026-07-20T19:09:25.410,1784563765.410,236.703,1.121556e-01,3.282514e-03,1.013184e-01,1.289062e-01,2000,0,2.243113e-02
2026-07-20T19:09:25.510,1784563765.510,236.803,1.116527e-01,3.245068e-03,9.887695e-02,1.264648e-01,2000,0,2.233054e-02
2026-07-20T19:09:25.609,1784563765.610,236.903,1.113899e-01,3.332515e-03,9.594727e-02,1.228027e-01,2000,0,2.227798e-02
2026-07-20T19:09:25.709,1784563765.710,237.003,1.118835e-01,3.087239e-03,9.814453e-02,1.237793e-01,2000,0,2.237671e-02
2026-07-20T19:09:25.809,1784563765.810,237.103,1.113134e-01,3.219611e-03,1.005859e-01,1.220703e-01,2000,0,2.226267e-02
2026-07-20T19:09:25.909,1784563765.910,237.203,1.112021e-01,3.403068e-03,1.010742e-01,1.220703e-01,2000,0,2.224043e-02
2026-07-20T19:09:26.009,1784563766.010,237.303,1.114000e-01,3.359882e-03,9.960938e-02,1.250000e-01,2000,0,2.228000e-02
2026-07-20T19:09:26.109,1784563766.110,237.404,1.103844e-01,3.498429e-03,9.448242e-02,1.215820e-01,2000,0,2.207688e-02
2026-07-20T19:09:26.209,1784563766.210,237.503,1.110657e-01,3.492426e-03,9.814453e-02,1.223145e-01,2000,0,2.221313e-02
2026-07-20T19:09:26.309,1784563766.310,237.603,1.109043e-01,3.369984e-03,1.000977e-01,1.230469e-01,2000,0,2.218086e-02
2026-07-20T19:09:26.409,1784563766.410,237.703,1.111284e-01,3.450173e-03,9.692383e-02,1.225586e-01,2000,0,2.222568e-02
2026-07-20T19:09:26.509,1784563766.510,237.803,1.112253e-01,3.295589e-03,1.013184e-01,1.254883e-01,2000,0,2.224507e-02
2026-07-20T19:09:26.609,1784563766.610,237.903,1.100851e-01,3.515414e-03,9.985352e-02,1.210938e-01,2000,0,2.201702e-02
2026-07-20T19:09:26.709,1784563766.710,238.003,1.102368e-01,3.435607e-03,9.985352e-02,1.223145e-01,2000,0,2.204736e-02
2026-07-20T19:09:26.809,1784563766.810,238.103,1.110660e-01,3.346411e-03,1.015625e-01,1.213379e-01,2000,0,2.221321e-02
2026-07-20T19:09:26.909,1784563766.910,238.203,1.121248e-01,3.215257e-03,1.000977e-01,1.245117e-01,2000,0,2.242495e-02
2026-07-20T19:09:27.009,1784563767.010,238.303,1.111975e-01,3.327385e-03,1.015625e-01,1.230469e-01,2000,0,2.223950e-02
2026-07-20T19:09:27.109,1784563767.110,238.403,1.131577e-01,3.172287e-03,1.032715e-01,1.250000e-01,2000,0,2.263154e-02
2026-07-20T19:09:27.209,1784563767.210,238.503,1.138857e-01,3.149096e-03,1.042480e-01,1.252441e-01,2000,0,2.277715e-02
2026-07-20T19:09:27.309,1784563767.310,238.603,1.141123e-01,3.368758e-03,1.008301e-01,1.247559e-01,2000,0,2.282246e-02
2026-07-20T19:09:27.409,1784563767.410,238.703,1.147208e-01,3.233806e-03,9.667969e-02,1.271973e-01,2000,0,2.294417e-02
2026-07-20T19:09:27.510,1784563767.510,238.803,1.149738e-01,3.122032e-03,1.040039e-01,1.281738e-01,2000,0,2.299475e-02
2026-07-20T19:09:27.609,1784563767.610,238.903,1.154852e-01,3.257066e-03,1.035156e-01,1.269531e-01,2000,0,2.309705e-02
2026-07-20T19:09:27.710,1784563767.710,239.003,1.163896e-01,3.313899e-03,1.005859e-01,1.298828e-01,2000,0,2.327793e-02
2026-07-20T19:09:27.809,1784563767.810,239.103,1.172061e-01,3.227602e-03,1.052246e-01,1.281738e-01,2000,0,2.344121e-02
2026-07-20T19:09:27.909,1784563767.910,239.203,1.170879e-01,3.372143e-03,1.054688e-01,1.271973e-01,2000,0,2.341758e-02
2026-07-20T19:09:28.009,1784563768.010,239.303,1.169558e-01,3.330381e-03,1.059570e-01,1.269531e-01,2000,0,2.339116e-02
2026-07-20T19:09:28.109,1784563768.110,239.403,1.173623e-01,3.542314e-03,1.032715e-01,1.281738e-01,2000,0,2.347246e-02
2026-07-20T19:09:28.210,1784563768.210,239.503,1.180449e-01,3.352930e-03,1.064453e-01,1.291504e-01,2000,0,2.360898e-02
2026-07-20T19:09:28.309,1784563768.310,239.603,1.183024e-01,3.469242e-03,1.030273e-01,1.296387e-01,2000,0,2.366047e-02
2026-07-20T19:09:28.410,1784563768.410,239.703,1.191577e-01,3.515397e-03,1.064453e-01,1.308594e-01,2000,0,2.383154e-02
2026-07-20T19:09:28.509,1784563768.510,239.803,1.193187e-01,3.539789e-03,1.066895e-01,1.318359e-01,2000,0,2.386375e-02
2026-07-20T19:09:28.609,1784563768.610,239.903,1.203574e-01,3.505146e-03,1.088867e-01,1.306152e-01,2000,0,2.407148e-02
2026-07-20T19:09:28.710,1784563768.710,240.003,1.210411e-01,3.578181e-03,1.057129e-01,1.311035e-01,2000,0,2.420823e-02
2026-07-20T19:09:28.810,1784563768.810,240.103,1.222317e-01,3.631694e-03,1.054688e-01,1.347656e-01,2000,0,2.444634e-02
2026-07-20T19:09:28.909,1784563768.910,240.203,1.220562e-01,3.503402e-03,1.083984e-01,1.333008e-01,2000,0,2.441123e-02
2026-07-20T19:09:29.010,1784563769.010,240.303,1.227423e-01,3.608661e-03,1.071777e-01,1.352539e-01,2000,0,2.454846e-02
2026-07-20T19:09:29.109,1784563769.110,240.403,1.236473e-01,3.395226e-03,1.115723e-01,1.335449e-01,2000,0,2.472947e-02
2026-07-20T19:09:29.210,1784563769.210,240.503,1.241084e-01,3.460747e-03,1.103516e-01,1.413574e-01,2000,0,2.482168e-02
2026-07-20T19:09:29.310,1784563769.310,240.603,1.247653e-01,3.349962e-03,1.113281e-01,1.340332e-01,2000,0,2.495305e-02
2026-07-20T19:09:29.409,1784563769.410,240.703,1.258640e-01,3.435541e-03,1.130371e-01,1.477051e-01,2000,0,2.517280e-02
2026-07-20T19:09:29.510,1784563769.510,240.803,1.260918e-01,3.452102e-03,1.127930e-01,1.364746e-01,2000,0,2.521836e-02
2026-07-20T19:09:29.610,1784563769.611,240.903,1.269568e-01,3.228170e-03,1.127930e-01,1.362305e-01,2000,0,2.539136e-02
2026-07-20T19:09:29.709,1784563769.710,241.003,1.279493e-01,3.267720e-03,1.149902e-01,1.381836e-01,2000,0,2.558987e-02
2026-07-20T19:09:29.810,1784563769.810,241.103,1.282592e-01,3.281030e-03,1.162109e-01,1.440430e-01,2000,0,2.565183e-02
2026-07-20T19:09:29.910,1784563769.910,241.203,1.293361e-01,3.124725e-03,1.181641e-01,1.394043e-01,2000,0,2.586721e-02
2026-07-20T19:09:30.010,1784563770.010,241.303,1.298413e-01,3.261550e-03,1.169434e-01,1.428223e-01,2000,0,2.596826e-02
2026-07-20T19:09:30.110,1784563770.110,241.403,1.303311e-01,3.077810e-03,1.196289e-01,1.408691e-01,2000,0,2.606621e-02
2026-07-20T19:09:30.210,1784563770.210,241.503,1.314651e-01,3.144666e-03,1.191406e-01,1.413574e-01,2000,0,2.629302e-02
2026-07-20T19:09:30.310,1784563770.310,241.603,1.322936e-01,3.099180e-03,1.235352e-01,1.425781e-01,2000,0,2.645872e-02
2026-07-20T19:09:30.410,1784563770.410,241.703,1.328333e-01,3.260989e-03,1.223145e-01,1.430664e-01,2000,0,2.656665e-02
2026-07-20T19:09:30.510,1784563770.510,241.803,1.338607e-01,3.158960e-03,1.235352e-01,1.474609e-01,2000,0,2.677214e-02
2026-07-20T19:09:30.610,1784563770.610,241.903,1.340874e-01,3.214793e-03,1.230469e-01,1.450195e-01,2000,0,2.681748e-02
2026-07-20T19:09:30.710,1784563770.710,242.003,1.349646e-01,3.198249e-03,1.181641e-01,1.464844e-01,2000,0,2.699292e-02
2026-07-20T19:09:30.810,1784563770.810,242.103,1.354291e-01,3.299574e-03,1.247559e-01,1.467285e-01,2000,0,2.708582e-02
2026-07-20T19:09:30.910,1784563770.910,242.203,1.362415e-01,3.191470e-03,1.259766e-01,1.518555e-01,2000,0,2.724829e-02
2026-07-20T19:09:31.010,1784563771.010,242.303,1.364900e-01,3.282289e-03,1.254883e-01,1.472168e-01,2000,0,2.729800e-02
2026-07-20T19:09:31.110,1784563771.110,242.403,1.371978e-01,3.271471e-03,1.269531e-01,1.520996e-01,2000,0,2.743955e-02
2026-07-20T19:09:31.210,1784563771.210,242.503,1.374281e-01,3.283619e-03,1.257324e-01,1.486816e-01,2000,0,2.748562e-02
2026-07-20T19:09:31.310,1784563771.310,242.603,1.381761e-01,3.224557e-03,1.276855e-01,1.513672e-01,2000,0,2.763523e-02
2026-07-20T19:09:31.409,1784563771.410,242.703,1.384126e-01,3.290379e-03,1.262207e-01,1.496582e-01,2000,0,2.768252e-02
2026-07-20T19:09:31.510,1784563771.510,242.803,1.388147e-01,3.154744e-03,1.279297e-01,1.479492e-01,2000,0,2.776294e-02
2026-07-20T19:09:31.610,1784563771.610,242.903,1.387776e-01,3.151812e-03,1.220703e-01,1.479492e-01,2000,0,2.775552e-02
2026-07-20T19:09:31.709,1784563771.710,243.003,1.394199e-01,3.178706e-03,1.274414e-01,1.518555e-01,2000,0,2.788398e-02
2026-07-20T19:09:31.810,1784563771.810,243.103,1.395393e-01,3.177546e-03,1.276855e-01,1.499023e-01,2000,0,2.790786e-02
2026-07-20T19:09:31.909,1784563771.910,243.203,1.396689e-01,3.114463e-03,1.271973e-01,1.496582e-01,2000,0,2.793379e-02
2026-07-20T19:09:32.010,1784563772.010,243.303,1.403397e-01,3.203355e-03,1.298828e-01,1.535645e-01,2000,0,2.806794e-02
2026-07-20T19:09:32.110,1784563772.110,243.403,1.404766e-01,3.166762e-03,1.279297e-01,1.499023e-01,2000,0,2.809531e-02
2026-07-20T19:09:32.210,1784563772.210,243.503,1.401044e-01,3.110738e-03,1.245117e-01,1.503906e-01,2000,0,2.802087e-02
2026-07-20T19:09:32.310,1784563772.310,243.603,1.405148e-01,3.150111e-03,1.284180e-01,1.530762e-01,2000,0,2.810295e-02
2026-07-20T19:09:32.410,1784563772.410,243.703,1.402491e-01,3.194507e-03,1.279297e-01,1.506348e-01,2000,0,2.804983e-02
2026-07-20T19:09:32.510,1784563772.510,243.803,1.403936e-01,3.129929e-03,1.269531e-01,1.513672e-01,2000,0,2.807871e-02
2026-07-20T19:09:32.610,1784563772.610,243.903,1.402705e-01,3.077622e-03,1.291504e-01,1.508789e-01,2000,0,2.805410e-02
2026-07-20T19:09:32.710,1784563772.710,244.003,1.400464e-01,3.133420e-03,1.284180e-01,1.508789e-01,2000,0,2.800928e-02
2026-07-20T19:09:32.810,1784563772.810,244.103,1.400441e-01,3.066978e-03,1.296387e-01,1.516113e-01,2000,0,2.800881e-02
2026-07-20T19:09:32.910,1784563772.910,244.203,1.398727e-01,3.051532e-03,1.298828e-01,1.501465e-01,2000,0,2.797454e-02
2026-07-20T19:09:33.009,1784563773.010,244.303,1.396234e-01,3.264818e-03,1.291504e-01,1.520996e-01,2000,0,2.792468e-02
2026-07-20T19:09:33.110,1784563773.110,244.403,1.402291e-01,3.166931e-03,1.298828e-01,1.508789e-01,2000,0,2.804583e-02
2026-07-20T19:09:33.210,1784563773.210,244.503,1.396093e-01,3.100362e-03,1.286621e-01,1.503906e-01,2000,0,2.792185e-02
2026-07-20T19:09:33.310,1784563773.310,244.603,1.397026e-01,3.220850e-03,1.259766e-01,1.508789e-01,2000,0,2.794053e-02
2026-07-20T19:09:33.410,1784563773.410,244.703,1.397151e-01,3.116266e-03,1.184082e-01,1.499023e-01,2000,0,2.794302e-02
2026-07-20T19:09:33.510,1784563773.510,244.803,1.397319e-01,3.154086e-03,1.279297e-01,1.518555e-01,2000,0,2.794639e-02
2026-07-20T19:09:33.610,1784563773.610,244.903,1.397571e-01,3.060476e-03,1.296387e-01,1.584473e-01,2000,0,2.795142e-02
2026-07-20T19:09:33.710,1784563773.710,245.003,1.397208e-01,3.202513e-03,1.296387e-01,1.511230e-01,2000,0,2.794417e-02
2026-07-20T19:09:33.810,1784563773.810,245.103,1.403717e-01,3.078807e-03,1.306152e-01,1.503906e-01,2000,0,2.807434e-02
2026-07-20T19:09:33.910,1784563773.910,245.203,1.400546e-01,3.016706e-03,1.276855e-01,1.496582e-01,2000,0,2.801091e-02
2026-07-20T19:09:34.010,1784563774.010,245.303,1.403263e-01,3.163073e-03,1.291504e-01,1.506348e-01,2000,0,2.806526e-02
2026-07-20T19:09:34.110,1784563774.110,245.403,1.407054e-01,3.123359e-03,1.301270e-01,1.511230e-01,2000,0,2.814109e-02
2026-07-20T19:09:34.210,1784563774.210,245.503,1.405492e-01,3.131194e-03,1.264648e-01,1.501465e-01,2000,0,2.810984e-02
2026-07-20T19:09:34.310,1784563774.310,245.603,1.408855e-01,3.136751e-03,1.313477e-01,1.589355e-01,2000,0,2.817710e-02
2026-07-20T19:09:34.410,1784563774.410,245.703,1.408521e-01,3.037811e-03,1.276855e-01,1.494141e-01,2000,0,2.817041e-02
2026-07-20T19:09:34.510,1784563774.510,245.803,1.412462e-01,3.152242e-03,1.293945e-01,1.513672e-01,2000,0,2.824924e-02
2026-07-20T19:09:34.610,1784563774.610,245.903,1.415037e-01,3.297844e-03,1.306152e-01,1.508789e-01,2000,0,2.830073e-02
2026-07-20T19:09:34.710,1784563774.710,246.003,1.416110e-01,3.118470e-03,1.289062e-01,1.513672e-01,2000,0,2.832219e-02
2026-07-20T19:09:34.810,1784563774.810,246.103,1.417887e-01,3.122452e-03,1.303711e-01,1.535645e-01,2000,0,2.835774e-02
2026-07-20T19:09:34.910,1784563774.910,246.203,1.420968e-01,3.273194e-03,1.311035e-01,1.518555e-01,2000,0,2.841936e-02
2026-07-20T19:09:35.010,1784563775.010,246.303,1.425557e-01,3.218525e-03,1.325684e-01,1.550293e-01,2000,0,2.851113e-02
2026-07-20T19:09:35.110,1784563775.110,246.403,1.425480e-01,3.261697e-03,1.296387e-01,1.545410e-01,2000,0,2.850959e-02
2026-07-20T19:09:35.210,1784563775.210,246.503,1.433164e-01,3.241066e-03,1.313477e-01,1.562500e-01,2000,0,2.866328e-02
2026-07-20T19:09:35.310,1784563775.310,246.603,1.433611e-01,3.306625e-03,1.296387e-01,1.545410e-01,2000,0,2.867222e-02
2026-07-20T19:09:35.410,1784563775.410,246.703,1.434283e-01,3.336972e-03,1.308594e-01,1.547852e-01,2000,0,2.868567e-02
2026-07-20T19:09:35.510,1784563775.510,246.803,1.440038e-01,3.212938e-03,1.335449e-01,1.550293e-01,2000,0,2.880076e-02
2026-07-20T19:09:35.610,1784563775.610,246.903,1.437063e-01,3.145914e-03,1.330566e-01,1.633301e-01,2000,0,2.874126e-02
2026-07-20T19:09:35.710,1784563775.710,247.003,1.430077e-01,3.111099e-03,1.333008e-01,1.523438e-01,2000,0,2.860154e-02
2026-07-20T19:09:35.810,1784563775.810,247.103,1.437268e-01,3.068984e-03,1.333008e-01,1.542969e-01,2000,0,2.874536e-02
2026-07-20T19:09:35.910,1784563775.910,247.203,1.437354e-01,3.041833e-03,1.325684e-01,1.535645e-01,2000,0,2.874707e-02
2026-07-20T19:09:36.010,1784563776.010,247.303,1.438325e-01,3.112692e-03,1.352539e-01,1.530762e-01,2000,0,2.876650e-02
2026-07-20T19:09:36.109,1784563776.110,247.403,1.433643e-01,3.099563e-03,1.328125e-01,1.560059e-01,2000,0,2.867285e-02
2026-07-20T19:09:36.210,1784563776.210,247.503,1.423409e-01,2.935609e-03,1.328125e-01,1.516113e-01,2000,0,2.846819e-02
2026-07-20T19:09:36.310,1784563776.310,247.603,1.419662e-01,2.875703e-03,1.313477e-01,1.525879e-01,2000,0,2.839324e-02
2026-07-20T19:09:36.410,1784563776.410,247.703,1.418396e-01,2.886661e-03,1.306152e-01,1.552734e-01,2000,0,2.836792e-02
2026-07-20T19:09:36.510,1784563776.510,247.803,1.410084e-01,2.791201e-03,1.289062e-01,1.508789e-01,2000,0,2.820168e-02
2026-07-20T19:09:36.610,1784563776.610,247.903,1.403517e-01,2.617459e-03,1.269531e-01,1.494141e-01,2000,0,2.807034e-02
2026-07-20T19:09:36.710,1784563776.710,248.003,1.399980e-01,2.766420e-03,1.286621e-01,1.508789e-01,2000,0,2.799961e-02
2026-07-20T19:09:36.810,1784563776.810,248.103,1.388263e-01,2.621568e-03,1.269531e-01,1.479492e-01,2000,0,2.776526e-02
2026-07-20T19:09:36.910,1784563776.910,248.203,1.380046e-01,2.587991e-03,1.276855e-01,1.472168e-01,2000,0,2.760093e-02
2026-07-20T19:09:37.010,1784563777.010,248.303,1.375292e-01,2.609456e-03,1.274414e-01,1.457520e-01,2000,0,2.750583e-02
2026-07-20T19:09:37.110,1784563777.110,248.403,1.368102e-01,2.488585e-03,1.271973e-01,1.442871e-01,2000,0,2.736204e-02
2026-07-20T19:09:37.210,1784563777.210,248.503,1.358942e-01,2.459576e-03,1.279297e-01,1.440430e-01,2000,0,2.717883e-02
2026-07-20T19:09:37.310,1784563777.310,248.603,1.349697e-01,2.375428e-03,1.240234e-01,1.420898e-01,2000,0,2.699395e-02
2026-07-20T19:09:37.410,1784563777.410,248.703,1.340344e-01,2.570442e-03,1.235352e-01,1.428223e-01,2000,0,2.680688e-02
2026-07-20T19:09:37.510,1784563777.510,248.803,1.333596e-01,2.493415e-03,1.257324e-01,1.406250e-01,2000,0,2.667192e-02
2026-07-20T19:09:37.610,1784563777.610,248.903,1.326428e-01,2.362961e-03,1.247559e-01,1.484375e-01,2000,0,2.652856e-02
2026-07-20T19:09:37.710,1784563777.710,249.003,1.318755e-01,2.430601e-03,1.186523e-01,1.403809e-01,2000,0,2.637510e-02
2026-07-20T19:09:37.810,1784563777.810,249.103,1.310028e-01,2.440483e-03,1.127930e-01,1.406250e-01,2000,0,2.620056e-02
2026-07-20T19:09:37.910,1784563777.910,249.203,1.305289e-01,2.420424e-03,1.198730e-01,1.398926e-01,2000,0,2.610579e-02
2026-07-20T19:09:38.010,1784563778.010,249.303,1.289646e-01,2.559391e-03,1.203613e-01,1.381836e-01,2000,0,2.579292e-02
2026-07-20T19:09:38.110,1784563778.110,249.403,1.286023e-01,2.435136e-03,1.186523e-01,1.374512e-01,2000,0,2.572046e-02
2026-07-20T19:09:38.210,1784563778.210,249.503,1.277656e-01,2.548966e-03,1.196289e-01,1.369629e-01,2000,0,2.555312e-02
2026-07-20T19:09:38.310,1784563778.310,249.603,1.268740e-01,2.530974e-03,1.169434e-01,1.359863e-01,2000,0,2.537480e-02
2026-07-20T19:09:38.409,1784563778.410,249.703,1.262023e-01,2.587635e-03,1.174316e-01,1.357422e-01,2000,0,2.524045e-02
2026-07-20T19:09:38.510,1784563778.510,249.803,1.252369e-01,2.911960e-03,1.149902e-01,1.416016e-01,2000,0,2.504739e-02
2026-07-20T19:09:38.610,1784563778.610,249.903,1.248990e-01,2.759950e-03,1.149902e-01,1.352539e-01,2000,0,2.497981e-02
2026-07-20T19:09:38.710,1784563778.710,250.003,1.240494e-01,2.987259e-03,1.062012e-01,1.337891e-01,2000,0,2.480989e-02
2026-07-20T19:09:38.810,1784563778.810,250.103,1.238975e-01,2.701080e-03,1.149902e-01,1.328125e-01,2000,0,2.477949e-02
2026-07-20T19:09:38.910,1784563778.910,250.203,1.226570e-01,2.980592e-03,1.125488e-01,1.342773e-01,2000,0,2.453140e-02
2026-07-20T19:09:39.010,1784563779.010,250.304,1.221749e-01,3.443299e-03,1.103516e-01,1.354980e-01,2000,0,2.443499e-02
2026-07-20T19:09:39.110,1784563779.110,250.403,1.224756e-01,3.109756e-03,1.101074e-01,1.325684e-01,2000,0,2.449512e-02
2026-07-20T19:09:39.210,1784563779.210,250.503,1.220134e-01,3.165175e-03,1.093750e-01,1.347656e-01,2000,0,2.440269e-02
2026-07-20T19:09:39.310,1784563779.310,250.603,1.216814e-01,3.183226e-03,1.123047e-01,1.303711e-01,2000,0,2.433628e-02
2026-07-20T19:09:39.410,1784563779.410,250.703,1.209796e-01,3.366193e-03,1.081543e-01,1.308594e-01,2000,0,2.419592e-02
2026-07-20T19:09:39.510,1784563779.510,250.803,1.211597e-01,3.373120e-03,1.108398e-01,1.298828e-01,2000,0,2.423193e-02
2026-07-20T19:09:39.610,1784563779.610,250.903,1.205088e-01,3.341198e-03,1.103516e-01,1.333008e-01,2000,0,2.410176e-02
2026-07-20T19:09:39.710,1784563779.710,251.003,1.198118e-01,3.528723e-03,1.062012e-01,1.328125e-01,2000,0,2.396235e-02
2026-07-20T19:09:39.810,1784563779.810,251.103,1.198267e-01,3.503302e-03,1.103516e-01,1.313477e-01,2000,0,2.396533e-02
2026-07-20T19:09:39.910,1784563779.910,251.203,1.189574e-01,3.362316e-03,1.083984e-01,1.293945e-01,2000,0,2.379148e-02
2026-07-20T19:09:40.010,1784563780.010,251.303,1.192048e-01,3.492660e-03,1.091309e-01,1.323242e-01,2000,0,2.384097e-02
2026-07-20T19:09:40.110,1784563780.110,251.403,1.188558e-01,3.652198e-03,1.086426e-01,1.298828e-01,2000,0,2.377117e-02
2026-07-20T19:09:40.210,1784563780.210,251.503,1.188223e-01,3.753551e-03,1.086426e-01,1.291504e-01,2000,0,2.376445e-02
2026-07-20T19:09:40.310,1784563780.310,251.603,1.181218e-01,3.605289e-03,1.047363e-01,1.284180e-01,2000,0,2.362437e-02
2026-07-20T19:09:40.410,1784563780.410,251.703,1.182401e-01,3.454391e-03,1.064453e-01,1.301270e-01,2000,0,2.364802e-02
2026-07-20T19:09:40.510,1784563780.510,251.803,1.179246e-01,3.508282e-03,1.076660e-01,1.298828e-01,2000,0,2.358491e-02
2026-07-20T19:09:40.610,1784563780.610,251.903,1.172631e-01,3.744259e-03,1.054688e-01,1.293945e-01,2000,0,2.345261e-02
2026-07-20T19:09:40.710,1784563780.710,252.003,1.173378e-01,3.584635e-03,1.066895e-01,1.289062e-01,2000,0,2.346755e-02
2026-07-20T19:09:40.810,1784563780.810,252.103,1.172601e-01,3.733588e-03,1.059570e-01,1.286621e-01,2000,0,2.345203e-02
2026-07-20T19:09:40.910,1784563780.910,252.203,1.167286e-01,3.901020e-03,1.052246e-01,1.298828e-01,2000,0,2.334573e-02
2026-07-20T19:09:41.010,1784563781.010,252.303,1.168357e-01,3.841035e-03,1.054688e-01,1.281738e-01,2000,0,2.336714e-02
2026-07-20T19:09:41.110,1784563781.110,252.403,1.168815e-01,3.817389e-03,1.047363e-01,1.298828e-01,2000,0,2.337629e-02
2026-07-20T19:09:41.210,1784563781.210,252.503,1.163268e-01,3.886297e-03,1.040039e-01,1.296387e-01,2000,0,2.326536e-02
2026-07-20T19:09:41.310,1784563781.310,252.603,1.169049e-01,3.980022e-03,1.032715e-01,1.298828e-01,2000,0,2.338098e-02
2026-07-20T19:09:41.410,1784563781.410,252.703,1.167229e-01,3.874494e-03,1.035156e-01,1.286621e-01,2000,0,2.334458e-02
2026-07-20T19:09:41.510,1784563781.510,252.803,1.164735e-01,4.026469e-03,1.027832e-01,1.303711e-01,2000,0,2.329470e-02
2026-07-20T19:09:41.610,1784563781.610,252.903,1.165421e-01,3.998517e-03,1.035156e-01,1.291504e-01,2000,0,2.330842e-02
2026-07-20T19:09:41.710,1784563781.710,253.003,1.158804e-01,3.631297e-03,1.037598e-01,1.271973e-01,2000,0,2.317607e-02
2026-07-20T19:09:41.810,1784563781.810,253.103,1.158843e-01,3.838864e-03,1.018066e-01,1.276855e-01,2000,0,2.317686e-02
2026-07-20T19:09:41.910,1784563781.910,253.203,1.160093e-01,4.081917e-03,1.022949e-01,1.284180e-01,2000,0,2.320186e-02
2026-07-20T19:09:42.010,1784563782.010,253.303,1.161744e-01,4.015680e-03,1.018066e-01,1.286621e-01,2000,0,2.323489e-02
2026-07-20T19:09:42.110,1784563782.110,253.403,1.158542e-01,3.955828e-03,1.005859e-01,1.284180e-01,2000,0,2.317085e-02
2026-07-20T19:09:42.210,1784563782.210,253.503,1.162773e-01,3.989253e-03,1.008301e-01,1.284180e-01,2000,0,2.325547e-02
2026-07-20T19:09:42.310,1784563782.310,253.603,1.165865e-01,4.014451e-03,1.013184e-01,1.291504e-01,2000,0,2.331731e-02
2026-07-20T19:09:42.410,1784563782.410,253.703,1.159226e-01,3.999745e-03,1.005859e-01,1.274414e-01,2000,0,2.318452e-02
2026-07-20T19:09:42.510,1784563782.510,253.803,1.165834e-01,4.021340e-03,1.015625e-01,1.298828e-01,2000,0,2.331667e-02
2026-07-20T19:09:42.610,1784563782.610,253.903,1.166482e-01,3.720132e-03,1.030273e-01,1.313477e-01,2000,0,2.332964e-02
2026-07-20T19:09:42.710,1784563782.710,254.003,1.163265e-01,3.866561e-03,1.032715e-01,1.293945e-01,2000,0,2.326531e-02
2026-07-20T19:09:42.810,1784563782.810,254.103,1.168090e-01,3.664448e-03,1.030273e-01,1.271973e-01,2000,0,2.336179e-02
2026-07-20T19:09:42.910,1784563782.910,254.203,1.169888e-01,3.659043e-03,1.032715e-01,1.284180e-01,2000,0,2.339775e-02
2026-07-20T19:09:43.010,1784563783.010,254.303,1.172549e-01,3.795879e-03,1.013184e-01,1.291504e-01,2000,0,2.345098e-02
2026-07-20T19:09:43.110,1784563783.110,254.403,1.170802e-01,3.520897e-03,1.037598e-01,1.293945e-01,2000,0,2.341604e-02
2026-07-20T19:09:43.210,1784563783.210,254.503,1.177512e-01,3.565720e-03,1.059570e-01,1.286621e-01,2000,0,2.355024e-02
2026-07-20T19:09:43.310,1784563783.310,254.603,1.173245e-01,3.528024e-03,1.059570e-01,1.286621e-01,2000,0,2.346489e-02
2026-07-20T19:09:43.410,1784563783.410,254.703,1.179395e-01,3.538158e-03,1.074219e-01,1.298828e-01,2000,0,2.358789e-02
2026-07-20T19:09:43.510,1784563783.510,254.803,1.181375e-01,3.506042e-03,1.069336e-01,1.291504e-01,2000,0,2.362749e-02
2026-07-20T19:09:43.610,1784563783.610,254.903,1.172205e-01,3.592418e-03,1.062012e-01,1.286621e-01,2000,0,2.344409e-02
2026-07-20T19:09:43.710,1784563783.710,255.003,1.181044e-01,3.499547e-03,1.057129e-01,1.286621e-01,2000,0,2.362087e-02
2026-07-20T19:09:43.810,1784563783.810,255.103,1.180813e-01,3.650536e-03,1.049805e-01,1.281738e-01,2000,0,2.361626e-02
2026-07-20T19:09:43.910,1784563783.910,255.203,1.171650e-01,3.582106e-03,1.044922e-01,1.296387e-01,2000,0,2.343301e-02
2026-07-20T19:09:44.010,1784563784.010,255.303,1.186194e-01,3.719919e-03,1.052246e-01,1.306152e-01,2000,0,2.372388e-02
2026-07-20T19:09:44.110,1784563784.110,255.403,1.189615e-01,3.484679e-03,1.079102e-01,1.308594e-01,2000,0,2.379231e-02
2026-07-20T19:09:44.210,1784563784.210,255.503,1.190682e-01,3.349940e-03,1.027832e-01,1.325684e-01,2000,0,2.381365e-02
2026-07-20T19:09:44.310,1784563784.310,255.603,1.200420e-01,3.555321e-03,1.098633e-01,1.379395e-01,2000,0,2.400840e-02
2026-07-20T19:09:44.410,1784563784.410,255.703,1.197876e-01,3.426751e-03,1.074219e-01,1.320801e-01,2000,0,2.395752e-02
2026-07-20T19:09:44.510,1784563784.510,255.803,1.198230e-01,3.577939e-03,1.081543e-01,1.335449e-01,2000,0,2.396460e-02
2026-07-20T19:09:44.610,1784563784.610,255.903,1.201495e-01,3.278491e-03,1.093750e-01,1.306152e-01,2000,0,2.402991e-02
2026-07-20T19:09:44.710,1784563784.710,256.003,1.210574e-01,3.273413e-03,1.091309e-01,1.357422e-01,2000,0,2.421147e-02
2026-07-20T19:09:44.810,1784563784.810,256.103,1.206495e-01,3.212263e-03,1.096191e-01,1.306152e-01,2000,0,2.412991e-02
2026-07-20T19:09:44.910,1784563784.910,256.203,1.214081e-01,3.173460e-03,1.110840e-01,1.318359e-01,2000,0,2.428162e-02
2026-07-20T19:09:45.010,1784563785.010,256.303,1.216399e-01,3.127858e-03,1.096191e-01,1.342773e-01,2000,0,2.432798e-02
2026-07-20T19:09:45.110,1784563785.110,256.403,1.212954e-01,3.225270e-03,1.118164e-01,1.379395e-01,2000,0,2.425908e-02
2026-07-20T19:09:45.210,1784563785.210,256.503,1.225460e-01,3.040976e-03,1.135254e-01,1.330566e-01,2000,0,2.450920e-02
2026-07-20T19:09:45.310,1784563785.310,256.603,1.221851e-01,3.119321e-03,1.125488e-01,1.328125e-01,2000,0,2.443701e-02
2026-07-20T19:09:45.410,1784563785.410,256.703,1.223553e-01,3.066269e-03,1.113281e-01,1.362305e-01,2000,0,2.447107e-02
2026-07-20T19:09:45.510,1784563785.510,256.803,1.227788e-01,3.091927e-03,1.118164e-01,1.325684e-01,2000,0,2.455576e-02
2026-07-20T19:09:45.610,1784563785.610,256.903,1.225887e-01,3.147391e-03,1.115723e-01,1.347656e-01,2000,0,2.451775e-02
2026-07-20T19:09:45.710,1784563785.710,257.003,1.224940e-01,3.236743e-03,1.130371e-01,1.335449e-01,2000,0,2.449880e-02
2026-07-20T19:09:45.810,1784563785.810,257.103,1.229384e-01,3.186413e-03,1.108398e-01,1.389160e-01,2000,0,2.458767e-02
2026-07-20T19:09:45.910,1784563785.910,257.203,1.225812e-01,3.218547e-03,1.130371e-01,1.337891e-01,2000,0,2.451624e-02
2026-07-20T19:09:46.010,1784563786.010,257.303,1.220870e-01,3.286008e-03,1.093750e-01,1.306152e-01,2000,0,2.441741e-02
2026-07-20T19:09:46.110,1784563786.110,257.403,1.227679e-01,3.272197e-03,1.125488e-01,1.328125e-01,2000,0,2.455359e-02
2026-07-20T19:09:46.210,1784563786.210,257.503,1.227129e-01,3.205647e-03,1.118164e-01,1.345215e-01,2000,0,2.454258e-02
2026-07-20T19:09:46.310,1784563786.310,257.603,1.222262e-01,3.260743e-03,1.108398e-01,1.318359e-01,2000,0,2.444524e-02
2026-07-20T19:09:46.410,1784563786.410,257.703,1.222406e-01,3.283968e-03,1.110840e-01,1.335449e-01,2000,0,2.444812e-02
2026-07-20T19:09:46.510,1784563786.510,257.803,1.231514e-01,3.236533e-03,1.118164e-01,1.333008e-01,2000,0,2.463027e-02
2026-07-20T19:09:46.610,1784563786.610,257.903,1.222401e-01,3.236570e-03,1.118164e-01,1.318359e-01,2000,0,2.444802e-02
2026-07-20T19:09:46.710,1784563786.710,258.003,1.228744e-01,3.422276e-03,1.108398e-01,1.381836e-01,2000,0,2.457488e-02
2026-07-20T19:09:46.810,1784563786.810,258.103,1.234167e-01,3.400133e-03,1.125488e-01,1.330566e-01,2000,0,2.468335e-02
2026-07-20T19:09:46.910,1784563786.910,258.203,1.227754e-01,3.380386e-03,1.115723e-01,1.406250e-01,2000,0,2.455508e-02
2026-07-20T19:09:47.010,1784563787.011,258.303,1.229141e-01,3.527490e-03,1.108398e-01,1.357422e-01,2000,0,2.458281e-02
2026-07-20T19:09:47.110,1784563787.110,258.403,1.229188e-01,3.488524e-03,1.118164e-01,1.340332e-01,2000,0,2.458376e-02
2026-07-20T19:09:47.210,1784563787.210,258.503,1.229464e-01,3.533265e-03,1.127930e-01,1.340332e-01,2000,0,2.458928e-02
2026-07-20T19:09:47.310,1784563787.310,258.603,1.233105e-01,3.406725e-03,1.130371e-01,1.362305e-01,2000,0,2.466211e-02
2026-07-20T19:09:47.409,1784563787.410,258.703,1.239801e-01,3.267884e-03,1.118164e-01,1.347656e-01,2000,0,2.479602e-02
2026-07-20T19:09:47.510,1784563787.510,258.803,1.238350e-01,3.499669e-03,1.130371e-01,1.389160e-01,2000,0,2.476699e-02
2026-07-20T19:09:47.610,1784563787.610,258.903,1.236868e-01,3.556823e-03,1.127930e-01,1.394043e-01,2000,0,2.473735e-02
2026-07-20T19:09:47.710,1784563787.710,259.003,1.244089e-01,3.378334e-03,1.145020e-01,1.347656e-01,2000,0,2.488179e-02
2026-07-20T19:09:47.810,1784563787.810,259.103,1.249202e-01,3.302611e-03,1.147461e-01,1.362305e-01,2000,0,2.498403e-02
2026-07-20T19:09:47.910,1784563787.910,259.203,1.252008e-01,3.502980e-03,1.145020e-01,1.376953e-01,2000,0,2.504016e-02
2026-07-20T19:09:48.010,1784563788.010,259.303,1.254670e-01,3.324864e-03,1.154785e-01,1.369629e-01,2000,0,2.509341e-02
2026-07-20T19:09:48.110,1784563788.110,259.403,1.254708e-01,3.523909e-03,1.149902e-01,1.394043e-01,2000,0,2.509417e-02
2026-07-20T19:09:48.210,1784563788.210,259.503,1.262662e-01,3.622661e-03,1.140137e-01,1.428223e-01,2000,0,2.525325e-02
2026-07-20T19:09:48.310,1784563788.310,259.603,1.258665e-01,3.380132e-03,1.147461e-01,1.379395e-01,2000,0,2.517329e-02
2026-07-20T19:09:48.410,1784563788.410,259.703,1.262740e-01,3.557915e-03,1.054688e-01,1.396484e-01,2000,0,2.525481e-02
2026-07-20T19:09:48.510,1784563788.510,259.803,1.268435e-01,3.451896e-03,1.145020e-01,1.401367e-01,2000,0,2.536870e-02
2026-07-20T19:09:48.610,1784563788.610,259.903,1.272263e-01,3.416485e-03,1.149902e-01,1.418457e-01,2000,0,2.544526e-02
2026-07-20T19:09:48.710,1784563788.710,260.003,1.275294e-01,3.606475e-03,1.157227e-01,1.420898e-01,2000,0,2.550588e-02
2026-07-20T19:09:48.810,1784563788.810,260.103,1.282212e-01,3.599235e-03,1.157227e-01,1.391602e-01,2000,0,2.564424e-02
2026-07-20T19:09:48.910,1784563788.910,260.203,1.282921e-01,3.572043e-03,1.157227e-01,1.408691e-01,2000,0,2.565842e-02
2026-07-20T19:09:49.010,1784563789.010,260.303,1.284935e-01,3.643660e-03,1.157227e-01,1.423340e-01,2000,0,2.569871e-02
2026-07-20T19:09:49.110,1784563789.110,260.403,1.290435e-01,3.576549e-03,1.184082e-01,1.428223e-01,2000,0,2.580869e-02
2026-07-20T19:09:49.210,1784563789.210,260.503,1.290765e-01,3.362402e-03,1.186523e-01,1.408691e-01,2000,0,2.581531e-02
2026-07-20T19:09:49.310,1784563789.310,260.603,1.292942e-01,3.601931e-03,1.184082e-01,1.442871e-01,2000,0,2.585884e-02
2026-07-20T19:09:49.410,1784563789.410,260.703,1.302938e-01,3.495138e-03,1.157227e-01,1.433105e-01,2000,0,2.605876e-02
2026-07-20T19:09:49.510,1784563789.510,260.803,1.305798e-01,3.480327e-03,1.193848e-01,1.413574e-01,2000,0,2.611597e-02
2026-07-20T19:09:49.610,1784563789.610,260.903,1.306521e-01,3.464313e-03,1.191406e-01,1.411133e-01,2000,0,2.613042e-02
2026-07-20T19:09:49.710,1784563789.710,261.003,1.309806e-01,3.548758e-03,1.210938e-01,1.440430e-01,2000,0,2.619612e-02
2026-07-20T19:09:49.810,1784563789.810,261.103,1.317511e-01,3.529084e-03,1.193848e-01,1.433105e-01,2000,0,2.635022e-02
2026-07-20T19:09:49.910,1784563789.910,261.203,1.318035e-01,3.564748e-03,1.184082e-01,1.445312e-01,2000,0,2.636069e-02
2026-07-20T19:09:50.010,1784563790.010,261.303,1.326674e-01,3.529163e-03,1.215820e-01,1.435547e-01,2000,0,2.653347e-02
2026-07-20T19:09:50.110,1784563790.110,261.403,1.328387e-01,3.666037e-03,1.196289e-01,1.435547e-01,2000,0,2.656775e-02
2026-07-20T19:09:50.210,1784563790.210,261.503,1.333064e-01,3.581947e-03,1.223145e-01,1.455078e-01,2000,0,2.666128e-02
2026-07-20T19:09:50.310,1784563790.311,261.603,1.338887e-01,3.485782e-03,1.210938e-01,1.440430e-01,2000,0,2.677773e-02
2026-07-20T19:09:50.410,1784563790.410,261.703,1.346349e-01,3.462038e-03,1.218262e-01,1.442871e-01,2000,0,2.692698e-02
2026-07-20T19:09:50.510,1784563790.510,261.803,1.348872e-01,3.554909e-03,1.230469e-01,1.452637e-01,2000,0,2.697744e-02
2026-07-20T19:09:50.610,1784563790.610,261.903,1.357968e-01,3.617144e-03,1.206055e-01,1.474609e-01,2000,0,2.715935e-02
2026-07-20T19:09:50.710,1784563790.710,262.003,1.366791e-01,3.516821e-03,1.252441e-01,1.462402e-01,2000,0,2.733582e-02
2026-07-20T19:09:50.810,1784563790.810,262.103,1.364377e-01,3.500607e-03,1.237793e-01,1.494141e-01,2000,0,2.728755e-02
2026-07-20T19:09:50.910,1784563790.911,262.203,1.376211e-01,3.522397e-03,1.252441e-01,1.520996e-01,2000,0,2.752422e-02
2026-07-20T19:09:51.010,1784563791.011,262.303,1.381519e-01,3.426878e-03,1.262207e-01,1.472168e-01,2000,0,2.763037e-02
2026-07-20T19:09:51.110,1784563791.110,262.403,1.387906e-01,3.511348e-03,1.262207e-01,1.494141e-01,2000,0,2.775813e-02
2026-07-20T19:09:51.210,1784563791.210,262.503,1.399967e-01,3.574169e-03,1.264648e-01,1.513672e-01,2000,0,2.799934e-02
2026-07-20T19:09:51.310,1784563791.311,262.603,1.399761e-01,3.481954e-03,1.279297e-01,1.508789e-01,2000,0,2.799521e-02
2026-07-20T19:09:51.410,1784563791.410,262.703,1.407407e-01,3.573332e-03,1.276855e-01,1.530762e-01,2000,0,2.814814e-02
2026-07-20T19:09:51.510,1784563791.510,262.803,1.417032e-01,3.489811e-03,1.296387e-01,1.533203e-01,2000,0,2.834065e-02
2026-07-20T19:09:51.610,1784563791.610,262.903,1.426814e-01,3.505005e-03,1.296387e-01,1.535645e-01,2000,0,2.853628e-02
2026-07-20T19:09:51.710,1784563791.711,263.003,1.428917e-01,3.575619e-03,1.291504e-01,1.567383e-01,2000,0,2.857834e-02
2026-07-20T19:09:51.810,1784563791.810,263.103,1.437494e-01,3.487936e-03,1.320801e-01,1.569824e-01,2000,0,2.874988e-02
2026-07-20T19:09:51.910,1784563791.910,263.203,1.444489e-01,3.593246e-03,1.301270e-01,1.557617e-01,2000,0,2.888977e-02
2026-07-20T19:09:52.010,1784563792.011,263.303,1.447511e-01,3.631034e-03,1.313477e-01,1.579590e-01,2000,0,2.895022e-02
2026-07-20T19:09:52.110,1784563792.111,263.403,1.459094e-01,3.514641e-03,1.350098e-01,1.594238e-01,2000,0,2.918188e-02
2026-07-20T19:09:52.210,1784563792.210,263.503,1.463862e-01,3.439537e-03,1.335449e-01,1.579590e-01,2000,0,2.927725e-02
2026-07-20T19:09:52.310,1784563792.311,263.603,1.466617e-01,3.555367e-03,1.340332e-01,1.582031e-01,2000,0,2.933235e-02
2026-07-20T19:09:52.410,1784563792.411,263.703,1.474521e-01,3.359243e-03,1.372070e-01,1.601562e-01,2000,0,2.949043e-02
2026-07-20T19:09:52.510,1784563792.511,263.803,1.479028e-01,3.422229e-03,1.333008e-01,1.604004e-01,2000,0,2.958057e-02
2026-07-20T19:09:52.610,1784563792.611,263.903,1.483398e-01,3.275427e-03,1.367188e-01,1.608887e-01,2000,0,2.966797e-02
2026-07-20T19:09:52.710,1784563792.711,264.003,1.492051e-01,3.241763e-03,1.381836e-01,1.591797e-01,2000,0,2.984102e-02
2026-07-20T19:09:52.810,1784563792.810,264.103,1.498823e-01,3.403344e-03,1.379395e-01,1.621094e-01,2000,0,2.997646e-02
2026-07-20T19:09:52.910,1784563792.910,264.203,1.497426e-01,3.301492e-03,1.372070e-01,1.611328e-01,2000,0,2.994851e-02
2026-07-20T19:09:53.010,1784563793.011,264.303,1.506625e-01,3.081250e-03,1.403809e-01,1.604004e-01,2000,0,3.013250e-02
2026-07-20T19:09:53.110,1784563793.110,264.403,1.513800e-01,3.269505e-03,1.411133e-01,1.625977e-01,2000,0,3.027600e-02
2026-07-20T19:09:53.210,1784563793.211,264.503,1.510618e-01,3.139140e-03,1.369629e-01,1.616211e-01,2000,0,3.021235e-02
2026-07-20T19:09:53.310,1784563793.311,264.603,1.520148e-01,3.197587e-03,1.423340e-01,1.630859e-01,2000,0,3.040295e-02
2026-07-20T19:09:53.410,1784563793.410,264.703,1.529462e-01,3.071275e-03,1.435547e-01,1.638184e-01,2000,0,3.058923e-02
2026-07-20T19:09:53.510,1784563793.511,264.803,1.525084e-01,3.017637e-03,1.411133e-01,1.630859e-01,2000,0,3.050168e-02
2026-07-20T19:09:53.610,1784563793.611,264.903,1.532061e-01,3.020948e-03,1.425781e-01,1.630859e-01,2000,0,3.064121e-02
2026-07-20T19:09:53.710,1784563793.711,265.003,1.538578e-01,3.258970e-03,1.420898e-01,1.657715e-01,2000,0,3.077156e-02
2026-07-20T19:09:53.810,1784563793.811,265.103,1.540182e-01,3.005662e-03,1.435547e-01,1.635742e-01,2000,0,3.080364e-02
2026-07-20T19:09:53.910,1784563793.910,265.203,1.543984e-01,3.017394e-03,1.445312e-01,1.643066e-01,2000,0,3.087969e-02
2026-07-20T19:09:54.010,1784563794.010,265.303,1.546692e-01,2.931603e-03,1.459961e-01,1.640625e-01,2000,0,3.093384e-02
2026-07-20T19:09:54.110,1784563794.111,265.403,1.545182e-01,3.071593e-03,1.435547e-01,1.650391e-01,2000,0,3.090364e-02
2026-07-20T19:09:54.210,1784563794.211,265.503,1.552297e-01,3.117370e-03,1.423340e-01,1.655273e-01,2000,0,3.104595e-02
2026-07-20T19:09:54.310,1784563794.311,265.603,1.553312e-01,3.063002e-03,1.450195e-01,1.694336e-01,2000,0,3.106624e-02
2026-07-20T19:09:54.410,1784563794.411,265.703,1.550590e-01,3.107774e-03,1.445312e-01,1.662598e-01,2000,0,3.101179e-02
2026-07-20T19:09:54.510,1784563794.511,265.803,1.557260e-01,3.003813e-03,1.442871e-01,1.674805e-01,2000,0,3.114519e-02
2026-07-20T19:09:54.610,1784563794.611,265.903,1.560310e-01,3.188886e-03,1.450195e-01,1.662598e-01,2000,0,3.120620e-02
2026-07-20T19:09:54.710,1784563794.711,266.003,1.553865e-01,3.064472e-03,1.450195e-01,1.662598e-01,2000,0,3.107729e-02
2026-07-20T19:09:54.810,1784563794.811,266.103,1.560237e-01,2.984410e-03,1.442871e-01,1.657715e-01,2000,0,3.120474e-02
2026-07-20T19:09:54.910,1784563794.911,266.203,1.555383e-01,3.011302e-03,1.442871e-01,1.665039e-01,2000,0,3.110767e-02
2026-07-20T19:09:55.010,1784563795.011,266.303,1.549181e-01,3.155229e-03,1.442871e-01,1.655273e-01,2000,0,3.098362e-02
2026-07-20T19:09:55.110,1784563795.110,266.403,1.549669e-01,2.874980e-03,1.437988e-01,1.655273e-01,2000,0,3.099338e-02
2026-07-20T19:09:55.210,1784563795.210,266.503,1.538773e-01,2.909551e-03,1.430664e-01,1.645508e-01,2000,0,3.077546e-02
2026-07-20T19:09:55.310,1784563795.310,266.603,1.538792e-01,2.943393e-03,1.420898e-01,1.635742e-01,2000,0,3.077583e-02
2026-07-20T19:09:55.410,1784563795.410,266.703,1.532007e-01,2.931619e-03,1.435547e-01,1.640625e-01,2000,0,3.064014e-02
2026-07-20T19:09:55.510,1784563795.510,266.803,1.522631e-01,3.004738e-03,1.374512e-01,1.640625e-01,2000,0,3.045261e-02
2026-07-20T19:09:55.610,1784563795.610,266.903,1.519586e-01,3.047741e-03,1.406250e-01,1.628418e-01,2000,0,3.039172e-02
2026-07-20T19:09:55.710,1784563795.710,267.003,1.509182e-01,2.914563e-03,1.418457e-01,1.628418e-01,2000,0,3.018364e-02
2026-07-20T19:09:55.810,1784563795.810,267.103,1.503835e-01,2.810006e-03,1.416016e-01,1.596680e-01,2000,0,3.007671e-02
2026-07-20T19:09:55.910,1784563795.910,267.203,1.492488e-01,2.905321e-03,1.386719e-01,1.589355e-01,2000,0,2.984976e-02
2026-07-20T19:09:56.010,1784563796.010,267.303,1.488280e-01,2.745373e-03,1.394043e-01,1.582031e-01,2000,0,2.976560e-02
2026-07-20T19:09:56.110,1784563796.110,267.403,1.478761e-01,2.702382e-03,1.396484e-01,1.589355e-01,2000,0,2.957522e-02
2026-07-20T19:09:56.210,1784563796.210,267.503,1.468939e-01,2.605594e-03,1.391602e-01,1.645508e-01,2000,0,2.937878e-02
2026-07-20T19:09:56.310,1784563796.310,267.603,1.466544e-01,2.594175e-03,1.369629e-01,1.564941e-01,2000,0,2.933088e-02
2026-07-20T19:09:56.410,1784563796.410,267.703,1.453783e-01,2.454349e-03,1.364746e-01,1.530762e-01,2000,0,2.907566e-02
2026-07-20T19:09:56.510,1784563796.510,267.803,1.444468e-01,2.435690e-03,1.350098e-01,1.528320e-01,2000,0,2.888936e-02
2026-07-20T19:09:56.610,1784563796.610,267.903,1.439319e-01,2.471530e-03,1.340332e-01,1.523438e-01,2000,0,2.878638e-02
2026-07-20T19:09:56.710,1784563796.711,268.003,1.430289e-01,2.404840e-03,1.345215e-01,1.511230e-01,2000,0,2.860579e-02
2026-07-20T19:09:56.810,1784563796.810,268.103,1.426920e-01,2.351049e-03,1.308594e-01,1.506348e-01,2000,0,2.853840e-02
2026-07-20T19:09:56.910,1784563796.910,268.203,1.429797e-01,2.390422e-03,1.318359e-01,1.528320e-01,2000,0,2.859595e-02
2026-07-20T19:09:57.010,1784563797.010,268.303,1.424446e-01,2.409036e-03,1.325684e-01,1.503906e-01,2000,0,2.848892e-02
2026-07-20T19:09:57.110,1784563797.110,268.403,1.415306e-01,2.402536e-03,1.330566e-01,1.594238e-01,2000,0,2.830613e-02
2026-07-20T19:09:57.210,1784563797.211,268.503,1.414781e-01,2.346152e-03,1.320801e-01,1.535645e-01,2000,0,2.829563e-02
2026-07-20T19:09:57.310,1784563797.311,268.603,1.411158e-01,2.351866e-03,1.323242e-01,1.564941e-01,2000,0,2.822317e-02
2026-07-20T19:09:57.410,1784563797.411,268.703,1.398043e-01,2.456676e-03,1.308594e-01,1.508789e-01,2000,0,2.796086e-02
2026-07-20T19:09:57.510,1784563797.511,268.803,1.397206e-01,2.454933e-03,1.306152e-01,1.479492e-01,2000,0,2.794412e-02
2026-07-20T19:09:57.610,1784563797.611,268.903,1.390442e-01,2.365008e-03,1.303711e-01,1.511230e-01,2000,0,2.780884e-02
2026-07-20T19:09:57.710,1784563797.710,269.003,1.384951e-01,2.589811e-03,1.286621e-01,1.462402e-01,2000,0,2.769902e-02
2026-07-20T19:09:57.810,1784563797.811,269.103,1.381099e-01,2.806192e-03,1.271973e-01,1.472168e-01,2000,0,2.762197e-02
2026-07-20T19:09:57.910,1784563797.911,269.203,1.363624e-01,2.796102e-03,1.267090e-01,1.472168e-01,2000,0,2.727249e-02
2026-07-20T19:09:58.010,1784563798.011,269.303,1.361609e-01,2.912770e-03,1.250000e-01,1.440430e-01,2000,0,2.723218e-02
2026-07-20T19:09:58.110,1784563798.111,269.403,1.365277e-01,2.875239e-03,1.252441e-01,1.457520e-01,2000,0,2.730554e-02
2026-07-20T19:09:58.210,1784563798.211,269.503,1.347941e-01,2.995894e-03,1.242676e-01,1.440430e-01,2000,0,2.695881e-02
2026-07-20T19:09:58.310,1784563798.311,269.603,1.339900e-01,3.032131e-03,1.250000e-01,1.447754e-01,2000,0,2.679800e-02
2026-07-20T19:09:58.410,1784563798.411,269.703,1.336738e-01,3.120068e-03,1.245117e-01,1.511230e-01,2000,0,2.673477e-02
2026-07-20T19:09:58.510,1784563798.511,269.803,1.326975e-01,3.027719e-03,1.225586e-01,1.420898e-01,2000,0,2.653950e-02
2026-07-20T19:09:58.610,1784563798.610,269.903,1.319573e-01,3.075242e-03,1.218262e-01,1.425781e-01,2000,0,2.639146e-02
2026-07-20T19:09:58.710,1784563798.710,270.003,1.310939e-01,3.081553e-03,1.215820e-01,1.391602e-01,2000,0,2.621877e-02
2026-07-20T19:09:58.810,1784563798.811,270.103,1.299119e-01,2.941209e-03,1.198730e-01,1.394043e-01,2000,0,2.598237e-02
2026-07-20T19:09:58.910,1784563798.911,270.203,1.285730e-01,3.250352e-03,1.179199e-01,1.401367e-01,2000,0,2.571460e-02
2026-07-20T19:09:59.010,1784563799.011,270.303,1.284513e-01,3.244397e-03,1.171875e-01,1.386719e-01,2000,0,2.569026e-02
2026-07-20T19:09:59.110,1784563799.111,270.403,1.269241e-01,2.952344e-03,1.145020e-01,1.367188e-01,2000,0,2.538481e-02
2026-07-20T19:09:59.210,1784563799.211,270.503,1.258073e-01,2.930263e-03,1.142578e-01,1.340332e-01,2000,0,2.516145e-02
2026-07-20T19:09:59.310,1784563799.311,270.603,1.252849e-01,2.999574e-03,1.154785e-01,1.359863e-01,2000,0,2.505698e-02
2026-07-20T19:09:59.410,1784563799.411,270.703,1.243405e-01,3.047100e-03,1.140137e-01,1.333008e-01,2000,0,2.486809e-02
2026-07-20T19:09:59.510,1784563799.511,270.803,1.233616e-01,3.051206e-03,1.123047e-01,1.401367e-01,2000,0,2.467231e-02
2026-07-20T19:09:59.610,1784563799.611,270.903,1.228816e-01,3.070535e-03,1.132812e-01,1.381836e-01,2000,0,2.457632e-02
2026-07-20T19:09:59.710,1784563799.711,271.003,1.214871e-01,3.138519e-03,1.098633e-01,1.308594e-01,2000,0,2.429741e-02
2026-07-20T19:09:59.810,1784563799.811,271.103,1.207460e-01,3.174573e-03,1.098633e-01,1.296387e-01,2000,0,2.414919e-02
2026-07-20T19:09:59.910,1784563799.911,271.203,1.199255e-01,3.130362e-03,1.103516e-01,1.301270e-01,2000,0,2.398511e-02
2026-07-20T19:10:00.010,1784563800.011,271.303,1.178313e-01,3.220170e-03,1.042480e-01,1.271973e-01,2000,0,2.356626e-02
2026-07-20T19:10:00.110,1784563800.111,271.403,1.182601e-01,3.161802e-03,1.054688e-01,1.286621e-01,2000,0,2.365203e-02
2026-07-20T19:10:00.210,1784563800.211,271.503,1.170747e-01,3.092950e-03,1.049805e-01,1.303711e-01,2000,0,2.341494e-02
2026-07-20T19:10:00.310,1784563800.311,271.603,1.161372e-01,3.029487e-03,1.066895e-01,1.274414e-01,2000,0,2.322744e-02
2026-07-20T19:10:00.410,1784563800.411,271.703,1.153552e-01,3.121622e-03,1.010742e-01,1.281738e-01,2000,0,2.307104e-02
2026-07-20T19:10:00.510,1784563800.511,271.803,1.147208e-01,3.070303e-03,1.049805e-01,1.245117e-01,2000,0,2.294417e-02
2026-07-20T19:10:00.610,1784563800.611,271.903,1.135533e-01,3.086901e-03,1.030273e-01,1.240234e-01,2000,0,2.271067e-02
2026-07-20T19:10:00.710,1784563800.711,272.003,1.126226e-01,3.236984e-03,1.013184e-01,1.230469e-01,2000,0,2.252451e-02
2026-07-20T19:10:00.810,1784563800.811,272.103,1.122292e-01,3.073890e-03,1.020508e-01,1.247559e-01,2000,0,2.244585e-02
2026-07-20T19:10:00.910,1784563800.911,272.203,1.113730e-01,3.226539e-03,9.790039e-02,1.232910e-01,2000,0,2.227461e-02
2026-07-20T19:10:01.009,1784563801.010,272.303,1.108373e-01,3.162120e-03,1.005859e-01,1.206055e-01,2000,0,2.216746e-02
2026-07-20T19:10:01.110,1784563801.111,272.403,1.105408e-01,3.160281e-03,1.000977e-01,1.203613e-01,2000,0,2.210815e-02
2026-07-20T19:10:01.210,1784563801.211,272.503,1.099104e-01,3.080816e-03,9.985352e-02,1.193848e-01,2000,0,2.198208e-02
2026-07-20T19:10:01.309,1784563801.310,272.603,1.091610e-01,3.230823e-03,9.570312e-02,1.193848e-01,2000,0,2.183220e-02
2026-07-20T19:10:01.410,1784563801.411,272.703,1.092827e-01,3.281427e-03,9.838867e-02,1.186523e-01,2000,0,2.185654e-02
2026-07-20T19:10:01.509,1784563801.510,272.803,1.086753e-01,3.068606e-03,9.741211e-02,1.181641e-01,2000,0,2.173506e-02
2026-07-20T19:10:01.610,1784563801.611,272.903,1.076866e-01,3.195533e-03,9.692383e-02,1.218262e-01,2000,0,2.153733e-02
2026-07-20T19:10:01.710,1784563801.711,273.003,1.073137e-01,3.141045e-03,9.643555e-02,1.159668e-01,2000,0,2.146274e-02
2026-07-20T19:10:01.810,1784563801.811,273.103,1.070294e-01,3.267514e-03,9.619141e-02,1.174316e-01,2000,0,2.140588e-02
2026-07-20T19:10:01.910,1784563801.911,273.203,1.068191e-01,3.226483e-03,9.448242e-02,1.186523e-01,2000,0,2.136382e-02
2026-07-20T19:10:02.010,1784563802.011,273.303,1.066667e-01,3.179376e-03,9.497070e-02,1.162109e-01,2000,0,2.133335e-02
2026-07-20T19:10:02.110,1784563802.111,273.403,1.058654e-01,3.343982e-03,9.423828e-02,1.147461e-01,2000,0,2.117307e-02
2026-07-20T19:10:02.210,1784563802.211,273.503,1.049597e-01,3.196534e-03,9.252930e-02,1.169434e-01,2000,0,2.099194e-02
2026-07-20T19:10:02.310,1784563802.310,273.603,1.048898e-01,3.135525e-03,9.228516e-02,1.137695e-01,2000,0,2.097795e-02
2026-07-20T19:10:02.410,1784563802.411,273.703,1.043368e-01,3.310536e-03,8.569336e-02,1.149902e-01,2000,0,2.086736e-02
2026-07-20T19:10:02.510,1784563802.511,273.803,1.038602e-01,3.246374e-03,9.179688e-02,1.149902e-01,2000,0,2.077205e-02
2026-07-20T19:10:02.610,1784563802.611,273.903,1.036008e-01,3.216048e-03,8.959961e-02,1.137695e-01,2000,0,2.072017e-02
2026-07-20T19:10:02.710,1784563802.711,274.003,1.029622e-01,3.355701e-03,8.715820e-02,1.145020e-01,2000,0,2.059243e-02
2026-07-20T19:10:02.809,1784563802.810,274.103,1.022943e-01,3.282983e-03,9.082031e-02,1.118164e-01,2000,0,2.045886e-02
2026-07-20T19:10:02.910,1784563802.911,274.203,1.020243e-01,3.285245e-03,9.082031e-02,1.152344e-01,2000,0,2.040486e-02
2026-07-20T19:10:03.010,1784563803.011,274.303,1.012915e-01,3.324563e-03,8.862305e-02,1.123047e-01,2000,0,2.025830e-02
2026-07-20T19:10:03.110,1784563803.111,274.403,1.004421e-01,3.290569e-03,8.862305e-02,1.115723e-01,2000,0,2.008843e-02
2026-07-20T19:10:03.210,1784563803.211,274.503,9.942981e-02,3.191970e-03,8.837891e-02,1.091309e-01,2000,0,1.988596e-02
2026-07-20T19:10:03.310,1784563803.311,274.603,9.940063e-02,3.346953e-03,8.569336e-02,1.113281e-01,2000,0,1.988013e-02
2026-07-20T19:10:03.410,1784563803.411,274.703,9.913098e-02,3.258549e-03,8.837891e-02,1.130371e-01,2000,0,1.982620e-02
2026-07-20T19:10:03.510,1784563803.511,274.803,9.851294e-02,3.328156e-03,8.691406e-02,1.113281e-01,2000,0,1.970259e-02
2026-07-20T19:10:03.610,1784563803.611,274.903,9.786169e-02,3.126939e-03,8.447266e-02,1.113281e-01,2000,0,1.957234e-02
2026-07-20T19:10:03.710,1784563803.711,275.003,9.752515e-02,3.238299e-03,8.496094e-02,1.088867e-01,2000,0,1.950503e-02
2026-07-20T19:10:03.810,1784563803.811,275.103,9.748486e-02,3.172919e-03,8.544922e-02,1.096191e-01,2000,0,1.949697e-02
2026-07-20T19:10:03.910,1784563803.911,275.203,9.689624e-02,3.216345e-03,8.569336e-02,1.081543e-01,2000,0,1.937925e-02
2026-07-20T19:10:04.010,1784563804.011,275.303,9.686914e-02,3.082944e-03,8.666992e-02,1.074219e-01,2000,0,1.937383e-02
2026-07-20T19:10:04.110,1784563804.111,275.403,9.645496e-02,3.225172e-03,8.618164e-02,1.103516e-01,2000,0,1.929099e-02
2026-07-20T19:10:04.210,1784563804.211,275.503,9.606433e-02,3.168336e-03,8.374023e-02,1.066895e-01,2000,0,1.921287e-02
2026-07-20T19:10:04.310,1784563804.311,275.603,9.601489e-02,3.270339e-03,8.422852e-02,1.071777e-01,2000,0,1.920298e-02
2026-07-20T19:10:04.410,1784563804.411,275.703,9.585413e-02,3.218779e-03,8.398438e-02,1.074219e-01,2000,0,1.917083e-02
2026-07-20T19:10:04.510,1784563804.511,275.803,9.573792e-02,3.122960e-03,8.300781e-02,1.054688e-01,2000,0,1.914758e-02
2026-07-20T19:10:04.610,1784563804.611,275.903,9.578406e-02,3.065677e-03,8.422852e-02,1.062012e-01,2000,0,1.915681e-02
2026-07-20T19:10:04.710,1784563804.711,276.003,9.567737e-02,3.113711e-03,8.520508e-02,1.057129e-01,2000,0,1.913547e-02
2026-07-20T19:10:04.810,1784563804.811,276.103,9.587280e-02,3.051660e-03,8.520508e-02,1.071777e-01,2000,0,1.917456e-02
2026-07-20T19:10:04.910,1784563804.911,276.203,9.577673e-02,3.151463e-03,8.447266e-02,1.052246e-01,2000,0,1.915535e-02
2026-07-20T19:10:05.010,1784563805.011,276.303,9.647192e-02,3.081687e-03,8.789062e-02,1.076660e-01,2000,0,1.929438e-02
2026-07-20T19:10:05.110,1784563805.111,276.403,9.624329e-02,3.166781e-03,8.544922e-02,1.066895e-01,2000,0,1.924866e-02
2026-07-20T19:10:05.210,1784563805.211,276.503,9.685669e-02,3.198656e-03,8.544922e-02,1.079102e-01,2000,0,1.937134e-02
2026-07-20T19:10:05.310,1784563805.311,276.603,9.694116e-02,3.173912e-03,8.593750e-02,1.083984e-01,2000,0,1.938823e-02
2026-07-20T19:10:05.410,1784563805.411,276.703,9.635046e-02,3.238579e-03,8.618164e-02,1.069336e-01,2000,0,1.927009e-02
2026-07-20T19:10:05.510,1784563805.511,276.803,9.655750e-02,3.363599e-03,8.447266e-02,1.066895e-01,2000,0,1.931150e-02
2026-07-20T19:10:05.610,1784563805.611,276.903,9.734888e-02,3.440659e-03,8.569336e-02,1.101074e-01,2000,0,1.946978e-02
2026-07-20T19:10:05.710,1784563805.711,277.003,9.670447e-02,3.325624e-03,8.520508e-02,1.074219e-01,2000,0,1.934089e-02
2026-07-20T19:10:05.810,1784563805.811,277.103,9.700049e-02,3.439710e-03,8.520508e-02,1.066895e-01,2000,0,1.940010e-02
2026-07-20T19:10:05.910,1784563805.911,277.203,9.722290e-02,3.298171e-03,8.203125e-02,1.103516e-01,2000,0,1.944458e-02
2026-07-20T19:10:06.010,1784563806.011,277.303,9.702942e-02,3.556346e-03,8.618164e-02,1.076660e-01,2000,0,1.940588e-02
2026-07-20T19:10:06.110,1784563806.111,277.403,9.725659e-02,3.627943e-03,8.300781e-02,1.110840e-01,2000,0,1.945132e-02
2026-07-20T19:10:06.210,1784563806.211,277.503,9.789990e-02,3.584064e-03,8.007812e-02,1.076660e-01,2000,0,1.957998e-02
2026-07-20T19:10:06.310,1784563806.311,277.603,9.759692e-02,3.597136e-03,8.349609e-02,1.093750e-01,2000,0,1.951938e-02
2026-07-20T19:10:06.410,1784563806.411,277.703,9.773096e-02,3.699277e-03,8.691406e-02,1.123047e-01,2000,0,1.954619e-02
2026-07-20T19:10:06.510,1784563806.511,277.803,9.823303e-02,3.598595e-03,8.520508e-02,1.105957e-01,2000,0,1.964661e-02
2026-07-20T19:10:06.610,1784563806.611,277.903,9.777295e-02,3.803884e-03,8.422852e-02,1.098633e-01,2000,0,1.955459e-02
2026-07-20T19:10:06.710,1784563806.711,278.003,9.828003e-02,3.625262e-03,8.471680e-02,1.098633e-01,2000,0,1.965601e-02
2026-07-20T19:10:06.810,1784563806.811,278.103,9.860522e-02,3.658195e-03,8.471680e-02,1.110840e-01,2000,0,1.972104e-02
2026-07-20T19:10:06.909,1784563806.910,278.203,9.803296e-02,3.586692e-03,8.691406e-02,1.098633e-01,2000,0,1.960659e-02
2026-07-20T19:10:07.010,1784563807.011,278.303,9.878857e-02,3.927349e-03,8.398438e-02,1.120605e-01,2000,0,1.975771e-02
2026-07-20T19:10:07.110,1784563807.111,278.403,9.910474e-02,3.867510e-03,8.764648e-02,1.149902e-01,2000,0,1.982095e-02
2026-07-20T19:10:07.210,1784563807.211,278.503,9.820557e-02,3.771348e-03,8.666992e-02,1.105957e-01,2000,0,1.964111e-02
2026-07-20T19:10:07.310,1784563807.311,278.603,9.900562e-02,3.859880e-03,8.056641e-02,1.123047e-01,2000,0,1.980112e-02
2026-07-20T19:10:07.410,1784563807.411,278.703,9.937280e-02,3.856325e-03,8.569336e-02,1.130371e-01,2000,0,1.987456e-02
2026-07-20T19:10:07.510,1784563807.511,278.803,9.950659e-02,3.838258e-03,8.105469e-02,1.120605e-01,2000,0,1.990132e-02
2026-07-20T19:10:07.610,1784563807.611,278.903,9.987073e-02,4.033064e-03,8.886719e-02,1.152344e-01,2000,0,1.997415e-02
2026-07-20T19:10:07.709,1784563807.710,279.003,9.970605e-02,3.838176e-03,8.715820e-02,1.127930e-01,2000,0,1.994121e-02
2026-07-20T19:10:07.810,1784563807.811,279.103,9.975391e-02,3.951931e-03,8.862305e-02,1.130371e-01,2000,0,1.995078e-02
2026-07-20T19:10:07.910,1784563807.911,279.203,9.989795e-02,3.975573e-03,8.813477e-02,1.142578e-01,2000,0,1.997959e-02
2026-07-20T19:10:08.010,1784563808.011,279.303,1.001464e-01,4.178549e-03,8.911133e-02,1.157227e-01,2000,0,2.002927e-02
2026-07-20T19:10:08.110,1784563808.111,279.403,1.001068e-01,4.038769e-03,8.251953e-02,1.157227e-01,2000,0,2.002136e-02
2026-07-20T19:10:08.209,1784563808.210,279.503,9.995166e-02,4.090484e-03,8.666992e-02,1.145020e-01,2000,0,1.999033e-02
2026-07-20T19:10:08.310,1784563808.311,279.603,1.006840e-01,4.237055e-03,8.959961e-02,1.149902e-01,2000,0,2.013679e-02
2026-07-20T19:10:08.410,1784563808.411,279.703,9.996313e-02,4.054612e-03,8.984375e-02,1.166992e-01,2000,0,1.999263e-02
2026-07-20T19:10:08.509,1784563808.510,279.803,1.001605e-01,4.043880e-03,8.984375e-02,1.137695e-01,2000,0,2.003210e-02
2026-07-20T19:10:08.609,1784563808.610,279.903,1.001420e-01,4.098979e-03,8.544922e-02,1.118164e-01,2000,0,2.002839e-02
2026-07-20T19:10:08.710,1784563808.711,280.003,1.000956e-01,4.102743e-03,8.740234e-02,1.130371e-01,2000,0,2.001912e-02
2026-07-20T19:10:08.810,1784563808.811,280.103,1.004894e-01,4.115201e-03,8.886719e-02,1.154785e-01,2000,0,2.009788e-02
2026-07-20T19:10:08.910,1784563808.911,280.203,1.003704e-01,4.137390e-03,8.862305e-02,1.142578e-01,2000,0,2.007407e-02
2026-07-20T19:10:09.009,1784563809.010,280.303,1.001178e-01,4.150927e-03,8.813477e-02,1.127930e-01,2000,0,2.002356e-02
2026-07-20T19:10:09.110,1784563809.111,280.403,1.002273e-01,4.152013e-03,8.813477e-02,1.127930e-01,2000,0,2.004546e-02
2026-07-20T19:10:09.210,1784563809.211,280.503,1.003225e-01,4.148457e-03,8.764648e-02,1.154785e-01,2000,0,2.006450e-02
2026-07-20T19:10:09.309,1784563809.310,280.603,1.002373e-01,4.025810e-03,8.618164e-02,1.123047e-01,2000,0,2.004746e-02
2026-07-20T19:10:09.410,1784563809.411,280.703,1.004264e-01,3.984899e-03,8.691406e-02,1.127930e-01,2000,0,2.008528e-02
2026-07-20T19:10:09.510,1784563809.511,280.803,1.004485e-01,3.888816e-03,9.033203e-02,1.127930e-01,2000,0,2.008970e-02
2026-07-20T19:10:09.609,1784563809.610,280.903,1.004135e-01,3.919984e-03,8.764648e-02,1.132812e-01,2000,0,2.008269e-02
2026-07-20T19:10:09.709,1784563809.710,281.003,1.000889e-01,4.171553e-03,8.764648e-02,1.140137e-01,2000,0,2.001777e-02
2026-07-20T19:10:09.810,1784563809.811,281.103,1.002522e-01,3.944343e-03,8.666992e-02,1.105957e-01,2000,0,2.005044e-02
2026-07-20T19:10:09.910,1784563809.911,281.203,1.002720e-01,3.953814e-03,8.789062e-02,1.127930e-01,2000,0,2.005439e-02
2026-07-20T19:10:10.010,1784563810.011,281.303,1.001683e-01,3.999204e-03,8.544922e-02,1.132812e-01,2000,0,2.003367e-02
2026-07-20T19:10:10.110,1784563810.111,281.403,9.983008e-02,4.038154e-03,8.544922e-02,1.118164e-01,2000,0,1.996602e-02
2026-07-20T19:10:10.209,1784563810.210,281.503,9.944373e-02,3.892172e-03,8.276367e-02,1.108398e-01,2000,0,1.988875e-02
2026-07-20T19:10:10.310,1784563810.311,281.604,9.926514e-02,3.829032e-03,8.642578e-02,1.137695e-01,2000,0,1.985303e-02
2026-07-20T19:10:10.409,1784563810.410,281.703,9.934485e-02,3.968404e-03,8.447266e-02,1.108398e-01,2000,0,1.986897e-02
2026-07-20T19:10:10.510,1784563810.511,281.803,9.898633e-02,3.665081e-03,8.569336e-02,1.091309e-01,2000,0,1.979727e-02
2026-07-20T19:10:10.610,1784563810.611,281.903,9.906604e-02,3.846967e-03,8.496094e-02,1.101074e-01,2000,0,1.981321e-02
2026-07-20T19:10:10.710,1784563810.711,282.003,9.896973e-02,3.806704e-03,8.496094e-02,1.127930e-01,2000,0,1.979395e-02
2026-07-20T19:10:10.809,1784563810.810,282.103,9.834631e-02,3.941804e-03,8.325195e-02,1.103516e-01,2000,0,1.966926e-02
2026-07-20T19:10:10.909,1784563810.910,282.203,9.882666e-02,3.733401e-03,8.447266e-02,1.098633e-01,2000,0,1.976533e-02
2026-07-20T19:10:11.009,1784563811.010,282.303,9.800159e-02,3.856701e-03,8.471680e-02,1.115723e-01,2000,0,1.960032e-02
2026-07-20T19:10:11.110,1784563811.111,282.404,9.792883e-02,3.560044e-03,8.471680e-02,1.125488e-01,2000,0,1.958577e-02
2026-07-20T19:10:11.210,1784563811.211,282.504,9.793518e-02,3.578923e-03,8.276367e-02,1.088867e-01,2000,0,1.958704e-02
2026-07-20T19:10:11.310,1784563811.311,282.603,9.781921e-02,3.745430e-03,8.154297e-02,1.118164e-01,2000,0,1.956384e-02
2026-07-20T19:10:11.409,1784563811.410,282.703,9.751465e-02,3.722553e-03,8.300781e-02,1.086426e-01,2000,0,1.950293e-02
2026-07-20T19:10:11.510,1784563811.511,282.803,9.684497e-02,3.298164e-03,8.398438e-02,1.059570e-01,2000,0,1.936899e-02
2026-07-20T19:10:11.610,1784563811.610,282.903,9.754163e-02,3.545440e-03,8.203125e-02,1.098633e-01,2000,0,1.950833e-02
2026-07-20T19:10:11.709,1784563811.710,283.003,9.655188e-02,3.581814e-03,8.154297e-02,1.086426e-01,2000,0,1.931038e-02
2026-07-20T19:10:11.809,1784563811.810,283.103,9.679663e-02,3.436461e-03,8.422852e-02,1.103516e-01,2000,0,1.935933e-02
2026-07-20T19:10:11.910,1784563811.910,283.203,9.622729e-02,3.577684e-03,8.032227e-02,1.071777e-01,2000,0,1.924546e-02
2026-07-20T19:10:12.009,1784563812.010,283.303,9.597864e-02,3.254139e-03,8.300781e-02,1.071777e-01,2000,0,1.919573e-02
2026-07-20T19:10:12.111,1784563812.111,283.404,9.529797e-02,3.193034e-03,8.447266e-02,1.081543e-01,2000,0,1.905959e-02
2026-07-20T19:10:12.210,1784563812.210,283.503,9.508582e-02,3.264692e-03,7.836914e-02,1.086426e-01,2000,0,1.901716e-02
2026-07-20T19:10:12.309,1784563812.310,283.603,9.420300e-02,3.074434e-03,8.300781e-02,1.047363e-01,2000,0,1.884060e-02
2026-07-20T19:10:12.409,1784563812.410,283.703,9.416028e-02,3.246780e-03,8.129883e-02,1.071777e-01,2000,0,1.883206e-02
2026-07-20T19:10:12.510,1784563812.511,283.803,9.353369e-02,3.144831e-03,8.227539e-02,1.042480e-01,2000,0,1.870674e-02
2026-07-20T19:10:12.609,1784563812.610,283.903,9.215784e-02,3.196336e-03,7.934570e-02,1.013184e-01,2000,0,1.843157e-02
2026-07-20T19:10:12.709,1784563812.710,284.003,9.174268e-02,3.085755e-03,8.081055e-02,1.010742e-01,2000,0,1.834854e-02
2026-07-20T19:10:12.810,1784563812.810,284.103,9.065906e-02,3.289710e-03,7.568359e-02,1.000977e-01,2000,0,1.813181e-02
2026-07-20T19:10:12.909,1784563812.910,284.203,8.974194e-02,3.235937e-03,7.641602e-02,9.912109e-02,2000,0,1.794839e-02
2026-07-20T19:10:13.009,1784563813.010,284.303,8.952112e-02,3.148668e-03,7.861328e-02,9.936523e-02,2000,0,1.790422e-02
2026-07-20T19:10:13.109,1784563813.110,284.403,8.886633e-02,3.157924e-03,7.739258e-02,9.838867e-02,2000,0,1.777327e-02
2026-07-20T19:10:13.209,1784563813.210,284.503,8.742212e-02,3.207244e-03,7.543945e-02,9.814453e-02,2000,0,1.748442e-02
2026-07-20T19:10:13.311,1784563813.311,284.604,8.677161e-02,3.410584e-03,7.324219e-02,9.838867e-02,2000,0,1.735432e-02
2026-07-20T19:10:13.409,1784563813.410,284.703,8.600610e-02,3.261421e-03,7.519531e-02,1.005859e-01,2000,0,1.720122e-02
2026-07-20T19:10:13.509,1784563813.510,284.803,8.571326e-02,3.228910e-03,7.592773e-02,9.619141e-02,2000,0,1.714265e-02
2026-07-20T19:10:13.610,1784563813.610,284.903,8.503284e-02,3.256728e-03,7.519531e-02,9.472656e-02,2000,0,1.700657e-02
2026-07-20T19:10:13.709,1784563813.710,285.003,8.452051e-02,3.213475e-03,7.446289e-02,1.025391e-01,2000,0,1.690410e-02
2026-07-20T19:10:13.809,1784563813.810,285.103,8.362732e-02,3.298209e-03,7.446289e-02,9.423828e-02,2000,0,1.672546e-02
2026-07-20T19:10:13.910,1784563813.911,285.203,8.294861e-02,3.464154e-03,7.177734e-02,9.277344e-02,2000,0,1.658972e-02
2026-07-20T19:10:14.009,1784563814.010,285.303,8.253687e-02,3.347042e-03,7.104492e-02,9.375000e-02,2000,0,1.650737e-02
2026-07-20T19:10:14.110,1784563814.110,285.403,8.155005e-02,3.498214e-03,6.884766e-02,9.545898e-02,2000,0,1.631001e-02
2026-07-20T19:10:14.209,1784563814.210,285.503,8.083484e-02,3.426691e-03,6.933594e-02,9.399414e-02,2000,0,1.616697e-02
2026-07-20T19:10:14.307,1784563814.308,285.603,8.004041e-02,3.394939e-03,6.665039e-02,9.252930e-02,2000,0,1.600808e-02
2026-07-20T19:10:14.410,1784563814.410,285.703,7.901477e-02,3.319874e-03,6.665039e-02,9.960938e-02,2000,0,1.580295e-02
2026-07-20T19:10:14.510,1784563814.510,285.803,7.856836e-02,3.453741e-03,6.713867e-02,8.935547e-02,2000,0,1.571367e-02
2026-07-20T19:10:14.609,1784563814.610,285.903,7.805566e-02,3.308834e-03,6.884766e-02,9.033203e-02,2000,0,1.561113e-02
2026-07-20T19:10:14.709,1784563814.710,286.003,7.703186e-02,3.287827e-03,6.274414e-02,8.813477e-02,2000,0,1.540637e-02
2026-07-20T19:10:14.809,1784563814.810,286.103,7.670264e-02,3.356039e-03,6.372070e-02,8.740234e-02,2000,0,1.534053e-02
2026-07-20T19:10:14.909,1784563814.910,286.203,7.588818e-02,3.267006e-03,6.518555e-02,8.666992e-02,2000,0,1.517764e-02
2026-07-20T19:10:15.010,1784563815.010,286.303,7.506982e-02,3.121954e-03,6.542969e-02,8.691406e-02,2000,0,1.501396e-02
2026-07-20T19:10:15.109,1784563815.110,286.403,7.470776e-02,3.084657e-03,6.494141e-02,8.447266e-02,2000,0,1.494155e-02
2026-07-20T19:10:15.209,1784563815.210,286.503,7.445984e-02,3.159649e-03,6.445312e-02,8.544922e-02,2000,0,1.489197e-02
2026-07-20T19:10:15.310,1784563815.310,286.603,7.401306e-02,2.889296e-03,6.079102e-02,8.227539e-02,2000,0,1.480261e-02
2026-07-20T19:10:15.409,1784563815.410,286.703,7.409619e-02,2.902297e-03,6.079102e-02,8.496094e-02,2000,0,1.481924e-02
2026-07-20T19:10:15.509,1784563815.510,286.803,7.407910e-02,2.820314e-03,6.494141e-02,8.520508e-02,2000,0,1.481582e-02
2026-07-20T19:10:15.610,1784563815.610,286.903,7.346814e-02,2.832715e-03,5.932617e-02,8.569336e-02,2000,0,1.469363e-02
2026-07-20T19:10:15.709,1784563815.710,287.003,7.373926e-02,2.738902e-03,6.298828e-02,8.203125e-02,2000,0,1.474785e-02
2026-07-20T19:10:15.809,1784563815.810,287.103,7.395215e-02,2.684820e-03,6.518555e-02,8.520508e-02,2000,0,1.479043e-02
2026-07-20T19:10:15.910,1784563815.910,287.203,7.430896e-02,2.602646e-03,6.542969e-02,8.349609e-02,2000,0,1.486179e-02
2026-07-20T19:10:16.009,1784563816.010,287.303,7.498914e-02,2.724158e-03,6.567383e-02,8.642578e-02,2000,0,1.499783e-02
2026-07-20T19:10:16.107,1784563816.108,287.403,7.495178e-02,2.453820e-03,6.640625e-02,8.374023e-02,2000,0,1.499036e-02
2026-07-20T19:10:16.210,1784563816.210,287.503,7.529248e-02,2.626885e-03,6.250000e-02,8.984375e-02,2000,0,1.505850e-02
2026-07-20T19:10:16.310,1784563816.310,287.603,7.608398e-02,2.561888e-03,6.713867e-02,8.691406e-02,2000,0,1.521680e-02
2026-07-20T19:10:16.409,1784563816.410,287.703,7.645740e-02,2.492313e-03,6.420898e-02,8.447266e-02,2000,0,1.529148e-02
2026-07-20T19:10:16.509,1784563816.510,287.803,7.641113e-02,2.506358e-03,6.640625e-02,8.374023e-02,2000,0,1.528223e-02
2026-07-20T19:10:16.610,1784563816.610,287.903,7.684326e-02,2.628812e-03,6.616211e-02,8.691406e-02,2000,0,1.536865e-02
2026-07-20T19:10:16.709,1784563816.710,288.003,7.795056e-02,2.652372e-03,6.762695e-02,8.984375e-02,2000,0,1.559011e-02
2026-07-20T19:10:16.810,1784563816.810,288.103,7.831006e-02,2.701065e-03,6.933594e-02,8.813477e-02,2000,0,1.566201e-02
2026-07-20T19:10:16.909,1784563816.910,288.203,7.898279e-02,2.581593e-03,7.104492e-02,8.764648e-02,2000,0,1.579656e-02
2026-07-20T19:10:17.009,1784563817.010,288.303,7.975513e-02,2.759002e-03,6.958008e-02,9.765625e-02,2000,0,1.595103e-02
2026-07-20T19:10:17.109,1784563817.110,288.403,7.965076e-02,2.640844e-03,7.006836e-02,8.886719e-02,2000,0,1.593015e-02
2026-07-20T19:10:17.209,1784563817.210,288.503,8.088684e-02,2.906902e-03,7.055664e-02,9.130859e-02,2000,0,1.617737e-02
2026-07-20T19:10:17.309,1784563817.310,288.603,8.112988e-02,2.816002e-03,7.177734e-02,9.179688e-02,2000,0,1.622598e-02
2026-07-20T19:10:17.409,1784563817.410,288.703,8.136511e-02,2.713003e-03,7.006836e-02,9.472656e-02,2000,0,1.627302e-02
2026-07-20T19:10:17.511,1784563817.511,288.804,8.192261e-02,2.578938e-03,7.275391e-02,1.010742e-01,2000,0,1.638452e-02
2026-07-20T19:10:17.609,1784563817.610,288.903,8.233044e-02,2.996319e-03,7.348633e-02,9.399414e-02,2000,0,1.646609e-02
2026-07-20T19:10:17.709,1784563817.710,289.003,8.244189e-02,2.773795e-03,7.373047e-02,9.228516e-02,2000,0,1.648838e-02
2026-07-20T19:10:17.807,1784563817.808,289.103,8.306567e-02,3.071584e-03,7.055664e-02,9.497070e-02,2000,0,1.661313e-02
2026-07-20T19:10:17.909,1784563817.910,289.203,8.382288e-02,3.033018e-03,7.373047e-02,9.326172e-02,2000,0,1.676458e-02
2026-07-20T19:10:18.007,1784563818.008,289.303,8.355066e-02,2.925540e-03,7.495117e-02,9.204102e-02,2000,0,1.671013e-02
2026-07-20T19:10:18.109,1784563818.110,289.403,8.406226e-02,3.024431e-03,7.202148e-02,9.423828e-02,2000,0,1.681245e-02
2026-07-20T19:10:18.209,1784563818.210,289.503,8.456824e-02,2.947842e-03,7.495117e-02,9.472656e-02,2000,0,1.691365e-02
2026-07-20T19:10:18.310,1784563818.310,289.603,8.384375e-02,3.038361e-03,7.250977e-02,9.423828e-02,2000,0,1.676875e-02
2026-07-20T19:10:18.409,1784563818.410,289.703,8.452380e-02,3.123365e-03,7.421875e-02,9.716797e-02,2000,0,1.690476e-02
2026-07-20T19:10:18.510,1784563818.510,289.803,8.447131e-02,3.095617e-03,7.421875e-02,9.472656e-02,2000,0,1.689426e-02
2026-07-20T19:10:18.609,1784563818.610,289.903,8.392029e-02,3.098842e-03,7.397461e-02,9.570312e-02,2000,0,1.678406e-02
2026-07-20T19:10:18.709,1784563818.710,290.003,8.487292e-02,3.023606e-03,7.470703e-02,9.423828e-02,2000,0,1.697458e-02
2026-07-20T19:10:18.809,1784563818.810,290.103,8.549304e-02,3.003905e-03,7.690430e-02,9.594727e-02,2000,0,1.709861e-02
2026-07-20T19:10:18.910,1784563818.910,290.203,8.495007e-02,2.951361e-03,7.617188e-02,9.497070e-02,2000,0,1.699001e-02
2026-07-20T19:10:19.010,1784563819.010,290.303,8.565308e-02,3.029566e-03,7.641602e-02,9.521484e-02,2000,0,1.713062e-02
2026-07-20T19:10:19.110,1784563819.110,290.403,8.607019e-02,2.940958e-03,7.543945e-02,9.863281e-02,2000,0,1.721404e-02
2026-07-20T19:10:19.210,1784563819.210,290.503,8.579687e-02,3.019154e-03,7.519531e-02,9.741211e-02,2000,0,1.715938e-02
2026-07-20T19:10:19.307,1784563819.308,290.603,8.614954e-02,3.037616e-03,7.568359e-02,9.692383e-02,2000,0,1.722991e-02
2026-07-20T19:10:19.411,1784563819.411,290.704,8.695288e-02,3.083001e-03,7.763672e-02,9.960938e-02,2000,0,1.739058e-02
2026-07-20T19:10:19.509,1784563819.510,290.803,8.646765e-02,2.655899e-03,7.836914e-02,9.619141e-02,2000,0,1.729353e-02
2026-07-20T19:10:19.609,1784563819.610,290.903,8.709729e-02,2.822779e-03,7.714844e-02,1.005859e-01,2000,0,1.741946e-02
2026-07-20T19:10:19.709,1784563819.710,291.003,8.750195e-02,2.743065e-03,7.910156e-02,1.005859e-01,2000,0,1.750039e-02
2026-07-20T19:10:19.810,1784563819.810,291.103,8.631750e-02,2.933975e-03,7.543945e-02,9.960938e-02,2000,0,1.726350e-02
2026-07-20T19:10:19.907,1784563819.908,291.203,8.689624e-02,2.782086e-03,7.592773e-02,9.667969e-02,2000,0,1.737925e-02
2026-07-20T19:10:20.011,1784563820.011,291.303,8.775781e-02,2.887587e-03,7.519531e-02,9.643555e-02,2000,0,1.755156e-02
2026-07-20T19:10:20.109,1784563820.110,291.403,8.753503e-02,2.930065e-03,7.641602e-02,9.765625e-02,2000,0,1.750701e-02
2026-07-20T19:10:20.207,1784563820.208,291.503,8.778931e-02,2.792330e-03,7.885742e-02,9.692383e-02,2000,0,1.755786e-02
2026-07-20T19:10:20.309,1784563820.310,291.603,8.833606e-02,3.023331e-03,7.983398e-02,9.985352e-02,2000,0,1.766721e-02
2026-07-20T19:10:20.409,1784563820.410,291.703,8.804712e-02,2.998432e-03,7.788086e-02,1.000977e-01,2000,0,1.760942e-02
2026-07-20T19:10:20.509,1784563820.510,291.803,8.844141e-02,2.943494e-03,7.958984e-02,9.765625e-02,2000,0,1.768828e-02
2026-07-20T19:10:20.610,1784563820.610,291.903,8.817639e-02,3.153210e-03,7.006836e-02,9.912109e-02,2000,0,1.763528e-02
2026-07-20T19:10:20.710,1784563820.711,292.003,8.818213e-02,3.166254e-03,7.592773e-02,9.863281e-02,2000,0,1.763643e-02
2026-07-20T19:10:20.810,1784563820.810,292.103,8.807263e-02,3.127295e-03,7.885742e-02,9.912109e-02,2000,0,1.761453e-02
2026-07-20T19:10:20.909,1784563820.910,292.203,8.845422e-02,3.069949e-03,7.812500e-02,9.912109e-02,2000,0,1.769084e-02
2026-07-20T19:10:21.007,1784563821.008,292.303,8.804529e-02,3.184844e-03,7.763672e-02,9.985352e-02,2000,0,1.760906e-02
2026-07-20T19:10:21.109,1784563821.110,292.403,8.787854e-02,3.202508e-03,7.714844e-02,9.912109e-02,2000,0,1.757571e-02
2026-07-20T19:10:21.209,1784563821.210,292.503,8.770752e-02,3.254263e-03,7.885742e-02,9.838867e-02,2000,0,1.754150e-02
2026-07-20T19:10:21.309,1784563821.310,292.603,8.635986e-02,3.166703e-03,7.397461e-02,9.716797e-02,2000,0,1.727197e-02
2026-07-20T19:10:21.407,1784563821.408,292.703,8.669409e-02,3.161486e-03,7.739258e-02,9.667969e-02,2000,0,1.733882e-02
2026-07-20T19:10:21.507,1784563821.508,292.803,8.688452e-02,3.083790e-03,7.519531e-02,1.008301e-01,2000,0,1.737690e-02
2026-07-20T19:10:21.610,1784563821.610,292.903,8.697900e-02,3.135618e-03,7.373047e-02,9.814453e-02,2000,0,1.739580e-02
2026-07-20T19:10:21.711,1784563821.711,293.004,8.700989e-02,3.267998e-03,7.641602e-02,1.091309e-01,2000,0,1.740198e-02
2026-07-20T19:10:21.809,1784563821.810,293.103,8.648914e-02,3.161382e-03,7.592773e-02,9.741211e-02,2000,0,1.729783e-02
2026-07-20T19:10:21.909,1784563821.910,293.203,8.596570e-02,3.184142e-03,7.470703e-02,9.814453e-02,2000,0,1.719314e-02
2026-07-20T19:10:22.009,1784563822.010,293.303,8.620862e-02,3.076843e-03,7.592773e-02,9.643555e-02,2000,0,1.724172e-02
2026-07-20T19:10:22.109,1784563822.110,293.403,8.553625e-02,3.020804e-03,7.739258e-02,9.790039e-02,2000,0,1.710725e-02
2026-07-20T19:10:22.207,1784563822.208,293.503,8.492896e-02,3.040574e-03,7.519531e-02,1.049805e-01,2000,0,1.698579e-02
2026-07-20T19:10:22.307,1784563822.308,293.603,8.434253e-02,3.046665e-03,7.592773e-02,9.545898e-02,2000,0,1.686851e-02
2026-07-20T19:10:22.410,1784563822.410,293.703,8.400513e-02,3.137343e-03,7.568359e-02,9.570312e-02,2000,0,1.680103e-02
2026-07-20T19:10:22.507,1784563822.508,293.803,8.333044e-02,3.072839e-03,7.373047e-02,9.423828e-02,2000,0,1.666609e-02
2026-07-20T19:10:22.609,1784563822.610,293.903,8.324634e-02,3.107187e-03,7.055664e-02,9.448242e-02,2000,0,1.664927e-02
2026-07-20T19:10:22.709,1784563822.710,294.003,8.271777e-02,3.129876e-03,7.202148e-02,9.301758e-02,2000,0,1.654355e-02
2026-07-20T19:10:22.810,1784563822.810,294.103,8.119165e-02,3.061131e-03,7.080078e-02,9.179688e-02,2000,0,1.623833e-02
2026-07-20T19:10:22.909,1784563822.910,294.203,8.165540e-02,3.063925e-03,7.202148e-02,9.326172e-02,2000,0,1.633108e-02
2026-07-20T19:10:23.009,1784563823.010,294.303,8.048145e-02,3.083370e-03,6.909180e-02,9.350586e-02,2000,0,1.609629e-02
2026-07-20T19:10:23.109,1784563823.110,294.403,7.999573e-02,3.118906e-03,7.031250e-02,9.179688e-02,2000,0,1.599915e-02
2026-07-20T19:10:23.207,1784563823.208,294.503,7.930444e-02,3.156536e-03,6.860352e-02,9.106445e-02,2000,0,1.586089e-02
2026-07-20T19:10:23.307,1784563823.308,294.603,7.840283e-02,3.198158e-03,6.811523e-02,8.984375e-02,2000,0,1.568057e-02
2026-07-20T19:10:23.407,1784563823.408,294.703,7.763513e-02,3.326307e-03,6.567383e-02,9.033203e-02,2000,0,1.552703e-02
2026-07-20T19:10:23.509,1784563823.510,294.803,7.740759e-02,3.211649e-03,6.616211e-02,8.862305e-02,2000,0,1.548152e-02
2026-07-20T19:10:23.609,1784563823.610,294.903,7.713245e-02,3.130576e-03,6.616211e-02,8.789062e-02,2000,0,1.542649e-02
2026-07-20T19:10:23.707,1784563823.708,295.003,7.649609e-02,3.322694e-03,6.567383e-02,8.862305e-02,2000,0,1.529922e-02
2026-07-20T19:10:23.810,1784563823.810,295.103,7.524487e-02,3.483869e-03,6.201172e-02,8.862305e-02,2000,0,1.504897e-02
2026-07-20T19:10:23.907,1784563823.908,295.203,7.544006e-02,3.311050e-03,6.469727e-02,8.544922e-02,2000,0,1.508801e-02
2026-07-20T19:10:24.009,1784563824.010,295.303,7.494763e-02,3.307770e-03,6.347656e-02,8.715820e-02,2000,0,1.498953e-02
2026-07-20T19:10:24.111,1784563824.111,295.404,7.468567e-02,3.241750e-03,6.225586e-02,8.593750e-02,2000,0,1.493713e-02
2026-07-20T19:10:24.209,1784563824.210,295.503,7.412012e-02,3.335606e-03,6.054688e-02,8.447266e-02,2000,0,1.482402e-02
2026-07-20T19:10:24.310,1784563824.310,295.603,7.377905e-02,3.208953e-03,6.347656e-02,8.398438e-02,2000,0,1.475581e-02
2026-07-20T19:10:24.409,1784563824.410,295.703,7.349622e-02,3.375025e-03,6.250000e-02,8.349609e-02,2000,0,1.469924e-02
2026-07-20T19:10:24.509,1784563824.510,295.803,7.314185e-02,3.295176e-03,6.005859e-02,8.447266e-02,2000,0,1.462837e-02
2026-07-20T19:10:24.610,1784563824.610,295.903,7.288354e-02,3.195800e-03,6.176758e-02,8.496094e-02,2000,0,1.457671e-02
2026-07-20T19:10:24.710,1784563824.710,296.003,7.294849e-02,3.319413e-03,6.103516e-02,8.325195e-02,2000,0,1.458970e-02
2026-07-20T19:10:24.807,1784563824.808,296.103,7.296118e-02,3.245181e-03,6.152344e-02,8.300781e-02,2000,0,1.459224e-02
2026-07-20T19:10:24.909,1784563824.910,296.203,7.272571e-02,3.282100e-03,6.127930e-02,8.251953e-02,2000,0,1.454514e-02
2026-07-20T19:10:25.009,1784563825.010,296.303,7.252759e-02,3.368457e-03,6.079102e-02,8.374023e-02,2000,0,1.450552e-02
2026-07-20T19:10:25.109,1784563825.110,296.403,7.247034e-02,3.303588e-03,6.201172e-02,8.227539e-02,2000,0,1.449407e-02
2026-07-20T19:10:25.209,1784563825.210,296.503,7.182971e-02,3.270960e-03,6.005859e-02,8.349609e-02,2000,0,1.436594e-02
2026-07-20T19:10:25.309,1784563825.310,296.603,7.193433e-02,3.332654e-03,6.030273e-02,8.251953e-02,2000,0,1.438687e-02
2026-07-20T19:10:25.407,1784563825.408,296.703,7.211279e-02,3.357285e-03,6.127930e-02,8.349609e-02,2000,0,1.442256e-02
2026-07-20T19:10:25.509,1784563825.510,296.803,7.182129e-02,3.480452e-03,6.054688e-02,8.300781e-02,2000,0,1.436426e-02
2026-07-20T19:10:25.610,1784563825.610,296.903,7.200964e-02,3.405391e-03,5.883789e-02,8.227539e-02,2000,0,1.440193e-02
2026-07-20T19:10:25.710,1784563825.710,297.003,7.154773e-02,3.338439e-03,6.127930e-02,9.106445e-02,2000,0,1.430955e-02
2026-07-20T19:10:25.807,1784563825.808,297.103,7.151135e-02,3.427516e-03,6.054688e-02,8.325195e-02,2000,0,1.430227e-02
2026-07-20T19:10:25.909,1784563825.910,297.203,7.132996e-02,3.496929e-03,5.981445e-02,8.129883e-02,2000,0,1.426599e-02
2026-07-20T19:10:26.007,1784563826.008,297.303,7.071973e-02,3.406350e-03,6.127930e-02,8.227539e-02,2000,0,1.414395e-02
2026-07-20T19:10:26.110,1784563826.110,297.403,7.054504e-02,3.566821e-03,6.127930e-02,8.129883e-02,2000,0,1.410901e-02
2026-07-20T19:10:26.209,1784563826.210,297.503,7.005725e-02,3.527375e-03,5.932617e-02,8.666992e-02,2000,0,1.401145e-02
2026-07-20T19:10:26.309,1784563826.310,297.603,6.998120e-02,3.450663e-03,5.712891e-02,8.081055e-02,2000,0,1.399624e-02
2026-07-20T19:10:26.409,1784563826.410,297.703,6.925037e-02,3.482824e-03,5.859375e-02,8.081055e-02,2000,0,1.385007e-02
2026-07-20T19:10:26.509,1784563826.510,297.803,6.929724e-02,3.562089e-03,5.786133e-02,8.032227e-02,2000,0,1.385945e-02
2026-07-20T19:10:26.607,1784563826.608,297.903,6.908350e-02,3.543690e-03,5.883789e-02,8.032227e-02,2000,0,1.381670e-02
2026-07-20T19:10:26.709,1784563826.710,298.003,6.881360e-02,3.408146e-03,5.859375e-02,8.032227e-02,2000,0,1.376272e-02
2026-07-20T19:10:26.809,1784563826.810,298.103,6.891943e-02,3.510234e-03,5.883789e-02,8.691406e-02,2000,0,1.378389e-02
2026-07-20T19:10:26.909,1784563826.910,298.203,6.914282e-02,3.466593e-03,5.712891e-02,8.154297e-02,2000,0,1.382856e-02
2026-07-20T19:10:27.007,1784563827.008,298.303,6.742371e-02,3.535654e-03,4.980469e-02,7.763672e-02,2000,0,1.348474e-02
2026-07-20T19:10:27.110,1784563827.110,298.403,6.855933e-02,3.554148e-03,5.493164e-02,8.105469e-02,2000,0,1.371187e-02
2026-07-20T19:10:27.207,1784563827.208,298.503,6.854980e-02,3.421974e-03,5.957031e-02,8.227539e-02,2000,0,1.370996e-02
2026-07-20T19:10:27.309,1784563827.310,298.603,6.805798e-02,3.348578e-03,5.444336e-02,7.739258e-02,2000,0,1.361160e-02
2026-07-20T19:10:27.407,1784563827.408,298.703,6.852002e-02,3.401695e-03,5.737305e-02,8.691406e-02,2000,0,1.370400e-02
2026-07-20T19:10:27.509,1784563827.510,298.803,6.823242e-02,3.484936e-03,5.664062e-02,7.958984e-02,2000,0,1.364648e-02
2026-07-20T19:10:27.609,1784563827.610,298.903,6.834949e-02,3.347139e-03,5.761719e-02,7.739258e-02,2000,0,1.366990e-02
2026-07-20T19:10:27.709,1784563827.710,299.003,6.831763e-02,3.361629e-03,5.712891e-02,7.885742e-02,2000,0,1.366353e-02
2026-07-20T19:10:27.809,1784563827.810,299.103,6.862024e-02,3.372039e-03,5.834961e-02,7.958984e-02,2000,0,1.372405e-02
2026-07-20T19:10:27.910,1784563827.910,299.203,6.752100e-02,3.563907e-03,5.493164e-02,8.398438e-02,2000,0,1.350420e-02
2026-07-20T19:10:28.009,1784563828.010,299.303,6.786877e-02,3.322954e-03,5.688477e-02,7.836914e-02,2000,0,1.357375e-02
2026-07-20T19:10:28.108,1784563828.108,299.403,6.767529e-02,3.596505e-03,5.517578e-02,7.983398e-02,2000,0,1.353506e-02
2026-07-20T19:10:28.207,1784563828.208,299.503,6.742358e-02,3.425269e-03,5.444336e-02,7.861328e-02,2000,0,1.348472e-02
2026-07-20T19:10:28.309,1784563828.310,299.603,6.767346e-02,3.337566e-03,5.810547e-02,8.837891e-02,2000,0,1.353469e-02
2026-07-20T19:10:28.409,1784563828.410,299.703,6.756848e-02,3.426078e-03,5.566406e-02,7.763672e-02,2000,0,1.351370e-02
2026-07-20T19:10:28.509,1784563828.510,299.803,6.732922e-02,3.310670e-03,5.737305e-02,7.788086e-02,2000,0,1.346584e-02
2026-07-20T19:10:28.609,1784563828.610,299.903,6.689844e-02,3.805852e-03,5.444336e-02,7.910156e-02,2000,0,1.337969e-02
