# board,CSE142502
# channel,1
# input_range_mv,4000
# impedance_ohm,1000000
# sample_rate,1000000
# samples_per_reading,2000
# rate_hz,10.0
# duration_s,300.0
# start,2026-07-20T18:07:45
# value,mean_v = raw volts at DAQ input. r_v = R in volts = mean_v × 0.02 (SEN full-scale = 20 mV; ±1.0 V output = full scale).
# param:Laser.wavelength,1297.6,cm^-1
# param:Laser.power,3.21,W
# param:Laser.rep_rate,12458.8,Hz
# param:Laser.pulse_width,500,ns
# param:Lock-in.sensitivity,20 mV
# param:Lock-in.time_constant,3 s
# param:Lock-in.mod_frequency,12447.8,Hz
# param:Gas.gas_type,N2
# param:Gas.concentration,100,%
# param:Gas.adm_pressure,600,torr
# param:General.operator,burak
# param:General.notes,laser open-3
iso_time,epoch_s,elapsed_s,mean_v,std_v,min_v,max_v,n,clipped,r_v
2026-07-20T18:07:48.094,1784560068.095,0.003,1.647253e-01,3.378017e-03,1.513672e-01,1.787109e-01,2000,0,3.294507e-03
2026-07-20T18:07:48.198,1784560068.198,0.103,1.705576e-01,3.412761e-03,1.606445e-01,1.835938e-01,2000,0,3.411152e-03
2026-07-20T18:07:48.298,1784560068.298,0.203,1.741791e-01,3.461102e-03,1.633301e-01,1.862793e-01,2000,0,3.483582e-03
2026-07-20T18:07:48.398,1784560068.398,0.303,1.784653e-01,3.290052e-03,1.679688e-01,1.887207e-01,2000,0,3.569307e-03
2026-07-20T18:07:48.498,1784560068.498,0.403,1.831323e-01,3.342159e-03,1.728516e-01,1.953125e-01,2000,0,3.662646e-03
2026-07-20T18:07:48.598,1784560068.598,0.503,1.876284e-01,3.212239e-03,1.750488e-01,1.984863e-01,2000,0,3.752568e-03
2026-07-20T18:07:48.698,1784560068.698,0.603,1.912561e-01,3.168610e-03,1.791992e-01,2.023926e-01,2000,0,3.825122e-03
2026-07-20T18:07:48.798,1784560068.798,0.703,1.972466e-01,3.258504e-03,1.857910e-01,2.077637e-01,2000,0,3.944932e-03
2026-07-20T18:07:48.900,1784560068.900,0.803,2.015684e-01,3.361371e-03,1.801758e-01,2.114258e-01,2000,0,4.031367e-03
2026-07-20T18:07:48.998,1784560068.998,0.903,2.060963e-01,3.219385e-03,1.899414e-01,2.160645e-01,2000,0,4.121926e-03
2026-07-20T18:07:49.098,1784560069.098,1.003,2.111223e-01,3.256757e-03,1.992188e-01,2.236328e-01,2000,0,4.222446e-03
2026-07-20T18:07:49.198,1784560069.198,1.103,2.152863e-01,3.244631e-03,2.055664e-01,2.248535e-01,2000,0,4.305725e-03
2026-07-20T18:07:49.298,1784560069.298,1.203,2.198988e-01,3.280534e-03,2.087402e-01,2.314453e-01,2000,0,4.397976e-03
2026-07-20T18:07:49.398,1784560069.398,1.303,2.248298e-01,3.234293e-03,2.141113e-01,2.365723e-01,2000,0,4.496597e-03
2026-07-20T18:07:49.498,1784560069.498,1.403,2.301372e-01,3.212837e-03,2.194824e-01,2.419434e-01,2000,0,4.602744e-03
2026-07-20T18:07:49.598,1784560069.598,1.503,2.339135e-01,3.236724e-03,2.238770e-01,2.470703e-01,2000,0,4.678269e-03
2026-07-20T18:07:49.698,1784560069.698,1.603,2.384854e-01,3.087487e-03,2.280273e-01,2.500000e-01,2000,0,4.769707e-03
2026-07-20T18:07:49.798,1784560069.798,1.703,2.437797e-01,3.225832e-03,2.304688e-01,2.558594e-01,2000,0,4.875593e-03
2026-07-20T18:07:49.898,1784560069.898,1.803,2.471415e-01,3.253860e-03,2.368164e-01,2.575684e-01,2000,0,4.942830e-03
2026-07-20T18:07:49.998,1784560069.998,1.903,2.516919e-01,3.127651e-03,2.407227e-01,2.636719e-01,2000,0,5.033838e-03
2026-07-20T18:07:50.098,1784560070.099,2.003,2.564491e-01,3.193914e-03,2.438965e-01,2.670898e-01,2000,0,5.128982e-03
2026-07-20T18:07:50.198,1784560070.198,2.103,2.596250e-01,3.346929e-03,2.473145e-01,2.709961e-01,2000,0,5.192500e-03
2026-07-20T18:07:50.298,1784560070.298,2.203,2.643889e-01,3.325864e-03,2.514648e-01,2.751465e-01,2000,0,5.287778e-03
2026-07-20T18:07:50.398,1784560070.398,2.303,2.680634e-01,3.227280e-03,2.563477e-01,2.795410e-01,2000,0,5.361267e-03
2026-07-20T18:07:50.498,1784560070.498,2.403,2.713047e-01,3.247202e-03,2.604980e-01,2.832031e-01,2000,0,5.426094e-03
2026-07-20T18:07:50.598,1784560070.599,2.503,2.758777e-01,3.336653e-03,2.651367e-01,2.866211e-01,2000,0,5.517554e-03
2026-07-20T18:07:50.698,1784560070.698,2.603,2.796848e-01,3.273753e-03,2.683105e-01,2.900391e-01,2000,0,5.593696e-03
2026-07-20T18:07:50.798,1784560070.799,2.703,2.828632e-01,3.396736e-03,2.683105e-01,2.934570e-01,2000,0,5.657263e-03
2026-07-20T18:07:50.898,1784560070.898,2.803,2.870006e-01,3.135045e-03,2.773438e-01,2.985840e-01,2000,0,5.740012e-03
2026-07-20T18:07:51.000,1784560071.000,2.903,2.903546e-01,3.208698e-03,2.805176e-01,2.990723e-01,2000,0,5.807092e-03
2026-07-20T18:07:51.098,1784560071.098,3.003,2.932561e-01,3.252643e-03,2.810059e-01,3.034668e-01,2000,0,5.865122e-03
2026-07-20T18:07:51.198,1784560071.198,3.103,2.959650e-01,3.133241e-03,2.863770e-01,3.056641e-01,2000,0,5.919299e-03
2026-07-20T18:07:51.298,1784560071.298,3.203,3.000487e-01,3.159820e-03,2.897949e-01,3.125000e-01,2000,0,6.000974e-03
2026-07-20T18:07:51.398,1784560071.398,3.303,3.030796e-01,2.955268e-03,2.915039e-01,3.129883e-01,2000,0,6.061592e-03
2026-07-20T18:07:51.498,1784560071.499,3.403,3.058091e-01,3.055692e-03,2.917480e-01,3.149414e-01,2000,0,6.116182e-03
2026-07-20T18:07:51.598,1784560071.598,3.503,3.091136e-01,2.871261e-03,2.993164e-01,3.222656e-01,2000,0,6.182273e-03
2026-07-20T18:07:51.698,1784560071.698,3.603,3.120179e-01,2.806926e-03,3.022461e-01,3.212891e-01,2000,0,6.240359e-03
2026-07-20T18:07:51.798,1784560071.798,3.703,3.142568e-01,2.905013e-03,3.041992e-01,3.232422e-01,2000,0,6.285137e-03
2026-07-20T18:07:51.898,1784560071.898,3.803,3.168387e-01,2.866125e-03,3.078613e-01,3.286133e-01,2000,0,6.336775e-03
2026-07-20T18:07:51.998,1784560071.998,3.903,3.186593e-01,2.670281e-03,3.076172e-01,3.276367e-01,2000,0,6.373186e-03
2026-07-20T18:07:52.098,1784560072.099,4.003,3.212120e-01,2.663740e-03,3.122559e-01,3.310547e-01,2000,0,6.424241e-03
2026-07-20T18:07:52.198,1784560072.198,4.103,3.230599e-01,2.735010e-03,3.129883e-01,3.347168e-01,2000,0,6.461199e-03
2026-07-20T18:07:52.298,1784560072.298,4.203,3.257738e-01,2.668268e-03,3.156738e-01,3.361816e-01,2000,0,6.515476e-03
2026-07-20T18:07:52.398,1784560072.398,4.303,3.273962e-01,2.512488e-03,3.183594e-01,3.356934e-01,2000,0,6.547925e-03
2026-07-20T18:07:52.498,1784560072.498,4.403,3.290886e-01,2.483202e-03,3.208008e-01,3.381348e-01,2000,0,6.581772e-03
2026-07-20T18:07:52.598,1784560072.598,4.503,3.311053e-01,2.372130e-03,3.232422e-01,3.415527e-01,2000,0,6.622107e-03
2026-07-20T18:07:52.698,1784560072.698,4.603,3.307490e-01,2.440338e-03,3.103027e-01,3.442383e-01,2000,0,6.614980e-03
2026-07-20T18:07:52.798,1784560072.798,4.703,3.328326e-01,2.380974e-03,3.254395e-01,3.415527e-01,2000,0,6.656653e-03
2026-07-20T18:07:52.898,1784560072.898,4.803,3.340663e-01,2.500624e-03,3.239746e-01,3.425293e-01,2000,0,6.681326e-03
2026-07-20T18:07:52.998,1784560072.998,4.903,3.345911e-01,2.424364e-03,3.264160e-01,3.427734e-01,2000,0,6.691821e-03
2026-07-20T18:07:53.098,1784560073.098,5.003,3.349149e-01,2.464418e-03,3.261719e-01,3.461914e-01,2000,0,6.698298e-03
2026-07-20T18:07:53.198,1784560073.198,5.103,3.354023e-01,2.673447e-03,3.215332e-01,3.442383e-01,2000,0,6.708047e-03
2026-07-20T18:07:53.298,1784560073.298,5.203,3.355402e-01,2.607380e-03,3.273926e-01,3.471680e-01,2000,0,6.710803e-03
2026-07-20T18:07:53.398,1784560073.398,5.303,3.348271e-01,2.606419e-03,3.222656e-01,3.447266e-01,2000,0,6.696543e-03
2026-07-20T18:07:53.498,1784560073.498,5.403,3.346637e-01,2.707631e-03,3.242188e-01,3.481445e-01,2000,0,6.693274e-03
2026-07-20T18:07:53.598,1784560073.598,5.503,3.339513e-01,2.674528e-03,3.171387e-01,3.430176e-01,2000,0,6.679026e-03
2026-07-20T18:07:53.700,1784560073.700,5.603,3.326228e-01,2.771540e-03,3.222656e-01,3.422852e-01,2000,0,6.652456e-03
2026-07-20T18:07:53.798,1784560073.798,5.703,3.321710e-01,2.786218e-03,3.212891e-01,3.466797e-01,2000,0,6.643420e-03
2026-07-20T18:07:53.898,1784560073.898,5.803,3.309709e-01,2.780679e-03,3.210449e-01,3.413086e-01,2000,0,6.619419e-03
2026-07-20T18:07:53.998,1784560073.998,5.903,3.291262e-01,2.974799e-03,3.183594e-01,3.395996e-01,2000,0,6.582524e-03
2026-07-20T18:07:54.098,1784560074.098,6.003,3.273604e-01,3.050709e-03,3.161621e-01,3.376465e-01,2000,0,6.547207e-03
2026-07-20T18:07:54.198,1784560074.199,6.103,3.244525e-01,3.129105e-03,3.139648e-01,3.344727e-01,2000,0,6.489050e-03
2026-07-20T18:07:54.298,1784560074.298,6.203,3.230642e-01,3.056203e-03,3.137207e-01,3.361816e-01,2000,0,6.461284e-03
2026-07-20T18:07:54.398,1784560074.398,6.303,3.212400e-01,3.053140e-03,3.117676e-01,3.315430e-01,2000,0,6.424800e-03
2026-07-20T18:07:54.498,1784560074.498,6.403,3.186637e-01,3.058243e-03,3.088379e-01,3.283691e-01,2000,0,6.373274e-03
2026-07-20T18:07:54.598,1784560074.598,6.503,3.158766e-01,3.030962e-03,3.054199e-01,3.251953e-01,2000,0,6.317532e-03
2026-07-20T18:07:54.698,1784560074.698,6.603,3.129185e-01,2.990799e-03,3.027344e-01,3.264160e-01,2000,0,6.258369e-03
2026-07-20T18:07:54.800,1784560074.800,6.703,3.109176e-01,3.205332e-03,2.995605e-01,3.242188e-01,2000,0,6.218352e-03
2026-07-20T18:07:54.900,1784560074.900,6.803,3.074434e-01,3.146811e-03,2.961426e-01,3.181152e-01,2000,0,6.148867e-03
2026-07-20T18:07:54.998,1784560074.998,6.903,3.045593e-01,3.127501e-03,2.932129e-01,3.159180e-01,2000,0,6.091187e-03
2026-07-20T18:07:55.098,1784560075.098,7.003,3.027021e-01,2.932469e-03,2.917480e-01,3.120117e-01,2000,0,6.054043e-03
2026-07-20T18:07:55.200,1784560075.200,7.103,2.989196e-01,3.136283e-03,2.890625e-01,3.093262e-01,2000,0,5.978391e-03
2026-07-20T18:07:55.298,1784560075.298,7.203,2.965305e-01,3.256200e-03,2.846680e-01,3.061523e-01,2000,0,5.930610e-03
2026-07-20T18:07:55.398,1784560075.398,7.303,2.943710e-01,3.179792e-03,2.849121e-01,3.046875e-01,2000,0,5.887419e-03
2026-07-20T18:07:55.498,1784560075.498,7.403,2.912042e-01,3.163923e-03,2.800293e-01,3.046875e-01,2000,0,5.824084e-03
2026-07-20T18:07:55.598,1784560075.598,7.503,2.881526e-01,3.059243e-03,2.761230e-01,3.027344e-01,2000,0,5.763052e-03
2026-07-20T18:07:55.700,1784560075.700,7.603,2.866378e-01,3.019111e-03,2.746582e-01,2.968750e-01,2000,0,5.732756e-03
2026-07-20T18:07:55.798,1784560075.799,7.703,2.836536e-01,3.074515e-03,2.739258e-01,2.998047e-01,2000,0,5.673071e-03
2026-07-20T18:07:55.898,1784560075.898,7.803,2.809414e-01,2.914791e-03,2.683105e-01,2.902832e-01,2000,0,5.618828e-03
2026-07-20T18:07:55.998,1784560075.998,7.903,2.793055e-01,3.083683e-03,2.705078e-01,2.888184e-01,2000,0,5.586111e-03
2026-07-20T18:07:56.098,1784560076.098,8.003,2.762621e-01,3.161976e-03,2.604980e-01,2.875977e-01,2000,0,5.525242e-03
2026-07-20T18:07:56.198,1784560076.198,8.103,2.733778e-01,3.199572e-03,2.612305e-01,2.856445e-01,2000,0,5.467556e-03
2026-07-20T18:07:56.298,1784560076.298,8.203,2.716482e-01,3.079810e-03,2.607422e-01,2.827148e-01,2000,0,5.432964e-03
2026-07-20T18:07:56.398,1784560076.399,8.303,2.687960e-01,3.086273e-03,2.573242e-01,2.810059e-01,2000,0,5.375920e-03
2026-07-20T18:07:56.498,1784560076.498,8.403,2.661344e-01,3.116482e-03,2.563477e-01,2.778320e-01,2000,0,5.322688e-03
2026-07-20T18:07:56.598,1784560076.599,8.503,2.643964e-01,3.183143e-03,2.541504e-01,2.758789e-01,2000,0,5.287927e-03
2026-07-20T18:07:56.698,1784560076.699,8.603,2.616995e-01,3.241097e-03,2.504883e-01,2.717285e-01,2000,0,5.233989e-03
2026-07-20T18:07:56.800,1784560076.801,8.703,2.599694e-01,3.226733e-03,2.497559e-01,2.709961e-01,2000,0,5.199387e-03
2026-07-20T18:07:56.900,1784560076.901,8.803,2.579518e-01,3.192040e-03,2.456055e-01,2.668457e-01,2000,0,5.159036e-03
2026-07-20T18:07:57.000,1784560077.001,8.903,2.566010e-01,3.054999e-03,2.402344e-01,2.663574e-01,2000,0,5.132019e-03
2026-07-20T18:07:57.100,1784560077.100,9.003,2.555432e-01,3.110202e-03,2.456055e-01,2.668457e-01,2000,0,5.110864e-03
2026-07-20T18:07:57.200,1784560077.201,9.103,2.538506e-01,3.243553e-03,2.397461e-01,2.648926e-01,2000,0,5.077012e-03
2026-07-20T18:07:57.300,1784560077.301,9.203,2.529250e-01,3.133672e-03,2.419434e-01,2.631836e-01,2000,0,5.058501e-03
2026-07-20T18:07:57.400,1784560077.400,9.303,2.518840e-01,3.330967e-03,2.419434e-01,2.614746e-01,2000,0,5.037681e-03
2026-07-20T18:07:57.500,1784560077.500,9.403,2.510919e-01,3.354453e-03,2.399902e-01,2.617188e-01,2000,0,5.021838e-03
2026-07-20T18:07:57.600,1784560077.600,9.503,2.502994e-01,3.238019e-03,2.333984e-01,2.624512e-01,2000,0,5.005989e-03
2026-07-20T18:07:57.698,1784560077.698,9.603,2.501350e-01,3.174384e-03,2.373047e-01,2.609863e-01,2000,0,5.002700e-03
2026-07-20T18:07:57.800,1784560077.800,9.703,2.493900e-01,3.190508e-03,2.387695e-01,2.653809e-01,2000,0,4.987800e-03
2026-07-20T18:07:57.898,1784560077.898,9.803,2.493214e-01,3.227202e-03,2.385254e-01,2.612305e-01,2000,0,4.986428e-03
2026-07-20T18:07:57.998,1784560077.998,9.903,2.488927e-01,3.156123e-03,2.360840e-01,2.580566e-01,2000,0,4.977854e-03
2026-07-20T18:07:58.098,1784560078.099,10.003,2.488302e-01,3.304685e-03,2.346191e-01,2.617188e-01,2000,0,4.976604e-03
2026-07-20T18:07:58.198,1784560078.198,10.103,2.485269e-01,3.173583e-03,2.360840e-01,2.583008e-01,2000,0,4.970537e-03
2026-07-20T18:07:58.298,1784560078.298,10.203,2.477626e-01,3.120108e-03,2.365723e-01,2.570801e-01,2000,0,4.955251e-03
2026-07-20T18:07:58.398,1784560078.398,10.303,2.479833e-01,3.198267e-03,2.360840e-01,2.592773e-01,2000,0,4.959666e-03
2026-07-20T18:07:58.498,1784560078.499,10.403,2.474910e-01,3.213073e-03,2.348633e-01,2.565918e-01,2000,0,4.949819e-03
2026-07-20T18:07:58.598,1784560078.598,10.503,2.465275e-01,3.207896e-03,2.312012e-01,2.561035e-01,2000,0,4.930549e-03
2026-07-20T18:07:58.700,1784560078.700,10.603,2.457306e-01,3.174493e-03,2.343750e-01,2.546387e-01,2000,0,4.914612e-03
2026-07-20T18:07:58.800,1784560078.801,10.703,2.459543e-01,3.215240e-03,2.343750e-01,2.575684e-01,2000,0,4.919087e-03
2026-07-20T18:07:58.898,1784560078.898,10.803,2.450150e-01,3.188549e-03,2.331543e-01,2.639160e-01,2000,0,4.900300e-03
2026-07-20T18:07:58.998,1784560078.998,10.903,2.442299e-01,3.214785e-03,2.314453e-01,2.539062e-01,2000,0,4.884597e-03
2026-07-20T18:07:59.100,1784560079.101,11.003,2.435480e-01,3.191701e-03,2.312012e-01,2.548828e-01,2000,0,4.870959e-03
2026-07-20T18:07:59.198,1784560079.198,11.103,2.427350e-01,3.101554e-03,2.297363e-01,2.534180e-01,2000,0,4.854700e-03
2026-07-20T18:07:59.298,1784560079.299,11.203,2.426139e-01,3.088994e-03,2.312012e-01,2.529297e-01,2000,0,4.852278e-03
2026-07-20T18:07:59.398,1784560079.399,11.303,2.424655e-01,3.105526e-03,2.316895e-01,2.512207e-01,2000,0,4.849309e-03
2026-07-20T18:07:59.498,1784560079.499,11.403,2.414441e-01,3.277246e-03,2.292480e-01,2.514648e-01,2000,0,4.828882e-03
2026-07-20T18:07:59.598,1784560079.598,11.503,2.413092e-01,3.198284e-03,2.258301e-01,2.521973e-01,2000,0,4.826184e-03
2026-07-20T18:07:59.700,1784560079.700,11.603,2.407626e-01,3.151710e-03,2.282715e-01,2.531738e-01,2000,0,4.815251e-03
2026-07-20T18:07:59.800,1784560079.800,11.703,2.403301e-01,3.292174e-03,2.290039e-01,2.526855e-01,2000,0,4.806602e-03
2026-07-20T18:07:59.900,1784560079.900,11.803,2.399896e-01,3.219247e-03,2.280273e-01,2.502441e-01,2000,0,4.799792e-03
2026-07-20T18:08:00.000,1784560080.000,11.903,2.395496e-01,3.223313e-03,2.250977e-01,2.504883e-01,2000,0,4.790991e-03
2026-07-20T18:08:00.100,1784560080.100,12.003,2.386139e-01,3.316254e-03,2.268066e-01,2.504883e-01,2000,0,4.772278e-03
2026-07-20T18:08:00.200,1784560080.200,12.103,2.384235e-01,3.145496e-03,2.280273e-01,2.495117e-01,2000,0,4.768469e-03
2026-07-20T18:08:00.300,1784560080.301,12.203,2.376932e-01,3.193875e-03,2.233887e-01,2.478027e-01,2000,0,4.753865e-03
2026-07-20T18:08:00.398,1784560080.399,12.303,2.371226e-01,3.359028e-03,2.253418e-01,2.490234e-01,2000,0,4.742451e-03
2026-07-20T18:08:00.498,1784560080.499,12.403,2.366058e-01,3.262696e-03,2.236328e-01,2.478027e-01,2000,0,4.732117e-03
2026-07-20T18:08:00.600,1784560080.601,12.503,2.366050e-01,3.133990e-03,2.263184e-01,2.487793e-01,2000,0,4.732100e-03
2026-07-20T18:08:00.698,1784560080.698,12.603,2.348258e-01,3.026093e-03,2.236328e-01,2.473145e-01,2000,0,4.696516e-03
2026-07-20T18:08:00.798,1784560080.798,12.703,2.342467e-01,3.224268e-03,2.226562e-01,2.468262e-01,2000,0,4.684934e-03
2026-07-20T18:08:00.898,1784560080.899,12.803,2.339497e-01,3.253603e-03,2.221680e-01,2.456055e-01,2000,0,4.678994e-03
2026-07-20T18:08:00.998,1784560080.998,12.903,2.325203e-01,3.211740e-03,2.221680e-01,2.434082e-01,2000,0,4.650405e-03
2026-07-20T18:08:01.098,1784560081.098,13.003,2.317120e-01,3.071518e-03,2.229004e-01,2.438965e-01,2000,0,4.634241e-03
2026-07-20T18:08:01.198,1784560081.198,13.103,2.317128e-01,3.282801e-03,2.211914e-01,2.421875e-01,2000,0,4.634255e-03
2026-07-20T18:08:01.298,1784560081.298,13.203,2.309603e-01,3.104844e-03,2.202148e-01,2.465820e-01,2000,0,4.619207e-03
2026-07-20T18:08:01.400,1784560081.401,13.303,2.307201e-01,3.251222e-03,2.221680e-01,2.421875e-01,2000,0,4.614402e-03
2026-07-20T18:08:01.500,1784560081.500,13.403,2.303740e-01,3.291387e-03,2.204590e-01,2.407227e-01,2000,0,4.607480e-03
2026-07-20T18:08:01.600,1784560081.600,13.503,2.300256e-01,3.100238e-03,2.202148e-01,2.390137e-01,2000,0,4.600513e-03
2026-07-20T18:08:01.700,1784560081.700,13.603,2.296980e-01,3.267887e-03,2.185059e-01,2.404785e-01,2000,0,4.593960e-03
2026-07-20T18:08:01.800,1784560081.800,13.703,2.296072e-01,3.285185e-03,2.192383e-01,2.436523e-01,2000,0,4.592144e-03
2026-07-20T18:08:01.900,1784560081.900,13.803,2.292588e-01,3.132621e-03,2.197266e-01,2.387695e-01,2000,0,4.585176e-03
2026-07-20T18:08:02.000,1784560082.000,13.903,2.290229e-01,3.282579e-03,2.185059e-01,2.404785e-01,2000,0,4.580459e-03
2026-07-20T18:08:02.100,1784560082.101,14.003,2.288397e-01,3.224424e-03,2.175293e-01,2.390137e-01,2000,0,4.576794e-03
2026-07-20T18:08:02.198,1784560082.198,14.103,2.289065e-01,3.250912e-03,2.189941e-01,2.387695e-01,2000,0,4.578130e-03
2026-07-20T18:08:02.298,1784560082.298,14.203,2.291628e-01,3.246742e-03,2.189941e-01,2.441406e-01,2000,0,4.583257e-03
2026-07-20T18:08:02.398,1784560082.398,14.303,2.297478e-01,3.307811e-03,2.192383e-01,2.409668e-01,2000,0,4.594956e-03
2026-07-20T18:08:02.498,1784560082.499,14.403,2.295372e-01,3.381030e-03,2.182617e-01,2.409668e-01,2000,0,4.590745e-03
2026-07-20T18:08:02.598,1784560082.598,14.503,2.297953e-01,3.329018e-03,2.167969e-01,2.412109e-01,2000,0,4.595906e-03
2026-07-20T18:08:02.698,1784560082.698,14.603,2.306628e-01,3.532783e-03,2.197266e-01,2.424316e-01,2000,0,4.613257e-03
2026-07-20T18:08:02.798,1784560082.798,14.703,2.302681e-01,3.477623e-03,2.192383e-01,2.409668e-01,2000,0,4.605361e-03
2026-07-20T18:08:02.898,1784560082.899,14.803,2.322357e-01,3.411808e-03,2.207031e-01,2.465820e-01,2000,0,4.644714e-03
2026-07-20T18:08:03.000,1784560083.001,14.903,2.326147e-01,3.347914e-03,2.204590e-01,2.424316e-01,2000,0,4.652295e-03
2026-07-20T18:08:03.098,1784560083.098,15.003,2.331477e-01,3.464675e-03,2.224121e-01,2.448730e-01,2000,0,4.662954e-03
2026-07-20T18:08:03.198,1784560083.198,15.103,2.342488e-01,3.314740e-03,2.231445e-01,2.448730e-01,2000,0,4.684976e-03
2026-07-20T18:08:03.298,1784560083.299,15.203,2.352589e-01,3.424602e-03,2.231445e-01,2.468262e-01,2000,0,4.705178e-03
2026-07-20T18:08:03.398,1784560083.398,15.303,2.362175e-01,3.331324e-03,2.260742e-01,2.478027e-01,2000,0,4.724351e-03
2026-07-20T18:08:03.498,1784560083.498,15.403,2.372448e-01,3.349554e-03,2.275391e-01,2.475586e-01,2000,0,4.744895e-03
2026-07-20T18:08:03.598,1784560083.598,15.503,2.387852e-01,3.381598e-03,2.287598e-01,2.573242e-01,2000,0,4.775703e-03
2026-07-20T18:08:03.698,1784560083.698,15.603,2.389401e-01,3.325278e-03,2.260742e-01,2.509766e-01,2000,0,4.778801e-03
2026-07-20T18:08:03.798,1784560083.798,15.703,2.402286e-01,3.464939e-03,2.236328e-01,2.521973e-01,2000,0,4.804573e-03
2026-07-20T18:08:03.898,1784560083.898,15.803,2.417856e-01,3.343004e-03,2.319336e-01,2.565918e-01,2000,0,4.835713e-03
2026-07-20T18:08:03.998,1784560083.998,15.903,2.427583e-01,3.325476e-03,2.321777e-01,2.558594e-01,2000,0,4.855166e-03
2026-07-20T18:08:04.098,1784560084.098,16.003,2.439559e-01,3.368939e-03,2.336426e-01,2.558594e-01,2000,0,4.879119e-03
2026-07-20T18:08:04.198,1784560084.198,16.103,2.453418e-01,3.378421e-03,2.360840e-01,2.570801e-01,2000,0,4.906836e-03
2026-07-20T18:08:04.298,1784560084.298,16.203,2.456509e-01,3.473233e-03,2.346191e-01,2.575684e-01,2000,0,4.913018e-03
2026-07-20T18:08:04.399,1784560084.400,16.303,2.476818e-01,3.542707e-03,2.368164e-01,2.636719e-01,2000,0,4.953635e-03
2026-07-20T18:08:04.500,1784560084.500,16.403,2.489525e-01,3.404551e-03,2.351074e-01,2.604980e-01,2000,0,4.979050e-03
2026-07-20T18:08:04.598,1784560084.598,16.503,2.494154e-01,3.360256e-03,2.375488e-01,2.607422e-01,2000,0,4.988308e-03
2026-07-20T18:08:04.698,1784560084.698,16.603,2.515178e-01,3.323963e-03,2.416992e-01,2.639160e-01,2000,0,5.030356e-03
2026-07-20T18:08:04.800,1784560084.801,16.703,2.520764e-01,3.312017e-03,2.407227e-01,2.644043e-01,2000,0,5.041528e-03
2026-07-20T18:08:04.898,1784560084.899,16.803,2.539994e-01,3.090525e-03,2.402344e-01,2.653809e-01,2000,0,5.079988e-03
2026-07-20T18:08:04.998,1784560084.998,16.903,2.558911e-01,3.475204e-03,2.434082e-01,2.683105e-01,2000,0,5.117822e-03
2026-07-20T18:08:05.098,1784560085.099,17.003,2.574326e-01,3.312637e-03,2.460938e-01,2.683105e-01,2000,0,5.148652e-03
2026-07-20T18:08:05.200,1784560085.200,17.103,2.583824e-01,3.451717e-03,2.485352e-01,2.707520e-01,2000,0,5.167649e-03
2026-07-20T18:08:05.298,1784560085.298,17.203,2.608152e-01,3.452908e-03,2.502441e-01,2.717285e-01,2000,0,5.216304e-03
2026-07-20T18:08:05.398,1784560085.399,17.303,2.626450e-01,3.554813e-03,2.507324e-01,2.749023e-01,2000,0,5.252900e-03
2026-07-20T18:08:05.498,1784560085.498,17.403,2.634436e-01,3.425335e-03,2.509766e-01,2.751465e-01,2000,0,5.268872e-03
2026-07-20T18:08:05.598,1784560085.598,17.503,2.660942e-01,3.317312e-03,2.553711e-01,2.812500e-01,2000,0,5.321885e-03
2026-07-20T18:08:05.698,1784560085.698,17.603,2.673350e-01,3.475091e-03,2.568359e-01,2.800293e-01,2000,0,5.346699e-03
2026-07-20T18:08:05.798,1784560085.798,17.703,2.686941e-01,3.458336e-03,2.546387e-01,2.834473e-01,2000,0,5.373882e-03
2026-07-20T18:08:05.898,1784560085.898,17.803,2.706715e-01,3.465816e-03,2.551270e-01,2.836914e-01,2000,0,5.413430e-03
2026-07-20T18:08:05.998,1784560085.998,17.903,2.718776e-01,3.310215e-03,2.587891e-01,2.841797e-01,2000,0,5.437551e-03
2026-07-20T18:08:06.098,1784560086.098,18.003,2.731454e-01,3.417767e-03,2.600098e-01,2.841797e-01,2000,0,5.462908e-03
2026-07-20T18:08:06.198,1784560086.198,18.103,2.746506e-01,3.608156e-03,2.617188e-01,2.861328e-01,2000,0,5.493013e-03
2026-07-20T18:08:06.298,1784560086.298,18.203,2.756844e-01,3.490862e-03,2.639160e-01,2.856445e-01,2000,0,5.513689e-03
2026-07-20T18:08:06.398,1784560086.399,18.303,2.759766e-01,3.637155e-03,2.648926e-01,2.897949e-01,2000,0,5.519531e-03
2026-07-20T18:08:06.498,1784560086.498,18.403,2.771965e-01,3.532862e-03,2.636719e-01,2.873535e-01,2000,0,5.543931e-03
2026-07-20T18:08:06.598,1784560086.598,18.503,2.782755e-01,3.514793e-03,2.658691e-01,2.895508e-01,2000,0,5.565510e-03
2026-07-20T18:08:06.698,1784560086.698,18.603,2.786056e-01,3.652731e-03,2.651367e-01,2.929688e-01,2000,0,5.572112e-03
2026-07-20T18:08:06.798,1784560086.798,18.703,2.794738e-01,3.579351e-03,2.675781e-01,2.919922e-01,2000,0,5.589475e-03
2026-07-20T18:08:06.898,1784560086.899,18.803,2.804396e-01,3.555591e-03,2.653809e-01,2.917480e-01,2000,0,5.608792e-03
2026-07-20T18:08:06.998,1784560086.998,18.903,2.799780e-01,3.541865e-03,2.666016e-01,2.915039e-01,2000,0,5.599561e-03
2026-07-20T18:08:07.098,1784560087.098,19.003,2.807657e-01,3.591310e-03,2.687988e-01,2.919922e-01,2000,0,5.615315e-03
2026-07-20T18:08:07.198,1784560087.199,19.103,2.813320e-01,3.573623e-03,2.690430e-01,2.917480e-01,2000,0,5.626641e-03
2026-07-20T18:08:07.298,1784560087.298,19.203,2.809203e-01,3.570223e-03,2.675781e-01,2.929688e-01,2000,0,5.618406e-03
2026-07-20T18:08:07.398,1784560087.398,19.303,2.809966e-01,3.555567e-03,2.680664e-01,2.927246e-01,2000,0,5.619932e-03
2026-07-20T18:08:07.498,1784560087.498,19.403,2.806930e-01,3.365780e-03,2.692871e-01,2.917480e-01,2000,0,5.613860e-03
2026-07-20T18:08:07.598,1784560087.598,19.503,2.803312e-01,3.569429e-03,2.675781e-01,2.922363e-01,2000,0,5.606624e-03
2026-07-20T18:08:07.698,1784560087.698,19.603,2.802251e-01,3.383685e-03,2.653809e-01,2.917480e-01,2000,0,5.604502e-03
2026-07-20T18:08:07.798,1784560087.798,19.703,2.797173e-01,3.406464e-03,2.670898e-01,2.922363e-01,2000,0,5.594346e-03
2026-07-20T18:08:07.900,1784560087.900,19.803,2.801545e-01,3.370864e-03,2.656250e-01,2.917480e-01,2000,0,5.603091e-03
2026-07-20T18:08:08.000,1784560088.001,19.903,2.803950e-01,3.415535e-03,2.685547e-01,2.919922e-01,2000,0,5.607900e-03
2026-07-20T18:08:08.098,1784560088.098,20.003,2.798718e-01,3.405521e-03,2.683105e-01,2.924805e-01,2000,0,5.597437e-03
2026-07-20T18:08:08.198,1784560088.198,20.103,2.802671e-01,3.249697e-03,2.692871e-01,2.912598e-01,2000,0,5.605342e-03
2026-07-20T18:08:08.298,1784560088.299,20.203,2.801722e-01,3.421844e-03,2.678223e-01,2.910156e-01,2000,0,5.603445e-03
2026-07-20T18:08:08.398,1784560088.398,20.303,2.801603e-01,3.054439e-03,2.702637e-01,2.939453e-01,2000,0,5.603206e-03
2026-07-20T18:08:08.498,1784560088.498,20.403,2.802990e-01,3.206223e-03,2.692871e-01,2.912598e-01,2000,0,5.605979e-03
2026-07-20T18:08:08.598,1784560088.599,20.503,2.811992e-01,3.111435e-03,2.675781e-01,2.927246e-01,2000,0,5.623984e-03
2026-07-20T18:08:08.698,1784560088.698,20.603,2.812937e-01,3.187526e-03,2.707520e-01,2.922363e-01,2000,0,5.625874e-03
2026-07-20T18:08:08.798,1784560088.798,20.703,2.816858e-01,2.977112e-03,2.719727e-01,2.919922e-01,2000,0,5.633716e-03
2026-07-20T18:08:08.898,1784560088.898,20.803,2.820643e-01,3.015428e-03,2.709961e-01,2.924805e-01,2000,0,5.641287e-03
2026-07-20T18:08:08.998,1784560088.998,20.903,2.825184e-01,3.176431e-03,2.695312e-01,2.929688e-01,2000,0,5.650369e-03
2026-07-20T18:08:09.098,1784560089.098,21.003,2.828706e-01,2.920119e-03,2.741699e-01,2.924805e-01,2000,0,5.657412e-03
2026-07-20T18:08:09.201,1784560089.201,21.103,2.837102e-01,3.137032e-03,2.739258e-01,2.937012e-01,2000,0,5.674204e-03
2026-07-20T18:08:09.300,1784560089.300,21.203,2.836735e-01,3.142898e-03,2.734375e-01,2.937012e-01,2000,0,5.673469e-03
2026-07-20T18:08:09.398,1784560089.398,21.303,2.846158e-01,2.971713e-03,2.717285e-01,2.939453e-01,2000,0,5.692317e-03
2026-07-20T18:08:09.500,1784560089.500,21.403,2.848561e-01,3.126953e-03,2.756348e-01,2.956543e-01,2000,0,5.697122e-03
2026-07-20T18:08:09.600,1784560089.601,21.503,2.854324e-01,3.206895e-03,2.739258e-01,3.002930e-01,2000,0,5.708647e-03
2026-07-20T18:08:09.698,1784560089.698,21.603,2.856351e-01,3.295085e-03,2.731934e-01,2.968750e-01,2000,0,5.712703e-03
2026-07-20T18:08:09.798,1784560089.798,21.703,2.858661e-01,3.358038e-03,2.731934e-01,2.995605e-01,2000,0,5.717322e-03
2026-07-20T18:08:09.898,1784560089.898,21.803,2.861743e-01,3.198485e-03,2.758789e-01,2.968750e-01,2000,0,5.723486e-03
2026-07-20T18:08:09.998,1784560089.998,21.903,2.856464e-01,3.187989e-03,2.734375e-01,3.046875e-01,2000,0,5.712927e-03
2026-07-20T18:08:10.100,1784560090.101,22.003,2.859425e-01,3.438787e-03,2.749023e-01,2.976074e-01,2000,0,5.718850e-03
2026-07-20T18:08:10.198,1784560090.198,22.103,2.857303e-01,3.318651e-03,2.746582e-01,2.983398e-01,2000,0,5.714607e-03
2026-07-20T18:08:10.298,1784560090.298,22.203,2.854684e-01,3.371174e-03,2.734375e-01,2.963867e-01,2000,0,5.709368e-03
2026-07-20T18:08:10.398,1784560090.398,22.303,2.857820e-01,3.287034e-03,2.751465e-01,2.966309e-01,2000,0,5.715640e-03
2026-07-20T18:08:10.498,1784560090.498,22.403,2.846884e-01,3.235610e-03,2.741699e-01,2.973633e-01,2000,0,5.693767e-03
2026-07-20T18:08:10.598,1784560090.598,22.503,2.840089e-01,3.314520e-03,2.722168e-01,2.968750e-01,2000,0,5.680178e-03
2026-07-20T18:08:10.698,1784560090.698,22.603,2.834623e-01,3.285227e-03,2.714844e-01,2.944336e-01,2000,0,5.669246e-03
2026-07-20T18:08:10.800,1784560090.800,22.703,2.824937e-01,3.192629e-03,2.697754e-01,2.941895e-01,2000,0,5.649873e-03
2026-07-20T18:08:10.898,1784560090.898,22.803,2.821323e-01,3.236213e-03,2.714844e-01,3.007812e-01,2000,0,5.642646e-03
2026-07-20T18:08:10.998,1784560090.998,22.903,2.821622e-01,3.164500e-03,2.707520e-01,2.937012e-01,2000,0,5.643245e-03
2026-07-20T18:08:11.100,1784560091.101,23.003,2.807266e-01,3.199959e-03,2.705078e-01,2.924805e-01,2000,0,5.614531e-03
2026-07-20T18:08:11.198,1784560091.198,23.103,2.797487e-01,3.143022e-03,2.697754e-01,2.893066e-01,2000,0,5.594973e-03
2026-07-20T18:08:11.298,1784560091.298,23.203,2.798219e-01,3.049294e-03,2.705078e-01,2.910156e-01,2000,0,5.596438e-03
2026-07-20T18:08:11.398,1784560091.399,23.303,2.786611e-01,2.947023e-03,2.692871e-01,2.888184e-01,2000,0,5.573223e-03
2026-07-20T18:08:11.498,1784560091.499,23.403,2.779086e-01,2.921357e-03,2.673340e-01,2.866211e-01,2000,0,5.558171e-03
2026-07-20T18:08:11.598,1784560091.599,23.503,2.778921e-01,2.804840e-03,2.690430e-01,2.880859e-01,2000,0,5.557842e-03
2026-07-20T18:08:11.698,1784560091.698,23.603,2.770759e-01,2.810711e-03,2.685547e-01,2.866211e-01,2000,0,5.541519e-03
2026-07-20T18:08:11.798,1784560091.799,23.703,2.761683e-01,2.740853e-03,2.641602e-01,2.856445e-01,2000,0,5.523367e-03
2026-07-20T18:08:11.898,1784560091.898,23.803,2.770251e-01,2.758486e-03,2.668457e-01,2.861328e-01,2000,0,5.540503e-03
2026-07-20T18:08:11.998,1784560091.999,23.903,2.768192e-01,2.658505e-03,2.626953e-01,2.854004e-01,2000,0,5.536384e-03
2026-07-20T18:08:12.100,1784560092.100,24.003,2.764780e-01,2.563940e-03,2.675781e-01,2.866211e-01,2000,0,5.529561e-03
2026-07-20T18:08:12.200,1784560092.200,24.103,2.767583e-01,2.651367e-03,2.683105e-01,2.854004e-01,2000,0,5.535166e-03
2026-07-20T18:08:12.298,1784560092.298,24.203,2.753751e-01,2.558140e-03,2.646484e-01,2.829590e-01,2000,0,5.507502e-03
2026-07-20T18:08:12.400,1784560092.401,24.303,2.760537e-01,2.592738e-03,2.639160e-01,2.868652e-01,2000,0,5.521074e-03
2026-07-20T18:08:12.500,1784560092.500,24.403,2.766901e-01,2.742466e-03,2.653809e-01,2.873535e-01,2000,0,5.533801e-03
2026-07-20T18:08:12.600,1784560092.601,24.503,2.764937e-01,2.728217e-03,2.651367e-01,2.858887e-01,2000,0,5.529873e-03
2026-07-20T18:08:12.700,1784560092.701,24.603,2.771248e-01,2.679163e-03,2.678223e-01,2.846680e-01,2000,0,5.542495e-03
2026-07-20T18:08:12.800,1784560092.800,24.703,2.773740e-01,2.861653e-03,2.644043e-01,2.873535e-01,2000,0,5.547480e-03
2026-07-20T18:08:12.900,1784560092.900,24.803,2.783062e-01,2.905536e-03,2.678223e-01,2.878418e-01,2000,0,5.566123e-03
2026-07-20T18:08:13.000,1784560093.000,24.903,2.781044e-01,2.868867e-03,2.685547e-01,2.875977e-01,2000,0,5.562087e-03
2026-07-20T18:08:13.100,1784560093.100,25.003,2.788737e-01,2.969763e-03,2.680664e-01,2.878418e-01,2000,0,5.577473e-03
2026-07-20T18:08:13.200,1784560093.200,25.103,2.793336e-01,3.082539e-03,2.695312e-01,2.922363e-01,2000,0,5.586672e-03
2026-07-20T18:08:13.300,1784560093.300,25.203,2.792853e-01,3.192975e-03,2.692871e-01,2.897949e-01,2000,0,5.585706e-03
2026-07-20T18:08:13.400,1784560093.400,25.303,2.801185e-01,3.257955e-03,2.700195e-01,2.917480e-01,2000,0,5.602371e-03
2026-07-20T18:08:13.500,1784560093.500,25.403,2.802892e-01,3.267614e-03,2.651367e-01,2.905273e-01,2000,0,5.605784e-03
2026-07-20T18:08:13.598,1784560093.598,25.503,2.801729e-01,3.266281e-03,2.683105e-01,2.929688e-01,2000,0,5.603457e-03
2026-07-20T18:08:13.698,1784560093.698,25.603,2.806689e-01,3.317777e-03,2.700195e-01,2.910156e-01,2000,0,5.613379e-03
2026-07-20T18:08:13.800,1784560093.800,25.703,2.795908e-01,3.263580e-03,2.678223e-01,2.922363e-01,2000,0,5.591816e-03
2026-07-20T18:08:13.900,1784560093.901,25.803,2.808688e-01,3.474518e-03,2.687988e-01,2.922363e-01,2000,0,5.617375e-03
2026-07-20T18:08:13.998,1784560093.998,25.903,2.812097e-01,3.359962e-03,2.707520e-01,2.929688e-01,2000,0,5.624194e-03
2026-07-20T18:08:14.100,1784560094.101,26.003,2.808612e-01,3.473182e-03,2.692871e-01,2.922363e-01,2000,0,5.617224e-03
2026-07-20T18:08:14.198,1784560094.198,26.103,2.805138e-01,3.471713e-03,2.675781e-01,2.912598e-01,2000,0,5.610276e-03
2026-07-20T18:08:14.298,1784560094.298,26.203,2.809303e-01,3.511288e-03,2.690430e-01,2.915039e-01,2000,0,5.618606e-03
2026-07-20T18:08:14.398,1784560094.398,26.303,2.808658e-01,3.412241e-03,2.702637e-01,2.922363e-01,2000,0,5.617317e-03
2026-07-20T18:08:14.498,1784560094.498,26.403,2.802831e-01,3.637064e-03,2.658691e-01,2.900391e-01,2000,0,5.605662e-03
2026-07-20T18:08:14.598,1784560094.598,26.503,2.811268e-01,3.356139e-03,2.707520e-01,2.932129e-01,2000,0,5.622537e-03
2026-07-20T18:08:14.698,1784560094.698,26.603,2.806637e-01,3.333412e-03,2.653809e-01,2.902832e-01,2000,0,5.613274e-03
2026-07-20T18:08:14.798,1784560094.798,26.703,2.805229e-01,3.509614e-03,2.666016e-01,2.929688e-01,2000,0,5.610459e-03
2026-07-20T18:08:14.898,1784560094.898,26.803,2.806388e-01,3.420366e-03,2.692871e-01,2.978516e-01,2000,0,5.612776e-03
2026-07-20T18:08:15.000,1784560095.001,26.903,2.807122e-01,3.525587e-03,2.680664e-01,2.910156e-01,2000,0,5.614243e-03
2026-07-20T18:08:15.098,1784560095.098,27.003,2.804731e-01,3.321011e-03,2.700195e-01,2.910156e-01,2000,0,5.609463e-03
2026-07-20T18:08:15.198,1784560095.198,27.103,2.805950e-01,3.583669e-03,2.692871e-01,2.915039e-01,2000,0,5.611899e-03
2026-07-20T18:08:15.298,1784560095.298,27.203,2.804974e-01,3.428292e-03,2.705078e-01,2.934570e-01,2000,0,5.609949e-03
2026-07-20T18:08:15.398,1784560095.398,27.303,2.803228e-01,3.507590e-03,2.690430e-01,2.915039e-01,2000,0,5.606455e-03
2026-07-20T18:08:15.498,1784560095.498,27.403,2.803230e-01,3.316323e-03,2.714844e-01,2.907715e-01,2000,0,5.606460e-03
2026-07-20T18:08:15.600,1784560095.601,27.503,2.806096e-01,3.407786e-03,2.700195e-01,2.915039e-01,2000,0,5.612192e-03
2026-07-20T18:08:15.698,1784560095.698,27.603,2.804064e-01,3.278528e-03,2.707520e-01,2.905273e-01,2000,0,5.608127e-03
2026-07-20T18:08:15.800,1784560095.800,27.703,2.809629e-01,3.251317e-03,2.692871e-01,2.941895e-01,2000,0,5.619258e-03
2026-07-20T18:08:15.898,1784560095.898,27.803,2.807894e-01,3.242723e-03,2.680664e-01,2.910156e-01,2000,0,5.615789e-03
2026-07-20T18:08:15.998,1784560095.998,27.903,2.806735e-01,3.292694e-03,2.700195e-01,2.919922e-01,2000,0,5.613469e-03
2026-07-20T18:08:16.098,1784560096.098,28.003,2.813187e-01,3.341939e-03,2.705078e-01,2.932129e-01,2000,0,5.626375e-03
2026-07-20T18:08:16.198,1784560096.198,28.103,2.815276e-01,3.170486e-03,2.675781e-01,2.939453e-01,2000,0,5.630552e-03
2026-07-20T18:08:16.298,1784560096.298,28.203,2.817520e-01,3.200393e-03,2.705078e-01,2.927246e-01,2000,0,5.635039e-03
2026-07-20T18:08:16.398,1784560096.398,28.303,2.825876e-01,3.255188e-03,2.707520e-01,2.929688e-01,2000,0,5.651753e-03
2026-07-20T18:08:16.498,1784560096.498,28.403,2.830432e-01,3.162276e-03,2.651367e-01,2.954102e-01,2000,0,5.660864e-03
2026-07-20T18:08:16.598,1784560096.598,28.503,2.836179e-01,3.072773e-03,2.727051e-01,2.968750e-01,2000,0,5.672358e-03
2026-07-20T18:08:16.698,1784560096.698,28.603,2.844846e-01,3.063853e-03,2.724609e-01,3.002930e-01,2000,0,5.689692e-03
2026-07-20T18:08:16.798,1784560096.798,28.703,2.851737e-01,3.230013e-03,2.727051e-01,3.017578e-01,2000,0,5.703474e-03
2026-07-20T18:08:16.898,1784560096.898,28.803,2.861581e-01,3.054235e-03,2.729492e-01,2.985840e-01,2000,0,5.723162e-03
2026-07-20T18:08:16.998,1784560096.999,28.903,2.874922e-01,3.491001e-03,2.753906e-01,3.039551e-01,2000,0,5.749844e-03
2026-07-20T18:08:17.098,1784560097.098,29.003,2.881726e-01,3.097826e-03,2.766113e-01,2.990723e-01,2000,0,5.763452e-03
2026-07-20T18:08:17.198,1784560097.198,29.103,2.891735e-01,3.214665e-03,2.778320e-01,3.017578e-01,2000,0,5.783469e-03
2026-07-20T18:08:17.300,1784560097.300,29.203,2.903188e-01,3.346220e-03,2.778320e-01,3.020020e-01,2000,0,5.806377e-03
2026-07-20T18:08:17.400,1784560097.400,29.303,2.908650e-01,3.240228e-03,2.785645e-01,3.051758e-01,2000,0,5.817300e-03
2026-07-20T18:08:17.500,1784560097.500,29.403,2.917264e-01,3.181403e-03,2.775879e-01,3.015137e-01,2000,0,5.834529e-03
2026-07-20T18:08:17.600,1784560097.600,29.503,2.931350e-01,3.205114e-03,2.819824e-01,3.034668e-01,2000,0,5.862700e-03
2026-07-20T18:08:17.700,1784560097.701,29.603,2.929683e-01,3.400258e-03,2.817383e-01,3.032227e-01,2000,0,5.859365e-03
2026-07-20T18:08:17.800,1784560097.800,29.703,2.935151e-01,3.195710e-03,2.792969e-01,3.039551e-01,2000,0,5.870303e-03
2026-07-20T18:08:17.900,1784560097.900,29.803,2.941064e-01,3.210281e-03,2.832031e-01,3.041992e-01,2000,0,5.882129e-03
2026-07-20T18:08:18.000,1784560098.000,29.903,2.941039e-01,3.331519e-03,2.827148e-01,3.039551e-01,2000,0,5.882078e-03
2026-07-20T18:08:18.098,1784560098.099,30.003,2.947072e-01,3.240749e-03,2.839355e-01,3.054199e-01,2000,0,5.894143e-03
2026-07-20T18:08:18.200,1784560098.200,30.103,2.952155e-01,3.217960e-03,2.851562e-01,3.049316e-01,2000,0,5.904309e-03
2026-07-20T18:08:18.300,1784560098.300,30.203,2.958751e-01,3.172442e-03,2.844238e-01,3.066406e-01,2000,0,5.917502e-03
2026-07-20T18:08:18.398,1784560098.398,30.303,2.965093e-01,3.271402e-03,2.858887e-01,3.078613e-01,2000,0,5.930186e-03
2026-07-20T18:08:18.500,1784560098.500,30.403,2.975293e-01,3.238556e-03,2.880859e-01,3.093262e-01,2000,0,5.950586e-03
2026-07-20T18:08:18.600,1784560098.600,30.503,2.984113e-01,3.109569e-03,2.880859e-01,3.076172e-01,2000,0,5.968225e-03
2026-07-20T18:08:18.700,1784560098.700,30.603,2.992067e-01,3.178927e-03,2.871094e-01,3.103027e-01,2000,0,5.984133e-03
2026-07-20T18:08:18.800,1784560098.800,30.703,3.002056e-01,3.166560e-03,2.897949e-01,3.127441e-01,2000,0,6.004111e-03
2026-07-20T18:08:18.898,1784560098.898,30.803,3.015099e-01,3.064439e-03,2.907715e-01,3.115234e-01,2000,0,6.030198e-03
2026-07-20T18:08:19.000,1784560099.001,30.903,3.023572e-01,2.973428e-03,2.932129e-01,3.129883e-01,2000,0,6.047144e-03
2026-07-20T18:08:19.098,1784560099.098,31.003,3.038916e-01,3.115070e-03,2.941895e-01,3.144531e-01,2000,0,6.077832e-03
2026-07-20T18:08:19.198,1784560099.198,31.103,3.048030e-01,3.077589e-03,2.954102e-01,3.144531e-01,2000,0,6.096060e-03
2026-07-20T18:08:19.298,1784560099.299,31.203,3.055880e-01,3.094982e-03,2.954102e-01,3.154297e-01,2000,0,6.111760e-03
2026-07-20T18:08:19.398,1784560099.398,31.303,3.071560e-01,3.156765e-03,2.971191e-01,3.183594e-01,2000,0,6.143120e-03
2026-07-20T18:08:19.498,1784560099.498,31.403,3.085938e-01,3.196583e-03,2.978516e-01,3.178711e-01,2000,0,6.171875e-03
2026-07-20T18:08:19.598,1784560099.598,31.503,3.091587e-01,3.205748e-03,3.000488e-01,3.190918e-01,2000,0,6.183174e-03
2026-07-20T18:08:19.698,1784560099.698,31.603,3.109856e-01,3.109740e-03,3.002930e-01,3.220215e-01,2000,0,6.219712e-03
2026-07-20T18:08:19.798,1784560099.798,31.703,3.120703e-01,3.163787e-03,3.022461e-01,3.220215e-01,2000,0,6.241406e-03
2026-07-20T18:08:19.900,1784560099.900,31.803,3.128470e-01,3.136213e-03,3.022461e-01,3.256836e-01,2000,0,6.256941e-03
2026-07-20T18:08:19.998,1784560099.998,31.903,3.148502e-01,3.164123e-03,3.027344e-01,3.264160e-01,2000,0,6.297004e-03
2026-07-20T18:08:20.098,1784560100.098,32.003,3.162664e-01,3.108090e-03,3.051758e-01,3.273926e-01,2000,0,6.325327e-03
2026-07-20T18:08:20.198,1784560100.198,32.103,3.167823e-01,3.190250e-03,3.051758e-01,3.286133e-01,2000,0,6.335647e-03
2026-07-20T18:08:20.298,1784560100.298,32.203,3.183395e-01,3.139974e-03,3.073730e-01,3.344727e-01,2000,0,6.366790e-03
2026-07-20T18:08:20.400,1784560100.400,32.303,3.196945e-01,3.227776e-03,3.095703e-01,3.310547e-01,2000,0,6.393889e-03
2026-07-20T18:08:20.500,1784560100.500,32.403,3.202543e-01,3.306872e-03,3.076172e-01,3.310547e-01,2000,0,6.405085e-03
2026-07-20T18:08:20.598,1784560100.599,32.503,3.223433e-01,3.347059e-03,3.122559e-01,3.327637e-01,2000,0,6.446865e-03
2026-07-20T18:08:20.698,1784560100.698,32.603,3.231523e-01,3.310898e-03,3.103027e-01,3.332520e-01,2000,0,6.463047e-03
2026-07-20T18:08:20.798,1784560100.798,32.703,3.241229e-01,3.282747e-03,3.127441e-01,3.339844e-01,2000,0,6.482458e-03
2026-07-20T18:08:20.900,1784560100.900,32.803,3.260110e-01,3.409935e-03,3.151855e-01,3.430176e-01,2000,0,6.520220e-03
2026-07-20T18:08:21.000,1784560101.000,32.903,3.264443e-01,3.436253e-03,3.090820e-01,3.361816e-01,2000,0,6.528887e-03
2026-07-20T18:08:21.100,1784560101.100,33.003,3.267195e-01,3.391042e-03,3.144531e-01,3.366699e-01,2000,0,6.534390e-03
2026-07-20T18:08:21.198,1784560101.198,33.103,3.279238e-01,3.168208e-03,3.120117e-01,3.391113e-01,2000,0,6.558477e-03
2026-07-20T18:08:21.300,1784560101.300,33.203,3.284205e-01,3.281610e-03,3.173828e-01,3.381348e-01,2000,0,6.568411e-03
2026-07-20T18:08:21.400,1784560101.400,33.303,3.285159e-01,3.216767e-03,3.173828e-01,3.391113e-01,2000,0,6.570317e-03
2026-07-20T18:08:21.500,1784560101.500,33.403,3.294099e-01,3.282278e-03,3.178711e-01,3.400879e-01,2000,0,6.588198e-03
2026-07-20T18:08:21.600,1784560101.600,33.503,3.295322e-01,3.283281e-03,3.188477e-01,3.400879e-01,2000,0,6.590645e-03
2026-07-20T18:08:21.700,1784560101.700,33.603,3.297358e-01,3.230649e-03,3.176270e-01,3.430176e-01,2000,0,6.594717e-03
2026-07-20T18:08:21.800,1784560101.800,33.703,3.296783e-01,3.191975e-03,3.178711e-01,3.420410e-01,2000,0,6.593567e-03
2026-07-20T18:08:21.900,1784560101.900,33.803,3.297603e-01,3.308928e-03,3.161621e-01,3.403320e-01,2000,0,6.595205e-03
2026-07-20T18:08:22.000,1784560102.000,33.903,3.292560e-01,3.352331e-03,3.164062e-01,3.413086e-01,2000,0,6.585120e-03
2026-07-20T18:08:22.100,1784560102.100,34.003,3.298873e-01,3.226859e-03,3.188477e-01,3.432617e-01,2000,0,6.597747e-03
2026-07-20T18:08:22.200,1784560102.200,34.103,3.293146e-01,3.351511e-03,3.171387e-01,3.432617e-01,2000,0,6.586292e-03
2026-07-20T18:08:22.300,1784560102.300,34.203,3.292694e-01,3.201603e-03,3.203125e-01,3.420410e-01,2000,0,6.585388e-03
2026-07-20T18:08:22.400,1784560102.400,34.303,3.288663e-01,3.389057e-03,3.156738e-01,3.405762e-01,2000,0,6.577327e-03
2026-07-20T18:08:22.500,1784560102.500,34.403,3.284941e-01,3.295346e-03,3.151855e-01,3.408203e-01,2000,0,6.569883e-03
2026-07-20T18:08:22.600,1784560102.600,34.503,3.277466e-01,3.441331e-03,3.159180e-01,3.393555e-01,2000,0,6.554932e-03
2026-07-20T18:08:22.700,1784560102.700,34.603,3.279495e-01,3.487487e-03,3.139648e-01,3.413086e-01,2000,0,6.558989e-03
2026-07-20T18:08:22.800,1784560102.801,34.703,3.267458e-01,3.543681e-03,3.164062e-01,3.391113e-01,2000,0,6.534917e-03
2026-07-20T18:08:22.898,1784560102.899,34.803,3.256318e-01,3.458044e-03,3.149414e-01,3.400879e-01,2000,0,6.512637e-03
2026-07-20T18:08:22.998,1784560102.999,34.903,3.250049e-01,3.528889e-03,3.127441e-01,3.364258e-01,2000,0,6.500098e-03
2026-07-20T18:08:23.100,1784560103.100,35.003,3.234807e-01,3.658482e-03,3.129883e-01,3.354492e-01,2000,0,6.469614e-03
2026-07-20T18:08:23.198,1784560103.198,35.103,3.223802e-01,3.535423e-03,3.110352e-01,3.347168e-01,2000,0,6.447605e-03
2026-07-20T18:08:23.300,1784560103.300,35.203,3.211976e-01,3.538239e-03,3.110352e-01,3.320312e-01,2000,0,6.423953e-03
2026-07-20T18:08:23.400,1784560103.400,35.303,3.198104e-01,3.591252e-03,3.083496e-01,3.349609e-01,2000,0,6.396208e-03
2026-07-20T18:08:23.500,1784560103.500,35.403,3.181779e-01,3.456213e-03,3.066406e-01,3.303223e-01,2000,0,6.363557e-03
2026-07-20T18:08:23.598,1784560103.599,35.503,3.166373e-01,3.428456e-03,3.012695e-01,3.295898e-01,2000,0,6.332747e-03
2026-07-20T18:08:23.700,1784560103.700,35.603,3.148740e-01,3.466047e-03,3.037109e-01,3.273926e-01,2000,0,6.297480e-03
2026-07-20T18:08:23.800,1784560103.800,35.703,3.135194e-01,3.406166e-03,3.034668e-01,3.261719e-01,2000,0,6.270388e-03
2026-07-20T18:08:23.900,1784560103.900,35.803,3.117681e-01,3.458448e-03,2.993164e-01,3.237305e-01,2000,0,6.235361e-03
2026-07-20T18:08:24.000,1784560104.000,35.903,3.097390e-01,3.362699e-03,3.007812e-01,3.203125e-01,2000,0,6.194780e-03
2026-07-20T18:08:24.100,1784560104.100,36.003,3.081232e-01,3.459458e-03,2.944336e-01,3.222656e-01,2000,0,6.162463e-03
2026-07-20T18:08:24.198,1784560104.198,36.103,3.059659e-01,3.412703e-03,2.951660e-01,3.171387e-01,2000,0,6.119319e-03
2026-07-20T18:08:24.298,1784560104.299,36.203,3.037576e-01,3.248167e-03,2.939453e-01,3.159180e-01,2000,0,6.075151e-03
2026-07-20T18:08:24.398,1784560104.398,36.303,3.002405e-01,3.348038e-03,2.895508e-01,3.129883e-01,2000,0,6.004810e-03
2026-07-20T18:08:24.498,1784560104.498,36.403,2.987662e-01,3.342705e-03,2.885742e-01,3.088379e-01,2000,0,5.975325e-03
2026-07-20T18:08:24.598,1784560104.598,36.503,2.954418e-01,3.388552e-03,2.844238e-01,3.073730e-01,2000,0,5.908835e-03
2026-07-20T18:08:24.698,1784560104.698,36.603,2.923126e-01,3.288737e-03,2.807617e-01,3.027344e-01,2000,0,5.846252e-03
2026-07-20T18:08:24.798,1784560104.799,36.703,2.902643e-01,3.293569e-03,2.785645e-01,3.020020e-01,2000,0,5.805286e-03
2026-07-20T18:08:24.898,1784560104.898,36.803,2.875255e-01,3.181558e-03,2.751465e-01,3.002930e-01,2000,0,5.750510e-03
2026-07-20T18:08:24.998,1784560104.999,36.903,2.837570e-01,3.169228e-03,2.744141e-01,2.934570e-01,2000,0,5.675139e-03
2026-07-20T18:08:25.098,1784560105.098,37.003,2.815012e-01,3.240383e-03,2.692871e-01,2.905273e-01,2000,0,5.630024e-03
2026-07-20T18:08:25.200,1784560105.201,37.103,2.776011e-01,3.364087e-03,2.656250e-01,2.873535e-01,2000,0,5.552021e-03
2026-07-20T18:08:25.300,1784560105.301,37.203,2.742118e-01,3.231015e-03,2.617188e-01,2.851562e-01,2000,0,5.484236e-03
2026-07-20T18:08:25.400,1784560105.400,37.303,2.716122e-01,3.299183e-03,2.595215e-01,2.827148e-01,2000,0,5.432244e-03
2026-07-20T18:08:25.500,1784560105.500,37.403,2.680209e-01,3.256297e-03,2.573242e-01,2.792969e-01,2000,0,5.360417e-03
2026-07-20T18:08:25.598,1784560105.599,37.503,2.651207e-01,3.213175e-03,2.546387e-01,2.763672e-01,2000,0,5.302415e-03
2026-07-20T18:08:25.698,1784560105.698,37.603,2.633015e-01,3.295299e-03,2.531738e-01,2.734375e-01,2000,0,5.266030e-03
2026-07-20T18:08:25.798,1784560105.798,37.703,2.599054e-01,3.267827e-03,2.507324e-01,2.692871e-01,2000,0,5.198108e-03
2026-07-20T18:08:25.900,1784560105.900,37.803,2.565573e-01,3.225341e-03,2.443848e-01,2.680664e-01,2000,0,5.131145e-03
2026-07-20T18:08:25.998,1784560105.998,37.903,2.554777e-01,3.189994e-03,2.429199e-01,2.668457e-01,2000,0,5.109553e-03
2026-07-20T18:08:26.100,1784560106.101,38.003,2.533209e-01,3.268700e-03,2.424316e-01,2.651367e-01,2000,0,5.066418e-03
2026-07-20T18:08:26.200,1784560106.200,38.103,2.518470e-01,3.319421e-03,2.348633e-01,2.614746e-01,2000,0,5.036941e-03
2026-07-20T18:08:26.300,1784560106.300,38.203,2.508719e-01,3.221767e-03,2.404785e-01,2.626953e-01,2000,0,5.017439e-03
2026-07-20T18:08:26.400,1784560106.400,38.303,2.503250e-01,3.279322e-03,2.380371e-01,2.600098e-01,2000,0,5.006499e-03
2026-07-20T18:08:26.498,1784560106.498,38.403,2.495259e-01,3.257513e-03,2.385254e-01,2.612305e-01,2000,0,4.990518e-03
2026-07-20T18:08:26.598,1784560106.598,38.503,2.497173e-01,3.260590e-03,2.382812e-01,2.636719e-01,2000,0,4.994346e-03
2026-07-20T18:08:26.698,1784560106.699,38.603,2.502739e-01,3.248778e-03,2.351074e-01,2.595215e-01,2000,0,5.005479e-03
2026-07-20T18:08:26.800,1784560106.800,38.703,2.508705e-01,3.176360e-03,2.395020e-01,2.607422e-01,2000,0,5.017410e-03
2026-07-20T18:08:26.900,1784560106.900,38.803,2.521130e-01,3.159627e-03,2.399902e-01,2.648926e-01,2000,0,5.042261e-03
2026-07-20T18:08:27.000,1784560107.001,38.903,2.535453e-01,3.229710e-03,2.377930e-01,2.651367e-01,2000,0,5.070906e-03
2026-07-20T18:08:27.098,1784560107.099,39.003,2.548632e-01,3.173030e-03,2.446289e-01,2.675781e-01,2000,0,5.097263e-03
2026-07-20T18:08:27.198,1784560107.198,39.103,2.570646e-01,3.029936e-03,2.451172e-01,2.685547e-01,2000,0,5.141292e-03
2026-07-20T18:08:27.298,1784560107.298,39.203,2.601088e-01,3.095950e-03,2.502441e-01,2.712402e-01,2000,0,5.202175e-03
2026-07-20T18:08:27.398,1784560107.398,39.303,2.617968e-01,3.232448e-03,2.463379e-01,2.729492e-01,2000,0,5.235935e-03
2026-07-20T18:08:27.498,1784560107.498,39.403,2.657566e-01,3.014494e-03,2.551270e-01,2.758789e-01,2000,0,5.315132e-03
2026-07-20T18:08:27.598,1784560107.598,39.503,2.692548e-01,3.006559e-03,2.578125e-01,2.797852e-01,2000,0,5.385095e-03
2026-07-20T18:08:27.698,1784560107.699,39.603,2.734153e-01,2.989130e-03,2.612305e-01,2.827148e-01,2000,0,5.468306e-03
2026-07-20T18:08:27.798,1784560107.798,39.703,2.766990e-01,3.049708e-03,2.673340e-01,2.856445e-01,2000,0,5.533979e-03
2026-07-20T18:08:27.901,1784560107.901,39.803,2.813815e-01,2.922686e-03,2.714844e-01,2.919922e-01,2000,0,5.627629e-03
2026-07-20T18:08:27.998,1784560107.998,39.903,2.862223e-01,2.950287e-03,2.758789e-01,2.956543e-01,2000,0,5.724446e-03
2026-07-20T18:08:28.098,1784560108.098,40.003,2.896669e-01,2.995799e-03,2.792969e-01,3.005371e-01,2000,0,5.793337e-03
2026-07-20T18:08:28.200,1784560108.200,40.103,2.948243e-01,2.874240e-03,2.868652e-01,3.041992e-01,2000,0,5.896487e-03
2026-07-20T18:08:28.298,1784560108.298,40.203,2.998429e-01,2.806895e-03,2.902832e-01,3.095703e-01,2000,0,5.996858e-03
2026-07-20T18:08:28.400,1784560108.401,40.303,3.045220e-01,2.997917e-03,2.912598e-01,3.134766e-01,2000,0,6.090439e-03
2026-07-20T18:08:28.498,1784560108.499,40.403,3.099180e-01,2.965040e-03,2.978516e-01,3.203125e-01,2000,0,6.198359e-03
2026-07-20T18:08:28.600,1784560108.600,40.503,3.155188e-01,2.852507e-03,3.061523e-01,3.254395e-01,2000,0,6.310376e-03
2026-07-20T18:08:28.698,1784560108.698,40.603,3.197094e-01,2.767914e-03,3.076172e-01,3.293457e-01,2000,0,6.394187e-03
2026-07-20T18:08:28.798,1784560108.799,40.703,3.256725e-01,2.923062e-03,3.151855e-01,3.354492e-01,2000,0,6.513450e-03
2026-07-20T18:08:28.898,1784560108.899,40.803,3.304718e-01,2.904785e-03,3.200684e-01,3.425293e-01,2000,0,6.609436e-03
2026-07-20T18:08:28.998,1784560108.999,40.903,3.358445e-01,3.067196e-03,3.251953e-01,3.464355e-01,2000,0,6.716890e-03
2026-07-20T18:08:29.098,1784560109.098,41.003,3.418939e-01,3.192035e-03,3.298340e-01,3.515625e-01,2000,0,6.837878e-03
2026-07-20T18:08:29.198,1784560109.198,41.103,3.475378e-01,2.867460e-03,3.369141e-01,3.588867e-01,2000,0,6.950757e-03
2026-07-20T18:08:29.298,1784560109.298,41.203,3.519923e-01,3.105946e-03,3.417969e-01,3.627930e-01,2000,0,7.039846e-03
2026-07-20T18:08:29.398,1784560109.399,41.303,3.581942e-01,3.182687e-03,3.432617e-01,3.720703e-01,2000,0,7.163884e-03
2026-07-20T18:08:29.498,1784560109.498,41.403,3.643557e-01,3.076319e-03,3.527832e-01,3.747559e-01,2000,0,7.287114e-03
2026-07-20T18:08:29.600,1784560109.600,41.503,3.694921e-01,3.158715e-03,3.586426e-01,3.818359e-01,2000,0,7.389841e-03
2026-07-20T18:08:29.700,1784560109.700,41.603,3.744884e-01,3.205469e-03,3.635254e-01,3.837891e-01,2000,0,7.489768e-03
2026-07-20T18:08:29.800,1784560109.800,41.703,3.805552e-01,3.005325e-03,3.696289e-01,3.923340e-01,2000,0,7.611104e-03
2026-07-20T18:08:29.900,1784560109.901,41.803,3.863412e-01,3.087292e-03,3.757324e-01,3.996582e-01,2000,0,7.726824e-03
2026-07-20T18:08:30.000,1784560110.000,41.903,3.910833e-01,3.134283e-03,3.798828e-01,4.072266e-01,2000,0,7.821665e-03
2026-07-20T18:08:30.100,1784560110.100,42.003,3.961852e-01,3.119757e-03,3.859863e-01,4.062500e-01,2000,0,7.923704e-03
2026-07-20T18:08:30.198,1784560110.199,42.103,4.019535e-01,3.050774e-03,3.901367e-01,4.099121e-01,2000,0,8.039070e-03
2026-07-20T18:08:30.300,1784560110.301,42.203,4.062681e-01,2.937363e-03,3.957520e-01,4.184570e-01,2000,0,8.125361e-03
2026-07-20T18:08:30.398,1784560110.399,42.303,4.117511e-01,2.844107e-03,4.030762e-01,4.238281e-01,2000,0,8.235022e-03
2026-07-20T18:08:30.498,1784560110.498,42.403,4.175582e-01,3.011730e-03,4.064941e-01,4.272461e-01,2000,0,8.351165e-03
2026-07-20T18:08:30.598,1784560110.598,42.503,4.221558e-01,3.000780e-03,4.111328e-01,4.323730e-01,2000,0,8.443115e-03
2026-07-20T18:08:30.698,1784560110.698,42.603,4.278258e-01,2.886484e-03,4.169922e-01,4.372559e-01,2000,0,8.556516e-03
2026-07-20T18:08:30.798,1784560110.798,42.703,4.325551e-01,2.874207e-03,4.179688e-01,4.445801e-01,2000,0,8.651101e-03
2026-07-20T18:08:30.898,1784560110.898,42.803,4.369833e-01,2.940480e-03,4.260254e-01,4.462891e-01,2000,0,8.739666e-03
2026-07-20T18:08:31.000,1784560111.001,42.903,4.420865e-01,2.671549e-03,4.323730e-01,4.506836e-01,2000,0,8.841731e-03
2026-07-20T18:08:31.098,1784560111.098,43.003,4.466674e-01,2.767919e-03,4.375000e-01,4.565430e-01,2000,0,8.933347e-03
2026-07-20T18:08:31.200,1784560111.201,43.103,4.509629e-01,2.767141e-03,4.399414e-01,4.609375e-01,2000,0,9.019258e-03
2026-07-20T18:08:31.298,1784560111.299,43.203,4.565253e-01,2.645377e-03,4.440918e-01,4.665527e-01,2000,0,9.130505e-03
2026-07-20T18:08:31.398,1784560111.398,43.303,4.607111e-01,2.599430e-03,4.509277e-01,4.707031e-01,2000,0,9.214221e-03
2026-07-20T18:08:31.498,1784560111.498,43.403,4.648289e-01,2.618837e-03,4.558105e-01,4.736328e-01,2000,0,9.296577e-03
2026-07-20T18:08:31.598,1784560111.598,43.503,4.701367e-01,2.659325e-03,4.594727e-01,4.819336e-01,2000,0,9.402734e-03
2026-07-20T18:08:31.698,1784560111.699,43.603,4.739269e-01,2.421042e-03,4.633789e-01,4.831543e-01,2000,0,9.478538e-03
2026-07-20T18:08:31.798,1784560111.798,43.703,4.780945e-01,2.462015e-03,4.687500e-01,4.892578e-01,2000,0,9.561890e-03
2026-07-20T18:08:31.898,1784560111.899,43.803,4.827845e-01,2.571437e-03,4.731445e-01,4.929199e-01,2000,0,9.655691e-03
2026-07-20T18:08:31.998,1784560111.998,43.903,4.867435e-01,2.579937e-03,4.755859e-01,4.965820e-01,2000,0,9.734871e-03
2026-07-20T18:08:32.098,1784560112.099,44.003,4.907615e-01,2.490255e-03,4.824219e-01,5.002441e-01,2000,0,9.815229e-03
2026-07-20T18:08:32.198,1784560112.198,44.103,4.950947e-01,2.568674e-03,4.853516e-01,5.034180e-01,2000,0,9.901895e-03
2026-07-20T18:08:32.298,1784560112.298,44.203,4.990609e-01,2.839713e-03,4.887695e-01,5.102539e-01,2000,0,9.981218e-03
2026-07-20T18:08:32.398,1784560112.398,44.303,5.023470e-01,2.831433e-03,4.916992e-01,5.158691e-01,2000,0,1.004694e-02
2026-07-20T18:08:32.498,1784560112.499,44.403,5.066841e-01,2.644462e-03,4.978027e-01,5.195312e-01,2000,0,1.013368e-02
2026-07-20T18:08:32.598,1784560112.598,44.503,5.107245e-01,2.870239e-03,5.017090e-01,5.192871e-01,2000,0,1.021449e-02
2026-07-20T18:08:32.698,1784560112.698,44.603,5.133621e-01,2.952049e-03,5.034180e-01,5.241699e-01,2000,0,1.026724e-02
2026-07-20T18:08:32.798,1784560112.798,44.703,5.174528e-01,2.839197e-03,5.080566e-01,5.273438e-01,2000,0,1.034906e-02
2026-07-20T18:08:32.900,1784560112.901,44.803,5.211294e-01,2.978605e-03,5.095215e-01,5.319824e-01,2000,0,1.042259e-02
2026-07-20T18:08:33.000,1784560113.000,44.903,5.241788e-01,3.127661e-03,5.131836e-01,5.346680e-01,2000,0,1.048358e-02
2026-07-20T18:08:33.100,1784560113.101,45.003,5.271676e-01,3.251756e-03,5.151367e-01,5.366211e-01,2000,0,1.054335e-02
2026-07-20T18:08:33.200,1784560113.201,45.103,5.314113e-01,3.157100e-03,5.192871e-01,5.427246e-01,2000,0,1.062823e-02
2026-07-20T18:08:33.300,1784560113.300,45.203,5.334514e-01,3.220563e-03,5.202637e-01,5.437012e-01,2000,0,1.066903e-02
2026-07-20T18:08:33.400,1784560113.401,45.303,5.369355e-01,3.216890e-03,5.261230e-01,5.463867e-01,2000,0,1.073871e-02
2026-07-20T18:08:33.500,1784560113.500,45.403,5.404082e-01,3.119596e-03,5.268555e-01,5.520020e-01,2000,0,1.080816e-02
2026-07-20T18:08:33.600,1784560113.600,45.503,5.422914e-01,3.203946e-03,5.317383e-01,5.546875e-01,2000,0,1.084583e-02
2026-07-20T18:08:33.700,1784560113.701,45.603,5.458325e-01,3.209758e-03,5.346680e-01,5.566406e-01,2000,0,1.091665e-02
2026-07-20T18:08:33.800,1784560113.800,45.703,5.489661e-01,3.262442e-03,5.390625e-01,5.610352e-01,2000,0,1.097932e-02
2026-07-20T18:08:33.900,1784560113.900,45.803,5.510996e-01,3.372178e-03,5.407715e-01,5.629883e-01,2000,0,1.102199e-02
2026-07-20T18:08:33.998,1784560113.998,45.903,5.541046e-01,3.165378e-03,5.437012e-01,5.651855e-01,2000,0,1.108209e-02
2026-07-20T18:08:34.100,1784560114.100,46.003,5.571910e-01,3.197242e-03,5.458984e-01,5.705566e-01,2000,0,1.114382e-02
2026-07-20T18:08:34.200,1784560114.201,46.103,5.593389e-01,3.278021e-03,5.466309e-01,5.690918e-01,2000,0,1.118678e-02
2026-07-20T18:08:34.298,1784560114.299,46.203,5.622455e-01,3.363507e-03,5.495605e-01,5.720215e-01,2000,0,1.124491e-02
2026-07-20T18:08:34.400,1784560114.400,46.303,5.652739e-01,3.109282e-03,5.512695e-01,5.764160e-01,2000,0,1.130548e-02
2026-07-20T18:08:34.500,1784560114.500,46.403,5.673102e-01,3.226159e-03,5.571289e-01,5.795898e-01,2000,0,1.134620e-02
2026-07-20T18:08:34.600,1784560114.601,46.503,5.695780e-01,3.192548e-03,5.559082e-01,5.798340e-01,2000,0,1.139156e-02
2026-07-20T18:08:34.700,1784560114.701,46.603,5.726804e-01,3.082902e-03,5.607910e-01,5.854492e-01,2000,0,1.145361e-02
2026-07-20T18:08:34.800,1784560114.801,46.703,5.746658e-01,3.143802e-03,5.629883e-01,5.847168e-01,2000,0,1.149332e-02
2026-07-20T18:08:34.900,1784560114.901,46.803,5.766919e-01,3.181847e-03,5.644531e-01,5.905762e-01,2000,0,1.153384e-02
2026-07-20T18:08:34.998,1784560114.999,46.903,5.790099e-01,3.206632e-03,5.664062e-01,5.900879e-01,2000,0,1.158020e-02
2026-07-20T18:08:35.100,1784560115.101,47.003,5.816025e-01,3.218163e-03,5.698242e-01,5.937500e-01,2000,0,1.163205e-02
2026-07-20T18:08:35.200,1784560115.201,47.103,5.835098e-01,3.192860e-03,5.695801e-01,5.957031e-01,2000,0,1.167020e-02
2026-07-20T18:08:35.298,1784560115.299,47.203,5.859310e-01,3.173216e-03,5.715332e-01,5.952148e-01,2000,0,1.171862e-02
2026-07-20T18:08:35.400,1784560115.401,47.303,5.880634e-01,3.103890e-03,5.783691e-01,6.003418e-01,2000,0,1.176127e-02
2026-07-20T18:08:35.500,1784560115.501,47.403,5.896390e-01,3.314036e-03,5.781250e-01,6.015625e-01,2000,0,1.179278e-02
2026-07-20T18:08:35.600,1784560115.601,47.503,5.919803e-01,3.272284e-03,5.827637e-01,6.044922e-01,2000,0,1.183961e-02
2026-07-20T18:08:35.700,1784560115.701,47.603,5.941793e-01,3.240576e-03,5.825195e-01,6.044922e-01,2000,0,1.188359e-02
2026-07-20T18:08:35.800,1784560115.800,47.703,5.957690e-01,3.027374e-03,5.832520e-01,6.052246e-01,2000,0,1.191538e-02
2026-07-20T18:08:35.900,1784560115.901,47.803,5.974440e-01,2.966359e-03,5.866699e-01,6.079102e-01,2000,0,1.194888e-02
2026-07-20T18:08:36.000,1784560116.001,47.903,5.994744e-01,3.256667e-03,5.876465e-01,6.140137e-01,2000,0,1.198949e-02
2026-07-20T18:08:36.098,1784560116.099,48.003,6.006654e-01,3.302362e-03,5.847168e-01,6.135254e-01,2000,0,1.201331e-02
2026-07-20T18:08:36.198,1784560116.199,48.103,6.029590e-01,3.181674e-03,5.913086e-01,6.149902e-01,2000,0,1.205918e-02
2026-07-20T18:08:36.298,1784560116.299,48.203,6.045728e-01,2.965129e-03,5.937500e-01,6.147461e-01,2000,0,1.209146e-02
2026-07-20T18:08:36.398,1784560116.398,48.303,6.058813e-01,3.165817e-03,5.930176e-01,6.169434e-01,2000,0,1.211763e-02
2026-07-20T18:08:36.498,1784560116.498,48.403,6.084039e-01,3.124609e-03,5.976562e-01,6.169434e-01,2000,0,1.216808e-02
2026-07-20T18:08:36.601,1784560116.601,48.503,6.093958e-01,3.255355e-03,5.996094e-01,6.240234e-01,2000,0,1.218792e-02
2026-07-20T18:08:36.698,1784560116.699,48.603,6.110281e-01,3.388700e-03,5.983887e-01,6.228027e-01,2000,0,1.222056e-02
2026-07-20T18:08:36.799,1784560116.800,48.703,6.125533e-01,3.310642e-03,6.013184e-01,6.225586e-01,2000,0,1.225107e-02
2026-07-20T18:08:36.898,1784560116.899,48.803,6.141707e-01,3.292828e-03,6.022949e-01,6.269531e-01,2000,0,1.228341e-02
2026-07-20T18:08:37.000,1784560117.001,48.903,6.157394e-01,3.146345e-03,6.037598e-01,6.252441e-01,2000,0,1.231479e-02
2026-07-20T18:08:37.098,1784560117.099,49.003,6.171925e-01,3.156088e-03,6.040039e-01,6.271973e-01,2000,0,1.234385e-02
2026-07-20T18:08:37.198,1784560117.199,49.103,6.184506e-01,3.203423e-03,6.062012e-01,6.276855e-01,2000,0,1.236901e-02
2026-07-20T18:08:37.298,1784560117.299,49.203,6.194633e-01,3.279011e-03,6.062012e-01,6.298828e-01,2000,0,1.238927e-02
2026-07-20T18:08:37.398,1784560117.399,49.303,6.212017e-01,3.190346e-03,6.088867e-01,6.347656e-01,2000,0,1.242403e-02
2026-07-20T18:08:37.498,1784560117.499,49.403,6.224691e-01,3.280828e-03,6.118164e-01,6.315918e-01,2000,0,1.244938e-02
2026-07-20T18:08:37.598,1784560117.599,49.503,6.231962e-01,3.214773e-03,6.093750e-01,6.325684e-01,2000,0,1.246392e-02
2026-07-20T18:08:37.698,1784560117.699,49.603,6.252799e-01,3.328014e-03,6.103516e-01,6.342773e-01,2000,0,1.250560e-02
2026-07-20T18:08:37.800,1784560117.800,49.703,6.252649e-01,3.335499e-03,6.162109e-01,6.359863e-01,2000,0,1.250530e-02
2026-07-20T18:08:37.898,1784560117.898,49.803,6.270927e-01,3.299296e-03,6.162109e-01,6.369629e-01,2000,0,1.254185e-02
2026-07-20T18:08:37.998,1784560117.999,49.903,6.286523e-01,3.380791e-03,6.181641e-01,6.391602e-01,2000,0,1.257305e-02
2026-07-20T18:08:38.101,1784560118.101,50.003,6.300431e-01,3.363302e-03,6.154785e-01,6.413574e-01,2000,0,1.260086e-02
2026-07-20T18:08:38.198,1784560118.198,50.103,6.304241e-01,3.486033e-03,6.191406e-01,6.420898e-01,2000,0,1.260848e-02
2026-07-20T18:08:38.299,1784560118.300,50.203,6.319661e-01,3.363359e-03,6.201172e-01,6.430664e-01,2000,0,1.263932e-02
2026-07-20T18:08:38.400,1784560118.401,50.303,6.332045e-01,3.287405e-03,6.225586e-01,6.437988e-01,2000,0,1.266409e-02
2026-07-20T18:08:38.500,1784560118.500,50.403,6.338506e-01,3.314729e-03,6.225586e-01,6.479492e-01,2000,0,1.267701e-02
2026-07-20T18:08:38.600,1784560118.601,50.503,6.349844e-01,3.202341e-03,6.235352e-01,6.459961e-01,2000,0,1.269969e-02
2026-07-20T18:08:38.700,1784560118.701,50.603,6.360668e-01,3.208856e-03,6.250000e-01,6.459961e-01,2000,0,1.272134e-02
2026-07-20T18:08:38.800,1784560118.800,50.703,6.361094e-01,3.196070e-03,6.257324e-01,6.469727e-01,2000,0,1.272219e-02
2026-07-20T18:08:38.900,1784560118.900,50.803,6.378204e-01,3.341320e-03,6.254883e-01,6.489258e-01,2000,0,1.275641e-02
2026-07-20T18:08:39.000,1784560119.001,50.903,6.384015e-01,3.120648e-03,6.293945e-01,6.516113e-01,2000,0,1.276803e-02
2026-07-20T18:08:39.100,1784560119.101,51.003,6.392755e-01,3.296145e-03,6.296387e-01,6.489258e-01,2000,0,1.278551e-02
2026-07-20T18:08:39.198,1784560119.199,51.103,6.403972e-01,3.403337e-03,6.298828e-01,6.508789e-01,2000,0,1.280794e-02
2026-07-20T18:08:39.301,1784560119.301,51.203,6.415828e-01,3.211141e-03,6.301270e-01,6.518555e-01,2000,0,1.283166e-02
2026-07-20T18:08:39.398,1784560119.399,51.303,6.421006e-01,3.300372e-03,6.306152e-01,6.540527e-01,2000,0,1.284201e-02
2026-07-20T18:08:39.498,1784560119.498,51.403,6.425864e-01,3.277972e-03,6.311035e-01,6.542969e-01,2000,0,1.285173e-02
2026-07-20T18:08:39.598,1784560119.599,51.503,6.438448e-01,3.131364e-03,6.311035e-01,6.535645e-01,2000,0,1.287690e-02
2026-07-20T18:08:39.698,1784560119.698,51.603,6.445115e-01,3.352420e-03,6.320801e-01,6.591797e-01,2000,0,1.289023e-02
2026-07-20T18:08:39.798,1784560119.798,51.703,6.457468e-01,3.350821e-03,6.325684e-01,6.572266e-01,2000,0,1.291494e-02
2026-07-20T18:08:39.898,1784560119.899,51.803,6.458992e-01,3.186231e-03,6.347656e-01,6.567383e-01,2000,0,1.291798e-02
2026-07-20T18:08:39.998,1784560119.999,51.903,6.464044e-01,3.208729e-03,6.335449e-01,6.577148e-01,2000,0,1.292809e-02
2026-07-20T18:08:40.098,1784560120.099,52.003,6.476587e-01,3.236902e-03,6.381836e-01,6.618652e-01,2000,0,1.295317e-02
2026-07-20T18:08:40.198,1784560120.199,52.103,6.483853e-01,3.244538e-03,6.313477e-01,6.599121e-01,2000,0,1.296771e-02
2026-07-20T18:08:40.300,1784560120.301,52.203,6.486101e-01,3.177086e-03,6.352539e-01,6.582031e-01,2000,0,1.297220e-02
2026-07-20T18:08:40.398,1784560120.399,52.303,6.494031e-01,3.211140e-03,6.394043e-01,6.608887e-01,2000,0,1.298806e-02
2026-07-20T18:08:40.501,1784560120.501,52.403,6.501464e-01,3.414606e-03,6.376953e-01,6.611328e-01,2000,0,1.300293e-02
2026-07-20T18:08:40.598,1784560120.599,52.503,6.504899e-01,3.299145e-03,6.379395e-01,6.616211e-01,2000,0,1.300980e-02
2026-07-20T18:08:40.698,1784560120.698,52.603,6.510150e-01,3.448789e-03,6.394043e-01,6.613770e-01,2000,0,1.302030e-02
2026-07-20T18:08:40.798,1784560120.798,52.703,6.512410e-01,3.619171e-03,6.376953e-01,6.638184e-01,2000,0,1.302482e-02
2026-07-20T18:08:40.898,1784560120.899,52.803,6.522670e-01,3.543401e-03,6.401367e-01,6.660156e-01,2000,0,1.304534e-02
2026-07-20T18:08:41.000,1784560121.001,52.903,6.511006e-01,3.506768e-03,6.411133e-01,6.635742e-01,2000,0,1.302201e-02
2026-07-20T18:08:41.098,1784560121.099,53.003,6.529637e-01,3.618996e-03,6.406250e-01,6.643066e-01,2000,0,1.305927e-02
2026-07-20T18:08:41.200,1784560121.201,53.103,6.536967e-01,3.657714e-03,6.435547e-01,6.662598e-01,2000,0,1.307393e-02
2026-07-20T18:08:41.300,1784560121.300,53.203,6.539679e-01,3.803573e-03,6.433105e-01,6.667480e-01,2000,0,1.307936e-02
2026-07-20T18:08:41.400,1784560121.401,53.303,6.548940e-01,3.640808e-03,6.433105e-01,6.679688e-01,2000,0,1.309788e-02
2026-07-20T18:08:41.500,1784560121.501,53.403,6.550737e-01,3.569632e-03,6.457520e-01,6.657715e-01,2000,0,1.310147e-02
2026-07-20T18:08:41.600,1784560121.601,53.503,6.556763e-01,3.721944e-03,6.440430e-01,6.694336e-01,2000,0,1.311353e-02
2026-07-20T18:08:41.700,1784560121.701,53.603,6.556835e-01,3.639233e-03,6.442871e-01,6.694336e-01,2000,0,1.311367e-02
2026-07-20T18:08:41.800,1784560121.801,53.703,6.559523e-01,3.728942e-03,6.428223e-01,6.679688e-01,2000,0,1.311905e-02
2026-07-20T18:08:41.900,1784560121.900,53.803,6.566736e-01,3.750875e-03,6.464844e-01,6.691895e-01,2000,0,1.313347e-02
2026-07-20T18:08:42.000,1784560122.001,53.903,6.571744e-01,3.760042e-03,6.462402e-01,6.716309e-01,2000,0,1.314349e-02
2026-07-20T18:08:42.098,1784560122.098,54.003,6.567994e-01,3.864953e-03,6.447754e-01,6.694336e-01,2000,0,1.313599e-02
2026-07-20T18:08:42.198,1784560122.198,54.103,6.574730e-01,3.835910e-03,6.469727e-01,6.689453e-01,2000,0,1.314946e-02
2026-07-20T18:08:42.298,1784560122.299,54.203,6.580422e-01,3.642982e-03,6.459961e-01,6.726074e-01,2000,0,1.316084e-02
2026-07-20T18:08:42.400,1784560122.400,54.303,6.580231e-01,3.875432e-03,6.472168e-01,6.708984e-01,2000,0,1.316046e-02
2026-07-20T18:08:42.500,1784560122.501,54.403,6.594189e-01,3.638003e-03,6.477051e-01,6.704102e-01,2000,0,1.318838e-02
2026-07-20T18:08:42.600,1784560122.600,54.503,6.588524e-01,3.868574e-03,6.457520e-01,6.721191e-01,2000,0,1.317705e-02
2026-07-20T18:08:42.700,1784560122.700,54.603,6.592760e-01,3.840828e-03,6.464844e-01,6.748047e-01,2000,0,1.318552e-02
2026-07-20T18:08:42.800,1784560122.801,54.703,6.598723e-01,3.392952e-03,6.486816e-01,6.708984e-01,2000,0,1.319745e-02
2026-07-20T18:08:42.900,1784560122.900,54.803,6.602529e-01,3.884055e-03,6.501465e-01,6.762695e-01,2000,0,1.320506e-02
2026-07-20T18:08:43.000,1784560123.000,54.903,6.605762e-01,3.811360e-03,6.472168e-01,6.750488e-01,2000,0,1.321152e-02
2026-07-20T18:08:43.100,1784560123.100,55.003,6.609531e-01,3.806154e-03,6.491699e-01,6.738281e-01,2000,0,1.321906e-02
2026-07-20T18:08:43.200,1784560123.200,55.103,6.611462e-01,3.707828e-03,6.477051e-01,6.757812e-01,2000,0,1.322292e-02
2026-07-20T18:08:43.300,1784560123.300,55.203,6.610498e-01,3.601413e-03,6.496582e-01,6.733398e-01,2000,0,1.322100e-02
2026-07-20T18:08:43.400,1784560123.401,55.303,6.620461e-01,3.472388e-03,6.506348e-01,6.750488e-01,2000,0,1.324092e-02
2026-07-20T18:08:43.500,1784560123.501,55.403,6.619102e-01,3.465603e-03,6.499023e-01,6.733398e-01,2000,0,1.323820e-02
2026-07-20T18:08:43.600,1784560123.600,55.503,6.615732e-01,3.576761e-03,6.494141e-01,6.752930e-01,2000,0,1.323146e-02
2026-07-20T18:08:43.698,1784560123.698,55.603,6.621370e-01,3.705362e-03,6.501465e-01,6.752930e-01,2000,0,1.324274e-02
2026-07-20T18:08:43.800,1784560123.801,55.703,6.628129e-01,3.468949e-03,6.525879e-01,6.757812e-01,2000,0,1.325626e-02
2026-07-20T18:08:43.898,1784560123.898,55.803,6.626678e-01,3.571143e-03,6.501465e-01,6.750488e-01,2000,0,1.325336e-02
2026-07-20T18:08:43.998,1784560123.999,55.903,6.632902e-01,3.400203e-03,6.513672e-01,6.762695e-01,2000,0,1.326580e-02
2026-07-20T18:08:44.098,1784560124.099,56.003,6.634581e-01,3.471585e-03,6.513672e-01,6.752930e-01,2000,0,1.326916e-02
2026-07-20T18:08:44.198,1784560124.198,56.103,6.631823e-01,3.621469e-03,6.518555e-01,6.765137e-01,2000,0,1.326365e-02
2026-07-20T18:08:44.298,1784560124.298,56.203,6.638823e-01,3.625791e-03,6.516113e-01,6.745605e-01,2000,0,1.327765e-02
2026-07-20T18:08:44.398,1784560124.398,56.303,6.630352e-01,3.967257e-03,6.501465e-01,6.735840e-01,2000,0,1.326070e-02
2026-07-20T18:08:44.498,1784560124.498,56.403,6.641660e-01,3.635386e-03,6.513672e-01,6.743164e-01,2000,0,1.328332e-02
2026-07-20T18:08:44.598,1784560124.599,56.503,6.646978e-01,3.656992e-03,6.508789e-01,6.787109e-01,2000,0,1.329396e-02
2026-07-20T18:08:44.700,1784560124.700,56.603,6.648035e-01,3.710847e-03,6.520996e-01,6.779785e-01,2000,0,1.329607e-02
2026-07-20T18:08:44.800,1784560124.800,56.703,6.646418e-01,3.544791e-03,6.520996e-01,6.782227e-01,2000,0,1.329284e-02
2026-07-20T18:08:44.900,1784560124.900,56.803,6.651871e-01,3.590400e-03,6.530762e-01,6.794434e-01,2000,0,1.330374e-02
2026-07-20T18:08:45.000,1784560125.001,56.903,6.655948e-01,3.550354e-03,6.535645e-01,6.765137e-01,2000,0,1.331190e-02
2026-07-20T18:08:45.100,1784560125.100,57.003,6.655132e-01,3.764809e-03,6.525879e-01,6.774902e-01,2000,0,1.331026e-02
2026-07-20T18:08:45.200,1784560125.200,57.103,6.655959e-01,3.669012e-03,6.503906e-01,6.772461e-01,2000,0,1.331192e-02
2026-07-20T18:08:45.300,1784560125.301,57.203,6.660409e-01,3.386485e-03,6.538086e-01,6.755371e-01,2000,0,1.332082e-02
2026-07-20T18:08:45.400,1784560125.400,57.303,6.655020e-01,3.815506e-03,6.506348e-01,6.762695e-01,2000,0,1.331004e-02
2026-07-20T18:08:45.500,1784560125.500,57.403,6.663091e-01,3.693552e-03,6.528320e-01,6.782227e-01,2000,0,1.332618e-02
2026-07-20T18:08:45.600,1784560125.601,57.503,6.664083e-01,3.666975e-03,6.516113e-01,6.770020e-01,2000,0,1.332817e-02
2026-07-20T18:08:45.700,1784560125.700,57.603,6.667335e-01,3.872658e-03,6.494141e-01,6.787109e-01,2000,0,1.333467e-02
2026-07-20T18:08:45.798,1784560125.798,57.703,6.665896e-01,3.850468e-03,6.506348e-01,6.782227e-01,2000,0,1.333179e-02
2026-07-20T18:08:45.898,1784560125.898,57.803,6.669320e-01,3.677723e-03,6.540527e-01,6.784668e-01,2000,0,1.333864e-02
2026-07-20T18:08:45.998,1784560125.998,57.903,6.665164e-01,3.812257e-03,6.494141e-01,6.789551e-01,2000,0,1.333033e-02
2026-07-20T18:08:46.098,1784560126.098,58.003,6.665957e-01,3.724530e-03,6.523438e-01,6.796875e-01,2000,0,1.333191e-02
2026-07-20T18:08:46.200,1784560126.201,58.103,6.664163e-01,3.716019e-03,6.518555e-01,6.772461e-01,2000,0,1.332833e-02
2026-07-20T18:08:46.298,1784560126.298,58.203,6.663798e-01,3.776177e-03,6.511230e-01,6.779785e-01,2000,0,1.332760e-02
2026-07-20T18:08:46.399,1784560126.399,58.303,6.654164e-01,3.727780e-03,6.506348e-01,6.767578e-01,2000,0,1.330833e-02
2026-07-20T18:08:46.500,1784560126.501,58.403,6.661505e-01,3.767100e-03,6.513672e-01,6.787109e-01,2000,0,1.332301e-02
2026-07-20T18:08:46.598,1784560126.598,58.503,6.663046e-01,3.537553e-03,6.525879e-01,6.774902e-01,2000,0,1.332609e-02
2026-07-20T18:08:46.698,1784560126.698,58.603,6.664086e-01,3.703904e-03,6.486816e-01,6.794434e-01,2000,0,1.332817e-02
2026-07-20T18:08:46.798,1784560126.798,58.703,6.655587e-01,3.727828e-03,6.516113e-01,6.777344e-01,2000,0,1.331117e-02
2026-07-20T18:08:46.898,1784560126.898,58.803,6.655192e-01,3.727224e-03,6.525879e-01,6.782227e-01,2000,0,1.331038e-02
2026-07-20T18:08:46.998,1784560126.998,58.903,6.650707e-01,3.578395e-03,6.516113e-01,6.787109e-01,2000,0,1.330141e-02
2026-07-20T18:08:47.098,1784560127.098,59.003,6.648086e-01,3.683530e-03,6.523438e-01,6.774902e-01,2000,0,1.329617e-02
2026-07-20T18:08:47.198,1784560127.199,59.103,6.639803e-01,3.363645e-03,6.486816e-01,6.740723e-01,2000,0,1.327961e-02
2026-07-20T18:08:47.298,1784560127.298,59.203,6.641810e-01,3.560854e-03,6.516113e-01,6.787109e-01,2000,0,1.328362e-02
2026-07-20T18:08:47.399,1784560127.399,59.303,6.629702e-01,3.539873e-03,6.496582e-01,6.745605e-01,2000,0,1.325940e-02
2026-07-20T18:08:47.500,1784560127.500,59.403,6.632576e-01,3.406036e-03,6.491699e-01,6.765137e-01,2000,0,1.326515e-02
2026-07-20T18:08:47.598,1784560127.599,59.503,6.629265e-01,3.343698e-03,6.481934e-01,6.760254e-01,2000,0,1.325853e-02
2026-07-20T18:08:47.698,1784560127.698,59.603,6.627463e-01,3.518846e-03,6.520996e-01,6.762695e-01,2000,0,1.325493e-02
2026-07-20T18:08:47.798,1784560127.798,59.703,6.620596e-01,3.602753e-03,6.489258e-01,6.733398e-01,2000,0,1.324119e-02
2026-07-20T18:08:47.898,1784560127.898,59.803,6.626373e-01,3.561861e-03,6.501465e-01,6.767578e-01,2000,0,1.325275e-02
2026-07-20T18:08:47.998,1784560127.998,59.903,6.615708e-01,3.728488e-03,6.472168e-01,6.750488e-01,2000,0,1.323142e-02
2026-07-20T18:08:48.100,1784560128.100,60.003,6.611613e-01,3.725061e-03,6.472168e-01,6.730957e-01,2000,0,1.322323e-02
2026-07-20T18:08:48.198,1784560128.198,60.103,6.609088e-01,3.515953e-03,6.494141e-01,6.733398e-01,2000,0,1.321818e-02
2026-07-20T18:08:48.298,1784560128.298,60.203,6.607231e-01,3.610990e-03,6.469727e-01,6.730957e-01,2000,0,1.321446e-02
2026-07-20T18:08:48.398,1784560128.398,60.303,6.605197e-01,3.557615e-03,6.484375e-01,6.716309e-01,2000,0,1.321039e-02
2026-07-20T18:08:48.498,1784560128.498,60.403,6.608009e-01,3.703930e-03,6.484375e-01,6.735840e-01,2000,0,1.321602e-02
2026-07-20T18:08:48.600,1784560128.601,60.503,6.606354e-01,3.794420e-03,6.467285e-01,6.740723e-01,2000,0,1.321271e-02
2026-07-20T18:08:48.698,1784560128.699,60.603,6.602317e-01,3.524925e-03,6.474609e-01,6.718750e-01,2000,0,1.320463e-02
2026-07-20T18:08:48.800,1784560128.800,60.703,6.602971e-01,3.731097e-03,6.469727e-01,6.733398e-01,2000,0,1.320594e-02
2026-07-20T18:08:48.900,1784560128.901,60.803,6.604398e-01,3.355885e-03,6.503906e-01,6.752930e-01,2000,0,1.320880e-02
2026-07-20T18:08:49.000,1784560129.001,60.903,6.600787e-01,3.623804e-03,6.477051e-01,6.748047e-01,2000,0,1.320157e-02
2026-07-20T18:08:49.100,1784560129.100,61.003,6.595750e-01,3.710125e-03,6.459961e-01,6.713867e-01,2000,0,1.319150e-02
2026-07-20T18:08:49.200,1784560129.200,61.103,6.598973e-01,3.540922e-03,6.481934e-01,6.718750e-01,2000,0,1.319795e-02
2026-07-20T18:08:49.298,1784560129.299,61.203,6.595347e-01,3.516539e-03,6.464844e-01,6.708984e-01,2000,0,1.319069e-02
2026-07-20T18:08:49.398,1784560129.398,61.303,6.596853e-01,3.593896e-03,6.484375e-01,6.701660e-01,2000,0,1.319371e-02
2026-07-20T18:08:49.498,1784560129.498,61.403,6.594124e-01,3.658191e-03,6.464844e-01,6.699219e-01,2000,0,1.318825e-02
2026-07-20T18:08:49.598,1784560129.598,61.503,6.594863e-01,3.593427e-03,6.484375e-01,6.716309e-01,2000,0,1.318973e-02
2026-07-20T18:08:49.698,1784560129.698,61.603,6.599161e-01,3.429105e-03,6.486816e-01,6.708984e-01,2000,0,1.319832e-02
2026-07-20T18:08:49.798,1784560129.798,61.703,6.598750e-01,3.446717e-03,6.479492e-01,6.716309e-01,2000,0,1.319750e-02
2026-07-20T18:08:49.898,1784560129.898,61.803,6.596846e-01,3.469232e-03,6.489258e-01,6.701660e-01,2000,0,1.319369e-02
2026-07-20T18:08:49.998,1784560129.998,61.903,6.596791e-01,3.222022e-03,6.499023e-01,6.694336e-01,2000,0,1.319358e-02
2026-07-20T18:08:50.098,1784560130.098,62.003,6.597683e-01,3.024744e-03,6.486816e-01,6.704102e-01,2000,0,1.319537e-02
2026-07-20T18:08:50.198,1784560130.198,62.103,6.597050e-01,3.119660e-03,6.486816e-01,6.721191e-01,2000,0,1.319410e-02
2026-07-20T18:08:50.298,1784560130.299,62.203,6.601072e-01,2.962248e-03,6.479492e-01,6.708984e-01,2000,0,1.320214e-02
2026-07-20T18:08:50.398,1784560130.398,62.303,6.602214e-01,2.829238e-03,6.513672e-01,6.694336e-01,2000,0,1.320443e-02
2026-07-20T18:08:50.498,1784560130.498,62.403,6.598585e-01,2.877716e-03,6.503906e-01,6.706543e-01,2000,0,1.319717e-02
2026-07-20T18:08:50.598,1784560130.598,62.503,6.603347e-01,2.768135e-03,6.508789e-01,6.721191e-01,2000,0,1.320669e-02
2026-07-20T18:08:50.698,1784560130.698,62.603,6.596665e-01,2.944269e-03,6.489258e-01,6.735840e-01,2000,0,1.319333e-02
2026-07-20T18:08:50.800,1784560130.801,62.703,6.600203e-01,2.632406e-03,6.518555e-01,6.711426e-01,2000,0,1.320041e-02
2026-07-20T18:08:50.900,1784560130.900,62.803,6.601208e-01,2.627559e-03,6.501465e-01,6.726074e-01,2000,0,1.320242e-02
2026-07-20T18:08:51.000,1784560131.001,62.903,6.600797e-01,2.558883e-03,6.496582e-01,6.689453e-01,2000,0,1.320159e-02
2026-07-20T18:08:51.098,1784560131.098,63.003,6.601833e-01,2.399577e-03,6.479492e-01,6.694336e-01,2000,0,1.320367e-02
2026-07-20T18:08:51.198,1784560131.198,63.103,6.603745e-01,2.534842e-03,6.503906e-01,6.699219e-01,2000,0,1.320749e-02
2026-07-20T18:08:51.298,1784560131.299,63.203,6.603027e-01,2.467343e-03,6.513672e-01,6.694336e-01,2000,0,1.320605e-02
2026-07-20T18:08:51.398,1784560131.398,63.303,6.601851e-01,2.550365e-03,6.513672e-01,6.694336e-01,2000,0,1.320370e-02
2026-07-20T18:08:51.498,1784560131.498,63.403,6.601971e-01,2.475729e-03,6.506348e-01,6.696777e-01,2000,0,1.320394e-02
2026-07-20T18:08:51.600,1784560131.600,63.503,6.598135e-01,2.609334e-03,6.486816e-01,6.701660e-01,2000,0,1.319627e-02
2026-07-20T18:08:51.698,1784560131.699,63.603,6.601508e-01,2.637521e-03,6.489258e-01,6.706543e-01,2000,0,1.320302e-02
2026-07-20T18:08:51.798,1784560131.799,63.703,6.606222e-01,2.644136e-03,6.520996e-01,6.721191e-01,2000,0,1.321244e-02
2026-07-20T18:08:51.898,1784560131.898,63.803,6.604331e-01,2.720071e-03,6.508789e-01,6.723633e-01,2000,0,1.320866e-02
2026-07-20T18:08:51.998,1784560131.999,63.903,6.604214e-01,2.643792e-03,6.520996e-01,6.716309e-01,2000,0,1.320843e-02
2026-07-20T18:08:52.100,1784560132.100,64.003,6.600133e-01,2.985898e-03,6.503906e-01,6.716309e-01,2000,0,1.320027e-02
2026-07-20T18:08:52.198,1784560132.198,64.103,6.609296e-01,2.913309e-03,6.503906e-01,6.711426e-01,2000,0,1.321859e-02
2026-07-20T18:08:52.300,1784560132.300,64.203,6.603030e-01,3.004148e-03,6.467285e-01,6.706543e-01,2000,0,1.320606e-02
2026-07-20T18:08:52.400,1784560132.401,64.303,6.607930e-01,2.828697e-03,6.508789e-01,6.708984e-01,2000,0,1.321586e-02
2026-07-20T18:08:52.500,1784560132.501,64.403,6.607513e-01,3.148431e-03,6.489258e-01,6.723633e-01,2000,0,1.321503e-02
2026-07-20T18:08:52.598,1784560132.599,64.503,6.610609e-01,2.974268e-03,6.496582e-01,6.738281e-01,2000,0,1.322122e-02
2026-07-20T18:08:52.698,1784560132.698,64.603,6.612347e-01,3.183253e-03,6.499023e-01,6.726074e-01,2000,0,1.322469e-02
2026-07-20T18:08:52.800,1784560132.801,64.703,6.610662e-01,3.431774e-03,6.491699e-01,6.733398e-01,2000,0,1.322132e-02
2026-07-20T18:08:52.900,1784560132.900,64.803,6.611863e-01,3.243645e-03,6.499023e-01,6.706543e-01,2000,0,1.322373e-02
2026-07-20T18:08:52.998,1784560132.998,64.903,6.610863e-01,3.342268e-03,6.506348e-01,6.718750e-01,2000,0,1.322173e-02
2026-07-20T18:08:53.100,1784560133.100,65.003,6.609050e-01,3.375976e-03,6.491699e-01,6.730957e-01,2000,0,1.321810e-02
2026-07-20T18:08:53.198,1784560133.198,65.103,6.610652e-01,3.739118e-03,6.481934e-01,6.745605e-01,2000,0,1.322130e-02
2026-07-20T18:08:53.298,1784560133.299,65.203,6.612367e-01,3.262055e-03,6.501465e-01,6.723633e-01,2000,0,1.322473e-02
2026-07-20T18:08:53.398,1784560133.398,65.303,6.611600e-01,3.624835e-03,6.503906e-01,6.726074e-01,2000,0,1.322320e-02
2026-07-20T18:08:53.500,1784560133.501,65.403,6.616100e-01,3.424880e-03,6.506348e-01,6.711426e-01,2000,0,1.323220e-02
2026-07-20T18:08:53.598,1784560133.598,65.503,6.611573e-01,3.603878e-03,6.486816e-01,6.716309e-01,2000,0,1.322315e-02
2026-07-20T18:08:53.698,1784560133.698,65.603,6.612179e-01,3.653212e-03,6.489258e-01,6.730957e-01,2000,0,1.322436e-02
2026-07-20T18:08:53.798,1784560133.799,65.703,6.619849e-01,3.620235e-03,6.516113e-01,6.721191e-01,2000,0,1.323970e-02
2026-07-20T18:08:53.900,1784560133.900,65.803,6.612031e-01,3.630052e-03,6.486816e-01,6.738281e-01,2000,0,1.322406e-02
2026-07-20T18:08:53.998,1784560133.998,65.903,6.614827e-01,3.544385e-03,6.469727e-01,6.704102e-01,2000,0,1.322965e-02
2026-07-20T18:08:54.098,1784560134.099,66.003,6.618285e-01,3.660106e-03,6.506348e-01,6.718750e-01,2000,0,1.323657e-02
2026-07-20T18:08:54.198,1784560134.198,66.103,6.617371e-01,3.619070e-03,6.511230e-01,6.762695e-01,2000,0,1.323474e-02
2026-07-20T18:08:54.300,1784560134.301,66.203,6.618795e-01,3.600574e-03,6.491699e-01,6.716309e-01,2000,0,1.323759e-02
2026-07-20T18:08:54.398,1784560134.399,66.303,6.620432e-01,3.558374e-03,6.511230e-01,6.752930e-01,2000,0,1.324086e-02
2026-07-20T18:08:54.500,1784560134.500,66.403,6.616196e-01,3.694961e-03,6.503906e-01,6.728516e-01,2000,0,1.323239e-02
2026-07-20T18:08:54.598,1784560134.598,66.503,6.610593e-01,3.609389e-03,6.486816e-01,6.743164e-01,2000,0,1.322119e-02
2026-07-20T18:08:54.700,1784560134.701,66.603,6.624203e-01,3.577703e-03,6.513672e-01,6.750488e-01,2000,0,1.324841e-02
2026-07-20T18:08:54.800,1784560134.801,66.703,6.616212e-01,3.905239e-03,6.489258e-01,6.745605e-01,2000,0,1.323242e-02
2026-07-20T18:08:54.900,1784560134.900,66.803,6.618457e-01,3.911470e-03,6.474609e-01,6.796875e-01,2000,0,1.323691e-02
2026-07-20T18:08:55.000,1784560135.001,66.903,6.617532e-01,3.653051e-03,6.486816e-01,6.723633e-01,2000,0,1.323506e-02
2026-07-20T18:08:55.098,1784560135.099,67.003,6.620461e-01,3.668362e-03,6.489258e-01,6.770020e-01,2000,0,1.324092e-02
2026-07-20T18:08:55.198,1784560135.199,67.103,6.620560e-01,3.712236e-03,6.496582e-01,6.755371e-01,2000,0,1.324112e-02
2026-07-20T18:08:55.298,1784560135.299,67.203,6.616233e-01,3.798368e-03,6.489258e-01,6.743164e-01,2000,0,1.323247e-02
2026-07-20T18:08:55.400,1784560135.400,67.303,6.617720e-01,3.856627e-03,6.513672e-01,6.777344e-01,2000,0,1.323544e-02
2026-07-20T18:08:55.498,1784560135.498,67.403,6.620121e-01,3.932814e-03,6.494141e-01,6.750488e-01,2000,0,1.324024e-02
2026-07-20T18:08:55.598,1784560135.598,67.503,6.616428e-01,3.914878e-03,6.467285e-01,6.735840e-01,2000,0,1.323286e-02
2026-07-20T18:08:55.698,1784560135.699,67.603,6.615532e-01,3.967031e-03,6.491699e-01,6.738281e-01,2000,0,1.323106e-02
2026-07-20T18:08:55.798,1784560135.799,67.703,6.623210e-01,3.816608e-03,6.491699e-01,6.752930e-01,2000,0,1.324642e-02
2026-07-20T18:08:55.898,1784560135.898,67.803,6.617021e-01,3.964499e-03,6.481934e-01,6.762695e-01,2000,0,1.323404e-02
2026-07-20T18:08:55.998,1784560135.999,67.903,6.613792e-01,4.055711e-03,6.474609e-01,6.760254e-01,2000,0,1.322758e-02
2026-07-20T18:08:56.098,1784560136.098,68.003,6.616752e-01,3.933267e-03,6.501465e-01,6.760254e-01,2000,0,1.323350e-02
2026-07-20T18:08:56.198,1784560136.199,68.103,6.612189e-01,3.971675e-03,6.499023e-01,6.760254e-01,2000,0,1.322438e-02
2026-07-20T18:08:56.300,1784560136.301,68.203,6.612157e-01,3.973453e-03,6.474609e-01,6.826172e-01,2000,0,1.322431e-02
2026-07-20T18:08:56.398,1784560136.398,68.303,6.611992e-01,3.875497e-03,6.496582e-01,6.752930e-01,2000,0,1.322398e-02
2026-07-20T18:08:56.498,1784560136.499,68.403,6.607045e-01,3.807148e-03,6.474609e-01,6.777344e-01,2000,0,1.321409e-02
2026-07-20T18:08:56.600,1784560136.600,68.503,6.604326e-01,3.967263e-03,6.467285e-01,6.743164e-01,2000,0,1.320865e-02
2026-07-20T18:08:56.700,1784560136.701,68.603,6.607535e-01,3.936514e-03,6.462402e-01,6.745605e-01,2000,0,1.321507e-02
2026-07-20T18:08:56.800,1784560136.801,68.703,6.602682e-01,3.859548e-03,6.479492e-01,6.762695e-01,2000,0,1.320536e-02
2026-07-20T18:08:56.898,1784560136.899,68.803,6.600652e-01,3.811987e-03,6.489258e-01,6.752930e-01,2000,0,1.320130e-02
2026-07-20T18:08:56.998,1784560136.999,68.903,6.602439e-01,3.960636e-03,6.479492e-01,6.752930e-01,2000,0,1.320488e-02
2026-07-20T18:08:57.098,1784560137.099,69.003,6.598655e-01,3.801306e-03,6.484375e-01,6.728516e-01,2000,0,1.319731e-02
2026-07-20T18:08:57.198,1784560137.199,69.103,6.596366e-01,3.841892e-03,6.481934e-01,6.738281e-01,2000,0,1.319273e-02
2026-07-20T18:08:57.300,1784560137.301,69.203,6.598586e-01,3.667006e-03,6.496582e-01,6.726074e-01,2000,0,1.319717e-02
2026-07-20T18:08:57.398,1784560137.399,69.303,6.593212e-01,3.810664e-03,6.481934e-01,6.721191e-01,2000,0,1.318642e-02
2026-07-20T18:08:57.498,1784560137.499,69.403,6.593038e-01,3.829172e-03,6.479492e-01,6.723633e-01,2000,0,1.318608e-02
2026-07-20T18:08:57.598,1784560137.598,69.503,6.593896e-01,3.859557e-03,6.474609e-01,6.730957e-01,2000,0,1.318779e-02
2026-07-20T18:08:57.698,1784560137.699,69.603,6.592864e-01,3.932787e-03,6.481934e-01,6.728516e-01,2000,0,1.318573e-02
2026-07-20T18:08:57.798,1784560137.798,69.703,6.593584e-01,3.870735e-03,6.462402e-01,6.716309e-01,2000,0,1.318717e-02
2026-07-20T18:08:57.898,1784560137.899,69.803,6.593529e-01,3.778017e-03,6.477051e-01,6.735840e-01,2000,0,1.318706e-02
2026-07-20T18:08:57.998,1784560137.999,69.903,6.587196e-01,3.970797e-03,6.455078e-01,6.738281e-01,2000,0,1.317439e-02
2026-07-20T18:08:58.100,1784560138.101,70.003,6.584725e-01,3.858069e-03,6.472168e-01,6.699219e-01,2000,0,1.316945e-02
2026-07-20T18:08:58.198,1784560138.198,70.103,6.585670e-01,3.985845e-03,6.469727e-01,6.723633e-01,2000,0,1.317134e-02
2026-07-20T18:08:58.298,1784560138.299,70.203,6.574823e-01,3.895809e-03,6.467285e-01,6.721191e-01,2000,0,1.314965e-02
2026-07-20T18:08:58.398,1784560138.399,70.303,6.568961e-01,4.052459e-03,6.447754e-01,6.699219e-01,2000,0,1.313792e-02
2026-07-20T18:08:58.498,1784560138.499,70.403,6.566302e-01,3.948802e-03,6.445312e-01,6.689453e-01,2000,0,1.313260e-02
2026-07-20T18:08:58.598,1784560138.599,70.503,6.557855e-01,3.925323e-03,6.416016e-01,6.674805e-01,2000,0,1.311571e-02
2026-07-20T18:08:58.698,1784560138.698,70.603,6.548442e-01,3.978522e-03,6.430664e-01,6.667480e-01,2000,0,1.309688e-02
2026-07-20T18:08:58.798,1784560138.799,70.703,6.539790e-01,3.945042e-03,6.423340e-01,6.669922e-01,2000,0,1.307958e-02
2026-07-20T18:08:58.900,1784560138.900,70.803,6.531163e-01,4.026363e-03,6.416016e-01,6.645508e-01,2000,0,1.306233e-02
2026-07-20T18:08:58.998,1784560138.999,70.903,6.523033e-01,3.995189e-03,6.394043e-01,6.672363e-01,2000,0,1.304607e-02
2026-07-20T18:08:59.098,1784560139.099,71.003,6.518107e-01,3.980225e-03,6.389160e-01,6.652832e-01,2000,0,1.303621e-02
2026-07-20T18:08:59.198,1784560139.199,71.103,6.514708e-01,3.827065e-03,6.396484e-01,6.662598e-01,2000,0,1.302942e-02
2026-07-20T18:08:59.298,1784560139.299,71.203,6.504723e-01,3.900429e-03,6.374512e-01,6.630859e-01,2000,0,1.300945e-02
2026-07-20T18:08:59.400,1784560139.400,71.303,6.501671e-01,3.993855e-03,6.359863e-01,6.630859e-01,2000,0,1.300334e-02
2026-07-20T18:08:59.500,1784560139.501,71.403,6.494188e-01,4.020968e-03,6.333008e-01,6.606445e-01,2000,0,1.298838e-02
2026-07-20T18:08:59.600,1784560139.601,71.503,6.487770e-01,3.939797e-03,6.359863e-01,6.596680e-01,2000,0,1.297554e-02
2026-07-20T18:08:59.700,1784560139.701,71.603,6.484221e-01,3.920484e-03,6.345215e-01,6.606445e-01,2000,0,1.296844e-02
2026-07-20T18:08:59.800,1784560139.801,71.703,6.481284e-01,3.822670e-03,6.352539e-01,6.625977e-01,2000,0,1.296257e-02
2026-07-20T18:08:59.900,1784560139.901,71.803,6.473510e-01,3.873347e-03,6.352539e-01,6.589355e-01,2000,0,1.294702e-02
2026-07-20T18:08:59.998,1784560139.999,71.903,6.467664e-01,3.866682e-03,6.328125e-01,6.589355e-01,2000,0,1.293533e-02
2026-07-20T18:09:00.100,1784560140.101,72.003,6.468019e-01,3.750172e-03,6.335449e-01,6.589355e-01,2000,0,1.293604e-02
2026-07-20T18:09:00.200,1784560140.200,72.103,6.468782e-01,3.790540e-03,6.333008e-01,6.586914e-01,2000,0,1.293756e-02
2026-07-20T18:09:00.300,1784560140.301,72.203,6.463466e-01,3.776303e-03,6.335449e-01,6.577148e-01,2000,0,1.292693e-02
2026-07-20T18:09:00.400,1784560140.400,72.303,6.453196e-01,3.835189e-03,6.325684e-01,6.589355e-01,2000,0,1.290639e-02
2026-07-20T18:09:00.500,1784560140.500,72.403,6.453770e-01,3.828478e-03,6.315918e-01,6.591797e-01,2000,0,1.290754e-02
2026-07-20T18:09:00.601,1784560140.601,72.503,6.447758e-01,3.767269e-03,6.328125e-01,6.574707e-01,2000,0,1.289552e-02
2026-07-20T18:09:00.698,1784560140.699,72.603,6.442638e-01,3.949471e-03,6.293945e-01,6.591797e-01,2000,0,1.288528e-02
2026-07-20T18:09:00.798,1784560140.799,72.703,6.441647e-01,3.860480e-03,6.301270e-01,6.564941e-01,2000,0,1.288329e-02
2026-07-20T18:09:00.898,1784560140.899,72.803,6.437748e-01,3.968437e-03,6.323242e-01,6.572266e-01,2000,0,1.287550e-02
2026-07-20T18:09:01.000,1784560141.001,72.903,6.434722e-01,3.941497e-03,6.313477e-01,6.555176e-01,2000,0,1.286944e-02
2026-07-20T18:09:01.098,1784560141.099,73.003,6.428018e-01,3.972588e-03,6.311035e-01,6.564941e-01,2000,0,1.285604e-02
2026-07-20T18:09:01.198,1784560141.199,73.103,6.429458e-01,3.903296e-03,6.308594e-01,6.542969e-01,2000,0,1.285892e-02
2026-07-20T18:09:01.298,1784560141.299,73.203,6.423699e-01,4.078591e-03,6.286621e-01,6.560059e-01,2000,0,1.284740e-02
2026-07-20T18:09:01.400,1784560141.401,73.303,6.417886e-01,3.978760e-03,6.293945e-01,6.569824e-01,2000,0,1.283577e-02
2026-07-20T18:09:01.498,1784560141.499,73.403,6.420511e-01,4.082732e-03,6.308594e-01,6.564941e-01,2000,0,1.284102e-02
2026-07-20T18:09:01.598,1784560141.599,73.503,6.415387e-01,4.082716e-03,6.291504e-01,6.538086e-01,2000,0,1.283077e-02
2026-07-20T18:09:01.699,1784560141.700,73.603,6.409169e-01,4.108150e-03,6.284180e-01,6.547852e-01,2000,0,1.281834e-02
2026-07-20T18:09:01.798,1784560141.799,73.703,6.410282e-01,4.077068e-03,6.308594e-01,6.545410e-01,2000,0,1.282056e-02
2026-07-20T18:09:01.898,1784560141.899,73.803,6.412028e-01,4.184062e-03,6.296387e-01,6.555176e-01,2000,0,1.282406e-02
2026-07-20T18:09:01.998,1784560141.999,73.903,6.406002e-01,4.329042e-03,6.237793e-01,6.577148e-01,2000,0,1.281200e-02
2026-07-20T18:09:02.098,1784560142.098,74.003,6.409802e-01,4.164097e-03,6.291504e-01,6.540527e-01,2000,0,1.281960e-02
2026-07-20T18:09:02.198,1784560142.199,74.103,6.406985e-01,4.323898e-03,6.291504e-01,6.540527e-01,2000,0,1.281397e-02
2026-07-20T18:09:02.298,1784560142.299,74.203,6.404594e-01,4.133295e-03,6.257324e-01,6.535645e-01,2000,0,1.280919e-02
2026-07-20T18:09:02.398,1784560142.399,74.303,6.408077e-01,4.255486e-03,6.296387e-01,6.547852e-01,2000,0,1.281615e-02
2026-07-20T18:09:02.498,1784560142.499,74.403,6.408298e-01,4.247388e-03,6.267090e-01,6.550293e-01,2000,0,1.281660e-02
2026-07-20T18:09:02.598,1784560142.598,74.503,6.404802e-01,4.216835e-03,6.279297e-01,6.535645e-01,2000,0,1.280960e-02
2026-07-20T18:09:02.698,1784560142.699,74.603,6.406750e-01,4.129305e-03,6.279297e-01,6.555176e-01,2000,0,1.281350e-02
2026-07-20T18:09:02.798,1784560142.799,74.703,6.406189e-01,4.228974e-03,6.286621e-01,6.567383e-01,2000,0,1.281238e-02
2026-07-20T18:09:02.898,1784560142.899,74.803,6.405245e-01,4.293011e-03,6.286621e-01,6.555176e-01,2000,0,1.281049e-02
2026-07-20T18:09:02.998,1784560142.999,74.903,6.406523e-01,4.223234e-03,6.293945e-01,6.545410e-01,2000,0,1.281305e-02
2026-07-20T18:09:03.098,1784560143.099,75.003,6.404999e-01,4.243315e-03,6.237793e-01,6.535645e-01,2000,0,1.281000e-02
2026-07-20T18:09:03.198,1784560143.199,75.103,6.400519e-01,4.269026e-03,6.259766e-01,6.533203e-01,2000,0,1.280104e-02
2026-07-20T18:09:03.298,1784560143.298,75.203,6.404568e-01,4.093251e-03,6.301270e-01,6.528320e-01,2000,0,1.280914e-02
2026-07-20T18:09:03.398,1784560143.399,75.303,6.405206e-01,4.200296e-03,6.298828e-01,6.538086e-01,2000,0,1.281041e-02
2026-07-20T18:09:03.498,1784560143.499,75.403,6.400836e-01,4.206580e-03,6.291504e-01,6.577148e-01,2000,0,1.280167e-02
2026-07-20T18:09:03.598,1784560143.599,75.503,6.407084e-01,4.097680e-03,6.279297e-01,6.523438e-01,2000,0,1.281417e-02
2026-07-20T18:09:03.698,1784560143.699,75.603,6.398654e-01,4.137273e-03,6.245117e-01,6.511230e-01,2000,0,1.279731e-02
2026-07-20T18:09:03.799,1784560143.799,75.703,6.409727e-01,4.192892e-03,6.284180e-01,6.533203e-01,2000,0,1.281945e-02
2026-07-20T18:09:03.898,1784560143.899,75.803,6.410365e-01,4.060739e-03,6.250000e-01,6.557617e-01,2000,0,1.282073e-02
2026-07-20T18:09:04.000,1784560144.000,75.903,6.407988e-01,4.169705e-03,6.269531e-01,6.530762e-01,2000,0,1.281598e-02
2026-07-20T18:09:04.099,1784560144.099,76.003,6.408933e-01,4.088588e-03,6.291504e-01,6.525879e-01,2000,0,1.281787e-02
2026-07-20T18:09:04.199,1784560144.199,76.103,6.409111e-01,4.009347e-03,6.264648e-01,6.530762e-01,2000,0,1.281822e-02
2026-07-20T18:09:04.300,1784560144.301,76.203,6.413162e-01,4.054436e-03,6.286621e-01,6.525879e-01,2000,0,1.282632e-02
2026-07-20T18:09:04.400,1784560144.401,76.303,6.407817e-01,4.091026e-03,6.293945e-01,6.538086e-01,2000,0,1.281563e-02
2026-07-20T18:09:04.500,1784560144.501,76.403,6.403148e-01,4.106822e-03,6.262207e-01,6.520996e-01,2000,0,1.280630e-02
2026-07-20T18:09:04.598,1784560144.598,76.503,6.397590e-01,4.116994e-03,6.257324e-01,6.506348e-01,2000,0,1.279518e-02
2026-07-20T18:09:04.698,1784560144.699,76.603,6.397214e-01,4.055473e-03,6.242676e-01,6.506348e-01,2000,0,1.279443e-02
2026-07-20T18:09:04.801,1784560144.801,76.703,6.393947e-01,4.042050e-03,6.267090e-01,6.506348e-01,2000,0,1.278789e-02
2026-07-20T18:09:04.898,1784560144.898,76.803,6.390543e-01,3.978223e-03,6.247559e-01,6.506348e-01,2000,0,1.278109e-02
2026-07-20T18:09:04.998,1784560144.998,76.903,6.383096e-01,4.029901e-03,6.240234e-01,6.499023e-01,2000,0,1.276619e-02
2026-07-20T18:09:05.098,1784560145.098,77.003,6.381316e-01,3.997572e-03,6.218262e-01,6.494141e-01,2000,0,1.276263e-02
2026-07-20T18:09:05.200,1784560145.201,77.103,6.368312e-01,4.166240e-03,6.210938e-01,6.481934e-01,2000,0,1.273662e-02
2026-07-20T18:09:05.300,1784560145.300,77.203,6.367869e-01,4.066815e-03,6.223145e-01,6.499023e-01,2000,0,1.273574e-02
2026-07-20T18:09:05.400,1784560145.401,77.303,6.366414e-01,4.100912e-03,6.215820e-01,6.496582e-01,2000,0,1.273283e-02
2026-07-20T18:09:05.500,1784560145.500,77.403,6.360167e-01,4.040708e-03,6.208496e-01,6.484375e-01,2000,0,1.272033e-02
2026-07-20T18:09:05.598,1784560145.598,77.503,6.360122e-01,4.082114e-03,6.223145e-01,6.486816e-01,2000,0,1.272024e-02
2026-07-20T18:09:05.698,1784560145.699,77.603,6.361216e-01,4.199815e-03,6.193848e-01,6.486816e-01,2000,0,1.272243e-02
2026-07-20T18:09:05.798,1784560145.798,77.703,6.350579e-01,3.926319e-03,6.198730e-01,6.481934e-01,2000,0,1.270116e-02
2026-07-20T18:09:05.899,1784560145.899,77.803,6.348285e-01,4.204462e-03,6.210938e-01,6.484375e-01,2000,0,1.269657e-02
2026-07-20T18:09:05.998,1784560145.998,77.903,6.347264e-01,3.864460e-03,6.210938e-01,6.467285e-01,2000,0,1.269453e-02
2026-07-20T18:09:06.098,1784560146.098,78.003,6.341460e-01,3.773237e-03,6.218262e-01,6.477051e-01,2000,0,1.268292e-02
2026-07-20T18:09:06.198,1784560146.198,78.103,6.334056e-01,3.846025e-03,6.208496e-01,6.472168e-01,2000,0,1.266811e-02
2026-07-20T18:09:06.298,1784560146.299,78.203,6.342355e-01,4.095557e-03,6.210938e-01,6.464844e-01,2000,0,1.268471e-02
2026-07-20T18:09:06.398,1784560146.399,78.303,6.344438e-01,4.083356e-03,6.201172e-01,6.452637e-01,2000,0,1.268888e-02
2026-07-20T18:09:06.498,1784560146.498,78.403,6.337438e-01,3.586035e-03,6.206055e-01,6.457520e-01,2000,0,1.267488e-02
2026-07-20T18:09:06.598,1784560146.599,78.503,6.337831e-01,3.848874e-03,6.201172e-01,6.452637e-01,2000,0,1.267566e-02
2026-07-20T18:09:06.698,1784560146.698,78.603,6.326244e-01,3.685608e-03,6.174316e-01,6.437988e-01,2000,0,1.265249e-02
2026-07-20T18:09:06.798,1784560146.798,78.703,6.335114e-01,3.784499e-03,6.188965e-01,6.491699e-01,2000,0,1.267023e-02
2026-07-20T18:09:06.898,1784560146.899,78.803,6.336240e-01,4.085101e-03,6.206055e-01,6.474609e-01,2000,0,1.267248e-02
2026-07-20T18:09:06.998,1784560146.998,78.903,6.334347e-01,3.801338e-03,6.213379e-01,6.447754e-01,2000,0,1.266869e-02
2026-07-20T18:09:07.100,1784560147.101,79.003,6.330153e-01,3.836690e-03,6.125488e-01,6.445312e-01,2000,0,1.266031e-02
2026-07-20T18:09:07.198,1784560147.199,79.103,6.332252e-01,3.827419e-03,6.196289e-01,6.459961e-01,2000,0,1.266450e-02
2026-07-20T18:09:07.298,1784560147.298,79.203,6.332197e-01,3.772433e-03,6.215820e-01,6.447754e-01,2000,0,1.266439e-02
2026-07-20T18:09:07.398,1784560147.399,79.303,6.329691e-01,3.945225e-03,6.201172e-01,6.452637e-01,2000,0,1.265938e-02
2026-07-20T18:09:07.498,1784560147.499,79.403,6.328750e-01,3.935638e-03,6.208496e-01,6.457520e-01,2000,0,1.265750e-02
2026-07-20T18:09:07.598,1784560147.598,79.503,6.329575e-01,3.714896e-03,6.198730e-01,6.457520e-01,2000,0,1.265915e-02
2026-07-20T18:09:07.698,1784560147.698,79.603,6.325979e-01,3.659141e-03,6.203613e-01,6.472168e-01,2000,0,1.265196e-02
2026-07-20T18:09:07.800,1784560147.801,79.703,6.330093e-01,3.596295e-03,6.220703e-01,6.450195e-01,2000,0,1.266019e-02
2026-07-20T18:09:07.898,1784560147.898,79.803,6.329319e-01,3.669758e-03,6.213379e-01,6.464844e-01,2000,0,1.265864e-02
2026-07-20T18:09:07.998,1784560147.998,79.903,6.334110e-01,3.508214e-03,6.232910e-01,6.506348e-01,2000,0,1.266822e-02
2026-07-20T18:09:08.098,1784560148.098,80.003,6.336010e-01,3.702961e-03,6.218262e-01,6.464844e-01,2000,0,1.267202e-02
2026-07-20T18:09:08.198,1784560148.198,80.103,6.333865e-01,3.785871e-03,6.181641e-01,6.464844e-01,2000,0,1.266773e-02
2026-07-20T18:09:08.300,1784560148.300,80.203,6.341259e-01,3.649412e-03,6.210938e-01,6.447754e-01,2000,0,1.268252e-02
2026-07-20T18:09:08.398,1784560148.399,80.303,6.332061e-01,3.789142e-03,6.186523e-01,6.481934e-01,2000,0,1.266412e-02
2026-07-20T18:09:08.498,1784560148.498,80.403,6.337225e-01,3.561201e-03,6.232910e-01,6.442871e-01,2000,0,1.267445e-02
2026-07-20T18:09:08.598,1784560148.598,80.503,6.339073e-01,3.482679e-03,6.220703e-01,6.450195e-01,2000,0,1.267815e-02
2026-07-20T18:09:08.698,1784560148.699,80.603,6.340632e-01,3.589804e-03,6.232910e-01,6.464844e-01,2000,0,1.268126e-02
2026-07-20T18:09:08.798,1784560148.798,80.703,6.337175e-01,3.410953e-03,6.225586e-01,6.462402e-01,2000,0,1.267435e-02
2026-07-20T18:09:08.900,1784560148.901,80.803,6.333778e-01,3.449068e-03,6.228027e-01,6.455078e-01,2000,0,1.266756e-02
2026-07-20T18:09:09.000,1784560149.001,80.903,6.338414e-01,3.416717e-03,6.201172e-01,6.455078e-01,2000,0,1.267683e-02
2026-07-20T18:09:09.098,1784560149.098,81.003,6.330901e-01,3.241267e-03,6.181641e-01,6.455078e-01,2000,0,1.266180e-02
2026-07-20T18:09:09.198,1784560149.198,81.103,6.332180e-01,3.194317e-03,6.191406e-01,6.452637e-01,2000,0,1.266436e-02
2026-07-20T18:09:09.298,1784560149.298,81.203,6.326151e-01,3.063521e-03,6.203613e-01,6.462402e-01,2000,0,1.265230e-02
2026-07-20T18:09:09.398,1784560149.399,81.303,6.323385e-01,3.237447e-03,6.196289e-01,6.428223e-01,2000,0,1.264677e-02
2026-07-20T18:09:09.498,1784560149.498,81.403,6.321685e-01,3.064650e-03,6.213379e-01,6.425781e-01,2000,0,1.264337e-02
2026-07-20T18:09:09.598,1784560149.599,81.503,6.312000e-01,3.118145e-03,6.220703e-01,6.440430e-01,2000,0,1.262400e-02
2026-07-20T18:09:09.698,1784560149.698,81.603,6.302506e-01,2.987068e-03,6.174316e-01,6.398926e-01,2000,0,1.260501e-02
2026-07-20T18:09:09.799,1784560149.800,81.703,6.293606e-01,2.808590e-03,6.191406e-01,6.389160e-01,2000,0,1.258721e-02
2026-07-20T18:09:09.898,1784560149.898,81.803,6.288807e-01,2.662091e-03,6.193848e-01,6.367188e-01,2000,0,1.257761e-02
2026-07-20T18:09:09.998,1784560149.998,81.903,6.282903e-01,2.740292e-03,6.176758e-01,6.391602e-01,2000,0,1.256581e-02
2026-07-20T18:09:10.098,1784560150.098,82.003,6.278546e-01,2.520484e-03,6.184082e-01,6.364746e-01,2000,0,1.255709e-02
2026-07-20T18:09:10.198,1784560150.198,82.103,6.268022e-01,2.523629e-03,6.184082e-01,6.352539e-01,2000,0,1.253604e-02
2026-07-20T18:09:10.298,1784560150.299,82.203,6.261749e-01,2.685151e-03,6.174316e-01,6.347656e-01,2000,0,1.252350e-02
2026-07-20T18:09:10.398,1784560150.398,82.303,6.254967e-01,2.442374e-03,6.162109e-01,6.347656e-01,2000,0,1.250993e-02
2026-07-20T18:09:10.498,1784560150.498,82.403,6.241754e-01,2.620119e-03,6.149902e-01,6.352539e-01,2000,0,1.248351e-02
2026-07-20T18:09:10.598,1784560150.599,82.503,6.232670e-01,2.449386e-03,6.147461e-01,6.320801e-01,2000,0,1.246534e-02
2026-07-20T18:09:10.698,1784560150.699,82.603,6.226385e-01,2.338967e-03,6.132812e-01,6.318359e-01,2000,0,1.245277e-02
2026-07-20T18:09:10.800,1784560150.801,82.703,6.217229e-01,2.400910e-03,6.113281e-01,6.308594e-01,2000,0,1.243446e-02
2026-07-20T18:09:10.900,1784560150.901,82.803,6.204796e-01,2.371129e-03,6.115723e-01,6.291504e-01,2000,0,1.240959e-02
2026-07-20T18:09:11.000,1784560151.000,82.903,6.201346e-01,2.363268e-03,6.059570e-01,6.293945e-01,2000,0,1.240269e-02
2026-07-20T18:09:11.100,1784560151.101,83.003,6.189093e-01,2.357313e-03,6.098633e-01,6.293945e-01,2000,0,1.237819e-02
2026-07-20T18:09:11.198,1784560151.199,83.103,6.181605e-01,2.344122e-03,6.079102e-01,6.279297e-01,2000,0,1.236321e-02
2026-07-20T18:09:11.298,1784560151.298,83.203,6.178973e-01,2.530338e-03,6.093750e-01,6.274414e-01,2000,0,1.235795e-02
2026-07-20T18:09:11.398,1784560151.399,83.303,6.171464e-01,2.562722e-03,6.086426e-01,6.274414e-01,2000,0,1.234293e-02
2026-07-20T18:09:11.500,1784560151.501,83.403,6.160308e-01,2.400876e-03,6.066895e-01,6.254883e-01,2000,0,1.232062e-02
2026-07-20T18:09:11.598,1784560151.599,83.503,6.153300e-01,2.524905e-03,6.066895e-01,6.242676e-01,2000,0,1.230660e-02
2026-07-20T18:09:11.698,1784560151.699,83.603,6.140421e-01,2.673657e-03,6.022949e-01,6.223145e-01,2000,0,1.228084e-02
2026-07-20T18:09:11.798,1784560151.799,83.703,6.129216e-01,2.826420e-03,6.035156e-01,6.237793e-01,2000,0,1.225843e-02
2026-07-20T18:09:11.898,1784560151.898,83.803,6.120753e-01,2.769677e-03,6.022949e-01,6.198730e-01,2000,0,1.224151e-02
2026-07-20T18:09:12.000,1784560152.001,83.903,6.100979e-01,2.921798e-03,6.010742e-01,6.188965e-01,2000,0,1.220196e-02
2026-07-20T18:09:12.100,1784560152.101,84.003,6.092526e-01,2.777479e-03,5.981445e-01,6.184082e-01,2000,0,1.218505e-02
2026-07-20T18:09:12.198,1784560152.198,84.103,6.077698e-01,2.815920e-03,5.988770e-01,6.174316e-01,2000,0,1.215540e-02
2026-07-20T18:09:12.298,1784560152.298,84.203,6.062745e-01,2.823212e-03,5.971680e-01,6.164551e-01,2000,0,1.212549e-02
2026-07-20T18:09:12.398,1784560152.399,84.303,6.048824e-01,2.862014e-03,5.957031e-01,6.142578e-01,2000,0,1.209765e-02
2026-07-20T18:09:12.498,1784560152.498,84.403,6.032112e-01,2.883982e-03,5.935059e-01,6.120605e-01,2000,0,1.206422e-02
2026-07-20T18:09:12.598,1784560152.598,84.503,6.016390e-01,2.978508e-03,5.898438e-01,6.113281e-01,2000,0,1.203278e-02
2026-07-20T18:09:12.698,1784560152.698,84.603,6.003484e-01,2.927625e-03,5.893555e-01,6.108398e-01,2000,0,1.200697e-02
2026-07-20T18:09:12.798,1784560152.799,84.703,5.978304e-01,2.878142e-03,5.874023e-01,6.069336e-01,2000,0,1.195661e-02
2026-07-20T18:09:12.900,1784560152.901,84.803,5.965844e-01,3.126364e-03,5.864258e-01,6.071777e-01,2000,0,1.193169e-02
2026-07-20T18:09:12.998,1784560152.998,84.903,5.951573e-01,3.093244e-03,5.834961e-01,6.052246e-01,2000,0,1.190315e-02
2026-07-20T18:09:13.098,1784560153.098,85.003,5.930703e-01,3.071638e-03,5.825195e-01,6.069336e-01,2000,0,1.186141e-02
2026-07-20T18:09:13.198,1784560153.198,85.103,5.906847e-01,2.949052e-03,5.815430e-01,6.047363e-01,2000,0,1.181369e-02
2026-07-20T18:09:13.298,1784560153.298,85.203,5.891259e-01,3.042574e-03,5.781250e-01,5.998535e-01,2000,0,1.178252e-02
2026-07-20T18:09:13.400,1784560153.401,85.303,5.873054e-01,2.940029e-03,5.766602e-01,5.971680e-01,2000,0,1.174611e-02
2026-07-20T18:09:13.500,1784560153.500,85.403,5.858535e-01,3.086189e-03,5.715332e-01,5.969238e-01,2000,0,1.171707e-02
2026-07-20T18:09:13.600,1784560153.600,85.503,5.840789e-01,2.985204e-03,5.742188e-01,5.937500e-01,2000,0,1.168158e-02
2026-07-20T18:09:13.700,1784560153.700,85.603,5.826187e-01,3.011108e-03,5.720215e-01,5.930176e-01,2000,0,1.165237e-02
2026-07-20T18:09:13.800,1784560153.800,85.703,5.796133e-01,3.063754e-03,5.627441e-01,5.903320e-01,2000,0,1.159227e-02
2026-07-20T18:09:13.900,1784560153.900,85.803,5.775475e-01,2.926165e-03,5.686035e-01,5.871582e-01,2000,0,1.155095e-02
2026-07-20T18:09:14.000,1784560154.001,85.903,5.754808e-01,3.084790e-03,5.642090e-01,5.859375e-01,2000,0,1.150962e-02
2026-07-20T18:09:14.100,1784560154.100,86.003,5.731057e-01,3.033987e-03,5.625000e-01,5.842285e-01,2000,0,1.146211e-02
2026-07-20T18:09:14.200,1784560154.201,86.103,5.697029e-01,2.912425e-03,5.607910e-01,5.800781e-01,2000,0,1.139406e-02
2026-07-20T18:09:14.298,1784560154.298,86.203,5.677017e-01,3.046112e-03,5.573730e-01,5.795898e-01,2000,0,1.135403e-02
2026-07-20T18:09:14.398,1784560154.398,86.303,5.636914e-01,3.181299e-03,5.539551e-01,5.727539e-01,2000,0,1.127383e-02
2026-07-20T18:09:14.498,1784560154.498,86.403,5.612300e-01,3.156807e-03,5.510254e-01,5.729980e-01,2000,0,1.122460e-02
2026-07-20T18:09:14.598,1784560154.599,86.503,5.589093e-01,3.052978e-03,5.488281e-01,5.690918e-01,2000,0,1.117819e-02
2026-07-20T18:09:14.698,1784560154.698,86.603,5.548903e-01,3.103764e-03,5.437012e-01,5.664062e-01,2000,0,1.109781e-02
2026-07-20T18:09:14.798,1784560154.799,86.703,5.524933e-01,3.071221e-03,5.415039e-01,5.634766e-01,2000,0,1.104987e-02
2026-07-20T18:09:14.898,1784560154.898,86.803,5.506276e-01,3.176796e-03,5.378418e-01,5.617676e-01,2000,0,1.101255e-02
2026-07-20T18:09:14.998,1784560154.998,86.903,5.472776e-01,3.273040e-03,5.380859e-01,5.612793e-01,2000,0,1.094555e-02
2026-07-20T18:09:15.098,1784560155.099,87.003,5.445929e-01,3.189646e-03,5.332031e-01,5.566406e-01,2000,0,1.089186e-02
2026-07-20T18:09:15.198,1784560155.199,87.103,5.429626e-01,3.187596e-03,5.305176e-01,5.563965e-01,2000,0,1.085925e-02
2026-07-20T18:09:15.298,1784560155.298,87.203,5.399712e-01,3.153128e-03,5.280762e-01,5.507812e-01,2000,0,1.079942e-02
2026-07-20T18:09:15.398,1784560155.399,87.303,5.379247e-01,3.129586e-03,5.268555e-01,5.476074e-01,2000,0,1.075849e-02
2026-07-20T18:09:15.498,1784560155.498,87.403,5.357858e-01,3.140353e-03,5.251465e-01,5.451660e-01,2000,0,1.071572e-02
2026-07-20T18:09:15.598,1784560155.598,87.503,5.331554e-01,3.251329e-03,5.219727e-01,5.439453e-01,2000,0,1.066311e-02
2026-07-20T18:09:15.698,1784560155.698,87.603,5.314467e-01,3.278934e-03,5.178223e-01,5.441895e-01,2000,0,1.062893e-02
2026-07-20T18:09:15.798,1784560155.799,87.703,5.301920e-01,3.265788e-03,5.183105e-01,5.395508e-01,2000,0,1.060384e-02
2026-07-20T18:09:15.898,1784560155.898,87.803,5.285769e-01,3.317218e-03,5.166016e-01,5.393066e-01,2000,0,1.057154e-02
2026-07-20T18:09:15.998,1784560155.999,87.903,5.272672e-01,3.217707e-03,5.166016e-01,5.375977e-01,2000,0,1.054534e-02
2026-07-20T18:09:16.098,1784560156.098,88.003,5.258816e-01,3.282551e-03,5.151367e-01,5.361328e-01,2000,0,1.051763e-02
2026-07-20T18:09:16.198,1784560156.198,88.103,5.252120e-01,3.027367e-03,5.146484e-01,5.356445e-01,2000,0,1.050424e-02
2026-07-20T18:09:16.300,1784560156.301,88.203,5.245042e-01,2.975511e-03,5.139160e-01,5.354004e-01,2000,0,1.049008e-02
2026-07-20T18:09:16.398,1784560156.398,88.303,5.232740e-01,2.999834e-03,5.119629e-01,5.322266e-01,2000,0,1.046548e-02
2026-07-20T18:09:16.498,1784560156.498,88.403,5.230380e-01,3.017615e-03,5.112305e-01,5.324707e-01,2000,0,1.046076e-02
2026-07-20T18:09:16.598,1784560156.599,88.503,5.228815e-01,3.163685e-03,5.109863e-01,5.361328e-01,2000,0,1.045763e-02
2026-07-20T18:09:16.698,1784560156.699,88.603,5.226078e-01,3.107822e-03,5.114746e-01,5.322266e-01,2000,0,1.045216e-02
2026-07-20T18:09:16.798,1784560156.798,88.703,5.224987e-01,3.072378e-03,5.087891e-01,5.344238e-01,2000,0,1.044997e-02
2026-07-20T18:09:16.898,1784560156.898,88.803,5.225350e-01,3.121148e-03,5.102539e-01,5.334473e-01,2000,0,1.045070e-02
2026-07-20T18:09:16.998,1784560156.998,88.903,5.224868e-01,3.266477e-03,5.104980e-01,5.319824e-01,2000,0,1.044974e-02
2026-07-20T18:09:17.098,1784560157.098,89.003,5.224448e-01,3.000434e-03,5.117188e-01,5.312500e-01,2000,0,1.044890e-02
2026-07-20T18:09:17.200,1784560157.201,89.103,5.227350e-01,3.108558e-03,5.104980e-01,5.319824e-01,2000,0,1.045470e-02
2026-07-20T18:09:17.300,1784560157.301,89.203,5.226824e-01,3.210856e-03,5.122070e-01,5.324707e-01,2000,0,1.045365e-02
2026-07-20T18:09:17.400,1784560157.400,89.303,5.230281e-01,3.144079e-03,5.112305e-01,5.332031e-01,2000,0,1.046056e-02
2026-07-20T18:09:17.498,1784560157.499,89.403,5.236041e-01,3.253202e-03,5.122070e-01,5.344238e-01,2000,0,1.047208e-02
2026-07-20T18:09:17.598,1784560157.598,89.503,5.241099e-01,3.164532e-03,5.114746e-01,5.346680e-01,2000,0,1.048220e-02
2026-07-20T18:09:17.698,1784560157.698,89.603,5.245621e-01,3.221525e-03,5.124512e-01,5.336914e-01,2000,0,1.049124e-02
2026-07-20T18:09:17.798,1784560157.798,89.703,5.253557e-01,3.185549e-03,5.139160e-01,5.378418e-01,2000,0,1.050711e-02
2026-07-20T18:09:17.900,1784560157.900,89.803,5.257439e-01,3.208942e-03,5.156250e-01,5.380859e-01,2000,0,1.051488e-02
2026-07-20T18:09:17.998,1784560157.999,89.903,5.267363e-01,3.409036e-03,5.153809e-01,5.407715e-01,2000,0,1.053473e-02
2026-07-20T18:09:18.098,1784560158.099,90.003,5.276531e-01,3.415219e-03,5.170898e-01,5.395508e-01,2000,0,1.055306e-02
2026-07-20T18:09:18.200,1784560158.201,90.103,5.287245e-01,3.369139e-03,5.166016e-01,5.402832e-01,2000,0,1.057449e-02
2026-07-20T18:09:18.300,1784560158.300,90.203,5.294858e-01,3.290395e-03,5.173340e-01,5.417480e-01,2000,0,1.058972e-02
2026-07-20T18:09:18.401,1784560158.401,90.303,5.305968e-01,3.224812e-03,5.117188e-01,5.402832e-01,2000,0,1.061194e-02
2026-07-20T18:09:18.498,1784560158.499,90.403,5.314758e-01,3.350294e-03,5.187988e-01,5.415039e-01,2000,0,1.062952e-02
2026-07-20T18:09:18.600,1784560158.601,90.503,5.327439e-01,3.284883e-03,5.209961e-01,5.427246e-01,2000,0,1.065488e-02
2026-07-20T18:09:18.700,1784560158.700,90.603,5.339098e-01,3.119018e-03,5.239258e-01,5.439453e-01,2000,0,1.067820e-02
2026-07-20T18:09:18.800,1784560158.800,90.703,5.346597e-01,3.127639e-03,5.234375e-01,5.456543e-01,2000,0,1.069319e-02
2026-07-20T18:09:18.900,1784560158.900,90.803,5.363109e-01,3.019856e-03,5.256348e-01,5.471191e-01,2000,0,1.072622e-02
2026-07-20T18:09:18.998,1784560158.999,90.903,5.370842e-01,3.213417e-03,5.258789e-01,5.473633e-01,2000,0,1.074168e-02
2026-07-20T18:09:19.100,1784560159.101,91.003,5.384999e-01,3.172887e-03,5.244141e-01,5.493164e-01,2000,0,1.077000e-02
2026-07-20T18:09:19.200,1784560159.201,91.103,5.397142e-01,3.110712e-03,5.305176e-01,5.500488e-01,2000,0,1.079428e-02
2026-07-20T18:09:19.298,1784560159.298,91.203,5.407045e-01,2.917671e-03,5.292969e-01,5.507812e-01,2000,0,1.081409e-02
2026-07-20T18:09:19.399,1784560159.400,91.303,5.418341e-01,3.030996e-03,5.288086e-01,5.512695e-01,2000,0,1.083668e-02
2026-07-20T18:09:19.498,1784560159.498,91.403,5.430494e-01,3.146387e-03,5.329590e-01,5.549316e-01,2000,0,1.086099e-02
2026-07-20T18:09:19.598,1784560159.599,91.503,5.442274e-01,3.338272e-03,5.349121e-01,5.549316e-01,2000,0,1.088455e-02
2026-07-20T18:09:19.698,1784560159.699,91.603,5.459752e-01,3.309754e-03,5.351562e-01,5.566406e-01,2000,0,1.091950e-02
2026-07-20T18:09:19.798,1784560159.799,91.703,5.472104e-01,3.167428e-03,5.336914e-01,5.568848e-01,2000,0,1.094421e-02
2026-07-20T18:09:19.898,1784560159.899,91.803,5.486744e-01,3.196585e-03,5.358887e-01,5.581055e-01,2000,0,1.097349e-02
2026-07-20T18:09:20.001,1784560160.001,91.903,5.499077e-01,3.235595e-03,5.395508e-01,5.612793e-01,2000,0,1.099815e-02
2026-07-20T18:09:20.098,1784560160.099,92.003,5.509271e-01,3.268645e-03,5.405273e-01,5.610352e-01,2000,0,1.101854e-02
2026-07-20T18:09:20.198,1784560160.199,92.103,5.525701e-01,3.281000e-03,5.415039e-01,5.637207e-01,2000,0,1.105140e-02
2026-07-20T18:09:20.300,1784560160.301,92.203,5.534445e-01,3.286201e-03,5.441895e-01,5.632324e-01,2000,0,1.106889e-02
2026-07-20T18:09:20.398,1784560160.399,92.303,5.548964e-01,3.272383e-03,5.446777e-01,5.686035e-01,2000,0,1.109793e-02
2026-07-20T18:09:20.498,1784560160.499,92.403,5.569021e-01,3.308956e-03,5.454102e-01,5.681152e-01,2000,0,1.113804e-02
2026-07-20T18:09:20.600,1784560160.601,92.503,5.581782e-01,3.260829e-03,5.473633e-01,5.693359e-01,2000,0,1.116356e-02
2026-07-20T18:09:20.698,1784560160.698,92.603,5.590590e-01,3.382467e-03,5.483398e-01,5.708008e-01,2000,0,1.118118e-02
2026-07-20T18:09:20.800,1784560160.801,92.703,5.608586e-01,3.342688e-03,5.495605e-01,5.717773e-01,2000,0,1.121717e-02
2026-07-20T18:09:20.901,1784560160.901,92.803,5.627004e-01,3.383951e-03,5.529785e-01,5.754395e-01,2000,0,1.125401e-02
2026-07-20T18:09:20.998,1784560160.999,92.903,5.632911e-01,3.349193e-03,5.524902e-01,5.727539e-01,2000,0,1.126582e-02
2026-07-20T18:09:21.098,1784560161.099,93.003,5.652485e-01,3.345087e-03,5.541992e-01,5.769043e-01,2000,0,1.130497e-02
2026-07-20T18:09:21.198,1784560161.199,93.103,5.666244e-01,3.337137e-03,5.549316e-01,5.815430e-01,2000,0,1.133249e-02
2026-07-20T18:09:21.298,1784560161.299,93.203,5.678723e-01,3.280381e-03,5.554199e-01,5.786133e-01,2000,0,1.135745e-02
2026-07-20T18:09:21.398,1784560161.399,93.303,5.691891e-01,3.333255e-03,5.595703e-01,5.822754e-01,2000,0,1.138378e-02
2026-07-20T18:09:21.498,1784560161.499,93.403,5.704133e-01,3.144048e-03,5.573730e-01,5.815430e-01,2000,0,1.140827e-02
2026-07-20T18:09:21.598,1784560161.599,93.503,5.715977e-01,3.304426e-03,5.598145e-01,5.842285e-01,2000,0,1.143195e-02
2026-07-20T18:09:21.698,1784560161.699,93.603,5.730649e-01,3.301842e-03,5.605469e-01,5.871582e-01,2000,0,1.146130e-02
2026-07-20T18:09:21.798,1784560161.799,93.703,5.734602e-01,3.329755e-03,5.559082e-01,5.883789e-01,2000,0,1.146920e-02
2026-07-20T18:09:21.898,1784560161.899,93.803,5.752228e-01,3.378503e-03,5.639648e-01,5.874023e-01,2000,0,1.150446e-02
2026-07-20T18:09:21.998,1784560161.999,93.903,5.762467e-01,3.296455e-03,5.659180e-01,5.893555e-01,2000,0,1.152493e-02
2026-07-20T18:09:22.098,1784560162.099,94.003,5.775916e-01,3.324975e-03,5.659180e-01,5.900879e-01,2000,0,1.155183e-02
2026-07-20T18:09:22.198,1784560162.199,94.103,5.779987e-01,3.443341e-03,5.686035e-01,5.891113e-01,2000,0,1.155997e-02
2026-07-20T18:09:22.300,1784560162.301,94.203,5.793832e-01,3.264161e-03,5.693359e-01,5.935059e-01,2000,0,1.158766e-02
2026-07-20T18:09:22.398,1784560162.399,94.303,5.799528e-01,3.304521e-03,5.686035e-01,5.939941e-01,2000,0,1.159906e-02
2026-07-20T18:09:22.498,1784560162.499,94.403,5.802955e-01,3.349628e-03,5.705566e-01,5.932617e-01,2000,0,1.160591e-02
2026-07-20T18:09:22.600,1784560162.601,94.503,5.810431e-01,3.167627e-03,5.710449e-01,5.947266e-01,2000,0,1.162086e-02
2026-07-20T18:09:22.700,1784560162.701,94.603,5.813617e-01,3.242948e-03,5.717773e-01,5.944824e-01,2000,0,1.162723e-02
2026-07-20T18:09:22.800,1784560162.801,94.703,5.810520e-01,3.227193e-03,5.673828e-01,5.954590e-01,2000,0,1.162104e-02
2026-07-20T18:09:22.900,1784560162.901,94.803,5.811600e-01,3.181934e-03,5.681152e-01,5.930176e-01,2000,0,1.162320e-02
2026-07-20T18:09:23.001,1784560163.001,94.903,5.812661e-01,3.327047e-03,5.705566e-01,5.925293e-01,2000,0,1.162532e-02
2026-07-20T18:09:23.098,1784560163.099,95.003,5.807499e-01,3.337249e-03,5.698242e-01,5.939941e-01,2000,0,1.161500e-02
2026-07-20T18:09:23.198,1784560163.199,95.103,5.803486e-01,3.436381e-03,5.683594e-01,5.930176e-01,2000,0,1.160697e-02
2026-07-20T18:09:23.298,1784560163.299,95.203,5.803663e-01,3.280644e-03,5.695801e-01,5.913086e-01,2000,0,1.160733e-02
2026-07-20T18:09:23.398,1784560163.399,95.303,5.795156e-01,3.322471e-03,5.659180e-01,5.910645e-01,2000,0,1.159031e-02
2026-07-20T18:09:23.498,1784560163.499,95.403,5.786921e-01,3.357264e-03,5.676270e-01,5.922852e-01,2000,0,1.157384e-02
2026-07-20T18:09:23.598,1784560163.599,95.503,5.785341e-01,3.451998e-03,5.668945e-01,5.917969e-01,2000,0,1.157068e-02
2026-07-20T18:09:23.698,1784560163.699,95.603,5.779694e-01,3.465852e-03,5.676270e-01,5.883789e-01,2000,0,1.155939e-02
2026-07-20T18:09:23.798,1784560163.799,95.703,5.772175e-01,3.496550e-03,5.639648e-01,5.881348e-01,2000,0,1.154435e-02
2026-07-20T18:09:23.898,1784560163.899,95.803,5.770593e-01,3.489228e-03,5.644531e-01,5.874023e-01,2000,0,1.154119e-02
2026-07-20T18:09:23.998,1784560163.999,95.903,5.765896e-01,3.575610e-03,5.646973e-01,5.974121e-01,2000,0,1.153179e-02
2026-07-20T18:09:24.098,1784560164.098,96.003,5.753202e-01,3.547329e-03,5.617676e-01,5.881348e-01,2000,0,1.150640e-02
2026-07-20T18:09:24.200,1784560164.201,96.103,5.754261e-01,3.466544e-03,5.622559e-01,5.871582e-01,2000,0,1.150852e-02
2026-07-20T18:09:24.298,1784560164.298,96.203,5.747893e-01,3.488046e-03,5.612793e-01,5.903320e-01,2000,0,1.149579e-02
2026-07-20T18:09:24.398,1784560164.398,96.303,5.738632e-01,3.574573e-03,5.615234e-01,5.849609e-01,2000,0,1.147726e-02
2026-07-20T18:09:24.498,1784560164.499,96.403,5.734148e-01,3.452145e-03,5.632324e-01,5.869141e-01,2000,0,1.146830e-02
2026-07-20T18:09:24.598,1784560164.599,96.503,5.721542e-01,3.410926e-03,5.603027e-01,5.839844e-01,2000,0,1.144308e-02
2026-07-20T18:09:24.698,1784560164.699,96.603,5.712031e-01,3.546348e-03,5.583496e-01,5.830078e-01,2000,0,1.142406e-02
2026-07-20T18:09:24.801,1784560164.801,96.703,5.702893e-01,3.503439e-03,5.571289e-01,5.847168e-01,2000,0,1.140579e-02
2026-07-20T18:09:24.898,1784560164.899,96.803,5.691409e-01,3.567768e-03,5.559082e-01,5.820312e-01,2000,0,1.138282e-02
2026-07-20T18:09:24.998,1784560164.998,96.903,5.678463e-01,3.643779e-03,5.529785e-01,5.800781e-01,2000,0,1.135693e-02
2026-07-20T18:09:25.100,1784560165.101,97.003,5.666774e-01,3.713661e-03,5.537109e-01,5.778809e-01,2000,0,1.133355e-02
2026-07-20T18:09:25.198,1784560165.198,97.103,5.660138e-01,3.630917e-03,5.532227e-01,5.791016e-01,2000,0,1.132028e-02
2026-07-20T18:09:25.298,1784560165.298,97.203,5.647209e-01,3.580708e-03,5.529785e-01,5.800781e-01,2000,0,1.129442e-02
2026-07-20T18:09:25.398,1784560165.399,97.303,5.643138e-01,3.478529e-03,5.529785e-01,5.754395e-01,2000,0,1.128628e-02
2026-07-20T18:09:25.498,1784560165.498,97.403,5.630593e-01,3.586959e-03,5.476074e-01,5.761719e-01,2000,0,1.126119e-02
2026-07-20T18:09:25.598,1784560165.598,97.503,5.626251e-01,3.604543e-03,5.500488e-01,5.729980e-01,2000,0,1.125250e-02
2026-07-20T18:09:25.698,1784560165.699,97.603,5.617782e-01,3.557663e-03,5.495605e-01,5.764160e-01,2000,0,1.123556e-02
2026-07-20T18:09:25.798,1784560165.799,97.703,5.607362e-01,3.495929e-03,5.488281e-01,5.717773e-01,2000,0,1.121472e-02
2026-07-20T18:09:25.898,1784560165.898,97.803,5.602932e-01,3.432816e-03,5.493164e-01,5.710449e-01,2000,0,1.120586e-02
2026-07-20T18:09:25.998,1784560165.999,97.903,5.602111e-01,3.449859e-03,5.485840e-01,5.712891e-01,2000,0,1.120422e-02
2026-07-20T18:09:26.100,1784560166.101,98.003,5.591385e-01,3.404584e-03,5.466309e-01,5.698242e-01,2000,0,1.118277e-02
2026-07-20T18:09:26.198,1784560166.198,98.103,5.592937e-01,3.390851e-03,5.468750e-01,5.734863e-01,2000,0,1.118587e-02
2026-07-20T18:09:26.298,1784560166.298,98.203,5.593893e-01,3.368749e-03,5.468750e-01,5.693359e-01,2000,0,1.118779e-02
2026-07-20T18:09:26.398,1784560166.399,98.303,5.590937e-01,3.487852e-03,5.468750e-01,5.712891e-01,2000,0,1.118187e-02
2026-07-20T18:09:26.498,1784560166.498,98.403,5.591405e-01,3.381556e-03,5.407715e-01,5.700684e-01,2000,0,1.118281e-02
2026-07-20T18:09:26.598,1784560166.599,98.503,5.593208e-01,3.301694e-03,5.449219e-01,5.700684e-01,2000,0,1.118642e-02
2026-07-20T18:09:26.698,1784560166.699,98.603,5.590621e-01,3.214562e-03,5.490723e-01,5.698242e-01,2000,0,1.118124e-02
2026-07-20T18:09:26.798,1784560166.798,98.703,5.595093e-01,3.335166e-03,5.449219e-01,5.688477e-01,2000,0,1.119019e-02
2026-07-20T18:09:26.898,1784560166.899,98.803,5.601173e-01,3.386836e-03,5.500488e-01,5.717773e-01,2000,0,1.120235e-02
2026-07-20T18:09:26.998,1784560166.998,98.903,5.599343e-01,3.411143e-03,5.500488e-01,5.722656e-01,2000,0,1.119869e-02
2026-07-20T18:09:27.100,1784560167.100,99.003,5.604589e-01,3.461140e-03,5.495605e-01,5.729980e-01,2000,0,1.120918e-02
2026-07-20T18:09:27.198,1784560167.198,99.103,5.612795e-01,3.438268e-03,5.466309e-01,5.720215e-01,2000,0,1.122559e-02
2026-07-20T18:09:27.298,1784560167.298,99.203,5.618804e-01,3.413428e-03,5.517578e-01,5.739746e-01,2000,0,1.123761e-02
2026-07-20T18:09:27.398,1784560167.398,99.303,5.622351e-01,3.625063e-03,5.488281e-01,5.722656e-01,2000,0,1.124470e-02
2026-07-20T18:09:27.498,1784560167.498,99.403,5.631796e-01,3.555576e-03,5.524902e-01,5.734863e-01,2000,0,1.126359e-02
2026-07-20T18:09:27.598,1784560167.598,99.503,5.635209e-01,3.492871e-03,5.522461e-01,5.742188e-01,2000,0,1.127042e-02
2026-07-20T18:09:27.698,1784560167.698,99.603,5.641857e-01,3.636576e-03,5.490723e-01,5.754395e-01,2000,0,1.128371e-02
2026-07-20T18:09:27.801,1784560167.801,99.703,5.651650e-01,3.492090e-03,5.546875e-01,5.791016e-01,2000,0,1.130330e-02
2026-07-20T18:09:27.898,1784560167.898,99.803,5.656007e-01,3.527023e-03,5.529785e-01,5.776367e-01,2000,0,1.131201e-02
2026-07-20T18:09:27.998,1784560167.998,99.903,5.662709e-01,3.397891e-03,5.556641e-01,5.769043e-01,2000,0,1.132542e-02
2026-07-20T18:09:28.098,1784560168.098,100.003,5.675253e-01,3.456716e-03,5.561523e-01,5.778809e-01,2000,0,1.135051e-02
2026-07-20T18:09:28.198,1784560168.198,100.103,5.680828e-01,3.418547e-03,5.563965e-01,5.812988e-01,2000,0,1.136166e-02
2026-07-20T18:09:28.298,1784560168.298,100.203,5.689031e-01,3.499341e-03,5.581055e-01,5.854492e-01,2000,0,1.137806e-02
2026-07-20T18:09:28.398,1784560168.399,100.303,5.704275e-01,3.487352e-03,5.571289e-01,5.808105e-01,2000,0,1.140855e-02
2026-07-20T18:09:28.498,1784560168.498,100.403,5.708099e-01,3.468078e-03,5.578613e-01,5.820312e-01,2000,0,1.141620e-02
2026-07-20T18:09:28.598,1784560168.598,100.503,5.713344e-01,3.304469e-03,5.593262e-01,5.830078e-01,2000,0,1.142669e-02
2026-07-20T18:09:28.698,1784560168.698,100.603,5.727393e-01,3.367950e-03,5.554199e-01,5.827637e-01,2000,0,1.145479e-02
2026-07-20T18:09:28.798,1784560168.798,100.703,5.736349e-01,3.256778e-03,5.627441e-01,5.844727e-01,2000,0,1.147270e-02
2026-07-20T18:09:28.898,1784560168.898,100.803,5.744600e-01,3.056450e-03,5.637207e-01,5.839844e-01,2000,0,1.148920e-02
2026-07-20T18:09:28.998,1784560168.998,100.903,5.764658e-01,3.243263e-03,5.656738e-01,5.895996e-01,2000,0,1.152932e-02
2026-07-20T18:09:29.098,1784560169.098,101.003,5.765026e-01,3.093309e-03,5.671387e-01,5.881348e-01,2000,0,1.153005e-02
2026-07-20T18:09:29.198,1784560169.198,101.103,5.774445e-01,3.125909e-03,5.661621e-01,5.920410e-01,2000,0,1.154889e-02
2026-07-20T18:09:29.298,1784560169.298,101.203,5.792614e-01,2.908422e-03,5.700684e-01,5.883789e-01,2000,0,1.158523e-02
2026-07-20T18:09:29.398,1784560169.399,101.303,5.799270e-01,2.839365e-03,5.695801e-01,5.937500e-01,2000,0,1.159854e-02
2026-07-20T18:09:29.498,1784560169.498,101.403,5.808530e-01,2.839196e-03,5.712891e-01,5.893555e-01,2000,0,1.161706e-02
2026-07-20T18:09:29.598,1784560169.599,101.503,5.822781e-01,2.588050e-03,5.732422e-01,5.913086e-01,2000,0,1.164556e-02
2026-07-20T18:09:29.698,1784560169.698,101.603,5.827972e-01,2.708152e-03,5.725098e-01,5.964355e-01,2000,0,1.165594e-02
2026-07-20T18:09:29.798,1784560169.798,101.703,5.844094e-01,2.423394e-03,5.734863e-01,5.942383e-01,2000,0,1.168819e-02
2026-07-20T18:09:29.898,1784560169.898,101.803,5.855054e-01,2.406366e-03,5.754395e-01,5.979004e-01,2000,0,1.171011e-02
2026-07-20T18:09:29.998,1784560169.999,101.903,5.863081e-01,2.453955e-03,5.781250e-01,5.949707e-01,2000,0,1.172616e-02
2026-07-20T18:09:30.098,1784560170.098,102.003,5.871178e-01,2.485240e-03,5.776367e-01,5.964355e-01,2000,0,1.174236e-02
2026-07-20T18:09:30.198,1784560170.198,102.103,5.885685e-01,2.459401e-03,5.805664e-01,5.976562e-01,2000,0,1.177137e-02
2026-07-20T18:09:30.298,1784560170.298,102.203,5.894358e-01,2.558272e-03,5.771484e-01,6.005859e-01,2000,0,1.178872e-02
2026-07-20T18:09:30.398,1784560170.398,102.303,5.905187e-01,2.543648e-03,5.822754e-01,6.000977e-01,2000,0,1.181037e-02
2026-07-20T18:09:30.500,1784560170.501,102.403,5.915886e-01,2.562609e-03,5.820312e-01,6.005859e-01,2000,0,1.183177e-02
2026-07-20T18:09:30.598,1784560170.598,102.503,5.926780e-01,2.639917e-03,5.815430e-01,6.008301e-01,2000,0,1.185356e-02
2026-07-20T18:09:30.698,1784560170.698,102.603,5.936091e-01,2.692807e-03,5.822754e-01,6.040039e-01,2000,0,1.187218e-02
2026-07-20T18:09:30.798,1784560170.798,102.703,5.946561e-01,2.842360e-03,5.847168e-01,6.076660e-01,2000,0,1.189312e-02
2026-07-20T18:09:30.898,1784560170.898,102.803,5.955229e-01,2.704681e-03,5.859375e-01,6.071777e-01,2000,0,1.191046e-02
2026-07-20T18:09:30.998,1784560170.998,102.903,5.968365e-01,2.807529e-03,5.866699e-01,6.081543e-01,2000,0,1.193673e-02
2026-07-20T18:09:31.100,1784560171.101,103.003,5.977173e-01,2.744140e-03,5.886230e-01,6.108398e-01,2000,0,1.195435e-02
2026-07-20T18:09:31.198,1784560171.198,103.103,5.985836e-01,2.849749e-03,5.888672e-01,6.086426e-01,2000,0,1.197167e-02
2026-07-20T18:09:31.298,1784560171.298,103.203,5.991378e-01,2.907568e-03,5.888672e-01,6.081543e-01,2000,0,1.198276e-02
2026-07-20T18:09:31.398,1784560171.399,103.303,6.006316e-01,2.967339e-03,5.883789e-01,6.105957e-01,2000,0,1.201263e-02
2026-07-20T18:09:31.498,1784560171.499,103.403,6.013641e-01,2.978969e-03,5.910645e-01,6.123047e-01,2000,0,1.202728e-02
2026-07-20T18:09:31.598,1784560171.598,103.503,6.021393e-01,3.101913e-03,5.913086e-01,6.152344e-01,2000,0,1.204279e-02
2026-07-20T18:09:31.698,1784560171.699,103.603,6.038390e-01,3.177471e-03,5.927734e-01,6.242676e-01,2000,0,1.207678e-02
2026-07-20T18:09:31.798,1784560171.798,103.703,6.034728e-01,3.111502e-03,5.915527e-01,6.171875e-01,2000,0,1.206946e-02
2026-07-20T18:09:31.898,1784560171.898,103.803,6.045664e-01,3.271954e-03,5.944824e-01,6.159668e-01,2000,0,1.209133e-02
2026-07-20T18:09:31.998,1784560171.998,103.903,6.057345e-01,3.394807e-03,5.961914e-01,6.171875e-01,2000,0,1.211469e-02
2026-07-20T18:09:32.098,1784560172.098,104.003,6.064277e-01,3.289434e-03,5.957031e-01,6.184082e-01,2000,0,1.212855e-02
2026-07-20T18:09:32.198,1784560172.199,104.103,6.071902e-01,3.287781e-03,5.959473e-01,6.201172e-01,2000,0,1.214380e-02
2026-07-20T18:09:32.298,1784560172.298,104.203,6.082960e-01,3.357981e-03,5.971680e-01,6.215820e-01,2000,0,1.216592e-02
2026-07-20T18:09:32.398,1784560172.398,104.303,6.088982e-01,3.518165e-03,5.949707e-01,6.191406e-01,2000,0,1.217796e-02
2026-07-20T18:09:32.498,1784560172.498,104.403,6.095878e-01,3.321533e-03,5.971680e-01,6.218262e-01,2000,0,1.219176e-02
2026-07-20T18:09:32.598,1784560172.598,104.503,6.105254e-01,3.302403e-03,6.013184e-01,6.215820e-01,2000,0,1.221051e-02
2026-07-20T18:09:32.700,1784560172.700,104.603,6.105554e-01,3.416100e-03,5.991211e-01,6.210938e-01,2000,0,1.221111e-02
2026-07-20T18:09:32.798,1784560172.798,104.703,6.120948e-01,3.178855e-03,6.015625e-01,6.223145e-01,2000,0,1.224190e-02
2026-07-20T18:09:32.898,1784560172.898,104.803,6.129253e-01,3.289021e-03,5.988770e-01,6.245117e-01,2000,0,1.225851e-02
2026-07-20T18:09:32.998,1784560172.998,104.903,6.136594e-01,3.278479e-03,6.047363e-01,6.281738e-01,2000,0,1.227319e-02
2026-07-20T18:09:33.098,1784560173.098,105.003,6.141852e-01,3.183148e-03,6.018066e-01,6.306152e-01,2000,0,1.228370e-02
2026-07-20T18:09:33.198,1784560173.198,105.103,6.150624e-01,3.138296e-03,6.047363e-01,6.279297e-01,2000,0,1.230125e-02
2026-07-20T18:09:33.298,1784560173.298,105.203,6.152435e-01,3.176147e-03,6.052246e-01,6.257324e-01,2000,0,1.230487e-02
2026-07-20T18:09:33.398,1784560173.398,105.303,6.158640e-01,3.123242e-03,6.044922e-01,6.271973e-01,2000,0,1.231728e-02
2026-07-20T18:09:33.500,1784560173.501,105.403,6.166503e-01,3.001136e-03,6.062012e-01,6.289062e-01,2000,0,1.233301e-02
2026-07-20T18:09:33.598,1784560173.599,105.503,6.168849e-01,3.162786e-03,6.049805e-01,6.276855e-01,2000,0,1.233770e-02
2026-07-20T18:09:33.698,1784560173.698,105.603,6.169886e-01,3.005064e-03,6.064453e-01,6.291504e-01,2000,0,1.233977e-02
2026-07-20T18:09:33.800,1784560173.801,105.703,6.178206e-01,2.938315e-03,6.059570e-01,6.276855e-01,2000,0,1.235641e-02
2026-07-20T18:09:33.898,1784560173.898,105.803,6.183026e-01,2.994447e-03,6.079102e-01,6.281738e-01,2000,0,1.236605e-02
2026-07-20T18:09:33.998,1784560173.998,105.903,6.188556e-01,2.983019e-03,6.088867e-01,6.286621e-01,2000,0,1.237711e-02
2026-07-20T18:09:34.098,1784560174.098,106.003,6.196003e-01,2.939075e-03,6.081543e-01,6.289062e-01,2000,0,1.239201e-02
2026-07-20T18:09:34.198,1784560174.198,106.103,6.198907e-01,3.193367e-03,6.088867e-01,6.318359e-01,2000,0,1.239781e-02
2026-07-20T18:09:34.298,1784560174.299,106.203,6.204471e-01,3.259318e-03,6.081543e-01,6.313477e-01,2000,0,1.240894e-02
2026-07-20T18:09:34.400,1784560174.401,106.303,6.209998e-01,3.037719e-03,6.103516e-01,6.328125e-01,2000,0,1.242000e-02
2026-07-20T18:09:34.498,1784560174.498,106.403,6.212584e-01,3.014178e-03,6.088867e-01,6.323242e-01,2000,0,1.242517e-02
2026-07-20T18:09:34.598,1784560174.598,106.503,6.216460e-01,3.116638e-03,6.105957e-01,6.337891e-01,2000,0,1.243292e-02
2026-07-20T18:09:34.698,1784560174.698,106.603,6.221517e-01,3.091502e-03,6.108398e-01,6.325684e-01,2000,0,1.244303e-02
2026-07-20T18:09:34.798,1784560174.798,106.703,6.220498e-01,3.247666e-03,6.108398e-01,6.347656e-01,2000,0,1.244100e-02
2026-07-20T18:09:34.898,1784560174.898,106.803,6.224150e-01,3.215975e-03,6.081543e-01,6.345215e-01,2000,0,1.244830e-02
2026-07-20T18:09:34.998,1784560174.999,106.903,6.230906e-01,3.244095e-03,6.135254e-01,6.340332e-01,2000,0,1.246181e-02
2026-07-20T18:09:35.098,1784560175.098,107.003,6.230660e-01,3.205152e-03,6.123047e-01,6.347656e-01,2000,0,1.246132e-02
2026-07-20T18:09:35.198,1784560175.199,107.103,6.233756e-01,3.341958e-03,6.125488e-01,6.342773e-01,2000,0,1.246751e-02
2026-07-20T18:09:35.300,1784560175.301,107.203,6.243319e-01,3.217613e-03,6.135254e-01,6.362305e-01,2000,0,1.248664e-02
2026-07-20T18:09:35.398,1784560175.399,107.303,6.238987e-01,3.376959e-03,6.147461e-01,6.359863e-01,2000,0,1.247797e-02
2026-07-20T18:09:35.498,1784560175.498,107.403,6.244607e-01,3.273919e-03,6.127930e-01,6.398926e-01,2000,0,1.248921e-02
2026-07-20T18:09:35.598,1784560175.598,107.503,6.252799e-01,3.328704e-03,6.152344e-01,6.379395e-01,2000,0,1.250560e-02
2026-07-20T18:09:35.698,1784560175.698,107.603,6.247535e-01,3.214196e-03,6.154785e-01,6.379395e-01,2000,0,1.249507e-02
2026-07-20T18:09:35.798,1784560175.798,107.703,6.252856e-01,3.247365e-03,6.140137e-01,6.352539e-01,2000,0,1.250571e-02
2026-07-20T18:09:35.898,1784560175.898,107.803,6.265013e-01,3.345182e-03,6.123047e-01,6.369629e-01,2000,0,1.253003e-02
2026-07-20T18:09:35.998,1784560175.998,107.903,6.259906e-01,3.370778e-03,6.159668e-01,6.376953e-01,2000,0,1.251981e-02
2026-07-20T18:09:36.098,1784560176.099,108.003,6.264757e-01,3.362398e-03,6.171875e-01,6.376953e-01,2000,0,1.252951e-02
2026-07-20T18:09:36.198,1784560176.199,108.103,6.265093e-01,3.297958e-03,6.162109e-01,6.379395e-01,2000,0,1.253019e-02
2026-07-20T18:09:36.298,1784560176.298,108.203,6.267019e-01,3.384639e-03,6.154785e-01,6.379395e-01,2000,0,1.253404e-02
2026-07-20T18:09:36.398,1784560176.398,108.303,6.273748e-01,3.310645e-03,6.174316e-01,6.359863e-01,2000,0,1.254750e-02
2026-07-20T18:09:36.498,1784560176.498,108.403,6.281254e-01,3.249007e-03,6.186523e-01,6.369629e-01,2000,0,1.256251e-02
2026-07-20T18:09:36.598,1784560176.599,108.503,6.278241e-01,3.267487e-03,6.159668e-01,6.386719e-01,2000,0,1.255648e-02
2026-07-20T18:09:36.698,1784560176.699,108.603,6.285912e-01,3.313314e-03,6.166992e-01,6.389160e-01,2000,0,1.257182e-02
2026-07-20T18:09:36.800,1784560176.801,108.703,6.288989e-01,3.417403e-03,6.188965e-01,6.406250e-01,2000,0,1.257798e-02
2026-07-20T18:09:36.898,1784560176.898,108.803,6.286979e-01,3.398013e-03,6.135254e-01,6.398926e-01,2000,0,1.257396e-02
2026-07-20T18:09:36.998,1784560176.999,108.903,6.294701e-01,3.130162e-03,6.191406e-01,6.408691e-01,2000,0,1.258940e-02
2026-07-20T18:09:37.100,1784560177.101,109.003,6.297863e-01,3.285874e-03,6.186523e-01,6.389160e-01,2000,0,1.259573e-02
2026-07-20T18:09:37.198,1784560177.198,109.103,6.298680e-01,3.209552e-03,6.188965e-01,6.398926e-01,2000,0,1.259736e-02
2026-07-20T18:09:37.298,1784560177.299,109.203,6.304161e-01,3.166622e-03,6.181641e-01,6.403809e-01,2000,0,1.260832e-02
2026-07-20T18:09:37.398,1784560177.398,109.303,6.312280e-01,3.104658e-03,6.208496e-01,6.406250e-01,2000,0,1.262456e-02
2026-07-20T18:09:37.498,1784560177.498,109.403,6.308713e-01,3.173223e-03,6.184082e-01,6.403809e-01,2000,0,1.261743e-02
2026-07-20T18:09:37.598,1784560177.598,109.503,6.313619e-01,3.203699e-03,6.203613e-01,6.420898e-01,2000,0,1.262724e-02
2026-07-20T18:09:37.698,1784560177.698,109.603,6.322799e-01,3.230245e-03,6.213379e-01,6.437988e-01,2000,0,1.264560e-02
2026-07-20T18:09:37.798,1784560177.798,109.703,6.325217e-01,3.140065e-03,6.215820e-01,6.437988e-01,2000,0,1.265043e-02
2026-07-20T18:09:37.898,1784560177.898,109.803,6.328149e-01,3.209627e-03,6.235352e-01,6.442871e-01,2000,0,1.265630e-02
2026-07-20T18:09:37.998,1784560177.998,109.903,6.333978e-01,3.122095e-03,6.230469e-01,6.457520e-01,2000,0,1.266796e-02
2026-07-20T18:09:38.098,1784560178.098,110.003,6.333434e-01,3.089542e-03,6.225586e-01,6.433105e-01,2000,0,1.266687e-02
2026-07-20T18:09:38.198,1784560178.199,110.103,6.333053e-01,3.217049e-03,6.220703e-01,6.445312e-01,2000,0,1.266611e-02
2026-07-20T18:09:38.300,1784560178.301,110.203,6.341021e-01,3.248057e-03,6.206055e-01,6.469727e-01,2000,0,1.268204e-02
2026-07-20T18:09:38.398,1784560178.398,110.303,6.340769e-01,3.202069e-03,6.242676e-01,6.452637e-01,2000,0,1.268154e-02
2026-07-20T18:09:38.498,1784560178.498,110.403,6.336670e-01,3.292805e-03,6.218262e-01,6.459961e-01,2000,0,1.267334e-02
2026-07-20T18:09:38.601,1784560178.601,110.503,6.342170e-01,3.137354e-03,6.220703e-01,6.447754e-01,2000,0,1.268434e-02
2026-07-20T18:09:38.698,1784560178.699,110.603,6.336561e-01,3.328668e-03,6.230469e-01,6.459961e-01,2000,0,1.267312e-02
2026-07-20T18:09:38.798,1784560178.799,110.703,6.340107e-01,3.302344e-03,6.237793e-01,6.457520e-01,2000,0,1.268021e-02
2026-07-20T18:09:38.898,1784560178.898,110.803,6.341650e-01,3.528980e-03,6.198730e-01,6.462402e-01,2000,0,1.268330e-02
2026-07-20T18:09:38.998,1784560178.998,110.903,6.341459e-01,3.514943e-03,6.218262e-01,6.486816e-01,2000,0,1.268292e-02
2026-07-20T18:09:39.098,1784560179.099,111.003,6.339973e-01,3.410824e-03,6.164551e-01,6.452637e-01,2000,0,1.267995e-02
2026-07-20T18:09:39.198,1784560179.199,111.103,6.346299e-01,3.478973e-03,6.220703e-01,6.477051e-01,2000,0,1.269260e-02
2026-07-20T18:09:39.298,1784560179.299,111.203,6.342874e-01,3.436129e-03,6.215820e-01,6.440430e-01,2000,0,1.268575e-02
2026-07-20T18:09:39.398,1784560179.399,111.303,6.342163e-01,3.468950e-03,6.203613e-01,6.442871e-01,2000,0,1.268433e-02
2026-07-20T18:09:39.498,1784560179.499,111.403,6.351538e-01,3.546313e-03,6.235352e-01,6.496582e-01,2000,0,1.270308e-02
2026-07-20T18:09:39.598,1784560179.599,111.503,6.351526e-01,3.535084e-03,6.235352e-01,6.467285e-01,2000,0,1.270305e-02
2026-07-20T18:09:39.698,1784560179.699,111.603,6.349449e-01,3.612836e-03,6.237793e-01,6.452637e-01,2000,0,1.269890e-02
2026-07-20T18:09:39.798,1784560179.799,111.703,6.355790e-01,3.687474e-03,6.223145e-01,6.469727e-01,2000,0,1.271158e-02
2026-07-20T18:09:39.898,1784560179.899,111.803,6.352758e-01,3.712676e-03,6.232910e-01,6.479492e-01,2000,0,1.270552e-02
2026-07-20T18:09:39.998,1784560179.998,111.903,6.355496e-01,3.587692e-03,6.232910e-01,6.477051e-01,2000,0,1.271099e-02
2026-07-20T18:09:40.098,1784560180.099,112.003,6.361342e-01,3.564218e-03,6.242676e-01,6.472168e-01,2000,0,1.272268e-02
2026-07-20T18:09:40.198,1784560180.198,112.103,6.358292e-01,3.705604e-03,6.240234e-01,6.477051e-01,2000,0,1.271658e-02
2026-07-20T18:09:40.300,1784560180.301,112.203,6.362484e-01,3.701160e-03,6.213379e-01,6.477051e-01,2000,0,1.272497e-02
2026-07-20T18:09:40.398,1784560180.399,112.303,6.365150e-01,3.707958e-03,6.240234e-01,6.494141e-01,2000,0,1.273030e-02
2026-07-20T18:09:40.498,1784560180.499,112.403,6.362218e-01,3.863638e-03,6.208496e-01,6.503906e-01,2000,0,1.272444e-02
2026-07-20T18:09:40.600,1784560180.600,112.503,6.362286e-01,3.707157e-03,6.213379e-01,6.469727e-01,2000,0,1.272457e-02
2026-07-20T18:09:40.698,1784560180.698,112.603,6.362576e-01,3.726082e-03,6.225586e-01,6.459961e-01,2000,0,1.272515e-02
2026-07-20T18:09:40.798,1784560180.798,112.703,6.355977e-01,3.612337e-03,6.213379e-01,6.472168e-01,2000,0,1.271195e-02
2026-07-20T18:09:40.900,1784560180.900,112.803,6.350155e-01,3.848472e-03,6.213379e-01,6.469727e-01,2000,0,1.270031e-02
2026-07-20T18:09:41.000,1784560181.001,112.903,6.342594e-01,3.509509e-03,6.166992e-01,6.447754e-01,2000,0,1.268519e-02
2026-07-20T18:09:41.100,1784560181.101,113.003,6.332261e-01,3.682409e-03,6.208496e-01,6.457520e-01,2000,0,1.266452e-02
2026-07-20T18:09:41.200,1784560181.200,113.103,6.317164e-01,3.692831e-03,6.174316e-01,6.435547e-01,2000,0,1.263433e-02
2026-07-20T18:09:41.300,1784560181.301,113.203,6.303729e-01,3.504192e-03,6.174316e-01,6.430664e-01,2000,0,1.260746e-02
2026-07-20T18:09:41.400,1784560181.400,113.303,6.287335e-01,3.763980e-03,6.152344e-01,6.401367e-01,2000,0,1.257467e-02
2026-07-20T18:09:41.498,1784560181.498,113.403,6.271340e-01,3.704997e-03,6.145020e-01,6.372070e-01,2000,0,1.254268e-02
2026-07-20T18:09:41.598,1784560181.598,113.503,6.254786e-01,3.573805e-03,6.135254e-01,6.379395e-01,2000,0,1.250957e-02
2026-07-20T18:09:41.700,1784560181.700,113.603,6.234242e-01,3.881060e-03,6.091309e-01,6.347656e-01,2000,0,1.246848e-02
2026-07-20T18:09:41.798,1784560181.798,113.703,6.220107e-01,3.776308e-03,6.079102e-01,6.369629e-01,2000,0,1.244021e-02
2026-07-20T18:09:41.898,1784560181.898,113.803,6.194230e-01,3.744245e-03,6.059570e-01,6.313477e-01,2000,0,1.238846e-02
2026-07-20T18:09:41.998,1784560181.998,113.903,6.168976e-01,3.694787e-03,6.057129e-01,6.296387e-01,2000,0,1.233795e-02
2026-07-20T18:09:42.098,1784560182.098,114.003,6.153230e-01,3.645783e-03,6.030273e-01,6.271973e-01,2000,0,1.230646e-02
2026-07-20T18:09:42.198,1784560182.198,114.103,6.126906e-01,3.670121e-03,5.998535e-01,6.228027e-01,2000,0,1.225381e-02
2026-07-20T18:09:42.298,1784560182.298,114.203,6.103354e-01,3.694564e-03,5.988770e-01,6.220703e-01,2000,0,1.220671e-02
2026-07-20T18:09:42.398,1784560182.398,114.303,6.080111e-01,3.597108e-03,5.966797e-01,6.203613e-01,2000,0,1.216022e-02
2026-07-20T18:09:42.498,1784560182.498,114.403,6.051425e-01,3.713549e-03,5.937500e-01,6.184082e-01,2000,0,1.210285e-02
2026-07-20T18:09:42.598,1784560182.598,114.503,6.024617e-01,3.551164e-03,5.917969e-01,6.137695e-01,2000,0,1.204923e-02
2026-07-20T18:09:42.698,1784560182.698,114.603,6.000554e-01,3.642616e-03,5.895996e-01,6.157227e-01,2000,0,1.200111e-02
2026-07-20T18:09:42.798,1784560182.799,114.703,5.974274e-01,3.514638e-03,5.864258e-01,6.088867e-01,2000,0,1.194855e-02
2026-07-20T18:09:42.898,1784560182.899,114.803,5.947438e-01,3.797988e-03,5.795898e-01,6.066895e-01,2000,0,1.189488e-02
2026-07-20T18:09:42.998,1784560182.999,114.903,5.921710e-01,3.660676e-03,5.791016e-01,6.054688e-01,2000,0,1.184342e-02
2026-07-20T18:09:43.101,1784560183.101,115.003,5.895110e-01,3.698430e-03,5.729980e-01,6.022949e-01,2000,0,1.179022e-02
2026-07-20T18:09:43.198,1784560183.199,115.103,5.864207e-01,3.647477e-03,5.744629e-01,6.000977e-01,2000,0,1.172841e-02
2026-07-20T18:09:43.298,1784560183.299,115.203,5.835568e-01,3.739384e-03,5.720215e-01,5.961914e-01,2000,0,1.167114e-02
2026-07-20T18:09:43.398,1784560183.399,115.303,5.804182e-01,3.780914e-03,5.686035e-01,5.937500e-01,2000,0,1.160836e-02
2026-07-20T18:09:43.498,1784560183.499,115.403,5.771798e-01,3.833404e-03,5.656738e-01,5.900879e-01,2000,0,1.154360e-02
2026-07-20T18:09:43.598,1784560183.599,115.503,5.742274e-01,3.784158e-03,5.625000e-01,5.881348e-01,2000,0,1.148455e-02
2026-07-20T18:09:43.698,1784560183.699,115.603,5.707870e-01,3.736168e-03,5.598145e-01,5.874023e-01,2000,0,1.141574e-02
2026-07-20T18:09:43.798,1784560183.799,115.703,5.670640e-01,3.760149e-03,5.556641e-01,5.803223e-01,2000,0,1.134128e-02
2026-07-20T18:09:43.898,1784560183.899,115.803,5.645200e-01,3.838368e-03,5.532227e-01,5.769043e-01,2000,0,1.129040e-02
2026-07-20T18:09:43.998,1784560183.998,115.903,5.612524e-01,4.130957e-03,5.498047e-01,5.756836e-01,2000,0,1.122505e-02
2026-07-20T18:09:44.098,1784560184.098,116.003,5.582308e-01,4.048223e-03,5.427246e-01,5.729980e-01,2000,0,1.116462e-02
2026-07-20T18:09:44.198,1784560184.198,116.103,5.562124e-01,3.974258e-03,5.405273e-01,5.720215e-01,2000,0,1.112425e-02
2026-07-20T18:09:44.300,1784560184.301,116.203,5.538112e-01,4.016733e-03,5.424805e-01,5.695801e-01,2000,0,1.107622e-02
2026-07-20T18:09:44.398,1784560184.399,116.303,5.515449e-01,3.942577e-03,5.385742e-01,5.659180e-01,2000,0,1.103090e-02
2026-07-20T18:09:44.498,1784560184.499,116.403,5.494720e-01,3.958144e-03,5.368652e-01,5.620117e-01,2000,0,1.098944e-02
2026-07-20T18:09:44.600,1784560184.601,116.503,5.482584e-01,3.902665e-03,5.356445e-01,5.610352e-01,2000,0,1.096517e-02
2026-07-20T18:09:44.698,1784560184.699,116.603,5.460099e-01,3.977748e-03,5.329590e-01,5.607910e-01,2000,0,1.092020e-02
2026-07-20T18:09:44.798,1784560184.799,116.703,5.446018e-01,3.829346e-03,5.329590e-01,5.583496e-01,2000,0,1.089204e-02
2026-07-20T18:09:44.901,1784560184.901,116.803,5.438615e-01,3.995953e-03,5.317383e-01,5.583496e-01,2000,0,1.087723e-02
2026-07-20T18:09:44.998,1784560184.999,116.903,5.421361e-01,3.939654e-03,5.307617e-01,5.585938e-01,2000,0,1.084272e-02
2026-07-20T18:09:45.098,1784560185.099,117.003,5.415311e-01,3.895226e-03,5.295410e-01,5.578613e-01,2000,0,1.083062e-02
2026-07-20T18:09:45.198,1784560185.199,117.103,5.410865e-01,3.969820e-03,5.275879e-01,5.549316e-01,2000,0,1.082173e-02
2026-07-20T18:09:45.298,1784560185.299,117.203,5.400074e-01,3.870562e-03,5.258789e-01,5.561523e-01,2000,0,1.080015e-02
2026-07-20T18:09:45.398,1784560185.399,117.303,5.395155e-01,3.932731e-03,5.266113e-01,5.561523e-01,2000,0,1.079031e-02
2026-07-20T18:09:45.498,1784560185.499,117.403,5.392136e-01,3.941029e-03,5.261230e-01,5.529785e-01,2000,0,1.078427e-02
2026-07-20T18:09:45.598,1784560185.599,117.503,5.384784e-01,3.904285e-03,5.244141e-01,5.510254e-01,2000,0,1.076957e-02
2026-07-20T18:09:45.698,1784560185.699,117.603,5.380953e-01,3.826993e-03,5.266113e-01,5.515137e-01,2000,0,1.076191e-02
2026-07-20T18:09:45.798,1784560185.799,117.703,5.380059e-01,3.844269e-03,5.244141e-01,5.515137e-01,2000,0,1.076012e-02
2026-07-20T18:09:45.898,1784560185.899,117.803,5.375215e-01,3.915065e-03,5.234375e-01,5.505371e-01,2000,0,1.075043e-02
2026-07-20T18:09:45.998,1784560185.999,117.903,5.372878e-01,3.962814e-03,5.231934e-01,5.512695e-01,2000,0,1.074576e-02
2026-07-20T18:09:46.098,1784560186.099,118.003,5.384723e-01,3.969461e-03,5.263672e-01,5.512695e-01,2000,0,1.076945e-02
2026-07-20T18:09:46.198,1784560186.199,118.103,5.382179e-01,3.870444e-03,5.256348e-01,5.502930e-01,2000,0,1.076436e-02
2026-07-20T18:09:46.298,1784560186.299,118.203,5.383887e-01,3.882591e-03,5.270996e-01,5.515137e-01,2000,0,1.076777e-02
2026-07-20T18:09:46.398,1784560186.399,118.303,5.388746e-01,3.917292e-03,5.251465e-01,5.510254e-01,2000,0,1.077749e-02
2026-07-20T18:09:46.498,1784560186.499,118.403,5.387729e-01,3.910538e-03,5.266113e-01,5.527344e-01,2000,0,1.077546e-02
2026-07-20T18:09:46.598,1784560186.599,118.503,5.394724e-01,3.834578e-03,5.266113e-01,5.505371e-01,2000,0,1.078945e-02
2026-07-20T18:09:46.698,1784560186.699,118.603,5.404397e-01,3.907128e-03,5.283203e-01,5.534668e-01,2000,0,1.080879e-02
2026-07-20T18:09:46.798,1784560186.799,118.703,5.409031e-01,3.841019e-03,5.288086e-01,5.539551e-01,2000,0,1.081806e-02
2026-07-20T18:09:46.898,1784560186.899,118.803,5.418068e-01,3.842440e-03,5.290527e-01,5.556641e-01,2000,0,1.083614e-02
2026-07-20T18:09:46.998,1784560186.999,118.903,5.429003e-01,3.962424e-03,5.297852e-01,5.541992e-01,2000,0,1.085801e-02
2026-07-20T18:09:47.098,1784560187.099,119.003,5.432137e-01,3.985086e-03,5.295410e-01,5.566406e-01,2000,0,1.086427e-02
2026-07-20T18:09:47.198,1784560187.199,119.103,5.446494e-01,3.899657e-03,5.322266e-01,5.561523e-01,2000,0,1.089299e-02
2026-07-20T18:09:47.298,1784560187.299,119.203,5.455726e-01,3.903118e-03,5.336914e-01,5.581055e-01,2000,0,1.091145e-02
2026-07-20T18:09:47.398,1784560187.399,119.303,5.462740e-01,3.944035e-03,5.324707e-01,5.590820e-01,2000,0,1.092548e-02
2026-07-20T18:09:47.498,1784560187.499,119.403,5.475161e-01,3.970451e-03,5.354004e-01,5.600586e-01,2000,0,1.095032e-02
2026-07-20T18:09:47.598,1784560187.599,119.503,5.485795e-01,3.870419e-03,5.327148e-01,5.603027e-01,2000,0,1.097159e-02
2026-07-20T18:09:47.698,1784560187.699,119.603,5.494266e-01,3.897716e-03,5.317383e-01,5.615234e-01,2000,0,1.098853e-02
2026-07-20T18:09:47.798,1784560187.799,119.703,5.508130e-01,3.905076e-03,5.366211e-01,5.627441e-01,2000,0,1.101626e-02
2026-07-20T18:09:47.898,1784560187.899,119.803,5.521594e-01,3.649367e-03,5.400391e-01,5.637207e-01,2000,0,1.104319e-02
2026-07-20T18:09:47.998,1784560187.999,119.903,5.529691e-01,3.551797e-03,5.415039e-01,5.659180e-01,2000,0,1.105938e-02
2026-07-20T18:09:48.100,1784560188.101,120.003,5.541171e-01,3.540546e-03,5.417480e-01,5.683594e-01,2000,0,1.108234e-02
2026-07-20T18:09:48.198,1784560188.199,120.103,5.558397e-01,3.561189e-03,5.415039e-01,5.693359e-01,2000,0,1.111679e-02
2026-07-20T18:09:48.300,1784560188.301,120.203,5.566561e-01,3.390413e-03,5.454102e-01,5.681152e-01,2000,0,1.113312e-02
2026-07-20T18:09:48.400,1784560188.401,120.303,5.581573e-01,3.384271e-03,5.468750e-01,5.712891e-01,2000,0,1.116315e-02
2026-07-20T18:09:48.500,1784560188.501,120.403,5.598616e-01,3.210396e-03,5.498047e-01,5.712891e-01,2000,0,1.119723e-02
2026-07-20T18:09:48.600,1784560188.601,120.503,5.611163e-01,3.209896e-03,5.502930e-01,5.715332e-01,2000,0,1.122233e-02
2026-07-20T18:09:48.700,1784560188.701,120.603,5.619412e-01,2.995810e-03,5.498047e-01,5.705566e-01,2000,0,1.123882e-02
2026-07-20T18:09:48.800,1784560188.801,120.703,5.637747e-01,2.912058e-03,5.524902e-01,5.773926e-01,2000,0,1.127549e-02
2026-07-20T18:09:48.898,1784560188.898,120.803,5.652653e-01,2.841129e-03,5.549316e-01,5.754395e-01,2000,0,1.130531e-02
2026-07-20T18:09:48.998,1784560188.998,120.903,5.660676e-01,2.843324e-03,5.556641e-01,5.754395e-01,2000,0,1.132135e-02
2026-07-20T18:09:49.098,1784560189.098,121.003,5.685568e-01,2.633007e-03,5.593262e-01,5.795898e-01,2000,0,1.137114e-02
2026-07-20T18:09:49.198,1784560189.199,121.103,5.695988e-01,2.632812e-03,5.585938e-01,5.791016e-01,2000,0,1.139198e-02
2026-07-20T18:09:49.298,1784560189.298,121.203,5.712424e-01,2.552753e-03,5.634766e-01,5.810547e-01,2000,0,1.142485e-02
2026-07-20T18:09:49.398,1784560189.399,121.303,5.726426e-01,2.600712e-03,5.605469e-01,5.827637e-01,2000,0,1.145285e-02
2026-07-20T18:09:49.498,1784560189.498,121.403,5.738955e-01,2.555268e-03,5.639648e-01,5.822754e-01,2000,0,1.147791e-02
2026-07-20T18:09:49.598,1784560189.598,121.503,5.759523e-01,2.691116e-03,5.676270e-01,5.849609e-01,2000,0,1.151905e-02
2026-07-20T18:09:49.698,1784560189.699,121.603,5.764379e-01,2.570935e-03,5.676270e-01,5.852051e-01,2000,0,1.152876e-02
2026-07-20T18:09:49.798,1784560189.798,121.703,5.785485e-01,2.639656e-03,5.676270e-01,5.856934e-01,2000,0,1.157097e-02
2026-07-20T18:09:49.898,1784560189.898,121.803,5.803468e-01,2.584865e-03,5.712891e-01,5.895996e-01,2000,0,1.160694e-02
2026-07-20T18:09:49.998,1784560189.998,121.903,5.812836e-01,2.566168e-03,5.705566e-01,5.895996e-01,2000,0,1.162567e-02
2026-07-20T18:09:50.098,1784560190.098,122.003,5.824954e-01,2.551581e-03,5.727539e-01,5.913086e-01,2000,0,1.164991e-02
2026-07-20T18:09:50.198,1784560190.198,122.103,5.841005e-01,2.707049e-03,5.717773e-01,5.937500e-01,2000,0,1.168201e-02
2026-07-20T18:09:50.298,1784560190.299,122.203,5.855985e-01,2.720252e-03,5.739746e-01,5.932617e-01,2000,0,1.171197e-02
2026-07-20T18:09:50.398,1784560190.399,122.303,5.869445e-01,2.811531e-03,5.764160e-01,5.998535e-01,2000,0,1.173889e-02
2026-07-20T18:09:50.498,1784560190.499,122.403,5.878937e-01,2.983688e-03,5.759277e-01,5.988770e-01,2000,0,1.175787e-02
2026-07-20T18:09:50.598,1784560190.598,122.503,5.900934e-01,3.013738e-03,5.803223e-01,5.996094e-01,2000,0,1.180187e-02
2026-07-20T18:09:50.698,1784560190.698,122.603,5.907057e-01,3.164999e-03,5.812988e-01,6.025391e-01,2000,0,1.181411e-02
2026-07-20T18:09:50.798,1784560190.799,122.703,5.928696e-01,3.307621e-03,5.839844e-01,6.022949e-01,2000,0,1.185739e-02
2026-07-20T18:09:50.898,1784560190.898,122.803,5.938503e-01,3.373155e-03,5.834961e-01,6.049805e-01,2000,0,1.187701e-02
2026-07-20T18:09:50.998,1784560190.998,122.903,5.951724e-01,3.241372e-03,5.844727e-01,6.047363e-01,2000,0,1.190345e-02
2026-07-20T18:09:51.098,1784560191.098,123.003,5.968019e-01,3.184945e-03,5.854492e-01,6.079102e-01,2000,0,1.193604e-02
2026-07-20T18:09:51.198,1784560191.198,123.103,5.980364e-01,3.377496e-03,5.869141e-01,6.103516e-01,2000,0,1.196073e-02
2026-07-20T18:09:51.298,1784560191.299,123.203,5.987786e-01,3.375615e-03,5.856934e-01,6.113281e-01,2000,0,1.197557e-02
2026-07-20T18:09:51.400,1784560191.401,123.303,6.004498e-01,3.405956e-03,5.898438e-01,6.113281e-01,2000,0,1.200900e-02
2026-07-20T18:09:51.500,1784560191.501,123.403,6.013719e-01,3.447611e-03,5.905762e-01,6.125488e-01,2000,0,1.202744e-02
2026-07-20T18:09:51.600,1784560191.600,123.503,6.024451e-01,3.244286e-03,5.922852e-01,6.137695e-01,2000,0,1.204890e-02
2026-07-20T18:09:51.700,1784560191.700,123.603,6.038241e-01,3.387226e-03,5.917969e-01,6.164551e-01,2000,0,1.207648e-02
2026-07-20T18:09:51.800,1784560191.800,123.703,6.052308e-01,3.373612e-03,5.932617e-01,6.166992e-01,2000,0,1.210462e-02
2026-07-20T18:09:51.900,1784560191.901,123.803,6.056300e-01,3.492587e-03,5.910645e-01,6.176758e-01,2000,0,1.211260e-02
2026-07-20T18:09:52.000,1784560192.000,123.903,6.072233e-01,3.447649e-03,5.969238e-01,6.176758e-01,2000,0,1.214447e-02
2026-07-20T18:09:52.098,1784560192.099,124.003,6.086460e-01,3.484929e-03,5.961914e-01,6.201172e-01,2000,0,1.217292e-02
2026-07-20T18:09:52.200,1784560192.200,124.103,6.095659e-01,3.537870e-03,5.971680e-01,6.225586e-01,2000,0,1.219132e-02
2026-07-20T18:09:52.300,1784560192.300,124.203,6.101520e-01,3.522004e-03,5.974121e-01,6.210938e-01,2000,0,1.220304e-02
2026-07-20T18:09:52.400,1784560192.400,124.303,6.116548e-01,3.502842e-03,5.996094e-01,6.235352e-01,2000,0,1.223310e-02
2026-07-20T18:09:52.500,1784560192.501,124.403,6.120659e-01,3.641049e-03,6.010742e-01,6.242676e-01,2000,0,1.224132e-02
2026-07-20T18:09:52.600,1784560192.600,124.503,6.133230e-01,3.503939e-03,6.015625e-01,6.254883e-01,2000,0,1.226646e-02
2026-07-20T18:09:52.700,1784560192.700,124.603,6.147700e-01,3.417152e-03,5.996094e-01,6.250000e-01,2000,0,1.229540e-02
2026-07-20T18:09:52.800,1784560192.801,124.703,6.149330e-01,3.657667e-03,6.049805e-01,6.284180e-01,2000,0,1.229866e-02
2026-07-20T18:09:52.900,1784560192.901,124.803,6.165208e-01,3.608293e-03,6.054688e-01,6.281738e-01,2000,0,1.233042e-02
2026-07-20T18:09:52.998,1784560192.998,124.903,6.178610e-01,3.437342e-03,6.037598e-01,6.301270e-01,2000,0,1.235722e-02
2026-07-20T18:09:53.100,1784560193.101,125.003,6.186471e-01,3.576223e-03,6.066895e-01,6.303711e-01,2000,0,1.237294e-02
2026-07-20T18:09:53.200,1784560193.200,125.103,6.196119e-01,3.499436e-03,6.064453e-01,6.320801e-01,2000,0,1.239224e-02
2026-07-20T18:09:53.298,1784560193.298,125.203,6.208728e-01,3.451185e-03,6.115723e-01,6.315918e-01,2000,0,1.241746e-02
2026-07-20T18:09:53.398,1784560193.398,125.303,6.214617e-01,3.323622e-03,6.074219e-01,6.347656e-01,2000,0,1.242923e-02
2026-07-20T18:09:53.500,1784560193.500,125.403,6.229875e-01,3.449388e-03,6.132812e-01,6.345215e-01,2000,0,1.245975e-02
2026-07-20T18:09:53.598,1784560193.598,125.503,6.235208e-01,3.370109e-03,6.120605e-01,6.345215e-01,2000,0,1.247042e-02
2026-07-20T18:09:53.698,1784560193.698,125.603,6.238177e-01,3.410949e-03,6.113281e-01,6.364746e-01,2000,0,1.247635e-02
2026-07-20T18:09:53.800,1784560193.800,125.703,6.255746e-01,3.478636e-03,6.135254e-01,6.362305e-01,2000,0,1.251149e-02
2026-07-20T18:09:53.898,1784560193.898,125.803,6.264545e-01,3.637963e-03,6.130371e-01,6.367188e-01,2000,0,1.252909e-02
2026-07-20T18:09:54.000,1784560194.000,125.903,6.267137e-01,3.450987e-03,6.120605e-01,6.369629e-01,2000,0,1.253427e-02
2026-07-20T18:09:54.100,1784560194.100,126.003,6.277671e-01,3.556136e-03,6.130371e-01,6.396484e-01,2000,0,1.255534e-02
2026-07-20T18:09:54.200,1784560194.200,126.103,6.284412e-01,3.455137e-03,6.174316e-01,6.401367e-01,2000,0,1.256882e-02
2026-07-20T18:09:54.300,1784560194.300,126.203,6.288516e-01,3.459326e-03,6.149902e-01,6.418457e-01,2000,0,1.257703e-02
2026-07-20T18:09:54.400,1784560194.400,126.303,6.296118e-01,3.563022e-03,6.162109e-01,6.420898e-01,2000,0,1.259224e-02
2026-07-20T18:09:54.498,1784560194.499,126.403,6.307073e-01,3.613792e-03,6.147461e-01,6.440430e-01,2000,0,1.261415e-02
2026-07-20T18:09:54.598,1784560194.598,126.503,6.306353e-01,3.475514e-03,6.184082e-01,6.418457e-01,2000,0,1.261271e-02
2026-07-20T18:09:54.698,1784560194.698,126.603,6.317012e-01,3.489634e-03,6.181641e-01,6.445312e-01,2000,0,1.263402e-02
2026-07-20T18:09:54.798,1784560194.798,126.703,6.326476e-01,3.485035e-03,6.174316e-01,6.474609e-01,2000,0,1.265295e-02
2026-07-20T18:09:54.898,1784560194.898,126.803,6.326951e-01,3.324220e-03,6.193848e-01,6.445312e-01,2000,0,1.265390e-02
2026-07-20T18:09:54.998,1784560194.998,126.903,6.334539e-01,3.365077e-03,6.206055e-01,6.462402e-01,2000,0,1.266908e-02
2026-07-20T18:09:55.098,1784560195.098,127.003,6.336608e-01,3.367215e-03,6.223145e-01,6.440430e-01,2000,0,1.267322e-02
2026-07-20T18:09:55.198,1784560195.198,127.103,6.343721e-01,3.386403e-03,6.188965e-01,6.452637e-01,2000,0,1.268744e-02
2026-07-20T18:09:55.300,1784560195.300,127.203,6.346792e-01,3.478329e-03,6.210938e-01,6.469727e-01,2000,0,1.269358e-02
2026-07-20T18:09:55.400,1784560195.400,127.303,6.352961e-01,3.373323e-03,6.210938e-01,6.474609e-01,2000,0,1.270592e-02
2026-07-20T18:09:55.498,1784560195.499,127.403,6.351088e-01,3.502606e-03,6.213379e-01,6.462402e-01,2000,0,1.270218e-02
2026-07-20T18:09:55.600,1784560195.600,127.503,6.359440e-01,3.345728e-03,6.235352e-01,6.484375e-01,2000,0,1.271888e-02
2026-07-20T18:09:55.698,1784560195.698,127.603,6.364388e-01,3.400740e-03,6.240234e-01,6.484375e-01,2000,0,1.272878e-02
2026-07-20T18:09:55.798,1784560195.798,127.703,6.357645e-01,3.422867e-03,6.237793e-01,6.459961e-01,2000,0,1.271529e-02
2026-07-20T18:09:55.898,1784560195.898,127.803,6.365183e-01,3.322080e-03,6.267090e-01,6.494141e-01,2000,0,1.273037e-02
2026-07-20T18:09:55.998,1784560195.998,127.903,6.372002e-01,3.370938e-03,6.259766e-01,6.506348e-01,2000,0,1.274400e-02
2026-07-20T18:09:56.098,1784560196.098,128.003,6.364972e-01,3.364830e-03,6.247559e-01,6.469727e-01,2000,0,1.272994e-02
2026-07-20T18:09:56.198,1784560196.199,128.103,6.371296e-01,3.369623e-03,6.245117e-01,6.484375e-01,2000,0,1.274259e-02
2026-07-20T18:09:56.298,1784560196.299,128.203,6.375576e-01,3.419624e-03,6.276855e-01,6.486816e-01,2000,0,1.275115e-02
2026-07-20T18:09:56.400,1784560196.400,128.303,6.370366e-01,3.285364e-03,6.269531e-01,6.484375e-01,2000,0,1.274073e-02
2026-07-20T18:09:56.500,1784560196.500,128.403,6.375953e-01,3.370121e-03,6.274414e-01,6.474609e-01,2000,0,1.275191e-02
2026-07-20T18:09:56.600,1784560196.600,128.503,6.382614e-01,3.315588e-03,6.257324e-01,6.494141e-01,2000,0,1.276523e-02
2026-07-20T18:09:56.700,1784560196.700,128.603,6.378485e-01,3.109759e-03,6.267090e-01,6.462402e-01,2000,0,1.275697e-02
2026-07-20T18:09:56.799,1784560196.799,128.703,6.378751e-01,3.361587e-03,6.276855e-01,6.484375e-01,2000,0,1.275750e-02
2026-07-20T18:09:56.898,1784560196.898,128.803,6.383618e-01,3.224441e-03,6.281738e-01,6.506348e-01,2000,0,1.276724e-02
2026-07-20T18:09:56.998,1784560196.998,128.903,6.379889e-01,3.177249e-03,6.271973e-01,6.481934e-01,2000,0,1.275978e-02
2026-07-20T18:09:57.098,1784560197.098,129.003,6.383909e-01,3.317971e-03,6.240234e-01,6.484375e-01,2000,0,1.276782e-02
2026-07-20T18:09:57.198,1784560197.198,129.103,6.388151e-01,3.173091e-03,6.286621e-01,6.494141e-01,2000,0,1.277630e-02
2026-07-20T18:09:57.298,1784560197.298,129.203,6.384514e-01,3.132854e-03,6.281738e-01,6.489258e-01,2000,0,1.276903e-02
2026-07-20T18:09:57.398,1784560197.398,129.303,6.380786e-01,3.145088e-03,6.274414e-01,6.491699e-01,2000,0,1.276157e-02
2026-07-20T18:09:57.498,1784560197.498,129.403,6.380500e-01,3.163141e-03,6.262207e-01,6.484375e-01,2000,0,1.276100e-02
2026-07-20T18:09:57.598,1784560197.598,129.503,6.382833e-01,3.248434e-03,6.250000e-01,6.484375e-01,2000,0,1.276567e-02
2026-07-20T18:09:57.698,1784560197.699,129.603,6.384626e-01,3.175204e-03,6.220703e-01,6.518555e-01,2000,0,1.276925e-02
2026-07-20T18:09:57.798,1784560197.798,129.703,6.389171e-01,3.168861e-03,6.276855e-01,6.499023e-01,2000,0,1.277834e-02
2026-07-20T18:09:57.898,1784560197.898,129.803,6.381571e-01,3.207052e-03,6.276855e-01,6.494141e-01,2000,0,1.276314e-02
2026-07-20T18:09:57.998,1784560197.999,129.903,6.381399e-01,3.269698e-03,6.276855e-01,6.481934e-01,2000,0,1.276280e-02
2026-07-20T18:09:58.098,1784560198.098,130.003,6.376703e-01,3.402536e-03,6.259766e-01,6.518555e-01,2000,0,1.275341e-02
2026-07-20T18:09:58.198,1784560198.199,130.103,6.385497e-01,3.219029e-03,6.267090e-01,6.484375e-01,2000,0,1.277099e-02
2026-07-20T18:09:58.298,1784560198.298,130.203,6.380902e-01,3.401828e-03,6.262207e-01,6.503906e-01,2000,0,1.276180e-02
2026-07-20T18:09:58.398,1784560198.398,130.303,6.383668e-01,3.326484e-03,6.259766e-01,6.513672e-01,2000,0,1.276734e-02
2026-07-20T18:09:58.498,1784560198.498,130.403,6.380161e-01,3.207727e-03,6.257324e-01,6.477051e-01,2000,0,1.276032e-02
2026-07-20T18:09:58.598,1784560198.598,130.503,6.379707e-01,3.260394e-03,6.267090e-01,6.486816e-01,2000,0,1.275941e-02
2026-07-20T18:09:58.698,1784560198.699,130.603,6.383705e-01,3.367137e-03,6.262207e-01,6.494141e-01,2000,0,1.276741e-02
2026-07-20T18:09:58.798,1784560198.798,130.703,6.381022e-01,3.379812e-03,6.264648e-01,6.494141e-01,2000,0,1.276204e-02
2026-07-20T18:09:58.898,1784560198.898,130.803,6.378170e-01,3.288059e-03,6.264648e-01,6.501465e-01,2000,0,1.275634e-02
2026-07-20T18:09:58.998,1784560198.998,130.903,6.379703e-01,3.151065e-03,6.271973e-01,6.494141e-01,2000,0,1.275941e-02
2026-07-20T18:09:59.098,1784560199.099,131.003,6.370056e-01,3.332733e-03,6.262207e-01,6.486816e-01,2000,0,1.274011e-02
2026-07-20T18:09:59.198,1784560199.199,131.103,6.379496e-01,3.338696e-03,6.259766e-01,6.528320e-01,2000,0,1.275899e-02
2026-07-20T18:09:59.300,1784560199.301,131.203,6.376320e-01,3.408462e-03,6.245117e-01,6.481934e-01,2000,0,1.275264e-02
2026-07-20T18:09:59.398,1784560199.398,131.303,6.373334e-01,3.381058e-03,6.281738e-01,6.481934e-01,2000,0,1.274667e-02
2026-07-20T18:09:59.498,1784560199.499,131.403,6.375134e-01,3.373119e-03,6.254883e-01,6.503906e-01,2000,0,1.275027e-02
2026-07-20T18:09:59.600,1784560199.601,131.503,6.367323e-01,3.297331e-03,6.237793e-01,6.477051e-01,2000,0,1.273465e-02
2026-07-20T18:09:59.698,1784560199.699,131.603,6.370056e-01,3.469172e-03,6.240234e-01,6.506348e-01,2000,0,1.274011e-02
2026-07-20T18:09:59.798,1784560199.798,131.703,6.369803e-01,3.345229e-03,6.267090e-01,6.479492e-01,2000,0,1.273961e-02
2026-07-20T18:09:59.898,1784560199.898,131.803,6.370438e-01,3.509878e-03,6.245117e-01,6.491699e-01,2000,0,1.274088e-02
2026-07-20T18:09:59.998,1784560199.998,131.903,6.364301e-01,3.483598e-03,6.257324e-01,6.496582e-01,2000,0,1.272860e-02
2026-07-20T18:10:00.098,1784560200.099,132.003,6.362926e-01,3.238990e-03,6.245117e-01,6.540527e-01,2000,0,1.272585e-02
2026-07-20T18:10:00.198,1784560200.199,132.103,6.367083e-01,3.395681e-03,6.235352e-01,6.486816e-01,2000,0,1.273417e-02
2026-07-20T18:10:00.298,1784560200.299,132.203,6.364641e-01,3.312757e-03,6.264648e-01,6.489258e-01,2000,0,1.272928e-02
2026-07-20T18:10:00.398,1784560200.399,132.303,6.363113e-01,3.390193e-03,6.237793e-01,6.489258e-01,2000,0,1.272623e-02
2026-07-20T18:10:00.498,1784560200.498,132.403,6.360848e-01,3.431420e-03,6.245117e-01,6.496582e-01,2000,0,1.272170e-02
2026-07-20T18:10:00.598,1784560200.599,132.503,6.357727e-01,3.395209e-03,6.210938e-01,6.477051e-01,2000,0,1.271545e-02
2026-07-20T18:10:00.698,1784560200.699,132.603,6.360332e-01,3.444928e-03,6.237793e-01,6.491699e-01,2000,0,1.272066e-02
2026-07-20T18:10:00.798,1784560200.798,132.703,6.354009e-01,3.408343e-03,6.245117e-01,6.467285e-01,2000,0,1.270802e-02
2026-07-20T18:10:00.900,1784560200.900,132.803,6.353588e-01,3.339903e-03,6.254883e-01,6.472168e-01,2000,0,1.270718e-02
2026-07-20T18:10:01.000,1784560201.000,132.903,6.350813e-01,3.382120e-03,6.247559e-01,6.467285e-01,2000,0,1.270163e-02
2026-07-20T18:10:01.098,1784560201.098,133.003,6.353081e-01,3.390451e-03,6.252441e-01,6.472168e-01,2000,0,1.270616e-02
2026-07-20T18:10:01.198,1784560201.199,133.103,6.343636e-01,3.416456e-03,6.213379e-01,6.462402e-01,2000,0,1.268727e-02
2026-07-20T18:10:01.298,1784560201.298,133.203,6.342426e-01,3.468964e-03,6.225586e-01,6.469727e-01,2000,0,1.268485e-02
2026-07-20T18:10:01.398,1784560201.398,133.303,6.327441e-01,3.443937e-03,6.225586e-01,6.486816e-01,2000,0,1.265488e-02
2026-07-20T18:10:01.498,1784560201.499,133.403,6.332058e-01,3.439505e-03,6.218262e-01,6.450195e-01,2000,0,1.266412e-02
2026-07-20T18:10:01.598,1784560201.599,133.503,6.331010e-01,3.482951e-03,6.228027e-01,6.450195e-01,2000,0,1.266202e-02
2026-07-20T18:10:01.698,1784560201.698,133.603,6.329637e-01,3.312213e-03,6.230469e-01,6.455078e-01,2000,0,1.265927e-02
2026-07-20T18:10:01.798,1784560201.799,133.703,6.321869e-01,3.255220e-03,6.184082e-01,6.430664e-01,2000,0,1.264374e-02
2026-07-20T18:10:01.898,1784560201.898,133.803,6.321722e-01,3.359281e-03,6.193848e-01,6.428223e-01,2000,0,1.264344e-02
2026-07-20T18:10:01.998,1784560201.999,133.903,6.315210e-01,3.317672e-03,6.206055e-01,6.428223e-01,2000,0,1.263042e-02
2026-07-20T18:10:02.098,1784560202.099,134.003,6.312627e-01,3.316180e-03,6.203613e-01,6.440430e-01,2000,0,1.262525e-02
2026-07-20T18:10:02.198,1784560202.198,134.103,6.308459e-01,3.366070e-03,6.196289e-01,6.467285e-01,2000,0,1.261692e-02
2026-07-20T18:10:02.298,1784560202.299,134.203,6.308280e-01,3.321138e-03,6.176758e-01,6.425781e-01,2000,0,1.261656e-02
2026-07-20T18:10:02.398,1784560202.399,134.303,6.291697e-01,3.348055e-03,6.152344e-01,6.401367e-01,2000,0,1.258339e-02
2026-07-20T18:10:02.498,1784560202.499,134.403,6.297952e-01,3.214129e-03,6.191406e-01,6.386719e-01,2000,0,1.259590e-02
2026-07-20T18:10:02.598,1784560202.599,134.503,6.295220e-01,3.462414e-03,6.193848e-01,6.396484e-01,2000,0,1.259044e-02
2026-07-20T18:10:02.698,1784560202.698,134.603,6.292867e-01,3.210784e-03,6.179199e-01,6.418457e-01,2000,0,1.258573e-02
2026-07-20T18:10:02.798,1784560202.798,134.703,6.288073e-01,3.205689e-03,6.166992e-01,6.396484e-01,2000,0,1.257615e-02
2026-07-20T18:10:02.898,1784560202.898,134.803,6.289487e-01,3.245158e-03,6.169434e-01,6.394043e-01,2000,0,1.257897e-02
2026-07-20T18:10:03.000,1784560203.001,134.903,6.284213e-01,3.259751e-03,6.157227e-01,6.411133e-01,2000,0,1.256843e-02
2026-07-20T18:10:03.098,1784560203.099,135.003,6.281888e-01,3.225953e-03,6.174316e-01,6.386719e-01,2000,0,1.256378e-02
2026-07-20T18:10:03.200,1784560203.201,135.103,6.281454e-01,3.291654e-03,6.176758e-01,6.376953e-01,2000,0,1.256291e-02
2026-07-20T18:10:03.298,1784560203.299,135.203,6.275427e-01,3.391769e-03,6.171875e-01,6.372070e-01,2000,0,1.255085e-02
2026-07-20T18:10:03.398,1784560203.399,135.303,6.275753e-01,3.224345e-03,6.140137e-01,6.379395e-01,2000,0,1.255151e-02
2026-07-20T18:10:03.498,1784560203.499,135.403,6.278562e-01,3.431678e-03,6.159668e-01,6.372070e-01,2000,0,1.255712e-02
2026-07-20T18:10:03.600,1784560203.601,135.503,6.265948e-01,3.260278e-03,6.164551e-01,6.374512e-01,2000,0,1.253190e-02
2026-07-20T18:10:03.698,1784560203.698,135.603,6.270399e-01,3.375814e-03,6.152344e-01,6.376953e-01,2000,0,1.254080e-02
2026-07-20T18:10:03.798,1784560203.798,135.703,6.270509e-01,3.377684e-03,6.152344e-01,6.364746e-01,2000,0,1.254102e-02
2026-07-20T18:10:03.898,1784560203.898,135.803,6.264493e-01,3.332653e-03,6.152344e-01,6.359863e-01,2000,0,1.252899e-02
2026-07-20T18:10:03.998,1784560203.999,135.903,6.264099e-01,3.315924e-03,6.142578e-01,6.379395e-01,2000,0,1.252820e-02
2026-07-20T18:10:04.100,1784560204.100,136.003,6.266467e-01,3.419503e-03,6.135254e-01,6.369629e-01,2000,0,1.253293e-02
2026-07-20T18:10:04.198,1784560204.199,136.103,6.260042e-01,3.332857e-03,6.152344e-01,6.369629e-01,2000,0,1.252008e-02
2026-07-20T18:10:04.298,1784560204.299,136.203,6.265629e-01,3.359017e-03,6.123047e-01,6.364746e-01,2000,0,1.253126e-02
2026-07-20T18:10:04.398,1784560204.399,136.303,6.263807e-01,3.355791e-03,6.142578e-01,6.372070e-01,2000,0,1.252761e-02
2026-07-20T18:10:04.498,1784560204.498,136.403,6.258804e-01,3.415036e-03,6.149902e-01,6.369629e-01,2000,0,1.251761e-02
2026-07-20T18:10:04.600,1784560204.601,136.503,6.254200e-01,3.165030e-03,6.142578e-01,6.398926e-01,2000,0,1.250840e-02
2026-07-20T18:10:04.698,1784560204.698,136.603,6.257860e-01,3.298983e-03,6.093750e-01,6.350098e-01,2000,0,1.251572e-02
2026-07-20T18:10:04.798,1784560204.799,136.703,6.251914e-01,3.322343e-03,6.149902e-01,6.379395e-01,2000,0,1.250383e-02
2026-07-20T18:10:04.898,1784560204.898,136.803,6.251829e-01,3.118097e-03,6.132812e-01,6.354980e-01,2000,0,1.250366e-02
2026-07-20T18:10:04.998,1784560204.999,136.903,6.252267e-01,3.329351e-03,6.149902e-01,6.381836e-01,2000,0,1.250453e-02
2026-07-20T18:10:05.098,1784560205.099,137.003,6.247749e-01,3.231401e-03,6.130371e-01,6.367188e-01,2000,0,1.249550e-02
2026-07-20T18:10:05.198,1784560205.199,137.103,6.247473e-01,3.095023e-03,6.140137e-01,6.359863e-01,2000,0,1.249495e-02
2026-07-20T18:10:05.298,1784560205.298,137.203,6.245410e-01,3.111626e-03,6.113281e-01,6.379395e-01,2000,0,1.249082e-02
2026-07-20T18:10:05.398,1784560205.399,137.303,6.243138e-01,3.090454e-03,6.145020e-01,6.352539e-01,2000,0,1.248628e-02
2026-07-20T18:10:05.498,1784560205.499,137.403,6.240051e-01,3.027367e-03,6.101074e-01,6.340332e-01,2000,0,1.248010e-02
2026-07-20T18:10:05.598,1784560205.598,137.503,6.243142e-01,3.103031e-03,6.108398e-01,6.379395e-01,2000,0,1.248628e-02
2026-07-20T18:10:05.698,1784560205.699,137.603,6.236796e-01,3.025499e-03,6.125488e-01,6.328125e-01,2000,0,1.247359e-02
2026-07-20T18:10:05.798,1784560205.798,137.703,6.234116e-01,2.913990e-03,6.108398e-01,6.320801e-01,2000,0,1.246823e-02
2026-07-20T18:10:05.900,1784560205.901,137.803,6.238785e-01,2.907655e-03,6.125488e-01,6.345215e-01,2000,0,1.247757e-02
2026-07-20T18:10:05.998,1784560205.998,137.903,6.229790e-01,2.836781e-03,6.130371e-01,6.315918e-01,2000,0,1.245958e-02
2026-07-20T18:10:06.098,1784560206.099,138.003,6.232096e-01,3.023998e-03,6.140137e-01,6.330566e-01,2000,0,1.246419e-02
2026-07-20T18:10:06.198,1784560206.199,138.103,6.234261e-01,3.102663e-03,6.130371e-01,6.352539e-01,2000,0,1.246852e-02
2026-07-20T18:10:06.298,1784560206.299,138.203,6.230601e-01,2.998133e-03,6.127930e-01,6.337891e-01,2000,0,1.246120e-02
2026-07-20T18:10:06.398,1784560206.399,138.303,6.224241e-01,3.033337e-03,6.113281e-01,6.318359e-01,2000,0,1.244848e-02
2026-07-20T18:10:06.498,1784560206.499,138.403,6.219908e-01,3.080930e-03,6.123047e-01,6.320801e-01,2000,0,1.243982e-02
2026-07-20T18:10:06.598,1784560206.599,138.503,6.208270e-01,3.020227e-03,6.093750e-01,6.311035e-01,2000,0,1.241654e-02
2026-07-20T18:10:06.700,1784560206.700,138.603,6.204554e-01,3.022416e-03,6.098633e-01,6.308594e-01,2000,0,1.240911e-02
2026-07-20T18:10:06.798,1784560206.799,138.703,6.201660e-01,2.960440e-03,6.096191e-01,6.293945e-01,2000,0,1.240332e-02
2026-07-20T18:10:06.898,1784560206.899,138.803,6.190264e-01,2.947375e-03,6.079102e-01,6.281738e-01,2000,0,1.238053e-02
2026-07-20T18:10:06.998,1784560206.999,138.903,6.181168e-01,2.935115e-03,6.088867e-01,6.308594e-01,2000,0,1.236234e-02
2026-07-20T18:10:07.098,1784560207.099,139.003,6.179480e-01,3.019653e-03,6.074219e-01,6.306152e-01,2000,0,1.235896e-02
2026-07-20T18:10:07.198,1784560207.199,139.103,6.166295e-01,2.979246e-03,6.049805e-01,6.269531e-01,2000,0,1.233259e-02
2026-07-20T18:10:07.298,1784560207.298,139.203,6.154978e-01,3.126504e-03,6.042480e-01,6.262207e-01,2000,0,1.230996e-02
2026-07-20T18:10:07.398,1784560207.399,139.303,6.160234e-01,3.017692e-03,6.057129e-01,6.250000e-01,2000,0,1.232047e-02
2026-07-20T18:10:07.498,1784560207.499,139.403,6.154684e-01,3.038024e-03,6.064453e-01,6.252441e-01,2000,0,1.230937e-02
2026-07-20T18:10:07.598,1784560207.599,139.503,6.148320e-01,3.087275e-03,6.022949e-01,6.254883e-01,2000,0,1.229664e-02
2026-07-20T18:10:07.698,1784560207.699,139.603,6.145815e-01,2.979373e-03,6.044922e-01,6.242676e-01,2000,0,1.229163e-02
2026-07-20T18:10:07.798,1784560207.799,139.703,6.137189e-01,2.901716e-03,6.040039e-01,6.235352e-01,2000,0,1.227438e-02
2026-07-20T18:10:07.898,1784560207.899,139.803,6.136375e-01,2.859129e-03,6.042480e-01,6.230469e-01,2000,0,1.227275e-02
2026-07-20T18:10:07.998,1784560207.998,139.903,6.122423e-01,2.872719e-03,6.020508e-01,6.223145e-01,2000,0,1.224485e-02
2026-07-20T18:10:08.098,1784560208.099,140.003,6.126598e-01,2.741580e-03,6.025391e-01,6.257324e-01,2000,0,1.225320e-02
2026-07-20T18:10:08.198,1784560208.199,140.103,6.122810e-01,2.686319e-03,5.991211e-01,6.215820e-01,2000,0,1.224562e-02
2026-07-20T18:10:08.298,1784560208.299,140.203,6.122747e-01,2.636243e-03,6.025391e-01,6.213379e-01,2000,0,1.224549e-02
2026-07-20T18:10:08.398,1784560208.399,140.303,6.116682e-01,2.654860e-03,6.037598e-01,6.210938e-01,2000,0,1.223336e-02
2026-07-20T18:10:08.498,1784560208.499,140.403,6.114662e-01,2.738064e-03,5.991211e-01,6.193848e-01,2000,0,1.222932e-02
2026-07-20T18:10:08.598,1784560208.599,140.503,6.115101e-01,2.642711e-03,6.025391e-01,6.228027e-01,2000,0,1.223020e-02
2026-07-20T18:10:08.700,1784560208.701,140.603,6.100892e-01,2.545217e-03,6.000977e-01,6.181641e-01,2000,0,1.220178e-02
2026-07-20T18:10:08.798,1784560208.799,140.703,6.102638e-01,2.692443e-03,6.005859e-01,6.198730e-01,2000,0,1.220528e-02
2026-07-20T18:10:08.898,1784560208.899,140.803,6.105675e-01,2.707267e-03,6.018066e-01,6.188965e-01,2000,0,1.221135e-02
2026-07-20T18:10:08.998,1784560208.998,140.903,6.101139e-01,2.667428e-03,6.013184e-01,6.213379e-01,2000,0,1.220228e-02
2026-07-20T18:10:09.098,1784560209.099,141.003,6.099777e-01,2.526732e-03,6.005859e-01,6.188965e-01,2000,0,1.219955e-02
2026-07-20T18:10:09.198,1784560209.198,141.103,6.098948e-01,2.555551e-03,5.998535e-01,6.176758e-01,2000,0,1.219790e-02
2026-07-20T18:10:09.298,1784560209.299,141.203,6.102933e-01,2.432082e-03,6.022949e-01,6.181641e-01,2000,0,1.220587e-02
2026-07-20T18:10:09.398,1784560209.399,141.303,6.098705e-01,2.435083e-03,6.027832e-01,6.171875e-01,2000,0,1.219741e-02
2026-07-20T18:10:09.498,1784560209.499,141.403,6.102343e-01,2.579743e-03,6.020508e-01,6.193848e-01,2000,0,1.220469e-02
2026-07-20T18:10:09.598,1784560209.599,141.503,6.100759e-01,2.499496e-03,6.015625e-01,6.181641e-01,2000,0,1.220152e-02
2026-07-20T18:10:09.698,1784560209.699,141.603,6.100227e-01,2.517297e-03,6.003418e-01,6.186523e-01,2000,0,1.220045e-02
2026-07-20T18:10:09.798,1784560209.799,141.703,6.100857e-01,2.687467e-03,6.018066e-01,6.196289e-01,2000,0,1.220171e-02
2026-07-20T18:10:09.898,1784560209.899,141.803,6.096735e-01,2.502578e-03,6.005859e-01,6.247559e-01,2000,0,1.219347e-02
2026-07-20T18:10:09.998,1784560209.999,141.903,6.098865e-01,2.676955e-03,5.996094e-01,6.203613e-01,2000,0,1.219773e-02
2026-07-20T18:10:10.098,1784560210.099,142.003,6.100576e-01,2.746537e-03,5.986328e-01,6.198730e-01,2000,0,1.220115e-02
2026-07-20T18:10:10.198,1784560210.198,142.103,6.092062e-01,2.794406e-03,6.003418e-01,6.188965e-01,2000,0,1.218412e-02
2026-07-20T18:10:10.298,1784560210.298,142.203,6.102324e-01,2.933072e-03,5.988770e-01,6.218262e-01,2000,0,1.220465e-02
2026-07-20T18:10:10.398,1784560210.398,142.303,6.101674e-01,3.018266e-03,5.998535e-01,6.191406e-01,2000,0,1.220335e-02
2026-07-20T18:10:10.498,1784560210.498,142.403,6.102361e-01,3.090711e-03,6.000977e-01,6.198730e-01,2000,0,1.220472e-02
2026-07-20T18:10:10.598,1784560210.599,142.503,6.103604e-01,3.189823e-03,5.979004e-01,6.198730e-01,2000,0,1.220721e-02
2026-07-20T18:10:10.698,1784560210.698,142.603,6.104269e-01,3.170806e-03,6.003418e-01,6.193848e-01,2000,0,1.220854e-02
2026-07-20T18:10:10.798,1784560210.798,142.703,6.106077e-01,3.215950e-03,6.005859e-01,6.201172e-01,2000,0,1.221215e-02
2026-07-20T18:10:10.898,1784560210.898,142.803,6.107386e-01,3.290402e-03,5.986328e-01,6.225586e-01,2000,0,1.221477e-02
2026-07-20T18:10:10.998,1784560210.998,142.903,6.111431e-01,3.166010e-03,5.998535e-01,6.210938e-01,2000,0,1.222286e-02
2026-07-20T18:10:11.098,1784560211.098,143.003,6.107213e-01,3.424291e-03,5.981445e-01,6.203613e-01,2000,0,1.221443e-02
2026-07-20T18:10:11.198,1784560211.198,143.103,6.111895e-01,3.347705e-03,5.996094e-01,6.230469e-01,2000,0,1.222379e-02
2026-07-20T18:10:11.298,1784560211.298,143.203,6.117638e-01,3.430198e-03,6.003418e-01,6.237793e-01,2000,0,1.223528e-02
2026-07-20T18:10:11.398,1784560211.398,143.303,6.111531e-01,3.338019e-03,5.991211e-01,6.218262e-01,2000,0,1.222306e-02
2026-07-20T18:10:11.498,1784560211.499,143.403,6.110730e-01,3.348404e-03,6.003418e-01,6.220703e-01,2000,0,1.222146e-02
2026-07-20T18:10:11.598,1784560211.598,143.503,6.109694e-01,3.203717e-03,5.991211e-01,6.208496e-01,2000,0,1.221939e-02
2026-07-20T18:10:11.698,1784560211.698,143.603,6.100702e-01,3.262492e-03,5.974121e-01,6.208496e-01,2000,0,1.220140e-02
2026-07-20T18:10:11.798,1784560211.798,143.703,6.101986e-01,3.376572e-03,5.991211e-01,6.206055e-01,2000,0,1.220397e-02
2026-07-20T18:10:11.898,1784560211.898,143.803,6.098049e-01,3.241640e-03,5.993652e-01,6.208496e-01,2000,0,1.219610e-02
2026-07-20T18:10:11.998,1784560211.998,143.903,6.089703e-01,3.216892e-03,5.996094e-01,6.203613e-01,2000,0,1.217941e-02
2026-07-20T18:10:12.098,1784560212.099,144.003,6.082460e-01,3.327821e-03,5.942383e-01,6.179199e-01,2000,0,1.216492e-02
2026-07-20T18:10:12.200,1784560212.201,144.103,6.069957e-01,3.185991e-03,5.952148e-01,6.181641e-01,2000,0,1.213991e-02
2026-07-20T18:10:12.298,1784560212.298,144.203,6.064137e-01,3.134719e-03,5.949707e-01,6.184082e-01,2000,0,1.212827e-02
2026-07-20T18:10:12.398,1784560212.399,144.303,6.058612e-01,3.176770e-03,5.966797e-01,6.171875e-01,2000,0,1.211722e-02
2026-07-20T18:10:12.498,1784560212.498,144.403,6.046785e-01,3.197849e-03,5.961914e-01,6.147461e-01,2000,0,1.209357e-02
2026-07-20T18:10:12.598,1784560212.599,144.503,6.042200e-01,3.173526e-03,5.932617e-01,6.157227e-01,2000,0,1.208440e-02
2026-07-20T18:10:12.698,1784560212.699,144.603,6.032100e-01,3.018851e-03,5.925293e-01,6.137695e-01,2000,0,1.206420e-02
2026-07-20T18:10:12.798,1784560212.799,144.703,6.024954e-01,3.106117e-03,5.935059e-01,6.140137e-01,2000,0,1.204991e-02
2026-07-20T18:10:12.898,1784560212.899,144.803,6.012522e-01,3.085580e-03,5.900879e-01,6.110840e-01,2000,0,1.202504e-02
2026-07-20T18:10:12.998,1784560212.999,144.903,6.002321e-01,3.034055e-03,5.900879e-01,6.108398e-01,2000,0,1.200464e-02
2026-07-20T18:10:13.098,1784560213.099,145.003,5.995114e-01,3.148224e-03,5.900879e-01,6.093750e-01,2000,0,1.199023e-02
2026-07-20T18:10:13.198,1784560213.199,145.104,5.979491e-01,3.113503e-03,5.866699e-01,6.081543e-01,2000,0,1.195898e-02
2026-07-20T18:10:13.298,1784560213.299,145.203,5.971028e-01,3.237656e-03,5.852051e-01,6.113281e-01,2000,0,1.194206e-02
2026-07-20T18:10:13.398,1784560213.398,145.303,5.956212e-01,3.447460e-03,5.849609e-01,6.062012e-01,2000,0,1.191242e-02
2026-07-20T18:10:13.498,1784560213.498,145.403,5.938329e-01,3.416750e-03,5.803223e-01,6.054688e-01,2000,0,1.187666e-02
2026-07-20T18:10:13.598,1784560213.598,145.503,5.926943e-01,3.442262e-03,5.805664e-01,6.049805e-01,2000,0,1.185389e-02
2026-07-20T18:10:13.698,1784560213.698,145.603,5.912180e-01,3.292699e-03,5.781250e-01,6.025391e-01,2000,0,1.182436e-02
2026-07-20T18:10:13.798,1784560213.799,145.703,5.894485e-01,3.425936e-03,5.786133e-01,5.998535e-01,2000,0,1.178897e-02
2026-07-20T18:10:13.898,1784560213.898,145.803,5.883588e-01,3.426735e-03,5.739746e-01,6.008301e-01,2000,0,1.176718e-02
2026-07-20T18:10:13.998,1784560213.998,145.903,5.871217e-01,3.213684e-03,5.747070e-01,5.983887e-01,2000,0,1.174243e-02
2026-07-20T18:10:14.098,1784560214.098,146.003,5.850145e-01,3.399375e-03,5.729980e-01,5.996094e-01,2000,0,1.170029e-02
2026-07-20T18:10:14.198,1784560214.198,146.103,5.837594e-01,3.479148e-03,5.681152e-01,5.949707e-01,2000,0,1.167519e-02
2026-07-20T18:10:14.298,1784560214.299,146.203,5.819139e-01,3.392207e-03,5.695801e-01,5.925293e-01,2000,0,1.163828e-02
2026-07-20T18:10:14.398,1784560214.398,146.303,5.792505e-01,3.339473e-03,5.668945e-01,5.900879e-01,2000,0,1.158501e-02
2026-07-20T18:10:14.498,1784560214.498,146.403,5.778556e-01,3.318039e-03,5.661621e-01,5.874023e-01,2000,0,1.155711e-02
2026-07-20T18:10:14.598,1784560214.599,146.503,5.756774e-01,3.425649e-03,5.642090e-01,5.842285e-01,2000,0,1.151355e-02
2026-07-20T18:10:14.700,1784560214.701,146.603,5.732345e-01,3.248855e-03,5.617676e-01,5.844727e-01,2000,0,1.146469e-02
2026-07-20T18:10:14.798,1784560214.799,146.703,5.718280e-01,3.374942e-03,5.605469e-01,5.839844e-01,2000,0,1.143656e-02
2026-07-20T18:10:14.898,1784560214.898,146.803,5.697609e-01,3.226244e-03,5.573730e-01,5.786133e-01,2000,0,1.139522e-02
2026-07-20T18:10:14.998,1784560214.998,146.903,5.674177e-01,3.227901e-03,5.559082e-01,5.771484e-01,2000,0,1.134835e-02
2026-07-20T18:10:15.098,1784560215.098,147.003,5.649473e-01,3.231480e-03,5.537109e-01,5.744629e-01,2000,0,1.129895e-02
2026-07-20T18:10:15.198,1784560215.199,147.103,5.619681e-01,3.395825e-03,5.500488e-01,5.727539e-01,2000,0,1.123936e-02
2026-07-20T18:10:15.298,1784560215.298,147.203,5.595957e-01,3.366753e-03,5.468750e-01,5.717773e-01,2000,0,1.119191e-02
2026-07-20T18:10:15.398,1784560215.398,147.303,5.568683e-01,3.191581e-03,5.441895e-01,5.671387e-01,2000,0,1.113737e-02
2026-07-20T18:10:15.498,1784560215.499,147.403,5.534843e-01,3.320136e-03,5.427246e-01,5.627441e-01,2000,0,1.106969e-02
2026-07-20T18:10:15.598,1784560215.598,147.503,5.507583e-01,3.293982e-03,5.366211e-01,5.625000e-01,2000,0,1.101517e-02
2026-07-20T18:10:15.698,1784560215.699,147.603,5.478009e-01,3.339701e-03,5.351562e-01,5.588379e-01,2000,0,1.095602e-02
2026-07-20T18:10:15.798,1784560215.799,147.703,5.446327e-01,3.422347e-03,5.314941e-01,5.563965e-01,2000,0,1.089265e-02
2026-07-20T18:10:15.898,1784560215.899,147.803,5.414799e-01,3.354147e-03,5.300293e-01,5.529785e-01,2000,0,1.082960e-02
2026-07-20T18:10:15.998,1784560215.999,147.903,5.393961e-01,3.271322e-03,5.258789e-01,5.510254e-01,2000,0,1.078792e-02
2026-07-20T18:10:16.098,1784560216.099,148.003,5.357648e-01,3.308236e-03,5.256348e-01,5.458984e-01,2000,0,1.071530e-02
2026-07-20T18:10:16.198,1784560216.199,148.103,5.323357e-01,3.615089e-03,5.192871e-01,5.461426e-01,2000,0,1.064671e-02
2026-07-20T18:10:16.298,1784560216.298,148.203,5.296356e-01,3.287327e-03,5.166016e-01,5.397949e-01,2000,0,1.059271e-02
2026-07-20T18:10:16.398,1784560216.399,148.303,5.272102e-01,3.480445e-03,5.146484e-01,5.385742e-01,2000,0,1.054420e-02
2026-07-20T18:10:16.498,1784560216.498,148.403,5.238765e-01,3.215631e-03,5.144043e-01,5.351562e-01,2000,0,1.047753e-02
2026-07-20T18:10:16.598,1784560216.599,148.503,5.215869e-01,3.447959e-03,5.087891e-01,5.339355e-01,2000,0,1.043174e-02
2026-07-20T18:10:16.698,1784560216.699,148.603,5.178605e-01,3.323731e-03,5.075684e-01,5.285645e-01,2000,0,1.035721e-02
2026-07-20T18:10:16.798,1784560216.798,148.703,5.144498e-01,3.269459e-03,5.041504e-01,5.270996e-01,2000,0,1.028900e-02
2026-07-20T18:10:16.898,1784560216.898,148.803,5.127158e-01,3.269944e-03,5.034180e-01,5.236816e-01,2000,0,1.025432e-02
2026-07-20T18:10:16.998,1784560216.998,148.903,5.099191e-01,3.159763e-03,4.987793e-01,5.212402e-01,2000,0,1.019838e-02
2026-07-20T18:10:17.098,1784560217.098,149.003,5.066884e-01,3.032381e-03,4.960938e-01,5.185547e-01,2000,0,1.013377e-02
2026-07-20T18:10:17.198,1784560217.199,149.103,5.050055e-01,3.241954e-03,4.953613e-01,5.166016e-01,2000,0,1.010011e-02
2026-07-20T18:10:17.298,1784560217.299,149.203,5.024122e-01,3.241276e-03,4.914551e-01,5.148926e-01,2000,0,1.004824e-02
2026-07-20T18:10:17.398,1784560217.399,149.303,4.989272e-01,3.359651e-03,4.868164e-01,5.097656e-01,2000,0,9.978545e-03
2026-07-20T18:10:17.498,1784560217.499,149.403,4.972815e-01,3.274296e-03,4.882812e-01,5.109863e-01,2000,0,9.945630e-03
2026-07-20T18:10:17.598,1784560217.599,149.503,4.950221e-01,3.111647e-03,4.838867e-01,5.092773e-01,2000,0,9.900442e-03
2026-07-20T18:10:17.698,1784560217.699,149.603,4.921997e-01,3.117031e-03,4.809570e-01,5.029297e-01,2000,0,9.843994e-03
2026-07-20T18:10:17.798,1784560217.799,149.703,4.912836e-01,3.167728e-03,4.819336e-01,5.075684e-01,2000,0,9.825671e-03
2026-07-20T18:10:17.898,1784560217.899,149.803,4.894537e-01,3.260356e-03,4.760742e-01,5.012207e-01,2000,0,9.789075e-03
2026-07-20T18:10:17.998,1784560217.999,149.903,4.878983e-01,3.410080e-03,4.780273e-01,5.000000e-01,2000,0,9.757966e-03
2026-07-20T18:10:18.098,1784560218.099,150.003,4.870604e-01,3.474555e-03,4.748535e-01,4.975586e-01,2000,0,9.741208e-03
2026-07-20T18:10:18.198,1784560218.199,150.103,4.855093e-01,3.329819e-03,4.699707e-01,4.963379e-01,2000,0,9.710186e-03
2026-07-20T18:10:18.298,1784560218.299,150.203,4.836346e-01,3.534044e-03,4.724121e-01,4.970703e-01,2000,0,9.672693e-03
2026-07-20T18:10:18.398,1784560218.398,150.303,4.833938e-01,3.593221e-03,4.714355e-01,4.934082e-01,2000,0,9.667876e-03
2026-07-20T18:10:18.498,1784560218.499,150.403,4.823805e-01,3.424204e-03,4.677734e-01,4.924316e-01,2000,0,9.647610e-03
2026-07-20T18:10:18.598,1784560218.599,150.503,4.811792e-01,3.568388e-03,4.692383e-01,4.924316e-01,2000,0,9.623584e-03
2026-07-20T18:10:18.698,1784560218.699,150.603,4.806370e-01,3.565099e-03,4.685059e-01,4.956055e-01,2000,0,9.612739e-03
2026-07-20T18:10:18.800,1784560218.801,150.703,4.793457e-01,3.562061e-03,4.672852e-01,4.902344e-01,2000,0,9.586914e-03
2026-07-20T18:10:18.900,1784560218.901,150.803,4.778203e-01,3.654271e-03,4.660645e-01,4.887695e-01,2000,0,9.556406e-03
2026-07-20T18:10:18.998,1784560218.999,150.903,4.766382e-01,3.540678e-03,4.663086e-01,4.877930e-01,2000,0,9.532764e-03
2026-07-20T18:10:19.100,1784560219.101,151.003,4.754521e-01,3.605154e-03,4.643555e-01,4.892578e-01,2000,0,9.509043e-03
2026-07-20T18:10:19.200,1784560219.201,151.103,4.732887e-01,3.633300e-03,4.599609e-01,4.855957e-01,2000,0,9.465774e-03
2026-07-20T18:10:19.300,1784560219.301,151.203,4.715789e-01,3.745426e-03,4.577637e-01,4.855957e-01,2000,0,9.431577e-03
2026-07-20T18:10:19.398,1784560219.398,151.303,4.697196e-01,3.897349e-03,4.560547e-01,4.843750e-01,2000,0,9.394392e-03
2026-07-20T18:10:19.498,1784560219.498,151.403,4.666437e-01,4.009580e-03,4.548340e-01,4.802246e-01,2000,0,9.332874e-03
2026-07-20T18:10:19.598,1784560219.598,151.503,4.648785e-01,4.078195e-03,4.533691e-01,4.812012e-01,2000,0,9.297571e-03
2026-07-20T18:10:19.698,1784560219.698,151.603,4.627336e-01,3.947887e-03,4.484863e-01,4.770508e-01,2000,0,9.254673e-03
2026-07-20T18:10:19.798,1784560219.798,151.703,4.598549e-01,3.862747e-03,4.482422e-01,4.716797e-01,2000,0,9.197097e-03
2026-07-20T18:10:19.898,1784560219.898,151.803,4.571017e-01,4.026783e-03,4.470215e-01,4.694824e-01,2000,0,9.142034e-03
2026-07-20T18:10:19.998,1784560219.998,151.903,4.549347e-01,4.018775e-03,4.423828e-01,4.680176e-01,2000,0,9.098694e-03
2026-07-20T18:10:20.098,1784560220.098,152.003,4.519438e-01,4.039932e-03,4.411621e-01,4.648438e-01,2000,0,9.038877e-03
2026-07-20T18:10:20.198,1784560220.198,152.103,4.496622e-01,4.033687e-03,4.355469e-01,4.631348e-01,2000,0,8.993245e-03
2026-07-20T18:10:20.298,1784560220.298,152.203,4.478246e-01,4.067420e-03,4.372559e-01,4.614258e-01,2000,0,8.956492e-03
2026-07-20T18:10:20.398,1784560220.398,152.303,4.445270e-01,4.028033e-03,4.340820e-01,4.587402e-01,2000,0,8.890540e-03
2026-07-20T18:10:20.498,1784560220.498,152.403,4.427374e-01,3.974972e-03,4.316406e-01,4.582520e-01,2000,0,8.854749e-03
2026-07-20T18:10:20.598,1784560220.598,152.503,4.411036e-01,4.111086e-03,4.284668e-01,4.553223e-01,2000,0,8.822073e-03
2026-07-20T18:10:20.698,1784560220.698,152.603,4.377076e-01,4.159587e-03,4.233398e-01,4.509277e-01,2000,0,8.754153e-03
2026-07-20T18:10:20.798,1784560220.798,152.703,4.361698e-01,4.126066e-03,4.216309e-01,4.489746e-01,2000,0,8.723396e-03
2026-07-20T18:10:20.898,1784560220.898,152.803,4.343357e-01,4.156278e-03,4.233398e-01,4.465332e-01,2000,0,8.686714e-03
2026-07-20T18:10:20.998,1784560220.998,152.903,4.318617e-01,4.093202e-03,4.206543e-01,4.445801e-01,2000,0,8.637234e-03
2026-07-20T18:10:21.098,1784560221.098,153.003,4.305123e-01,4.170435e-03,4.184570e-01,4.431152e-01,2000,0,8.610247e-03
2026-07-20T18:10:21.198,1784560221.198,153.103,4.290930e-01,4.101328e-03,4.167480e-01,4.411621e-01,2000,0,8.581860e-03
2026-07-20T18:10:21.298,1784560221.298,153.203,4.270859e-01,4.199841e-03,4.118652e-01,4.387207e-01,2000,0,8.541719e-03
2026-07-20T18:10:21.398,1784560221.399,153.303,4.260881e-01,3.953533e-03,4.135742e-01,4.389648e-01,2000,0,8.521763e-03
2026-07-20T18:10:21.498,1784560221.498,153.403,4.241936e-01,4.145670e-03,4.121094e-01,4.360352e-01,2000,0,8.483872e-03
2026-07-20T18:10:21.598,1784560221.598,153.503,4.236622e-01,3.987428e-03,4.113770e-01,4.360352e-01,2000,0,8.473245e-03
2026-07-20T18:10:21.698,1784560221.699,153.603,4.224198e-01,4.236898e-03,4.084473e-01,4.350586e-01,2000,0,8.448396e-03
2026-07-20T18:10:21.799,1784560221.799,153.703,4.220455e-01,4.168086e-03,4.091797e-01,4.357910e-01,2000,0,8.440911e-03
2026-07-20T18:10:21.898,1784560221.899,153.803,4.207668e-01,4.117115e-03,4.067383e-01,4.326172e-01,2000,0,8.415337e-03
2026-07-20T18:10:21.998,1784560221.999,153.903,4.197456e-01,4.020772e-03,4.077148e-01,4.316406e-01,2000,0,8.394912e-03
2026-07-20T18:10:22.098,1784560222.099,154.003,4.186630e-01,4.059024e-03,4.062500e-01,4.328613e-01,2000,0,8.373259e-03
2026-07-20T18:10:22.198,1784560222.198,154.103,4.175603e-01,4.146706e-03,4.020996e-01,4.289551e-01,2000,0,8.351206e-03
2026-07-20T18:10:22.298,1784560222.298,154.203,4.162424e-01,3.981192e-03,4.035645e-01,4.279785e-01,2000,0,8.324849e-03
2026-07-20T18:10:22.398,1784560222.398,154.303,4.162074e-01,4.064355e-03,4.033203e-01,4.294434e-01,2000,0,8.324148e-03
2026-07-20T18:10:22.498,1784560222.498,154.403,4.142637e-01,3.977687e-03,3.981934e-01,4.255371e-01,2000,0,8.285273e-03
2026-07-20T18:10:22.599,1784560222.599,154.503,4.133962e-01,3.958916e-03,3.984375e-01,4.301758e-01,2000,0,8.267925e-03
2026-07-20T18:10:22.698,1784560222.698,154.603,4.133821e-01,3.904637e-03,3.994141e-01,4.250488e-01,2000,0,8.267642e-03
2026-07-20T18:10:22.798,1784560222.798,154.703,4.118752e-01,3.864981e-03,3.991699e-01,4.270020e-01,2000,0,8.237505e-03
2026-07-20T18:10:22.898,1784560222.898,154.803,4.107188e-01,3.947253e-03,3.977051e-01,4.228516e-01,2000,0,8.214375e-03
2026-07-20T18:10:22.998,1784560222.998,154.903,4.105253e-01,3.921873e-03,3.969727e-01,4.238281e-01,2000,0,8.210505e-03
2026-07-20T18:10:23.098,1784560223.098,155.003,4.090220e-01,4.069786e-03,3.925781e-01,4.206543e-01,2000,0,8.180439e-03
2026-07-20T18:10:23.198,1784560223.198,155.103,4.082594e-01,4.023474e-03,3.950195e-01,4.199219e-01,2000,0,8.165188e-03
2026-07-20T18:10:23.298,1784560223.298,155.203,4.075027e-01,3.974073e-03,3.942871e-01,4.213867e-01,2000,0,8.150054e-03
2026-07-20T18:10:23.398,1784560223.398,155.303,4.062970e-01,4.079373e-03,3.901367e-01,4.194336e-01,2000,0,8.125940e-03
2026-07-20T18:10:23.498,1784560223.498,155.403,4.056628e-01,4.070996e-03,3.884277e-01,4.174805e-01,2000,0,8.113257e-03
2026-07-20T18:10:23.598,1784560223.598,155.503,4.052461e-01,4.025274e-03,3.901367e-01,4.184570e-01,2000,0,8.104922e-03
2026-07-20T18:10:23.699,1784560223.699,155.603,4.038357e-01,3.830454e-03,3.918457e-01,4.155273e-01,2000,0,8.076714e-03
2026-07-20T18:10:23.798,1784560223.799,155.703,4.028173e-01,3.930890e-03,3.896484e-01,4.274902e-01,2000,0,8.056345e-03
2026-07-20T18:10:23.899,1784560223.899,155.803,4.033920e-01,3.909380e-03,3.891602e-01,4.169922e-01,2000,0,8.067839e-03
2026-07-20T18:10:23.999,1784560223.999,155.903,4.023972e-01,3.827819e-03,3.872070e-01,4.145508e-01,2000,0,8.047944e-03
2026-07-20T18:10:24.100,1784560224.101,156.003,4.024164e-01,3.768388e-03,3.891602e-01,4.143066e-01,2000,0,8.048328e-03
2026-07-20T18:10:24.198,1784560224.198,156.103,4.024020e-01,3.795901e-03,3.894043e-01,4.130859e-01,2000,0,8.048040e-03
2026-07-20T18:10:24.298,1784560224.299,156.203,4.017729e-01,3.930359e-03,3.894043e-01,4.162598e-01,2000,0,8.035459e-03
2026-07-20T18:10:24.398,1784560224.398,156.303,4.016223e-01,3.631562e-03,3.876953e-01,4.140625e-01,2000,0,8.032446e-03
2026-07-20T18:10:24.498,1784560224.498,156.403,4.012682e-01,3.452558e-03,3.894043e-01,4.118652e-01,2000,0,8.025364e-03
2026-07-20T18:10:24.598,1784560224.599,156.503,4.005422e-01,3.431790e-03,3.869629e-01,4.123535e-01,2000,0,8.010845e-03
2026-07-20T18:10:24.698,1784560224.698,156.603,4.010504e-01,3.645797e-03,3.894043e-01,4.147949e-01,2000,0,8.021008e-03
2026-07-20T18:10:24.798,1784560224.798,156.703,4.009957e-01,3.389324e-03,3.911133e-01,4.128418e-01,2000,0,8.019915e-03
2026-07-20T18:10:24.898,1784560224.898,156.803,4.002494e-01,3.483886e-03,3.898926e-01,4.140625e-01,2000,0,8.004988e-03
2026-07-20T18:10:24.998,1784560224.999,156.903,4.006519e-01,3.472733e-03,3.901367e-01,4.106445e-01,2000,0,8.013037e-03
2026-07-20T18:10:25.098,1784560225.099,157.003,4.007705e-01,3.460308e-03,3.881836e-01,4.135742e-01,2000,0,8.015410e-03
2026-07-20T18:10:25.198,1784560225.199,157.103,4.008353e-01,3.438326e-03,3.876953e-01,4.116211e-01,2000,0,8.016707e-03
2026-07-20T18:10:25.298,1784560225.299,157.203,4.007568e-01,3.436092e-03,3.911133e-01,4.133301e-01,2000,0,8.015137e-03
2026-07-20T18:10:25.398,1784560225.399,157.303,4.010992e-01,3.599779e-03,3.896484e-01,4.133301e-01,2000,0,8.021985e-03
2026-07-20T18:10:25.498,1784560225.498,157.403,4.018158e-01,3.466075e-03,3.891602e-01,4.130859e-01,2000,0,8.036316e-03
2026-07-20T18:10:25.598,1784560225.598,157.503,4.029165e-01,3.255314e-03,3.916016e-01,4.133301e-01,2000,0,8.058330e-03
2026-07-20T18:10:25.698,1784560225.698,157.603,4.023160e-01,3.322947e-03,3.908691e-01,4.123535e-01,2000,0,8.046321e-03
2026-07-20T18:10:25.798,1784560225.798,157.703,4.027148e-01,3.350029e-03,3.898926e-01,4.143066e-01,2000,0,8.054297e-03
2026-07-20T18:10:25.898,1784560225.898,157.803,4.041925e-01,3.079771e-03,3.945312e-01,4.145508e-01,2000,0,8.083850e-03
2026-07-20T18:10:25.998,1784560225.998,157.903,4.041733e-01,3.516269e-03,3.913574e-01,4.143066e-01,2000,0,8.083467e-03
2026-07-20T18:10:26.098,1784560226.098,158.003,4.047773e-01,3.336555e-03,3.928223e-01,4.165039e-01,2000,0,8.095547e-03
2026-07-20T18:10:26.198,1784560226.198,158.103,4.055349e-01,3.284031e-03,3.947754e-01,4.165039e-01,2000,0,8.110698e-03
2026-07-20T18:10:26.298,1784560226.298,158.203,4.052549e-01,3.168709e-03,3.942871e-01,4.155273e-01,2000,0,8.105098e-03
2026-07-20T18:10:26.398,1784560226.398,158.303,4.060070e-01,3.283138e-03,3.952637e-01,4.172363e-01,2000,0,8.120139e-03
2026-07-20T18:10:26.498,1784560226.498,158.403,4.066888e-01,3.094048e-03,3.950195e-01,4.157715e-01,2000,0,8.133777e-03
2026-07-20T18:10:26.598,1784560226.598,158.503,4.064567e-01,3.146157e-03,3.930664e-01,4.167480e-01,2000,0,8.129133e-03
2026-07-20T18:10:26.698,1784560226.698,158.603,4.067393e-01,3.185918e-03,3.959961e-01,4.165039e-01,2000,0,8.134785e-03
2026-07-20T18:10:26.798,1784560226.798,158.703,4.072943e-01,3.181598e-03,3.969727e-01,4.191895e-01,2000,0,8.145886e-03
2026-07-20T18:10:26.898,1784560226.898,158.803,4.074453e-01,3.131194e-03,3.947754e-01,4.206543e-01,2000,0,8.148906e-03
2026-07-20T18:10:27.000,1784560227.001,158.903,4.078090e-01,2.996212e-03,3.977051e-01,4.165039e-01,2000,0,8.156179e-03
2026-07-20T18:10:27.098,1784560227.098,159.003,4.082283e-01,2.931746e-03,3.950195e-01,4.199219e-01,2000,0,8.164565e-03
2026-07-20T18:10:27.198,1784560227.198,159.103,4.084248e-01,2.954783e-03,3.986816e-01,4.174805e-01,2000,0,8.168496e-03
2026-07-20T18:10:27.298,1784560227.298,159.203,4.088918e-01,2.870433e-03,3.986816e-01,4.182129e-01,2000,0,8.177837e-03
2026-07-20T18:10:27.398,1784560227.398,159.303,4.092284e-01,2.833627e-03,3.991699e-01,4.184570e-01,2000,0,8.184568e-03
2026-07-20T18:10:27.498,1784560227.498,159.403,4.091166e-01,2.854887e-03,3.977051e-01,4.196777e-01,2000,0,8.182332e-03
2026-07-20T18:10:27.598,1784560227.598,159.503,4.097009e-01,2.780565e-03,3.935547e-01,4.187012e-01,2000,0,8.194019e-03
2026-07-20T18:10:27.698,1784560227.698,159.603,4.096742e-01,2.785342e-03,3.991699e-01,4.223633e-01,2000,0,8.193484e-03
2026-07-20T18:10:27.798,1784560227.798,159.703,4.100479e-01,2.692229e-03,4.001465e-01,4.184570e-01,2000,0,8.200957e-03
2026-07-20T18:10:27.898,1784560227.898,159.803,4.097987e-01,2.635189e-03,4.001465e-01,4.201660e-01,2000,0,8.195974e-03
2026-07-20T18:10:27.998,1784560227.998,159.903,4.104382e-01,2.580325e-03,4.006348e-01,4.189453e-01,2000,0,8.208765e-03
2026-07-20T18:10:28.098,1784560228.098,160.003,4.103698e-01,2.580484e-03,4.011230e-01,4.218750e-01,2000,0,8.207395e-03
2026-07-20T18:10:28.198,1784560228.198,160.103,4.099617e-01,2.516565e-03,4.008789e-01,4.201660e-01,2000,0,8.199233e-03
2026-07-20T18:10:28.298,1784560228.298,160.203,4.107515e-01,2.520238e-03,3.989258e-01,4.194336e-01,2000,0,8.215029e-03
2026-07-20T18:10:28.398,1784560228.398,160.303,4.107778e-01,2.529760e-03,4.003906e-01,4.240723e-01,2000,0,8.215557e-03
2026-07-20T18:10:28.498,1784560228.498,160.403,4.106028e-01,2.411385e-03,4.011230e-01,4.272461e-01,2000,0,8.212056e-03
2026-07-20T18:10:28.598,1784560228.598,160.503,4.110591e-01,2.536195e-03,4.006348e-01,4.204102e-01,2000,0,8.221182e-03
2026-07-20T18:10:28.698,1784560228.698,160.603,4.110031e-01,2.617331e-03,3.981934e-01,4.204102e-01,2000,0,8.220061e-03
2026-07-20T18:10:28.798,1784560228.798,160.703,4.111647e-01,2.418539e-03,4.001465e-01,4.201660e-01,2000,0,8.223293e-03
2026-07-20T18:10:28.898,1784560228.898,160.803,4.119351e-01,2.506531e-03,4.020996e-01,4.221191e-01,2000,0,8.238701e-03
2026-07-20T18:10:28.998,1784560228.998,160.903,4.121510e-01,2.570019e-03,3.996582e-01,4.216309e-01,2000,0,8.243020e-03
2026-07-20T18:10:29.100,1784560229.101,161.003,4.127291e-01,2.550791e-03,4.013672e-01,4.233398e-01,2000,0,8.254583e-03
2026-07-20T18:10:29.198,1784560229.198,161.103,4.137474e-01,2.609943e-03,4.023438e-01,4.216309e-01,2000,0,8.274949e-03
2026-07-20T18:10:29.298,1784560229.299,161.203,4.142621e-01,2.724222e-03,4.042969e-01,4.248047e-01,2000,0,8.285242e-03
2026-07-20T18:10:29.399,1784560229.399,161.303,4.142926e-01,2.764349e-03,4.055176e-01,4.248047e-01,2000,0,8.285852e-03
2026-07-20T18:10:29.499,1784560229.499,161.403,4.152717e-01,2.786593e-03,4.042969e-01,4.243164e-01,2000,0,8.305435e-03
2026-07-20T18:10:29.599,1784560229.599,161.503,4.156716e-01,2.855461e-03,4.050293e-01,4.255371e-01,2000,0,8.313433e-03
2026-07-20T18:10:29.699,1784560229.699,161.603,4.160262e-01,2.811877e-03,4.069824e-01,4.255371e-01,2000,0,8.320525e-03
2026-07-20T18:10:29.798,1784560229.799,161.703,4.173997e-01,2.919502e-03,4.074707e-01,4.270020e-01,2000,0,8.347993e-03
2026-07-20T18:10:29.898,1784560229.898,161.803,4.182480e-01,3.136701e-03,4.057617e-01,4.291992e-01,2000,0,8.364961e-03
2026-07-20T18:10:29.998,1784560229.999,161.903,4.193491e-01,3.064789e-03,4.096680e-01,4.291992e-01,2000,0,8.386982e-03
2026-07-20T18:10:30.098,1784560230.099,162.003,4.202742e-01,3.230274e-03,4.094238e-01,4.362793e-01,2000,0,8.405483e-03
2026-07-20T18:10:30.198,1784560230.199,162.103,4.207172e-01,3.329645e-03,4.062500e-01,4.313965e-01,2000,0,8.414343e-03
2026-07-20T18:10:30.298,1784560230.299,162.203,4.217366e-01,3.205916e-03,4.116211e-01,4.313965e-01,2000,0,8.434731e-03
2026-07-20T18:10:30.398,1784560230.399,162.303,4.230538e-01,3.151581e-03,4.111328e-01,4.350586e-01,2000,0,8.461077e-03
2026-07-20T18:10:30.498,1784560230.499,162.403,4.238096e-01,3.032824e-03,4.116211e-01,4.331055e-01,2000,0,8.476191e-03
2026-07-20T18:10:30.598,1784560230.599,162.503,4.240988e-01,3.069040e-03,4.138184e-01,4.338379e-01,2000,0,8.481975e-03
2026-07-20T18:10:30.698,1784560230.699,162.603,4.260670e-01,3.139438e-03,4.140625e-01,4.377441e-01,2000,0,8.521340e-03
2026-07-20T18:10:30.798,1784560230.798,162.703,4.265337e-01,3.090557e-03,4.125977e-01,4.387207e-01,2000,0,8.530674e-03
2026-07-20T18:10:30.898,1784560230.899,162.803,4.269664e-01,3.025515e-03,4.157715e-01,4.370117e-01,2000,0,8.539329e-03
2026-07-20T18:10:30.998,1784560230.999,162.903,4.280029e-01,2.969346e-03,4.174805e-01,4.401855e-01,2000,0,8.560059e-03
2026-07-20T18:10:31.098,1784560231.099,163.003,4.287906e-01,3.002115e-03,4.169922e-01,4.396973e-01,2000,0,8.575813e-03
2026-07-20T18:10:31.198,1784560231.198,163.103,4.289480e-01,2.981407e-03,4.194336e-01,4.382324e-01,2000,0,8.578960e-03
2026-07-20T18:10:31.298,1784560231.298,163.203,4.305221e-01,2.987870e-03,4.191895e-01,4.399414e-01,2000,0,8.610442e-03
2026-07-20T18:10:31.398,1784560231.399,163.303,4.307739e-01,3.133310e-03,4.182129e-01,4.409180e-01,2000,0,8.615479e-03
2026-07-20T18:10:31.498,1784560231.499,163.403,4.314926e-01,3.078115e-03,4.213867e-01,4.428711e-01,2000,0,8.629851e-03
2026-07-20T18:10:31.599,1784560231.599,163.503,4.320929e-01,3.016137e-03,4.221191e-01,4.477539e-01,2000,0,8.641858e-03
2026-07-20T18:10:31.699,1784560231.699,163.603,4.321877e-01,3.194549e-03,4.201660e-01,4.440918e-01,2000,0,8.643755e-03
2026-07-20T18:10:31.799,1784560231.799,163.703,4.321750e-01,2.999884e-03,4.196777e-01,4.418945e-01,2000,0,8.643501e-03
2026-07-20T18:10:31.898,1784560231.899,163.803,4.324071e-01,3.073410e-03,4.211426e-01,4.431152e-01,2000,0,8.648142e-03
2026-07-20T18:10:31.999,1784560231.999,163.903,4.315566e-01,3.115761e-03,4.208984e-01,4.423828e-01,2000,0,8.631133e-03
2026-07-20T18:10:32.100,1784560232.101,164.003,4.318173e-01,3.057359e-03,4.196777e-01,4.433594e-01,2000,0,8.636345e-03
2026-07-20T18:10:32.198,1784560232.199,164.103,4.315304e-01,3.096350e-03,4.221191e-01,4.416504e-01,2000,0,8.630608e-03
2026-07-20T18:10:32.298,1784560232.298,164.203,4.307866e-01,3.120534e-03,4.194336e-01,4.423828e-01,2000,0,8.615732e-03
2026-07-20T18:10:32.398,1784560232.398,164.303,4.301969e-01,3.003902e-03,4.187012e-01,4.411621e-01,2000,0,8.603938e-03
2026-07-20T18:10:32.498,1784560232.499,164.403,4.297800e-01,3.057098e-03,4.133301e-01,4.396973e-01,2000,0,8.595601e-03
2026-07-20T18:10:32.598,1784560232.599,164.503,4.291522e-01,3.143271e-03,4.196777e-01,4.470215e-01,2000,0,8.583044e-03
2026-07-20T18:10:32.698,1784560232.698,164.603,4.274364e-01,3.093127e-03,4.184570e-01,4.426270e-01,2000,0,8.548728e-03
2026-07-20T18:10:32.798,1784560232.799,164.703,4.269061e-01,3.148604e-03,4.160156e-01,4.382324e-01,2000,0,8.538123e-03
2026-07-20T18:10:32.898,1784560232.898,164.803,4.258553e-01,3.091165e-03,4.165039e-01,4.362793e-01,2000,0,8.517107e-03
2026-07-20T18:10:32.998,1784560232.999,164.903,4.250361e-01,3.184508e-03,4.128418e-01,4.350586e-01,2000,0,8.500723e-03
2026-07-20T18:10:33.098,1784560233.099,165.003,4.241527e-01,3.182089e-03,4.108887e-01,4.355469e-01,2000,0,8.483054e-03
2026-07-20T18:10:33.198,1784560233.199,165.103,4.230325e-01,3.237795e-03,4.121094e-01,4.345703e-01,2000,0,8.460649e-03
2026-07-20T18:10:33.298,1784560233.298,165.203,4.219436e-01,3.110662e-03,4.104004e-01,4.323730e-01,2000,0,8.438872e-03
2026-07-20T18:10:33.398,1784560233.399,165.303,4.212441e-01,3.283242e-03,4.052734e-01,4.377441e-01,2000,0,8.424883e-03
2026-07-20T18:10:33.498,1784560233.498,165.403,4.201780e-01,3.217090e-03,4.086914e-01,4.309082e-01,2000,0,8.403560e-03
2026-07-20T18:10:33.598,1784560233.598,165.503,4.191704e-01,3.210490e-03,4.077148e-01,4.335938e-01,2000,0,8.383408e-03
2026-07-20T18:10:33.698,1784560233.698,165.603,4.189235e-01,3.237202e-03,4.062500e-01,4.284668e-01,2000,0,8.378469e-03
2026-07-20T18:10:33.798,1784560233.798,165.703,4.174531e-01,3.148065e-03,4.008789e-01,4.274902e-01,2000,0,8.349063e-03
2026-07-20T18:10:33.898,1784560233.898,165.803,4.170461e-01,3.132821e-03,4.028320e-01,4.274902e-01,2000,0,8.340923e-03
2026-07-20T18:10:33.998,1784560233.999,165.903,4.165464e-01,3.079539e-03,4.028320e-01,4.265137e-01,2000,0,8.330928e-03
2026-07-20T18:10:34.098,1784560234.099,166.003,4.154838e-01,3.112766e-03,4.035645e-01,4.255371e-01,2000,0,8.309675e-03
2026-07-20T18:10:34.198,1784560234.199,166.103,4.147941e-01,3.208174e-03,4.020996e-01,4.252930e-01,2000,0,8.295881e-03
2026-07-20T18:10:34.298,1784560234.299,166.203,4.144750e-01,2.989353e-03,4.038086e-01,4.257812e-01,2000,0,8.289500e-03
2026-07-20T18:10:34.398,1784560234.399,166.303,4.133495e-01,3.017189e-03,4.016113e-01,4.221191e-01,2000,0,8.266990e-03
2026-07-20T18:10:34.498,1784560234.499,166.403,4.128054e-01,2.900025e-03,3.991699e-01,4.213867e-01,2000,0,8.256108e-03
2026-07-20T18:10:34.598,1784560234.599,166.503,4.123583e-01,3.058042e-03,3.994141e-01,4.221191e-01,2000,0,8.247166e-03
2026-07-20T18:10:34.698,1784560234.698,166.603,4.117378e-01,3.133234e-03,3.984375e-01,4.218750e-01,2000,0,8.234756e-03
2026-07-20T18:10:34.798,1784560234.799,166.703,4.109917e-01,3.042759e-03,3.991699e-01,4.211426e-01,2000,0,8.219834e-03
2026-07-20T18:10:34.898,1784560234.898,166.803,4.108663e-01,3.056794e-03,4.003906e-01,4.211426e-01,2000,0,8.217327e-03
2026-07-20T18:10:34.998,1784560234.999,166.903,4.097626e-01,3.096097e-03,3.947754e-01,4.189453e-01,2000,0,8.195251e-03
2026-07-20T18:10:35.098,1784560235.099,167.003,4.091824e-01,3.123959e-03,3.969727e-01,4.187012e-01,2000,0,8.183647e-03
2026-07-20T18:10:35.198,1784560235.199,167.103,4.097450e-01,2.922670e-03,3.984375e-01,4.204102e-01,2000,0,8.194900e-03
2026-07-20T18:10:35.298,1784560235.299,167.203,4.091658e-01,3.090012e-03,3.994141e-01,4.213867e-01,2000,0,8.183315e-03
2026-07-20T18:10:35.398,1784560235.399,167.303,4.088766e-01,3.084484e-03,3.979492e-01,4.218750e-01,2000,0,8.177532e-03
2026-07-20T18:10:35.498,1784560235.498,167.403,4.090392e-01,3.061540e-03,3.986816e-01,4.199219e-01,2000,0,8.180784e-03
2026-07-20T18:10:35.598,1784560235.598,167.503,4.090804e-01,3.074372e-03,3.991699e-01,4.187012e-01,2000,0,8.181609e-03
2026-07-20T18:10:35.699,1784560235.699,167.603,4.085935e-01,2.921540e-03,3.974609e-01,4.179688e-01,2000,0,8.171870e-03
2026-07-20T18:10:35.799,1784560235.799,167.703,4.094413e-01,3.106399e-03,3.964844e-01,4.204102e-01,2000,0,8.188826e-03
2026-07-20T18:10:35.899,1784560235.899,167.803,4.086147e-01,2.944182e-03,3.981934e-01,4.174805e-01,2000,0,8.172295e-03
2026-07-20T18:10:35.999,1784560235.999,167.903,4.094987e-01,2.979642e-03,3.974609e-01,4.211426e-01,2000,0,8.189973e-03
2026-07-20T18:10:36.099,1784560236.099,168.003,4.098994e-01,3.007009e-03,4.013672e-01,4.228516e-01,2000,0,8.197988e-03
2026-07-20T18:10:36.198,1784560236.199,168.103,4.101176e-01,2.999309e-03,3.994141e-01,4.191895e-01,2000,0,8.202351e-03
2026-07-20T18:10:36.298,1784560236.298,168.203,4.101558e-01,3.114425e-03,3.986816e-01,4.226074e-01,2000,0,8.203115e-03
2026-07-20T18:10:36.398,1784560236.398,168.303,4.106309e-01,3.003266e-03,3.996582e-01,4.248047e-01,2000,0,8.212617e-03
2026-07-20T18:10:36.498,1784560236.498,168.403,4.108212e-01,3.050430e-03,3.959961e-01,4.208984e-01,2000,0,8.216423e-03
2026-07-20T18:10:36.598,1784560236.599,168.503,4.109016e-01,3.095894e-03,4.011230e-01,4.208984e-01,2000,0,8.218032e-03
2026-07-20T18:10:36.698,1784560236.699,168.603,4.113461e-01,3.049438e-03,3.979492e-01,4.228516e-01,2000,0,8.226921e-03
2026-07-20T18:10:36.798,1784560236.799,168.703,4.110115e-01,3.167201e-03,3.996582e-01,4.206543e-01,2000,0,8.220229e-03
2026-07-20T18:10:36.898,1784560236.899,168.803,4.113785e-01,3.275185e-03,3.964844e-01,4.211426e-01,2000,0,8.227571e-03
2026-07-20T18:10:36.998,1784560236.998,168.903,4.118606e-01,3.203667e-03,3.989258e-01,4.216309e-01,2000,0,8.237212e-03
2026-07-20T18:10:37.098,1784560237.098,169.003,4.112988e-01,3.185166e-03,3.984375e-01,4.216309e-01,2000,0,8.225977e-03
2026-07-20T18:10:37.198,1784560237.199,169.103,4.115010e-01,3.192814e-03,3.986816e-01,4.221191e-01,2000,0,8.230020e-03
2026-07-20T18:10:37.298,1784560237.299,169.203,4.119855e-01,3.209126e-03,4.003906e-01,4.243164e-01,2000,0,8.239709e-03
2026-07-20T18:10:37.398,1784560237.399,169.303,4.115743e-01,3.307027e-03,4.006348e-01,4.333496e-01,2000,0,8.231487e-03
2026-07-20T18:10:37.498,1784560237.499,169.403,4.120474e-01,3.250166e-03,3.991699e-01,4.221191e-01,2000,0,8.240947e-03
2026-07-20T18:10:37.598,1784560237.599,169.503,4.121781e-01,3.344364e-03,3.994141e-01,4.228516e-01,2000,0,8.243562e-03
2026-07-20T18:10:37.698,1784560237.698,169.603,4.118472e-01,3.302497e-03,3.989258e-01,4.240723e-01,2000,0,8.236943e-03
2026-07-20T18:10:37.798,1784560237.799,169.703,4.116271e-01,3.223580e-03,4.016113e-01,4.235840e-01,2000,0,8.232542e-03
2026-07-20T18:10:37.898,1784560237.899,169.803,4.121202e-01,3.228630e-03,4.008789e-01,4.238281e-01,2000,0,8.242405e-03
2026-07-20T18:10:37.998,1784560237.998,169.903,4.117395e-01,3.090677e-03,3.991699e-01,4.221191e-01,2000,0,8.234790e-03
2026-07-20T18:10:38.098,1784560238.099,170.003,4.114664e-01,3.142937e-03,4.006348e-01,4.238281e-01,2000,0,8.229329e-03
2026-07-20T18:10:38.198,1784560238.199,170.103,4.111455e-01,3.280511e-03,3.999023e-01,4.230957e-01,2000,0,8.222910e-03
2026-07-20T18:10:38.299,1784560238.299,170.203,4.105536e-01,3.155160e-03,4.001465e-01,4.245605e-01,2000,0,8.211072e-03
2026-07-20T18:10:38.399,1784560238.399,170.303,4.096835e-01,3.365773e-03,3.986816e-01,4.228516e-01,2000,0,8.193669e-03
2026-07-20T18:10:38.499,1784560238.499,170.403,4.088297e-01,3.393560e-03,3.876953e-01,4.189453e-01,2000,0,8.176594e-03
2026-07-20T18:10:38.599,1784560238.599,170.503,4.076782e-01,3.377512e-03,3.969727e-01,4.189453e-01,2000,0,8.153564e-03
2026-07-20T18:10:38.699,1784560238.699,170.603,4.068518e-01,3.381870e-03,3.950195e-01,4.189453e-01,2000,0,8.137036e-03
2026-07-20T18:10:38.798,1784560238.798,170.703,4.056326e-01,3.405864e-03,3.955078e-01,4.165039e-01,2000,0,8.112651e-03
2026-07-20T18:10:38.898,1784560238.899,170.803,4.034661e-01,3.413384e-03,3.928223e-01,4.152832e-01,2000,0,8.069321e-03
2026-07-20T18:10:38.998,1784560238.998,170.903,4.022317e-01,3.448432e-03,3.916016e-01,4.133301e-01,2000,0,8.044634e-03
2026-07-20T18:10:39.098,1784560239.098,171.003,4.012062e-01,3.478019e-03,3.894043e-01,4.150391e-01,2000,0,8.024124e-03
2026-07-20T18:10:39.198,1784560239.198,171.103,3.994403e-01,3.558084e-03,3.884277e-01,4.130859e-01,2000,0,7.988806e-03
2026-07-20T18:10:39.298,1784560239.298,171.203,3.970184e-01,3.590838e-03,3.833008e-01,4.104004e-01,2000,0,7.940369e-03
2026-07-20T18:10:39.398,1784560239.398,171.303,3.952655e-01,3.556555e-03,3.845215e-01,4.111328e-01,2000,0,7.905310e-03
2026-07-20T18:10:39.498,1784560239.498,171.403,3.931193e-01,3.604847e-03,3.811035e-01,4.062500e-01,2000,0,7.862385e-03
2026-07-20T18:10:39.598,1784560239.599,171.503,3.913369e-01,3.481157e-03,3.811035e-01,4.033203e-01,2000,0,7.826738e-03
2026-07-20T18:10:39.698,1784560239.698,171.603,3.895199e-01,3.606580e-03,3.771973e-01,4.050293e-01,2000,0,7.790398e-03
2026-07-20T18:10:39.798,1784560239.798,171.703,3.874347e-01,3.535852e-03,3.771973e-01,4.011230e-01,2000,0,7.748694e-03
2026-07-20T18:10:39.898,1784560239.898,171.803,3.852239e-01,3.471572e-03,3.752441e-01,3.964844e-01,2000,0,7.704478e-03
2026-07-20T18:10:39.998,1784560239.999,171.903,3.825223e-01,3.511655e-03,3.710938e-01,3.952637e-01,2000,0,7.650447e-03
2026-07-20T18:10:40.098,1784560240.098,172.003,3.811864e-01,3.489676e-03,3.713379e-01,3.942871e-01,2000,0,7.623728e-03
2026-07-20T18:10:40.198,1784560240.198,172.103,3.787855e-01,3.378892e-03,3.662109e-01,3.937988e-01,2000,0,7.575710e-03
2026-07-20T18:10:40.298,1784560240.298,172.203,3.762466e-01,3.396142e-03,3.657227e-01,3.959961e-01,2000,0,7.524932e-03
2026-07-20T18:10:40.398,1784560240.398,172.303,3.744364e-01,3.313784e-03,3.632812e-01,3.867188e-01,2000,0,7.488728e-03
2026-07-20T18:10:40.498,1784560240.499,172.403,3.706404e-01,3.230826e-03,3.581543e-01,3.815918e-01,2000,0,7.412808e-03
2026-07-20T18:10:40.598,1784560240.598,172.503,3.684684e-01,3.165053e-03,3.579102e-01,3.808594e-01,2000,0,7.369368e-03
2026-07-20T18:10:40.698,1784560240.698,172.603,3.654871e-01,3.149062e-03,3.542480e-01,3.774414e-01,2000,0,7.309741e-03
2026-07-20T18:10:40.798,1784560240.799,172.703,3.629525e-01,3.243989e-03,3.527832e-01,3.735352e-01,2000,0,7.259050e-03
2026-07-20T18:10:40.898,1784560240.899,172.803,3.603658e-01,3.296080e-03,3.464355e-01,3.725586e-01,2000,0,7.207317e-03
2026-07-20T18:10:40.998,1784560240.999,172.903,3.562708e-01,3.378405e-03,3.454590e-01,3.671875e-01,2000,0,7.125415e-03
2026-07-20T18:10:41.098,1784560241.099,173.003,3.531764e-01,3.246270e-03,3.376465e-01,3.659668e-01,2000,0,7.063528e-03
2026-07-20T18:10:41.198,1784560241.199,173.103,3.505343e-01,3.187384e-03,3.417969e-01,3.627930e-01,2000,0,7.010686e-03
2026-07-20T18:10:41.298,1784560241.299,173.203,3.460471e-01,3.371773e-03,3.334961e-01,3.574219e-01,2000,0,6.920942e-03
2026-07-20T18:10:41.398,1784560241.399,173.303,3.438071e-01,3.322594e-03,3.344727e-01,3.549805e-01,2000,0,6.876143e-03
2026-07-20T18:10:41.498,1784560241.499,173.403,3.409316e-01,3.580870e-03,3.293457e-01,3.520508e-01,2000,0,6.818633e-03
2026-07-20T18:10:41.598,1784560241.599,173.503,3.373555e-01,3.477553e-03,3.259277e-01,3.493652e-01,2000,0,6.747109e-03
2026-07-20T18:10:41.698,1784560241.699,173.603,3.343323e-01,3.530103e-03,3.210449e-01,3.457031e-01,2000,0,6.686646e-03
2026-07-20T18:10:41.798,1784560241.799,173.703,3.312515e-01,3.539747e-03,3.178711e-01,3.435059e-01,2000,0,6.625029e-03
2026-07-20T18:10:41.898,1784560241.899,173.803,3.273970e-01,3.523218e-03,3.103027e-01,3.374023e-01,2000,0,6.547939e-03
2026-07-20T18:10:41.998,1784560241.998,173.903,3.251437e-01,3.729529e-03,3.103027e-01,3.366699e-01,2000,0,6.502874e-03
2026-07-20T18:10:42.098,1784560242.099,174.003,3.221199e-01,3.676239e-03,3.105469e-01,3.344727e-01,2000,0,6.442397e-03
2026-07-20T18:10:42.198,1784560242.199,174.103,3.188340e-01,3.752386e-03,3.051758e-01,3.317871e-01,2000,0,6.376680e-03
2026-07-20T18:10:42.298,1784560242.299,174.203,3.164767e-01,3.625108e-03,3.034668e-01,3.300781e-01,2000,0,6.329534e-03
2026-07-20T18:10:42.398,1784560242.399,174.303,3.136865e-01,3.735195e-03,3.015137e-01,3.271484e-01,2000,0,6.273730e-03
2026-07-20T18:10:42.498,1784560242.499,174.403,3.109321e-01,3.919540e-03,2.956543e-01,3.254395e-01,2000,0,6.218643e-03
2026-07-20T18:10:42.598,1784560242.599,174.503,3.080024e-01,3.755022e-03,2.954102e-01,3.212891e-01,2000,0,6.160049e-03
2026-07-20T18:10:42.699,1784560242.699,174.603,3.049998e-01,3.771717e-03,2.927246e-01,3.168945e-01,2000,0,6.099995e-03
2026-07-20T18:10:42.799,1784560242.799,174.703,3.027577e-01,3.893927e-03,2.905273e-01,3.232422e-01,2000,0,6.055154e-03
2026-07-20T18:10:42.899,1784560242.899,174.803,3.003713e-01,3.969519e-03,2.810059e-01,3.164062e-01,2000,0,6.007427e-03
2026-07-20T18:10:42.999,1784560242.999,174.903,2.987729e-01,4.182778e-03,2.863770e-01,3.137207e-01,2000,0,5.975459e-03
2026-07-20T18:10:43.099,1784560243.099,175.003,2.959371e-01,4.034562e-03,2.829590e-01,3.107910e-01,2000,0,5.918743e-03
2026-07-20T18:10:43.198,1784560243.199,175.103,2.937427e-01,4.076886e-03,2.817383e-01,3.081055e-01,2000,0,5.874854e-03
2026-07-20T18:10:43.298,1784560243.299,175.203,2.912903e-01,4.289943e-03,2.768555e-01,3.073730e-01,2000,0,5.825806e-03
2026-07-20T18:10:43.398,1784560243.399,175.303,2.882269e-01,3.933446e-03,2.758789e-01,3.007812e-01,2000,0,5.764539e-03
2026-07-20T18:10:43.498,1784560243.499,175.403,2.863768e-01,3.955074e-03,2.727051e-01,2.993164e-01,2000,0,5.727537e-03
2026-07-20T18:10:43.598,1784560243.599,175.503,2.838247e-01,3.916862e-03,2.707520e-01,3.000488e-01,2000,0,5.676494e-03
2026-07-20T18:10:43.698,1784560243.699,175.603,2.806588e-01,3.902867e-03,2.683105e-01,2.937012e-01,2000,0,5.613176e-03
2026-07-20T18:10:43.798,1784560243.799,175.703,2.786693e-01,4.020345e-03,2.646484e-01,2.919922e-01,2000,0,5.573386e-03
2026-07-20T18:10:43.898,1784560243.899,175.803,2.755970e-01,3.955098e-03,2.565918e-01,2.888184e-01,2000,0,5.511941e-03
2026-07-20T18:10:43.998,1784560243.999,175.903,2.728926e-01,3.991294e-03,2.612305e-01,2.871094e-01,2000,0,5.457852e-03
2026-07-20T18:10:44.098,1784560244.099,176.003,2.704210e-01,3.948918e-03,2.575684e-01,2.846680e-01,2000,0,5.408420e-03
2026-07-20T18:10:44.198,1784560244.199,176.103,2.673582e-01,4.042391e-03,2.531738e-01,2.807617e-01,2000,0,5.347163e-03
2026-07-20T18:10:44.298,1784560244.299,176.203,2.635984e-01,4.008759e-03,2.500000e-01,2.783203e-01,2000,0,5.271968e-03
2026-07-20T18:10:44.398,1784560244.399,176.303,2.611763e-01,4.007022e-03,2.485352e-01,2.736816e-01,2000,0,5.223525e-03
2026-07-20T18:10:44.498,1784560244.499,176.403,2.580173e-01,3.912037e-03,2.468262e-01,2.705078e-01,2000,0,5.160347e-03
2026-07-20T18:10:44.598,1784560244.599,176.503,2.540327e-01,3.983726e-03,2.395020e-01,2.680664e-01,2000,0,5.080654e-03
2026-07-20T18:10:44.699,1784560244.700,176.603,2.520409e-01,4.077136e-03,2.399902e-01,2.639160e-01,2000,0,5.040818e-03
2026-07-20T18:10:44.799,1784560244.800,176.703,2.482098e-01,3.750662e-03,2.355957e-01,2.597656e-01,2000,0,4.964197e-03
2026-07-20T18:10:44.899,1784560244.900,176.803,2.436084e-01,3.913321e-03,2.307129e-01,2.551270e-01,2000,0,4.872168e-03
2026-07-20T18:10:44.999,1784560245.000,176.903,2.414209e-01,3.886864e-03,2.294922e-01,2.536621e-01,2000,0,4.828418e-03
2026-07-20T18:10:45.099,1784560245.099,177.003,2.376583e-01,3.732289e-03,2.250977e-01,2.512207e-01,2000,0,4.753167e-03
2026-07-20T18:10:45.198,1784560245.199,177.103,2.332726e-01,4.014631e-03,2.177734e-01,2.482910e-01,2000,0,4.665452e-03
2026-07-20T18:10:45.298,1784560245.299,177.203,2.308212e-01,3.567669e-03,2.192383e-01,2.409668e-01,2000,0,4.616423e-03
2026-07-20T18:10:45.398,1784560245.399,177.303,2.267008e-01,3.618264e-03,2.153320e-01,2.387695e-01,2000,0,4.534016e-03
2026-07-20T18:10:45.498,1784560245.499,177.403,2.228591e-01,3.653901e-03,2.097168e-01,2.368164e-01,2000,0,4.457183e-03
2026-07-20T18:10:45.598,1784560245.599,177.503,2.200830e-01,3.479089e-03,2.077637e-01,2.309570e-01,2000,0,4.401660e-03
2026-07-20T18:10:45.698,1784560245.699,177.603,2.165649e-01,3.623309e-03,2.048340e-01,2.272949e-01,2000,0,4.331299e-03
2026-07-20T18:10:45.798,1784560245.799,177.703,2.123273e-01,3.561960e-03,2.001953e-01,2.226562e-01,2000,0,4.246545e-03
2026-07-20T18:10:45.898,1784560245.898,177.803,2.099391e-01,3.468082e-03,1.997070e-01,2.241211e-01,2000,0,4.198782e-03
2026-07-20T18:10:45.998,1784560245.999,177.903,2.062255e-01,3.343320e-03,1.958008e-01,2.177734e-01,2000,0,4.124509e-03
2026-07-20T18:10:46.098,1784560246.099,178.003,2.026398e-01,3.490847e-03,1.884766e-01,2.143555e-01,2000,0,4.052795e-03
2026-07-20T18:10:46.199,1784560246.199,178.104,1.994536e-01,3.740180e-03,1.875000e-01,2.109375e-01,2000,0,3.989072e-03
2026-07-20T18:10:46.298,1784560246.299,178.203,1.966326e-01,3.376945e-03,1.840820e-01,2.084961e-01,2000,0,3.932651e-03
2026-07-20T18:10:46.398,1784560246.399,178.303,1.926189e-01,3.075628e-03,1.796875e-01,2.023926e-01,2000,0,3.852378e-03
2026-07-20T18:10:46.498,1784560246.499,178.403,1.895698e-01,3.133091e-03,1.789551e-01,1.999512e-01,2000,0,3.791396e-03
2026-07-20T18:10:46.598,1784560246.599,178.503,1.865786e-01,2.927061e-03,1.767578e-01,1.965332e-01,2000,0,3.731572e-03
2026-07-20T18:10:46.698,1784560246.699,178.603,1.823070e-01,3.115461e-03,1.723633e-01,1.938477e-01,2000,0,3.646140e-03
2026-07-20T18:10:46.798,1784560246.799,178.703,1.799226e-01,2.920045e-03,1.701660e-01,1.892090e-01,2000,0,3.598452e-03
2026-07-20T18:10:46.898,1784560246.899,178.803,1.772173e-01,2.800731e-03,1.669922e-01,1.884766e-01,2000,0,3.544346e-03
2026-07-20T18:10:46.998,1784560246.999,178.903,1.737186e-01,2.911640e-03,1.643066e-01,1.899414e-01,2000,0,3.474373e-03
2026-07-20T18:10:47.098,1784560247.099,179.003,1.707041e-01,2.797242e-03,1.604004e-01,1.826172e-01,2000,0,3.414082e-03
2026-07-20T18:10:47.198,1784560247.199,179.103,1.683160e-01,2.708729e-03,1.577148e-01,1.774902e-01,2000,0,3.366321e-03
2026-07-20T18:10:47.298,1784560247.299,179.203,1.637543e-01,2.714967e-03,1.520996e-01,1.726074e-01,2000,0,3.275085e-03
2026-07-20T18:10:47.398,1784560247.399,179.303,1.609426e-01,2.612626e-03,1.525879e-01,1.711426e-01,2000,0,3.218853e-03
2026-07-20T18:10:47.498,1784560247.499,179.403,1.587705e-01,2.540659e-03,1.494141e-01,1.667480e-01,2000,0,3.175410e-03
2026-07-20T18:10:47.598,1784560247.599,179.503,1.554700e-01,2.640739e-03,1.450195e-01,1.650391e-01,2000,0,3.109399e-03
2026-07-20T18:10:47.698,1784560247.699,179.603,1.526115e-01,2.683051e-03,1.406250e-01,1.621094e-01,2000,0,3.052229e-03
2026-07-20T18:10:47.798,1784560247.799,179.703,1.506860e-01,2.387152e-03,1.403809e-01,1.589355e-01,2000,0,3.013721e-03
2026-07-20T18:10:47.898,1784560247.899,179.803,1.467439e-01,2.620529e-03,1.376953e-01,1.572266e-01,2000,0,2.934878e-03
2026-07-20T18:10:47.998,1784560247.999,179.903,1.445792e-01,2.401231e-03,1.342773e-01,1.540527e-01,2000,0,2.891584e-03
2026-07-20T18:10:48.098,1784560248.099,180.003,1.423948e-01,2.305611e-03,1.328125e-01,1.552734e-01,2000,0,2.847896e-03
2026-07-20T18:10:48.198,1784560248.199,180.103,1.386233e-01,2.559502e-03,1.262207e-01,1.513672e-01,2000,0,2.772466e-03
2026-07-20T18:10:48.299,1784560248.299,180.203,1.364707e-01,2.497569e-03,1.269531e-01,1.457520e-01,2000,0,2.729414e-03
2026-07-20T18:10:48.398,1784560248.399,180.303,1.348293e-01,2.495601e-03,1.274414e-01,1.423340e-01,2000,0,2.696587e-03
2026-07-20T18:10:48.498,1784560248.499,180.403,1.316920e-01,2.593872e-03,1.223145e-01,1.433105e-01,2000,0,2.633840e-03
2026-07-20T18:10:48.598,1784560248.599,180.503,1.290709e-01,2.473574e-03,1.132812e-01,1.372070e-01,2000,0,2.581418e-03
2026-07-20T18:10:48.698,1784560248.699,180.603,1.271995e-01,2.484290e-03,1.186523e-01,1.359863e-01,2000,0,2.543989e-03
2026-07-20T18:10:48.798,1784560248.799,180.703,1.236492e-01,2.662811e-03,1.142578e-01,1.330566e-01,2000,0,2.472983e-03
2026-07-20T18:10:48.898,1784560248.899,180.803,1.216926e-01,2.832576e-03,1.110840e-01,1.311035e-01,2000,0,2.433853e-03
2026-07-20T18:10:48.998,1784560248.999,180.903,1.197261e-01,2.826054e-03,1.081543e-01,1.318359e-01,2000,0,2.394521e-03
2026-07-20T18:10:49.098,1784560249.099,181.003,1.158938e-01,2.975568e-03,1.059570e-01,1.267090e-01,2000,0,2.317876e-03
2026-07-20T18:10:49.198,1784560249.199,181.103,1.146119e-01,2.738247e-03,1.042480e-01,1.250000e-01,2000,0,2.292239e-03
2026-07-20T18:10:49.298,1784560249.299,181.203,1.123046e-01,2.941712e-03,9.863281e-02,1.215820e-01,2000,0,2.246091e-03
2026-07-20T18:10:49.398,1784560249.399,181.303,1.094731e-01,2.894136e-03,9.887695e-02,1.193848e-01,2000,0,2.189463e-03
2026-07-20T18:10:49.498,1784560249.499,181.403,1.072551e-01,3.020282e-03,9.570312e-02,1.169434e-01,2000,0,2.145103e-03
2026-07-20T18:10:49.598,1784560249.599,181.503,1.057389e-01,3.090614e-03,9.643555e-02,1.152344e-01,2000,0,2.114778e-03
2026-07-20T18:10:49.698,1784560249.699,181.603,1.024863e-01,2.936945e-03,9.277344e-02,1.149902e-01,2000,0,2.049727e-03
2026-07-20T18:10:49.799,1784560249.799,181.703,1.006128e-01,3.100844e-03,9.106445e-02,1.120605e-01,2000,0,2.012256e-03
2026-07-20T18:10:49.898,1784560249.899,181.803,9.926709e-02,2.985326e-03,9.008789e-02,1.081543e-01,2000,0,1.985342e-03
2026-07-20T18:10:49.999,1784560250.000,181.903,9.616760e-02,3.001699e-03,8.300781e-02,1.066895e-01,2000,0,1.923352e-03
2026-07-20T18:10:50.099,1784560250.099,182.003,9.463013e-02,3.077731e-03,8.325195e-02,1.057129e-01,2000,0,1.892603e-03
2026-07-20T18:10:50.199,1784560250.199,182.103,9.338367e-02,3.039203e-03,8.398438e-02,1.025391e-01,2000,0,1.867673e-03
2026-07-20T18:10:50.299,1784560250.300,182.203,9.070264e-02,3.077796e-03,8.007812e-02,1.005859e-01,2000,0,1.814053e-03
2026-07-20T18:10:50.399,1784560250.399,182.303,8.975732e-02,3.098015e-03,7.934570e-02,1.008301e-01,2000,0,1.795146e-03
2026-07-20T18:10:50.498,1784560250.499,182.403,8.884680e-02,2.958532e-03,7.983398e-02,9.790039e-02,2000,0,1.776936e-03
2026-07-20T18:10:50.598,1784560250.599,182.503,8.733142e-02,2.854307e-03,7.934570e-02,1.032715e-01,2000,0,1.746628e-03
2026-07-20T18:10:50.698,1784560250.699,182.603,8.626465e-02,3.002328e-03,7.568359e-02,9.765625e-02,2000,0,1.725293e-03
2026-07-20T18:10:50.798,1784560250.799,182.703,8.595251e-02,3.126227e-03,7.348633e-02,9.667969e-02,2000,0,1.719050e-03
2026-07-20T18:10:50.898,1784560250.899,182.803,8.486792e-02,2.942627e-03,7.495117e-02,9.472656e-02,2000,0,1.697358e-03
2026-07-20T18:10:51.000,1784560251.001,182.903,8.393762e-02,2.917147e-03,7.324219e-02,9.448242e-02,2000,0,1.678752e-03
2026-07-20T18:10:51.099,1784560251.100,183.003,8.500586e-02,3.007840e-03,7.324219e-02,9.521484e-02,2000,0,1.700117e-03
2026-07-20T18:10:51.199,1784560251.200,183.103,8.502856e-02,2.838572e-03,7.568359e-02,9.448242e-02,2000,0,1.700571e-03
2026-07-20T18:10:51.300,1784560251.300,183.203,8.607385e-02,3.059780e-03,7.666016e-02,9.497070e-02,2000,0,1.721477e-03
2026-07-20T18:10:51.399,1784560251.399,183.303,8.691382e-02,2.931599e-03,7.666016e-02,9.741211e-02,2000,0,1.738276e-03
2026-07-20T18:10:51.499,1784560251.500,183.403,8.746375e-02,2.963994e-03,7.519531e-02,9.765625e-02,2000,0,1.749275e-03
2026-07-20T18:10:51.598,1784560251.599,183.503,8.959082e-02,2.818315e-03,7.983398e-02,9.814453e-02,2000,0,1.791816e-03
2026-07-20T18:10:51.698,1784560251.699,183.603,9.068884e-02,2.702765e-03,8.178711e-02,9.985352e-02,2000,0,1.813777e-03
2026-07-20T18:10:51.798,1784560251.799,183.703,9.174561e-02,2.847782e-03,7.958984e-02,1.037598e-01,2000,0,1.834912e-03
2026-07-20T18:10:51.898,1784560251.899,183.803,9.391345e-02,2.818289e-03,8.349609e-02,1.044922e-01,2000,0,1.878269e-03
2026-07-20T18:10:52.000,1784560252.001,183.903,9.545117e-02,2.772216e-03,8.349609e-02,1.062012e-01,2000,0,1.909023e-03
2026-07-20T18:10:52.098,1784560252.099,184.003,9.641846e-02,2.976555e-03,8.691406e-02,1.076660e-01,2000,0,1.928369e-03
2026-07-20T18:10:52.199,1784560252.199,184.104,9.850989e-02,2.714740e-03,9.106445e-02,1.081543e-01,2000,0,1.970198e-03
2026-07-20T18:10:52.298,1784560252.299,184.203,9.983459e-02,2.896042e-03,9.082031e-02,1.125488e-01,2000,0,1.996692e-03
2026-07-20T18:10:52.398,1784560252.399,184.303,1.003397e-01,2.986294e-03,8.715820e-02,1.152344e-01,2000,0,2.006794e-03
2026-07-20T18:10:52.499,1784560252.499,184.403,1.018752e-01,3.160476e-03,9.179688e-02,1.132812e-01,2000,0,2.037505e-03
2026-07-20T18:10:52.598,1784560252.599,184.503,1.035850e-01,3.084138e-03,9.252930e-02,1.142578e-01,2000,0,2.071699e-03
2026-07-20T18:10:52.699,1784560252.699,184.603,1.037284e-01,3.238624e-03,9.252930e-02,1.157227e-01,2000,0,2.074568e-03
2026-07-20T18:10:52.799,1784560252.799,184.703,1.049672e-01,3.125549e-03,9.399414e-02,1.213379e-01,2000,0,2.099343e-03
2026-07-20T18:10:52.898,1784560252.899,184.803,1.068542e-01,3.269693e-03,9.350586e-02,1.191406e-01,2000,0,2.137085e-03
2026-07-20T18:10:53.000,1784560253.001,184.903,1.071218e-01,3.212287e-03,9.350586e-02,1.174316e-01,2000,0,2.142437e-03
2026-07-20T18:10:53.099,1784560253.099,185.003,1.096305e-01,3.359488e-03,9.716797e-02,1.193848e-01,2000,0,2.192610e-03
2026-07-20T18:10:53.199,1784560253.199,185.103,1.108369e-01,3.316836e-03,9.912109e-02,1.215820e-01,2000,0,2.216738e-03
2026-07-20T18:10:53.299,1784560253.299,185.203,1.114032e-01,3.156994e-03,1.010742e-01,1.235352e-01,2000,0,2.228064e-03
2026-07-20T18:10:53.399,1784560253.399,185.304,1.130870e-01,3.124062e-03,1.018066e-01,1.230469e-01,2000,0,2.261741e-03
2026-07-20T18:10:53.498,1784560253.499,185.403,1.143286e-01,3.228568e-03,1.015625e-01,1.301270e-01,2000,0,2.286572e-03
2026-07-20T18:10:53.599,1784560253.599,185.503,1.144868e-01,3.295828e-03,1.025391e-01,1.267090e-01,2000,0,2.289736e-03
2026-07-20T18:10:53.699,1784560253.699,185.603,1.158358e-01,3.281650e-03,1.005859e-01,1.262207e-01,2000,0,2.316716e-03
2026-07-20T18:10:53.798,1784560253.799,185.703,1.167961e-01,3.219588e-03,1.057129e-01,1.257324e-01,2000,0,2.335923e-03
2026-07-20T18:10:53.898,1784560253.899,185.803,1.168033e-01,3.299988e-03,1.015625e-01,1.313477e-01,2000,0,2.336067e-03
2026-07-20T18:10:53.999,1784560253.999,185.904,1.169478e-01,3.263629e-03,1.047363e-01,1.264648e-01,2000,0,2.338955e-03
2026-07-20T18:10:54.099,1784560254.099,186.003,1.176759e-01,3.263828e-03,1.059570e-01,1.259766e-01,2000,0,2.353518e-03
2026-07-20T18:10:54.199,1784560254.199,186.103,1.173239e-01,3.314074e-03,1.035156e-01,1.289062e-01,2000,0,2.346477e-03
2026-07-20T18:10:54.299,1784560254.299,186.203,1.174172e-01,3.456694e-03,1.040039e-01,1.267090e-01,2000,0,2.348345e-03
2026-07-20T18:10:54.398,1784560254.399,186.303,1.176035e-01,3.390404e-03,1.047363e-01,1.301270e-01,2000,0,2.352070e-03
2026-07-20T18:10:54.499,1784560254.499,186.403,1.167612e-01,3.396114e-03,1.047363e-01,1.284180e-01,2000,0,2.335225e-03
2026-07-20T18:10:54.599,1784560254.599,186.504,1.165059e-01,3.416039e-03,1.030273e-01,1.262207e-01,2000,0,2.330117e-03
2026-07-20T18:10:54.699,1784560254.699,186.604,1.163542e-01,3.364267e-03,1.042480e-01,1.296387e-01,2000,0,2.327085e-03
2026-07-20T18:10:54.799,1784560254.799,186.703,1.151172e-01,3.451864e-03,1.010742e-01,1.271973e-01,2000,0,2.302344e-03
2026-07-20T18:10:54.898,1784560254.899,186.803,1.156683e-01,3.259574e-03,1.044922e-01,1.262207e-01,2000,0,2.313367e-03
2026-07-20T18:10:54.998,1784560254.999,186.903,1.146615e-01,3.325635e-03,9.863281e-02,1.276855e-01,2000,0,2.293230e-03
2026-07-20T18:10:55.099,1784560255.099,187.003,1.138977e-01,3.507438e-03,1.027832e-01,1.245117e-01,2000,0,2.277954e-03
2026-07-20T18:10:55.199,1784560255.199,187.103,1.144252e-01,3.299112e-03,1.018066e-01,1.257324e-01,2000,0,2.288503e-03
2026-07-20T18:10:55.298,1784560255.299,187.203,1.141160e-01,3.173494e-03,1.018066e-01,1.250000e-01,2000,0,2.282319e-03
2026-07-20T18:10:55.398,1784560255.399,187.303,1.137769e-01,3.054785e-03,1.027832e-01,1.225586e-01,2000,0,2.275537e-03
2026-07-20T18:10:55.499,1784560255.499,187.403,1.139556e-01,3.446219e-03,1.040039e-01,1.325684e-01,2000,0,2.279111e-03
2026-07-20T18:10:55.600,1784560255.600,187.503,1.140394e-01,3.324254e-03,1.025391e-01,1.254883e-01,2000,0,2.280789e-03
2026-07-20T18:10:55.699,1784560255.699,187.603,1.140465e-01,3.181307e-03,9.667969e-02,1.271973e-01,2000,0,2.280930e-03
2026-07-20T18:10:55.799,1784560255.799,187.703,1.137990e-01,3.339028e-03,9.960938e-02,1.267090e-01,2000,0,2.275979e-03
2026-07-20T18:10:55.899,1784560255.899,187.803,1.141239e-01,3.153619e-03,1.032715e-01,1.257324e-01,2000,0,2.282478e-03
2026-07-20T18:10:55.999,1784560255.999,187.903,1.133253e-01,3.065865e-03,1.013184e-01,1.235352e-01,2000,0,2.266506e-03
2026-07-20T18:10:56.099,1784560256.099,188.003,1.134897e-01,3.119002e-03,1.022949e-01,1.235352e-01,2000,0,2.269795e-03
2026-07-20T18:10:56.198,1784560256.199,188.103,1.132274e-01,3.165223e-03,1.018066e-01,1.228027e-01,2000,0,2.264548e-03
2026-07-20T18:10:56.299,1784560256.299,188.203,1.122057e-01,3.158222e-03,9.985352e-02,1.228027e-01,2000,0,2.244114e-03
2026-07-20T18:10:56.399,1784560256.399,188.303,1.122303e-01,3.157870e-03,1.000977e-01,1.232910e-01,2000,0,2.244607e-03
2026-07-20T18:10:56.499,1784560256.499,188.403,1.118541e-01,3.192045e-03,1.000977e-01,1.250000e-01,2000,0,2.237083e-03
2026-07-20T18:10:56.600,1784560256.600,188.503,1.111808e-01,3.182926e-03,9.985352e-02,1.245117e-01,2000,0,2.223616e-03
2026-07-20T18:10:56.699,1784560256.700,188.603,1.101661e-01,3.302833e-03,9.863281e-02,1.228027e-01,2000,0,2.203323e-03
2026-07-20T18:10:56.799,1784560256.800,188.703,1.098091e-01,3.486946e-03,9.619141e-02,1.220703e-01,2000,0,2.196182e-03
2026-07-20T18:10:56.899,1784560256.900,188.803,1.086252e-01,3.500290e-03,9.667969e-02,1.213379e-01,2000,0,2.172505e-03
2026-07-20T18:10:56.999,1784560257.000,188.903,1.083973e-01,3.530222e-03,9.399414e-02,1.254883e-01,2000,0,2.167947e-03
2026-07-20T18:10:57.100,1784560257.101,189.003,1.075144e-01,3.662649e-03,9.545898e-02,1.188965e-01,2000,0,2.150288e-03
2026-07-20T18:10:57.199,1784560257.199,189.103,1.061505e-01,3.620067e-03,9.643555e-02,1.184082e-01,2000,0,2.123010e-03
2026-07-20T18:10:57.299,1784560257.299,189.204,1.062659e-01,3.451088e-03,9.521484e-02,1.162109e-01,2000,0,2.125317e-03
2026-07-20T18:10:57.399,1784560257.399,189.303,1.054978e-01,3.780183e-03,9.057617e-02,1.181641e-01,2000,0,2.109956e-03
2026-07-20T18:10:57.499,1784560257.499,189.403,1.040049e-01,3.770578e-03,9.155273e-02,1.166992e-01,2000,0,2.080098e-03
2026-07-20T18:10:57.599,1784560257.599,189.503,1.031465e-01,3.881489e-03,9.130859e-02,1.149902e-01,2000,0,2.062930e-03
2026-07-20T18:10:57.699,1784560257.700,189.603,1.026503e-01,3.935112e-03,9.130859e-02,1.247559e-01,2000,0,2.053005e-03
2026-07-20T18:10:57.799,1784560257.800,189.703,1.009458e-01,3.842733e-03,8.935547e-02,1.130371e-01,2000,0,2.018916e-03
2026-07-20T18:10:57.899,1784560257.900,189.803,1.005482e-01,3.771049e-03,8.911133e-02,1.113281e-01,2000,0,2.010964e-03
2026-07-20T18:10:57.999,1784560258.000,189.903,9.964990e-02,3.947969e-03,8.862305e-02,1.120605e-01,2000,0,1.992998e-03
2026-07-20T18:10:58.099,1784560258.100,190.003,9.739563e-02,3.879816e-03,8.593750e-02,1.108398e-01,2000,0,1.947913e-03
2026-07-20T18:10:58.199,1784560258.199,190.103,9.728455e-02,3.901987e-03,8.666992e-02,1.113281e-01,2000,0,1.945691e-03
2026-07-20T18:10:58.299,1784560258.299,190.203,9.612744e-02,3.900702e-03,8.398438e-02,1.105957e-01,2000,0,1.922549e-03
2026-07-20T18:10:58.399,1784560258.399,190.303,9.464526e-02,3.933666e-03,8.056641e-02,1.081543e-01,2000,0,1.892905e-03
2026-07-20T18:10:58.498,1784560258.499,190.403,9.362427e-02,3.952529e-03,8.056641e-02,1.079102e-01,2000,0,1.872485e-03
2026-07-20T18:10:58.599,1784560258.599,190.504,9.247095e-02,3.980577e-03,8.203125e-02,1.059570e-01,2000,0,1.849419e-03
2026-07-20T18:10:58.699,1784560258.699,190.603,9.090955e-02,4.065289e-03,7.861328e-02,1.057129e-01,2000,0,1.818191e-03
2026-07-20T18:10:58.799,1784560258.799,190.704,9.066394e-02,4.110260e-03,7.958984e-02,1.044922e-01,2000,0,1.813279e-03
2026-07-20T18:10:58.899,1784560258.899,190.803,9.069116e-02,4.070961e-03,7.592773e-02,1.040039e-01,2000,0,1.813823e-03
2026-07-20T18:10:58.999,1784560258.999,190.903,9.029639e-02,4.165541e-03,7.812500e-02,1.071777e-01,2000,0,1.805928e-03
2026-07-20T18:10:59.099,1784560259.099,191.003,8.982361e-02,4.199344e-03,7.690430e-02,1.025391e-01,2000,0,1.796472e-03
2026-07-20T18:10:59.199,1784560259.199,191.103,9.025513e-02,4.109749e-03,7.788086e-02,1.057129e-01,2000,0,1.805103e-03
2026-07-20T18:10:59.299,1784560259.299,191.203,8.953076e-02,4.047933e-03,7.812500e-02,1.052246e-01,2000,0,1.790615e-03
2026-07-20T18:10:59.399,1784560259.399,191.303,9.026233e-02,4.172341e-03,7.666016e-02,1.044922e-01,2000,0,1.805247e-03
2026-07-20T18:10:59.499,1784560259.499,191.403,9.113123e-02,4.077541e-03,7.934570e-02,1.037598e-01,2000,0,1.822625e-03
2026-07-20T18:10:59.599,1784560259.599,191.503,9.069470e-02,3.862300e-03,7.861328e-02,1.022949e-01,2000,0,1.813894e-03
2026-07-20T18:10:59.699,1784560259.699,191.603,9.137756e-02,3.720103e-03,7.910156e-02,1.042480e-01,2000,0,1.827551e-03
2026-07-20T18:10:59.799,1784560259.799,191.703,9.220752e-02,3.887750e-03,8.007812e-02,1.079102e-01,2000,0,1.844150e-03
2026-07-20T18:10:59.899,1784560259.899,191.803,9.264368e-02,3.639858e-03,8.154297e-02,1.062012e-01,2000,0,1.852874e-03
2026-07-20T18:10:59.999,1784560259.999,191.903,9.267163e-02,3.694237e-03,8.105469e-02,1.066895e-01,2000,0,1.853433e-03
2026-07-20T18:11:00.099,1784560260.099,192.003,9.380737e-02,3.438639e-03,8.300781e-02,1.066895e-01,2000,0,1.876147e-03
2026-07-20T18:11:00.199,1784560260.199,192.103,9.378540e-02,3.578172e-03,8.325195e-02,1.054688e-01,2000,0,1.875708e-03
2026-07-20T18:11:00.299,1784560260.299,192.203,9.384814e-02,3.459244e-03,8.251953e-02,1.054688e-01,2000,0,1.876963e-03
2026-07-20T18:11:00.400,1784560260.400,192.303,9.465540e-02,3.376603e-03,8.325195e-02,1.071777e-01,2000,0,1.893108e-03
2026-07-20T18:11:00.499,1784560260.499,192.403,9.409424e-02,3.474447e-03,8.325195e-02,1.101074e-01,2000,0,1.881885e-03
2026-07-20T18:11:00.599,1784560260.599,192.503,9.482410e-02,3.572478e-03,8.471680e-02,1.062012e-01,2000,0,1.896482e-03
2026-07-20T18:11:00.699,1784560260.699,192.603,9.541125e-02,3.366789e-03,8.447266e-02,1.071777e-01,2000,0,1.908225e-03
2026-07-20T18:11:00.799,1784560260.799,192.703,9.474792e-02,3.226472e-03,8.349609e-02,1.059570e-01,2000,0,1.894958e-03
2026-07-20T18:11:00.899,1784560260.899,192.803,9.549060e-02,3.345490e-03,8.398438e-02,1.086426e-01,2000,0,1.909812e-03
2026-07-20T18:11:00.998,1784560260.999,192.903,9.582654e-02,3.240483e-03,8.349609e-02,1.066895e-01,2000,0,1.916531e-03
2026-07-20T18:11:01.099,1784560261.099,193.003,9.490100e-02,3.319908e-03,8.032227e-02,1.062012e-01,2000,0,1.898020e-03
2026-07-20T18:11:01.199,1784560261.199,193.103,9.361609e-02,3.442726e-03,8.227539e-02,1.054688e-01,2000,0,1.872322e-03
2026-07-20T18:11:01.299,1784560261.299,193.203,9.415784e-02,3.430405e-03,8.422852e-02,1.062012e-01,2000,0,1.883157e-03
2026-07-20T18:11:01.400,1784560261.401,193.303,9.390991e-02,3.437930e-03,8.081055e-02,1.040039e-01,2000,0,1.878198e-03
2026-07-20T18:11:01.499,1784560261.499,193.403,9.443481e-02,3.382832e-03,8.349609e-02,1.062012e-01,2000,0,1.888696e-03
2026-07-20T18:11:01.599,1784560261.599,193.503,9.380383e-02,3.601417e-03,8.129883e-02,1.062012e-01,2000,0,1.876077e-03
2026-07-20T18:11:01.699,1784560261.699,193.603,9.372498e-02,3.544532e-03,8.007812e-02,1.064453e-01,2000,0,1.874500e-03
2026-07-20T18:11:01.799,1784560261.799,193.703,9.420483e-02,3.539123e-03,8.227539e-02,1.064453e-01,2000,0,1.884097e-03
2026-07-20T18:11:01.899,1784560261.899,193.803,9.529199e-02,3.520252e-03,7.885742e-02,1.086426e-01,2000,0,1.905840e-03
2026-07-20T18:11:01.999,1784560261.999,193.903,9.538220e-02,3.381084e-03,8.276367e-02,1.076660e-01,2000,0,1.907644e-03
2026-07-20T18:11:02.099,1784560262.099,194.003,9.583191e-02,3.440662e-03,8.496094e-02,1.091309e-01,2000,0,1.916638e-03
2026-07-20T18:11:02.199,1784560262.199,194.103,9.782007e-02,3.474377e-03,8.691406e-02,1.103516e-01,2000,0,1.956401e-03
2026-07-20T18:11:02.299,1784560262.299,194.203,9.748572e-02,3.448529e-03,8.642578e-02,1.125488e-01,2000,0,1.949714e-03
2026-07-20T18:11:02.400,1784560262.400,194.303,9.932617e-02,3.538704e-03,8.886719e-02,1.132812e-01,2000,0,1.986523e-03
2026-07-20T18:11:02.499,1784560262.499,194.403,1.011145e-01,3.468772e-03,8.862305e-02,1.130371e-01,2000,0,2.022290e-03
2026-07-20T18:11:02.599,1784560262.599,194.503,1.024276e-01,3.465766e-03,9.130859e-02,1.140137e-01,2000,0,2.048552e-03
2026-07-20T18:11:02.699,1784560262.700,194.603,1.039418e-01,3.420363e-03,9.375000e-02,1.157227e-01,2000,0,2.078835e-03
2026-07-20T18:11:02.800,1784560262.801,194.703,1.061072e-01,3.471151e-03,9.448242e-02,1.186523e-01,2000,0,2.122144e-03
2026-07-20T18:11:02.899,1784560262.900,194.803,1.076971e-01,3.297175e-03,9.692383e-02,1.230469e-01,2000,0,2.153943e-03
2026-07-20T18:11:02.999,1784560263.000,194.903,1.097192e-01,3.379808e-03,1.000977e-01,1.218262e-01,2000,0,2.194385e-03
2026-07-20T18:11:03.099,1784560263.100,195.003,1.123596e-01,3.357199e-03,9.765625e-02,1.245117e-01,2000,0,2.247192e-03
2026-07-20T18:11:03.199,1784560263.199,195.103,1.140140e-01,3.247543e-03,1.005859e-01,1.279297e-01,2000,0,2.280281e-03
2026-07-20T18:11:03.299,1784560263.299,195.203,1.168658e-01,3.298905e-03,1.059570e-01,1.306152e-01,2000,0,2.337317e-03
2026-07-20T18:11:03.399,1784560263.399,195.303,1.185759e-01,3.283025e-03,1.064453e-01,1.337891e-01,2000,0,2.371519e-03
2026-07-20T18:11:03.499,1784560263.499,195.403,1.210830e-01,3.378849e-03,1.091309e-01,1.320801e-01,2000,0,2.421660e-03
2026-07-20T18:11:03.599,1784560263.599,195.503,1.233252e-01,3.165840e-03,1.088867e-01,1.328125e-01,2000,0,2.466504e-03
2026-07-20T18:11:03.699,1784560263.699,195.603,1.263475e-01,3.114613e-03,1.164551e-01,1.372070e-01,2000,0,2.526951e-03
2026-07-20T18:11:03.799,1784560263.799,195.703,1.281665e-01,3.115105e-03,1.169434e-01,1.413574e-01,2000,0,2.563330e-03
2026-07-20T18:11:03.899,1784560263.899,195.803,1.304293e-01,3.199301e-03,1.181641e-01,1.413574e-01,2000,0,2.608586e-03
2026-07-20T18:11:03.999,1784560263.999,195.903,1.327484e-01,3.180587e-03,1.242676e-01,1.516113e-01,2000,0,2.654968e-03
2026-07-20T18:11:04.099,1784560264.099,196.003,1.336510e-01,3.191355e-03,1.240234e-01,1.435547e-01,2000,0,2.673020e-03
2026-07-20T18:11:04.199,1784560264.199,196.103,1.358137e-01,3.257445e-03,1.181641e-01,1.464844e-01,2000,0,2.716274e-03
2026-07-20T18:11:04.299,1784560264.299,196.204,1.364036e-01,3.216003e-03,1.242676e-01,1.452637e-01,2000,0,2.728071e-03
2026-07-20T18:11:04.399,1784560264.399,196.303,1.372418e-01,3.062512e-03,1.271973e-01,1.499023e-01,2000,0,2.744836e-03
2026-07-20T18:11:04.499,1784560264.499,196.403,1.385713e-01,3.091993e-03,1.293945e-01,1.499023e-01,2000,0,2.771426e-03
2026-07-20T18:11:04.599,1784560264.599,196.503,1.391067e-01,3.110739e-03,1.296387e-01,1.513672e-01,2000,0,2.782134e-03
2026-07-20T18:11:04.699,1784560264.699,196.603,1.393053e-01,3.151014e-03,1.296387e-01,1.499023e-01,2000,0,2.786106e-03
2026-07-20T18:11:04.799,1784560264.799,196.703,1.397952e-01,3.129134e-03,1.298828e-01,1.518555e-01,2000,0,2.795903e-03
2026-07-20T18:11:04.899,1784560264.899,196.803,1.402072e-01,3.235570e-03,1.303711e-01,1.518555e-01,2000,0,2.804143e-03
2026-07-20T18:11:04.999,1784560264.999,196.903,1.397773e-01,3.133098e-03,1.259766e-01,1.520996e-01,2000,0,2.795547e-03
2026-07-20T18:11:05.099,1784560265.099,197.003,1.395533e-01,3.024249e-03,1.281738e-01,1.491699e-01,2000,0,2.791067e-03
2026-07-20T18:11:05.200,1784560265.201,197.103,1.394685e-01,3.011609e-03,1.301270e-01,1.486816e-01,2000,0,2.789370e-03
2026-07-20T18:11:05.299,1784560265.300,197.203,1.377587e-01,3.096259e-03,1.252441e-01,1.494141e-01,2000,0,2.755173e-03
2026-07-20T18:11:05.399,1784560265.400,197.303,1.379248e-01,3.253740e-03,1.235352e-01,1.494141e-01,2000,0,2.758496e-03
2026-07-20T18:11:05.499,1784560265.500,197.403,1.373944e-01,3.169209e-03,1.276855e-01,1.472168e-01,2000,0,2.747888e-03
2026-07-20T18:11:05.599,1784560265.600,197.503,1.364318e-01,3.031915e-03,1.262207e-01,1.452637e-01,2000,0,2.728635e-03
2026-07-20T18:11:05.699,1784560265.699,197.603,1.357437e-01,3.235872e-03,1.240234e-01,1.455078e-01,2000,0,2.714873e-03
2026-07-20T18:11:05.801,1784560265.802,197.704,1.346237e-01,3.301277e-03,1.206055e-01,1.477051e-01,2000,0,2.692473e-03
2026-07-20T18:11:05.899,1784560265.899,197.803,1.339336e-01,3.133320e-03,1.188965e-01,1.452637e-01,2000,0,2.678672e-03
2026-07-20T18:11:05.999,1784560265.999,197.903,1.335518e-01,3.040175e-03,1.240234e-01,1.437988e-01,2000,0,2.671035e-03
2026-07-20T18:11:06.099,1784560266.099,198.003,1.332454e-01,3.187905e-03,1.184082e-01,1.433105e-01,2000,0,2.664907e-03
2026-07-20T18:11:06.199,1784560266.199,198.103,1.321709e-01,3.196747e-03,1.220703e-01,1.459961e-01,2000,0,2.643418e-03
2026-07-20T18:11:06.299,1784560266.299,198.203,1.327102e-01,2.875521e-03,1.198730e-01,1.418457e-01,2000,0,2.654204e-03
2026-07-20T18:11:06.399,1784560266.399,198.303,1.323450e-01,3.009262e-03,1.242676e-01,1.425781e-01,2000,0,2.646899e-03
2026-07-20T18:11:06.499,1784560266.499,198.403,1.324354e-01,2.989711e-03,1.225586e-01,1.428223e-01,2000,0,2.648708e-03
2026-07-20T18:11:06.599,1784560266.599,198.503,1.327354e-01,2.864740e-03,1.228027e-01,1.433105e-01,2000,0,2.654707e-03
2026-07-20T18:11:06.699,1784560266.699,198.603,1.326019e-01,2.939321e-03,1.208496e-01,1.450195e-01,2000,0,2.652039e-03
2026-07-20T18:11:06.799,1784560266.799,198.703,1.323252e-01,2.791553e-03,1.203613e-01,1.428223e-01,2000,0,2.646504e-03
2026-07-20T18:11:06.899,1784560266.899,198.803,1.326461e-01,2.636832e-03,1.157227e-01,1.440430e-01,2000,0,2.652922e-03
2026-07-20T18:11:06.999,1784560266.999,198.903,1.335199e-01,2.717451e-03,1.215820e-01,1.433105e-01,2000,0,2.670398e-03
2026-07-20T18:11:07.099,1784560267.099,199.003,1.335331e-01,2.721562e-03,1.245117e-01,1.428223e-01,2000,0,2.670662e-03
2026-07-20T18:11:07.199,1784560267.199,199.103,1.343987e-01,2.682138e-03,1.252441e-01,1.433105e-01,2000,0,2.687974e-03
2026-07-20T18:11:07.299,1784560267.299,199.203,1.344368e-01,2.699732e-03,1.257324e-01,1.518555e-01,2000,0,2.688735e-03
2026-07-20T18:11:07.399,1784560267.399,199.303,1.349636e-01,2.547912e-03,1.240234e-01,1.430664e-01,2000,0,2.699272e-03
2026-07-20T18:11:07.501,1784560267.501,199.403,1.357063e-01,2.544133e-03,1.262207e-01,1.474609e-01,2000,0,2.714126e-03
2026-07-20T18:11:07.598,1784560267.599,199.503,1.357760e-01,2.493384e-03,1.262207e-01,1.442871e-01,2000,0,2.715520e-03
2026-07-20T18:11:07.699,1784560267.699,199.603,1.363954e-01,2.659634e-03,1.257324e-01,1.447754e-01,2000,0,2.727908e-03
2026-07-20T18:11:07.799,1784560267.799,199.704,1.366819e-01,2.430385e-03,1.250000e-01,1.452637e-01,2000,0,2.733638e-03
2026-07-20T18:11:07.899,1784560267.899,199.803,1.372175e-01,2.700665e-03,1.232910e-01,1.455078e-01,2000,0,2.744351e-03
2026-07-20T18:11:07.999,1784560267.999,199.903,1.370697e-01,2.691578e-03,1.259766e-01,1.472168e-01,2000,0,2.741394e-03
2026-07-20T18:11:08.099,1784560268.099,200.003,1.380162e-01,2.608373e-03,1.279297e-01,1.491699e-01,2000,0,2.760325e-03
2026-07-20T18:11:08.200,1784560268.201,200.103,1.381696e-01,2.801786e-03,1.279297e-01,1.572266e-01,2000,0,2.763391e-03
2026-07-20T18:11:08.299,1784560268.299,200.203,1.385668e-01,2.832370e-03,1.293945e-01,1.469727e-01,2000,0,2.771335e-03
2026-07-20T18:11:08.399,1784560268.399,200.303,1.394971e-01,2.961554e-03,1.291504e-01,1.484375e-01,2000,0,2.789941e-03
2026-07-20T18:11:08.499,1784560268.499,200.403,1.407471e-01,2.901095e-03,1.296387e-01,1.506348e-01,2000,0,2.814941e-03
2026-07-20T18:11:08.599,1784560268.599,200.503,1.401597e-01,3.001879e-03,1.286621e-01,1.501465e-01,2000,0,2.803193e-03
2026-07-20T18:11:08.699,1784560268.699,200.603,1.414412e-01,2.970745e-03,1.320801e-01,1.528320e-01,2000,0,2.828823e-03
2026-07-20T18:11:08.799,1784560268.799,200.704,1.417925e-01,3.204372e-03,1.301270e-01,1.530762e-01,2000,0,2.835850e-03
2026-07-20T18:11:08.899,1784560268.899,200.803,1.424247e-01,3.034369e-03,1.293945e-01,1.545410e-01,2000,0,2.848494e-03
2026-07-20T18:11:08.999,1784560268.999,200.903,1.428030e-01,3.266149e-03,1.306152e-01,1.535645e-01,2000,0,2.856060e-03
2026-07-20T18:11:09.099,1784560269.099,201.003,1.431534e-01,3.161799e-03,1.325684e-01,1.533203e-01,2000,0,2.863069e-03
2026-07-20T18:11:09.199,1784560269.199,201.103,1.433793e-01,3.276693e-03,1.318359e-01,1.540527e-01,2000,0,2.867585e-03
2026-07-20T18:11:09.299,1784560269.299,201.203,1.435466e-01,3.165045e-03,1.267090e-01,1.579590e-01,2000,0,2.870933e-03
2026-07-20T18:11:09.399,1784560269.399,201.303,1.440929e-01,3.275087e-03,1.333008e-01,1.547852e-01,2000,0,2.881858e-03
2026-07-20T18:11:09.499,1784560269.499,201.403,1.435544e-01,3.216695e-03,1.340332e-01,1.547852e-01,2000,0,2.871089e-03
2026-07-20T18:11:09.599,1784560269.599,201.503,1.436210e-01,3.084848e-03,1.325684e-01,1.535645e-01,2000,0,2.872419e-03
2026-07-20T18:11:09.699,1784560269.700,201.603,1.433706e-01,3.210644e-03,1.330566e-01,1.538086e-01,2000,0,2.867412e-03
2026-07-20T18:11:09.800,1784560269.800,201.703,1.426222e-01,3.149252e-03,1.237793e-01,1.538086e-01,2000,0,2.852444e-03
2026-07-20T18:11:09.899,1784560269.900,201.803,1.424525e-01,3.245508e-03,1.306152e-01,1.528320e-01,2000,0,2.849050e-03
2026-07-20T18:11:09.999,1784560270.000,201.903,1.420093e-01,3.136310e-03,1.323242e-01,1.545410e-01,2000,0,2.840186e-03
2026-07-20T18:11:10.100,1784560270.101,202.003,1.409944e-01,2.988682e-03,1.291504e-01,1.520996e-01,2000,0,2.819888e-03
2026-07-20T18:11:10.199,1784560270.199,202.103,1.405724e-01,3.091124e-03,1.315918e-01,1.550293e-01,2000,0,2.811448e-03
2026-07-20T18:11:10.299,1784560270.299,202.203,1.397090e-01,3.068416e-03,1.237793e-01,1.486816e-01,2000,0,2.794180e-03
2026-07-20T18:11:10.399,1784560270.399,202.303,1.389364e-01,3.082903e-03,1.269531e-01,1.494141e-01,2000,0,2.778728e-03
2026-07-20T18:11:10.499,1784560270.499,202.403,1.382684e-01,3.167161e-03,1.289062e-01,1.484375e-01,2000,0,2.765369e-03
2026-07-20T18:11:10.599,1784560270.599,202.503,1.382560e-01,3.131227e-03,1.267090e-01,1.496582e-01,2000,0,2.765120e-03
2026-07-20T18:11:10.699,1784560270.699,202.603,1.369985e-01,3.159218e-03,1.267090e-01,1.467285e-01,2000,0,2.739971e-03
2026-07-20T18:11:10.799,1784560270.799,202.703,1.365703e-01,3.072821e-03,1.247559e-01,1.467285e-01,2000,0,2.731406e-03
2026-07-20T18:11:10.899,1784560270.899,202.803,1.363722e-01,2.981811e-03,1.237793e-01,1.489258e-01,2000,0,2.727444e-03
2026-07-20T18:11:10.999,1784560270.999,202.903,1.356012e-01,3.229179e-03,1.247559e-01,1.464844e-01,2000,0,2.712024e-03
2026-07-20T18:11:11.099,1784560271.099,203.003,1.349347e-01,3.310595e-03,1.203613e-01,1.462402e-01,2000,0,2.698694e-03
2026-07-20T18:11:11.199,1784560271.199,203.103,1.347999e-01,3.277916e-03,1.254883e-01,1.496582e-01,2000,0,2.695999e-03
2026-07-20T18:11:11.299,1784560271.299,203.203,1.347588e-01,3.484078e-03,1.220703e-01,1.484375e-01,2000,0,2.695176e-03
2026-07-20T18:11:11.399,1784560271.399,203.303,1.344501e-01,3.191040e-03,1.230469e-01,1.437988e-01,2000,0,2.689001e-03
2026-07-20T18:11:11.499,1784560271.499,203.403,1.348741e-01,3.172879e-03,1.228027e-01,1.450195e-01,2000,0,2.697483e-03
2026-07-20T18:11:11.599,1784560271.599,203.503,1.344948e-01,3.329021e-03,1.242676e-01,1.472168e-01,2000,0,2.689895e-03
2026-07-20T18:11:11.700,1784560271.700,203.603,1.351031e-01,3.474896e-03,1.235352e-01,1.467285e-01,2000,0,2.702063e-03
2026-07-20T18:11:11.800,1784560271.800,203.703,1.360432e-01,3.998377e-03,1.235352e-01,1.494141e-01,2000,0,2.720864e-03
2026-07-20T18:11:11.900,1784560271.900,203.803,1.362245e-01,3.739027e-03,1.232910e-01,1.491699e-01,2000,0,2.724490e-03
2026-07-20T18:11:11.999,1784560272.000,203.903,1.371910e-01,3.785284e-03,1.193848e-01,1.506348e-01,2000,0,2.743821e-03
2026-07-20T18:11:12.100,1784560272.101,204.003,1.381382e-01,3.914987e-03,1.250000e-01,1.518555e-01,2000,0,2.762764e-03
2026-07-20T18:11:12.199,1784560272.199,204.103,1.388519e-01,3.860601e-03,1.235352e-01,1.538086e-01,2000,0,2.777039e-03
2026-07-20T18:11:12.299,1784560272.299,204.203,1.400338e-01,3.557916e-03,1.264648e-01,1.552734e-01,2000,0,2.800676e-03
2026-07-20T18:11:12.399,1784560272.399,204.304,1.415336e-01,3.366167e-03,1.291504e-01,1.518555e-01,2000,0,2.830671e-03
2026-07-20T18:11:12.499,1784560272.499,204.403,1.427002e-01,4.066081e-03,1.281738e-01,1.552734e-01,2000,0,2.854004e-03
2026-07-20T18:11:12.599,1784560272.599,204.503,1.443252e-01,3.780229e-03,1.259766e-01,1.572266e-01,2000,0,2.886504e-03
2026-07-20T18:11:12.699,1784560272.699,204.603,1.465863e-01,4.074071e-03,1.320801e-01,1.572266e-01,2000,0,2.931726e-03
2026-07-20T18:11:12.799,1784560272.799,204.703,1.469496e-01,3.999107e-03,1.311035e-01,1.586914e-01,2000,0,2.938992e-03
2026-07-20T18:11:12.899,1784560272.899,204.803,1.496908e-01,3.931109e-03,1.342773e-01,1.611328e-01,2000,0,2.993816e-03
2026-07-20T18:11:12.999,1784560272.999,204.903,1.521708e-01,3.997854e-03,1.372070e-01,1.625977e-01,2000,0,3.043416e-03
2026-07-20T18:11:13.099,1784560273.099,205.003,1.518065e-01,3.851579e-03,1.354980e-01,1.633301e-01,2000,0,3.036130e-03
2026-07-20T18:11:13.199,1784560273.199,205.103,1.556533e-01,3.906379e-03,1.425781e-01,1.669922e-01,2000,0,3.113066e-03
2026-07-20T18:11:13.299,1784560273.299,205.203,1.581979e-01,3.799051e-03,1.450195e-01,1.701660e-01,2000,0,3.163958e-03
2026-07-20T18:11:13.399,1784560273.399,205.303,1.602151e-01,3.882488e-03,1.452637e-01,1.730957e-01,2000,0,3.204302e-03
2026-07-20T18:11:13.499,1784560273.499,205.404,1.628698e-01,3.661502e-03,1.496582e-01,1.738281e-01,2000,0,3.257395e-03
2026-07-20T18:11:13.599,1784560273.599,205.503,1.662920e-01,3.894120e-03,1.484375e-01,1.774902e-01,2000,0,3.325840e-03
2026-07-20T18:11:13.699,1784560273.700,205.603,1.683315e-01,3.887734e-03,1.538086e-01,1.796875e-01,2000,0,3.366631e-03
2026-07-20T18:11:13.799,1784560273.799,205.703,1.707194e-01,3.880119e-03,1.535645e-01,1.889648e-01,2000,0,3.414387e-03
2026-07-20T18:11:13.900,1784560273.901,205.803,1.738285e-01,3.861341e-03,1.604004e-01,1.838379e-01,2000,0,3.476570e-03
2026-07-20T18:11:13.999,1784560274.000,205.903,1.762408e-01,3.849957e-03,1.601562e-01,1.872559e-01,2000,0,3.524817e-03
2026-07-20T18:11:14.100,1784560274.100,206.003,1.790542e-01,3.888480e-03,1.640625e-01,1.918945e-01,2000,0,3.581084e-03
2026-07-20T18:11:14.199,1784560274.199,206.103,1.825366e-01,3.904686e-03,1.667480e-01,1.921387e-01,2000,0,3.650732e-03
2026-07-20T18:11:14.299,1784560274.300,206.203,1.841987e-01,3.965520e-03,1.701660e-01,1.960449e-01,2000,0,3.683975e-03
2026-07-20T18:11:14.399,1784560274.399,206.303,1.868221e-01,3.826390e-03,1.755371e-01,1.987305e-01,2000,0,3.736443e-03
2026-07-20T18:11:14.499,1784560274.499,206.403,1.895944e-01,3.638210e-03,1.765137e-01,2.001953e-01,2000,0,3.791887e-03
2026-07-20T18:11:14.599,1784560274.599,206.503,1.914241e-01,3.955422e-03,1.777344e-01,2.023926e-01,2000,0,3.828481e-03
2026-07-20T18:11:14.699,1784560274.699,206.603,1.937312e-01,4.024290e-03,1.794434e-01,2.065430e-01,2000,0,3.874624e-03
2026-07-20T18:11:14.799,1784560274.799,206.703,1.962018e-01,3.819359e-03,1.828613e-01,2.077637e-01,2000,0,3.924036e-03
2026-07-20T18:11:14.899,1784560274.899,206.803,1.982515e-01,3.672564e-03,1.889648e-01,2.092285e-01,2000,0,3.965029e-03
2026-07-20T18:11:15.000,1784560275.001,206.903,2.000745e-01,3.523846e-03,1.853027e-01,2.104492e-01,2000,0,4.001489e-03
2026-07-20T18:11:15.099,1784560275.099,207.003,2.029669e-01,3.796887e-03,1.889648e-01,2.145996e-01,2000,0,4.059338e-03
2026-07-20T18:11:15.199,1784560275.199,207.103,2.046521e-01,3.399758e-03,1.928711e-01,2.185059e-01,2000,0,4.093042e-03
2026-07-20T18:11:15.299,1784560275.299,207.203,2.071177e-01,3.428187e-03,1.955566e-01,2.175293e-01,2000,0,4.142354e-03
2026-07-20T18:11:15.399,1784560275.399,207.303,2.094961e-01,3.679919e-03,1.967773e-01,2.241211e-01,2000,0,4.189922e-03
2026-07-20T18:11:15.499,1784560275.499,207.403,2.109969e-01,3.424460e-03,1.982422e-01,2.221680e-01,2000,0,4.219939e-03
2026-07-20T18:11:15.599,1784560275.599,207.503,2.133282e-01,3.760926e-03,1.972656e-01,2.285156e-01,2000,0,4.266565e-03
2026-07-20T18:11:15.699,1784560275.699,207.603,2.162721e-01,3.637729e-03,2.050781e-01,2.299805e-01,2000,0,4.325442e-03
2026-07-20T18:11:15.799,1784560275.799,207.703,2.184427e-01,3.284755e-03,2.089844e-01,2.302246e-01,2000,0,4.368855e-03
2026-07-20T18:11:15.899,1784560275.899,207.803,2.208422e-01,3.463719e-03,2.082520e-01,2.324219e-01,2000,0,4.416843e-03
2026-07-20T18:11:15.999,1784560275.999,207.903,2.238403e-01,3.278078e-03,2.131348e-01,2.353516e-01,2000,0,4.476807e-03
2026-07-20T18:11:16.099,1784560276.099,208.003,2.252731e-01,3.307058e-03,2.111816e-01,2.360840e-01,2000,0,4.505461e-03
2026-07-20T18:11:16.199,1784560276.199,208.103,2.278740e-01,3.522888e-03,2.163086e-01,2.387695e-01,2000,0,4.557480e-03
2026-07-20T18:11:16.301,1784560276.301,208.203,2.299369e-01,3.494535e-03,2.185059e-01,2.416992e-01,2000,0,4.598738e-03
2026-07-20T18:11:16.399,1784560276.399,208.303,2.321260e-01,3.477792e-03,2.204590e-01,2.456055e-01,2000,0,4.642520e-03
2026-07-20T18:11:16.499,1784560276.499,208.404,2.341953e-01,3.572832e-03,2.202148e-01,2.458496e-01,2000,0,4.683906e-03
2026-07-20T18:11:16.599,1784560276.599,208.503,2.370493e-01,3.263749e-03,2.224121e-01,2.480469e-01,2000,0,4.740986e-03
2026-07-20T18:11:16.699,1784560276.699,208.603,2.386014e-01,3.303553e-03,2.277832e-01,2.607422e-01,2000,0,4.772029e-03
2026-07-20T18:11:16.799,1784560276.799,208.703,2.405858e-01,3.429010e-03,2.297363e-01,2.524414e-01,2000,0,4.811716e-03
2026-07-20T18:11:16.899,1784560276.899,208.803,2.427000e-01,3.423294e-03,2.309570e-01,2.539062e-01,2000,0,4.853999e-03
2026-07-20T18:11:16.999,1784560276.999,208.903,2.444060e-01,3.487192e-03,2.338867e-01,2.558594e-01,2000,0,4.888120e-03
2026-07-20T18:11:17.100,1784560277.100,209.003,2.464771e-01,3.404025e-03,2.365723e-01,2.570801e-01,2000,0,4.929541e-03
2026-07-20T18:11:17.199,1784560277.200,209.103,2.485580e-01,3.443039e-03,2.377930e-01,2.617188e-01,2000,0,4.971160e-03
2026-07-20T18:11:17.299,1784560277.300,209.203,2.503519e-01,3.361539e-03,2.412109e-01,2.653809e-01,2000,0,5.007039e-03
2026-07-20T18:11:17.399,1784560277.400,209.303,2.524537e-01,3.501107e-03,2.412109e-01,2.639160e-01,2000,0,5.049075e-03
2026-07-20T18:11:17.501,1784560277.501,209.403,2.550092e-01,3.464937e-03,2.443848e-01,2.673340e-01,2000,0,5.100183e-03
2026-07-20T18:11:17.600,1784560277.600,209.503,2.560605e-01,3.480070e-03,2.451172e-01,2.673340e-01,2000,0,5.121211e-03
2026-07-20T18:11:17.699,1784560277.700,209.603,2.584501e-01,3.310493e-03,2.463379e-01,2.687988e-01,2000,0,5.169001e-03
2026-07-20T18:11:17.799,1784560277.800,209.703,2.608141e-01,3.638038e-03,2.509766e-01,2.734375e-01,2000,0,5.216282e-03
2026-07-20T18:11:17.899,1784560277.900,209.803,2.630375e-01,3.559695e-03,2.521973e-01,2.749023e-01,2000,0,5.260750e-03
2026-07-20T18:11:18.000,1784560278.000,209.903,2.639729e-01,3.573060e-03,2.507324e-01,2.832031e-01,2000,0,5.279458e-03
2026-07-20T18:11:18.100,1784560278.101,210.003,2.666442e-01,3.391807e-03,2.568359e-01,2.790527e-01,2000,0,5.332883e-03
2026-07-20T18:11:18.200,1784560278.200,210.103,2.678870e-01,3.398257e-03,2.583008e-01,2.800293e-01,2000,0,5.357739e-03
2026-07-20T18:11:18.300,1784560278.300,210.203,2.702651e-01,3.351820e-03,2.592773e-01,2.822266e-01,2000,0,5.405303e-03
2026-07-20T18:11:18.399,1784560278.400,210.303,2.731616e-01,3.565449e-03,2.578125e-01,2.875977e-01,2000,0,5.463232e-03
2026-07-20T18:11:18.500,1784560278.500,210.403,2.744568e-01,3.531183e-03,2.651367e-01,2.856445e-01,2000,0,5.489136e-03
2026-07-20T18:11:18.599,1784560278.600,210.503,2.761294e-01,3.521743e-03,2.661133e-01,2.888184e-01,2000,0,5.522588e-03
2026-07-20T18:11:18.699,1784560278.699,210.603,2.792029e-01,3.543109e-03,2.680664e-01,2.905273e-01,2000,0,5.584058e-03
2026-07-20T18:11:18.799,1784560278.800,210.703,2.808695e-01,3.445278e-03,2.685547e-01,2.917480e-01,2000,0,5.617390e-03
2026-07-20T18:11:18.899,1784560278.899,210.803,2.828048e-01,3.393719e-03,2.707520e-01,2.946777e-01,2000,0,5.656096e-03
2026-07-20T18:11:18.999,1784560279.000,210.903,2.851357e-01,3.428250e-03,2.734375e-01,2.978516e-01,2000,0,5.702715e-03
2026-07-20T18:11:19.100,1784560279.101,211.003,2.870129e-01,3.413362e-03,2.770996e-01,3.007812e-01,2000,0,5.740259e-03
2026-07-20T18:11:19.199,1784560279.200,211.103,2.896785e-01,3.363878e-03,2.741699e-01,3.015137e-01,2000,0,5.793569e-03
2026-07-20T18:11:19.299,1784560279.300,211.203,2.922644e-01,3.442788e-03,2.824707e-01,3.034668e-01,2000,0,5.845288e-03
2026-07-20T18:11:19.399,1784560279.400,211.303,2.939275e-01,3.502390e-03,2.814941e-01,3.049316e-01,2000,0,5.878550e-03
2026-07-20T18:11:19.499,1784560279.500,211.403,2.968785e-01,3.357367e-03,2.858887e-01,3.078613e-01,2000,0,5.937571e-03
2026-07-20T18:11:19.599,1784560279.600,211.503,2.989279e-01,3.347137e-03,2.895508e-01,3.095703e-01,2000,0,5.978557e-03
2026-07-20T18:11:19.699,1784560279.700,211.603,3.001835e-01,3.279067e-03,2.893066e-01,3.095703e-01,2000,0,6.003669e-03
2026-07-20T18:11:19.799,1784560279.800,211.704,3.032283e-01,3.265270e-03,2.880859e-01,3.239746e-01,2000,0,6.064565e-03
2026-07-20T18:11:19.899,1784560279.899,211.803,3.054241e-01,3.291353e-03,2.946777e-01,3.161621e-01,2000,0,6.108481e-03
2026-07-20T18:11:19.999,1784560280.000,211.903,3.077228e-01,3.298207e-03,2.976074e-01,3.176270e-01,2000,0,6.154456e-03
2026-07-20T18:11:20.100,1784560280.101,212.003,3.093109e-01,3.355665e-03,2.988281e-01,3.205566e-01,2000,0,6.186218e-03
2026-07-20T18:11:20.199,1784560280.200,212.103,3.123560e-01,3.282569e-03,3.029785e-01,3.251953e-01,2000,0,6.247119e-03
2026-07-20T18:11:20.299,1784560280.300,212.203,3.142699e-01,3.153209e-03,3.029785e-01,3.232422e-01,2000,0,6.285398e-03
2026-07-20T18:11:20.399,1784560280.400,212.303,3.166844e-01,3.125611e-03,3.066406e-01,3.315430e-01,2000,0,6.333689e-03
2026-07-20T18:11:20.499,1784560280.500,212.403,3.191902e-01,3.360714e-03,3.085938e-01,3.303223e-01,2000,0,6.383804e-03
2026-07-20T18:11:20.599,1784560280.600,212.503,3.205437e-01,3.201755e-03,3.107910e-01,3.300781e-01,2000,0,6.410874e-03
2026-07-20T18:11:20.699,1784560280.700,212.603,3.229326e-01,3.355075e-03,3.117676e-01,3.371582e-01,2000,0,6.458652e-03
2026-07-20T18:11:20.799,1784560280.800,212.703,3.251389e-01,3.331394e-03,3.127441e-01,3.361816e-01,2000,0,6.502778e-03
2026-07-20T18:11:20.899,1784560280.900,212.803,3.269231e-01,3.256813e-03,3.149414e-01,3.366699e-01,2000,0,6.538462e-03
2026-07-20T18:11:20.999,1784560281.000,212.903,3.293237e-01,3.251243e-03,3.186035e-01,3.400879e-01,2000,0,6.586475e-03
2026-07-20T18:11:21.099,1784560281.100,213.003,3.303761e-01,3.203446e-03,3.181152e-01,3.417969e-01,2000,0,6.607522e-03
2026-07-20T18:11:21.199,1784560281.200,213.103,3.323662e-01,3.136638e-03,3.220215e-01,3.454590e-01,2000,0,6.647324e-03
2026-07-20T18:11:21.300,1784560281.300,213.203,3.340603e-01,3.286547e-03,3.220215e-01,3.452148e-01,2000,0,6.681206e-03
2026-07-20T18:11:21.399,1784560281.400,213.303,3.358954e-01,3.207991e-03,3.249512e-01,3.461914e-01,2000,0,6.717908e-03
2026-07-20T18:11:21.499,1784560281.500,213.403,3.374120e-01,3.338715e-03,3.225098e-01,3.474121e-01,2000,0,6.748240e-03
2026-07-20T18:11:21.599,1784560281.600,213.504,3.391792e-01,3.331439e-03,3.244629e-01,3.493652e-01,2000,0,6.783584e-03
2026-07-20T18:11:21.699,1784560281.700,213.603,3.415859e-01,3.289286e-03,3.305664e-01,3.515625e-01,2000,0,6.831719e-03
2026-07-20T18:11:21.799,1784560281.800,213.703,3.423719e-01,3.278320e-03,3.317871e-01,3.537598e-01,2000,0,6.847439e-03
2026-07-20T18:11:21.899,1784560281.900,213.803,3.443899e-01,3.175146e-03,3.327637e-01,3.527832e-01,2000,0,6.887798e-03
2026-07-20T18:11:21.999,1784560282.000,213.903,3.460090e-01,3.079338e-03,3.356934e-01,3.562012e-01,2000,0,6.920181e-03
2026-07-20T18:11:22.099,1784560282.100,214.003,3.468964e-01,3.230414e-03,3.327637e-01,3.576660e-01,2000,0,6.937927e-03
2026-07-20T18:11:22.199,1784560282.200,214.104,3.487981e-01,3.192653e-03,3.369141e-01,3.588867e-01,2000,0,6.975962e-03
2026-07-20T18:11:22.299,1784560282.300,214.204,3.500134e-01,3.027304e-03,3.400879e-01,3.615723e-01,2000,0,7.000269e-03
2026-07-20T18:11:22.399,1784560282.400,214.303,3.506697e-01,3.063448e-03,3.393555e-01,3.625488e-01,2000,0,7.013394e-03
2026-07-20T18:11:22.499,1784560282.500,214.403,3.527505e-01,3.274399e-03,3.430176e-01,3.647461e-01,2000,0,7.055010e-03
2026-07-20T18:11:22.599,1784560282.600,214.503,3.532904e-01,3.179359e-03,3.405762e-01,3.642578e-01,2000,0,7.065808e-03
2026-07-20T18:11:22.699,1784560282.700,214.603,3.538353e-01,3.248398e-03,3.449707e-01,3.671875e-01,2000,0,7.076707e-03
2026-07-20T18:11:22.799,1784560282.800,214.704,3.550531e-01,2.988963e-03,3.459473e-01,3.652344e-01,2000,0,7.101062e-03
2026-07-20T18:11:22.899,1784560282.900,214.803,3.559495e-01,3.101624e-03,3.442383e-01,3.679199e-01,2000,0,7.118989e-03
2026-07-20T18:11:22.999,1784560283.000,214.903,3.565868e-01,3.221913e-03,3.461914e-01,3.686523e-01,2000,0,7.131736e-03
2026-07-20T18:11:23.099,1784560283.100,215.003,3.577000e-01,3.310827e-03,3.464355e-01,3.693848e-01,2000,0,7.153999e-03
2026-07-20T18:11:23.199,1784560283.200,215.103,3.589928e-01,3.237269e-03,3.483887e-01,3.710938e-01,2000,0,7.179856e-03
2026-07-20T18:11:23.299,1784560283.300,215.203,3.589747e-01,3.136124e-03,3.471680e-01,3.710938e-01,2000,0,7.179495e-03
2026-07-20T18:11:23.399,1784560283.400,215.303,3.603917e-01,3.105364e-03,3.508301e-01,3.730469e-01,2000,0,7.207834e-03
2026-07-20T18:11:23.499,1784560283.500,215.403,3.609956e-01,3.108026e-03,3.508301e-01,3.728027e-01,2000,0,7.219912e-03
2026-07-20T18:11:23.599,1784560283.600,215.503,3.610936e-01,3.048054e-03,3.466797e-01,3.710938e-01,2000,0,7.221873e-03
2026-07-20T18:11:23.700,1784560283.700,215.603,3.621432e-01,3.489101e-03,3.510742e-01,3.757324e-01,2000,0,7.242864e-03
2026-07-20T18:11:23.800,1784560283.800,215.703,3.628632e-01,3.121544e-03,3.522949e-01,3.740234e-01,2000,0,7.257263e-03
2026-07-20T18:11:23.900,1784560283.900,215.803,3.635900e-01,3.506930e-03,3.535156e-01,3.737793e-01,2000,0,7.271799e-03
2026-07-20T18:11:24.000,1784560284.000,215.903,3.646469e-01,3.314475e-03,3.540039e-01,3.774414e-01,2000,0,7.292937e-03
2026-07-20T18:11:24.100,1784560284.100,216.003,3.653363e-01,3.364097e-03,3.564453e-01,3.771973e-01,2000,0,7.306726e-03
2026-07-20T18:11:24.200,1784560284.200,216.103,3.664727e-01,3.297687e-03,3.554688e-01,3.791504e-01,2000,0,7.329453e-03
2026-07-20T18:11:24.299,1784560284.300,216.203,3.674509e-01,3.343085e-03,3.566895e-01,3.789062e-01,2000,0,7.349019e-03
2026-07-20T18:11:24.399,1784560284.400,216.303,3.682108e-01,3.451650e-03,3.557129e-01,3.815918e-01,2000,0,7.364216e-03
2026-07-20T18:11:24.499,1784560284.500,216.403,3.691061e-01,3.589643e-03,3.581543e-01,3.820801e-01,2000,0,7.382122e-03
2026-07-20T18:11:24.599,1784560284.600,216.503,3.705812e-01,3.487458e-03,3.603516e-01,3.808594e-01,2000,0,7.411624e-03
2026-07-20T18:11:24.699,1784560284.700,216.603,3.719113e-01,3.555580e-03,3.593750e-01,3.833008e-01,2000,0,7.438225e-03
2026-07-20T18:11:24.799,1784560284.800,216.703,3.722224e-01,3.428224e-03,3.593750e-01,3.828125e-01,2000,0,7.444448e-03
2026-07-20T18:11:24.899,1784560284.900,216.803,3.737784e-01,3.627066e-03,3.625488e-01,3.854980e-01,2000,0,7.475569e-03
2026-07-20T18:11:24.999,1784560285.000,216.903,3.749117e-01,3.504059e-03,3.640137e-01,3.862305e-01,2000,0,7.498235e-03
2026-07-20T18:11:25.099,1784560285.100,217.003,3.751210e-01,3.460541e-03,3.640137e-01,3.872070e-01,2000,0,7.502419e-03
2026-07-20T18:11:25.199,1784560285.200,217.103,3.765825e-01,3.512705e-03,3.652344e-01,3.935547e-01,2000,0,7.531650e-03
2026-07-20T18:11:25.299,1784560285.300,217.203,3.762349e-01,3.466029e-03,3.642578e-01,3.859863e-01,2000,0,7.524697e-03
2026-07-20T18:11:25.399,1784560285.400,217.303,3.771011e-01,3.431429e-03,3.637695e-01,3.879395e-01,2000,0,7.542021e-03
2026-07-20T18:11:25.499,1784560285.500,217.403,3.785629e-01,3.284769e-03,3.686523e-01,3.891602e-01,2000,0,7.571257e-03
2026-07-20T18:11:25.599,1784560285.600,217.503,3.797612e-01,3.182642e-03,3.610840e-01,3.906250e-01,2000,0,7.595225e-03
2026-07-20T18:11:25.699,1784560285.699,217.603,3.793292e-01,3.076162e-03,3.696289e-01,3.906250e-01,2000,0,7.586584e-03
2026-07-20T18:11:25.799,1784560285.800,217.703,3.808121e-01,3.132963e-03,3.710938e-01,3.906250e-01,2000,0,7.616243e-03
2026-07-20T18:11:25.899,1784560285.900,217.803,3.814194e-01,3.035362e-03,3.718262e-01,3.918457e-01,2000,0,7.628389e-03
2026-07-20T18:11:26.000,1784560286.000,217.903,3.816268e-01,3.077788e-03,3.684082e-01,3.928223e-01,2000,0,7.632537e-03
2026-07-20T18:11:26.100,1784560286.100,218.003,3.830592e-01,2.890272e-03,3.715820e-01,3.913574e-01,2000,0,7.661184e-03
2026-07-20T18:11:26.200,1784560286.200,218.103,3.835510e-01,2.777698e-03,3.740234e-01,3.935547e-01,2000,0,7.671021e-03
2026-07-20T18:11:26.300,1784560286.300,218.203,3.838542e-01,2.807051e-03,3.627930e-01,3.935547e-01,2000,0,7.677085e-03
2026-07-20T18:11:26.400,1784560286.400,218.303,3.844279e-01,2.755291e-03,3.730469e-01,3.937988e-01,2000,0,7.688557e-03
2026-07-20T18:11:26.499,1784560286.500,218.403,3.856720e-01,2.647647e-03,3.747559e-01,3.962402e-01,2000,0,7.713440e-03
2026-07-20T18:11:26.599,1784560286.600,218.503,3.858400e-01,2.731988e-03,3.745117e-01,3.964844e-01,2000,0,7.716799e-03
2026-07-20T18:11:26.699,1784560286.700,218.603,3.872915e-01,2.719866e-03,3.779297e-01,4.003906e-01,2000,0,7.745830e-03
2026-07-20T18:11:26.799,1784560286.800,218.703,3.877064e-01,2.614727e-03,3.769531e-01,3.977051e-01,2000,0,7.754128e-03
2026-07-20T18:11:26.899,1784560286.900,218.803,3.880807e-01,2.599609e-03,3.767090e-01,3.969727e-01,2000,0,7.761614e-03
2026-07-20T18:11:26.999,1784560286.999,218.903,3.886591e-01,2.492827e-03,3.771973e-01,3.981934e-01,2000,0,7.773181e-03
2026-07-20T18:11:27.099,1784560287.100,219.003,3.897096e-01,2.483460e-03,3.806152e-01,3.981934e-01,2000,0,7.794192e-03
2026-07-20T18:11:27.199,1784560287.199,219.103,3.895178e-01,2.529711e-03,3.801270e-01,3.979492e-01,2000,0,7.790356e-03
2026-07-20T18:11:27.299,1784560287.300,219.203,3.908076e-01,2.518479e-03,3.835449e-01,3.996582e-01,2000,0,7.816152e-03
2026-07-20T18:11:27.399,1784560287.400,219.303,3.913046e-01,2.539093e-03,3.776855e-01,4.025879e-01,2000,0,7.826091e-03
2026-07-20T18:11:27.499,1784560287.500,219.403,3.914014e-01,2.665023e-03,3.818359e-01,3.996582e-01,2000,0,7.828027e-03
2026-07-20T18:11:27.599,1784560287.600,219.503,3.922491e-01,2.426047e-03,3.833008e-01,4.074707e-01,2000,0,7.844983e-03
2026-07-20T18:11:27.699,1784560287.700,219.604,3.917679e-01,2.819629e-03,3.818359e-01,4.033203e-01,2000,0,7.835359e-03
2026-07-20T18:11:27.799,1784560287.800,219.703,3.921625e-01,2.605348e-03,3.825684e-01,4.028320e-01,2000,0,7.843250e-03
2026-07-20T18:11:27.899,1784560287.900,219.803,3.928348e-01,2.663538e-03,3.815918e-01,4.025879e-01,2000,0,7.856697e-03
2026-07-20T18:11:27.999,1784560288.000,219.903,3.925072e-01,2.712446e-03,3.811035e-01,4.047852e-01,2000,0,7.850144e-03
2026-07-20T18:11:28.099,1784560288.100,220.003,3.918420e-01,2.801558e-03,3.798828e-01,4.047852e-01,2000,0,7.836841e-03
2026-07-20T18:11:28.199,1784560288.200,220.103,3.916747e-01,2.871189e-03,3.815918e-01,4.003906e-01,2000,0,7.833494e-03
2026-07-20T18:11:28.299,1784560288.300,220.204,3.907889e-01,3.026335e-03,3.801270e-01,4.052734e-01,2000,0,7.815779e-03
2026-07-20T18:11:28.399,1784560288.400,220.303,3.907932e-01,2.801393e-03,3.818359e-01,4.001465e-01,2000,0,7.815864e-03
2026-07-20T18:11:28.499,1784560288.500,220.403,3.905143e-01,2.885241e-03,3.796387e-01,4.006348e-01,2000,0,7.810286e-03
2026-07-20T18:11:28.600,1784560288.601,220.503,3.892250e-01,3.098509e-03,3.735352e-01,4.003906e-01,2000,0,7.784500e-03
2026-07-20T18:11:28.699,1784560288.700,220.603,3.887142e-01,3.018435e-03,3.796387e-01,3.999023e-01,2000,0,7.774285e-03
2026-07-20T18:11:28.799,1784560288.800,220.703,3.887769e-01,3.195484e-03,3.771973e-01,4.001465e-01,2000,0,7.775537e-03
2026-07-20T18:11:28.899,1784560288.900,220.803,3.881533e-01,3.030892e-03,3.779297e-01,3.989258e-01,2000,0,7.763066e-03
2026-07-20T18:11:28.999,1784560289.000,220.903,3.877214e-01,3.236070e-03,3.779297e-01,3.986816e-01,2000,0,7.754429e-03
2026-07-20T18:11:29.099,1784560289.100,221.003,3.872451e-01,3.200354e-03,3.737793e-01,3.967285e-01,2000,0,7.744902e-03
2026-07-20T18:11:29.199,1784560289.200,221.103,3.864998e-01,3.053909e-03,3.779297e-01,3.952637e-01,2000,0,7.729995e-03
2026-07-20T18:11:29.299,1784560289.300,221.203,3.855098e-01,3.180963e-03,3.767090e-01,3.959961e-01,2000,0,7.710195e-03
2026-07-20T18:11:29.399,1784560289.400,221.304,3.850658e-01,3.208707e-03,3.750000e-01,3.957520e-01,2000,0,7.701316e-03
2026-07-20T18:11:29.499,1784560289.500,221.403,3.836941e-01,3.407224e-03,3.713379e-01,3.933105e-01,2000,0,7.673882e-03
2026-07-20T18:11:29.600,1784560289.601,221.503,3.827660e-01,3.189566e-03,3.708496e-01,3.942871e-01,2000,0,7.655320e-03
2026-07-20T18:11:29.699,1784560289.700,221.603,3.824214e-01,3.332672e-03,3.713379e-01,3.933105e-01,2000,0,7.648428e-03
2026-07-20T18:11:29.799,1784560289.800,221.703,3.804786e-01,3.295487e-03,3.696289e-01,3.913574e-01,2000,0,7.609573e-03
2026-07-20T18:11:29.899,1784560289.900,221.803,3.796924e-01,3.254282e-03,3.684082e-01,3.894043e-01,2000,0,7.593848e-03
2026-07-20T18:11:29.999,1784560290.000,221.903,3.777813e-01,3.197994e-03,3.640137e-01,3.876953e-01,2000,0,7.555625e-03
2026-07-20T18:11:30.099,1784560290.100,222.003,3.758081e-01,3.104091e-03,3.654785e-01,3.859863e-01,2000,0,7.516162e-03
2026-07-20T18:11:30.199,1784560290.200,222.103,3.738398e-01,3.235333e-03,3.613281e-01,3.874512e-01,2000,0,7.476797e-03
2026-07-20T18:11:30.299,1784560290.300,222.203,3.726937e-01,3.254992e-03,3.623047e-01,3.842773e-01,2000,0,7.453875e-03
2026-07-20T18:11:30.399,1784560290.400,222.303,3.708375e-01,3.544608e-03,3.579102e-01,3.808594e-01,2000,0,7.416750e-03
2026-07-20T18:11:30.499,1784560290.500,222.403,3.689412e-01,3.545679e-03,3.569336e-01,3.803711e-01,2000,0,7.378823e-03
2026-07-20T18:11:30.600,1784560290.601,222.503,3.669540e-01,3.358745e-03,3.569336e-01,3.798828e-01,2000,0,7.339080e-03
2026-07-20T18:11:30.700,1784560290.700,222.603,3.653385e-01,3.737366e-03,3.535156e-01,3.784180e-01,2000,0,7.306770e-03
2026-07-20T18:11:30.800,1784560290.800,222.703,3.631896e-01,3.357981e-03,3.535156e-01,3.757324e-01,2000,0,7.263792e-03
2026-07-20T18:11:30.900,1784560290.900,222.803,3.614485e-01,3.519285e-03,3.500977e-01,3.747559e-01,2000,0,7.228970e-03
2026-07-20T18:11:31.000,1784560291.001,222.903,3.583403e-01,3.872946e-03,3.415527e-01,3.720703e-01,2000,0,7.166807e-03
2026-07-20T18:11:31.100,1784560291.101,223.003,3.562101e-01,3.798032e-03,3.439941e-01,3.691406e-01,2000,0,7.124202e-03
2026-07-20T18:11:31.199,1784560291.200,223.103,3.544008e-01,3.544542e-03,3.444824e-01,3.681641e-01,2000,0,7.088015e-03
2026-07-20T18:11:31.299,1784560291.300,223.203,3.508927e-01,3.565379e-03,3.356934e-01,3.647461e-01,2000,0,7.017854e-03
2026-07-20T18:11:31.399,1784560291.400,223.303,3.483141e-01,3.776763e-03,3.354492e-01,3.627930e-01,2000,0,6.966282e-03
2026-07-20T18:11:31.499,1784560291.500,223.403,3.467584e-01,3.836493e-03,3.349609e-01,3.618164e-01,2000,0,6.935168e-03
2026-07-20T18:11:31.599,1784560291.600,223.503,3.432670e-01,3.969287e-03,3.298340e-01,3.588867e-01,2000,0,6.865339e-03
2026-07-20T18:11:31.699,1784560291.700,223.603,3.416628e-01,4.114582e-03,3.298340e-01,3.566895e-01,2000,0,6.833257e-03
2026-07-20T18:11:31.799,1784560291.800,223.703,3.393517e-01,4.099777e-03,3.281250e-01,3.542480e-01,2000,0,6.787034e-03
2026-07-20T18:11:31.899,1784560291.900,223.803,3.368639e-01,4.160985e-03,3.237305e-01,3.513184e-01,2000,0,6.737278e-03
2026-07-20T18:11:31.999,1784560292.000,223.903,3.341331e-01,4.019055e-03,3.188477e-01,3.491211e-01,2000,0,6.682661e-03
2026-07-20T18:11:32.099,1784560292.100,224.003,3.320239e-01,3.956217e-03,3.190918e-01,3.471680e-01,2000,0,6.640479e-03
2026-07-20T18:11:32.199,1784560292.200,224.103,3.290338e-01,3.929477e-03,3.183594e-01,3.449707e-01,2000,0,6.580676e-03
2026-07-20T18:11:32.299,1784560292.300,224.203,3.257832e-01,4.096593e-03,3.137207e-01,3.461914e-01,2000,0,6.515664e-03
2026-07-20T18:11:32.399,1784560292.400,224.303,3.236884e-01,3.907041e-03,3.134766e-01,3.383789e-01,2000,0,6.473767e-03
2026-07-20T18:11:32.499,1784560292.500,224.403,3.202719e-01,4.004954e-03,3.051758e-01,3.361816e-01,2000,0,6.405437e-03
2026-07-20T18:11:32.599,1784560292.600,224.503,3.173950e-01,4.013188e-03,3.061523e-01,3.315430e-01,2000,0,6.347900e-03
2026-07-20T18:11:32.700,1784560292.700,224.603,3.146611e-01,3.888533e-03,3.002930e-01,3.337402e-01,2000,0,6.293223e-03
2026-07-20T18:11:32.800,1784560292.800,224.703,3.113483e-01,3.946658e-03,3.000488e-01,3.242188e-01,2000,0,6.226965e-03
2026-07-20T18:11:32.900,1784560292.900,224.803,3.084979e-01,3.763113e-03,2.980957e-01,3.239746e-01,2000,0,6.169958e-03
2026-07-20T18:11:33.000,1784560293.000,224.903,3.061086e-01,3.989021e-03,2.875977e-01,3.203125e-01,2000,0,6.122173e-03
2026-07-20T18:11:33.100,1784560293.100,225.003,3.027753e-01,3.835840e-03,2.927246e-01,3.181152e-01,2000,0,6.055505e-03
2026-07-20T18:11:33.199,1784560293.200,225.103,2.991298e-01,4.028047e-03,2.854004e-01,3.132324e-01,2000,0,5.982595e-03
2026-07-20T18:11:33.299,1784560293.300,225.203,2.961620e-01,3.938225e-03,2.834473e-01,3.088379e-01,2000,0,5.923240e-03
2026-07-20T18:11:33.399,1784560293.400,225.303,2.933223e-01,3.923859e-03,2.817383e-01,3.090820e-01,2000,0,5.866445e-03
2026-07-20T18:11:33.499,1784560293.500,225.403,2.900344e-01,3.859172e-03,2.788086e-01,3.037109e-01,2000,0,5.800688e-03
2026-07-20T18:11:33.599,1784560293.600,225.504,2.880222e-01,3.830790e-03,2.714844e-01,3.029785e-01,2000,0,5.760444e-03
2026-07-20T18:11:33.699,1784560293.700,225.603,2.847635e-01,3.773416e-03,2.717285e-01,2.971191e-01,2000,0,5.695271e-03
2026-07-20T18:11:33.799,1784560293.800,225.703,2.825381e-01,3.901607e-03,2.687988e-01,2.944336e-01,2000,0,5.650762e-03
2026-07-20T18:11:33.899,1784560293.900,225.803,2.817683e-01,3.893349e-03,2.702637e-01,2.941895e-01,2000,0,5.635366e-03
2026-07-20T18:11:33.999,1784560294.000,225.903,2.786285e-01,4.036639e-03,2.663574e-01,2.937012e-01,2000,0,5.572571e-03
2026-07-20T18:11:34.099,1784560294.100,226.003,2.755919e-01,3.997781e-03,2.624512e-01,2.871094e-01,2000,0,5.511838e-03
2026-07-20T18:11:34.199,1784560294.200,226.103,2.746021e-01,4.096845e-03,2.575684e-01,2.861328e-01,2000,0,5.492041e-03
2026-07-20T18:11:34.299,1784560294.300,226.203,2.715901e-01,4.065711e-03,2.587891e-01,2.888184e-01,2000,0,5.431802e-03
2026-07-20T18:11:34.399,1784560294.400,226.303,2.690800e-01,3.846354e-03,2.587891e-01,2.817383e-01,2000,0,5.381599e-03
2026-07-20T18:11:34.499,1784560294.500,226.403,2.679882e-01,4.083180e-03,2.514648e-01,2.814941e-01,2000,0,5.359763e-03
2026-07-20T18:11:34.599,1784560294.600,226.503,2.654550e-01,3.949426e-03,2.546387e-01,2.807617e-01,2000,0,5.309099e-03
2026-07-20T18:11:34.699,1784560294.700,226.603,2.629576e-01,3.926089e-03,2.500000e-01,2.744141e-01,2000,0,5.259153e-03
2026-07-20T18:11:34.799,1784560294.800,226.703,2.616331e-01,3.882686e-03,2.495117e-01,2.729492e-01,2000,0,5.232661e-03
2026-07-20T18:11:34.899,1784560294.900,226.803,2.587716e-01,3.978312e-03,2.431641e-01,2.746582e-01,2000,0,5.175432e-03
2026-07-20T18:11:34.999,1784560295.000,226.903,2.566222e-01,3.780358e-03,2.438965e-01,2.749023e-01,2000,0,5.132444e-03
2026-07-20T18:11:35.099,1784560295.100,227.003,2.547977e-01,4.004316e-03,2.416992e-01,2.685547e-01,2000,0,5.095955e-03
2026-07-20T18:11:35.199,1784560295.200,227.103,2.521729e-01,3.827320e-03,2.377930e-01,2.639160e-01,2000,0,5.043457e-03
2026-07-20T18:11:35.299,1784560295.300,227.203,2.496736e-01,3.633961e-03,2.377930e-01,2.631836e-01,2000,0,4.993472e-03
2026-07-20T18:11:35.399,1784560295.400,227.303,2.479130e-01,3.990080e-03,2.336426e-01,2.600098e-01,2000,0,4.958259e-03
2026-07-20T18:11:35.499,1784560295.500,227.403,2.450874e-01,3.688416e-03,2.299805e-01,2.558594e-01,2000,0,4.901748e-03
2026-07-20T18:11:35.599,1784560295.600,227.503,2.422712e-01,3.693932e-03,2.287598e-01,2.551270e-01,2000,0,4.845425e-03
2026-07-20T18:11:35.699,1784560295.700,227.603,2.397172e-01,3.688774e-03,2.238770e-01,2.546387e-01,2000,0,4.794343e-03
2026-07-20T18:11:35.799,1784560295.800,227.703,2.377755e-01,3.611766e-03,2.248535e-01,2.512207e-01,2000,0,4.755510e-03
2026-07-20T18:11:35.899,1784560295.900,227.803,2.343862e-01,3.631364e-03,2.216797e-01,2.465820e-01,2000,0,4.687725e-03
2026-07-20T18:11:35.999,1784560296.000,227.903,2.320430e-01,3.664390e-03,2.209473e-01,2.446289e-01,2000,0,4.640859e-03
2026-07-20T18:11:36.099,1784560296.100,228.003,2.288176e-01,3.768513e-03,2.077637e-01,2.395020e-01,2000,0,4.576353e-03
2026-07-20T18:11:36.199,1784560296.200,228.103,2.256646e-01,3.704807e-03,2.109375e-01,2.365723e-01,2000,0,4.513291e-03
2026-07-20T18:11:36.299,1784560296.300,228.203,2.228538e-01,3.571123e-03,2.102051e-01,2.338867e-01,2000,0,4.457075e-03
2026-07-20T18:11:36.399,1784560296.400,228.303,2.205558e-01,3.653532e-03,2.058105e-01,2.316895e-01,2000,0,4.411116e-03
2026-07-20T18:11:36.499,1784560296.500,228.403,2.174640e-01,3.820984e-03,2.045898e-01,2.336426e-01,2000,0,4.349280e-03
2026-07-20T18:11:36.599,1784560296.600,228.503,2.148596e-01,3.897067e-03,2.019043e-01,2.277832e-01,2000,0,4.297192e-03
2026-07-20T18:11:36.699,1784560296.700,228.603,2.121069e-01,3.812879e-03,1.999512e-01,2.260742e-01,2000,0,4.242139e-03
2026-07-20T18:11:36.799,1784560296.800,228.703,2.091510e-01,3.682161e-03,1.972656e-01,2.199707e-01,2000,0,4.183020e-03
2026-07-20T18:11:36.899,1784560296.900,228.803,2.065835e-01,3.736296e-03,1.940918e-01,2.211914e-01,2000,0,4.131670e-03
2026-07-20T18:11:36.999,1784560297.000,228.903,2.045551e-01,3.716164e-03,1.921387e-01,2.177734e-01,2000,0,4.091101e-03
2026-07-20T18:11:37.099,1784560297.100,229.003,2.017432e-01,3.759475e-03,1.872559e-01,2.155762e-01,2000,0,4.034863e-03
2026-07-20T18:11:37.199,1784560297.200,229.103,1.996556e-01,3.738200e-03,1.887207e-01,2.116699e-01,2000,0,3.993113e-03
2026-07-20T18:11:37.299,1784560297.300,229.203,1.972826e-01,3.734463e-03,1.848145e-01,2.111816e-01,2000,0,3.945652e-03
2026-07-20T18:11:37.399,1784560297.400,229.303,1.946864e-01,3.685673e-03,1.826172e-01,2.075195e-01,2000,0,3.893728e-03
2026-07-20T18:11:37.499,1784560297.500,229.403,1.931150e-01,3.560253e-03,1.821289e-01,2.043457e-01,2000,0,3.862300e-03
2026-07-20T18:11:37.599,1784560297.600,229.503,1.914277e-01,3.645145e-03,1.796875e-01,2.031250e-01,2000,0,3.828555e-03
2026-07-20T18:11:37.699,1784560297.700,229.603,1.894824e-01,3.618528e-03,1.772461e-01,2.014160e-01,2000,0,3.789648e-03
2026-07-20T18:11:37.800,1784560297.801,229.703,1.876002e-01,3.748358e-03,1.767578e-01,1.994629e-01,2000,0,3.752004e-03
2026-07-20T18:11:37.900,1784560297.901,229.803,1.863949e-01,3.495027e-03,1.735840e-01,1.970215e-01,2000,0,3.727898e-03
2026-07-20T18:11:38.000,1784560298.001,229.903,1.844987e-01,3.600576e-03,1.730957e-01,1.960449e-01,2000,0,3.689973e-03
2026-07-20T18:11:38.100,1784560298.101,230.003,1.835406e-01,3.517440e-03,1.718750e-01,1.933594e-01,2000,0,3.670813e-03
2026-07-20T18:11:38.200,1784560298.200,230.103,1.812985e-01,3.557400e-03,1.696777e-01,1.928711e-01,2000,0,3.625969e-03
2026-07-20T18:11:38.300,1784560298.301,230.203,1.806001e-01,3.455744e-03,1.694336e-01,1.911621e-01,2000,0,3.612002e-03
2026-07-20T18:11:38.399,1784560298.400,230.303,1.802285e-01,3.378145e-03,1.667480e-01,1.914062e-01,2000,0,3.604570e-03
2026-07-20T18:11:38.499,1784560298.500,230.403,1.788047e-01,3.435238e-03,1.667480e-01,1.950684e-01,2000,0,3.576094e-03
2026-07-20T18:11:38.600,1784560298.600,230.503,1.780428e-01,3.401406e-03,1.657715e-01,1.884766e-01,2000,0,3.560857e-03
2026-07-20T18:11:38.699,1784560298.700,230.603,1.770790e-01,3.348466e-03,1.662598e-01,1.867676e-01,2000,0,3.541580e-03
2026-07-20T18:11:38.800,1784560298.801,230.703,1.753124e-01,3.235874e-03,1.640625e-01,1.862793e-01,2000,0,3.506248e-03
2026-07-20T18:11:38.900,1784560298.901,230.803,1.749023e-01,3.327378e-03,1.630859e-01,1.872559e-01,2000,0,3.498047e-03
2026-07-20T18:11:39.000,1784560299.000,230.903,1.735365e-01,3.228068e-03,1.623535e-01,1.833496e-01,2000,0,3.470730e-03
2026-07-20T18:11:39.100,1784560299.101,231.003,1.723412e-01,3.325580e-03,1.601562e-01,1.828613e-01,2000,0,3.446824e-03
2026-07-20T18:11:39.200,1784560299.201,231.103,1.714604e-01,3.285382e-03,1.586914e-01,1.867676e-01,2000,0,3.429209e-03
2026-07-20T18:11:39.300,1784560299.301,231.203,1.703547e-01,3.265452e-03,1.589355e-01,1.799316e-01,2000,0,3.407095e-03
2026-07-20T18:11:39.399,1784560299.400,231.303,1.683354e-01,3.456474e-03,1.572266e-01,1.791992e-01,2000,0,3.366709e-03
2026-07-20T18:11:39.500,1784560299.500,231.403,1.666257e-01,3.536139e-03,1.560059e-01,1.784668e-01,2000,0,3.332515e-03
2026-07-20T18:11:39.599,1784560299.600,231.503,1.655234e-01,3.448971e-03,1.533203e-01,1.765137e-01,2000,0,3.310469e-03
2026-07-20T18:11:39.699,1784560299.700,231.603,1.644611e-01,3.385566e-03,1.542969e-01,1.757812e-01,2000,0,3.289221e-03
2026-07-20T18:11:39.800,1784560299.800,231.703,1.629471e-01,3.366559e-03,1.535645e-01,1.745605e-01,2000,0,3.258943e-03
2026-07-20T18:11:39.899,1784560299.900,231.803,1.620151e-01,3.334241e-03,1.508789e-01,1.730957e-01,2000,0,3.240303e-03
2026-07-20T18:11:40.000,1784560300.000,231.903,1.608856e-01,3.431790e-03,1.489258e-01,1.733398e-01,2000,0,3.217712e-03
2026-07-20T18:11:40.100,1784560300.100,232.003,1.590203e-01,3.457307e-03,1.477051e-01,1.760254e-01,2000,0,3.180405e-03
2026-07-20T18:11:40.200,1784560300.201,232.103,1.578558e-01,3.413170e-03,1.455078e-01,1.704102e-01,2000,0,3.157117e-03
2026-07-20T18:11:40.300,1784560300.300,232.203,1.568905e-01,3.414119e-03,1.467285e-01,1.696777e-01,2000,0,3.137810e-03
2026-07-20T18:11:40.399,1784560300.400,232.303,1.547634e-01,3.363582e-03,1.435547e-01,1.662598e-01,2000,0,3.095269e-03
2026-07-20T18:11:40.500,1784560300.500,232.403,1.543706e-01,3.470395e-03,1.425781e-01,1.667480e-01,2000,0,3.087412e-03
2026-07-20T18:11:40.600,1784560300.600,232.503,1.529564e-01,3.502528e-03,1.416016e-01,1.679688e-01,2000,0,3.059128e-03
2026-07-20T18:11:40.700,1784560300.700,232.603,1.511771e-01,3.594331e-03,1.374512e-01,1.630859e-01,2000,0,3.023542e-03
2026-07-20T18:11:40.800,1784560300.800,232.703,1.502136e-01,3.621383e-03,1.381836e-01,1.655273e-01,2000,0,3.004272e-03
2026-07-20T18:11:40.900,1784560300.900,232.803,1.488903e-01,3.512872e-03,1.362305e-01,1.613770e-01,2000,0,2.977805e-03
2026-07-20T18:11:41.000,1784560301.000,232.903,1.470406e-01,3.584405e-03,1.357422e-01,1.701660e-01,2000,0,2.940813e-03
2026-07-20T18:11:41.100,1784560301.100,233.003,1.457366e-01,3.500614e-03,1.352539e-01,1.618652e-01,2000,0,2.914731e-03
2026-07-20T18:11:41.200,1784560301.200,233.103,1.436542e-01,3.556354e-03,1.254883e-01,1.562500e-01,2000,0,2.873083e-03
2026-07-20T18:11:41.300,1784560301.300,233.203,1.426235e-01,3.348292e-03,1.318359e-01,1.547852e-01,2000,0,2.852471e-03
2026-07-20T18:11:41.400,1784560301.400,233.303,1.412856e-01,3.496095e-03,1.284180e-01,1.562500e-01,2000,0,2.825713e-03
2026-07-20T18:11:41.500,1784560301.500,233.403,1.388816e-01,3.347542e-03,1.286621e-01,1.499023e-01,2000,0,2.777632e-03
2026-07-20T18:11:41.600,1784560301.600,233.503,1.377678e-01,3.400089e-03,1.264648e-01,1.491699e-01,2000,0,2.755356e-03
2026-07-20T18:11:41.700,1784560301.700,233.603,1.359445e-01,3.503100e-03,1.232910e-01,1.489258e-01,2000,0,2.718889e-03
2026-07-20T18:11:41.800,1784560301.800,233.703,1.332023e-01,3.456825e-03,1.228027e-01,1.457520e-01,2000,0,2.664045e-03
2026-07-20T18:11:41.900,1784560301.900,233.803,1.321926e-01,3.387899e-03,1.203613e-01,1.428223e-01,2000,0,2.643853e-03
2026-07-20T18:11:42.000,1784560302.000,233.903,1.298444e-01,3.296067e-03,1.179199e-01,1.428223e-01,2000,0,2.596887e-03
2026-07-20T18:11:42.100,1784560302.100,234.003,1.285383e-01,3.307028e-03,1.184082e-01,1.413574e-01,2000,0,2.570767e-03
2026-07-20T18:11:42.200,1784560302.200,234.103,1.267880e-01,3.256015e-03,1.127930e-01,1.413574e-01,2000,0,2.535759e-03
2026-07-20T18:11:42.299,1784560302.300,234.203,1.246346e-01,3.094871e-03,1.140137e-01,1.337891e-01,2000,0,2.492693e-03
2026-07-20T18:11:42.399,1784560302.400,234.303,1.230902e-01,3.322950e-03,1.108398e-01,1.364746e-01,2000,0,2.461804e-03
2026-07-20T18:11:42.500,1784560302.500,234.403,1.220609e-01,3.211503e-03,1.120605e-01,1.335449e-01,2000,0,2.441218e-03
2026-07-20T18:11:42.600,1784560302.600,234.503,1.210563e-01,3.271712e-03,1.096191e-01,1.298828e-01,2000,0,2.421125e-03
2026-07-20T18:11:42.700,1784560302.700,234.603,1.200363e-01,3.165588e-03,1.076660e-01,1.303711e-01,2000,0,2.400725e-03
2026-07-20T18:11:42.800,1784560302.800,234.703,1.186924e-01,3.278756e-03,1.081543e-01,1.286621e-01,2000,0,2.373848e-03
2026-07-20T18:11:42.900,1784560302.900,234.803,1.177050e-01,3.200620e-03,1.079102e-01,1.276855e-01,2000,0,2.354099e-03
2026-07-20T18:11:42.999,1784560303.000,234.903,1.164097e-01,3.266136e-03,1.032715e-01,1.313477e-01,2000,0,2.328193e-03
2026-07-20T18:11:43.100,1784560303.100,235.003,1.152668e-01,3.164568e-03,1.042480e-01,1.262207e-01,2000,0,2.305337e-03
2026-07-20T18:11:43.199,1784560303.200,235.103,1.137917e-01,3.099035e-03,1.035156e-01,1.252441e-01,2000,0,2.275835e-03
2026-07-20T18:11:43.300,1784560303.300,235.203,1.126852e-01,3.316384e-03,1.015625e-01,1.240234e-01,2000,0,2.253704e-03
2026-07-20T18:11:43.400,1784560303.400,235.303,1.118563e-01,3.231160e-03,1.008301e-01,1.223145e-01,2000,0,2.237126e-03
2026-07-20T18:11:43.500,1784560303.500,235.403,1.106228e-01,3.218489e-03,9.985352e-02,1.220703e-01,2000,0,2.212456e-03
2026-07-20T18:11:43.600,1784560303.600,235.503,1.091123e-01,3.246448e-03,9.667969e-02,1.237793e-01,2000,0,2.182246e-03
2026-07-20T18:11:43.700,1784560303.700,235.603,1.078992e-01,3.354078e-03,9.692383e-02,1.188965e-01,2000,0,2.157983e-03
2026-07-20T18:11:43.800,1784560303.800,235.703,1.072727e-01,3.321207e-03,9.448242e-02,1.184082e-01,2000,0,2.145454e-03
2026-07-20T18:11:43.900,1784560303.900,235.803,1.055452e-01,3.314509e-03,9.399414e-02,1.176758e-01,2000,0,2.110903e-03
2026-07-20T18:11:44.000,1784560304.000,235.903,1.045522e-01,3.383260e-03,9.252930e-02,1.149902e-01,2000,0,2.091045e-03
2026-07-20T18:11:44.100,1784560304.100,236.003,1.037867e-01,3.273727e-03,8.959961e-02,1.149902e-01,2000,0,2.075735e-03
2026-07-20T18:11:44.199,1784560304.200,236.103,1.019961e-01,3.332487e-03,9.204102e-02,1.130371e-01,2000,0,2.039922e-03
2026-07-20T18:11:44.300,1784560304.300,236.203,1.010724e-01,3.328653e-03,8.862305e-02,1.176758e-01,2000,0,2.021448e-03
2026-07-20T18:11:44.400,1784560304.400,236.303,1.007996e-01,3.321958e-03,9.008789e-02,1.120605e-01,2000,0,2.015991e-03
2026-07-20T18:11:44.500,1784560304.500,236.403,9.915967e-02,3.286237e-03,8.691406e-02,1.088867e-01,2000,0,1.983193e-03
2026-07-20T18:11:44.600,1784560304.601,236.503,9.819153e-02,3.092140e-03,8.789062e-02,1.088867e-01,2000,0,1.963831e-03
2026-07-20T18:11:44.700,1784560304.700,236.603,9.686365e-02,3.107314e-03,8.666992e-02,1.076660e-01,2000,0,1.937273e-03
2026-07-20T18:11:44.800,1784560304.801,236.703,9.585962e-02,3.150882e-03,8.520508e-02,1.079102e-01,2000,0,1.917192e-03
2026-07-20T18:11:44.900,1784560304.901,236.803,9.451282e-02,3.064057e-03,8.398438e-02,1.042480e-01,2000,0,1.890256e-03
2026-07-20T18:11:45.000,1784560305.001,236.903,9.430029e-02,3.137853e-03,8.447266e-02,1.130371e-01,2000,0,1.886006e-03
2026-07-20T18:11:45.100,1784560305.100,237.003,9.266125e-02,2.946711e-03,8.276367e-02,1.040039e-01,2000,0,1.853225e-03
2026-07-20T18:11:45.200,1784560305.200,237.103,9.159875e-02,2.959604e-03,7.617188e-02,1.052246e-01,2000,0,1.831975e-03
2026-07-20T18:11:45.299,1784560305.300,237.203,9.038123e-02,3.066118e-03,8.056641e-02,1.005859e-01,2000,0,1.807625e-03
2026-07-20T18:11:45.400,1784560305.400,237.303,8.794531e-02,2.870037e-03,7.812500e-02,9.716797e-02,2000,0,1.758906e-03
2026-07-20T18:11:45.500,1784560305.500,237.403,8.817371e-02,2.773754e-03,7.983398e-02,1.008301e-01,2000,0,1.763474e-03
2026-07-20T18:11:45.600,1784560305.601,237.503,8.688354e-02,2.746244e-03,7.812500e-02,9.545898e-02,2000,0,1.737671e-03
2026-07-20T18:11:45.700,1784560305.701,237.603,8.505469e-02,2.703515e-03,7.177734e-02,9.545898e-02,2000,0,1.701094e-03
2026-07-20T18:11:45.800,1784560305.801,237.703,8.384253e-02,2.576111e-03,7.446289e-02,9.619141e-02,2000,0,1.676851e-03
2026-07-20T18:11:45.900,1784560305.901,237.803,8.284167e-02,2.624000e-03,7.275391e-02,9.301758e-02,2000,0,1.656833e-03
2026-07-20T18:11:46.000,1784560306.001,237.903,8.112634e-02,2.568951e-03,7.250977e-02,9.130859e-02,2000,0,1.622527e-03
2026-07-20T18:11:46.100,1784560306.100,238.003,8.029785e-02,2.448488e-03,7.177734e-02,9.228516e-02,2000,0,1.605957e-03
2026-07-20T18:11:46.201,1784560306.201,238.103,7.821411e-02,2.340171e-03,6.835938e-02,8.691406e-02,2000,0,1.564282e-03
2026-07-20T18:11:46.300,1784560306.300,238.203,7.656030e-02,2.467919e-03,6.347656e-02,8.618164e-02,2000,0,1.531206e-03
2026-07-20T18:11:46.400,1784560306.400,238.303,7.606458e-02,2.420890e-03,6.738281e-02,8.496094e-02,2000,0,1.521292e-03
2026-07-20T18:11:46.500,1784560306.500,238.403,7.484546e-02,2.445450e-03,6.445312e-02,8.496094e-02,2000,0,1.496909e-03
2026-07-20T18:11:46.600,1784560306.600,238.503,7.315820e-02,2.592512e-03,6.152344e-02,8.276367e-02,2000,0,1.463164e-03
2026-07-20T18:11:46.700,1784560306.700,238.603,7.245544e-02,2.489061e-03,6.372070e-02,8.154297e-02,2000,0,1.449109e-03
2026-07-20T18:11:46.800,1784560306.800,238.703,7.087012e-02,2.460658e-03,6.298828e-02,7.958984e-02,2000,0,1.417402e-03
2026-07-20T18:11:46.900,1784560306.900,238.803,6.965552e-02,2.508876e-03,6.127930e-02,7.812500e-02,2000,0,1.393110e-03
2026-07-20T18:11:47.000,1784560307.000,238.903,6.894690e-02,2.501188e-03,5.468750e-02,7.788086e-02,2000,0,1.378938e-03
2026-07-20T18:11:47.100,1784560307.100,239.003,6.863379e-02,2.587045e-03,5.908203e-02,8.007812e-02,2000,0,1.372676e-03
2026-07-20T18:11:47.200,1784560307.200,239.103,6.694995e-02,2.599788e-03,5.468750e-02,7.812500e-02,2000,0,1.338999e-03
2026-07-20T18:11:47.300,1784560307.300,239.203,6.602661e-02,2.640976e-03,5.712891e-02,7.592773e-02,2000,0,1.320532e-03
2026-07-20T18:11:47.400,1784560307.400,239.303,6.568689e-02,2.850415e-03,5.688477e-02,7.666016e-02,2000,0,1.313738e-03
2026-07-20T18:11:47.500,1784560307.500,239.403,6.445679e-02,2.821845e-03,5.297852e-02,7.592773e-02,2000,0,1.289136e-03
2026-07-20T18:11:47.600,1784560307.600,239.503,6.380713e-02,3.050348e-03,5.249023e-02,7.543945e-02,2000,0,1.276143e-03
2026-07-20T18:11:47.700,1784560307.700,239.603,6.345154e-02,2.990558e-03,5.249023e-02,7.519531e-02,2000,0,1.269031e-03
2026-07-20T18:11:47.800,1784560307.800,239.703,6.246899e-02,3.027224e-03,5.322266e-02,7.666016e-02,2000,0,1.249380e-03
2026-07-20T18:11:47.899,1784560307.900,239.803,6.111731e-02,3.031213e-03,5.078125e-02,7.373047e-02,2000,0,1.222346e-03
2026-07-20T18:11:48.000,1784560308.000,239.903,6.161133e-02,3.250386e-03,4.907227e-02,7.275391e-02,2000,0,1.232227e-03
2026-07-20T18:11:48.100,1784560308.100,240.003,6.018201e-02,3.254478e-03,4.858398e-02,8.081055e-02,2000,0,1.203640e-03
2026-07-20T18:11:48.200,1784560308.200,240.103,5.926685e-02,3.188031e-03,4.858398e-02,7.055664e-02,2000,0,1.185337e-03
2026-07-20T18:11:48.300,1784560308.300,240.203,5.857031e-02,3.390794e-03,4.418945e-02,7.104492e-02,2000,0,1.171406e-03
2026-07-20T18:11:48.400,1784560308.400,240.303,5.847839e-02,3.341466e-03,4.711914e-02,6.835938e-02,2000,0,1.169568e-03
2026-07-20T18:11:48.500,1784560308.500,240.403,5.796008e-02,3.414984e-03,4.785156e-02,6.909180e-02,2000,0,1.159202e-03
2026-07-20T18:11:48.601,1784560308.602,240.504,5.635706e-02,3.366171e-03,4.687500e-02,6.884766e-02,2000,0,1.127141e-03
2026-07-20T18:11:48.700,1784560308.700,240.603,5.633008e-02,3.313295e-03,4.589844e-02,6.542969e-02,2000,0,1.126602e-03
2026-07-20T18:11:48.800,1784560308.800,240.703,5.535510e-02,3.396452e-03,4.541016e-02,6.713867e-02,2000,0,1.107102e-03
2026-07-20T18:11:48.900,1784560308.900,240.803,5.534009e-02,3.306876e-03,4.638672e-02,6.689453e-02,2000,0,1.106802e-03
2026-07-20T18:11:49.000,1784560309.000,240.903,5.412769e-02,3.358768e-03,4.370117e-02,6.542969e-02,2000,0,1.082554e-03
2026-07-20T18:11:49.100,1784560309.100,241.003,5.402539e-02,3.105446e-03,4.443359e-02,6.396484e-02,2000,0,1.080508e-03
2026-07-20T18:11:49.200,1784560309.200,241.103,5.353149e-02,3.278744e-03,4.394531e-02,7.495117e-02,2000,0,1.070630e-03
2026-07-20T18:11:49.300,1784560309.300,241.203,5.304321e-02,3.146420e-03,4.394531e-02,6.274414e-02,2000,0,1.060864e-03
2026-07-20T18:11:49.400,1784560309.400,241.303,5.282202e-02,3.246860e-03,3.759766e-02,6.396484e-02,2000,0,1.056440e-03
2026-07-20T18:11:49.500,1784560309.500,241.403,5.236621e-02,3.081389e-03,4.199219e-02,6.225586e-02,2000,0,1.047324e-03
2026-07-20T18:11:49.600,1784560309.600,241.503,5.292944e-02,3.186756e-03,4.199219e-02,6.542969e-02,2000,0,1.058589e-03
2026-07-20T18:11:49.700,1784560309.700,241.603,5.230701e-02,3.157232e-03,4.101562e-02,6.127930e-02,2000,0,1.046140e-03
2026-07-20T18:11:49.800,1784560309.800,241.703,5.129016e-02,3.263872e-03,3.979492e-02,6.201172e-02,2000,0,1.025803e-03
2026-07-20T18:11:49.900,1784560309.900,241.803,5.118896e-02,2.940543e-03,4.150391e-02,5.957031e-02,2000,0,1.023779e-03
2026-07-20T18:11:50.000,1784560310.000,241.903,5.134131e-02,3.083589e-03,3.857422e-02,6.250000e-02,2000,0,1.026826e-03
2026-07-20T18:11:50.100,1784560310.100,242.003,5.172131e-02,2.976315e-03,4.028320e-02,6.396484e-02,2000,0,1.034426e-03
2026-07-20T18:11:50.200,1784560310.200,242.103,5.208154e-02,3.065144e-03,4.125977e-02,6.298828e-02,2000,0,1.041631e-03
2026-07-20T18:11:50.300,1784560310.300,242.203,5.153955e-02,3.084741e-03,4.077148e-02,6.347656e-02,2000,0,1.030791e-03
2026-07-20T18:11:50.400,1784560310.400,242.303,5.152661e-02,2.933095e-03,4.003906e-02,6.005859e-02,2000,0,1.030532e-03
2026-07-20T18:11:50.500,1784560310.500,242.403,5.124048e-02,2.961767e-03,4.101562e-02,6.127930e-02,2000,0,1.024810e-03
2026-07-20T18:11:50.600,1784560310.600,242.503,5.134033e-02,3.058039e-03,4.077148e-02,6.323242e-02,2000,0,1.026807e-03
2026-07-20T18:11:50.700,1784560310.700,242.603,5.096460e-02,2.935825e-03,4.272461e-02,6.250000e-02,2000,0,1.019292e-03
2026-07-20T18:11:50.800,1784560310.800,242.703,5.106128e-02,2.824153e-03,4.101562e-02,6.298828e-02,2000,0,1.021226e-03
2026-07-20T18:11:50.900,1784560310.900,242.803,5.122656e-02,2.922518e-03,4.125977e-02,6.030273e-02,2000,0,1.024531e-03
2026-07-20T18:11:51.000,1784560311.000,242.903,5.122144e-02,3.043183e-03,3.735352e-02,6.127930e-02,2000,0,1.024429e-03
2026-07-20T18:11:51.100,1784560311.100,243.003,5.132422e-02,2.978684e-03,4.028320e-02,6.201172e-02,2000,0,1.026484e-03
2026-07-20T18:11:51.200,1784560311.200,243.103,5.107092e-02,3.012766e-03,4.077148e-02,6.469727e-02,2000,0,1.021418e-03
2026-07-20T18:11:51.300,1784560311.300,243.203,5.068872e-02,2.971407e-03,4.077148e-02,6.201172e-02,2000,0,1.013774e-03
2026-07-20T18:11:51.400,1784560311.400,243.303,5.186267e-02,3.161296e-03,3.979492e-02,6.225586e-02,2000,0,1.037253e-03
2026-07-20T18:11:51.500,1784560311.500,243.403,5.153162e-02,3.174993e-03,4.052734e-02,6.127930e-02,2000,0,1.030632e-03
2026-07-20T18:11:51.600,1784560311.600,243.503,5.188708e-02,3.180827e-03,4.150391e-02,6.176758e-02,2000,0,1.037742e-03
2026-07-20T18:11:51.700,1784560311.700,243.603,5.193750e-02,3.324334e-03,3.979492e-02,6.567383e-02,2000,0,1.038750e-03
2026-07-20T18:11:51.800,1784560311.800,243.703,5.231384e-02,3.395912e-03,3.857422e-02,6.567383e-02,2000,0,1.046277e-03
2026-07-20T18:11:51.900,1784560311.900,243.803,5.289136e-02,3.412921e-03,4.101562e-02,6.347656e-02,2000,0,1.057827e-03
2026-07-20T18:11:52.000,1784560312.000,243.903,5.259766e-02,3.336201e-03,4.077148e-02,6.298828e-02,2000,0,1.051953e-03
2026-07-20T18:11:52.100,1784560312.100,244.003,5.253137e-02,3.267858e-03,4.125977e-02,6.225586e-02,2000,0,1.050627e-03
2026-07-20T18:11:52.200,1784560312.200,244.103,5.281787e-02,3.484179e-03,3.637695e-02,6.323242e-02,2000,0,1.056357e-03
2026-07-20T18:11:52.300,1784560312.300,244.203,5.240833e-02,3.453273e-03,4.052734e-02,6.274414e-02,2000,0,1.048167e-03
2026-07-20T18:11:52.400,1784560312.400,244.303,5.184143e-02,3.386339e-03,4.101562e-02,6.127930e-02,2000,0,1.036829e-03
2026-07-20T18:11:52.500,1784560312.500,244.403,5.168640e-02,3.419346e-03,4.052734e-02,6.640625e-02,2000,0,1.033728e-03
2026-07-20T18:11:52.600,1784560312.600,244.503,5.135400e-02,3.616952e-03,3.881836e-02,6.225586e-02,2000,0,1.027080e-03
2026-07-20T18:11:52.700,1784560312.700,244.603,5.176318e-02,3.608259e-03,3.979492e-02,6.201172e-02,2000,0,1.035264e-03
2026-07-20T18:11:52.800,1784560312.800,244.703,5.166394e-02,3.448080e-03,4.028320e-02,6.127930e-02,2000,0,1.033279e-03
2026-07-20T18:11:52.900,1784560312.900,244.803,5.126636e-02,3.666638e-03,3.833008e-02,6.274414e-02,2000,0,1.025327e-03
2026-07-20T18:11:53.000,1784560313.000,244.903,5.046777e-02,3.545964e-03,3.735352e-02,6.396484e-02,2000,0,1.009355e-03
2026-07-20T18:11:53.100,1784560313.100,245.003,5.055786e-02,3.673637e-03,3.881836e-02,6.250000e-02,2000,0,1.011157e-03
2026-07-20T18:11:53.200,1784560313.200,245.103,4.942932e-02,3.744703e-03,3.393555e-02,6.250000e-02,2000,0,9.885864e-04
2026-07-20T18:11:53.300,1784560313.301,245.203,4.888623e-02,3.441555e-03,3.833008e-02,5.957031e-02,2000,0,9.777246e-04
2026-07-20T18:11:53.400,1784560313.401,245.303,4.855322e-02,3.676154e-03,3.686523e-02,5.981445e-02,2000,0,9.710645e-04
2026-07-20T18:11:53.500,1784560313.501,245.403,4.773047e-02,3.614757e-03,3.564453e-02,5.932617e-02,2000,0,9.546094e-04
2026-07-20T18:11:53.600,1784560313.600,245.503,4.728894e-02,3.597765e-03,3.515625e-02,6.152344e-02,2000,0,9.457788e-04
2026-07-20T18:11:53.700,1784560313.701,245.603,4.742871e-02,3.604240e-03,3.686523e-02,6.030273e-02,2000,0,9.485742e-04
2026-07-20T18:11:53.800,1784560313.800,245.703,4.655981e-02,3.932993e-03,3.198242e-02,6.152344e-02,2000,0,9.311963e-04
2026-07-20T18:11:53.900,1784560313.900,245.803,4.593225e-02,3.821969e-03,3.393555e-02,6.420898e-02,2000,0,9.186450e-04
2026-07-20T18:11:54.000,1784560314.000,245.903,4.624829e-02,3.865661e-03,3.369141e-02,6.005859e-02,2000,0,9.249658e-04
2026-07-20T18:11:54.100,1784560314.100,246.003,4.579053e-02,3.811665e-03,2.636719e-02,5.810547e-02,2000,0,9.158105e-04
2026-07-20T18:11:54.200,1784560314.200,246.103,4.514160e-02,3.763101e-03,3.198242e-02,5.761719e-02,2000,0,9.028320e-04
2026-07-20T18:11:54.300,1784560314.300,246.203,4.474402e-02,3.530435e-03,3.466797e-02,5.639648e-02,2000,0,8.948804e-04
2026-07-20T18:11:54.400,1784560314.400,246.303,4.573303e-02,3.962068e-03,3.320312e-02,5.883789e-02,2000,0,9.146606e-04
2026-07-20T18:11:54.500,1784560314.500,246.403,4.515527e-02,4.019871e-03,3.173828e-02,5.859375e-02,2000,0,9.031055e-04
2026-07-20T18:11:54.600,1784560314.600,246.503,4.516675e-02,3.865217e-03,3.344727e-02,5.639648e-02,2000,0,9.033350e-04
2026-07-20T18:11:54.700,1784560314.700,246.603,4.467566e-02,3.887578e-03,3.466797e-02,5.786133e-02,2000,0,8.935132e-04
2026-07-20T18:11:54.800,1784560314.800,246.703,4.471387e-02,3.895157e-03,3.222656e-02,5.932617e-02,2000,0,8.942773e-04
2026-07-20T18:11:54.900,1784560314.900,246.803,4.445337e-02,3.812179e-03,3.198242e-02,5.664062e-02,2000,0,8.890674e-04
2026-07-20T18:11:55.000,1784560315.000,246.903,4.394702e-02,3.817948e-03,3.027344e-02,5.810547e-02,2000,0,8.789404e-04
2026-07-20T18:11:55.100,1784560315.100,247.003,4.415735e-02,3.876729e-03,3.173828e-02,5.834961e-02,2000,0,8.831470e-04
2026-07-20T18:11:55.200,1784560315.200,247.103,4.395154e-02,3.787280e-03,2.978516e-02,5.493164e-02,2000,0,8.790308e-04
2026-07-20T18:11:55.300,1784560315.300,247.203,4.368640e-02,4.001038e-03,3.271484e-02,5.664062e-02,2000,0,8.737280e-04
2026-07-20T18:11:55.400,1784560315.400,247.303,4.306921e-02,3.764306e-03,3.173828e-02,5.590820e-02,2000,0,8.613843e-04
2026-07-20T18:11:55.500,1784560315.500,247.403,4.352344e-02,3.809791e-03,3.125000e-02,5.346680e-02,2000,0,8.704687e-04
2026-07-20T18:11:55.600,1784560315.600,247.503,4.335889e-02,3.749943e-03,2.783203e-02,5.468750e-02,2000,0,8.671777e-04
2026-07-20T18:11:55.700,1784560315.700,247.603,4.306995e-02,3.870693e-03,3.002930e-02,5.664062e-02,2000,0,8.613989e-04
2026-07-20T18:11:55.800,1784560315.800,247.703,4.300342e-02,3.849896e-03,3.051758e-02,5.493164e-02,2000,0,8.600684e-04
2026-07-20T18:11:55.900,1784560315.900,247.803,4.341272e-02,3.719125e-03,3.051758e-02,5.395508e-02,2000,0,8.682544e-04
2026-07-20T18:11:56.000,1784560316.000,247.903,4.329578e-02,3.708039e-03,2.856445e-02,5.566406e-02,2000,0,8.659155e-04
2026-07-20T18:11:56.100,1784560316.100,248.003,4.408875e-02,3.965789e-03,3.149414e-02,6.030273e-02,2000,0,8.817749e-04
2026-07-20T18:11:56.200,1784560316.200,248.103,4.354602e-02,3.925229e-03,2.978516e-02,5.810547e-02,2000,0,8.709204e-04
2026-07-20T18:11:56.300,1784560316.300,248.203,4.368494e-02,3.816419e-03,3.051758e-02,5.493164e-02,2000,0,8.736987e-04
2026-07-20T18:11:56.400,1784560316.400,248.303,4.358838e-02,3.856723e-03,2.905273e-02,5.664062e-02,2000,0,8.717676e-04
2026-07-20T18:11:56.500,1784560316.500,248.403,4.374792e-02,3.877825e-03,3.027344e-02,5.590820e-02,2000,0,8.749585e-04
2026-07-20T18:11:56.600,1784560316.600,248.503,4.437805e-02,3.896302e-03,2.905273e-02,5.615234e-02,2000,0,8.875610e-04
2026-07-20T18:11:56.700,1784560316.700,248.603,4.497583e-02,3.796054e-03,3.100586e-02,5.810547e-02,2000,0,8.995166e-04
2026-07-20T18:11:56.800,1784560316.800,248.703,4.435352e-02,4.047763e-03,3.125000e-02,5.859375e-02,2000,0,8.870703e-04
2026-07-20T18:11:56.900,1784560316.900,248.803,4.470618e-02,3.755871e-03,3.100586e-02,5.786133e-02,2000,0,8.941235e-04
2026-07-20T18:11:57.000,1784560317.000,248.903,4.529773e-02,3.930576e-03,2.905273e-02,5.786133e-02,2000,0,9.059546e-04
2026-07-20T18:11:57.100,1784560317.100,249.003,4.531213e-02,3.897178e-03,2.929688e-02,5.615234e-02,2000,0,9.062427e-04
2026-07-20T18:11:57.200,1784560317.200,249.103,4.518384e-02,3.958759e-03,3.051758e-02,5.639648e-02,2000,0,9.036768e-04
2026-07-20T18:11:57.300,1784560317.300,249.203,4.515894e-02,3.654575e-03,3.027344e-02,5.810547e-02,2000,0,9.031787e-04
2026-07-20T18:11:57.400,1784560317.400,249.303,4.516223e-02,3.591285e-03,3.369141e-02,5.541992e-02,2000,0,9.032446e-04
2026-07-20T18:11:57.500,1784560317.500,249.403,4.527515e-02,3.784945e-03,3.222656e-02,6.054688e-02,2000,0,9.055029e-04
2026-07-20T18:11:57.600,1784560317.600,249.503,4.511890e-02,3.645059e-03,3.076172e-02,5.664062e-02,2000,0,9.023779e-04
2026-07-20T18:11:57.701,1784560317.701,249.603,4.492957e-02,3.946996e-03,2.954102e-02,5.541992e-02,2000,0,8.985913e-04
2026-07-20T18:11:57.800,1784560317.800,249.703,4.530701e-02,3.708576e-03,3.247070e-02,5.590820e-02,2000,0,9.061401e-04
2026-07-20T18:11:57.900,1784560317.901,249.803,4.583398e-02,3.736981e-03,3.173828e-02,5.615234e-02,2000,0,9.166797e-04
2026-07-20T18:11:58.000,1784560318.000,249.903,4.584375e-02,3.449871e-03,3.417969e-02,5.957031e-02,2000,0,9.168750e-04
2026-07-20T18:11:58.101,1784560318.101,250.003,4.578882e-02,3.744312e-03,3.247070e-02,5.688477e-02,2000,0,9.157764e-04
2026-07-20T18:11:58.200,1784560318.200,250.103,4.600183e-02,3.535887e-03,3.442383e-02,5.688477e-02,2000,0,9.200366e-04
2026-07-20T18:11:58.300,1784560318.300,250.203,4.591699e-02,3.368674e-03,3.393555e-02,5.981445e-02,2000,0,9.183398e-04
2026-07-20T18:11:58.400,1784560318.400,250.303,4.550879e-02,3.615638e-03,3.369141e-02,5.957031e-02,2000,0,9.101758e-04
2026-07-20T18:11:58.500,1784560318.500,250.403,4.604578e-02,3.417186e-03,3.051758e-02,5.566406e-02,2000,0,9.209155e-04
2026-07-20T18:11:58.600,1784560318.600,250.503,4.585364e-02,3.476607e-03,3.173828e-02,5.517578e-02,2000,0,9.170728e-04
2026-07-20T18:11:58.700,1784560318.700,250.603,4.592810e-02,3.491576e-03,3.515625e-02,5.688477e-02,2000,0,9.185620e-04
2026-07-20T18:11:58.800,1784560318.800,250.704,4.555481e-02,3.909235e-03,3.173828e-02,6.396484e-02,2000,0,9.110962e-04
2026-07-20T18:11:58.900,1784560318.900,250.803,4.612988e-02,3.297863e-03,3.540039e-02,5.664062e-02,2000,0,9.225977e-04
2026-07-20T18:11:59.000,1784560319.000,250.903,4.524548e-02,3.482694e-03,3.271484e-02,5.517578e-02,2000,0,9.049097e-04
2026-07-20T18:11:59.100,1784560319.101,251.004,4.504150e-02,3.873650e-03,3.173828e-02,5.566406e-02,2000,0,9.008301e-04
2026-07-20T18:11:59.200,1784560319.200,251.103,4.498413e-02,3.651482e-03,3.393555e-02,5.590820e-02,2000,0,8.996826e-04
2026-07-20T18:11:59.300,1784560319.300,251.203,4.533081e-02,3.469911e-03,3.393555e-02,5.932617e-02,2000,0,9.066162e-04
2026-07-20T18:11:59.400,1784560319.400,251.303,4.565906e-02,3.406826e-03,3.393555e-02,5.615234e-02,2000,0,9.131812e-04
2026-07-20T18:11:59.500,1784560319.500,251.403,4.481494e-02,3.360985e-03,2.978516e-02,5.419922e-02,2000,0,8.962988e-04
2026-07-20T18:11:59.600,1784560319.601,251.503,4.450635e-02,3.338949e-03,3.222656e-02,5.517578e-02,2000,0,8.901270e-04
2026-07-20T18:11:59.700,1784560319.700,251.603,4.425012e-02,3.420224e-03,3.466797e-02,5.834961e-02,2000,0,8.850024e-04
2026-07-20T18:11:59.800,1784560319.800,251.703,4.361304e-02,3.416457e-03,2.954102e-02,5.322266e-02,2000,0,8.722607e-04
2026-07-20T18:11:59.900,1784560319.900,251.803,4.360828e-02,3.365970e-03,3.125000e-02,5.932617e-02,2000,0,8.721655e-04
2026-07-20T18:12:00.000,1784560320.001,251.903,4.356836e-02,3.337806e-03,3.320312e-02,5.419922e-02,2000,0,8.713672e-04
2026-07-20T18:12:00.100,1784560320.101,252.003,4.287634e-02,3.399681e-03,2.929688e-02,5.346680e-02,2000,0,8.575269e-04
2026-07-20T18:12:00.200,1784560320.201,252.103,4.231323e-02,3.487220e-03,3.125000e-02,5.859375e-02,2000,0,8.462646e-04
2026-07-20T18:12:00.300,1784560320.300,252.203,4.221191e-02,3.650911e-03,2.978516e-02,5.810547e-02,2000,0,8.442383e-04
2026-07-20T18:12:00.400,1784560320.400,252.303,4.173169e-02,3.339809e-03,3.125000e-02,5.224609e-02,2000,0,8.346338e-04
2026-07-20T18:12:00.500,1784560320.500,252.403,4.113599e-02,3.472414e-03,3.125000e-02,5.224609e-02,2000,0,8.227197e-04
2026-07-20T18:12:00.600,1784560320.600,252.503,4.132581e-02,3.327246e-03,2.978516e-02,5.126953e-02,2000,0,8.265161e-04
2026-07-20T18:12:00.700,1784560320.701,252.603,4.065918e-02,3.332966e-03,3.125000e-02,5.249023e-02,2000,0,8.131836e-04
2026-07-20T18:12:00.800,1784560320.801,252.703,4.000757e-02,3.724336e-03,2.856445e-02,5.712891e-02,2000,0,8.001514e-04
2026-07-20T18:12:00.900,1784560320.900,252.803,4.009033e-02,3.261100e-03,2.929688e-02,4.956055e-02,2000,0,8.018066e-04
2026-07-20T18:12:01.000,1784560321.000,252.903,3.953552e-02,3.402296e-03,3.051758e-02,5.004883e-02,2000,0,7.907104e-04
2026-07-20T18:12:01.100,1784560321.100,253.003,3.914978e-02,3.494109e-03,2.758789e-02,5.053711e-02,2000,0,7.829956e-04
2026-07-20T18:12:01.200,1784560321.200,253.103,3.882532e-02,3.295850e-03,2.929688e-02,5.102539e-02,2000,0,7.765063e-04
2026-07-20T18:12:01.300,1784560321.301,253.203,3.852856e-02,3.063581e-03,2.514648e-02,4.809570e-02,2000,0,7.705713e-04
2026-07-20T18:12:01.400,1784560321.400,253.303,3.828613e-02,3.108272e-03,2.563477e-02,4.882812e-02,2000,0,7.657227e-04
2026-07-20T18:12:01.500,1784560321.501,253.403,3.764880e-02,3.038503e-03,2.661133e-02,4.760742e-02,2000,0,7.529761e-04
2026-07-20T18:12:01.600,1784560321.601,253.504,3.666479e-02,3.619396e-03,2.319336e-02,4.711914e-02,2000,0,7.332959e-04
2026-07-20T18:12:01.700,1784560321.701,253.603,3.695679e-02,3.009674e-03,2.587891e-02,4.809570e-02,2000,0,7.391357e-04
2026-07-20T18:12:01.800,1784560321.800,253.703,3.635339e-02,3.138885e-03,2.563477e-02,4.956055e-02,2000,0,7.270679e-04
2026-07-20T18:12:01.900,1784560321.900,253.803,3.638477e-02,3.018322e-03,2.758789e-02,5.224609e-02,2000,0,7.276953e-04
2026-07-20T18:12:02.000,1784560322.001,253.903,3.536011e-02,2.983722e-03,2.539062e-02,4.785156e-02,2000,0,7.072021e-04
2026-07-20T18:12:02.100,1784560322.100,254.003,3.533130e-02,3.007233e-03,2.465820e-02,4.687500e-02,2000,0,7.066260e-04
2026-07-20T18:12:02.200,1784560322.201,254.103,3.527246e-02,3.006713e-03,2.319336e-02,4.760742e-02,2000,0,7.054492e-04
2026-07-20T18:12:02.300,1784560322.301,254.203,3.538696e-02,2.968222e-03,2.441406e-02,4.516602e-02,2000,0,7.077393e-04
2026-07-20T18:12:02.400,1784560322.400,254.303,3.511719e-02,2.934327e-03,2.587891e-02,4.931641e-02,2000,0,7.023438e-04
2026-07-20T18:12:02.500,1784560322.501,254.403,3.445789e-02,2.991346e-03,2.514648e-02,4.687500e-02,2000,0,6.891577e-04
2026-07-20T18:12:02.600,1784560322.601,254.503,3.499646e-02,2.891785e-03,2.221680e-02,4.736328e-02,2000,0,6.999292e-04
2026-07-20T18:12:02.700,1784560322.700,254.603,3.496375e-02,2.989011e-03,2.246094e-02,4.565430e-02,2000,0,6.992749e-04
2026-07-20T18:12:02.800,1784560322.801,254.703,3.449951e-02,2.994431e-03,2.490234e-02,4.541016e-02,2000,0,6.899902e-04
2026-07-20T18:12:02.900,1784560322.900,254.804,3.341943e-02,3.293284e-03,1.928711e-02,4.467773e-02,2000,0,6.683887e-04
2026-07-20T18:12:03.000,1784560323.000,254.903,3.420679e-02,2.990714e-03,2.416992e-02,4.565430e-02,2000,0,6.841357e-04
2026-07-20T18:12:03.100,1784560323.101,255.003,3.384619e-02,3.151600e-03,2.392578e-02,4.418945e-02,2000,0,6.769238e-04
2026-07-20T18:12:03.200,1784560323.201,255.104,3.365820e-02,2.974385e-03,2.465820e-02,4.223633e-02,2000,0,6.731641e-04
2026-07-20T18:12:03.300,1784560323.301,255.203,3.375256e-02,3.151266e-03,2.270508e-02,4.687500e-02,2000,0,6.750513e-04
2026-07-20T18:12:03.400,1784560323.401,255.303,3.294849e-02,3.112416e-03,2.294922e-02,4.321289e-02,2000,0,6.589697e-04
2026-07-20T18:12:03.500,1784560323.501,255.403,3.281506e-02,3.069781e-03,2.368164e-02,4.565430e-02,2000,0,6.563013e-04
2026-07-20T18:12:03.600,1784560323.600,255.503,3.272046e-02,3.146427e-03,2.148438e-02,4.541016e-02,2000,0,6.544092e-04
2026-07-20T18:12:03.700,1784560323.701,255.603,3.211536e-02,3.116195e-03,1.928711e-02,4.248047e-02,2000,0,6.423071e-04
2026-07-20T18:12:03.800,1784560323.801,255.703,3.187012e-02,3.151177e-03,1.879883e-02,4.150391e-02,2000,0,6.374023e-04
2026-07-20T18:12:03.900,1784560323.901,255.803,3.175037e-02,3.167465e-03,2.099609e-02,5.297852e-02,2000,0,6.350073e-04
2026-07-20T18:12:04.000,1784560324.001,255.903,3.049438e-02,3.093436e-03,2.001953e-02,3.955078e-02,2000,0,6.098877e-04
2026-07-20T18:12:04.100,1784560324.101,256.003,3.054321e-02,3.090631e-03,2.099609e-02,4.882812e-02,2000,0,6.108643e-04
2026-07-20T18:12:04.200,1784560324.200,256.103,2.960083e-02,3.223405e-03,1.757812e-02,4.150391e-02,2000,0,5.920166e-04
2026-07-20T18:12:04.300,1784560324.300,256.203,2.947375e-02,3.142836e-03,1.855469e-02,3.979492e-02,2000,0,5.894751e-04
2026-07-20T18:12:04.400,1784560324.400,256.303,2.907422e-02,2.935371e-03,1.831055e-02,3.955078e-02,2000,0,5.814844e-04
2026-07-20T18:12:04.500,1784560324.501,256.403,2.886206e-02,3.071480e-03,1.855469e-02,3.833008e-02,2000,0,5.772412e-04
2026-07-20T18:12:04.600,1784560324.600,256.503,2.816357e-02,2.988274e-03,1.757812e-02,3.710938e-02,2000,0,5.632715e-04
2026-07-20T18:12:04.700,1784560324.701,256.603,2.845312e-02,2.912998e-03,1.953125e-02,3.857422e-02,2000,0,5.690625e-04
2026-07-20T18:12:04.800,1784560324.801,256.703,2.857190e-02,2.788825e-03,1.733398e-02,3.784180e-02,2000,0,5.714380e-04
2026-07-20T18:12:04.900,1784560324.900,256.803,2.810364e-02,2.733000e-03,1.879883e-02,3.662109e-02,2000,0,5.620728e-04
2026-07-20T18:12:05.000,1784560325.001,256.903,2.885193e-02,2.784167e-03,1.879883e-02,5.126953e-02,2000,0,5.770386e-04
2026-07-20T18:12:05.100,1784560325.100,257.003,2.862439e-02,2.719054e-03,1.904297e-02,3.881836e-02,2000,0,5.724878e-04
2026-07-20T18:12:05.200,1784560325.201,257.103,2.935339e-02,2.663024e-03,1.562500e-02,3.857422e-02,2000,0,5.870679e-04
2026-07-20T18:12:05.300,1784560325.301,257.203,3.013745e-02,2.616645e-03,2.124023e-02,3.881836e-02,2000,0,6.027490e-04
2026-07-20T18:12:05.400,1784560325.400,257.303,3.103503e-02,2.626574e-03,2.221680e-02,4.003906e-02,2000,0,6.207007e-04
2026-07-20T18:12:05.500,1784560325.501,257.403,3.264221e-02,2.460085e-03,2.392578e-02,4.125977e-02,2000,0,6.528442e-04
2026-07-20T18:12:05.600,1784560325.601,257.503,3.379431e-02,2.541935e-03,2.514648e-02,4.809570e-02,2000,0,6.758862e-04
2026-07-20T18:12:05.700,1784560325.701,257.603,3.541882e-02,2.392227e-03,2.758789e-02,4.565430e-02,2000,0,7.083765e-04
2026-07-20T18:12:05.800,1784560325.801,257.703,3.723743e-02,2.438467e-03,2.709961e-02,4.516602e-02,2000,0,7.447485e-04
2026-07-20T18:12:05.900,1784560325.900,257.803,3.904529e-02,2.436513e-03,2.880859e-02,4.687500e-02,2000,0,7.809058e-04
2026-07-20T18:12:06.000,1784560326.001,257.903,4.113403e-02,2.555626e-03,3.198242e-02,5.004883e-02,2000,0,8.226807e-04
2026-07-20T18:12:06.100,1784560326.101,258.003,4.343811e-02,2.541462e-03,3.393555e-02,6.079102e-02,2000,0,8.687622e-04
2026-07-20T18:12:06.200,1784560326.201,258.103,4.656152e-02,2.460210e-03,3.735352e-02,5.712891e-02,2000,0,9.312305e-04
2026-07-20T18:12:06.300,1784560326.301,258.203,4.859045e-02,2.555906e-03,3.784180e-02,5.712891e-02,2000,0,9.718091e-04
2026-07-20T18:12:06.400,1784560326.401,258.303,5.184924e-02,2.519849e-03,4.370117e-02,6.201172e-02,2000,0,1.036985e-03
2026-07-20T18:12:06.500,1784560326.501,258.403,5.433301e-02,2.659180e-03,4.638672e-02,6.323242e-02,2000,0,1.086660e-03
2026-07-20T18:12:06.600,1784560326.601,258.503,5.598572e-02,2.711629e-03,4.687500e-02,7.299805e-02,2000,0,1.119714e-03
2026-07-20T18:12:06.700,1784560326.701,258.603,5.872046e-02,2.728599e-03,4.614258e-02,6.738281e-02,2000,0,1.174409e-03
2026-07-20T18:12:06.800,1784560326.801,258.703,6.087329e-02,2.687737e-03,4.931641e-02,7.006836e-02,2000,0,1.217466e-03
2026-07-20T18:12:06.900,1784560326.901,258.803,6.282178e-02,2.656738e-03,5.322266e-02,7.324219e-02,2000,0,1.256436e-03
2026-07-20T18:12:07.000,1784560327.001,258.903,6.479297e-02,2.762096e-03,5.419922e-02,8.056641e-02,2000,0,1.295859e-03
2026-07-20T18:12:07.100,1784560327.101,259.004,6.604956e-02,3.037834e-03,5.786133e-02,8.300781e-02,2000,0,1.320991e-03
2026-07-20T18:12:07.200,1784560327.201,259.103,6.827112e-02,2.965468e-03,5.883789e-02,7.739258e-02,2000,0,1.365422e-03
2026-07-20T18:12:07.300,1784560327.300,259.203,6.957312e-02,2.959249e-03,5.957031e-02,7.861328e-02,2000,0,1.391462e-03
2026-07-20T18:12:07.401,1784560327.401,259.304,7.096545e-02,3.158613e-03,5.981445e-02,8.129883e-02,2000,0,1.419309e-03
2026-07-20T18:12:07.500,1784560327.501,259.403,7.291931e-02,3.126321e-03,6.298828e-02,8.471680e-02,2000,0,1.458386e-03
2026-07-20T18:12:07.600,1784560327.601,259.503,7.441895e-02,3.093827e-03,6.518555e-02,8.520508e-02,2000,0,1.488379e-03
2026-07-20T18:12:07.700,1784560327.701,259.603,7.583704e-02,3.006892e-03,6.689453e-02,8.569336e-02,2000,0,1.516741e-03
2026-07-20T18:12:07.800,1784560327.801,259.703,7.715735e-02,2.981148e-03,6.689453e-02,8.764648e-02,2000,0,1.543147e-03
2026-07-20T18:12:07.900,1784560327.901,259.803,7.817725e-02,3.031782e-03,6.665039e-02,8.862305e-02,2000,0,1.563545e-03
2026-07-20T18:12:08.000,1784560328.001,259.903,7.958911e-02,3.013995e-03,6.762695e-02,8.837891e-02,2000,0,1.591782e-03
2026-07-20T18:12:08.101,1784560328.101,260.004,8.010474e-02,3.119904e-03,7.080078e-02,9.643555e-02,2000,0,1.602095e-03
2026-07-20T18:12:08.200,1784560328.201,260.103,8.195520e-02,2.898006e-03,7.202148e-02,9.277344e-02,2000,0,1.639104e-03
2026-07-20T18:12:08.300,1784560328.301,260.203,8.273987e-02,3.082627e-03,7.177734e-02,9.399414e-02,2000,0,1.654797e-03
2026-07-20T18:12:08.400,1784560328.401,260.303,8.318848e-02,2.964820e-03,7.397461e-02,9.204102e-02,2000,0,1.663770e-03
2026-07-20T18:12:08.500,1784560328.500,260.403,8.376013e-02,3.185168e-03,7.250977e-02,9.326172e-02,2000,0,1.675203e-03
2026-07-20T18:12:08.600,1784560328.600,260.503,8.428979e-02,3.000914e-03,7.250977e-02,9.619141e-02,2000,0,1.685796e-03
2026-07-20T18:12:08.700,1784560328.701,260.603,8.491333e-02,2.933774e-03,7.226562e-02,9.814453e-02,2000,0,1.698267e-03
2026-07-20T18:12:08.800,1784560328.800,260.703,8.437781e-02,2.929012e-03,7.446289e-02,1.059570e-01,2000,0,1.687556e-03
2026-07-20T18:12:08.900,1784560328.901,260.803,8.491858e-02,2.908189e-03,7.226562e-02,9.545898e-02,2000,0,1.698372e-03
2026-07-20T18:12:09.000,1784560329.001,260.903,8.503137e-02,2.858732e-03,7.104492e-02,9.423828e-02,2000,0,1.700627e-03
2026-07-20T18:12:09.100,1784560329.101,261.003,8.474731e-02,2.929478e-03,7.568359e-02,9.545898e-02,2000,0,1.694946e-03
2026-07-20T18:12:09.200,1784560329.201,261.103,8.469299e-02,2.973228e-03,7.495117e-02,9.375000e-02,2000,0,1.693860e-03
2026-07-20T18:12:09.300,1784560329.301,261.203,8.416931e-02,2.799620e-03,7.470703e-02,9.179688e-02,2000,0,1.683386e-03
2026-07-20T18:12:09.400,1784560329.401,261.303,8.430627e-02,2.855726e-03,7.446289e-02,9.521484e-02,2000,0,1.686125e-03
2026-07-20T18:12:09.500,1784560329.501,261.403,8.358557e-02,2.927481e-03,7.397461e-02,9.375000e-02,2000,0,1.671711e-03
2026-07-20T18:12:09.601,1784560329.601,261.503,8.291724e-02,2.724180e-03,7.153320e-02,9.179688e-02,2000,0,1.658345e-03
2026-07-20T18:12:09.700,1784560329.701,261.603,8.251941e-02,2.749012e-03,7.324219e-02,9.545898e-02,2000,0,1.650388e-03
2026-07-20T18:12:09.800,1784560329.801,261.703,8.173035e-02,2.810338e-03,7.324219e-02,9.033203e-02,2000,0,1.634607e-03
2026-07-20T18:12:09.900,1784560329.901,261.803,8.100964e-02,2.627439e-03,6.860352e-02,9.033203e-02,2000,0,1.620193e-03
2026-07-20T18:12:10.000,1784560330.000,261.903,8.017847e-02,2.699152e-03,6.591797e-02,8.959961e-02,2000,0,1.603569e-03
2026-07-20T18:12:10.100,1784560330.101,262.003,7.944836e-02,2.707328e-03,7.006836e-02,8.789062e-02,2000,0,1.588967e-03
2026-07-20T18:12:10.200,1784560330.201,262.103,7.821863e-02,2.734423e-03,6.591797e-02,8.813477e-02,2000,0,1.564373e-03
2026-07-20T18:12:10.300,1784560330.301,262.204,7.684692e-02,3.027548e-03,6.567383e-02,9.179688e-02,2000,0,1.536938e-03
2026-07-20T18:12:10.400,1784560330.400,262.303,7.633618e-02,2.761500e-03,6.591797e-02,9.448242e-02,2000,0,1.526724e-03
2026-07-20T18:12:10.500,1784560330.500,262.403,7.545496e-02,2.877044e-03,6.445312e-02,8.593750e-02,2000,0,1.509099e-03
2026-07-20T18:12:10.600,1784560330.600,262.503,7.449597e-02,2.920346e-03,6.396484e-02,8.496094e-02,2000,0,1.489919e-03
2026-07-20T18:12:10.700,1784560330.700,262.603,7.304236e-02,2.929032e-03,6.250000e-02,8.227539e-02,2000,0,1.460847e-03
2026-07-20T18:12:10.800,1784560330.801,262.703,7.214685e-02,3.002183e-03,6.274414e-02,8.544922e-02,2000,0,1.442937e-03
2026-07-20T18:12:10.900,1784560330.900,262.803,7.067712e-02,3.341651e-03,5.908203e-02,8.740234e-02,2000,0,1.413542e-03
2026-07-20T18:12:11.000,1784560331.000,262.903,6.983875e-02,2.952184e-03,6.005859e-02,7.934570e-02,2000,0,1.396775e-03
2026-07-20T18:12:11.100,1784560331.100,263.003,6.896777e-02,3.131849e-03,5.883789e-02,7.812500e-02,2000,0,1.379355e-03
2026-07-20T18:12:11.200,1784560331.200,263.103,6.813220e-02,3.159718e-03,5.126953e-02,7.763672e-02,2000,0,1.362644e-03
2026-07-20T18:12:11.300,1784560331.300,263.204,6.651660e-02,3.104598e-03,5.615234e-02,8.007812e-02,2000,0,1.330332e-03
2026-07-20T18:12:11.400,1784560331.400,263.303,6.590967e-02,3.201622e-03,5.249023e-02,7.983398e-02,2000,0,1.318193e-03
2026-07-20T18:12:11.500,1784560331.500,263.403,6.505042e-02,3.109264e-03,5.297852e-02,7.543945e-02,2000,0,1.301008e-03
2026-07-20T18:12:11.600,1784560331.600,263.503,6.363306e-02,3.126222e-03,4.980469e-02,7.397461e-02,2000,0,1.272661e-03
2026-07-20T18:12:11.700,1784560331.700,263.603,6.236572e-02,3.200520e-03,4.980469e-02,7.275391e-02,2000,0,1.247314e-03
2026-07-20T18:12:11.800,1784560331.800,263.703,6.123547e-02,3.180256e-03,4.931641e-02,7.055664e-02,2000,0,1.224709e-03
2026-07-20T18:12:11.900,1784560331.900,263.803,5.995911e-02,3.141668e-03,4.931641e-02,7.348633e-02,2000,0,1.199182e-03
2026-07-20T18:12:12.000,1784560332.000,263.903,5.894446e-02,3.189975e-03,4.687500e-02,7.153320e-02,2000,0,1.178889e-03
2026-07-20T18:12:12.100,1784560332.100,264.003,5.797510e-02,3.306919e-03,4.614258e-02,6.835938e-02,2000,0,1.159502e-03
2026-07-20T18:12:12.200,1784560332.200,264.103,5.656189e-02,3.392356e-03,4.516602e-02,6.713867e-02,2000,0,1.131238e-03
2026-07-20T18:12:12.300,1784560332.300,264.203,5.522852e-02,3.320064e-03,4.418945e-02,6.567383e-02,2000,0,1.104570e-03
2026-07-20T18:12:12.400,1784560332.400,264.303,5.428674e-02,3.396179e-03,4.174805e-02,6.372070e-02,2000,0,1.085735e-03
2026-07-20T18:12:12.500,1784560332.500,264.403,5.346277e-02,3.474201e-03,4.272461e-02,6.372070e-02,2000,0,1.069255e-03
2026-07-20T18:12:12.600,1784560332.601,264.503,5.218872e-02,3.444372e-03,3.540039e-02,6.347656e-02,2000,0,1.043774e-03
2026-07-20T18:12:12.700,1784560332.701,264.603,5.119934e-02,3.288782e-03,3.784180e-02,6.250000e-02,2000,0,1.023987e-03
2026-07-20T18:12:12.800,1784560332.801,264.703,5.082263e-02,3.394738e-03,3.881836e-02,6.542969e-02,2000,0,1.016453e-03
2026-07-20T18:12:12.900,1784560332.901,264.803,5.052026e-02,3.503688e-03,3.930664e-02,6.542969e-02,2000,0,1.010405e-03
2026-07-20T18:12:13.000,1784560333.001,264.903,5.057507e-02,3.548501e-03,3.808594e-02,6.274414e-02,2000,0,1.011501e-03
2026-07-20T18:12:13.100,1784560333.101,265.003,4.988977e-02,3.401949e-03,3.881836e-02,6.054688e-02,2000,0,9.977954e-04
2026-07-20T18:12:13.200,1784560333.201,265.103,4.947913e-02,3.517297e-03,3.637695e-02,6.274414e-02,2000,0,9.895825e-04
2026-07-20T18:12:13.300,1784560333.300,265.203,4.913110e-02,3.493233e-03,3.710938e-02,6.225586e-02,2000,0,9.826221e-04
2026-07-20T18:12:13.400,1784560333.401,265.303,4.910571e-02,3.513558e-03,3.784180e-02,6.738281e-02,2000,0,9.821143e-04
2026-07-20T18:12:13.500,1784560333.501,265.403,4.853308e-02,3.552972e-03,3.662109e-02,6.323242e-02,2000,0,9.706616e-04
2026-07-20T18:12:13.600,1784560333.601,265.503,4.784961e-02,3.519132e-03,3.564453e-02,6.127930e-02,2000,0,9.569922e-04
2026-07-20T18:12:13.700,1784560333.701,265.603,4.816028e-02,3.505578e-03,3.710938e-02,5.957031e-02,2000,0,9.632056e-04
2026-07-20T18:12:13.800,1784560333.801,265.703,4.841138e-02,3.596177e-03,3.637695e-02,6.225586e-02,2000,0,9.682275e-04
2026-07-20T18:12:13.900,1784560333.901,265.803,4.868213e-02,3.492392e-03,3.759766e-02,6.005859e-02,2000,0,9.736426e-04
2026-07-20T18:12:14.000,1784560334.001,265.903,4.929639e-02,3.510036e-03,3.564453e-02,6.298828e-02,2000,0,9.859277e-04
2026-07-20T18:12:14.100,1784560334.101,266.003,4.880444e-02,3.511635e-03,3.686523e-02,6.176758e-02,2000,0,9.760889e-04
2026-07-20T18:12:14.200,1784560334.201,266.103,4.999097e-02,3.451149e-03,3.759766e-02,6.103516e-02,2000,0,9.998193e-04
2026-07-20T18:12:14.300,1784560334.301,266.203,5.096155e-02,3.366221e-03,4.101562e-02,6.201172e-02,2000,0,1.019231e-03
2026-07-20T18:12:14.400,1784560334.401,266.303,5.139746e-02,3.450023e-03,3.955078e-02,6.640625e-02,2000,0,1.027949e-03
2026-07-20T18:12:14.500,1784560334.500,266.403,5.172034e-02,3.527058e-03,4.028320e-02,6.225586e-02,2000,0,1.034407e-03
2026-07-20T18:12:14.600,1784560334.601,266.503,5.237610e-02,3.402176e-03,3.857422e-02,6.445312e-02,2000,0,1.047522e-03
2026-07-20T18:12:14.700,1784560334.701,266.603,5.355151e-02,3.223549e-03,4.345703e-02,6.542969e-02,2000,0,1.071030e-03
2026-07-20T18:12:14.800,1784560334.801,266.703,5.397131e-02,3.314789e-03,4.467773e-02,6.542969e-02,2000,0,1.079426e-03
2026-07-20T18:12:14.900,1784560334.901,266.803,5.445410e-02,3.351394e-03,4.516602e-02,6.689453e-02,2000,0,1.089082e-03
2026-07-20T18:12:15.000,1784560335.001,266.903,5.540381e-02,3.413394e-03,4.541016e-02,6.860352e-02,2000,0,1.108076e-03
2026-07-20T18:12:15.100,1784560335.101,267.003,5.576807e-02,3.404265e-03,4.541016e-02,6.689453e-02,2000,0,1.115361e-03
2026-07-20T18:12:15.200,1784560335.201,267.103,5.649780e-02,3.240545e-03,4.394531e-02,6.689453e-02,2000,0,1.129956e-03
2026-07-20T18:12:15.300,1784560335.301,267.203,5.712976e-02,3.315224e-03,4.394531e-02,6.762695e-02,2000,0,1.142595e-03
2026-07-20T18:12:15.400,1784560335.401,267.303,5.747449e-02,3.392148e-03,4.565430e-02,7.031250e-02,2000,0,1.149490e-03
2026-07-20T18:12:15.500,1784560335.501,267.403,5.794055e-02,3.340377e-03,4.296875e-02,7.617188e-02,2000,0,1.158811e-03
2026-07-20T18:12:15.600,1784560335.601,267.503,5.820239e-02,3.233563e-03,4.907227e-02,6.738281e-02,2000,0,1.164048e-03
2026-07-20T18:12:15.700,1784560335.701,267.603,5.854980e-02,3.347350e-03,4.711914e-02,6.933594e-02,2000,0,1.170996e-03
2026-07-20T18:12:15.800,1784560335.801,267.703,5.852808e-02,3.365420e-03,4.833984e-02,7.104492e-02,2000,0,1.170562e-03
2026-07-20T18:12:15.900,1784560335.901,267.803,5.835095e-02,3.429246e-03,4.663086e-02,7.055664e-02,2000,0,1.167019e-03
2026-07-20T18:12:16.000,1784560336.001,267.903,5.864905e-02,3.450755e-03,4.663086e-02,7.055664e-02,2000,0,1.172981e-03
2026-07-20T18:12:16.100,1784560336.101,268.003,5.831860e-02,3.376235e-03,4.711914e-02,6.909180e-02,2000,0,1.166372e-03
2026-07-20T18:12:16.200,1784560336.201,268.103,5.811523e-02,3.335549e-03,4.614258e-02,6.909180e-02,2000,0,1.162305e-03
2026-07-20T18:12:16.300,1784560336.301,268.203,5.808972e-02,3.444446e-03,4.687500e-02,6.958008e-02,2000,0,1.161794e-03
2026-07-20T18:12:16.400,1784560336.401,268.303,5.728271e-02,3.288784e-03,4.687500e-02,6.762695e-02,2000,0,1.145654e-03
2026-07-20T18:12:16.500,1784560336.501,268.403,5.710828e-02,3.512083e-03,4.492188e-02,6.762695e-02,2000,0,1.142166e-03
2026-07-20T18:12:16.600,1784560336.601,268.503,5.639026e-02,3.484725e-03,4.565430e-02,7.226562e-02,2000,0,1.127805e-03
2026-07-20T18:12:16.700,1784560336.701,268.603,5.643860e-02,3.400071e-03,4.541016e-02,6.787109e-02,2000,0,1.128772e-03
2026-07-20T18:12:16.800,1784560336.801,268.703,5.636670e-02,3.551311e-03,4.516602e-02,6.665039e-02,2000,0,1.127334e-03
2026-07-20T18:12:16.900,1784560336.901,268.803,5.630664e-02,3.330266e-03,4.541016e-02,6.665039e-02,2000,0,1.126133e-03
2026-07-20T18:12:17.000,1784560337.001,268.903,5.568201e-02,3.501228e-03,4.516602e-02,6.738281e-02,2000,0,1.113640e-03
2026-07-20T18:12:17.100,1784560337.101,269.003,5.545239e-02,3.453863e-03,4.394531e-02,7.006836e-02,2000,0,1.109048e-03
2026-07-20T18:12:17.200,1784560337.201,269.103,5.519165e-02,3.378846e-03,4.565430e-02,6.494141e-02,2000,0,1.103833e-03
2026-07-20T18:12:17.300,1784560337.301,269.203,5.448926e-02,3.321252e-03,4.272461e-02,6.518555e-02,2000,0,1.089785e-03
2026-07-20T18:12:17.400,1784560337.401,269.303,5.419897e-02,3.348574e-03,4.345703e-02,6.567383e-02,2000,0,1.083979e-03
2026-07-20T18:12:17.500,1784560337.501,269.404,5.349463e-02,3.104390e-03,4.223633e-02,6.347656e-02,2000,0,1.069893e-03
2026-07-20T18:12:17.600,1784560337.601,269.503,5.351941e-02,3.478606e-03,4.370117e-02,6.616211e-02,2000,0,1.070388e-03
2026-07-20T18:12:17.700,1784560337.701,269.603,5.335315e-02,3.417950e-03,4.223633e-02,6.835938e-02,2000,0,1.067063e-03
2026-07-20T18:12:17.800,1784560337.801,269.703,5.332703e-02,3.220128e-03,4.199219e-02,6.347656e-02,2000,0,1.066541e-03
2026-07-20T18:12:17.900,1784560337.901,269.803,5.280920e-02,3.301388e-03,3.979492e-02,6.396484e-02,2000,0,1.056184e-03
2026-07-20T18:12:18.000,1784560338.001,269.903,5.261462e-02,3.443109e-03,4.272461e-02,6.396484e-02,2000,0,1.052292e-03
2026-07-20T18:12:18.100,1784560338.101,270.003,5.215259e-02,3.494661e-03,4.028320e-02,6.640625e-02,2000,0,1.043052e-03
2026-07-20T18:12:18.200,1784560338.201,270.103,5.204248e-02,3.623111e-03,4.028320e-02,6.274414e-02,2000,0,1.040850e-03
2026-07-20T18:12:18.300,1784560338.301,270.203,5.196338e-02,3.497250e-03,4.150391e-02,6.225586e-02,2000,0,1.039268e-03
2026-07-20T18:12:18.400,1784560338.401,270.304,5.056860e-02,3.315312e-03,4.028320e-02,6.201172e-02,2000,0,1.011372e-03
2026-07-20T18:12:18.500,1784560338.501,270.403,5.076965e-02,3.623060e-03,3.930664e-02,6.323242e-02,2000,0,1.015393e-03
2026-07-20T18:12:18.600,1784560338.601,270.503,5.045239e-02,3.558626e-03,3.857422e-02,7.446289e-02,2000,0,1.009048e-03
2026-07-20T18:12:18.700,1784560338.701,270.603,4.982935e-02,3.660301e-03,3.784180e-02,6.372070e-02,2000,0,9.965869e-04
2026-07-20T18:12:18.800,1784560338.801,270.703,4.937854e-02,3.730855e-03,3.710938e-02,6.005859e-02,2000,0,9.875708e-04
2026-07-20T18:12:18.900,1784560338.901,270.803,4.898547e-02,3.719009e-03,3.417969e-02,6.054688e-02,2000,0,9.797095e-04
2026-07-20T18:12:19.000,1784560339.001,270.903,4.796240e-02,3.809125e-03,3.344727e-02,6.176758e-02,2000,0,9.592480e-04
2026-07-20T18:12:19.100,1784560339.101,271.003,4.775549e-02,3.923498e-03,3.320312e-02,6.152344e-02,2000,0,9.551099e-04
2026-07-20T18:12:19.200,1784560339.201,271.103,4.748242e-02,3.643784e-03,3.588867e-02,5.810547e-02,2000,0,9.496484e-04
2026-07-20T18:12:19.300,1784560339.301,271.203,4.685022e-02,3.529358e-03,3.393555e-02,5.810547e-02,2000,0,9.370044e-04
2026-07-20T18:12:19.400,1784560339.401,271.303,4.661292e-02,3.779105e-03,3.417969e-02,5.810547e-02,2000,0,9.322583e-04
2026-07-20T18:12:19.500,1784560339.501,271.403,4.631348e-02,3.941015e-03,3.271484e-02,6.469727e-02,2000,0,9.262695e-04
2026-07-20T18:12:19.600,1784560339.601,271.503,4.540393e-02,3.948161e-03,3.125000e-02,5.590820e-02,2000,0,9.080786e-04
2026-07-20T18:12:19.700,1784560339.701,271.603,4.427625e-02,4.052941e-03,2.099609e-02,5.737305e-02,2000,0,8.855249e-04
2026-07-20T18:12:19.800,1784560339.801,271.703,4.458203e-02,3.966518e-03,2.954102e-02,5.786133e-02,2000,0,8.916406e-04
2026-07-20T18:12:19.900,1784560339.901,271.803,4.341101e-02,3.973226e-03,2.880859e-02,5.957031e-02,2000,0,8.682202e-04
2026-07-20T18:12:20.000,1784560340.001,271.903,4.268457e-02,4.119920e-03,2.880859e-02,5.615234e-02,2000,0,8.536914e-04
2026-07-20T18:12:20.100,1784560340.101,272.003,4.269922e-02,4.025013e-03,2.856445e-02,5.517578e-02,2000,0,8.539844e-04
2026-07-20T18:12:20.200,1784560340.201,272.103,4.208008e-02,4.076413e-03,2.856445e-02,5.468750e-02,2000,0,8.416016e-04
2026-07-20T18:12:20.300,1784560340.301,272.203,4.125586e-02,4.030988e-03,2.783203e-02,5.273438e-02,2000,0,8.251172e-04
2026-07-20T18:12:20.400,1784560340.401,272.303,4.049585e-02,4.030335e-03,2.294922e-02,5.322266e-02,2000,0,8.099170e-04
2026-07-20T18:12:20.500,1784560340.501,272.403,3.994910e-02,4.092679e-03,1.806641e-02,5.249023e-02,2000,0,7.989819e-04
2026-07-20T18:12:20.600,1784560340.601,272.503,3.873584e-02,4.001850e-03,2.587891e-02,6.030273e-02,2000,0,7.747168e-04
2026-07-20T18:12:20.700,1784560340.701,272.603,3.818445e-02,4.031624e-03,2.416992e-02,5.004883e-02,2000,0,7.636890e-04
2026-07-20T18:12:20.800,1784560340.801,272.703,3.770178e-02,4.043241e-03,2.416992e-02,5.029297e-02,2000,0,7.540356e-04
2026-07-20T18:12:20.900,1784560340.901,272.803,3.625562e-02,4.107930e-03,2.026367e-02,4.980469e-02,2000,0,7.251123e-04
2026-07-20T18:12:21.000,1784560341.001,272.903,3.658557e-02,3.850496e-03,2.416992e-02,5.102539e-02,2000,0,7.317114e-04
2026-07-20T18:12:21.100,1784560341.101,273.003,3.520471e-02,4.035676e-03,2.026367e-02,4.833984e-02,2000,0,7.040942e-04
2026-07-20T18:12:21.200,1784560341.201,273.103,3.414893e-02,4.063215e-03,1.904297e-02,4.638672e-02,2000,0,6.829785e-04
2026-07-20T18:12:21.300,1784560341.301,273.203,3.403113e-02,4.053655e-03,2.050781e-02,4.687500e-02,2000,0,6.806226e-04
2026-07-20T18:12:21.400,1784560341.401,273.303,3.273389e-02,3.804968e-03,2.099609e-02,4.589844e-02,2000,0,6.546777e-04
2026-07-20T18:12:21.500,1784560341.501,273.403,3.189758e-02,3.874434e-03,1.855469e-02,4.687500e-02,2000,0,6.379517e-04
2026-07-20T18:12:21.600,1784560341.601,273.503,3.150879e-02,4.071841e-03,1.928711e-02,4.467773e-02,2000,0,6.301758e-04
2026-07-20T18:12:21.700,1784560341.701,273.603,3.103333e-02,4.116003e-03,1.708984e-02,4.296875e-02,2000,0,6.206665e-04
2026-07-20T18:12:21.800,1784560341.801,273.703,3.041089e-02,3.873605e-03,1.708984e-02,4.223633e-02,2000,0,6.082178e-04
2026-07-20T18:12:21.900,1784560341.901,273.803,3.086328e-02,3.894154e-03,1.928711e-02,4.663086e-02,2000,0,6.172656e-04
2026-07-20T18:12:22.000,1784560342.001,273.903,3.016138e-02,3.925325e-03,1.562500e-02,4.296875e-02,2000,0,6.032275e-04
2026-07-20T18:12:22.100,1784560342.101,274.003,2.968237e-02,3.931155e-03,1.660156e-02,4.101562e-02,2000,0,5.936475e-04
2026-07-20T18:12:22.200,1784560342.201,274.103,2.991089e-02,3.895246e-03,1.684570e-02,4.345703e-02,2000,0,5.982178e-04
2026-07-20T18:12:22.300,1784560342.301,274.203,2.976599e-02,3.961074e-03,1.586914e-02,4.248047e-02,2000,0,5.953198e-04
2026-07-20T18:12:22.400,1784560342.401,274.303,2.978540e-02,4.004330e-03,1.879883e-02,4.418945e-02,2000,0,5.957080e-04
2026-07-20T18:12:22.500,1784560342.501,274.404,2.980261e-02,3.585206e-03,1.879883e-02,4.296875e-02,2000,0,5.960522e-04
2026-07-20T18:12:22.600,1784560342.601,274.503,3.037720e-02,3.968816e-03,1.831055e-02,4.150391e-02,2000,0,6.075439e-04
2026-07-20T18:12:22.700,1784560342.701,274.603,3.002856e-02,3.882220e-03,1.879883e-02,4.370117e-02,2000,0,6.005713e-04
2026-07-20T18:12:22.800,1784560342.801,274.703,3.025220e-02,4.054473e-03,1.831055e-02,4.516602e-02,2000,0,6.050439e-04
2026-07-20T18:12:22.900,1784560342.901,274.803,3.068457e-02,3.857624e-03,1.928711e-02,4.882812e-02,2000,0,6.136914e-04
2026-07-20T18:12:23.000,1784560343.001,274.903,3.013904e-02,3.774879e-03,1.831055e-02,4.150391e-02,2000,0,6.027808e-04
2026-07-20T18:12:23.100,1784560343.101,275.003,3.071118e-02,3.827749e-03,1.879883e-02,4.272461e-02,2000,0,6.142236e-04
2026-07-20T18:12:23.200,1784560343.201,275.103,3.040417e-02,3.745333e-03,1.757812e-02,4.199219e-02,2000,0,6.080835e-04
2026-07-20T18:12:23.300,1784560343.301,275.203,2.985535e-02,3.801685e-03,1.806641e-02,4.321289e-02,2000,0,5.971069e-04
2026-07-20T18:12:23.400,1784560343.401,275.303,3.033679e-02,3.781132e-03,1.757812e-02,4.174805e-02,2000,0,6.067358e-04
2026-07-20T18:12:23.500,1784560343.501,275.403,2.988672e-02,3.627678e-03,1.855469e-02,4.589844e-02,2000,0,5.977344e-04
2026-07-20T18:12:23.600,1784560343.601,275.503,2.954321e-02,3.691967e-03,1.782227e-02,4.150391e-02,2000,0,5.908643e-04
2026-07-20T18:12:23.700,1784560343.701,275.603,2.981958e-02,3.464450e-03,1.831055e-02,4.223633e-02,2000,0,5.963916e-04
2026-07-20T18:12:23.800,1784560343.801,275.703,2.892480e-02,3.547284e-03,1.440430e-02,4.077148e-02,2000,0,5.784961e-04
2026-07-20T18:12:23.900,1784560343.901,275.803,2.868689e-02,3.379386e-03,1.806641e-02,4.199219e-02,2000,0,5.737378e-04
2026-07-20T18:12:24.000,1784560344.001,275.903,2.890417e-02,3.356265e-03,1.782227e-02,3.979492e-02,2000,0,5.780835e-04
2026-07-20T18:12:24.100,1784560344.101,276.003,2.843103e-02,3.233945e-03,1.855469e-02,3.857422e-02,2000,0,5.686206e-04
2026-07-20T18:12:24.200,1784560344.201,276.103,2.842371e-02,2.972568e-03,1.953125e-02,3.759766e-02,2000,0,5.684741e-04
2026-07-20T18:12:24.300,1784560344.301,276.203,2.855737e-02,2.935411e-03,1.855469e-02,3.759766e-02,2000,0,5.711475e-04
2026-07-20T18:12:24.400,1784560344.401,276.303,2.804114e-02,2.884694e-03,1.831055e-02,3.710938e-02,2000,0,5.608228e-04
2026-07-20T18:12:24.500,1784560344.501,276.403,2.681348e-02,2.752662e-03,1.806641e-02,3.710938e-02,2000,0,5.362695e-04
2026-07-20T18:12:24.600,1784560344.601,276.503,2.750842e-02,2.757412e-03,1.831055e-02,4.223633e-02,2000,0,5.501685e-04
2026-07-20T18:12:24.700,1784560344.701,276.603,2.694702e-02,2.662537e-03,1.855469e-02,3.564453e-02,2000,0,5.389404e-04
2026-07-20T18:12:24.801,1784560344.801,276.703,2.623792e-02,2.546132e-03,1.123047e-02,3.540039e-02,2000,0,5.247583e-04
2026-07-20T18:12:24.900,1784560344.901,276.803,2.674048e-02,2.488884e-03,1.855469e-02,3.393555e-02,2000,0,5.348096e-04
2026-07-20T18:12:25.000,1784560345.001,276.903,2.594165e-02,2.514707e-03,1.782227e-02,3.613281e-02,2000,0,5.188330e-04
2026-07-20T18:12:25.101,1784560345.101,277.003,2.564172e-02,2.556546e-03,1.708984e-02,3.979492e-02,2000,0,5.128345e-04
2026-07-20T18:12:25.201,1784560345.201,277.103,2.526331e-02,2.409762e-03,1.611328e-02,3.417969e-02,2000,0,5.052661e-04
2026-07-20T18:12:25.301,1784560345.301,277.203,2.478113e-02,2.482083e-03,1.513672e-02,3.222656e-02,2000,0,4.956226e-04
2026-07-20T18:12:25.401,1784560345.401,277.303,2.409180e-02,2.430341e-03,1.660156e-02,3.051758e-02,2000,0,4.818359e-04
2026-07-20T18:12:25.501,1784560345.501,277.404,2.421912e-02,2.473855e-03,1.562500e-02,3.735352e-02,2000,0,4.843823e-04
2026-07-20T18:12:25.601,1784560345.601,277.503,2.354016e-02,2.586078e-03,1.538086e-02,3.222656e-02,2000,0,4.708032e-04
2026-07-20T18:12:25.701,1784560345.701,277.603,2.289343e-02,2.667858e-03,6.835938e-03,3.930664e-02,2000,0,4.578687e-04
2026-07-20T18:12:25.801,1784560345.801,277.703,2.286121e-02,2.363296e-03,1.538086e-02,2.954102e-02,2000,0,4.572241e-04
2026-07-20T18:12:25.900,1784560345.901,277.803,2.218164e-02,2.546414e-03,1.293945e-02,3.344727e-02,2000,0,4.436328e-04
2026-07-20T18:12:26.001,1784560346.001,277.903,2.132434e-02,2.671805e-03,1.367188e-02,3.051758e-02,2000,0,4.264868e-04
2026-07-20T18:12:26.101,1784560346.101,278.003,2.125769e-02,2.714284e-03,1.196289e-02,3.344727e-02,2000,0,4.251538e-04
2026-07-20T18:12:26.201,1784560346.201,278.103,2.082239e-02,2.780163e-03,1.147461e-02,3.002930e-02,2000,0,4.164478e-04
2026-07-20T18:12:26.301,1784560346.301,278.203,2.004810e-02,2.866218e-03,9.277344e-03,3.076172e-02,2000,0,4.009619e-04
2026-07-20T18:12:26.400,1784560346.401,278.303,1.959277e-02,2.796359e-03,1.098633e-02,2.954102e-02,2000,0,3.918555e-04
2026-07-20T18:12:26.501,1784560346.501,278.403,1.935254e-02,2.996772e-03,8.300781e-03,3.002930e-02,2000,0,3.870508e-04
2026-07-20T18:12:26.600,1784560346.601,278.503,1.824341e-02,2.879435e-03,7.812500e-03,3.344727e-02,2000,0,3.648682e-04
2026-07-20T18:12:26.701,1784560346.701,278.603,1.855090e-02,2.861879e-03,9.033203e-03,2.856445e-02,2000,0,3.710181e-04
2026-07-20T18:12:26.800,1784560346.800,278.703,1.817810e-02,2.969559e-03,4.394531e-03,2.734375e-02,2000,0,3.635620e-04
2026-07-20T18:12:26.900,1784560346.901,278.803,1.773608e-02,2.975747e-03,7.812500e-03,2.880859e-02,2000,0,3.547217e-04
2026-07-20T18:12:27.000,1784560347.001,278.903,1.749866e-02,3.051568e-03,6.347656e-03,3.002930e-02,2000,0,3.499731e-04
2026-07-20T18:12:27.101,1784560347.101,279.003,1.731055e-02,3.016227e-03,6.835938e-03,3.173828e-02,2000,0,3.462109e-04
2026-07-20T18:12:27.201,1784560347.201,279.103,1.613342e-02,3.179857e-03,4.394531e-03,2.661133e-02,2000,0,3.226685e-04
2026-07-20T18:12:27.301,1784560347.301,279.203,1.615344e-02,3.095030e-03,4.882812e-03,2.563477e-02,2000,0,3.230688e-04
2026-07-20T18:12:27.400,1784560347.401,279.303,1.498096e-02,3.019537e-03,5.126953e-03,2.416992e-02,2000,0,2.996191e-04
2026-07-20T18:12:27.501,1784560347.501,279.403,1.461658e-02,3.042814e-03,2.929688e-03,2.416992e-02,2000,0,2.923315e-04
2026-07-20T18:12:27.601,1784560347.601,279.503,1.493079e-02,3.107585e-03,5.371094e-03,2.563477e-02,2000,0,2.986157e-04
2026-07-20T18:12:27.701,1784560347.701,279.603,1.440088e-02,3.166117e-03,3.662109e-03,2.734375e-02,2000,0,2.880176e-04
2026-07-20T18:12:27.800,1784560347.801,279.703,1.323328e-02,3.092117e-03,2.441406e-03,2.246094e-02,2000,0,2.646655e-04
2026-07-20T18:12:27.901,1784560347.901,279.803,1.341797e-02,3.071784e-03,2.441406e-03,2.319336e-02,2000,0,2.683594e-04
2026-07-20T18:12:28.001,1784560348.001,279.903,1.323242e-02,3.000676e-03,3.173828e-03,2.319336e-02,2000,0,2.646484e-04
2026-07-20T18:12:28.100,1784560348.101,280.003,1.217188e-02,3.192275e-03,1.464844e-03,2.587891e-02,2000,0,2.434375e-04
2026-07-20T18:12:28.201,1784560348.201,280.103,1.288721e-02,3.136045e-03,2.685547e-03,2.319336e-02,2000,0,2.577441e-04
2026-07-20T18:12:28.301,1784560348.301,280.203,1.265015e-02,2.839060e-03,2.197266e-03,2.172852e-02,2000,0,2.530029e-04
2026-07-20T18:12:28.401,1784560348.401,280.303,1.212891e-02,2.978852e-03,1.464844e-03,2.221680e-02,2000,0,2.425781e-04
2026-07-20T18:12:28.501,1784560348.501,280.403,1.206897e-02,3.048785e-03,9.765625e-04,2.172852e-02,2000,0,2.413794e-04
2026-07-20T18:12:28.600,1784560348.600,280.503,1.151477e-02,3.003371e-03,2.441406e-03,3.051758e-02,2000,0,2.302954e-04
2026-07-20T18:12:28.701,1784560348.701,280.603,1.116260e-02,3.008202e-03,4.882812e-04,2.124023e-02,2000,0,2.232520e-04
2026-07-20T18:12:28.801,1784560348.801,280.703,1.136902e-02,3.041491e-03,1.220703e-03,2.075195e-02,2000,0,2.273804e-04
2026-07-20T18:12:28.901,1784560348.901,280.803,1.150867e-02,3.022448e-03,1.953125e-03,2.246094e-02,2000,0,2.301733e-04
2026-07-20T18:12:29.000,1784560349.001,280.903,1.038708e-02,2.946252e-03,0.000000e+00,1.977539e-02,2000,0,2.077417e-04
2026-07-20T18:12:29.101,1784560349.101,281.003,1.135571e-02,2.922332e-03,7.324219e-04,2.026367e-02,2000,0,2.271143e-04
2026-07-20T18:12:29.201,1784560349.201,281.103,9.763672e-03,3.142071e-03,-3.417969e-03,2.172852e-02,2000,0,1.952734e-04
2026-07-20T18:12:29.300,1784560349.301,281.203,1.039661e-02,2.949900e-03,-4.882812e-04,2.075195e-02,2000,0,2.079321e-04
2026-07-20T18:12:29.400,1784560349.401,281.303,9.880005e-03,2.912046e-03,4.882812e-04,1.855469e-02,2000,0,1.976001e-04
2026-07-20T18:12:29.500,1784560349.501,281.403,8.933228e-03,2.988333e-03,-9.765625e-04,1.806641e-02,2000,0,1.786646e-04
2026-07-20T18:12:29.600,1784560349.601,281.503,9.078613e-03,2.908118e-03,-4.882812e-04,2.124023e-02,2000,0,1.815723e-04
2026-07-20T18:12:29.700,1784560349.701,281.603,9.204102e-03,2.944593e-03,2.441406e-04,2.221680e-02,2000,0,1.840820e-04
2026-07-20T18:12:29.800,1784560349.801,281.703,9.080933e-03,2.825935e-03,-1.953125e-03,1.708984e-02,2000,0,1.816187e-04
2026-07-20T18:12:29.900,1784560349.901,281.803,8.263184e-03,2.886990e-03,-2.441406e-03,1.928711e-02,2000,0,1.652637e-04
2026-07-20T18:12:30.000,1784560350.001,281.903,8.188477e-03,2.901182e-03,-2.197266e-03,1.611328e-02,2000,0,1.637695e-04
2026-07-20T18:12:30.100,1784560350.101,282.003,8.033936e-03,2.966649e-03,-2.441406e-03,1.879883e-02,2000,0,1.606787e-04
2026-07-20T18:12:30.200,1784560350.201,282.103,7.488159e-03,2.977401e-03,-3.662109e-03,1.904297e-02,2000,0,1.497632e-04
2026-07-20T18:12:30.300,1784560350.301,282.203,7.589233e-03,2.997389e-03,-5.615234e-03,1.831055e-02,2000,0,1.517847e-04
2026-07-20T18:12:30.400,1784560350.401,282.303,7.192139e-03,3.024983e-03,-4.394531e-03,1.708984e-02,2000,0,1.438428e-04
2026-07-20T18:12:30.500,1784560350.501,282.403,6.443237e-03,2.976676e-03,-4.150391e-03,1.538086e-02,2000,0,1.288647e-04
2026-07-20T18:12:30.600,1784560350.601,282.503,7.153076e-03,3.012329e-03,-3.417969e-03,1.586914e-02,2000,0,1.430615e-04
2026-07-20T18:12:30.700,1784560350.701,282.603,6.618896e-03,3.119270e-03,-3.662109e-03,1.660156e-02,2000,0,1.323779e-04
2026-07-20T18:12:30.800,1784560350.801,282.703,6.275391e-03,3.102953e-03,-3.662109e-03,1.660156e-02,2000,0,1.255078e-04
2026-07-20T18:12:30.900,1784560350.901,282.803,6.276001e-03,3.084535e-03,-2.929688e-03,1.806641e-02,2000,0,1.255200e-04
2026-07-20T18:12:31.000,1784560351.001,282.903,5.484741e-03,2.945755e-03,-5.126953e-03,1.538086e-02,2000,0,1.096948e-04
2026-07-20T18:12:31.100,1784560351.101,283.003,5.429687e-03,3.282883e-03,-3.906250e-03,1.928711e-02,2000,0,1.085937e-04
2026-07-20T18:12:31.200,1784560351.201,283.104,5.171753e-03,3.067293e-03,-4.150391e-03,1.440430e-02,2000,0,1.034351e-04
2026-07-20T18:12:31.300,1784560351.301,283.203,5.404419e-03,3.311476e-03,-3.173828e-03,1.733398e-02,2000,0,1.080884e-04
2026-07-20T18:12:31.400,1784560351.401,283.303,4.004272e-03,3.351699e-03,-7.080078e-03,1.586914e-02,2000,0,8.008545e-05
2026-07-20T18:12:31.500,1784560351.500,283.403,5.011841e-03,3.390973e-03,-4.882812e-03,1.806641e-02,2000,0,1.002368e-04
2026-07-20T18:12:31.600,1784560351.601,283.503,4.470459e-03,3.298567e-03,-6.347656e-03,1.708984e-02,2000,0,8.940918e-05
2026-07-20T18:12:31.700,1784560351.701,283.603,3.671753e-03,3.348484e-03,-1.464844e-02,1.538086e-02,2000,0,7.343506e-05
2026-07-20T18:12:31.800,1784560351.801,283.703,3.820801e-03,3.239558e-03,-6.103516e-03,1.464844e-02,2000,0,7.641602e-05
2026-07-20T18:12:31.901,1784560351.901,283.803,3.379639e-03,3.305707e-03,-6.103516e-03,1.635742e-02,2000,0,6.759277e-05
2026-07-20T18:12:32.000,1784560352.001,283.903,3.055298e-03,3.316952e-03,-8.056641e-03,1.586914e-02,2000,0,6.110596e-05
2026-07-20T18:12:32.101,1784560352.101,284.004,2.753784e-03,3.095799e-03,-6.347656e-03,1.293945e-02,2000,0,5.507568e-05
2026-07-20T18:12:32.199,1784560352.200,284.103,2.375732e-03,3.394482e-03,-1.293945e-02,1.586914e-02,2000,0,4.751465e-05
2026-07-20T18:12:32.301,1784560352.301,284.203,2.450562e-03,3.424894e-03,-8.789062e-03,1.708984e-02,2000,0,4.901123e-05
2026-07-20T18:12:32.400,1784560352.401,284.303,2.742554e-03,3.509338e-03,-1.074219e-02,1.562500e-02,2000,0,5.485107e-05
2026-07-20T18:12:32.501,1784560352.501,284.403,2.425171e-03,3.548272e-03,-9.765625e-03,1.318359e-02,2000,0,4.850342e-05
2026-07-20T18:12:32.600,1784560352.600,284.503,2.024292e-03,3.439399e-03,-9.765625e-03,1.367188e-02,2000,0,4.048584e-05
2026-07-20T18:12:32.701,1784560352.701,284.603,1.855347e-03,3.626167e-03,-1.025391e-02,1.391602e-02,2000,0,3.710693e-05
2026-07-20T18:12:32.800,1784560352.801,284.703,1.952637e-03,3.720338e-03,-1.049805e-02,1.220703e-02,2000,0,3.905273e-05
2026-07-20T18:12:32.900,1784560352.901,284.803,1.250122e-03,3.453118e-03,-1.098633e-02,1.855469e-02,2000,0,2.500244e-05
2026-07-20T18:12:33.000,1784560353.001,284.903,2.087158e-03,3.609738e-03,-1.123047e-02,1.367188e-02,2000,0,4.174316e-05
2026-07-20T18:12:33.101,1784560353.101,285.003,1.817505e-03,3.556610e-03,-1.220703e-02,1.220703e-02,2000,0,3.635010e-05
2026-07-20T18:12:33.200,1784560353.201,285.103,1.361206e-03,3.498513e-03,-1.293945e-02,1.269531e-02,2000,0,2.722412e-05
2026-07-20T18:12:33.301,1784560353.301,285.203,1.937378e-03,3.537044e-03,-9.765625e-03,1.293945e-02,2000,0,3.874756e-05
2026-07-20T18:12:33.400,1784560353.401,285.303,2.613403e-03,3.421622e-03,-1.000977e-02,1.416016e-02,2000,0,5.226807e-05
2026-07-20T18:12:33.500,1784560353.500,285.403,2.703979e-03,3.401167e-03,-1.074219e-02,1.293945e-02,2000,0,5.407959e-05
2026-07-20T18:12:33.600,1784560353.601,285.503,3.909058e-03,3.503561e-03,-8.544922e-03,1.489258e-02,2000,0,7.818115e-05
2026-07-20T18:12:33.701,1784560353.701,285.603,4.958374e-03,3.543823e-03,-8.056641e-03,1.562500e-02,2000,0,9.916748e-05
2026-07-20T18:12:33.801,1784560353.801,285.703,5.543457e-03,3.491301e-03,-6.835938e-03,1.586914e-02,2000,0,1.108691e-04
2026-07-20T18:12:33.901,1784560353.901,285.803,6.714355e-03,3.317691e-03,-3.662109e-03,1.855469e-02,2000,0,1.342871e-04
2026-07-20T18:12:34.001,1784560354.001,285.903,8.066650e-03,3.393224e-03,-3.662109e-03,1.953125e-02,2000,0,1.613330e-04
2026-07-20T18:12:34.101,1784560354.101,286.003,8.431519e-03,3.341078e-03,-3.662109e-03,2.099609e-02,2000,0,1.686304e-04
2026-07-20T18:12:34.200,1784560354.201,286.104,9.491089e-03,3.472260e-03,-4.150391e-03,2.075195e-02,2000,0,1.898218e-04
2026-07-20T18:12:34.301,1784560354.301,286.203,1.054224e-02,3.337459e-03,-1.953125e-03,1.977539e-02,2000,0,2.108447e-04
2026-07-20T18:12:34.400,1784560354.401,286.303,1.021472e-02,3.355275e-03,-1.953125e-03,2.026367e-02,2000,0,2.042944e-04
2026-07-20T18:12:34.501,1784560354.501,286.403,1.186560e-02,3.179520e-03,4.882812e-04,2.124023e-02,2000,0,2.373120e-04
2026-07-20T18:12:34.601,1784560354.601,286.503,1.274353e-02,3.286721e-03,1.953125e-03,2.441406e-02,2000,0,2.548706e-04
2026-07-20T18:12:34.700,1784560354.701,286.603,1.305139e-02,3.365842e-03,1.953125e-03,2.539062e-02,2000,0,2.610278e-04
2026-07-20T18:12:34.801,1784560354.801,286.703,1.418799e-02,3.311289e-03,3.417969e-03,2.539062e-02,2000,0,2.837598e-04
2026-07-20T18:12:34.901,1784560354.901,286.803,1.480579e-02,3.400276e-03,3.417969e-03,2.539062e-02,2000,0,2.961157e-04
2026-07-20T18:12:35.001,1784560355.001,286.903,1.441858e-02,3.469083e-03,4.150391e-03,2.783203e-02,2000,0,2.883716e-04
2026-07-20T18:12:35.101,1784560355.101,287.003,1.549072e-02,3.466853e-03,4.638672e-03,2.807617e-02,2000,0,3.098145e-04
2026-07-20T18:12:35.201,1784560355.201,287.103,1.573535e-02,3.422532e-03,4.394531e-03,2.758789e-02,2000,0,3.147070e-04
2026-07-20T18:12:35.300,1784560355.300,287.203,1.551746e-02,3.536244e-03,1.220703e-03,2.685547e-02,2000,0,3.103491e-04
2026-07-20T18:12:35.401,1784560355.401,287.303,1.617627e-02,3.436451e-03,2.441406e-03,2.905273e-02,2000,0,3.235254e-04
2026-07-20T18:12:35.500,1784560355.500,287.403,1.705579e-02,3.634696e-03,4.150391e-03,2.783203e-02,2000,0,3.411157e-04
2026-07-20T18:12:35.598,1784560355.598,287.503,1.700366e-02,3.613985e-03,3.417969e-03,2.905273e-02,2000,0,3.400732e-04
2026-07-20T18:12:35.700,1784560355.701,287.603,1.785559e-02,3.511875e-03,5.859375e-03,2.905273e-02,2000,0,3.571118e-04
2026-07-20T18:12:35.801,1784560355.801,287.703,1.834717e-02,3.641843e-03,5.615234e-03,2.856445e-02,2000,0,3.669434e-04
2026-07-20T18:12:35.901,1784560355.901,287.803,1.896863e-02,3.735278e-03,5.371094e-03,3.198242e-02,2000,0,3.793726e-04
2026-07-20T18:12:36.001,1784560356.001,287.903,2.000305e-02,3.684987e-03,7.812500e-03,3.247070e-02,2000,0,4.000610e-04
2026-07-20T18:12:36.101,1784560356.101,288.003,2.153564e-02,3.752116e-03,5.126953e-03,3.320312e-02,2000,0,4.307129e-04
2026-07-20T18:12:36.200,1784560356.200,288.103,2.182935e-02,3.782797e-03,1.000977e-02,3.466797e-02,2000,0,4.365869e-04
2026-07-20T18:12:36.301,1784560356.301,288.203,2.460156e-02,3.934826e-03,1.147461e-02,3.735352e-02,2000,0,4.920313e-04
2026-07-20T18:12:36.400,1784560356.400,288.303,2.693604e-02,3.936945e-03,1.342773e-02,3.710938e-02,2000,0,5.387207e-04
2026-07-20T18:12:36.500,1784560356.500,288.403,2.945959e-02,3.765748e-03,1.318359e-02,4.052734e-02,2000,0,5.891919e-04
2026-07-20T18:12:36.601,1784560356.601,288.503,3.237732e-02,3.579864e-03,2.001953e-02,4.345703e-02,2000,0,6.475464e-04
2026-07-20T18:12:36.700,1784560356.701,288.603,3.627637e-02,3.751046e-03,2.319336e-02,4.638672e-02,2000,0,7.255273e-04
2026-07-20T18:12:36.800,1784560356.800,288.703,3.950452e-02,4.078549e-03,2.099609e-02,5.566406e-02,2000,0,7.900903e-04
2026-07-20T18:12:36.900,1784560356.900,288.803,4.430652e-02,3.878553e-03,3.149414e-02,5.468750e-02,2000,0,8.861304e-04
2026-07-20T18:12:37.001,1784560357.001,288.903,4.964917e-02,3.756024e-03,3.466797e-02,6.054688e-02,2000,0,9.929834e-04
2026-07-20T18:12:37.100,1784560357.100,289.003,5.426379e-02,4.122779e-03,4.125977e-02,6.640625e-02,2000,0,1.085276e-03
2026-07-20T18:12:37.201,1784560357.201,289.103,5.912207e-02,3.949937e-03,4.687500e-02,7.006836e-02,2000,0,1.182441e-03
2026-07-20T18:12:37.300,1784560357.300,289.203,6.504333e-02,3.889599e-03,5.200195e-02,7.641602e-02,2000,0,1.300867e-03
2026-07-20T18:12:37.400,1784560357.400,289.303,7.012488e-02,4.146633e-03,5.761719e-02,8.154297e-02,2000,0,1.402498e-03
2026-07-20T18:12:37.501,1784560357.501,289.403,7.555261e-02,3.965573e-03,6.079102e-02,8.666992e-02,2000,0,1.511052e-03
2026-07-20T18:12:37.601,1784560357.601,289.503,8.226880e-02,3.898416e-03,6.884766e-02,9.545898e-02,2000,0,1.645376e-03
2026-07-20T18:12:37.701,1784560357.701,289.603,8.713184e-02,3.895595e-03,7.617188e-02,9.887695e-02,2000,0,1.742637e-03
2026-07-20T18:12:37.801,1784560357.801,289.703,9.325098e-02,3.904984e-03,8.178711e-02,1.042480e-01,2000,0,1.865020e-03
2026-07-20T18:12:37.900,1784560357.900,289.803,9.956641e-02,4.113281e-03,8.764648e-02,1.113281e-01,2000,0,1.991328e-03
2026-07-20T18:12:38.001,1784560358.001,289.903,1.051484e-01,4.066980e-03,8.862305e-02,1.206055e-01,2000,0,2.102969e-03
2026-07-20T18:12:38.101,1784560358.101,290.003,1.114327e-01,3.967040e-03,9.960938e-02,1.232910e-01,2000,0,2.228655e-03
2026-07-20T18:12:38.200,1784560358.200,290.103,1.177567e-01,3.964994e-03,9.887695e-02,1.293945e-01,2000,0,2.355134e-03
2026-07-20T18:12:38.300,1784560358.300,290.203,1.229431e-01,3.816031e-03,1.103516e-01,1.362305e-01,2000,0,2.458862e-03
2026-07-20T18:12:38.400,1784560358.400,290.303,1.281042e-01,3.877878e-03,1.164551e-01,1.398926e-01,2000,0,2.562085e-03
2026-07-20T18:12:38.501,1784560358.501,290.403,1.336473e-01,3.931282e-03,1.218262e-01,1.462402e-01,2000,0,2.672947e-03
2026-07-20T18:12:38.601,1784560358.601,290.503,1.373217e-01,4.048975e-03,1.250000e-01,1.496582e-01,2000,0,2.746433e-03
2026-07-20T18:12:38.701,1784560358.701,290.604,1.418168e-01,3.909731e-03,1.296387e-01,1.547852e-01,2000,0,2.836335e-03
2026-07-20T18:12:38.801,1784560358.801,290.703,1.459828e-01,4.047065e-03,1.325684e-01,1.601562e-01,2000,0,2.919656e-03
2026-07-20T18:12:38.900,1784560358.900,290.803,1.490571e-01,4.015765e-03,1.376953e-01,1.628418e-01,2000,0,2.981143e-03
2026-07-20T18:12:39.001,1784560359.001,290.903,1.517528e-01,4.023454e-03,1.391602e-01,1.660156e-01,2000,0,3.035056e-03
2026-07-20T18:12:39.100,1784560359.100,291.003,1.550060e-01,3.922797e-03,1.369629e-01,1.689453e-01,2000,0,3.100120e-03
2026-07-20T18:12:39.200,1784560359.200,291.103,1.570209e-01,3.767697e-03,1.457520e-01,1.713867e-01,2000,0,3.140417e-03
2026-07-20T18:12:39.301,1784560359.301,291.204,1.588058e-01,4.066814e-03,1.440430e-01,1.745605e-01,2000,0,3.176116e-03
2026-07-20T18:12:39.401,1784560359.401,291.303,1.609757e-01,3.919711e-03,1.467285e-01,1.760254e-01,2000,0,3.219514e-03
2026-07-20T18:12:39.500,1784560359.500,291.403,1.624282e-01,3.877960e-03,1.499023e-01,1.774902e-01,2000,0,3.248564e-03
2026-07-20T18:12:39.601,1784560359.601,291.503,1.637124e-01,3.965799e-03,1.501465e-01,1.777344e-01,2000,0,3.274248e-03
2026-07-20T18:12:39.700,1784560359.701,291.603,1.646240e-01,3.715889e-03,1.520996e-01,1.774902e-01,2000,0,3.292480e-03
2026-07-20T18:12:39.800,1784560359.800,291.703,1.645187e-01,3.765921e-03,1.516113e-01,1.813965e-01,2000,0,3.290374e-03
2026-07-20T18:12:39.901,1784560359.901,291.803,1.655853e-01,3.844390e-03,1.513672e-01,1.799316e-01,2000,0,3.311707e-03
2026-07-20T18:12:40.000,1784560360.000,291.903,1.661732e-01,3.640920e-03,1.533203e-01,1.801758e-01,2000,0,3.323464e-03
2026-07-20T18:12:40.101,1784560360.101,292.003,1.656075e-01,3.759612e-03,1.533203e-01,1.774902e-01,2000,0,3.312151e-03
2026-07-20T18:12:40.200,1784560360.200,292.103,1.659983e-01,3.638031e-03,1.540527e-01,1.835938e-01,2000,0,3.319966e-03
2026-07-20T18:12:40.300,1784560360.300,292.203,1.655845e-01,3.550028e-03,1.547852e-01,1.779785e-01,2000,0,3.311689e-03
2026-07-20T18:12:40.400,1784560360.400,292.303,1.644819e-01,3.432442e-03,1.550293e-01,1.796875e-01,2000,0,3.289639e-03
2026-07-20T18:12:40.498,1784560360.498,292.403,1.645012e-01,3.504399e-03,1.538086e-01,1.794434e-01,2000,0,3.290024e-03
2026-07-20T18:12:40.600,1784560360.601,292.503,1.632068e-01,3.442954e-03,1.503906e-01,1.748047e-01,2000,0,3.264136e-03
2026-07-20T18:12:40.700,1784560360.700,292.603,1.620084e-01,3.327096e-03,1.513672e-01,1.726074e-01,2000,0,3.240168e-03
2026-07-20T18:12:40.798,1784560360.798,292.703,1.613516e-01,3.165716e-03,1.511230e-01,1.748047e-01,2000,0,3.227031e-03
2026-07-20T18:12:40.900,1784560360.900,292.803,1.602001e-01,3.068579e-03,1.496582e-01,1.838379e-01,2000,0,3.204001e-03
2026-07-20T18:12:41.001,1784560361.001,292.903,1.578044e-01,3.153436e-03,1.469727e-01,1.679688e-01,2000,0,3.156089e-03
2026-07-20T18:12:41.100,1784560361.100,293.003,1.575894e-01,3.038818e-03,1.467285e-01,1.723633e-01,2000,0,3.151787e-03
2026-07-20T18:12:41.200,1784560361.200,293.103,1.558195e-01,3.030105e-03,1.437988e-01,1.652832e-01,2000,0,3.116389e-03
2026-07-20T18:12:41.300,1784560361.300,293.203,1.537661e-01,3.203342e-03,1.440430e-01,1.647949e-01,2000,0,3.075322e-03
2026-07-20T18:12:41.401,1784560361.401,293.303,1.527793e-01,3.253693e-03,1.396484e-01,1.630859e-01,2000,0,3.055586e-03
2026-07-20T18:12:41.500,1784560361.500,293.403,1.514802e-01,3.221913e-03,1.386719e-01,1.628418e-01,2000,0,3.029604e-03
2026-07-20T18:12:41.600,1784560361.600,293.503,1.491812e-01,3.023314e-03,1.384277e-01,1.596680e-01,2000,0,2.983623e-03
2026-07-20T18:12:41.698,1784560361.698,293.603,1.475760e-01,3.155797e-03,1.354980e-01,1.596680e-01,2000,0,2.951521e-03
2026-07-20T18:12:41.800,1784560361.800,293.703,1.457776e-01,3.144717e-03,1.359863e-01,1.562500e-01,2000,0,2.915552e-03
2026-07-20T18:12:41.900,1784560361.900,293.803,1.434393e-01,3.037057e-03,1.330566e-01,1.538086e-01,2000,0,2.868787e-03
2026-07-20T18:12:42.001,1784560362.001,293.903,1.417087e-01,3.167176e-03,1.313477e-01,1.625977e-01,2000,0,2.834175e-03
2026-07-20T18:12:42.101,1784560362.101,294.003,1.401030e-01,3.070935e-03,1.281738e-01,1.520996e-01,2000,0,2.802061e-03
2026-07-20T18:12:42.200,1784560362.200,294.103,1.374325e-01,3.074831e-03,1.254883e-01,1.477051e-01,2000,0,2.748650e-03
2026-07-20T18:12:42.300,1784560362.300,294.203,1.357921e-01,3.161236e-03,1.259766e-01,1.459961e-01,2000,0,2.715842e-03
2026-07-20T18:12:42.400,1784560362.401,294.303,1.338221e-01,3.084378e-03,1.240234e-01,1.501465e-01,2000,0,2.676443e-03
2026-07-20T18:12:42.500,1784560362.501,294.403,1.307146e-01,3.198618e-03,1.206055e-01,1.433105e-01,2000,0,2.614292e-03
2026-07-20T18:12:42.600,1784560362.601,294.503,1.294115e-01,3.152579e-03,1.164551e-01,1.408691e-01,2000,0,2.588230e-03
2026-07-20T18:12:42.700,1784560362.700,294.603,1.274451e-01,3.107640e-03,1.179199e-01,1.437988e-01,2000,0,2.548901e-03
2026-07-20T18:12:42.800,1784560362.800,294.703,1.247490e-01,3.031242e-03,1.137695e-01,1.340332e-01,2000,0,2.494980e-03
2026-07-20T18:12:42.898,1784560362.898,294.803,1.229176e-01,3.145533e-03,1.101074e-01,1.335449e-01,2000,0,2.458352e-03
2026-07-20T18:12:43.000,1784560363.000,294.903,1.210112e-01,3.091034e-03,1.098633e-01,1.320801e-01,2000,0,2.420225e-03
2026-07-20T18:12:43.100,1784560363.100,295.003,1.179761e-01,3.199575e-03,1.032715e-01,1.281738e-01,2000,0,2.359521e-03
2026-07-20T18:12:43.200,1784560363.200,295.103,1.150803e-01,2.983103e-03,1.059570e-01,1.252441e-01,2000,0,2.301606e-03
2026-07-20T18:12:43.300,1784560363.300,295.203,1.140895e-01,3.270210e-03,1.022949e-01,1.286621e-01,2000,0,2.281790e-03
2026-07-20T18:12:43.400,1784560363.400,295.303,1.114442e-01,3.035390e-03,9.912109e-02,1.218262e-01,2000,0,2.228884e-03
2026-07-20T18:12:43.500,1784560363.500,295.403,1.098387e-01,2.960243e-03,9.814453e-02,1.218262e-01,2000,0,2.196775e-03
2026-07-20T18:12:43.598,1784560363.598,295.503,1.079653e-01,3.111801e-03,9.814453e-02,1.176758e-01,2000,0,2.159307e-03
2026-07-20T18:12:43.698,1784560363.698,295.603,1.052789e-01,2.988564e-03,9.667969e-02,1.145020e-01,2000,0,2.105579e-03
2026-07-20T18:12:43.800,1784560363.801,295.703,1.039290e-01,2.982243e-03,9.423828e-02,1.137695e-01,2000,0,2.078579e-03
2026-07-20T18:12:43.901,1784560363.901,295.804,1.015599e-01,2.837093e-03,9.082031e-02,1.103516e-01,2000,0,2.031199e-03
2026-07-20T18:12:44.000,1784560364.000,295.903,9.837329e-02,2.814625e-03,8.862305e-02,1.086426e-01,2000,0,1.967466e-03
2026-07-20T18:12:44.098,1784560364.098,296.003,9.723621e-02,2.668842e-03,8.837891e-02,1.074219e-01,2000,0,1.944724e-03
2026-07-20T18:12:44.200,1784560364.200,296.103,9.517273e-02,2.670286e-03,7.763672e-02,1.044922e-01,2000,0,1.903455e-03
2026-07-20T18:12:44.301,1784560364.301,296.204,9.266370e-02,2.612846e-03,8.398438e-02,1.032715e-01,2000,0,1.853274e-03
2026-07-20T18:12:44.398,1784560364.398,296.303,9.091272e-02,2.525578e-03,7.958984e-02,1.071777e-01,2000,0,1.818254e-03
2026-07-20T18:12:44.498,1784560364.498,296.403,8.932581e-02,2.444770e-03,7.739258e-02,9.692383e-02,2000,0,1.786516e-03
2026-07-20T18:12:44.600,1784560364.600,296.503,8.631616e-02,2.690086e-03,7.666016e-02,9.570312e-02,2000,0,1.726323e-03
2026-07-20T18:12:44.700,1784560364.701,296.603,8.473303e-02,2.539991e-03,7.495117e-02,9.375000e-02,2000,0,1.694661e-03
2026-07-20T18:12:44.798,1784560364.798,296.703,8.297388e-02,2.470019e-03,7.446289e-02,9.204102e-02,2000,0,1.659478e-03
2026-07-20T18:12:44.898,1784560364.898,296.803,7.997119e-02,2.386993e-03,7.250977e-02,8.764648e-02,2000,0,1.599424e-03
2026-07-20T18:12:45.001,1784560365.001,296.903,7.843286e-02,2.434143e-03,6.835938e-02,8.813477e-02,2000,0,1.568657e-03
2026-07-20T18:12:45.098,1784560365.098,297.003,7.735852e-02,2.385705e-03,6.811523e-02,8.642578e-02,2000,0,1.547170e-03
2026-07-20T18:12:45.198,1784560365.198,297.103,7.507336e-02,2.545065e-03,6.665039e-02,8.422852e-02,2000,0,1.501467e-03
2026-07-20T18:12:45.300,1784560365.300,297.203,7.315869e-02,2.482852e-03,6.542969e-02,8.447266e-02,2000,0,1.463174e-03
2026-07-20T18:12:45.398,1784560365.398,297.303,7.217749e-02,2.525111e-03,6.372070e-02,8.056641e-02,2000,0,1.443550e-03
2026-07-20T18:12:45.500,1784560365.500,297.403,6.889905e-02,2.646198e-03,6.030273e-02,7.714844e-02,2000,0,1.377981e-03
2026-07-20T18:12:45.600,1784560365.601,297.503,6.726514e-02,2.671546e-03,5.273438e-02,7.543945e-02,2000,0,1.345303e-03
2026-07-20T18:12:45.700,1784560365.700,297.603,6.640234e-02,2.546537e-03,5.639648e-02,7.495117e-02,2000,0,1.328047e-03
2026-07-20T18:12:45.798,1784560365.798,297.703,6.448669e-02,2.643724e-03,5.639648e-02,7.446289e-02,2000,0,1.289734e-03
2026-07-20T18:12:45.898,1784560365.898,297.803,6.291113e-02,2.668024e-03,5.395508e-02,7.470703e-02,2000,0,1.258223e-03
2026-07-20T18:12:45.998,1784560365.998,297.903,6.182910e-02,2.705542e-03,5.126953e-02,7.690430e-02,2000,0,1.236582e-03
2026-07-20T18:12:46.100,1784560366.101,298.003,5.966064e-02,2.763205e-03,4.882812e-02,7.128906e-02,2000,0,1.193213e-03
2026-07-20T18:12:46.201,1784560366.202,298.103,5.801978e-02,3.049773e-03,4.858398e-02,6.713867e-02,2000,0,1.160396e-03
2026-07-20T18:12:46.300,1784560366.300,298.203,5.701208e-02,2.915202e-03,4.467773e-02,6.567383e-02,2000,0,1.140242e-03
2026-07-20T18:12:46.400,1784560366.400,298.303,5.435461e-02,2.969149e-03,4.125977e-02,6.567383e-02,2000,0,1.087092e-03
2026-07-20T18:12:46.500,1784560366.500,298.403,5.333655e-02,2.995824e-03,4.248047e-02,6.469727e-02,2000,0,1.066731e-03
2026-07-20T18:12:46.600,1784560366.600,298.503,5.213428e-02,3.091839e-03,4.199219e-02,6.079102e-02,2000,0,1.042686e-03
2026-07-20T18:12:46.698,1784560366.698,298.603,5.062329e-02,2.864305e-03,4.174805e-02,6.054688e-02,2000,0,1.012466e-03
2026-07-20T18:12:46.800,1784560366.800,298.703,4.897180e-02,2.947842e-03,4.028320e-02,6.103516e-02,2000,0,9.794360e-04
2026-07-20T18:12:46.898,1784560366.898,298.803,4.755212e-02,2.941314e-03,3.735352e-02,6.079102e-02,2000,0,9.510425e-04
2026-07-20T18:12:46.998,1784560366.998,298.903,4.640869e-02,2.891154e-03,3.588867e-02,5.541992e-02,2000,0,9.281738e-04
2026-07-20T18:12:47.100,1784560367.101,299.003,4.492761e-02,2.999603e-03,3.662109e-02,6.274414e-02,2000,0,8.985522e-04
2026-07-20T18:12:47.200,1784560367.201,299.103,4.359497e-02,2.933416e-03,3.369141e-02,5.249023e-02,2000,0,8.718994e-04
2026-07-20T18:12:47.298,1784560367.298,299.203,4.202307e-02,2.993024e-03,2.832031e-02,5.126953e-02,2000,0,8.404614e-04
2026-07-20T18:12:47.398,1784560367.398,299.303,4.090527e-02,3.080729e-03,3.222656e-02,5.004883e-02,2000,0,8.181055e-04
2026-07-20T18:12:47.498,1784560367.498,299.403,3.991443e-02,3.019644e-03,3.051758e-02,5.029297e-02,2000,0,7.982886e-04
2026-07-20T18:12:47.600,1784560367.601,299.503,3.873669e-02,2.898666e-03,3.002930e-02,4.980469e-02,2000,0,7.747339e-04
2026-07-20T18:12:47.698,1784560367.699,299.603,3.719141e-02,2.936476e-03,2.758789e-02,5.053711e-02,2000,0,7.438281e-04
2026-07-20T18:12:47.798,1784560367.798,299.703,3.684167e-02,2.711678e-03,2.514648e-02,4.614258e-02,2000,0,7.368335e-04
2026-07-20T18:12:47.900,1784560367.901,299.803,3.476807e-02,2.755329e-03,2.563477e-02,4.443359e-02,2000,0,6.953613e-04
2026-07-20T18:12:47.998,1784560367.998,299.903,3.383215e-02,2.742082e-03,2.270508e-02,4.394531e-02,2000,0,6.766431e-04
