# board,CSE142502
# channel,1
# input_range_mv,4000
# impedance_ohm,1000000
# sample_rate,1000000
# samples_per_reading,2000
# rate_hz,10.0
# duration_s,300.0
# start,2026-07-20T17:53:29
# value,mean_v = raw volts at DAQ input. r_v = R in volts = mean_v × 0.02 (SEN full-scale = 20 mV; ±1.0 V output = full scale).
# param:Laser.wavelength,1297.6,cm^-1
# param:Laser.power,3.21,W
# param:Laser.rep_rate,12458.8,Hz
# param:Laser.pulse_width,500,ns
# param:Lock-in.sensitivity,20 mV
# param:Lock-in.time_constant,3 s
# param:Lock-in.mod_frequency,12458.8,Hz
# param:Gas.gas_type,N2
# param:Gas.concentration,100,%
# param:Gas.adm_pressure,600,torr
# param:General.operator,burak
# param:General.notes,laser open-1
iso_time,epoch_s,elapsed_s,mean_v,std_v,min_v,max_v,n,clipped,r_v
2026-07-20T17:53:32.031,1784559212.031,0.004,5.229393e-01,3.196461e-03,5.097656e-01,5.334473e-01,2000,0,1.045879e-02
2026-07-20T17:53:32.128,1784559212.129,0.103,5.242050e-01,3.012164e-03,5.119629e-01,5.351562e-01,2000,0,1.048410e-02
2026-07-20T17:53:32.228,1784559212.229,0.203,5.241001e-01,2.998134e-03,5.146484e-01,5.400391e-01,2000,0,1.048200e-02
2026-07-20T17:53:32.330,1784559212.331,0.303,5.250724e-01,2.994585e-03,5.148926e-01,5.356445e-01,2000,0,1.050145e-02
2026-07-20T17:53:32.428,1784559212.429,0.403,5.260552e-01,3.152920e-03,5.166016e-01,5.407715e-01,2000,0,1.052110e-02
2026-07-20T17:53:32.528,1784559212.529,0.503,5.261525e-01,3.087438e-03,5.144043e-01,5.361328e-01,2000,0,1.052305e-02
2026-07-20T17:53:32.628,1784559212.629,0.603,5.272272e-01,3.220866e-03,5.158691e-01,5.393066e-01,2000,0,1.054454e-02
2026-07-20T17:53:32.728,1784559212.729,0.703,5.265596e-01,3.082676e-03,5.156250e-01,5.378418e-01,2000,0,1.053119e-02
2026-07-20T17:53:32.828,1784559212.828,0.803,5.276432e-01,3.211894e-03,5.163574e-01,5.375977e-01,2000,0,1.055286e-02
2026-07-20T17:53:32.928,1784559212.929,0.903,5.280555e-01,3.249642e-03,5.126953e-01,5.395508e-01,2000,0,1.056111e-02
2026-07-20T17:53:33.028,1784559213.028,1.003,5.279857e-01,3.217494e-03,5.170898e-01,5.385742e-01,2000,0,1.055971e-02
2026-07-20T17:53:33.128,1784559213.129,1.103,5.281917e-01,3.300961e-03,5.153809e-01,5.397949e-01,2000,0,1.056383e-02
2026-07-20T17:53:33.228,1784559213.229,1.203,5.288914e-01,3.314429e-03,5.192871e-01,5.397949e-01,2000,0,1.057783e-02
2026-07-20T17:53:33.328,1784559213.329,1.303,5.286152e-01,3.255263e-03,5.173340e-01,5.402832e-01,2000,0,1.057230e-02
2026-07-20T17:53:33.428,1784559213.429,1.403,5.288661e-01,3.434348e-03,5.183105e-01,5.395508e-01,2000,0,1.057732e-02
2026-07-20T17:53:33.528,1784559213.529,1.503,5.296019e-01,3.281837e-03,5.156250e-01,5.415039e-01,2000,0,1.059204e-02
2026-07-20T17:53:33.628,1784559213.629,1.603,5.294989e-01,3.314902e-03,5.195312e-01,5.390625e-01,2000,0,1.058998e-02
2026-07-20T17:53:33.728,1784559213.729,1.703,5.297971e-01,3.318405e-03,5.190430e-01,5.422363e-01,2000,0,1.059594e-02
2026-07-20T17:53:33.828,1784559213.829,1.803,5.302281e-01,3.342972e-03,5.187988e-01,5.412598e-01,2000,0,1.060456e-02
2026-07-20T17:53:33.928,1784559213.929,1.903,5.303854e-01,3.461190e-03,5.168457e-01,5.424805e-01,2000,0,1.060771e-02
2026-07-20T17:53:34.028,1784559214.029,2.003,5.308944e-01,3.301997e-03,5.190430e-01,5.417480e-01,2000,0,1.061789e-02
2026-07-20T17:53:34.130,1784559214.130,2.103,5.312106e-01,3.232780e-03,5.197754e-01,5.412598e-01,2000,0,1.062421e-02
2026-07-20T17:53:34.228,1784559214.229,2.203,5.301824e-01,3.282115e-03,5.202637e-01,5.390625e-01,2000,0,1.060365e-02
2026-07-20T17:53:34.330,1784559214.331,2.303,5.315840e-01,3.262723e-03,5.197754e-01,5.446777e-01,2000,0,1.063168e-02
2026-07-20T17:53:34.430,1784559214.431,2.403,5.320947e-01,3.144465e-03,5.212402e-01,5.424805e-01,2000,0,1.064189e-02
2026-07-20T17:53:34.530,1784559214.531,2.503,5.323638e-01,3.005263e-03,5.222168e-01,5.427246e-01,2000,0,1.064728e-02
2026-07-20T17:53:34.630,1784559214.631,2.603,5.321437e-01,3.072413e-03,5.180664e-01,5.432129e-01,2000,0,1.064287e-02
2026-07-20T17:53:34.730,1784559214.731,2.703,5.330583e-01,3.018820e-03,5.209961e-01,5.427246e-01,2000,0,1.066117e-02
2026-07-20T17:53:34.830,1784559214.831,2.803,5.328207e-01,2.816822e-03,5.195312e-01,5.488281e-01,2000,0,1.065641e-02
2026-07-20T17:53:34.930,1784559214.931,2.903,5.325999e-01,2.836470e-03,5.214844e-01,5.415039e-01,2000,0,1.065200e-02
2026-07-20T17:53:35.030,1784559215.031,3.003,5.325968e-01,2.805044e-03,5.197754e-01,5.427246e-01,2000,0,1.065194e-02
2026-07-20T17:53:35.129,1784559215.129,3.103,5.325536e-01,2.703963e-03,5.236816e-01,5.473633e-01,2000,0,1.065107e-02
2026-07-20T17:53:35.230,1784559215.231,3.203,5.317698e-01,2.666351e-03,5.227051e-01,5.407715e-01,2000,0,1.063540e-02
2026-07-20T17:53:35.330,1784559215.331,3.303,5.315436e-01,2.508924e-03,5.231934e-01,5.402832e-01,2000,0,1.063087e-02
2026-07-20T17:53:35.430,1784559215.431,3.403,5.307906e-01,2.587781e-03,5.212402e-01,5.402832e-01,2000,0,1.061581e-02
2026-07-20T17:53:35.530,1784559215.531,3.503,5.301780e-01,2.466039e-03,5.212402e-01,5.449219e-01,2000,0,1.060356e-02
2026-07-20T17:53:35.628,1784559215.629,3.603,5.293134e-01,2.611209e-03,5.187988e-01,5.371094e-01,2000,0,1.058627e-02
2026-07-20T17:53:35.730,1784559215.731,3.703,5.269377e-01,2.635107e-03,5.161133e-01,5.400391e-01,2000,0,1.053875e-02
2026-07-20T17:53:35.828,1784559215.829,3.803,5.271050e-01,2.475344e-03,5.197754e-01,5.390625e-01,2000,0,1.054210e-02
2026-07-20T17:53:35.928,1784559215.929,3.903,5.263115e-01,2.561593e-03,5.129395e-01,5.349121e-01,2000,0,1.052623e-02
2026-07-20T17:53:36.028,1784559216.029,4.003,5.255785e-01,2.518170e-03,5.161133e-01,5.339355e-01,2000,0,1.051157e-02
2026-07-20T17:53:36.130,1784559216.131,4.103,5.240557e-01,2.471880e-03,5.141602e-01,5.341797e-01,2000,0,1.048111e-02
2026-07-20T17:53:36.228,1784559216.228,4.203,5.228359e-01,2.394591e-03,5.153809e-01,5.354004e-01,2000,0,1.045672e-02
2026-07-20T17:53:36.328,1784559216.328,4.303,5.214188e-01,2.577360e-03,5.114746e-01,5.310059e-01,2000,0,1.042838e-02
2026-07-20T17:53:36.428,1784559216.429,4.403,5.198718e-01,2.458303e-03,5.083008e-01,5.292969e-01,2000,0,1.039744e-02
2026-07-20T17:53:36.528,1784559216.529,4.503,5.188528e-01,2.701382e-03,5.075684e-01,5.290527e-01,2000,0,1.037706e-02
2026-07-20T17:53:36.628,1784559216.629,4.603,5.176957e-01,2.658799e-03,5.090332e-01,5.261230e-01,2000,0,1.035391e-02
2026-07-20T17:53:36.730,1784559216.731,4.703,5.157267e-01,2.846297e-03,5.048828e-01,5.263672e-01,2000,0,1.031453e-02
2026-07-20T17:53:36.828,1784559216.829,4.803,5.146034e-01,2.865762e-03,5.051270e-01,5.231934e-01,2000,0,1.029207e-02
2026-07-20T17:53:36.928,1784559216.929,4.903,5.129435e-01,2.900646e-03,5.034180e-01,5.246582e-01,2000,0,1.025887e-02
2026-07-20T17:53:37.028,1784559217.029,5.003,5.108702e-01,2.888787e-03,5.019531e-01,5.212402e-01,2000,0,1.021740e-02
2026-07-20T17:53:37.128,1784559217.129,5.103,5.097671e-01,2.838254e-03,5.014648e-01,5.202637e-01,2000,0,1.019534e-02
2026-07-20T17:53:37.228,1784559217.229,5.203,5.078257e-01,2.889145e-03,4.980469e-01,5.180664e-01,2000,0,1.015651e-02
2026-07-20T17:53:37.328,1784559217.329,5.303,5.071831e-01,2.809982e-03,4.980469e-01,5.178223e-01,2000,0,1.014366e-02
2026-07-20T17:53:37.428,1784559217.429,5.403,5.061609e-01,3.068856e-03,4.938965e-01,5.161133e-01,2000,0,1.012322e-02
2026-07-20T17:53:37.528,1784559217.528,5.503,5.052958e-01,2.942227e-03,4.943848e-01,5.166016e-01,2000,0,1.010592e-02
2026-07-20T17:53:37.628,1784559217.629,5.603,5.041472e-01,3.069051e-03,4.946289e-01,5.180664e-01,2000,0,1.008294e-02
2026-07-20T17:53:37.728,1784559217.729,5.703,5.038104e-01,3.036264e-03,4.938965e-01,5.144043e-01,2000,0,1.007621e-02
2026-07-20T17:53:37.828,1784559217.829,5.803,5.033710e-01,3.134726e-03,4.926758e-01,5.151367e-01,2000,0,1.006742e-02
2026-07-20T17:53:37.930,1784559217.931,5.903,5.024572e-01,3.188857e-03,4.914551e-01,5.124512e-01,2000,0,1.004914e-02
2026-07-20T17:53:38.028,1784559218.029,6.003,5.014757e-01,3.270824e-03,4.897461e-01,5.156250e-01,2000,0,1.002951e-02
2026-07-20T17:53:38.128,1784559218.129,6.103,5.012404e-01,3.076065e-03,4.914551e-01,5.119629e-01,2000,0,1.002481e-02
2026-07-20T17:53:38.230,1784559218.231,6.203,5.007843e-01,3.195756e-03,4.877930e-01,5.119629e-01,2000,0,1.001569e-02
2026-07-20T17:53:38.328,1784559218.329,6.303,5.007202e-01,3.329245e-03,4.904785e-01,5.117188e-01,2000,0,1.001440e-02
2026-07-20T17:53:38.428,1784559218.429,6.403,5.004637e-01,3.143944e-03,4.863281e-01,5.102539e-01,2000,0,1.000927e-02
2026-07-20T17:53:38.528,1784559218.529,6.503,4.998826e-01,2.996289e-03,4.899902e-01,5.126953e-01,2000,0,9.997651e-03
2026-07-20T17:53:38.628,1784559218.629,6.603,4.995786e-01,3.023058e-03,4.895020e-01,5.097656e-01,2000,0,9.991572e-03
2026-07-20T17:53:38.728,1784559218.729,6.703,4.994607e-01,3.046385e-03,4.892578e-01,5.083008e-01,2000,0,9.989214e-03
2026-07-20T17:53:38.828,1784559218.829,6.803,4.988729e-01,2.973974e-03,4.902344e-01,5.134277e-01,2000,0,9.977458e-03
2026-07-20T17:53:38.928,1784559218.929,6.903,4.986738e-01,3.054836e-03,4.890137e-01,5.087891e-01,2000,0,9.973477e-03
2026-07-20T17:53:39.028,1784559219.029,7.003,4.983082e-01,2.859131e-03,4.851074e-01,5.078125e-01,2000,0,9.966165e-03
2026-07-20T17:53:39.128,1784559219.129,7.103,4.977187e-01,3.037081e-03,4.877930e-01,5.078125e-01,2000,0,9.954375e-03
2026-07-20T17:53:39.228,1784559219.229,7.203,4.977826e-01,2.871707e-03,4.887695e-01,5.065918e-01,2000,0,9.955652e-03
2026-07-20T17:53:39.328,1784559219.329,7.303,4.975411e-01,2.855886e-03,4.875488e-01,5.078125e-01,2000,0,9.950823e-03
2026-07-20T17:53:39.430,1784559219.431,7.403,4.956509e-01,3.011288e-03,4.855957e-01,5.058594e-01,2000,0,9.913018e-03
2026-07-20T17:53:39.528,1784559219.529,7.503,4.974017e-01,2.970357e-03,4.873047e-01,5.170898e-01,2000,0,9.948035e-03
2026-07-20T17:53:39.630,1784559219.631,7.603,4.965065e-01,2.879584e-03,4.863281e-01,5.058594e-01,2000,0,9.930129e-03
2026-07-20T17:53:39.730,1784559219.731,7.703,4.963391e-01,2.868938e-03,4.877930e-01,5.073242e-01,2000,0,9.926782e-03
2026-07-20T17:53:39.830,1784559219.831,7.803,4.963719e-01,2.800475e-03,4.855957e-01,5.048828e-01,2000,0,9.927439e-03
2026-07-20T17:53:39.930,1784559219.931,7.903,4.960179e-01,2.883993e-03,4.851074e-01,5.073242e-01,2000,0,9.920359e-03
2026-07-20T17:53:40.029,1784559220.029,8.003,4.945510e-01,2.670917e-03,4.843750e-01,5.026855e-01,2000,0,9.891021e-03
2026-07-20T17:53:40.128,1784559220.129,8.103,4.942625e-01,2.898506e-03,4.838867e-01,5.043945e-01,2000,0,9.885249e-03
2026-07-20T17:53:40.230,1784559220.231,8.203,4.950750e-01,2.775333e-03,4.843750e-01,5.034180e-01,2000,0,9.901499e-03
2026-07-20T17:53:40.330,1784559220.331,8.303,4.939934e-01,2.867446e-03,4.819336e-01,5.056152e-01,2000,0,9.879868e-03
2026-07-20T17:53:40.428,1784559220.429,8.403,4.936499e-01,2.740514e-03,4.829102e-01,5.029297e-01,2000,0,9.872998e-03
2026-07-20T17:53:40.530,1784559220.531,8.503,4.934950e-01,2.891970e-03,4.833984e-01,5.034180e-01,2000,0,9.869900e-03
2026-07-20T17:53:40.628,1784559220.629,8.603,4.932939e-01,2.770636e-03,4.838867e-01,5.029297e-01,2000,0,9.865879e-03
2026-07-20T17:53:40.730,1784559220.731,8.703,4.935574e-01,2.824557e-03,4.826660e-01,5.036621e-01,2000,0,9.871147e-03
2026-07-20T17:53:40.828,1784559220.829,8.803,4.929067e-01,2.838465e-03,4.814453e-01,5.031738e-01,2000,0,9.858135e-03
2026-07-20T17:53:40.930,1784559220.931,8.903,4.925925e-01,2.802366e-03,4.826660e-01,5.024414e-01,2000,0,9.851851e-03
2026-07-20T17:53:41.030,1784559221.031,9.003,4.927091e-01,2.992410e-03,4.804688e-01,5.034180e-01,2000,0,9.854182e-03
2026-07-20T17:53:41.130,1784559221.131,9.103,4.929320e-01,2.971775e-03,4.824219e-01,5.019531e-01,2000,0,9.858640e-03
2026-07-20T17:53:41.230,1784559221.231,9.203,4.927831e-01,2.982599e-03,4.826660e-01,5.041504e-01,2000,0,9.855662e-03
2026-07-20T17:53:41.330,1784559221.331,9.303,4.931992e-01,3.029620e-03,4.836426e-01,5.021973e-01,2000,0,9.863984e-03
2026-07-20T17:53:41.430,1784559221.431,9.403,4.933146e-01,2.983169e-03,4.814453e-01,5.041504e-01,2000,0,9.866292e-03
2026-07-20T17:53:41.528,1784559221.529,9.503,4.929570e-01,2.983613e-03,4.758301e-01,5.021973e-01,2000,0,9.859141e-03
2026-07-20T17:53:41.629,1784559221.629,9.603,4.938137e-01,2.992123e-03,4.816895e-01,5.041504e-01,2000,0,9.876274e-03
2026-07-20T17:53:41.728,1784559221.729,9.703,4.943853e-01,2.999345e-03,4.831543e-01,5.048828e-01,2000,0,9.887705e-03
2026-07-20T17:53:41.828,1784559221.829,9.803,4.942786e-01,3.153270e-03,4.836426e-01,5.051270e-01,2000,0,9.885571e-03
2026-07-20T17:53:41.928,1784559221.929,9.903,4.947455e-01,3.081965e-03,4.838867e-01,5.048828e-01,2000,0,9.894910e-03
2026-07-20T17:53:42.028,1784559222.029,10.003,4.951724e-01,3.097854e-03,4.860840e-01,5.058594e-01,2000,0,9.903447e-03
2026-07-20T17:53:42.128,1784559222.129,10.103,4.955695e-01,3.130181e-03,4.836426e-01,5.056152e-01,2000,0,9.911389e-03
2026-07-20T17:53:42.228,1784559222.229,10.203,4.960826e-01,3.217977e-03,4.863281e-01,5.075684e-01,2000,0,9.921653e-03
2026-07-20T17:53:42.328,1784559222.329,10.303,4.960834e-01,3.096967e-03,4.875488e-01,5.058594e-01,2000,0,9.921667e-03
2026-07-20T17:53:42.428,1784559222.429,10.403,4.955809e-01,3.139836e-03,4.855957e-01,5.063477e-01,2000,0,9.911619e-03
2026-07-20T17:53:42.528,1784559222.529,10.503,4.957686e-01,3.123424e-03,4.851074e-01,5.061035e-01,2000,0,9.915371e-03
2026-07-20T17:53:42.628,1784559222.629,10.603,4.955297e-01,3.092136e-03,4.846191e-01,5.056152e-01,2000,0,9.910593e-03
2026-07-20T17:53:42.728,1784559222.729,10.703,4.953928e-01,3.026924e-03,4.816895e-01,5.100098e-01,2000,0,9.907856e-03
2026-07-20T17:53:42.828,1784559222.829,10.803,4.953656e-01,3.167100e-03,4.831543e-01,5.056152e-01,2000,0,9.907312e-03
2026-07-20T17:53:42.928,1784559222.929,10.903,4.946648e-01,3.172254e-03,4.824219e-01,5.070801e-01,2000,0,9.893296e-03
2026-07-20T17:53:43.030,1784559223.031,11.003,4.943438e-01,3.088932e-03,4.841309e-01,5.056152e-01,2000,0,9.886875e-03
2026-07-20T17:53:43.128,1784559223.128,11.103,4.943069e-01,3.171200e-03,4.831543e-01,5.034180e-01,2000,0,9.886138e-03
2026-07-20T17:53:43.228,1784559223.228,11.203,4.943998e-01,3.208557e-03,4.821777e-01,5.036621e-01,2000,0,9.887996e-03
2026-07-20T17:53:43.328,1784559223.328,11.303,4.938761e-01,3.477085e-03,4.812012e-01,5.075684e-01,2000,0,9.877522e-03
2026-07-20T17:53:43.428,1784559223.429,11.403,4.939473e-01,3.186561e-03,4.848633e-01,5.039062e-01,2000,0,9.878945e-03
2026-07-20T17:53:43.528,1784559223.528,11.503,4.937101e-01,3.412179e-03,4.821777e-01,5.051270e-01,2000,0,9.874202e-03
2026-07-20T17:53:43.628,1784559223.629,11.603,4.936730e-01,3.085684e-03,4.838867e-01,5.070801e-01,2000,0,9.873459e-03
2026-07-20T17:53:43.728,1784559223.729,11.703,4.933700e-01,3.290451e-03,4.809570e-01,5.048828e-01,2000,0,9.867400e-03
2026-07-20T17:53:43.828,1784559223.829,11.803,4.934270e-01,3.212042e-03,4.812012e-01,5.063477e-01,2000,0,9.868540e-03
2026-07-20T17:53:43.928,1784559223.929,11.903,4.929713e-01,3.284079e-03,4.821777e-01,5.048828e-01,2000,0,9.859426e-03
2026-07-20T17:53:44.028,1784559224.029,12.003,4.929521e-01,3.169539e-03,4.809570e-01,5.031738e-01,2000,0,9.859043e-03
2026-07-20T17:53:44.128,1784559224.129,12.103,4.926416e-01,3.452216e-03,4.797363e-01,5.034180e-01,2000,0,9.852832e-03
2026-07-20T17:53:44.230,1784559224.230,12.203,4.929373e-01,3.443378e-03,4.799805e-01,5.041504e-01,2000,0,9.858745e-03
2026-07-20T17:53:44.328,1784559224.328,12.303,4.929823e-01,3.506859e-03,4.809570e-01,5.046387e-01,2000,0,9.859646e-03
2026-07-20T17:53:44.429,1784559224.429,12.403,4.922727e-01,3.433751e-03,4.790039e-01,5.048828e-01,2000,0,9.845454e-03
2026-07-20T17:53:44.528,1784559224.529,12.503,4.922726e-01,3.331156e-03,4.792480e-01,5.034180e-01,2000,0,9.845452e-03
2026-07-20T17:53:44.628,1784559224.629,12.603,4.924508e-01,3.133641e-03,4.804688e-01,5.031738e-01,2000,0,9.849016e-03
2026-07-20T17:53:44.728,1784559224.728,12.703,4.923999e-01,3.190528e-03,4.799805e-01,5.029297e-01,2000,0,9.847998e-03
2026-07-20T17:53:44.830,1784559224.831,12.803,4.921021e-01,3.266657e-03,4.790039e-01,5.034180e-01,2000,0,9.842041e-03
2026-07-20T17:53:44.928,1784559224.928,12.903,4.922904e-01,3.307973e-03,4.792480e-01,5.046387e-01,2000,0,9.845808e-03
2026-07-20T17:53:45.030,1784559225.030,13.003,4.918374e-01,3.352173e-03,4.792480e-01,5.024414e-01,2000,0,9.836748e-03
2026-07-20T17:53:45.130,1784559225.131,13.103,4.918953e-01,3.146860e-03,4.777832e-01,5.021973e-01,2000,0,9.837905e-03
2026-07-20T17:53:45.228,1784559225.228,13.203,4.924545e-01,3.259335e-03,4.799805e-01,5.075684e-01,2000,0,9.849089e-03
2026-07-20T17:53:45.328,1784559225.328,13.303,4.923226e-01,3.236610e-03,4.816895e-01,5.041504e-01,2000,0,9.846453e-03
2026-07-20T17:53:45.430,1784559225.431,13.403,4.924080e-01,3.160641e-03,4.758301e-01,5.029297e-01,2000,0,9.848159e-03
2026-07-20T17:53:45.528,1784559225.529,13.503,4.924905e-01,3.208782e-03,4.821777e-01,5.046387e-01,2000,0,9.849810e-03
2026-07-20T17:53:45.628,1784559225.628,13.603,4.921969e-01,3.280473e-03,4.807129e-01,5.034180e-01,2000,0,9.843938e-03
2026-07-20T17:53:45.730,1784559225.731,13.703,4.920864e-01,3.230826e-03,4.826660e-01,5.039062e-01,2000,0,9.841729e-03
2026-07-20T17:53:45.828,1784559225.829,13.803,4.926755e-01,3.253828e-03,4.816895e-01,5.063477e-01,2000,0,9.853511e-03
2026-07-20T17:53:45.928,1784559225.928,13.903,4.920890e-01,3.359970e-03,4.765625e-01,5.068359e-01,2000,0,9.841780e-03
2026-07-20T17:53:46.028,1784559226.029,14.003,4.920325e-01,3.238521e-03,4.809570e-01,5.036621e-01,2000,0,9.840649e-03
2026-07-20T17:53:46.128,1784559226.128,14.103,4.924288e-01,3.457633e-03,4.794922e-01,5.043945e-01,2000,0,9.848577e-03
2026-07-20T17:53:46.228,1784559226.228,14.203,4.924392e-01,3.393204e-03,4.829102e-01,5.048828e-01,2000,0,9.848784e-03
2026-07-20T17:53:46.330,1784559226.330,14.303,4.923917e-01,3.515182e-03,4.802246e-01,5.046387e-01,2000,0,9.847834e-03
2026-07-20T17:53:46.428,1784559226.428,14.403,4.928944e-01,3.271326e-03,4.804688e-01,5.048828e-01,2000,0,9.857888e-03
2026-07-20T17:53:46.528,1784559226.528,14.503,4.930723e-01,3.435611e-03,4.826660e-01,5.051270e-01,2000,0,9.861445e-03
2026-07-20T17:53:46.628,1784559226.628,14.603,4.926228e-01,3.385315e-03,4.802246e-01,5.063477e-01,2000,0,9.852456e-03
2026-07-20T17:53:46.728,1784559226.728,14.703,4.926432e-01,3.512688e-03,4.785156e-01,5.058594e-01,2000,0,9.852864e-03
2026-07-20T17:53:46.828,1784559226.829,14.803,4.928134e-01,3.424267e-03,4.807129e-01,5.063477e-01,2000,0,9.856267e-03
2026-07-20T17:53:46.928,1784559226.928,14.903,4.925122e-01,3.498077e-03,4.792480e-01,5.041504e-01,2000,0,9.850244e-03
2026-07-20T17:53:47.030,1784559227.031,15.003,4.919756e-01,3.669382e-03,4.804688e-01,5.058594e-01,2000,0,9.839512e-03
2026-07-20T17:53:47.128,1784559227.128,15.103,4.925876e-01,3.385340e-03,4.814453e-01,5.046387e-01,2000,0,9.851753e-03
2026-07-20T17:53:47.228,1784559227.228,15.203,4.925562e-01,3.328881e-03,4.812012e-01,5.053711e-01,2000,0,9.851123e-03
2026-07-20T17:53:47.328,1784559227.328,15.303,4.924613e-01,3.343218e-03,4.787598e-01,5.048828e-01,2000,0,9.849226e-03
2026-07-20T17:53:47.428,1784559227.428,15.403,4.925183e-01,3.195175e-03,4.802246e-01,5.041504e-01,2000,0,9.850366e-03
2026-07-20T17:53:47.528,1784559227.528,15.503,4.927092e-01,3.239473e-03,4.770508e-01,5.051270e-01,2000,0,9.854185e-03
2026-07-20T17:53:47.628,1784559227.628,15.603,4.924280e-01,3.075705e-03,4.814453e-01,5.034180e-01,2000,0,9.848560e-03
2026-07-20T17:53:47.728,1784559227.729,15.703,4.929587e-01,3.248820e-03,4.824219e-01,5.056152e-01,2000,0,9.859175e-03
2026-07-20T17:53:47.828,1784559227.829,15.803,4.929532e-01,3.439480e-03,4.819336e-01,5.051270e-01,2000,0,9.859065e-03
2026-07-20T17:53:47.930,1784559227.931,15.903,4.935154e-01,3.308022e-03,4.826660e-01,5.058594e-01,2000,0,9.870308e-03
2026-07-20T17:53:48.028,1784559228.028,16.003,4.943181e-01,3.265489e-03,4.794922e-01,5.058594e-01,2000,0,9.886362e-03
2026-07-20T17:53:48.130,1784559228.131,16.103,4.943219e-01,3.083460e-03,4.846191e-01,5.065918e-01,2000,0,9.886438e-03
2026-07-20T17:53:48.230,1784559228.230,16.203,4.955266e-01,3.367120e-03,4.836426e-01,5.085449e-01,2000,0,9.910532e-03
2026-07-20T17:53:48.328,1784559228.328,16.303,4.965242e-01,3.272467e-03,4.851074e-01,5.080566e-01,2000,0,9.930483e-03
2026-07-20T17:53:48.428,1784559228.428,16.403,4.962388e-01,3.341117e-03,4.863281e-01,5.073242e-01,2000,0,9.924775e-03
2026-07-20T17:53:48.530,1784559228.531,16.503,4.975752e-01,3.343661e-03,4.838867e-01,5.085449e-01,2000,0,9.951504e-03
2026-07-20T17:53:48.628,1784559228.628,16.603,4.988660e-01,3.373313e-03,4.882812e-01,5.109863e-01,2000,0,9.977319e-03
2026-07-20T17:53:48.730,1784559228.730,16.703,4.997852e-01,3.349656e-03,4.897461e-01,5.112305e-01,2000,0,9.995703e-03
2026-07-20T17:53:48.828,1784559228.829,16.803,5.008280e-01,3.338021e-03,4.882812e-01,5.112305e-01,2000,0,1.001656e-02
2026-07-20T17:53:48.928,1784559228.929,16.903,5.027090e-01,3.373073e-03,4.902344e-01,5.131836e-01,2000,0,1.005418e-02
2026-07-20T17:53:49.028,1784559229.028,17.003,5.030546e-01,3.499702e-03,4.895020e-01,5.146484e-01,2000,0,1.006109e-02
2026-07-20T17:53:49.130,1784559229.130,17.103,5.045302e-01,3.514785e-03,4.921875e-01,5.173340e-01,2000,0,1.009060e-02
2026-07-20T17:53:49.228,1784559229.228,17.203,5.062450e-01,3.492232e-03,4.951172e-01,5.200195e-01,2000,0,1.012490e-02
2026-07-20T17:53:49.328,1784559229.329,17.303,5.055801e-01,3.526765e-03,4.946289e-01,5.185547e-01,2000,0,1.011160e-02
2026-07-20T17:53:49.428,1784559229.429,17.403,5.080444e-01,3.422286e-03,4.982910e-01,5.190430e-01,2000,0,1.016089e-02
2026-07-20T17:53:49.530,1784559229.530,17.503,5.097317e-01,3.525425e-03,4.965820e-01,5.234375e-01,2000,0,1.019463e-02
2026-07-20T17:53:49.630,1784559229.631,17.603,5.105697e-01,3.543652e-03,4.980469e-01,5.222168e-01,2000,0,1.021139e-02
2026-07-20T17:53:49.730,1784559229.731,17.703,5.113846e-01,3.669440e-03,4.956055e-01,5.288086e-01,2000,0,1.022769e-02
2026-07-20T17:53:49.828,1784559229.828,17.803,5.126251e-01,3.597194e-03,5.029297e-01,5.249023e-01,2000,0,1.025250e-02
2026-07-20T17:53:49.930,1784559229.930,17.903,5.137306e-01,3.796796e-03,5.029297e-01,5.268555e-01,2000,0,1.027461e-02
2026-07-20T17:53:50.028,1784559230.029,18.003,5.141934e-01,3.575360e-03,5.026855e-01,5.275879e-01,2000,0,1.028387e-02
2026-07-20T17:53:50.130,1784559230.130,18.103,5.150194e-01,3.636340e-03,5.029297e-01,5.283203e-01,2000,0,1.030039e-02
2026-07-20T17:53:50.230,1784559230.231,18.203,5.160096e-01,3.635092e-03,5.036621e-01,5.307617e-01,2000,0,1.032019e-02
2026-07-20T17:53:50.328,1784559230.329,18.303,5.163344e-01,3.734119e-03,5.053711e-01,5.300293e-01,2000,0,1.032669e-02
2026-07-20T17:53:50.430,1784559230.431,18.403,5.172850e-01,3.644696e-03,5.034180e-01,5.319824e-01,2000,0,1.034570e-02
2026-07-20T17:53:50.530,1784559230.531,18.503,5.180466e-01,3.684578e-03,5.036621e-01,5.319824e-01,2000,0,1.036093e-02
2026-07-20T17:53:50.630,1784559230.630,18.603,5.188049e-01,3.764482e-03,5.070801e-01,5.344238e-01,2000,0,1.037610e-02
2026-07-20T17:53:50.730,1784559230.730,18.703,5.195776e-01,3.651930e-03,5.080566e-01,5.324707e-01,2000,0,1.039155e-02
2026-07-20T17:53:50.830,1784559230.831,18.803,5.196455e-01,3.752204e-03,5.068359e-01,5.336914e-01,2000,0,1.039291e-02
2026-07-20T17:53:50.930,1784559230.930,18.903,5.203712e-01,3.746111e-03,5.039062e-01,5.332031e-01,2000,0,1.040742e-02
2026-07-20T17:53:51.030,1784559231.031,19.003,5.214720e-01,3.682673e-03,5.095215e-01,5.349121e-01,2000,0,1.042944e-02
2026-07-20T17:53:51.130,1784559231.131,19.103,5.212356e-01,3.625900e-03,5.097656e-01,5.341797e-01,2000,0,1.042471e-02
2026-07-20T17:53:51.230,1784559231.230,19.203,5.216340e-01,3.771860e-03,5.063477e-01,5.354004e-01,2000,0,1.043268e-02
2026-07-20T17:53:51.328,1784559231.329,19.303,5.220005e-01,3.739681e-03,5.061035e-01,5.368652e-01,2000,0,1.044001e-02
2026-07-20T17:53:51.430,1784559231.430,19.403,5.224044e-01,3.648305e-03,5.104980e-01,5.358887e-01,2000,0,1.044809e-02
2026-07-20T17:53:51.530,1784559231.530,19.503,5.226759e-01,3.778191e-03,5.112305e-01,5.427246e-01,2000,0,1.045352e-02
2026-07-20T17:53:51.630,1784559231.631,19.603,5.229291e-01,3.819796e-03,5.112305e-01,5.356445e-01,2000,0,1.045858e-02
2026-07-20T17:53:51.730,1784559231.731,19.703,5.229751e-01,3.700199e-03,5.117188e-01,5.361328e-01,2000,0,1.045950e-02
2026-07-20T17:53:51.830,1784559231.831,19.803,5.232501e-01,3.609877e-03,5.102539e-01,5.351562e-01,2000,0,1.046500e-02
2026-07-20T17:53:51.928,1784559231.929,19.903,5.235237e-01,3.638297e-03,5.104980e-01,5.356445e-01,2000,0,1.047047e-02
2026-07-20T17:53:52.028,1784559232.029,20.003,5.232072e-01,3.702594e-03,5.114746e-01,5.354004e-01,2000,0,1.046414e-02
2026-07-20T17:53:52.130,1784559232.131,20.103,5.239125e-01,3.728616e-03,5.095215e-01,5.385742e-01,2000,0,1.047825e-02
2026-07-20T17:53:52.228,1784559232.229,20.203,5.240745e-01,3.912609e-03,5.112305e-01,5.356445e-01,2000,0,1.048149e-02
2026-07-20T17:53:52.328,1784559232.329,20.303,5.241562e-01,3.844427e-03,5.092773e-01,5.385742e-01,2000,0,1.048312e-02
2026-07-20T17:53:52.430,1784559232.431,20.403,5.239218e-01,3.795733e-03,5.114746e-01,5.346680e-01,2000,0,1.047844e-02
2026-07-20T17:53:52.528,1784559232.529,20.503,5.247905e-01,3.801241e-03,5.129395e-01,5.358887e-01,2000,0,1.049581e-02
2026-07-20T17:53:52.630,1784559232.631,20.603,5.241951e-01,3.940368e-03,5.078125e-01,5.358887e-01,2000,0,1.048390e-02
2026-07-20T17:53:52.728,1784559232.729,20.703,5.241699e-01,3.917038e-03,5.102539e-01,5.371094e-01,2000,0,1.048340e-02
2026-07-20T17:53:52.828,1784559232.829,20.803,5.238623e-01,3.905910e-03,5.097656e-01,5.356445e-01,2000,0,1.047725e-02
2026-07-20T17:53:52.930,1784559232.931,20.903,5.242017e-01,3.984096e-03,5.107422e-01,5.373535e-01,2000,0,1.048403e-02
2026-07-20T17:53:53.028,1784559233.029,21.003,5.242006e-01,3.902386e-03,5.124512e-01,5.371094e-01,2000,0,1.048401e-02
2026-07-20T17:53:53.130,1784559233.131,21.103,5.236688e-01,3.893907e-03,5.087891e-01,5.371094e-01,2000,0,1.047338e-02
2026-07-20T17:53:53.228,1784559233.229,21.203,5.239379e-01,3.951709e-03,5.112305e-01,5.368652e-01,2000,0,1.047876e-02
2026-07-20T17:53:53.328,1784559233.329,21.303,5.239009e-01,3.756344e-03,5.112305e-01,5.363770e-01,2000,0,1.047802e-02
2026-07-20T17:53:53.430,1784559233.431,21.403,5.234260e-01,3.755180e-03,5.085449e-01,5.363770e-01,2000,0,1.046852e-02
2026-07-20T17:53:53.530,1784559233.531,21.503,5.235029e-01,3.783015e-03,5.100098e-01,5.385742e-01,2000,0,1.047006e-02
2026-07-20T17:53:53.630,1784559233.631,21.603,5.236069e-01,3.644778e-03,5.124512e-01,5.371094e-01,2000,0,1.047214e-02
2026-07-20T17:53:53.730,1784559233.731,21.703,5.231879e-01,3.539660e-03,5.087891e-01,5.368652e-01,2000,0,1.046376e-02
2026-07-20T17:53:53.828,1784559233.829,21.803,5.230222e-01,3.434622e-03,5.119629e-01,5.336914e-01,2000,0,1.046044e-02
2026-07-20T17:53:53.930,1784559233.931,21.903,5.230404e-01,3.462677e-03,5.122070e-01,5.393066e-01,2000,0,1.046081e-02
2026-07-20T17:53:54.030,1784559234.031,22.003,5.225017e-01,3.363662e-03,5.112305e-01,5.349121e-01,2000,0,1.045003e-02
2026-07-20T17:53:54.130,1784559234.130,22.103,5.222352e-01,3.345179e-03,5.109863e-01,5.341797e-01,2000,0,1.044470e-02
2026-07-20T17:53:54.230,1784559234.231,22.203,5.219623e-01,3.234681e-03,5.102539e-01,5.334473e-01,2000,0,1.043925e-02
2026-07-20T17:53:54.330,1784559234.331,22.303,5.216140e-01,2.922456e-03,5.114746e-01,5.334473e-01,2000,0,1.043228e-02
2026-07-20T17:53:54.428,1784559234.429,22.403,5.211519e-01,2.944076e-03,5.080566e-01,5.312500e-01,2000,0,1.042304e-02
2026-07-20T17:53:54.530,1784559234.531,22.503,5.207477e-01,2.887815e-03,5.092773e-01,5.322266e-01,2000,0,1.041495e-02
2026-07-20T17:53:54.628,1784559234.629,22.603,5.203989e-01,2.720017e-03,5.109863e-01,5.378418e-01,2000,0,1.040798e-02
2026-07-20T17:53:54.728,1784559234.729,22.703,5.199225e-01,2.560248e-03,5.109863e-01,5.280762e-01,2000,0,1.039845e-02
2026-07-20T17:53:54.828,1784559234.829,22.803,5.192690e-01,2.524378e-03,5.092773e-01,5.292969e-01,2000,0,1.038538e-02
2026-07-20T17:53:54.928,1784559234.929,22.903,5.191479e-01,2.680305e-03,5.078125e-01,5.285645e-01,2000,0,1.038296e-02
2026-07-20T17:53:55.028,1784559235.029,23.003,5.186648e-01,2.630377e-03,5.092773e-01,5.302734e-01,2000,0,1.037330e-02
2026-07-20T17:53:55.131,1784559235.131,23.103,5.181412e-01,2.462174e-03,5.075684e-01,5.280762e-01,2000,0,1.036282e-02
2026-07-20T17:53:55.230,1784559235.231,23.203,5.174279e-01,2.363070e-03,5.075684e-01,5.251465e-01,2000,0,1.034856e-02
2026-07-20T17:53:55.330,1784559235.331,23.303,5.166622e-01,2.521073e-03,5.061035e-01,5.322266e-01,2000,0,1.033324e-02
2026-07-20T17:53:55.430,1784559235.431,23.403,5.166266e-01,2.572980e-03,5.056152e-01,5.278320e-01,2000,0,1.033253e-02
2026-07-20T17:53:55.528,1784559235.529,23.503,5.157206e-01,2.595448e-03,5.058594e-01,5.241699e-01,2000,0,1.031441e-02
2026-07-20T17:53:55.628,1784559235.629,23.603,5.152181e-01,2.601527e-03,5.031738e-01,5.246582e-01,2000,0,1.030436e-02
2026-07-20T17:53:55.730,1784559235.731,23.703,5.148022e-01,2.592724e-03,5.053711e-01,5.227051e-01,2000,0,1.029604e-02
2026-07-20T17:53:55.828,1784559235.829,23.803,5.141299e-01,2.677073e-03,5.034180e-01,5.229492e-01,2000,0,1.028260e-02
2026-07-20T17:53:55.930,1784559235.931,23.903,5.137089e-01,2.594430e-03,5.026855e-01,5.227051e-01,2000,0,1.027418e-02
2026-07-20T17:53:56.030,1784559236.031,24.003,5.131138e-01,2.741768e-03,5.039062e-01,5.214844e-01,2000,0,1.026228e-02
2026-07-20T17:53:56.128,1784559236.129,24.103,5.125651e-01,2.726406e-03,5.021973e-01,5.227051e-01,2000,0,1.025130e-02
2026-07-20T17:53:56.230,1784559236.231,24.203,5.120000e-01,2.857498e-03,5.017090e-01,5.214844e-01,2000,0,1.024000e-02
2026-07-20T17:53:56.330,1784559236.331,24.303,5.106067e-01,2.794839e-03,4.995117e-01,5.200195e-01,2000,0,1.021213e-02
2026-07-20T17:53:56.428,1784559236.429,24.403,5.106813e-01,2.944140e-03,4.985352e-01,5.239258e-01,2000,0,1.021363e-02
2026-07-20T17:53:56.528,1784559236.529,24.503,5.103707e-01,2.882137e-03,4.997559e-01,5.217285e-01,2000,0,1.020741e-02
2026-07-20T17:53:56.628,1784559236.629,24.603,5.101343e-01,2.891401e-03,4.978027e-01,5.212402e-01,2000,0,1.020269e-02
2026-07-20T17:53:56.728,1784559236.729,24.703,5.096471e-01,2.909064e-03,4.997559e-01,5.187988e-01,2000,0,1.019294e-02
2026-07-20T17:53:56.830,1784559236.830,24.803,5.093442e-01,2.987586e-03,4.987793e-01,5.192871e-01,2000,0,1.018688e-02
2026-07-20T17:53:56.928,1784559236.928,24.903,5.096094e-01,2.864534e-03,4.997559e-01,5.217285e-01,2000,0,1.019219e-02
2026-07-20T17:53:57.030,1784559237.030,25.003,5.091895e-01,2.881381e-03,4.975586e-01,5.212402e-01,2000,0,1.018379e-02
2026-07-20T17:53:57.130,1784559237.130,25.103,5.087572e-01,2.898305e-03,4.982910e-01,5.197754e-01,2000,0,1.017514e-02
2026-07-20T17:53:57.228,1784559237.228,25.203,5.090656e-01,2.945645e-03,5.002441e-01,5.187988e-01,2000,0,1.018131e-02
2026-07-20T17:53:57.330,1784559237.331,25.303,5.087935e-01,3.268620e-03,4.970703e-01,5.207520e-01,2000,0,1.017587e-02
2026-07-20T17:53:57.430,1784559237.431,25.403,5.087627e-01,3.298550e-03,4.953613e-01,5.192871e-01,2000,0,1.017525e-02
2026-07-20T17:53:57.528,1784559237.529,25.503,5.092966e-01,3.213875e-03,4.995117e-01,5.246582e-01,2000,0,1.018593e-02
2026-07-20T17:53:57.630,1784559237.631,25.603,5.087434e-01,3.331129e-03,4.968262e-01,5.205078e-01,2000,0,1.017487e-02
2026-07-20T17:53:57.730,1784559237.731,25.703,5.091825e-01,3.341861e-03,4.973145e-01,5.222168e-01,2000,0,1.018365e-02
2026-07-20T17:53:57.828,1784559237.829,25.803,5.095487e-01,3.400793e-03,4.990234e-01,5.214844e-01,2000,0,1.019097e-02
2026-07-20T17:53:57.928,1784559237.929,25.903,5.094108e-01,3.516344e-03,4.968262e-01,5.205078e-01,2000,0,1.018822e-02
2026-07-20T17:53:58.030,1784559238.031,26.003,5.098196e-01,3.216567e-03,5.004883e-01,5.214844e-01,2000,0,1.019639e-02
2026-07-20T17:53:58.128,1784559238.128,26.103,5.101937e-01,3.062031e-03,5.000000e-01,5.217285e-01,2000,0,1.020387e-02
2026-07-20T17:53:58.228,1784559238.229,26.203,5.100448e-01,3.201724e-03,5.000000e-01,5.209961e-01,2000,0,1.020090e-02
2026-07-20T17:53:58.330,1784559238.331,26.303,5.105214e-01,3.318233e-03,4.982910e-01,5.209961e-01,2000,0,1.021043e-02
2026-07-20T17:53:58.428,1784559238.429,26.403,5.105216e-01,3.218179e-03,4.978027e-01,5.212402e-01,2000,0,1.021043e-02
2026-07-20T17:53:58.530,1784559238.531,26.503,5.106395e-01,3.183164e-03,5.026855e-01,5.212402e-01,2000,0,1.021279e-02
2026-07-20T17:53:58.630,1784559238.631,26.603,5.109374e-01,3.293640e-03,5.007324e-01,5.219727e-01,2000,0,1.021875e-02
2026-07-20T17:53:58.728,1784559238.728,26.703,5.113083e-01,2.964527e-03,5.000000e-01,5.239258e-01,2000,0,1.022617e-02
2026-07-20T17:53:58.830,1784559238.830,26.803,5.111593e-01,3.058270e-03,4.990234e-01,5.231934e-01,2000,0,1.022319e-02
2026-07-20T17:53:58.930,1784559238.931,26.903,5.113643e-01,3.052653e-03,5.004883e-01,5.234375e-01,2000,0,1.022729e-02
2026-07-20T17:53:59.030,1784559239.030,27.003,5.119180e-01,3.109878e-03,4.987793e-01,5.222168e-01,2000,0,1.023836e-02
2026-07-20T17:53:59.130,1784559239.131,27.103,5.114374e-01,3.028901e-03,4.985352e-01,5.224609e-01,2000,0,1.022875e-02
2026-07-20T17:53:59.230,1784559239.231,27.203,5.113258e-01,3.205354e-03,5.000000e-01,5.231934e-01,2000,0,1.022652e-02
2026-07-20T17:53:59.329,1784559239.329,27.303,5.116284e-01,3.028703e-03,5.014648e-01,5.219727e-01,2000,0,1.023257e-02
2026-07-20T17:53:59.430,1784559239.431,27.403,5.113595e-01,2.994912e-03,4.982910e-01,5.246582e-01,2000,0,1.022719e-02
2026-07-20T17:53:59.530,1784559239.531,27.503,5.109817e-01,3.040454e-03,5.002441e-01,5.227051e-01,2000,0,1.021963e-02
2026-07-20T17:53:59.630,1784559239.631,27.603,5.109191e-01,3.053589e-03,4.992676e-01,5.207520e-01,2000,0,1.021838e-02
2026-07-20T17:53:59.730,1784559239.731,27.703,5.102374e-01,2.931690e-03,5.009766e-01,5.214844e-01,2000,0,1.020475e-02
2026-07-20T17:53:59.830,1784559239.831,27.803,5.100187e-01,3.020831e-03,4.997559e-01,5.209961e-01,2000,0,1.020037e-02
2026-07-20T17:53:59.930,1784559239.931,27.903,5.095153e-01,2.946595e-03,4.987793e-01,5.195312e-01,2000,0,1.019031e-02
2026-07-20T17:54:00.030,1784559240.031,28.003,5.085586e-01,2.968351e-03,4.990234e-01,5.190430e-01,2000,0,1.017117e-02
2026-07-20T17:54:00.130,1784559240.131,28.103,5.078464e-01,3.124444e-03,4.965820e-01,5.212402e-01,2000,0,1.015693e-02
2026-07-20T17:54:00.230,1784559240.231,28.203,5.067384e-01,3.043621e-03,4.943848e-01,5.168457e-01,2000,0,1.013477e-02
2026-07-20T17:54:00.330,1784559240.331,28.303,5.054540e-01,2.954850e-03,4.965820e-01,5.197754e-01,2000,0,1.010908e-02
2026-07-20T17:54:00.430,1784559240.431,28.403,5.045017e-01,3.162731e-03,4.924316e-01,5.153809e-01,2000,0,1.009003e-02
2026-07-20T17:54:00.530,1784559240.531,28.503,5.033334e-01,3.179443e-03,4.914551e-01,5.126953e-01,2000,0,1.006667e-02
2026-07-20T17:54:00.628,1784559240.629,28.603,5.009641e-01,3.100551e-03,4.904785e-01,5.151367e-01,2000,0,1.001928e-02
2026-07-20T17:54:00.730,1784559240.730,28.703,5.002791e-01,3.106765e-03,4.914551e-01,5.114746e-01,2000,0,1.000558e-02
2026-07-20T17:54:00.828,1784559240.829,28.803,4.977892e-01,3.205144e-03,4.858398e-01,5.080566e-01,2000,0,9.955784e-03
2026-07-20T17:54:00.928,1784559240.929,28.903,4.960120e-01,3.164695e-03,4.826660e-01,5.070801e-01,2000,0,9.920239e-03
2026-07-20T17:54:01.028,1784559241.029,29.003,4.949265e-01,3.241246e-03,4.843750e-01,5.051270e-01,2000,0,9.898530e-03
2026-07-20T17:54:01.128,1784559241.129,29.103,4.932106e-01,3.104517e-03,4.816895e-01,5.061035e-01,2000,0,9.864211e-03
2026-07-20T17:54:01.230,1784559241.231,29.203,4.912568e-01,3.117587e-03,4.807129e-01,5.021973e-01,2000,0,9.825137e-03
2026-07-20T17:54:01.330,1784559241.331,29.303,4.903547e-01,3.042672e-03,4.797363e-01,5.004883e-01,2000,0,9.807095e-03
2026-07-20T17:54:01.430,1784559241.431,29.403,4.882789e-01,3.224260e-03,4.765625e-01,4.995117e-01,2000,0,9.765579e-03
2026-07-20T17:54:01.530,1784559241.531,29.503,4.861469e-01,3.292625e-03,4.755859e-01,4.960938e-01,2000,0,9.722937e-03
2026-07-20T17:54:01.630,1784559241.631,29.603,4.858782e-01,3.307392e-03,4.750977e-01,4.958496e-01,2000,0,9.717563e-03
2026-07-20T17:54:01.728,1784559241.729,29.703,4.840420e-01,3.194881e-03,4.721680e-01,4.963379e-01,2000,0,9.680840e-03
2026-07-20T17:54:01.830,1784559241.831,29.803,4.824915e-01,3.243119e-03,4.716797e-01,4.946289e-01,2000,0,9.649829e-03
2026-07-20T17:54:01.930,1784559241.931,29.903,4.814674e-01,3.219856e-03,4.721680e-01,4.936523e-01,2000,0,9.629348e-03
2026-07-20T17:54:02.029,1784559242.029,30.003,4.799624e-01,3.073870e-03,4.704590e-01,4.902344e-01,2000,0,9.599248e-03
2026-07-20T17:54:02.130,1784559242.130,30.103,4.784282e-01,3.051082e-03,4.675293e-01,4.892578e-01,2000,0,9.568564e-03
2026-07-20T17:54:02.229,1784559242.229,30.203,4.776992e-01,3.015613e-03,4.677734e-01,4.875488e-01,2000,0,9.553984e-03
2026-07-20T17:54:02.328,1784559242.329,30.303,4.764844e-01,3.082981e-03,4.650879e-01,4.877930e-01,2000,0,9.529687e-03
2026-07-20T17:54:02.430,1784559242.431,30.403,4.752251e-01,3.100581e-03,4.643555e-01,4.870605e-01,2000,0,9.504502e-03
2026-07-20T17:54:02.528,1784559242.529,30.503,4.746472e-01,3.118565e-03,4.636230e-01,4.870605e-01,2000,0,9.492944e-03
2026-07-20T17:54:02.628,1784559242.629,30.603,4.734662e-01,3.247554e-03,4.589844e-01,4.838867e-01,2000,0,9.469324e-03
2026-07-20T17:54:02.730,1784559242.731,30.703,4.722612e-01,3.092570e-03,4.570312e-01,4.829102e-01,2000,0,9.445225e-03
2026-07-20T17:54:02.828,1784559242.829,30.803,4.711545e-01,3.121424e-03,4.619141e-01,4.797363e-01,2000,0,9.423091e-03
2026-07-20T17:54:02.928,1784559242.929,30.903,4.698866e-01,3.121935e-03,4.599609e-01,4.802246e-01,2000,0,9.397732e-03
2026-07-20T17:54:03.028,1784559243.029,31.003,4.687600e-01,3.122704e-03,4.582520e-01,4.790039e-01,2000,0,9.375200e-03
2026-07-20T17:54:03.128,1784559243.129,31.103,4.677617e-01,3.226027e-03,4.565430e-01,4.772949e-01,2000,0,9.355234e-03
2026-07-20T17:54:03.228,1784559243.229,31.203,4.668912e-01,3.268706e-03,4.562988e-01,4.772949e-01,2000,0,9.337825e-03
2026-07-20T17:54:03.330,1784559243.331,31.303,4.655032e-01,3.181384e-03,4.543457e-01,4.763184e-01,2000,0,9.310063e-03
2026-07-20T17:54:03.428,1784559243.429,31.403,4.647341e-01,3.142455e-03,4.543457e-01,4.750977e-01,2000,0,9.294683e-03
2026-07-20T17:54:03.528,1784559243.529,31.503,4.633662e-01,3.035693e-03,4.516602e-01,4.731445e-01,2000,0,9.267324e-03
2026-07-20T17:54:03.630,1784559243.631,31.603,4.616401e-01,3.103143e-03,4.519043e-01,4.716797e-01,2000,0,9.232803e-03
2026-07-20T17:54:03.730,1784559243.731,31.703,4.609644e-01,3.277727e-03,4.494629e-01,4.731445e-01,2000,0,9.219287e-03
2026-07-20T17:54:03.830,1784559243.831,31.803,4.595693e-01,3.097914e-03,4.489746e-01,4.692383e-01,2000,0,9.191387e-03
2026-07-20T17:54:03.928,1784559243.929,31.903,4.582354e-01,3.128225e-03,4.487305e-01,4.675293e-01,2000,0,9.164707e-03
2026-07-20T17:54:04.028,1784559244.029,32.003,4.572015e-01,3.176709e-03,4.465332e-01,4.692383e-01,2000,0,9.144031e-03
2026-07-20T17:54:04.128,1784559244.129,32.103,4.557107e-01,3.275715e-03,4.453125e-01,4.655762e-01,2000,0,9.114214e-03
2026-07-20T17:54:04.228,1784559244.229,32.203,4.546416e-01,3.260242e-03,4.428711e-01,4.636230e-01,2000,0,9.092832e-03
2026-07-20T17:54:04.328,1784559244.329,32.303,4.538129e-01,3.299903e-03,4.414062e-01,4.631348e-01,2000,0,9.076257e-03
2026-07-20T17:54:04.430,1784559244.431,32.403,4.513577e-01,3.322133e-03,4.401855e-01,4.660645e-01,2000,0,9.027153e-03
2026-07-20T17:54:04.530,1784559244.531,32.503,4.510950e-01,3.374239e-03,4.414062e-01,4.616699e-01,2000,0,9.021899e-03
2026-07-20T17:54:04.628,1784559244.629,32.603,4.500304e-01,3.391061e-03,4.345703e-01,4.592285e-01,2000,0,9.000608e-03
2026-07-20T17:54:04.728,1784559244.728,32.703,4.487246e-01,3.340968e-03,4.365234e-01,4.587402e-01,2000,0,8.974492e-03
2026-07-20T17:54:04.830,1784559244.831,32.803,4.480482e-01,3.339138e-03,4.372559e-01,4.584961e-01,2000,0,8.960964e-03
2026-07-20T17:54:04.928,1784559244.929,32.903,4.468833e-01,3.286931e-03,4.345703e-01,4.584961e-01,2000,0,8.937666e-03
2026-07-20T17:54:05.030,1784559245.031,33.003,4.459026e-01,3.213971e-03,4.365234e-01,4.558105e-01,2000,0,8.918052e-03
2026-07-20T17:54:05.129,1784559245.130,33.103,4.448611e-01,3.261624e-03,4.353027e-01,4.558105e-01,2000,0,8.897222e-03
2026-07-20T17:54:05.228,1784559245.229,33.203,4.439185e-01,3.277445e-03,4.348145e-01,4.570312e-01,2000,0,8.878369e-03
2026-07-20T17:54:05.328,1784559245.329,33.303,4.428679e-01,3.217314e-03,4.331055e-01,4.572754e-01,2000,0,8.857358e-03
2026-07-20T17:54:05.428,1784559245.429,33.403,4.415608e-01,3.233811e-03,4.274902e-01,4.526367e-01,2000,0,8.831216e-03
2026-07-20T17:54:05.528,1784559245.529,33.503,4.412198e-01,3.283347e-03,4.306641e-01,4.519043e-01,2000,0,8.824397e-03
2026-07-20T17:54:05.630,1784559245.631,33.603,4.399656e-01,3.383301e-03,4.289551e-01,4.538574e-01,2000,0,8.799312e-03
2026-07-20T17:54:05.730,1784559245.731,33.703,4.389244e-01,3.521259e-03,4.291992e-01,4.553223e-01,2000,0,8.778489e-03
2026-07-20T17:54:05.828,1784559245.829,33.803,4.380718e-01,3.424981e-03,4.279785e-01,4.499512e-01,2000,0,8.761436e-03
2026-07-20T17:54:05.930,1784559245.931,33.903,4.360327e-01,3.434902e-03,4.228516e-01,4.479980e-01,2000,0,8.720654e-03
2026-07-20T17:54:06.030,1784559246.031,34.003,4.357697e-01,3.427337e-03,4.252930e-01,4.470215e-01,2000,0,8.715393e-03
2026-07-20T17:54:06.128,1784559246.129,34.103,4.349318e-01,3.380132e-03,4.248047e-01,4.460449e-01,2000,0,8.698635e-03
2026-07-20T17:54:06.228,1784559246.229,34.203,4.336161e-01,3.420576e-03,4.240723e-01,4.482422e-01,2000,0,8.672322e-03
2026-07-20T17:54:06.330,1784559246.331,34.303,4.321342e-01,3.405836e-03,4.216309e-01,4.472656e-01,2000,0,8.642683e-03
2026-07-20T17:54:06.428,1784559246.429,34.403,4.307012e-01,3.558561e-03,4.169922e-01,4.418945e-01,2000,0,8.614023e-03
2026-07-20T17:54:06.528,1784559246.529,34.503,4.295388e-01,3.477484e-03,4.174805e-01,4.423828e-01,2000,0,8.590776e-03
2026-07-20T17:54:06.628,1784559246.629,34.603,4.285454e-01,3.454312e-03,4.184570e-01,4.396973e-01,2000,0,8.570908e-03
2026-07-20T17:54:06.728,1784559246.729,34.703,4.269235e-01,3.474157e-03,4.167480e-01,4.392090e-01,2000,0,8.538469e-03
2026-07-20T17:54:06.828,1784559246.829,34.803,4.257877e-01,3.517513e-03,4.130859e-01,4.394531e-01,2000,0,8.515754e-03
2026-07-20T17:54:06.930,1784559246.931,34.903,4.235518e-01,3.345177e-03,4.118652e-01,4.348145e-01,2000,0,8.471035e-03
2026-07-20T17:54:07.028,1784559247.029,35.003,4.218372e-01,3.593158e-03,4.101562e-01,4.335938e-01,2000,0,8.436743e-03
2026-07-20T17:54:07.128,1784559247.129,35.103,4.203248e-01,3.627139e-03,4.099121e-01,4.318848e-01,2000,0,8.406497e-03
2026-07-20T17:54:07.228,1784559247.228,35.203,4.180935e-01,3.307947e-03,4.086914e-01,4.289551e-01,2000,0,8.361870e-03
2026-07-20T17:54:07.328,1784559247.329,35.303,4.164518e-01,3.366733e-03,4.062500e-01,4.279785e-01,2000,0,8.329036e-03
2026-07-20T17:54:07.428,1784559247.429,35.403,4.150464e-01,3.360568e-03,4.038086e-01,4.289551e-01,2000,0,8.300928e-03
2026-07-20T17:54:07.531,1784559247.531,35.503,4.126356e-01,3.310769e-03,4.033203e-01,4.243164e-01,2000,0,8.252712e-03
2026-07-20T17:54:07.628,1784559247.629,35.603,4.112333e-01,3.283770e-03,4.006348e-01,4.233398e-01,2000,0,8.224666e-03
2026-07-20T17:54:07.730,1784559247.731,35.703,4.096243e-01,3.247327e-03,3.994141e-01,4.213867e-01,2000,0,8.192485e-03
2026-07-20T17:54:07.830,1784559247.831,35.803,4.073959e-01,3.117147e-03,3.959961e-01,4.221191e-01,2000,0,8.147917e-03
2026-07-20T17:54:07.928,1784559247.929,35.903,4.055397e-01,3.352268e-03,3.950195e-01,4.157715e-01,2000,0,8.110793e-03
2026-07-20T17:54:08.030,1784559248.031,36.003,4.034440e-01,3.356147e-03,3.906250e-01,4.138184e-01,2000,0,8.068879e-03
2026-07-20T17:54:08.128,1784559248.128,36.103,4.014924e-01,3.268120e-03,3.901367e-01,4.128418e-01,2000,0,8.029849e-03
2026-07-20T17:54:08.228,1784559248.229,36.203,3.997333e-01,3.264590e-03,3.886719e-01,4.094238e-01,2000,0,7.994666e-03
2026-07-20T17:54:08.330,1784559248.331,36.303,3.975514e-01,3.255551e-03,3.847656e-01,4.111328e-01,2000,0,7.951028e-03
2026-07-20T17:54:08.428,1784559248.429,36.403,3.964465e-01,3.325666e-03,3.842773e-01,4.067383e-01,2000,0,7.928931e-03
2026-07-20T17:54:08.528,1784559248.529,36.503,3.943875e-01,3.209090e-03,3.833008e-01,4.060059e-01,2000,0,7.887749e-03
2026-07-20T17:54:08.630,1784559248.631,36.603,3.931488e-01,3.134575e-03,3.813477e-01,4.038086e-01,2000,0,7.862976e-03
2026-07-20T17:54:08.731,1784559248.731,36.703,3.907799e-01,3.168677e-03,3.798828e-01,4.011230e-01,2000,0,7.815598e-03
2026-07-20T17:54:08.828,1784559248.829,36.803,3.896672e-01,3.177686e-03,3.786621e-01,3.989258e-01,2000,0,7.793345e-03
2026-07-20T17:54:08.930,1784559248.931,36.903,3.875961e-01,3.371743e-03,3.762207e-01,3.989258e-01,2000,0,7.751921e-03
2026-07-20T17:54:09.029,1784559249.029,37.003,3.865641e-01,3.260490e-03,3.747559e-01,3.969727e-01,2000,0,7.731282e-03
2026-07-20T17:54:09.128,1784559249.129,37.103,3.850477e-01,3.306058e-03,3.750000e-01,4.025879e-01,2000,0,7.700955e-03
2026-07-20T17:54:09.230,1784559249.231,37.203,3.838607e-01,3.161309e-03,3.723145e-01,3.945312e-01,2000,0,7.677214e-03
2026-07-20T17:54:09.328,1784559249.329,37.303,3.826688e-01,3.218327e-03,3.703613e-01,3.920898e-01,2000,0,7.653376e-03
2026-07-20T17:54:09.428,1784559249.429,37.403,3.819120e-01,3.249212e-03,3.693848e-01,3.937988e-01,2000,0,7.638240e-03
2026-07-20T17:54:09.528,1784559249.529,37.503,3.803132e-01,3.207322e-03,3.691406e-01,3.906250e-01,2000,0,7.606265e-03
2026-07-20T17:54:09.629,1784559249.629,37.603,3.802317e-01,3.201948e-03,3.693848e-01,3.903809e-01,2000,0,7.604634e-03
2026-07-20T17:54:09.728,1784559249.729,37.703,3.793716e-01,3.162532e-03,3.679199e-01,3.903809e-01,2000,0,7.587432e-03
2026-07-20T17:54:09.830,1784559249.830,37.803,3.786064e-01,3.271730e-03,3.679199e-01,3.886719e-01,2000,0,7.572129e-03
2026-07-20T17:54:09.928,1784559249.929,37.903,3.782671e-01,3.202517e-03,3.662109e-01,3.879395e-01,2000,0,7.565342e-03
2026-07-20T17:54:10.028,1784559250.028,38.003,3.780699e-01,3.300493e-03,3.657227e-01,3.891602e-01,2000,0,7.561399e-03
2026-07-20T17:54:10.128,1784559250.129,38.103,3.772971e-01,3.295815e-03,3.654785e-01,3.891602e-01,2000,0,7.545942e-03
2026-07-20T17:54:10.230,1784559250.230,38.203,3.774517e-01,3.192779e-03,3.649902e-01,3.874512e-01,2000,0,7.549033e-03
2026-07-20T17:54:10.330,1784559250.331,38.303,3.774105e-01,3.207301e-03,3.637695e-01,3.881836e-01,2000,0,7.548210e-03
2026-07-20T17:54:10.430,1784559250.431,38.403,3.769207e-01,3.141610e-03,3.662109e-01,3.891602e-01,2000,0,7.538413e-03
2026-07-20T17:54:10.530,1784559250.531,38.503,3.771907e-01,3.313954e-03,3.666992e-01,3.874512e-01,2000,0,7.543813e-03
2026-07-20T17:54:10.628,1784559250.628,38.603,3.776847e-01,3.085975e-03,3.654785e-01,3.867188e-01,2000,0,7.553694e-03
2026-07-20T17:54:10.730,1784559250.731,38.703,3.772244e-01,3.154394e-03,3.605957e-01,3.879395e-01,2000,0,7.544487e-03
2026-07-20T17:54:10.830,1784559250.831,38.803,3.778553e-01,3.053493e-03,3.674316e-01,3.894043e-01,2000,0,7.557107e-03
2026-07-20T17:54:10.930,1784559250.931,38.903,3.775746e-01,3.190292e-03,3.676758e-01,3.874512e-01,2000,0,7.551492e-03
2026-07-20T17:54:11.030,1784559251.030,39.003,3.773943e-01,3.124769e-03,3.674316e-01,3.862305e-01,2000,0,7.547886e-03
2026-07-20T17:54:11.130,1784559251.131,39.103,3.778328e-01,3.090220e-03,3.671875e-01,3.901367e-01,2000,0,7.556655e-03
2026-07-20T17:54:11.230,1784559251.230,39.203,3.778625e-01,3.053782e-03,3.674316e-01,3.872070e-01,2000,0,7.557251e-03
2026-07-20T17:54:11.330,1784559251.331,39.303,3.776475e-01,2.967335e-03,3.681641e-01,3.903809e-01,2000,0,7.552949e-03
2026-07-20T17:54:11.430,1784559251.431,39.403,3.781283e-01,3.028493e-03,3.640137e-01,3.886719e-01,2000,0,7.562566e-03
2026-07-20T17:54:11.530,1784559251.530,39.503,3.783038e-01,2.941149e-03,3.679199e-01,3.869629e-01,2000,0,7.566077e-03
2026-07-20T17:54:11.630,1784559251.630,39.603,3.780463e-01,2.995184e-03,3.684082e-01,3.891602e-01,2000,0,7.560925e-03
2026-07-20T17:54:11.730,1784559251.731,39.703,3.788239e-01,3.030941e-03,3.676758e-01,3.881836e-01,2000,0,7.576477e-03
2026-07-20T17:54:11.828,1784559251.829,39.803,3.790801e-01,3.117056e-03,3.676758e-01,3.889160e-01,2000,0,7.581602e-03
2026-07-20T17:54:11.928,1784559251.928,39.903,3.792754e-01,3.015595e-03,3.676758e-01,3.901367e-01,2000,0,7.585508e-03
2026-07-20T17:54:12.030,1784559252.031,40.003,3.799191e-01,3.067075e-03,3.681641e-01,3.916016e-01,2000,0,7.598381e-03
2026-07-20T17:54:12.128,1784559252.128,40.103,3.799436e-01,3.142783e-03,3.681641e-01,3.896484e-01,2000,0,7.598872e-03
2026-07-20T17:54:12.228,1784559252.228,40.203,3.802922e-01,3.212455e-03,3.706055e-01,3.906250e-01,2000,0,7.605845e-03
2026-07-20T17:54:12.330,1784559252.331,40.303,3.807667e-01,3.226755e-03,3.693848e-01,3.969727e-01,2000,0,7.615334e-03
2026-07-20T17:54:12.430,1784559252.431,40.403,3.814353e-01,3.065216e-03,3.718262e-01,3.928223e-01,2000,0,7.628706e-03
2026-07-20T17:54:12.530,1784559252.531,40.503,3.817737e-01,3.074699e-03,3.713379e-01,3.933105e-01,2000,0,7.635474e-03
2026-07-20T17:54:12.628,1784559252.628,40.603,3.822356e-01,3.105237e-03,3.713379e-01,3.967285e-01,2000,0,7.644712e-03
2026-07-20T17:54:12.728,1784559252.729,40.703,3.828120e-01,3.104332e-03,3.723145e-01,3.937988e-01,2000,0,7.656240e-03
2026-07-20T17:54:12.828,1784559252.829,40.803,3.832942e-01,3.069599e-03,3.730469e-01,3.928223e-01,2000,0,7.665884e-03
2026-07-20T17:54:12.928,1784559252.929,40.903,3.840629e-01,3.112144e-03,3.720703e-01,3.981934e-01,2000,0,7.681257e-03
2026-07-20T17:54:13.028,1784559253.029,41.003,3.847753e-01,3.086230e-03,3.747559e-01,3.947754e-01,2000,0,7.695505e-03
2026-07-20T17:54:13.128,1784559253.129,41.103,3.847142e-01,3.036291e-03,3.728027e-01,3.979492e-01,2000,0,7.694285e-03
2026-07-20T17:54:13.228,1784559253.229,41.203,3.859719e-01,3.198228e-03,3.750000e-01,3.959961e-01,2000,0,7.719438e-03
2026-07-20T17:54:13.328,1784559253.329,41.303,3.863633e-01,2.951811e-03,3.757324e-01,3.952637e-01,2000,0,7.727266e-03
2026-07-20T17:54:13.428,1784559253.429,41.403,3.862186e-01,3.057467e-03,3.754883e-01,3.981934e-01,2000,0,7.724373e-03
2026-07-20T17:54:13.528,1784559253.529,41.503,3.868280e-01,2.984166e-03,3.769531e-01,3.959961e-01,2000,0,7.736560e-03
2026-07-20T17:54:13.630,1784559253.631,41.603,3.874207e-01,3.090500e-03,3.776855e-01,3.989258e-01,2000,0,7.748413e-03
2026-07-20T17:54:13.730,1784559253.731,41.703,3.871100e-01,2.841932e-03,3.779297e-01,4.018555e-01,2000,0,7.742200e-03
2026-07-20T17:54:13.828,1784559253.829,41.803,3.874727e-01,2.736513e-03,3.774414e-01,3.964844e-01,2000,0,7.749453e-03
2026-07-20T17:54:13.928,1784559253.929,41.903,3.876781e-01,2.757758e-03,3.784180e-01,3.957520e-01,2000,0,7.753562e-03
2026-07-20T17:54:14.028,1784559254.029,42.003,3.866938e-01,2.771126e-03,3.752441e-01,3.947754e-01,2000,0,7.733877e-03
2026-07-20T17:54:14.128,1784559254.129,42.103,3.865376e-01,2.773264e-03,3.767090e-01,3.984375e-01,2000,0,7.730752e-03
2026-07-20T17:54:14.228,1784559254.229,42.203,3.860350e-01,2.684833e-03,3.779297e-01,3.986816e-01,2000,0,7.720701e-03
2026-07-20T17:54:14.330,1784559254.330,42.303,3.848578e-01,2.591884e-03,3.757324e-01,3.935547e-01,2000,0,7.697156e-03
2026-07-20T17:54:14.430,1784559254.430,42.403,3.840527e-01,2.544229e-03,3.708496e-01,3.928223e-01,2000,0,7.681055e-03
2026-07-20T17:54:14.528,1784559254.529,42.503,3.829395e-01,2.405864e-03,3.728027e-01,3.911133e-01,2000,0,7.658789e-03
2026-07-20T17:54:14.628,1784559254.629,42.603,3.822802e-01,2.330180e-03,3.740234e-01,3.930664e-01,2000,0,7.645603e-03
2026-07-20T17:54:14.728,1784559254.729,42.703,3.817396e-01,2.384754e-03,3.730469e-01,3.947754e-01,2000,0,7.634792e-03
2026-07-20T17:54:14.828,1784559254.829,42.803,3.808706e-01,2.251830e-03,3.728027e-01,3.901367e-01,2000,0,7.617412e-03
2026-07-20T17:54:14.928,1784559254.929,42.903,3.798591e-01,2.180281e-03,3.698730e-01,3.867188e-01,2000,0,7.597183e-03
2026-07-20T17:54:15.030,1784559255.030,43.003,3.792544e-01,2.259884e-03,3.708496e-01,3.903809e-01,2000,0,7.585088e-03
2026-07-20T17:54:15.130,1784559255.130,43.103,3.784802e-01,2.332725e-03,3.688965e-01,3.862305e-01,2000,0,7.569604e-03
2026-07-20T17:54:15.230,1784559255.231,43.203,3.772843e-01,2.330314e-03,3.679199e-01,3.857422e-01,2000,0,7.545686e-03
2026-07-20T17:54:15.328,1784559255.329,43.303,3.768999e-01,2.295175e-03,3.684082e-01,3.881836e-01,2000,0,7.537998e-03
2026-07-20T17:54:15.430,1784559255.431,43.403,3.758604e-01,2.369163e-03,3.684082e-01,3.852539e-01,2000,0,7.517207e-03
2026-07-20T17:54:15.530,1784559255.531,43.503,3.745509e-01,2.352542e-03,3.649902e-01,3.835449e-01,2000,0,7.491018e-03
2026-07-20T17:54:15.630,1784559255.631,43.603,3.740449e-01,2.665869e-03,3.640137e-01,3.840332e-01,2000,0,7.480898e-03
2026-07-20T17:54:15.730,1784559255.731,43.703,3.735551e-01,2.541126e-03,3.645020e-01,3.825684e-01,2000,0,7.471101e-03
2026-07-20T17:54:15.828,1784559255.828,43.803,3.720459e-01,2.670669e-03,3.601074e-01,3.835449e-01,2000,0,7.440918e-03
2026-07-20T17:54:15.930,1784559255.931,43.903,3.717439e-01,2.633308e-03,3.605957e-01,3.813477e-01,2000,0,7.434878e-03
2026-07-20T17:54:16.028,1784559256.028,44.003,3.704906e-01,2.749051e-03,3.613281e-01,3.781738e-01,2000,0,7.409812e-03
2026-07-20T17:54:16.130,1784559256.131,44.103,3.700507e-01,2.696889e-03,3.591309e-01,3.811035e-01,2000,0,7.401013e-03
2026-07-20T17:54:16.228,1784559256.229,44.203,3.694634e-01,2.706751e-03,3.613281e-01,3.869629e-01,2000,0,7.389268e-03
2026-07-20T17:54:16.330,1784559256.331,44.303,3.694575e-01,2.719448e-03,3.598633e-01,3.791504e-01,2000,0,7.389150e-03
2026-07-20T17:54:16.430,1784559256.431,44.403,3.694624e-01,2.887843e-03,3.591309e-01,3.796387e-01,2000,0,7.389248e-03
2026-07-20T17:54:16.530,1784559256.531,44.503,3.696980e-01,2.785172e-03,3.544922e-01,3.791504e-01,2000,0,7.393960e-03
2026-07-20T17:54:16.630,1784559256.631,44.603,3.692390e-01,2.892799e-03,3.576660e-01,3.806152e-01,2000,0,7.384780e-03
2026-07-20T17:54:16.730,1784559256.730,44.703,3.697025e-01,2.891274e-03,3.571777e-01,3.786621e-01,2000,0,7.394050e-03
2026-07-20T17:54:16.829,1784559256.829,44.803,3.704980e-01,3.086737e-03,3.610840e-01,3.789062e-01,2000,0,7.409961e-03
2026-07-20T17:54:16.928,1784559256.929,44.903,3.709948e-01,2.943328e-03,3.613281e-01,3.798828e-01,2000,0,7.419895e-03
2026-07-20T17:54:17.028,1784559257.029,45.003,3.716056e-01,2.917916e-03,3.593750e-01,3.798828e-01,2000,0,7.432112e-03
2026-07-20T17:54:17.128,1784559257.129,45.103,3.729246e-01,3.024941e-03,3.635254e-01,3.828125e-01,2000,0,7.458491e-03
2026-07-20T17:54:17.228,1784559257.229,45.203,3.728069e-01,3.047152e-03,3.625488e-01,3.833008e-01,2000,0,7.456138e-03
2026-07-20T17:54:17.330,1784559257.331,45.303,3.741479e-01,2.898772e-03,3.649902e-01,3.847656e-01,2000,0,7.482959e-03
2026-07-20T17:54:17.428,1784559257.429,45.403,3.752352e-01,2.827504e-03,3.662109e-01,3.845215e-01,2000,0,7.504705e-03
2026-07-20T17:54:17.528,1784559257.529,45.503,3.756626e-01,2.904332e-03,3.610840e-01,3.847656e-01,2000,0,7.513252e-03
2026-07-20T17:54:17.630,1784559257.631,45.603,3.770463e-01,2.813555e-03,3.642578e-01,3.876953e-01,2000,0,7.540925e-03
2026-07-20T17:54:17.728,1784559257.728,45.703,3.784381e-01,3.098795e-03,3.681641e-01,3.872070e-01,2000,0,7.568762e-03
2026-07-20T17:54:17.828,1784559257.829,45.803,3.793773e-01,2.841922e-03,3.708496e-01,3.918457e-01,2000,0,7.587546e-03
2026-07-20T17:54:17.928,1784559257.929,45.903,3.806506e-01,2.885221e-03,3.718262e-01,3.979492e-01,2000,0,7.613013e-03
2026-07-20T17:54:18.028,1784559258.029,46.003,3.820609e-01,2.857429e-03,3.664551e-01,3.940430e-01,2000,0,7.641218e-03
2026-07-20T17:54:18.128,1784559258.129,46.103,3.828774e-01,2.978398e-03,3.728027e-01,3.933105e-01,2000,0,7.657549e-03
2026-07-20T17:54:18.228,1784559258.229,46.203,3.835325e-01,2.872410e-03,3.737793e-01,3.950195e-01,2000,0,7.670649e-03
2026-07-20T17:54:18.328,1784559258.329,46.303,3.851385e-01,2.767011e-03,3.752441e-01,3.967285e-01,2000,0,7.702771e-03
2026-07-20T17:54:18.430,1784559258.431,46.403,3.858324e-01,2.854264e-03,3.757324e-01,4.055176e-01,2000,0,7.716648e-03
2026-07-20T17:54:18.528,1784559258.529,46.503,3.869675e-01,2.859163e-03,3.750000e-01,3.957520e-01,2000,0,7.739351e-03
2026-07-20T17:54:18.628,1784559258.628,46.603,3.880559e-01,3.081877e-03,3.789062e-01,3.984375e-01,2000,0,7.761118e-03
2026-07-20T17:54:18.728,1784559258.729,46.703,3.892958e-01,3.023077e-03,3.793945e-01,3.991699e-01,2000,0,7.785916e-03
2026-07-20T17:54:18.828,1784559258.829,46.803,3.905574e-01,2.969148e-03,3.776855e-01,4.008789e-01,2000,0,7.811147e-03
2026-07-20T17:54:18.928,1784559258.929,46.903,3.923845e-01,2.791203e-03,3.837891e-01,4.023438e-01,2000,0,7.847690e-03
2026-07-20T17:54:19.030,1784559259.030,47.003,3.931412e-01,2.911008e-03,3.806152e-01,4.042969e-01,2000,0,7.862825e-03
2026-07-20T17:54:19.131,1784559259.131,47.103,3.940070e-01,2.862602e-03,3.835449e-01,4.050293e-01,2000,0,7.880139e-03
2026-07-20T17:54:19.230,1784559259.231,47.203,3.957787e-01,2.914394e-03,3.815918e-01,4.055176e-01,2000,0,7.915574e-03
2026-07-20T17:54:19.328,1784559259.329,47.303,3.967081e-01,2.837504e-03,3.857422e-01,4.069824e-01,2000,0,7.934163e-03
2026-07-20T17:54:19.428,1784559259.429,47.403,3.974293e-01,3.115207e-03,3.854980e-01,4.101562e-01,2000,0,7.948586e-03
2026-07-20T17:54:19.528,1784559259.529,47.503,3.984994e-01,2.975545e-03,3.869629e-01,4.128418e-01,2000,0,7.969988e-03
2026-07-20T17:54:19.630,1784559259.631,47.603,4.002126e-01,3.115244e-03,3.881836e-01,4.106445e-01,2000,0,8.004253e-03
2026-07-20T17:54:19.730,1784559259.731,47.703,4.012471e-01,3.044101e-03,3.913574e-01,4.111328e-01,2000,0,8.024941e-03
2026-07-20T17:54:19.830,1784559259.831,47.803,4.022037e-01,3.181758e-03,3.911133e-01,4.140625e-01,2000,0,8.044075e-03
2026-07-20T17:54:19.930,1784559259.931,47.903,4.033622e-01,3.120019e-03,3.908691e-01,4.123535e-01,2000,0,8.067244e-03
2026-07-20T17:54:20.030,1784559260.031,48.003,4.041226e-01,3.124649e-03,3.940430e-01,4.130859e-01,2000,0,8.082451e-03
2026-07-20T17:54:20.130,1784559260.131,48.103,4.055839e-01,3.170839e-03,3.911133e-01,4.165039e-01,2000,0,8.111677e-03
2026-07-20T17:54:20.230,1784559260.231,48.203,4.060248e-01,3.247497e-03,3.955078e-01,4.165039e-01,2000,0,8.120496e-03
2026-07-20T17:54:20.330,1784559260.331,48.303,4.074008e-01,3.132824e-03,3.942871e-01,4.179688e-01,2000,0,8.148015e-03
2026-07-20T17:54:20.430,1784559260.431,48.403,4.084521e-01,3.022808e-03,3.984375e-01,4.182129e-01,2000,0,8.169043e-03
2026-07-20T17:54:20.528,1784559260.529,48.503,4.093556e-01,3.180398e-03,3.947754e-01,4.194336e-01,2000,0,8.187112e-03
2026-07-20T17:54:20.628,1784559260.629,48.603,4.102758e-01,3.280853e-03,3.984375e-01,4.201660e-01,2000,0,8.205515e-03
2026-07-20T17:54:20.730,1784559260.731,48.703,4.116189e-01,3.105714e-03,4.006348e-01,4.221191e-01,2000,0,8.232378e-03
2026-07-20T17:54:20.830,1784559260.831,48.803,4.116952e-01,3.090693e-03,3.989258e-01,4.206543e-01,2000,0,8.233904e-03
2026-07-20T17:54:20.930,1784559260.931,48.903,4.122961e-01,3.188553e-03,3.994141e-01,4.226074e-01,2000,0,8.245923e-03
2026-07-20T17:54:21.028,1784559261.028,49.003,4.124534e-01,3.301786e-03,3.979492e-01,4.252930e-01,2000,0,8.249067e-03
2026-07-20T17:54:21.130,1784559261.131,49.103,4.131239e-01,3.165359e-03,4.025879e-01,4.257812e-01,2000,0,8.262478e-03
2026-07-20T17:54:21.230,1784559261.231,49.203,4.137570e-01,3.179609e-03,4.033203e-01,4.233398e-01,2000,0,8.275139e-03
2026-07-20T17:54:21.330,1784559261.331,49.303,4.140487e-01,3.242867e-03,4.040527e-01,4.350586e-01,2000,0,8.280974e-03
2026-07-20T17:54:21.430,1784559261.431,49.403,4.141246e-01,3.155462e-03,4.018555e-01,4.250488e-01,2000,0,8.282493e-03
2026-07-20T17:54:21.530,1784559261.530,49.503,4.134320e-01,3.277566e-03,3.989258e-01,4.248047e-01,2000,0,8.268640e-03
2026-07-20T17:54:21.630,1784559261.631,49.603,4.148269e-01,3.138236e-03,4.028320e-01,4.248047e-01,2000,0,8.296538e-03
2026-07-20T17:54:21.728,1784559261.729,49.703,4.145103e-01,3.203432e-03,4.018555e-01,4.250488e-01,2000,0,8.290205e-03
2026-07-20T17:54:21.828,1784559261.829,49.803,4.138997e-01,3.214259e-03,4.016113e-01,4.262695e-01,2000,0,8.277993e-03
2026-07-20T17:54:21.928,1784559261.929,49.903,4.142560e-01,3.336434e-03,3.981934e-01,4.250488e-01,2000,0,8.285120e-03
2026-07-20T17:54:22.030,1784559262.031,50.003,4.136440e-01,3.265131e-03,4.038086e-01,4.309082e-01,2000,0,8.272881e-03
2026-07-20T17:54:22.128,1784559262.129,50.103,4.134011e-01,3.380941e-03,4.011230e-01,4.262695e-01,2000,0,8.268022e-03
2026-07-20T17:54:22.228,1784559262.229,50.203,4.137355e-01,3.244722e-03,4.020996e-01,4.257812e-01,2000,0,8.274709e-03
2026-07-20T17:54:22.328,1784559262.329,50.303,4.128490e-01,3.181890e-03,3.986816e-01,4.274902e-01,2000,0,8.256980e-03
2026-07-20T17:54:22.428,1784559262.429,50.403,4.124348e-01,3.385836e-03,3.999023e-01,4.240723e-01,2000,0,8.248696e-03
2026-07-20T17:54:22.530,1784559262.531,50.503,4.120331e-01,3.115658e-03,3.991699e-01,4.221191e-01,2000,0,8.240662e-03
2026-07-20T17:54:22.630,1784559262.630,50.603,4.116729e-01,3.492509e-03,3.994141e-01,4.252930e-01,2000,0,8.233457e-03
2026-07-20T17:54:22.730,1784559262.731,50.703,4.111050e-01,3.207315e-03,3.991699e-01,4.221191e-01,2000,0,8.222100e-03
2026-07-20T17:54:22.830,1784559262.831,50.803,4.106233e-01,3.469361e-03,3.945312e-01,4.235840e-01,2000,0,8.212466e-03
2026-07-20T17:54:22.930,1784559262.931,50.903,4.105541e-01,3.277739e-03,3.984375e-01,4.240723e-01,2000,0,8.211082e-03
2026-07-20T17:54:23.030,1784559263.031,51.003,4.097081e-01,3.208109e-03,3.967285e-01,4.228516e-01,2000,0,8.194163e-03
2026-07-20T17:54:23.128,1784559263.129,51.103,4.097128e-01,3.261118e-03,3.952637e-01,4.221191e-01,2000,0,8.194255e-03
2026-07-20T17:54:23.230,1784559263.231,51.203,4.102878e-01,3.232015e-03,3.989258e-01,4.226074e-01,2000,0,8.205757e-03
2026-07-20T17:54:23.328,1784559263.329,51.303,4.091638e-01,3.221526e-03,3.979492e-01,4.221191e-01,2000,0,8.183276e-03
2026-07-20T17:54:23.430,1784559263.431,51.403,4.093380e-01,3.407148e-03,3.979492e-01,4.221191e-01,2000,0,8.186760e-03
2026-07-20T17:54:23.528,1784559263.529,51.503,4.089165e-01,3.208791e-03,3.959961e-01,4.201660e-01,2000,0,8.178330e-03
2026-07-20T17:54:23.628,1784559263.629,51.603,4.083678e-01,3.146229e-03,3.972168e-01,4.204102e-01,2000,0,8.167356e-03
2026-07-20T17:54:23.730,1784559263.731,51.703,4.082148e-01,3.198360e-03,3.974609e-01,4.184570e-01,2000,0,8.164297e-03
2026-07-20T17:54:23.830,1784559263.831,51.803,4.078279e-01,3.247241e-03,3.950195e-01,4.187012e-01,2000,0,8.156558e-03
2026-07-20T17:54:23.930,1784559263.931,51.903,4.078330e-01,3.308882e-03,3.967285e-01,4.201660e-01,2000,0,8.156660e-03
2026-07-20T17:54:24.030,1784559264.030,52.003,4.076819e-01,3.216758e-03,3.967285e-01,4.177246e-01,2000,0,8.153638e-03
2026-07-20T17:54:24.130,1784559264.131,52.103,4.078918e-01,3.149900e-03,3.967285e-01,4.179688e-01,2000,0,8.157837e-03
2026-07-20T17:54:24.228,1784559264.228,52.203,4.076439e-01,3.064146e-03,3.974609e-01,4.172363e-01,2000,0,8.152878e-03
2026-07-20T17:54:24.328,1784559264.328,52.303,4.072002e-01,3.194478e-03,3.962402e-01,4.162598e-01,2000,0,8.144004e-03
2026-07-20T17:54:24.428,1784559264.429,52.403,4.077258e-01,3.180450e-03,3.969727e-01,4.194336e-01,2000,0,8.154517e-03
2026-07-20T17:54:24.530,1784559264.531,52.503,4.069143e-01,3.291339e-03,3.964844e-01,4.177246e-01,2000,0,8.138286e-03
2026-07-20T17:54:24.628,1784559264.629,52.603,4.071063e-01,3.242082e-03,3.957520e-01,4.182129e-01,2000,0,8.142126e-03
2026-07-20T17:54:24.728,1784559264.729,52.703,4.070259e-01,3.176253e-03,3.920898e-01,4.169922e-01,2000,0,8.140518e-03
2026-07-20T17:54:24.830,1784559264.831,52.803,4.065564e-01,3.350451e-03,3.928223e-01,4.165039e-01,2000,0,8.131128e-03
2026-07-20T17:54:24.928,1784559264.929,52.903,4.061160e-01,3.235048e-03,3.942871e-01,4.165039e-01,2000,0,8.122319e-03
2026-07-20T17:54:25.030,1784559265.031,53.003,4.063884e-01,3.296427e-03,3.940430e-01,4.169922e-01,2000,0,8.127769e-03
2026-07-20T17:54:25.130,1784559265.130,53.103,4.060508e-01,3.387808e-03,3.945312e-01,4.187012e-01,2000,0,8.121016e-03
2026-07-20T17:54:25.228,1784559265.229,53.203,4.062396e-01,3.371508e-03,3.903809e-01,4.172363e-01,2000,0,8.124792e-03
2026-07-20T17:54:25.328,1784559265.329,53.303,4.062339e-01,3.501002e-03,3.942871e-01,4.213867e-01,2000,0,8.124678e-03
2026-07-20T17:54:25.430,1784559265.431,53.403,4.059773e-01,3.394260e-03,3.930664e-01,4.174805e-01,2000,0,8.119546e-03
2026-07-20T17:54:25.530,1784559265.531,53.503,4.059595e-01,3.497317e-03,3.928223e-01,4.160156e-01,2000,0,8.119189e-03
2026-07-20T17:54:25.628,1784559265.629,53.603,4.062097e-01,3.434294e-03,3.937988e-01,4.152832e-01,2000,0,8.124194e-03
2026-07-20T17:54:25.728,1784559265.729,53.703,4.059891e-01,3.567794e-03,3.918457e-01,4.172363e-01,2000,0,8.119783e-03
2026-07-20T17:54:25.828,1784559265.829,53.803,4.060159e-01,3.614455e-03,3.923340e-01,4.216309e-01,2000,0,8.120317e-03
2026-07-20T17:54:25.928,1784559265.929,53.903,4.055122e-01,3.490473e-03,3.933105e-01,4.165039e-01,2000,0,8.110244e-03
2026-07-20T17:54:26.028,1784559266.029,54.003,4.050133e-01,3.559745e-03,3.913574e-01,4.152832e-01,2000,0,8.100266e-03
2026-07-20T17:54:26.128,1784559266.129,54.103,4.048979e-01,3.570865e-03,3.925781e-01,4.152832e-01,2000,0,8.097959e-03
2026-07-20T17:54:26.230,1784559266.231,54.203,4.045090e-01,3.722875e-03,3.894043e-01,4.157715e-01,2000,0,8.090181e-03
2026-07-20T17:54:26.330,1784559266.331,54.303,4.034865e-01,3.793056e-03,3.906250e-01,4.147949e-01,2000,0,8.069729e-03
2026-07-20T17:54:26.430,1784559266.431,54.403,4.039143e-01,3.625414e-03,3.901367e-01,4.174805e-01,2000,0,8.078286e-03
2026-07-20T17:54:26.528,1784559266.529,54.503,4.030032e-01,3.636815e-03,3.896484e-01,4.145508e-01,2000,0,8.060063e-03
2026-07-20T17:54:26.630,1784559266.631,54.603,4.026047e-01,3.592745e-03,3.916016e-01,4.143066e-01,2000,0,8.052095e-03
2026-07-20T17:54:26.730,1784559266.731,54.703,4.024651e-01,3.576623e-03,3.898926e-01,4.147949e-01,2000,0,8.049302e-03
2026-07-20T17:54:26.828,1784559266.829,54.803,4.025228e-01,3.628233e-03,3.901367e-01,4.138184e-01,2000,0,8.050457e-03
2026-07-20T17:54:26.928,1784559266.929,54.903,4.016998e-01,3.663811e-03,3.886719e-01,4.138184e-01,2000,0,8.033997e-03
2026-07-20T17:54:27.028,1784559267.029,55.003,4.019810e-01,3.506652e-03,3.911133e-01,4.121094e-01,2000,0,8.039619e-03
2026-07-20T17:54:27.128,1784559267.129,55.103,4.020958e-01,3.579007e-03,3.881836e-01,4.121094e-01,2000,0,8.041917e-03
2026-07-20T17:54:27.228,1784559267.229,55.203,4.016594e-01,3.474570e-03,3.881836e-01,4.116211e-01,2000,0,8.033188e-03
2026-07-20T17:54:27.330,1784559267.331,55.303,4.017850e-01,3.465208e-03,3.867188e-01,4.123535e-01,2000,0,8.035701e-03
2026-07-20T17:54:27.430,1784559267.431,55.403,4.019448e-01,3.577423e-03,3.876953e-01,4.138184e-01,2000,0,8.038896e-03
2026-07-20T17:54:27.530,1784559267.531,55.503,4.021622e-01,3.337436e-03,3.913574e-01,4.116211e-01,2000,0,8.043245e-03
2026-07-20T17:54:27.631,1784559267.631,55.603,4.023871e-01,3.593863e-03,3.903809e-01,4.155273e-01,2000,0,8.047742e-03
2026-07-20T17:54:27.728,1784559267.729,55.703,4.024580e-01,3.368132e-03,3.920898e-01,4.147949e-01,2000,0,8.049160e-03
2026-07-20T17:54:27.830,1784559267.831,55.803,4.026022e-01,3.425077e-03,3.867188e-01,4.140625e-01,2000,0,8.052043e-03
2026-07-20T17:54:27.930,1784559267.931,55.903,4.033477e-01,3.549384e-03,3.925781e-01,4.150391e-01,2000,0,8.066953e-03
2026-07-20T17:54:28.028,1784559268.029,56.003,4.037620e-01,3.687352e-03,3.925781e-01,4.165039e-01,2000,0,8.075239e-03
2026-07-20T17:54:28.130,1784559268.131,56.103,4.035977e-01,3.550811e-03,3.937988e-01,4.152832e-01,2000,0,8.071953e-03
2026-07-20T17:54:28.231,1784559268.231,56.203,4.044727e-01,3.537745e-03,3.925781e-01,4.167480e-01,2000,0,8.089453e-03
2026-07-20T17:54:28.330,1784559268.331,56.303,4.046229e-01,3.534992e-03,3.918457e-01,4.177246e-01,2000,0,8.092458e-03
2026-07-20T17:54:28.430,1784559268.431,56.403,4.051101e-01,3.521938e-03,3.952637e-01,4.169922e-01,2000,0,8.102202e-03
2026-07-20T17:54:28.528,1784559268.529,56.503,4.057078e-01,3.548424e-03,3.937988e-01,4.182129e-01,2000,0,8.114155e-03
2026-07-20T17:54:28.630,1784559268.631,56.603,4.056313e-01,3.513071e-03,3.945312e-01,4.189453e-01,2000,0,8.112627e-03
2026-07-20T17:54:28.730,1784559268.731,56.703,4.055742e-01,3.544718e-03,3.947754e-01,4.221191e-01,2000,0,8.111484e-03
2026-07-20T17:54:28.828,1784559268.829,56.803,4.062598e-01,3.397911e-03,3.959961e-01,4.196777e-01,2000,0,8.125195e-03
2026-07-20T17:54:28.928,1784559268.929,56.903,4.062842e-01,3.581223e-03,3.889160e-01,4.199219e-01,2000,0,8.125684e-03
2026-07-20T17:54:29.028,1784559269.028,57.003,4.055741e-01,3.611746e-03,3.930664e-01,4.196777e-01,2000,0,8.111482e-03
2026-07-20T17:54:29.128,1784559269.128,57.103,4.059110e-01,3.555911e-03,3.898926e-01,4.221191e-01,2000,0,8.118220e-03
2026-07-20T17:54:29.228,1784559269.228,57.203,4.054717e-01,3.541206e-03,3.952637e-01,4.174805e-01,2000,0,8.109434e-03
2026-07-20T17:54:29.330,1784559269.330,57.303,4.049210e-01,3.576288e-03,3.947754e-01,4.165039e-01,2000,0,8.098420e-03
2026-07-20T17:54:29.430,1784559269.430,57.403,4.049259e-01,3.494062e-03,3.933105e-01,4.167480e-01,2000,0,8.098518e-03
2026-07-20T17:54:29.530,1784559269.531,57.503,4.041766e-01,3.486777e-03,3.937988e-01,4.174805e-01,2000,0,8.083533e-03
2026-07-20T17:54:29.630,1784559269.631,57.603,4.036219e-01,3.618556e-03,3.901367e-01,4.187012e-01,2000,0,8.072439e-03
2026-07-20T17:54:29.728,1784559269.729,57.703,4.025587e-01,3.579423e-03,3.918457e-01,4.140625e-01,2000,0,8.051174e-03
2026-07-20T17:54:29.828,1784559269.829,57.803,4.016028e-01,3.557580e-03,3.898926e-01,4.150391e-01,2000,0,8.032056e-03
2026-07-20T17:54:29.930,1784559269.931,57.903,4.004059e-01,3.448668e-03,3.886719e-01,4.135742e-01,2000,0,8.008118e-03
2026-07-20T17:54:30.030,1784559270.031,58.003,3.995986e-01,3.171456e-03,3.898926e-01,4.125977e-01,2000,0,7.991973e-03
2026-07-20T17:54:30.130,1784559270.130,58.103,3.982087e-01,3.235568e-03,3.879395e-01,4.108887e-01,2000,0,7.964175e-03
2026-07-20T17:54:30.230,1784559270.230,58.203,3.969175e-01,3.006767e-03,3.798828e-01,4.077148e-01,2000,0,7.938350e-03
2026-07-20T17:54:30.330,1784559270.331,58.303,3.957094e-01,3.076511e-03,3.852539e-01,4.057617e-01,2000,0,7.914187e-03
2026-07-20T17:54:30.430,1784559270.430,58.403,3.944512e-01,3.153267e-03,3.840332e-01,4.082031e-01,2000,0,7.889023e-03
2026-07-20T17:54:30.531,1784559270.531,58.503,3.923877e-01,3.339087e-03,3.801270e-01,4.035645e-01,2000,0,7.847754e-03
2026-07-20T17:54:30.628,1784559270.629,58.603,3.909126e-01,3.164163e-03,3.801270e-01,4.016113e-01,2000,0,7.818252e-03
2026-07-20T17:54:30.730,1784559270.730,58.703,3.899401e-01,3.108378e-03,3.784180e-01,4.011230e-01,2000,0,7.798801e-03
2026-07-20T17:54:30.830,1784559270.831,58.803,3.881735e-01,3.172398e-03,3.774414e-01,3.979492e-01,2000,0,7.763469e-03
2026-07-20T17:54:30.930,1784559270.931,58.903,3.868574e-01,3.155742e-03,3.762207e-01,3.996582e-01,2000,0,7.737148e-03
2026-07-20T17:54:31.030,1784559271.030,59.003,3.856676e-01,3.012206e-03,3.767090e-01,3.952637e-01,2000,0,7.713352e-03
2026-07-20T17:54:31.130,1784559271.130,59.103,3.839995e-01,3.138019e-03,3.737793e-01,4.013672e-01,2000,0,7.679990e-03
2026-07-20T17:54:31.230,1784559271.230,59.203,3.831692e-01,3.139951e-03,3.713379e-01,3.933105e-01,2000,0,7.663384e-03
2026-07-20T17:54:31.330,1784559271.331,59.303,3.819762e-01,3.160772e-03,3.730469e-01,3.923340e-01,2000,0,7.639524e-03
2026-07-20T17:54:31.430,1784559271.431,59.403,3.801700e-01,3.218634e-03,3.703613e-01,3.916016e-01,2000,0,7.603401e-03
2026-07-20T17:54:31.530,1784559271.531,59.503,3.792368e-01,3.254118e-03,3.681641e-01,3.923340e-01,2000,0,7.584736e-03
2026-07-20T17:54:31.628,1784559271.629,59.603,3.781978e-01,3.138991e-03,3.686523e-01,3.916016e-01,2000,0,7.563955e-03
2026-07-20T17:54:31.730,1784559271.730,59.703,3.767728e-01,3.208384e-03,3.652344e-01,3.869629e-01,2000,0,7.535457e-03
2026-07-20T17:54:31.830,1784559271.830,59.803,3.757980e-01,3.320388e-03,3.618164e-01,3.854980e-01,2000,0,7.515959e-03
2026-07-20T17:54:31.930,1784559271.930,59.903,3.749495e-01,3.395242e-03,3.603516e-01,3.859863e-01,2000,0,7.498989e-03
2026-07-20T17:54:32.030,1784559272.030,60.003,3.735448e-01,3.219751e-03,3.610840e-01,3.835449e-01,2000,0,7.470896e-03
2026-07-20T17:54:32.130,1784559272.131,60.103,3.727709e-01,3.240717e-03,3.549805e-01,3.830566e-01,2000,0,7.455417e-03
2026-07-20T17:54:32.228,1784559272.229,60.203,3.725278e-01,3.429243e-03,3.608398e-01,3.830566e-01,2000,0,7.450557e-03
2026-07-20T17:54:32.330,1784559272.330,60.303,3.713910e-01,3.316264e-03,3.605957e-01,3.869629e-01,2000,0,7.427820e-03
2026-07-20T17:54:32.430,1784559272.430,60.403,3.714230e-01,3.377534e-03,3.603516e-01,3.815918e-01,2000,0,7.428459e-03
2026-07-20T17:54:32.530,1784559272.530,60.503,3.706139e-01,3.217736e-03,3.610840e-01,3.803711e-01,2000,0,7.412278e-03
2026-07-20T17:54:32.628,1784559272.628,60.603,3.698240e-01,3.237332e-03,3.588867e-01,3.786621e-01,2000,0,7.396479e-03
2026-07-20T17:54:32.730,1784559272.731,60.703,3.701047e-01,3.312165e-03,3.559570e-01,3.811035e-01,2000,0,7.402095e-03
2026-07-20T17:54:32.830,1784559272.830,60.803,3.693862e-01,3.380047e-03,3.598633e-01,3.803711e-01,2000,0,7.387725e-03
2026-07-20T17:54:32.930,1784559272.930,60.903,3.689255e-01,3.145853e-03,3.601074e-01,3.806152e-01,2000,0,7.378511e-03
2026-07-20T17:54:33.030,1784559273.030,61.003,3.693929e-01,3.117814e-03,3.559570e-01,3.801270e-01,2000,0,7.387859e-03
2026-07-20T17:54:33.128,1784559273.128,61.103,3.690640e-01,3.099657e-03,3.579102e-01,3.793945e-01,2000,0,7.381279e-03
2026-07-20T17:54:33.230,1784559273.231,61.203,3.689365e-01,3.062414e-03,3.586426e-01,3.806152e-01,2000,0,7.378730e-03
2026-07-20T17:54:33.330,1784559273.331,61.303,3.693375e-01,2.969297e-03,3.569336e-01,3.784180e-01,2000,0,7.386750e-03
2026-07-20T17:54:33.428,1784559273.428,61.403,3.693380e-01,2.882667e-03,3.588867e-01,3.793945e-01,2000,0,7.386760e-03
2026-07-20T17:54:33.530,1784559273.530,61.503,3.697131e-01,2.791169e-03,3.603516e-01,3.791504e-01,2000,0,7.394263e-03
2026-07-20T17:54:33.630,1784559273.630,61.603,3.702588e-01,2.836801e-03,3.598633e-01,3.789062e-01,2000,0,7.405176e-03
2026-07-20T17:54:33.728,1784559273.728,61.703,3.701582e-01,2.795168e-03,3.586426e-01,3.779297e-01,2000,0,7.403164e-03
2026-07-20T17:54:33.830,1784559273.830,61.803,3.705857e-01,2.525227e-03,3.627930e-01,3.803711e-01,2000,0,7.411714e-03
2026-07-20T17:54:33.928,1784559273.928,61.903,3.706431e-01,2.582706e-03,3.610840e-01,3.803711e-01,2000,0,7.412861e-03
2026-07-20T17:54:34.028,1784559274.029,62.003,3.712242e-01,2.709618e-03,3.615723e-01,3.806152e-01,2000,0,7.424485e-03
2026-07-20T17:54:34.130,1784559274.131,62.103,3.708861e-01,2.638675e-03,3.618164e-01,3.801270e-01,2000,0,7.417722e-03
2026-07-20T17:54:34.228,1784559274.229,62.203,3.712742e-01,2.401553e-03,3.583984e-01,3.793945e-01,2000,0,7.425483e-03
2026-07-20T17:54:34.328,1784559274.329,62.303,3.717494e-01,2.490349e-03,3.623047e-01,3.793945e-01,2000,0,7.434988e-03
2026-07-20T17:54:34.430,1784559274.431,62.403,3.706073e-01,2.483601e-03,3.615723e-01,3.791504e-01,2000,0,7.412146e-03
2026-07-20T17:54:34.528,1784559274.529,62.503,3.721454e-01,2.561592e-03,3.632812e-01,3.813477e-01,2000,0,7.442908e-03
2026-07-20T17:54:34.628,1784559274.628,62.603,3.719688e-01,2.518627e-03,3.608398e-01,3.813477e-01,2000,0,7.439375e-03
2026-07-20T17:54:34.728,1784559274.729,62.703,3.724388e-01,2.532703e-03,3.637695e-01,3.808594e-01,2000,0,7.448777e-03
2026-07-20T17:54:34.828,1784559274.829,62.803,3.729409e-01,2.628269e-03,3.605957e-01,3.828125e-01,2000,0,7.458818e-03
2026-07-20T17:54:34.928,1784559274.928,62.903,3.730713e-01,2.771453e-03,3.645020e-01,3.920898e-01,2000,0,7.461426e-03
2026-07-20T17:54:35.030,1784559275.031,63.003,3.732268e-01,2.747454e-03,3.620605e-01,3.872070e-01,2000,0,7.464536e-03
2026-07-20T17:54:35.130,1784559275.130,63.103,3.736104e-01,2.740147e-03,3.627930e-01,3.820801e-01,2000,0,7.472207e-03
2026-07-20T17:54:35.230,1784559275.230,63.203,3.741940e-01,2.907166e-03,3.627930e-01,3.850098e-01,2000,0,7.483879e-03
2026-07-20T17:54:35.330,1784559275.330,63.303,3.743699e-01,2.869514e-03,3.623047e-01,3.840332e-01,2000,0,7.487397e-03
2026-07-20T17:54:35.428,1784559275.428,63.403,3.748070e-01,3.073270e-03,3.642578e-01,3.852539e-01,2000,0,7.496140e-03
2026-07-20T17:54:35.528,1784559275.528,63.503,3.753173e-01,3.017205e-03,3.645020e-01,3.857422e-01,2000,0,7.506345e-03
2026-07-20T17:54:35.628,1784559275.629,63.603,3.748097e-01,3.198306e-03,3.610840e-01,3.842773e-01,2000,0,7.496194e-03
2026-07-20T17:54:35.728,1784559275.728,63.703,3.752588e-01,3.276786e-03,3.632812e-01,3.854980e-01,2000,0,7.505176e-03
2026-07-20T17:54:35.828,1784559275.829,63.803,3.747612e-01,3.303012e-03,3.637695e-01,3.864746e-01,2000,0,7.495225e-03
2026-07-20T17:54:35.928,1784559275.929,63.903,3.744585e-01,3.411855e-03,3.637695e-01,3.852539e-01,2000,0,7.489170e-03
2026-07-20T17:54:36.028,1784559276.029,64.003,3.743989e-01,3.415828e-03,3.642578e-01,3.906250e-01,2000,0,7.487979e-03
2026-07-20T17:54:36.128,1784559276.129,64.103,3.734196e-01,3.583751e-03,3.610840e-01,3.842773e-01,2000,0,7.468391e-03
2026-07-20T17:54:36.228,1784559276.229,64.203,3.732255e-01,3.451983e-03,3.620605e-01,3.840332e-01,2000,0,7.464509e-03
2026-07-20T17:54:36.328,1784559276.329,64.303,3.728571e-01,3.512487e-03,3.601074e-01,3.847656e-01,2000,0,7.457141e-03
2026-07-20T17:54:36.428,1784559276.429,64.403,3.724210e-01,3.608296e-03,3.605957e-01,3.845215e-01,2000,0,7.448420e-03
2026-07-20T17:54:36.530,1784559276.530,64.503,3.716592e-01,3.516525e-03,3.615723e-01,3.830566e-01,2000,0,7.433184e-03
2026-07-20T17:54:36.628,1784559276.629,64.603,3.708503e-01,3.684413e-03,3.576660e-01,3.823242e-01,2000,0,7.417007e-03
2026-07-20T17:54:36.728,1784559276.729,64.703,3.703658e-01,3.519312e-03,3.596191e-01,3.815918e-01,2000,0,7.407317e-03
2026-07-20T17:54:36.828,1784559276.829,64.803,3.690638e-01,3.731189e-03,3.564453e-01,3.847656e-01,2000,0,7.381277e-03
2026-07-20T17:54:36.928,1784559276.929,64.903,3.682628e-01,3.574388e-03,3.547363e-01,3.779297e-01,2000,0,7.365256e-03
2026-07-20T17:54:37.028,1784559277.029,65.003,3.669412e-01,3.597202e-03,3.547363e-01,3.776855e-01,2000,0,7.338823e-03
2026-07-20T17:54:37.130,1784559277.131,65.103,3.660643e-01,3.652403e-03,3.542480e-01,3.823242e-01,2000,0,7.321287e-03
2026-07-20T17:54:37.228,1784559277.229,65.203,3.654003e-01,3.535986e-03,3.552246e-01,3.784180e-01,2000,0,7.308005e-03
2026-07-20T17:54:37.328,1784559277.329,65.303,3.644497e-01,3.615699e-03,3.520508e-01,3.757324e-01,2000,0,7.288994e-03
2026-07-20T17:54:37.430,1784559277.431,65.403,3.634950e-01,3.694663e-03,3.518066e-01,3.771973e-01,2000,0,7.269900e-03
2026-07-20T17:54:37.530,1784559277.530,65.503,3.625715e-01,3.593352e-03,3.493652e-01,3.747559e-01,2000,0,7.251431e-03
2026-07-20T17:54:37.630,1784559277.631,65.603,3.612576e-01,3.606540e-03,3.483887e-01,3.718262e-01,2000,0,7.225151e-03
2026-07-20T17:54:37.728,1784559277.728,65.703,3.610442e-01,3.898280e-03,3.498535e-01,3.730469e-01,2000,0,7.220884e-03
2026-07-20T17:54:37.830,1784559277.830,65.803,3.608358e-01,3.810356e-03,3.498535e-01,3.747559e-01,2000,0,7.216716e-03
2026-07-20T17:54:37.930,1784559277.931,65.903,3.610194e-01,3.877239e-03,3.491211e-01,3.728027e-01,2000,0,7.220388e-03
2026-07-20T17:54:38.030,1784559278.031,66.003,3.604242e-01,3.715424e-03,3.500977e-01,3.723145e-01,2000,0,7.208484e-03
2026-07-20T17:54:38.130,1784559278.131,66.103,3.600886e-01,3.833296e-03,3.491211e-01,3.715820e-01,2000,0,7.201772e-03
2026-07-20T17:54:38.230,1784559278.231,66.203,3.600093e-01,3.861085e-03,3.476562e-01,3.725586e-01,2000,0,7.200186e-03
2026-07-20T17:54:38.328,1784559278.329,66.303,3.597754e-01,3.941646e-03,3.459473e-01,3.715820e-01,2000,0,7.195508e-03
2026-07-20T17:54:38.428,1784559278.429,66.403,3.596285e-01,3.882588e-03,3.483887e-01,3.752441e-01,2000,0,7.192571e-03
2026-07-20T17:54:38.530,1784559278.531,66.503,3.598361e-01,3.882389e-03,3.488770e-01,3.720703e-01,2000,0,7.196721e-03
2026-07-20T17:54:38.630,1784559278.630,66.603,3.591379e-01,3.974203e-03,3.476562e-01,3.730469e-01,2000,0,7.182759e-03
2026-07-20T17:54:38.730,1784559278.731,66.703,3.591703e-01,4.006700e-03,3.466797e-01,3.710938e-01,2000,0,7.183406e-03
2026-07-20T17:54:38.830,1784559278.831,66.803,3.586777e-01,4.033099e-03,3.444824e-01,3.745117e-01,2000,0,7.173555e-03
2026-07-20T17:54:38.930,1784559278.931,66.903,3.580074e-01,4.018281e-03,3.461914e-01,3.723145e-01,2000,0,7.160149e-03
2026-07-20T17:54:39.030,1784559279.031,67.003,3.580685e-01,4.122884e-03,3.466797e-01,3.728027e-01,2000,0,7.161370e-03
2026-07-20T17:54:39.128,1784559279.129,67.103,3.575327e-01,4.027284e-03,3.452148e-01,3.723145e-01,2000,0,7.150654e-03
2026-07-20T17:54:39.228,1784559279.229,67.203,3.568690e-01,4.125952e-03,3.432617e-01,3.725586e-01,2000,0,7.137380e-03
2026-07-20T17:54:39.330,1784559279.331,67.303,3.564939e-01,3.980341e-03,3.452148e-01,3.703613e-01,2000,0,7.129878e-03
2026-07-20T17:54:39.430,1784559279.431,67.403,3.556028e-01,4.101937e-03,3.430176e-01,3.713379e-01,2000,0,7.112056e-03
2026-07-20T17:54:39.528,1784559279.529,67.503,3.553942e-01,4.046959e-03,3.442383e-01,3.693848e-01,2000,0,7.107883e-03
2026-07-20T17:54:39.628,1784559279.629,67.603,3.549999e-01,4.027042e-03,3.413086e-01,3.701172e-01,2000,0,7.099998e-03
2026-07-20T17:54:39.728,1784559279.729,67.703,3.549487e-01,3.937854e-03,3.427734e-01,3.681641e-01,2000,0,7.098975e-03
2026-07-20T17:54:39.828,1784559279.829,67.803,3.550219e-01,3.959437e-03,3.415527e-01,3.696289e-01,2000,0,7.100437e-03
2026-07-20T17:54:39.928,1784559279.929,67.903,3.553241e-01,3.969763e-03,3.444824e-01,3.684082e-01,2000,0,7.106482e-03
2026-07-20T17:54:40.028,1784559280.029,68.003,3.551599e-01,3.875703e-03,3.452148e-01,3.703613e-01,2000,0,7.103198e-03
2026-07-20T17:54:40.128,1784559280.129,68.103,3.550060e-01,3.907376e-03,3.442383e-01,3.710938e-01,2000,0,7.100120e-03
2026-07-20T17:54:40.230,1784559280.230,68.203,3.552690e-01,3.814277e-03,3.354492e-01,3.696289e-01,2000,0,7.105381e-03
2026-07-20T17:54:40.330,1784559280.331,68.303,3.556011e-01,3.804524e-03,3.449707e-01,3.696289e-01,2000,0,7.112021e-03
2026-07-20T17:54:40.430,1784559280.431,68.403,3.558436e-01,3.983562e-03,3.415527e-01,3.698730e-01,2000,0,7.116873e-03
2026-07-20T17:54:40.530,1784559280.531,68.503,3.562665e-01,3.754466e-03,3.437500e-01,3.679199e-01,2000,0,7.125330e-03
2026-07-20T17:54:40.630,1784559280.631,68.603,3.565171e-01,3.854845e-03,3.452148e-01,3.686523e-01,2000,0,7.130342e-03
2026-07-20T17:54:40.730,1784559280.731,68.703,3.568690e-01,3.949940e-03,3.447266e-01,3.713379e-01,2000,0,7.137380e-03
2026-07-20T17:54:40.828,1784559280.829,68.803,3.565347e-01,3.871558e-03,3.437500e-01,3.703613e-01,2000,0,7.130693e-03
2026-07-20T17:54:40.929,1784559280.929,68.903,3.573395e-01,3.849654e-03,3.469238e-01,3.698730e-01,2000,0,7.146790e-03
2026-07-20T17:54:41.030,1784559281.030,69.003,3.567700e-01,3.903564e-03,3.459473e-01,3.703613e-01,2000,0,7.135400e-03
2026-07-20T17:54:41.128,1784559281.129,69.103,3.574324e-01,3.910148e-03,3.469238e-01,3.769531e-01,2000,0,7.148647e-03
2026-07-20T17:54:41.228,1784559281.229,69.203,3.573779e-01,3.850242e-03,3.471680e-01,3.720703e-01,2000,0,7.147559e-03
2026-07-20T17:54:41.328,1784559281.329,69.303,3.575555e-01,4.014809e-03,3.417969e-01,3.718262e-01,2000,0,7.151111e-03
2026-07-20T17:54:41.428,1784559281.429,69.403,3.575847e-01,3.797545e-03,3.471680e-01,3.693848e-01,2000,0,7.151694e-03
2026-07-20T17:54:41.528,1784559281.529,69.503,3.574387e-01,4.005248e-03,3.461914e-01,3.693848e-01,2000,0,7.148774e-03
2026-07-20T17:54:41.628,1784559281.629,69.603,3.569749e-01,4.069579e-03,3.439941e-01,3.696289e-01,2000,0,7.139497e-03
2026-07-20T17:54:41.730,1784559281.730,69.703,3.569061e-01,4.065347e-03,3.449707e-01,3.681641e-01,2000,0,7.138123e-03
2026-07-20T17:54:41.828,1784559281.829,69.803,3.568223e-01,4.077712e-03,3.452148e-01,3.691406e-01,2000,0,7.136445e-03
2026-07-20T17:54:41.930,1784559281.931,69.903,3.558588e-01,4.007957e-03,3.415527e-01,3.669434e-01,2000,0,7.117175e-03
2026-07-20T17:54:42.030,1784559282.031,70.003,3.551935e-01,3.936621e-03,3.400879e-01,3.666992e-01,2000,0,7.103870e-03
2026-07-20T17:54:42.130,1784559282.131,70.103,3.544402e-01,3.970620e-03,3.432617e-01,3.657227e-01,2000,0,7.088804e-03
2026-07-20T17:54:42.230,1784559282.231,70.203,3.533979e-01,3.930730e-03,3.420410e-01,3.649902e-01,2000,0,7.067959e-03
2026-07-20T17:54:42.330,1784559282.331,70.303,3.531975e-01,3.933553e-03,3.398438e-01,3.674316e-01,2000,0,7.063950e-03
2026-07-20T17:54:42.430,1784559282.431,70.403,3.519332e-01,3.851992e-03,3.393555e-01,3.630371e-01,2000,0,7.038665e-03
2026-07-20T17:54:42.530,1784559282.531,70.503,3.509274e-01,3.890913e-03,3.376465e-01,3.618164e-01,2000,0,7.018547e-03
2026-07-20T17:54:42.630,1784559282.631,70.603,3.499784e-01,3.944559e-03,3.354492e-01,3.618164e-01,2000,0,6.999568e-03
2026-07-20T17:54:42.728,1784559282.729,70.703,3.491196e-01,3.750996e-03,3.364258e-01,3.605957e-01,2000,0,6.982393e-03
2026-07-20T17:54:42.830,1784559282.831,70.803,3.478000e-01,3.855197e-03,3.352051e-01,3.613281e-01,2000,0,6.956001e-03
2026-07-20T17:54:42.930,1784559282.931,70.903,3.469858e-01,3.773647e-03,3.305664e-01,3.601074e-01,2000,0,6.939717e-03
2026-07-20T17:54:43.030,1784559283.031,71.003,3.454982e-01,3.852898e-03,3.315430e-01,3.569336e-01,2000,0,6.909963e-03
2026-07-20T17:54:43.128,1784559283.129,71.103,3.442206e-01,3.896918e-03,3.303223e-01,3.559570e-01,2000,0,6.884412e-03
2026-07-20T17:54:43.228,1784559283.229,71.203,3.438867e-01,3.717023e-03,3.300781e-01,3.544922e-01,2000,0,6.877734e-03
2026-07-20T17:54:43.328,1784559283.329,71.303,3.431206e-01,3.863967e-03,3.298340e-01,3.549805e-01,2000,0,6.862412e-03
2026-07-20T17:54:43.428,1784559283.429,71.403,3.422834e-01,3.756577e-03,3.281250e-01,3.530273e-01,2000,0,6.845669e-03
2026-07-20T17:54:43.530,1784559283.531,71.503,3.414795e-01,3.894996e-03,3.269043e-01,3.520508e-01,2000,0,6.829590e-03
2026-07-20T17:54:43.630,1784559283.631,71.603,3.403708e-01,3.842751e-03,3.281250e-01,3.522949e-01,2000,0,6.807417e-03
2026-07-20T17:54:43.730,1784559283.731,71.703,3.399895e-01,3.793985e-03,3.276367e-01,3.525391e-01,2000,0,6.799790e-03
2026-07-20T17:54:43.830,1784559283.831,71.803,3.389065e-01,3.828628e-03,3.269043e-01,3.522949e-01,2000,0,6.778130e-03
2026-07-20T17:54:43.930,1784559283.931,71.903,3.383270e-01,3.894654e-03,3.242188e-01,3.535156e-01,2000,0,6.766541e-03
2026-07-20T17:54:44.030,1784559284.031,72.003,3.363297e-01,3.824708e-03,3.239746e-01,3.549805e-01,2000,0,6.726594e-03
2026-07-20T17:54:44.130,1784559284.130,72.103,3.368872e-01,3.884153e-03,3.249512e-01,3.496094e-01,2000,0,6.737744e-03
2026-07-20T17:54:44.230,1784559284.231,72.203,3.361385e-01,3.946489e-03,3.244629e-01,3.479004e-01,2000,0,6.722771e-03
2026-07-20T17:54:44.328,1784559284.329,72.303,3.353368e-01,3.838326e-03,3.251953e-01,3.471680e-01,2000,0,6.706736e-03
2026-07-20T17:54:44.428,1784559284.429,72.403,3.349689e-01,3.961173e-03,3.234863e-01,3.481445e-01,2000,0,6.699377e-03
2026-07-20T17:54:44.528,1784559284.529,72.503,3.342344e-01,3.957477e-03,3.239746e-01,3.471680e-01,2000,0,6.684687e-03
2026-07-20T17:54:44.628,1784559284.629,72.603,3.328302e-01,3.999104e-03,3.205566e-01,3.466797e-01,2000,0,6.656604e-03
2026-07-20T17:54:44.730,1784559284.730,72.703,3.330464e-01,4.022190e-03,3.212891e-01,3.464355e-01,2000,0,6.660928e-03
2026-07-20T17:54:44.828,1784559284.829,72.803,3.320540e-01,4.016557e-03,3.212891e-01,3.454590e-01,2000,0,6.641079e-03
2026-07-20T17:54:44.928,1784559284.929,72.903,3.310527e-01,3.982322e-03,3.122559e-01,3.444824e-01,2000,0,6.621055e-03
2026-07-20T17:54:45.030,1784559285.031,73.003,3.310977e-01,4.078325e-03,3.186035e-01,3.449707e-01,2000,0,6.621953e-03
2026-07-20T17:54:45.130,1784559285.131,73.103,3.296467e-01,4.039836e-03,3.154297e-01,3.454590e-01,2000,0,6.592935e-03
2026-07-20T17:54:45.228,1784559285.229,73.203,3.290103e-01,4.116005e-03,3.146973e-01,3.479004e-01,2000,0,6.580205e-03
2026-07-20T17:54:45.328,1784559285.328,73.303,3.284250e-01,4.125894e-03,3.171387e-01,3.422852e-01,2000,0,6.568501e-03
2026-07-20T17:54:45.428,1784559285.429,73.403,3.284076e-01,4.022410e-03,3.173828e-01,3.430176e-01,2000,0,6.568152e-03
2026-07-20T17:54:45.528,1784559285.529,73.503,3.277982e-01,4.070088e-03,3.168945e-01,3.427734e-01,2000,0,6.555964e-03
2026-07-20T17:54:45.628,1784559285.629,73.603,3.280631e-01,4.238454e-03,3.146973e-01,3.432617e-01,2000,0,6.561262e-03
2026-07-20T17:54:45.730,1784559285.731,73.703,3.275592e-01,4.090195e-03,3.159180e-01,3.408203e-01,2000,0,6.551184e-03
2026-07-20T17:54:45.828,1784559285.829,73.803,3.269069e-01,3.974744e-03,3.144531e-01,3.410645e-01,2000,0,6.538137e-03
2026-07-20T17:54:45.930,1784559285.931,73.903,3.279888e-01,4.009913e-03,3.164062e-01,3.447266e-01,2000,0,6.559775e-03
2026-07-20T17:54:46.030,1784559286.031,74.003,3.279845e-01,4.038770e-03,3.146973e-01,3.447266e-01,2000,0,6.559690e-03
2026-07-20T17:54:46.130,1784559286.131,74.103,3.276266e-01,4.123273e-03,3.166504e-01,3.444824e-01,2000,0,6.552532e-03
2026-07-20T17:54:46.228,1784559286.229,74.203,3.280598e-01,4.189205e-03,3.146973e-01,3.400879e-01,2000,0,6.561196e-03
2026-07-20T17:54:46.330,1784559286.331,74.303,3.282780e-01,3.988969e-03,3.134766e-01,3.403320e-01,2000,0,6.565559e-03
2026-07-20T17:54:46.430,1784559286.431,74.403,3.281554e-01,4.028054e-03,3.161621e-01,3.422852e-01,2000,0,6.563108e-03
2026-07-20T17:54:46.530,1784559286.531,74.503,3.285502e-01,4.015669e-03,3.168945e-01,3.398438e-01,2000,0,6.571003e-03
2026-07-20T17:54:46.630,1784559286.631,74.603,3.284423e-01,3.969338e-03,3.139648e-01,3.425293e-01,2000,0,6.568845e-03
2026-07-20T17:54:46.728,1784559286.729,74.703,3.274165e-01,3.910295e-03,3.125000e-01,3.386230e-01,2000,0,6.548330e-03
2026-07-20T17:54:46.830,1784559286.831,74.803,3.283668e-01,3.914971e-03,3.151855e-01,3.417969e-01,2000,0,6.567336e-03
2026-07-20T17:54:46.928,1784559286.929,74.903,3.277970e-01,3.941261e-03,3.154297e-01,3.457031e-01,2000,0,6.555940e-03
2026-07-20T17:54:47.030,1784559287.031,75.003,3.279614e-01,4.029926e-03,3.149414e-01,3.420410e-01,2000,0,6.559229e-03
2026-07-20T17:54:47.130,1784559287.131,75.103,3.277153e-01,3.880349e-03,3.161621e-01,3.405762e-01,2000,0,6.554307e-03
2026-07-20T17:54:47.230,1784559287.231,75.203,3.291653e-01,3.981221e-03,3.166504e-01,3.415527e-01,2000,0,6.583306e-03
2026-07-20T17:54:47.330,1784559287.331,75.303,3.283115e-01,3.965623e-03,3.164062e-01,3.410645e-01,2000,0,6.566230e-03
2026-07-20T17:54:47.431,1784559287.431,75.403,3.285525e-01,3.985367e-03,3.146973e-01,3.422852e-01,2000,0,6.571050e-03
2026-07-20T17:54:47.530,1784559287.531,75.503,3.288165e-01,3.944307e-03,3.149414e-01,3.388672e-01,2000,0,6.576331e-03
2026-07-20T17:54:47.630,1784559287.631,75.603,3.285853e-01,3.914834e-03,3.146973e-01,3.408203e-01,2000,0,6.571707e-03
2026-07-20T17:54:47.730,1784559287.731,75.703,3.287284e-01,3.839566e-03,3.161621e-01,3.425293e-01,2000,0,6.574568e-03
2026-07-20T17:54:47.830,1784559287.831,75.803,3.299318e-01,3.894071e-03,3.149414e-01,3.432617e-01,2000,0,6.598635e-03
2026-07-20T17:54:47.930,1784559287.931,75.903,3.294889e-01,3.934669e-03,3.125000e-01,3.413086e-01,2000,0,6.589778e-03
2026-07-20T17:54:48.030,1784559288.031,76.003,3.296117e-01,4.077269e-03,3.154297e-01,3.469238e-01,2000,0,6.592234e-03
2026-07-20T17:54:48.128,1784559288.129,76.103,3.291461e-01,3.977591e-03,3.120117e-01,3.393555e-01,2000,0,6.582922e-03
2026-07-20T17:54:48.228,1784559288.229,76.203,3.290125e-01,3.952363e-03,3.117676e-01,3.400879e-01,2000,0,6.580249e-03
2026-07-20T17:54:48.328,1784559288.329,76.303,3.298248e-01,3.965757e-03,3.134766e-01,3.410645e-01,2000,0,6.596497e-03
2026-07-20T17:54:48.428,1784559288.429,76.403,3.300292e-01,4.071335e-03,3.146973e-01,3.444824e-01,2000,0,6.600583e-03
2026-07-20T17:54:48.528,1784559288.529,76.503,3.294449e-01,4.030526e-03,3.161621e-01,3.425293e-01,2000,0,6.588899e-03
2026-07-20T17:54:48.628,1784559288.629,76.603,3.302762e-01,3.955538e-03,3.144531e-01,3.432617e-01,2000,0,6.605525e-03
2026-07-20T17:54:48.728,1784559288.729,76.703,3.304683e-01,4.060627e-03,3.137207e-01,3.437500e-01,2000,0,6.609365e-03
2026-07-20T17:54:48.828,1784559288.829,76.803,3.308706e-01,3.978305e-03,3.171387e-01,3.435059e-01,2000,0,6.617412e-03
2026-07-20T17:54:48.928,1784559288.929,76.903,3.313866e-01,3.924011e-03,3.142090e-01,3.425293e-01,2000,0,6.627732e-03
2026-07-20T17:54:49.028,1784559289.029,77.003,3.311117e-01,3.943003e-03,3.159180e-01,3.437500e-01,2000,0,6.622234e-03
2026-07-20T17:54:49.131,1784559289.131,77.103,3.312671e-01,3.996770e-03,3.171387e-01,3.459473e-01,2000,0,6.625342e-03
2026-07-20T17:54:49.228,1784559289.229,77.203,3.320381e-01,3.984658e-03,3.193359e-01,3.447266e-01,2000,0,6.640762e-03
2026-07-20T17:54:49.328,1784559289.329,77.303,3.321564e-01,4.002446e-03,3.161621e-01,3.439941e-01,2000,0,6.643127e-03
2026-07-20T17:54:49.431,1784559289.431,77.403,3.323300e-01,3.897233e-03,3.193359e-01,3.444824e-01,2000,0,6.646599e-03
2026-07-20T17:54:49.530,1784559289.530,77.503,3.329745e-01,3.972280e-03,3.156738e-01,3.486328e-01,2000,0,6.659490e-03
2026-07-20T17:54:49.630,1784559289.630,77.603,3.334437e-01,4.110660e-03,3.190918e-01,3.466797e-01,2000,0,6.668875e-03
2026-07-20T17:54:49.728,1784559289.729,77.703,3.330115e-01,3.866742e-03,3.178711e-01,3.483887e-01,2000,0,6.660229e-03
2026-07-20T17:54:49.828,1784559289.829,77.803,3.348882e-01,3.957490e-03,3.227539e-01,3.469238e-01,2000,0,6.697764e-03
2026-07-20T17:54:49.928,1784559289.929,77.903,3.350497e-01,3.875946e-03,3.229980e-01,3.474121e-01,2000,0,6.700994e-03
2026-07-20T17:54:50.028,1784559290.029,78.003,3.360308e-01,3.859292e-03,3.227539e-01,3.466797e-01,2000,0,6.720615e-03
2026-07-20T17:54:50.128,1784559290.129,78.103,3.364662e-01,3.789925e-03,3.232422e-01,3.493652e-01,2000,0,6.729324e-03
2026-07-20T17:54:50.228,1784559290.229,78.203,3.368474e-01,3.969988e-03,3.242188e-01,3.471680e-01,2000,0,6.736948e-03
2026-07-20T17:54:50.328,1784559290.328,78.303,3.367271e-01,4.033202e-03,3.247070e-01,3.474121e-01,2000,0,6.734541e-03
2026-07-20T17:54:50.428,1784559290.428,78.403,3.378491e-01,3.998365e-03,3.239746e-01,3.559570e-01,2000,0,6.756982e-03
2026-07-20T17:54:50.528,1784559290.528,78.503,3.379757e-01,4.062041e-03,3.247070e-01,3.493652e-01,2000,0,6.759514e-03
2026-07-20T17:54:50.628,1784559290.629,78.603,3.379622e-01,3.845119e-03,3.264160e-01,3.493652e-01,2000,0,6.759243e-03
2026-07-20T17:54:50.728,1784559290.729,78.703,3.380576e-01,3.814631e-03,3.251953e-01,3.513184e-01,2000,0,6.761152e-03
2026-07-20T17:54:50.828,1784559290.829,78.803,3.389501e-01,3.786339e-03,3.261719e-01,3.493652e-01,2000,0,6.779001e-03
2026-07-20T17:54:50.928,1784559290.929,78.903,3.387156e-01,3.918623e-03,3.271484e-01,3.596191e-01,2000,0,6.774312e-03
2026-07-20T17:54:51.028,1784559291.029,79.003,3.389012e-01,3.976316e-03,3.278809e-01,3.518066e-01,2000,0,6.778025e-03
2026-07-20T17:54:51.129,1784559291.129,79.103,3.394423e-01,3.888625e-03,3.269043e-01,3.510742e-01,2000,0,6.788845e-03
2026-07-20T17:54:51.230,1784559291.231,79.203,3.387440e-01,3.922155e-03,3.256836e-01,3.510742e-01,2000,0,6.774880e-03
2026-07-20T17:54:51.328,1784559291.329,79.303,3.387087e-01,3.975392e-03,3.269043e-01,3.510742e-01,2000,0,6.774175e-03
2026-07-20T17:54:51.428,1784559291.429,79.403,3.385583e-01,4.011185e-03,3.208008e-01,3.549805e-01,2000,0,6.771167e-03
2026-07-20T17:54:51.528,1784559291.529,79.503,3.381272e-01,3.905213e-03,3.249512e-01,3.505859e-01,2000,0,6.762544e-03
2026-07-20T17:54:51.630,1784559291.631,79.603,3.380590e-01,3.955358e-03,3.234863e-01,3.510742e-01,2000,0,6.761179e-03
2026-07-20T17:54:51.730,1784559291.731,79.703,3.376132e-01,3.999891e-03,3.242188e-01,3.537598e-01,2000,0,6.752263e-03
2026-07-20T17:54:51.830,1784559291.831,79.803,3.376897e-01,3.961731e-03,3.271484e-01,3.493652e-01,2000,0,6.753794e-03
2026-07-20T17:54:51.928,1784559291.928,79.903,3.369827e-01,3.876051e-03,3.256836e-01,3.486328e-01,2000,0,6.739653e-03
2026-07-20T17:54:52.028,1784559292.029,80.003,3.368347e-01,3.783954e-03,3.229980e-01,3.486328e-01,2000,0,6.736694e-03
2026-07-20T17:54:52.128,1784559292.129,80.103,3.360668e-01,3.631686e-03,3.232422e-01,3.493652e-01,2000,0,6.721335e-03
2026-07-20T17:54:52.228,1784559292.229,80.203,3.355764e-01,3.616781e-03,3.232422e-01,3.461914e-01,2000,0,6.711528e-03
2026-07-20T17:54:52.331,1784559292.331,80.303,3.346710e-01,3.572148e-03,3.229980e-01,3.476562e-01,2000,0,6.693420e-03
2026-07-20T17:54:52.428,1784559292.429,80.403,3.337759e-01,3.619698e-03,3.229980e-01,3.469238e-01,2000,0,6.675518e-03
2026-07-20T17:54:52.528,1784559292.529,80.503,3.336770e-01,3.511358e-03,3.220215e-01,3.449707e-01,2000,0,6.673540e-03
2026-07-20T17:54:52.631,1784559292.631,80.603,3.324165e-01,3.393106e-03,3.210449e-01,3.447266e-01,2000,0,6.648330e-03
2026-07-20T17:54:52.728,1784559292.729,80.703,3.317250e-01,3.305494e-03,3.195801e-01,3.444824e-01,2000,0,6.634500e-03
2026-07-20T17:54:52.830,1784559292.831,80.803,3.309622e-01,3.217643e-03,3.183594e-01,3.449707e-01,2000,0,6.619243e-03
2026-07-20T17:54:52.930,1784559292.931,80.903,3.297572e-01,3.101975e-03,3.195801e-01,3.432617e-01,2000,0,6.595144e-03
2026-07-20T17:54:53.030,1784559293.031,81.003,3.289670e-01,3.081142e-03,3.190918e-01,3.381348e-01,2000,0,6.579341e-03
2026-07-20T17:54:53.128,1784559293.128,81.103,3.280936e-01,2.857645e-03,3.181152e-01,3.366699e-01,2000,0,6.561873e-03
2026-07-20T17:54:53.228,1784559293.229,81.203,3.270082e-01,2.959660e-03,3.173828e-01,3.366699e-01,2000,0,6.540164e-03
2026-07-20T17:54:53.328,1784559293.329,81.303,3.266901e-01,2.894961e-03,3.166504e-01,3.398438e-01,2000,0,6.533801e-03
2026-07-20T17:54:53.428,1784559293.428,81.403,3.257928e-01,2.733059e-03,3.168945e-01,3.342285e-01,2000,0,6.515857e-03
2026-07-20T17:54:53.528,1784559293.528,81.503,3.248103e-01,2.709247e-03,3.134766e-01,3.356934e-01,2000,0,6.496206e-03
2026-07-20T17:54:53.628,1784559293.629,81.603,3.253237e-01,2.609797e-03,3.173828e-01,3.344727e-01,2000,0,6.506475e-03
2026-07-20T17:54:53.728,1784559293.729,81.703,3.257747e-01,2.516969e-03,3.171387e-01,3.344727e-01,2000,0,6.515493e-03
2026-07-20T17:54:53.828,1784559293.829,81.803,3.253173e-01,2.575794e-03,3.183594e-01,3.327637e-01,2000,0,6.506345e-03
2026-07-20T17:54:53.928,1784559293.928,81.903,3.251519e-01,2.535472e-03,3.168945e-01,3.339844e-01,2000,0,6.503037e-03
2026-07-20T17:54:54.028,1784559294.028,82.003,3.262015e-01,2.611366e-03,3.178711e-01,3.354492e-01,2000,0,6.524031e-03
2026-07-20T17:54:54.128,1784559294.128,82.103,3.260675e-01,2.618944e-03,3.154297e-01,3.376465e-01,2000,0,6.521350e-03
2026-07-20T17:54:54.228,1784559294.228,82.203,3.266276e-01,2.535864e-03,3.168945e-01,3.359375e-01,2000,0,6.532551e-03
2026-07-20T17:54:54.330,1784559294.330,82.303,3.273546e-01,2.692754e-03,3.171387e-01,3.356934e-01,2000,0,6.547092e-03
2026-07-20T17:54:54.430,1784559294.430,82.403,3.280095e-01,2.737842e-03,3.134766e-01,3.371582e-01,2000,0,6.560190e-03
2026-07-20T17:54:54.530,1784559294.531,82.503,3.287242e-01,2.782613e-03,3.164062e-01,3.366699e-01,2000,0,6.574485e-03
2026-07-20T17:54:54.630,1784559294.630,82.603,3.295125e-01,2.746224e-03,3.193359e-01,3.388672e-01,2000,0,6.590249e-03
2026-07-20T17:54:54.730,1784559294.730,82.703,3.300599e-01,2.746891e-03,3.195801e-01,3.398438e-01,2000,0,6.601199e-03
2026-07-20T17:54:54.830,1784559294.831,82.803,3.308391e-01,2.854006e-03,3.212891e-01,3.432617e-01,2000,0,6.616782e-03
2026-07-20T17:54:54.930,1784559294.931,82.903,3.311660e-01,2.890021e-03,3.178711e-01,3.417969e-01,2000,0,6.623320e-03
2026-07-20T17:54:55.030,1784559295.030,83.003,3.314224e-01,3.193953e-03,3.203125e-01,3.427734e-01,2000,0,6.628447e-03
2026-07-20T17:54:55.130,1784559295.131,83.103,3.323298e-01,3.094778e-03,3.215332e-01,3.447266e-01,2000,0,6.646597e-03
2026-07-20T17:54:55.230,1784559295.231,83.203,3.327040e-01,3.215080e-03,3.208008e-01,3.437500e-01,2000,0,6.654080e-03
2026-07-20T17:54:55.330,1784559295.330,83.303,3.330979e-01,3.359084e-03,3.222656e-01,3.481445e-01,2000,0,6.661958e-03
2026-07-20T17:54:55.428,1784559295.428,83.403,3.337264e-01,3.321006e-03,3.205566e-01,3.447266e-01,2000,0,6.674529e-03
2026-07-20T17:54:55.530,1784559295.530,83.503,3.348699e-01,3.350476e-03,3.225098e-01,3.461914e-01,2000,0,6.697397e-03
2026-07-20T17:54:55.628,1784559295.628,83.603,3.347104e-01,3.529511e-03,3.232422e-01,3.500977e-01,2000,0,6.694209e-03
2026-07-20T17:54:55.728,1784559295.728,83.703,3.351160e-01,3.585351e-03,3.227539e-01,3.457031e-01,2000,0,6.702319e-03
2026-07-20T17:54:55.828,1784559295.828,83.803,3.360303e-01,3.557688e-03,3.232422e-01,3.481445e-01,2000,0,6.720605e-03
2026-07-20T17:54:55.928,1784559295.928,83.903,3.362412e-01,3.583810e-03,3.251953e-01,3.474121e-01,2000,0,6.724824e-03
2026-07-20T17:54:56.028,1784559296.028,84.003,3.366600e-01,3.661596e-03,3.239746e-01,3.476562e-01,2000,0,6.733201e-03
2026-07-20T17:54:56.128,1784559296.128,84.103,3.374716e-01,3.647915e-03,3.249512e-01,3.481445e-01,2000,0,6.749431e-03
2026-07-20T17:54:56.228,1784559296.228,84.203,3.376901e-01,3.675696e-03,3.271484e-01,3.488770e-01,2000,0,6.753801e-03
2026-07-20T17:54:56.328,1784559296.328,84.303,3.377360e-01,3.661956e-03,3.276367e-01,3.515625e-01,2000,0,6.754719e-03
2026-07-20T17:54:56.428,1784559296.429,84.403,3.381140e-01,3.539145e-03,3.276367e-01,3.500977e-01,2000,0,6.762280e-03
2026-07-20T17:54:56.528,1784559296.528,84.503,3.377278e-01,3.566878e-03,3.239746e-01,3.483887e-01,2000,0,6.754556e-03
2026-07-20T17:54:56.628,1784559296.628,84.603,3.376682e-01,3.671838e-03,3.254395e-01,3.488770e-01,2000,0,6.753364e-03
2026-07-20T17:54:56.728,1784559296.728,84.703,3.380184e-01,3.702918e-03,3.264160e-01,3.479004e-01,2000,0,6.760369e-03
2026-07-20T17:54:56.828,1784559296.828,84.803,3.382158e-01,3.797080e-03,3.256836e-01,3.491211e-01,2000,0,6.764316e-03
2026-07-20T17:54:56.928,1784559296.928,84.903,3.381609e-01,3.658344e-03,3.271484e-01,3.574219e-01,2000,0,6.763218e-03
2026-07-20T17:54:57.028,1784559297.028,85.003,3.386837e-01,3.655110e-03,3.288574e-01,3.510742e-01,2000,0,6.773674e-03
2026-07-20T17:54:57.128,1784559297.128,85.103,3.389222e-01,3.646571e-03,3.269043e-01,3.496094e-01,2000,0,6.778445e-03
2026-07-20T17:54:57.228,1784559297.228,85.203,3.389901e-01,3.604321e-03,3.271484e-01,3.508301e-01,2000,0,6.779802e-03
2026-07-20T17:54:57.328,1784559297.328,85.303,3.399646e-01,3.665143e-03,3.288574e-01,3.588867e-01,2000,0,6.799292e-03
2026-07-20T17:54:57.428,1784559297.428,85.403,3.402598e-01,3.463799e-03,3.278809e-01,3.510742e-01,2000,0,6.805195e-03
2026-07-20T17:54:57.528,1784559297.529,85.503,3.405669e-01,3.451311e-03,3.293457e-01,3.508301e-01,2000,0,6.811338e-03
2026-07-20T17:54:57.628,1784559297.629,85.603,3.410721e-01,3.518951e-03,3.293457e-01,3.542480e-01,2000,0,6.821443e-03
2026-07-20T17:54:57.730,1784559297.730,85.703,3.413788e-01,3.542663e-03,3.308105e-01,3.520508e-01,2000,0,6.827576e-03
2026-07-20T17:54:57.828,1784559297.829,85.803,3.420396e-01,3.573621e-03,3.320312e-01,3.588867e-01,2000,0,6.840791e-03
2026-07-20T17:54:57.928,1784559297.929,85.903,3.418300e-01,3.583866e-03,3.310547e-01,3.532715e-01,2000,0,6.836599e-03
2026-07-20T17:54:58.028,1784559298.029,86.003,3.420289e-01,3.569851e-03,3.293457e-01,3.540039e-01,2000,0,6.840579e-03
2026-07-20T17:54:58.128,1784559298.129,86.103,3.423439e-01,3.570089e-03,3.293457e-01,3.544922e-01,2000,0,6.846877e-03
2026-07-20T17:54:58.228,1784559298.229,86.203,3.422244e-01,3.519861e-03,3.288574e-01,3.547363e-01,2000,0,6.844487e-03
2026-07-20T17:54:58.328,1784559298.329,86.303,3.419052e-01,3.585343e-03,3.300781e-01,3.530273e-01,2000,0,6.838103e-03
2026-07-20T17:54:58.428,1784559298.429,86.403,3.414425e-01,3.666547e-03,3.266602e-01,3.557129e-01,2000,0,6.828850e-03
2026-07-20T17:54:58.528,1784559298.529,86.503,3.415760e-01,3.768517e-03,3.291016e-01,3.537598e-01,2000,0,6.831521e-03
2026-07-20T17:54:58.628,1784559298.629,86.603,3.407253e-01,3.639708e-03,3.288574e-01,3.520508e-01,2000,0,6.814507e-03
2026-07-20T17:54:58.728,1784559298.729,86.703,3.403151e-01,3.696862e-03,3.256836e-01,3.530273e-01,2000,0,6.806301e-03
2026-07-20T17:54:58.828,1784559298.829,86.803,3.400046e-01,3.690973e-03,3.271484e-01,3.525391e-01,2000,0,6.800093e-03
2026-07-20T17:54:58.928,1784559298.929,86.903,3.393029e-01,3.553140e-03,3.276367e-01,3.532715e-01,2000,0,6.786057e-03
2026-07-20T17:54:59.028,1784559299.029,87.003,3.382572e-01,3.673542e-03,3.256836e-01,3.518066e-01,2000,0,6.765144e-03
2026-07-20T17:54:59.128,1784559299.129,87.103,3.382225e-01,3.724983e-03,3.256836e-01,3.520508e-01,2000,0,6.764451e-03
2026-07-20T17:54:59.228,1784559299.229,87.203,3.375262e-01,3.730193e-03,3.278809e-01,3.522949e-01,2000,0,6.750525e-03
2026-07-20T17:54:59.328,1784559299.329,87.303,3.371621e-01,3.706548e-03,3.269043e-01,3.515625e-01,2000,0,6.743242e-03
2026-07-20T17:54:59.428,1784559299.429,87.403,3.366462e-01,3.627765e-03,3.256836e-01,3.513184e-01,2000,0,6.732925e-03
2026-07-20T17:54:59.528,1784559299.529,87.503,3.354351e-01,3.743701e-03,3.232422e-01,3.476562e-01,2000,0,6.708701e-03
2026-07-20T17:54:59.628,1784559299.629,87.603,3.352288e-01,3.464962e-03,3.254395e-01,3.476562e-01,2000,0,6.704575e-03
2026-07-20T17:54:59.728,1784559299.729,87.703,3.352583e-01,3.605920e-03,3.229980e-01,3.500977e-01,2000,0,6.705166e-03
2026-07-20T17:54:59.828,1784559299.829,87.803,3.338744e-01,3.543721e-03,3.227539e-01,3.474121e-01,2000,0,6.677488e-03
2026-07-20T17:54:59.928,1784559299.929,87.903,3.332894e-01,3.602038e-03,3.217773e-01,3.474121e-01,2000,0,6.665789e-03
2026-07-20T17:55:00.028,1784559300.029,88.003,3.330068e-01,3.676177e-03,3.229980e-01,3.461914e-01,2000,0,6.660137e-03
2026-07-20T17:55:00.128,1784559300.129,88.103,3.319987e-01,3.580209e-03,3.205566e-01,3.435059e-01,2000,0,6.639973e-03
2026-07-20T17:55:00.228,1784559300.229,88.203,3.307323e-01,3.584037e-03,3.149414e-01,3.432617e-01,2000,0,6.614646e-03
2026-07-20T17:55:00.330,1784559300.331,88.303,3.300876e-01,3.447941e-03,3.190918e-01,3.427734e-01,2000,0,6.601753e-03
2026-07-20T17:55:00.428,1784559300.429,88.403,3.291554e-01,3.565422e-03,3.198242e-01,3.420410e-01,2000,0,6.583108e-03
2026-07-20T17:55:00.528,1784559300.529,88.503,3.282340e-01,3.553770e-03,3.173828e-01,3.408203e-01,2000,0,6.564680e-03
2026-07-20T17:55:00.628,1784559300.629,88.603,3.279363e-01,3.500243e-03,3.156738e-01,3.400879e-01,2000,0,6.558726e-03
2026-07-20T17:55:00.728,1784559300.729,88.703,3.269692e-01,3.728765e-03,3.137207e-01,3.427734e-01,2000,0,6.539385e-03
2026-07-20T17:55:00.828,1784559300.829,88.803,3.259218e-01,3.453869e-03,3.137207e-01,3.383789e-01,2000,0,6.518435e-03
2026-07-20T17:55:00.928,1784559300.929,88.903,3.251788e-01,3.607015e-03,3.132324e-01,3.364258e-01,2000,0,6.503577e-03
2026-07-20T17:55:01.028,1784559301.029,89.003,3.243872e-01,3.593107e-03,3.073730e-01,3.352051e-01,2000,0,6.487744e-03
2026-07-20T17:55:01.130,1784559301.131,89.103,3.239974e-01,3.639241e-03,3.068848e-01,3.352051e-01,2000,0,6.479949e-03
2026-07-20T17:55:01.228,1784559301.229,89.203,3.226127e-01,3.666955e-03,3.083496e-01,3.378906e-01,2000,0,6.452253e-03
2026-07-20T17:55:01.328,1784559301.329,89.303,3.228191e-01,3.481352e-03,3.120117e-01,3.344727e-01,2000,0,6.456382e-03
2026-07-20T17:55:01.428,1784559301.429,89.403,3.215724e-01,3.562285e-03,3.107910e-01,3.332520e-01,2000,0,6.431448e-03
2026-07-20T17:55:01.528,1784559301.529,89.503,3.217385e-01,3.523041e-03,3.107910e-01,3.315430e-01,2000,0,6.434771e-03
2026-07-20T17:55:01.630,1784559301.631,89.603,3.215297e-01,3.397682e-03,3.093262e-01,3.320312e-01,2000,0,6.430593e-03
2026-07-20T17:55:01.730,1784559301.731,89.703,3.214202e-01,3.412049e-03,3.066406e-01,3.312988e-01,2000,0,6.428403e-03
2026-07-20T17:55:01.828,1784559301.829,89.803,3.202561e-01,3.468848e-03,3.059082e-01,3.344727e-01,2000,0,6.405122e-03
2026-07-20T17:55:01.928,1784559301.929,89.903,3.208644e-01,3.418994e-03,3.083496e-01,3.320312e-01,2000,0,6.417288e-03
2026-07-20T17:55:02.030,1784559302.030,90.003,3.201506e-01,3.603977e-03,3.063965e-01,3.325195e-01,2000,0,6.403013e-03
2026-07-20T17:55:02.128,1784559302.128,90.103,3.201067e-01,3.553646e-03,3.044434e-01,3.310547e-01,2000,0,6.402134e-03
2026-07-20T17:55:02.228,1784559302.228,90.203,3.203103e-01,3.449310e-03,3.071289e-01,3.308105e-01,2000,0,6.406206e-03
2026-07-20T17:55:02.329,1784559302.329,90.303,3.203978e-01,3.431912e-03,3.073730e-01,3.303223e-01,2000,0,6.407957e-03
2026-07-20T17:55:02.428,1784559302.428,90.403,3.207397e-01,3.510242e-03,3.083496e-01,3.312988e-01,2000,0,6.414795e-03
2026-07-20T17:55:02.528,1784559302.529,90.503,3.206699e-01,3.413735e-03,3.078613e-01,3.320312e-01,2000,0,6.413398e-03
2026-07-20T17:55:02.628,1784559302.629,90.603,3.212855e-01,3.480492e-03,3.066406e-01,3.342285e-01,2000,0,6.425710e-03
2026-07-20T17:55:02.728,1784559302.729,90.703,3.214081e-01,3.486862e-03,3.090820e-01,3.332520e-01,2000,0,6.428162e-03
2026-07-20T17:55:02.828,1784559302.829,90.803,3.216533e-01,3.565748e-03,3.107910e-01,3.315430e-01,2000,0,6.433066e-03
2026-07-20T17:55:02.928,1784559302.929,90.903,3.220653e-01,3.447775e-03,3.110352e-01,3.349609e-01,2000,0,6.441306e-03
2026-07-20T17:55:03.028,1784559303.029,91.003,3.222292e-01,3.478415e-03,3.100586e-01,3.315430e-01,2000,0,6.444585e-03
2026-07-20T17:55:03.128,1784559303.129,91.103,3.219318e-01,3.534971e-03,3.081055e-01,3.342285e-01,2000,0,6.438635e-03
2026-07-20T17:55:03.230,1784559303.230,91.203,3.216610e-01,3.707269e-03,3.100586e-01,3.317871e-01,2000,0,6.433220e-03
2026-07-20T17:55:03.328,1784559303.329,91.303,3.216035e-01,3.682334e-03,3.085938e-01,3.334961e-01,2000,0,6.432070e-03
2026-07-20T17:55:03.428,1784559303.429,91.403,3.221536e-01,3.714135e-03,3.120117e-01,3.347168e-01,2000,0,6.443071e-03
2026-07-20T17:55:03.531,1784559303.531,91.503,3.218215e-01,3.577208e-03,3.110352e-01,3.332520e-01,2000,0,6.436431e-03
2026-07-20T17:55:03.628,1784559303.629,91.603,3.216125e-01,3.557828e-03,3.088379e-01,3.327637e-01,2000,0,6.432251e-03
2026-07-20T17:55:03.728,1784559303.729,91.703,3.212698e-01,3.605733e-03,3.103027e-01,3.332520e-01,2000,0,6.425396e-03
2026-07-20T17:55:03.831,1784559303.831,91.803,3.204137e-01,3.604674e-03,3.083496e-01,3.330078e-01,2000,0,6.408274e-03
2026-07-20T17:55:03.928,1784559303.929,91.903,3.201815e-01,3.623788e-03,3.093262e-01,3.310547e-01,2000,0,6.403630e-03
2026-07-20T17:55:04.028,1784559304.029,92.003,3.193160e-01,3.626658e-03,3.071289e-01,3.310547e-01,2000,0,6.386321e-03
2026-07-20T17:55:04.128,1784559304.129,92.103,3.179226e-01,3.411384e-03,3.071289e-01,3.293457e-01,2000,0,6.358452e-03
2026-07-20T17:55:04.228,1784559304.229,92.203,3.172808e-01,3.544551e-03,3.056641e-01,3.286133e-01,2000,0,6.345615e-03
2026-07-20T17:55:04.328,1784559304.329,92.303,3.162683e-01,3.520926e-03,3.061523e-01,3.271484e-01,2000,0,6.325366e-03
2026-07-20T17:55:04.428,1784559304.429,92.403,3.133828e-01,3.627387e-03,3.024902e-01,3.271484e-01,2000,0,6.267656e-03
2026-07-20T17:55:04.528,1784559304.529,92.503,3.144209e-01,3.550442e-03,3.034668e-01,3.281250e-01,2000,0,6.288418e-03
2026-07-20T17:55:04.628,1784559304.629,92.603,3.128435e-01,3.658432e-03,3.020020e-01,3.273926e-01,2000,0,6.256870e-03
2026-07-20T17:55:04.728,1784559304.729,92.703,3.118083e-01,3.563467e-03,3.020020e-01,3.254395e-01,2000,0,6.236167e-03
2026-07-20T17:55:04.828,1784559304.829,92.803,3.105758e-01,3.396105e-03,3.010254e-01,3.203125e-01,2000,0,6.211516e-03
2026-07-20T17:55:04.930,1784559304.931,92.903,3.095760e-01,3.568748e-03,2.980957e-01,3.339844e-01,2000,0,6.191521e-03
2026-07-20T17:55:05.031,1784559305.031,93.003,3.085363e-01,3.449026e-03,2.973633e-01,3.181152e-01,2000,0,6.170725e-03
2026-07-20T17:55:05.131,1784559305.131,93.103,3.073400e-01,3.307255e-03,2.949219e-01,3.183594e-01,2000,0,6.146799e-03
2026-07-20T17:55:05.228,1784559305.229,93.203,3.058237e-01,3.260290e-03,2.954102e-01,3.161621e-01,2000,0,6.116475e-03
2026-07-20T17:55:05.328,1784559305.329,93.303,3.049180e-01,3.281025e-03,2.937012e-01,3.164062e-01,2000,0,6.098359e-03
2026-07-20T17:55:05.428,1784559305.429,93.403,3.037235e-01,3.324697e-03,2.934570e-01,3.134766e-01,2000,0,6.074470e-03
2026-07-20T17:55:05.528,1784559305.529,93.503,3.020054e-01,3.346907e-03,2.910156e-01,3.166504e-01,2000,0,6.040107e-03
2026-07-20T17:55:05.628,1784559305.629,93.603,3.016063e-01,3.228657e-03,2.893066e-01,3.120117e-01,2000,0,6.032126e-03
2026-07-20T17:55:05.730,1784559305.731,93.703,3.003002e-01,3.235832e-03,2.885742e-01,3.112793e-01,2000,0,6.006003e-03
2026-07-20T17:55:05.828,1784559305.829,93.803,2.984919e-01,3.297064e-03,2.846680e-01,3.105469e-01,2000,0,5.969839e-03
2026-07-20T17:55:05.930,1784559305.930,93.903,2.976862e-01,3.408980e-03,2.854004e-01,3.093262e-01,2000,0,5.953723e-03
2026-07-20T17:55:06.030,1784559306.031,94.003,2.964554e-01,3.314404e-03,2.868652e-01,3.254395e-01,2000,0,5.929109e-03
2026-07-20T17:55:06.130,1784559306.131,94.103,2.959628e-01,3.335323e-03,2.846680e-01,3.081055e-01,2000,0,5.919255e-03
2026-07-20T17:55:06.228,1784559306.229,94.203,2.948098e-01,3.368825e-03,2.829590e-01,3.107910e-01,2000,0,5.896196e-03
2026-07-20T17:55:06.330,1784559306.331,94.303,2.933781e-01,3.454601e-03,2.817383e-01,3.039551e-01,2000,0,5.867561e-03
2026-07-20T17:55:06.430,1784559306.431,94.403,2.927412e-01,3.520169e-03,2.802734e-01,3.034668e-01,2000,0,5.854824e-03
2026-07-20T17:55:06.528,1784559306.529,94.503,2.910818e-01,3.280805e-03,2.790527e-01,3.000488e-01,2000,0,5.821636e-03
2026-07-20T17:55:06.630,1784559306.631,94.603,2.903733e-01,3.469331e-03,2.790527e-01,3.027344e-01,2000,0,5.807466e-03
2026-07-20T17:55:06.728,1784559306.729,94.703,2.894275e-01,3.392316e-03,2.797852e-01,3.115234e-01,2000,0,5.788550e-03
2026-07-20T17:55:06.828,1784559306.829,94.803,2.879249e-01,3.518274e-03,2.744141e-01,2.985840e-01,2000,0,5.758499e-03
2026-07-20T17:55:06.928,1784559306.929,94.903,2.864822e-01,3.390033e-03,2.673340e-01,2.966309e-01,2000,0,5.729644e-03
2026-07-20T17:55:07.030,1784559307.030,95.003,2.859192e-01,3.544669e-03,2.717285e-01,2.966309e-01,2000,0,5.718384e-03
2026-07-20T17:55:07.128,1784559307.128,95.103,2.845519e-01,3.523858e-03,2.734375e-01,2.963867e-01,2000,0,5.691038e-03
2026-07-20T17:55:07.228,1784559307.229,95.203,2.839326e-01,3.601466e-03,2.692871e-01,2.961426e-01,2000,0,5.678652e-03
2026-07-20T17:55:07.328,1784559307.328,95.303,2.828301e-01,3.653882e-03,2.683105e-01,2.929688e-01,2000,0,5.656602e-03
2026-07-20T17:55:07.428,1784559307.428,95.403,2.820916e-01,3.613604e-03,2.685547e-01,2.934570e-01,2000,0,5.641831e-03
2026-07-20T17:55:07.528,1784559307.528,95.503,2.807629e-01,3.699814e-03,2.680664e-01,2.922363e-01,2000,0,5.615259e-03
2026-07-20T17:55:07.628,1784559307.629,95.603,2.803530e-01,3.444726e-03,2.663574e-01,2.905273e-01,2000,0,5.607061e-03
2026-07-20T17:55:07.728,1784559307.728,95.703,2.788534e-01,3.621955e-03,2.648926e-01,2.885742e-01,2000,0,5.577068e-03
2026-07-20T17:55:07.828,1784559307.829,95.803,2.777455e-01,3.455326e-03,2.675781e-01,2.875977e-01,2000,0,5.554910e-03
2026-07-20T17:55:07.928,1784559307.929,95.903,2.771985e-01,3.560588e-03,2.631836e-01,2.873535e-01,2000,0,5.543970e-03
2026-07-20T17:55:08.028,1784559308.029,96.003,2.758866e-01,3.588008e-03,2.629395e-01,2.885742e-01,2000,0,5.517732e-03
2026-07-20T17:55:08.128,1784559308.128,96.103,2.741940e-01,3.556717e-03,2.568359e-01,2.849121e-01,2000,0,5.483879e-03
2026-07-20T17:55:08.228,1784559308.229,96.203,2.731233e-01,3.309422e-03,2.626953e-01,2.875977e-01,2000,0,5.462466e-03
2026-07-20T17:55:08.328,1784559308.328,96.303,2.722407e-01,3.594919e-03,2.585449e-01,2.836914e-01,2000,0,5.444814e-03
2026-07-20T17:55:08.428,1784559308.428,96.403,2.708375e-01,3.574594e-03,2.570801e-01,2.841797e-01,2000,0,5.416750e-03
2026-07-20T17:55:08.528,1784559308.528,96.503,2.690552e-01,3.618585e-03,2.526855e-01,2.807617e-01,2000,0,5.381104e-03
2026-07-20T17:55:08.628,1784559308.628,96.603,2.688557e-01,3.497111e-03,2.551270e-01,2.807617e-01,2000,0,5.377114e-03
2026-07-20T17:55:08.728,1784559308.728,96.703,2.678075e-01,3.439896e-03,2.556152e-01,2.775879e-01,2000,0,5.356150e-03
2026-07-20T17:55:08.830,1784559308.830,96.803,2.659639e-01,3.514281e-03,2.509766e-01,2.766113e-01,2000,0,5.319277e-03
2026-07-20T17:55:08.928,1784559308.929,96.903,2.654313e-01,3.353793e-03,2.524414e-01,2.800293e-01,2000,0,5.308625e-03
2026-07-20T17:55:09.028,1784559309.029,97.003,2.642789e-01,3.371880e-03,2.517090e-01,2.788086e-01,2000,0,5.285579e-03
2026-07-20T17:55:09.128,1784559309.129,97.103,2.631932e-01,3.323918e-03,2.509766e-01,2.836914e-01,2000,0,5.263865e-03
2026-07-20T17:55:09.228,1784559309.229,97.203,2.626506e-01,3.441928e-03,2.507324e-01,2.756348e-01,2000,0,5.253013e-03
2026-07-20T17:55:09.328,1784559309.329,97.303,2.626108e-01,3.449555e-03,2.475586e-01,2.734375e-01,2000,0,5.252217e-03
2026-07-20T17:55:09.428,1784559309.429,97.403,2.618187e-01,3.372242e-03,2.502441e-01,2.734375e-01,2000,0,5.236375e-03
2026-07-20T17:55:09.528,1784559309.529,97.503,2.618719e-01,3.325270e-03,2.485352e-01,2.722168e-01,2000,0,5.237439e-03
2026-07-20T17:55:09.628,1784559309.629,97.603,2.615669e-01,3.392590e-03,2.495117e-01,2.719727e-01,2000,0,5.231338e-03
2026-07-20T17:55:09.731,1784559309.731,97.703,2.614854e-01,3.306227e-03,2.485352e-01,2.724609e-01,2000,0,5.229707e-03
2026-07-20T17:55:09.828,1784559309.829,97.803,2.615316e-01,3.404085e-03,2.443848e-01,2.717285e-01,2000,0,5.230632e-03
2026-07-20T17:55:09.930,1784559309.931,97.903,2.618715e-01,3.471532e-03,2.485352e-01,2.734375e-01,2000,0,5.237429e-03
2026-07-20T17:55:10.028,1784559310.029,98.003,2.621168e-01,3.355606e-03,2.500000e-01,2.770996e-01,2000,0,5.242336e-03
2026-07-20T17:55:10.130,1784559310.131,98.103,2.620385e-01,3.327644e-03,2.502441e-01,2.719727e-01,2000,0,5.240769e-03
2026-07-20T17:55:10.228,1784559310.229,98.203,2.624513e-01,3.407162e-03,2.502441e-01,2.736816e-01,2000,0,5.249026e-03
2026-07-20T17:55:10.328,1784559310.329,98.303,2.626338e-01,3.468176e-03,2.512207e-01,2.756348e-01,2000,0,5.252676e-03
2026-07-20T17:55:10.428,1784559310.429,98.403,2.630685e-01,3.515864e-03,2.485352e-01,2.753906e-01,2000,0,5.261370e-03
2026-07-20T17:55:10.528,1784559310.529,98.503,2.633534e-01,3.401071e-03,2.531738e-01,2.736816e-01,2000,0,5.267068e-03
2026-07-20T17:55:10.628,1784559310.629,98.603,2.637506e-01,3.432651e-03,2.534180e-01,2.802734e-01,2000,0,5.275012e-03
2026-07-20T17:55:10.730,1784559310.731,98.703,2.638341e-01,3.486572e-03,2.526855e-01,2.749023e-01,2000,0,5.276682e-03
2026-07-20T17:55:10.830,1784559310.831,98.803,2.644961e-01,3.464205e-03,2.526855e-01,2.758789e-01,2000,0,5.289922e-03
2026-07-20T17:55:10.928,1784559310.928,98.903,2.645133e-01,3.697269e-03,2.524414e-01,2.780762e-01,2000,0,5.290266e-03
2026-07-20T17:55:11.028,1784559311.029,99.003,2.644258e-01,3.470210e-03,2.531738e-01,2.766113e-01,2000,0,5.288516e-03
2026-07-20T17:55:11.128,1784559311.128,99.103,2.647838e-01,3.723437e-03,2.497559e-01,2.766113e-01,2000,0,5.295676e-03
2026-07-20T17:55:11.228,1784559311.229,99.203,2.642369e-01,3.596918e-03,2.529297e-01,2.744141e-01,2000,0,5.284739e-03
2026-07-20T17:55:11.330,1784559311.331,99.303,2.650375e-01,3.409529e-03,2.519531e-01,2.751465e-01,2000,0,5.300750e-03
2026-07-20T17:55:11.430,1784559311.431,99.403,2.650759e-01,3.420313e-03,2.541504e-01,2.766113e-01,2000,0,5.301519e-03
2026-07-20T17:55:11.528,1784559311.529,99.503,2.651774e-01,3.293210e-03,2.539062e-01,2.741699e-01,2000,0,5.303547e-03
2026-07-20T17:55:11.630,1784559311.631,99.603,2.654158e-01,3.345302e-03,2.531738e-01,2.792969e-01,2000,0,5.308315e-03
2026-07-20T17:55:11.728,1784559311.729,99.703,2.656584e-01,3.414385e-03,2.534180e-01,2.756348e-01,2000,0,5.313169e-03
2026-07-20T17:55:11.830,1784559311.831,99.803,2.655271e-01,3.330960e-03,2.502441e-01,2.756348e-01,2000,0,5.310542e-03
2026-07-20T17:55:11.930,1784559311.931,99.903,2.659752e-01,3.198715e-03,2.551270e-01,2.766113e-01,2000,0,5.319504e-03
2026-07-20T17:55:12.030,1784559312.031,100.003,2.661394e-01,3.134841e-03,2.568359e-01,2.758789e-01,2000,0,5.322788e-03
2026-07-20T17:55:12.128,1784559312.129,100.103,2.666730e-01,3.016287e-03,2.570801e-01,2.766113e-01,2000,0,5.333459e-03
2026-07-20T17:55:12.231,1784559312.231,100.203,2.665128e-01,2.925161e-03,2.565918e-01,2.819824e-01,2000,0,5.330256e-03
2026-07-20T17:55:12.330,1784559312.331,100.303,2.672583e-01,2.837665e-03,2.563477e-01,2.766113e-01,2000,0,5.345166e-03
2026-07-20T17:55:12.428,1784559312.429,100.403,2.670411e-01,2.921168e-03,2.573242e-01,2.763672e-01,2000,0,5.340823e-03
2026-07-20T17:55:12.528,1784559312.529,100.503,2.673268e-01,2.788516e-03,2.568359e-01,2.768555e-01,2000,0,5.346536e-03
2026-07-20T17:55:12.630,1784559312.631,100.603,2.678269e-01,2.761797e-03,2.568359e-01,2.783203e-01,2000,0,5.356538e-03
2026-07-20T17:55:12.730,1784559312.731,100.703,2.674351e-01,2.657284e-03,2.580566e-01,2.832031e-01,2000,0,5.348701e-03
2026-07-20T17:55:12.828,1784559312.828,100.803,2.675520e-01,2.639854e-03,2.578125e-01,2.778320e-01,2000,0,5.351040e-03
2026-07-20T17:55:12.930,1784559312.931,100.903,2.683484e-01,2.638063e-03,2.563477e-01,2.780762e-01,2000,0,5.366968e-03
2026-07-20T17:55:13.028,1784559313.029,101.003,2.685573e-01,2.443339e-03,2.583008e-01,2.783203e-01,2000,0,5.371145e-03
2026-07-20T17:55:13.130,1784559313.131,101.103,2.687618e-01,2.409602e-03,2.602539e-01,2.768555e-01,2000,0,5.375237e-03
2026-07-20T17:55:13.230,1784559313.231,101.203,2.691285e-01,2.370348e-03,2.592773e-01,2.773438e-01,2000,0,5.382571e-03
2026-07-20T17:55:13.328,1784559313.329,101.303,2.697815e-01,2.360959e-03,2.604980e-01,2.802734e-01,2000,0,5.395630e-03
2026-07-20T17:55:13.430,1784559313.431,101.403,2.701982e-01,2.451580e-03,2.622070e-01,2.814941e-01,2000,0,5.403965e-03
2026-07-20T17:55:13.530,1784559313.531,101.503,2.710033e-01,2.465151e-03,2.629395e-01,2.807617e-01,2000,0,5.420066e-03
2026-07-20T17:55:13.628,1784559313.629,101.603,2.711307e-01,2.339580e-03,2.612305e-01,2.792969e-01,2000,0,5.422615e-03
2026-07-20T17:55:13.728,1784559313.729,101.703,2.714922e-01,2.500171e-03,2.636719e-01,2.805176e-01,2000,0,5.429844e-03
2026-07-20T17:55:13.828,1784559313.829,101.803,2.722357e-01,2.481032e-03,2.646484e-01,2.810059e-01,2000,0,5.444714e-03
2026-07-20T17:55:13.928,1784559313.929,101.903,2.718290e-01,2.558475e-03,2.617188e-01,2.829590e-01,2000,0,5.436580e-03
2026-07-20T17:55:14.030,1784559314.031,102.003,2.724574e-01,2.571790e-03,2.634277e-01,2.846680e-01,2000,0,5.449148e-03
2026-07-20T17:55:14.130,1784559314.131,102.103,2.729340e-01,2.672036e-03,2.646484e-01,2.832031e-01,2000,0,5.458679e-03
2026-07-20T17:55:14.230,1784559314.231,102.203,2.722107e-01,2.793713e-03,2.619629e-01,2.817383e-01,2000,0,5.444214e-03
2026-07-20T17:55:14.330,1784559314.331,102.303,2.722749e-01,2.821492e-03,2.622070e-01,2.827148e-01,2000,0,5.445498e-03
2026-07-20T17:55:14.430,1784559314.431,102.403,2.718557e-01,2.934998e-03,2.609863e-01,2.849121e-01,2000,0,5.437114e-03
2026-07-20T17:55:14.530,1784559314.531,102.503,2.710089e-01,2.863518e-03,2.604980e-01,2.832031e-01,2000,0,5.420178e-03
2026-07-20T17:55:14.628,1784559314.629,102.603,2.697356e-01,3.006911e-03,2.604980e-01,2.817383e-01,2000,0,5.394712e-03
2026-07-20T17:55:14.730,1784559314.731,102.703,2.695398e-01,2.874104e-03,2.587891e-01,2.792969e-01,2000,0,5.390796e-03
2026-07-20T17:55:14.830,1784559314.831,102.803,2.680730e-01,3.133802e-03,2.570801e-01,2.788086e-01,2000,0,5.361460e-03
2026-07-20T17:55:14.928,1784559314.928,102.902,2.662142e-01,3.383718e-03,2.536621e-01,2.768555e-01,2000,0,5.324285e-03
2026-07-20T17:55:15.030,1784559315.030,103.003,2.661785e-01,3.472850e-03,2.551270e-01,2.795410e-01,2000,0,5.323569e-03
2026-07-20T17:55:15.128,1784559315.129,103.103,2.644172e-01,3.225597e-03,2.517090e-01,2.741699e-01,2000,0,5.288345e-03
2026-07-20T17:55:15.228,1784559315.229,103.203,2.638865e-01,3.429445e-03,2.524414e-01,2.739258e-01,2000,0,5.277729e-03
2026-07-20T17:55:15.328,1784559315.329,103.303,2.632646e-01,3.397669e-03,2.524414e-01,2.729492e-01,2000,0,5.265293e-03
2026-07-20T17:55:15.428,1784559315.428,103.403,2.620328e-01,3.574217e-03,2.475586e-01,2.768555e-01,2000,0,5.240657e-03
2026-07-20T17:55:15.528,1784559315.528,103.503,2.611792e-01,3.640782e-03,2.497559e-01,2.731934e-01,2000,0,5.223584e-03
2026-07-20T17:55:15.628,1784559315.628,103.603,2.610364e-01,3.639120e-03,2.468262e-01,2.744141e-01,2000,0,5.220728e-03
2026-07-20T17:55:15.730,1784559315.731,103.703,2.602323e-01,3.448763e-03,2.497559e-01,2.709961e-01,2000,0,5.204646e-03
2026-07-20T17:55:15.830,1784559315.831,103.803,2.594807e-01,3.474200e-03,2.456055e-01,2.712402e-01,2000,0,5.189614e-03
2026-07-20T17:55:15.930,1784559315.931,103.903,2.590884e-01,3.476874e-03,2.480469e-01,2.685547e-01,2000,0,5.181768e-03
2026-07-20T17:55:16.031,1784559316.031,104.003,2.577100e-01,3.469792e-03,2.468262e-01,2.697754e-01,2000,0,5.154199e-03
2026-07-20T17:55:16.130,1784559316.131,104.103,2.579486e-01,3.378872e-03,2.465820e-01,2.673340e-01,2000,0,5.158972e-03
2026-07-20T17:55:16.228,1784559316.228,104.203,2.576362e-01,3.821005e-03,2.436523e-01,2.690430e-01,2000,0,5.152725e-03
2026-07-20T17:55:16.328,1784559316.329,104.303,2.577596e-01,3.356899e-03,2.458496e-01,2.666016e-01,2000,0,5.155193e-03
2026-07-20T17:55:16.428,1784559316.429,104.403,2.577020e-01,3.459118e-03,2.468262e-01,2.700195e-01,2000,0,5.154041e-03
2026-07-20T17:55:16.528,1784559316.528,104.503,2.579894e-01,3.732850e-03,2.463379e-01,2.695312e-01,2000,0,5.159788e-03
2026-07-20T17:55:16.628,1784559316.628,104.603,2.580359e-01,3.626165e-03,2.470703e-01,2.700195e-01,2000,0,5.160718e-03
2026-07-20T17:55:16.728,1784559316.728,104.703,2.590968e-01,3.796058e-03,2.485352e-01,2.773438e-01,2000,0,5.181936e-03
2026-07-20T17:55:16.828,1784559316.828,104.803,2.600657e-01,3.713334e-03,2.480469e-01,2.702637e-01,2000,0,5.201313e-03
2026-07-20T17:55:16.928,1784559316.928,104.903,2.596786e-01,3.636617e-03,2.468262e-01,2.702637e-01,2000,0,5.193572e-03
2026-07-20T17:55:17.030,1784559317.030,105.003,2.618368e-01,3.696846e-03,2.485352e-01,2.724609e-01,2000,0,5.236736e-03
2026-07-20T17:55:17.129,1784559317.129,105.103,2.630344e-01,3.739217e-03,2.521973e-01,2.746582e-01,2000,0,5.260688e-03
2026-07-20T17:55:17.229,1784559317.229,105.203,2.648158e-01,3.805115e-03,2.541504e-01,2.761230e-01,2000,0,5.296316e-03
2026-07-20T17:55:17.328,1784559317.329,105.303,2.666792e-01,3.753585e-03,2.536621e-01,2.780762e-01,2000,0,5.333584e-03
2026-07-20T17:55:17.428,1784559317.429,105.403,2.685426e-01,3.727525e-03,2.536621e-01,2.800293e-01,2000,0,5.370852e-03
2026-07-20T17:55:17.528,1784559317.529,105.503,2.704128e-01,3.862322e-03,2.558594e-01,2.819824e-01,2000,0,5.408257e-03
2026-07-20T17:55:17.628,1784559317.628,105.603,2.729425e-01,3.740038e-03,2.587891e-01,2.839355e-01,2000,0,5.458850e-03
2026-07-20T17:55:17.728,1784559317.728,105.703,2.750154e-01,3.916899e-03,2.585449e-01,2.910156e-01,2000,0,5.500308e-03
2026-07-20T17:55:17.828,1784559317.828,105.803,2.775596e-01,3.890360e-03,2.592773e-01,2.902832e-01,2000,0,5.551191e-03
2026-07-20T17:55:17.928,1784559317.929,105.903,2.803163e-01,3.900193e-03,2.678223e-01,2.971191e-01,2000,0,5.606326e-03
2026-07-20T17:55:18.029,1784559318.030,106.003,2.822965e-01,3.882722e-03,2.687988e-01,2.954102e-01,2000,0,5.645930e-03
2026-07-20T17:55:18.128,1784559318.128,106.103,2.855591e-01,3.876823e-03,2.734375e-01,2.993164e-01,2000,0,5.711182e-03
2026-07-20T17:55:18.228,1784559318.228,106.203,2.892711e-01,3.916988e-03,2.778320e-01,3.034668e-01,2000,0,5.785422e-03
2026-07-20T17:55:18.330,1784559318.331,106.303,2.915973e-01,3.988239e-03,2.788086e-01,3.051758e-01,2000,0,5.831946e-03
2026-07-20T17:55:18.431,1784559318.431,106.403,2.936924e-01,3.572018e-03,2.807617e-01,3.059082e-01,2000,0,5.873848e-03
2026-07-20T17:55:18.528,1784559318.529,106.503,2.986729e-01,3.810123e-03,2.854004e-01,3.120117e-01,2000,0,5.973457e-03
2026-07-20T17:55:18.628,1784559318.628,106.603,3.010992e-01,3.852907e-03,2.897949e-01,3.164062e-01,2000,0,6.021985e-03
2026-07-20T17:55:18.728,1784559318.728,106.703,3.042666e-01,3.725316e-03,2.922363e-01,3.195801e-01,2000,0,6.085332e-03
2026-07-20T17:55:18.828,1784559318.828,106.803,3.080198e-01,3.927371e-03,2.949219e-01,3.217773e-01,2000,0,6.160396e-03
2026-07-20T17:55:18.928,1784559318.928,106.903,3.110485e-01,3.927513e-03,2.998047e-01,3.249512e-01,2000,0,6.220969e-03
2026-07-20T17:55:19.028,1784559319.028,107.003,3.149369e-01,3.812779e-03,3.034668e-01,3.310547e-01,2000,0,6.298738e-03
2026-07-20T17:55:19.128,1784559319.128,107.103,3.183059e-01,3.863945e-03,3.059082e-01,3.308105e-01,2000,0,6.366118e-03
2026-07-20T17:55:19.228,1784559319.228,107.203,3.212876e-01,4.059597e-03,3.107910e-01,3.361816e-01,2000,0,6.425752e-03
2026-07-20T17:55:19.328,1784559319.328,107.303,3.248733e-01,3.876606e-03,3.134766e-01,3.398438e-01,2000,0,6.497466e-03
2026-07-20T17:55:19.428,1784559319.428,107.403,3.288300e-01,3.741082e-03,3.188477e-01,3.437500e-01,2000,0,6.576599e-03
2026-07-20T17:55:19.528,1784559319.528,107.503,3.318298e-01,3.948995e-03,3.193359e-01,3.457031e-01,2000,0,6.636597e-03
2026-07-20T17:55:19.628,1784559319.628,107.603,3.346431e-01,3.804725e-03,3.195801e-01,3.479004e-01,2000,0,6.692861e-03
2026-07-20T17:55:19.728,1784559319.728,107.703,3.381558e-01,3.872178e-03,3.259277e-01,3.515625e-01,2000,0,6.763115e-03
2026-07-20T17:55:19.828,1784559319.828,107.803,3.415873e-01,3.980185e-03,3.291016e-01,3.571777e-01,2000,0,6.831746e-03
2026-07-20T17:55:19.928,1784559319.928,107.903,3.446272e-01,3.818287e-03,3.317871e-01,3.603516e-01,2000,0,6.892544e-03
2026-07-20T17:55:20.028,1784559320.028,108.003,3.474077e-01,3.839329e-03,3.349609e-01,3.642578e-01,2000,0,6.948154e-03
2026-07-20T17:55:20.128,1784559320.128,108.103,3.509354e-01,3.765637e-03,3.417969e-01,3.635254e-01,2000,0,7.018708e-03
2026-07-20T17:55:20.228,1784559320.228,108.203,3.531256e-01,3.832288e-03,3.425293e-01,3.669434e-01,2000,0,7.062512e-03
2026-07-20T17:55:20.328,1784559320.328,108.303,3.566226e-01,3.971988e-03,3.454590e-01,3.713379e-01,2000,0,7.132451e-03
2026-07-20T17:55:20.430,1784559320.431,108.403,3.594420e-01,3.954522e-03,3.474121e-01,3.708496e-01,2000,0,7.188840e-03
2026-07-20T17:55:20.528,1784559320.528,108.503,3.612155e-01,4.057537e-03,3.488770e-01,3.730469e-01,2000,0,7.224309e-03
2026-07-20T17:55:20.628,1784559320.628,108.603,3.639587e-01,4.020273e-03,3.522949e-01,3.764648e-01,2000,0,7.279175e-03
2026-07-20T17:55:20.728,1784559320.728,108.703,3.665629e-01,4.019719e-03,3.554688e-01,3.776855e-01,2000,0,7.331257e-03
2026-07-20T17:55:20.828,1784559320.828,108.803,3.680870e-01,3.915052e-03,3.540039e-01,3.803711e-01,2000,0,7.361741e-03
2026-07-20T17:55:20.928,1784559320.929,108.903,3.714685e-01,4.116371e-03,3.601074e-01,3.828125e-01,2000,0,7.429370e-03
2026-07-20T17:55:21.031,1784559321.031,109.003,3.735583e-01,3.982015e-03,3.608398e-01,3.854980e-01,2000,0,7.471167e-03
2026-07-20T17:55:21.128,1784559321.128,109.103,3.747490e-01,4.072667e-03,3.583984e-01,3.901367e-01,2000,0,7.494980e-03
2026-07-20T17:55:21.230,1784559321.231,109.203,3.773894e-01,4.046366e-03,3.652344e-01,3.918457e-01,2000,0,7.547788e-03
2026-07-20T17:55:21.328,1784559321.328,109.303,3.793016e-01,3.994791e-03,3.674316e-01,3.920898e-01,2000,0,7.586033e-03
2026-07-20T17:55:21.428,1784559321.428,109.403,3.809592e-01,3.982582e-03,3.691406e-01,3.952637e-01,2000,0,7.619185e-03
2026-07-20T17:55:21.528,1784559321.528,109.503,3.827097e-01,4.069362e-03,3.688965e-01,3.945312e-01,2000,0,7.654194e-03
2026-07-20T17:55:21.630,1784559321.630,109.603,3.838527e-01,3.953093e-03,3.708496e-01,4.030762e-01,2000,0,7.677053e-03
2026-07-20T17:55:21.728,1784559321.728,109.703,3.857145e-01,3.992476e-03,3.713379e-01,3.979492e-01,2000,0,7.714290e-03
2026-07-20T17:55:21.828,1784559321.828,109.803,3.879204e-01,4.219220e-03,3.698730e-01,4.001465e-01,2000,0,7.758408e-03
2026-07-20T17:55:21.928,1784559321.928,109.903,3.890216e-01,3.954916e-03,3.723145e-01,3.999023e-01,2000,0,7.780432e-03
2026-07-20T17:55:22.028,1784559322.028,110.003,3.901572e-01,3.677911e-03,3.793945e-01,4.003906e-01,2000,0,7.803145e-03
2026-07-20T17:55:22.129,1784559322.130,110.103,3.918977e-01,3.838444e-03,3.801270e-01,4.028320e-01,2000,0,7.837954e-03
2026-07-20T17:55:22.228,1784559322.229,110.203,3.937526e-01,3.894602e-03,3.811035e-01,4.047852e-01,2000,0,7.875051e-03
2026-07-20T17:55:22.328,1784559322.328,110.303,3.949827e-01,3.836584e-03,3.823242e-01,4.079590e-01,2000,0,7.899653e-03
2026-07-20T17:55:22.428,1784559322.429,110.403,3.962665e-01,3.792777e-03,3.854980e-01,4.082031e-01,2000,0,7.925330e-03
2026-07-20T17:55:22.528,1784559322.528,110.503,3.982051e-01,3.821075e-03,3.842773e-01,4.101562e-01,2000,0,7.964102e-03
2026-07-20T17:55:22.630,1784559322.630,110.603,3.990939e-01,3.926351e-03,3.879395e-01,4.099121e-01,2000,0,7.981877e-03
2026-07-20T17:55:22.728,1784559322.729,110.703,4.006521e-01,3.975116e-03,3.879395e-01,4.152832e-01,2000,0,8.013042e-03
2026-07-20T17:55:22.829,1784559322.829,110.803,4.030563e-01,4.007588e-03,3.906250e-01,4.165039e-01,2000,0,8.061125e-03
2026-07-20T17:55:22.929,1784559322.929,110.903,4.033423e-01,3.856563e-03,3.898926e-01,4.138184e-01,2000,0,8.066846e-03
2026-07-20T17:55:23.029,1784559323.029,111.003,4.049976e-01,3.935484e-03,3.923340e-01,4.177246e-01,2000,0,8.099951e-03
2026-07-20T17:55:23.129,1784559323.129,111.103,4.062758e-01,4.000655e-03,3.925781e-01,4.208984e-01,2000,0,8.125515e-03
2026-07-20T17:55:23.228,1784559323.228,111.203,4.074824e-01,3.884827e-03,3.930664e-01,4.211426e-01,2000,0,8.149648e-03
2026-07-20T17:55:23.328,1784559323.328,111.303,4.086979e-01,3.889688e-03,3.979492e-01,4.221191e-01,2000,0,8.173958e-03
2026-07-20T17:55:23.428,1784559323.428,111.403,4.102996e-01,3.862760e-03,3.984375e-01,4.257812e-01,2000,0,8.205991e-03
2026-07-20T17:55:23.528,1784559323.528,111.503,4.107985e-01,3.923401e-03,3.989258e-01,4.248047e-01,2000,0,8.215969e-03
2026-07-20T17:55:23.628,1784559323.628,111.603,4.114058e-01,3.959575e-03,3.952637e-01,4.260254e-01,2000,0,8.228115e-03
2026-07-20T17:55:23.729,1784559323.729,111.703,4.131613e-01,4.023830e-03,4.013672e-01,4.267578e-01,2000,0,8.263225e-03
2026-07-20T17:55:23.829,1784559323.829,111.803,4.137174e-01,3.953251e-03,4.020996e-01,4.301758e-01,2000,0,8.274348e-03
2026-07-20T17:55:23.928,1784559323.929,111.903,4.157501e-01,4.039977e-03,4.023438e-01,4.299316e-01,2000,0,8.315002e-03
2026-07-20T17:55:24.029,1784559324.029,112.003,4.167770e-01,4.092597e-03,4.040527e-01,4.313965e-01,2000,0,8.335540e-03
2026-07-20T17:55:24.129,1784559324.129,112.103,4.171744e-01,4.062299e-03,4.035645e-01,4.304199e-01,2000,0,8.343489e-03
2026-07-20T17:55:24.229,1784559324.229,112.203,4.185536e-01,4.139858e-03,4.040527e-01,4.375000e-01,2000,0,8.371072e-03
2026-07-20T17:55:24.328,1784559324.328,112.303,4.199672e-01,4.212817e-03,4.086914e-01,4.345703e-01,2000,0,8.399343e-03
2026-07-20T17:55:24.428,1784559324.428,112.403,4.207598e-01,4.117831e-03,4.096680e-01,4.357910e-01,2000,0,8.415195e-03
2026-07-20T17:55:24.528,1784559324.528,112.503,4.220510e-01,4.257858e-03,4.108887e-01,4.370117e-01,2000,0,8.441021e-03
2026-07-20T17:55:24.628,1784559324.628,112.603,4.228347e-01,4.283567e-03,4.101562e-01,4.379883e-01,2000,0,8.456694e-03
2026-07-20T17:55:24.728,1784559324.728,112.703,4.238727e-01,4.160476e-03,4.118652e-01,4.394531e-01,2000,0,8.477454e-03
2026-07-20T17:55:24.828,1784559324.828,112.803,4.254065e-01,4.182107e-03,4.128418e-01,4.392090e-01,2000,0,8.508130e-03
2026-07-20T17:55:24.928,1784559324.929,112.903,4.260858e-01,4.186996e-03,4.143066e-01,4.399414e-01,2000,0,8.521716e-03
2026-07-20T17:55:25.028,1784559325.028,113.003,4.268807e-01,4.121966e-03,4.157715e-01,4.414062e-01,2000,0,8.537615e-03
2026-07-20T17:55:25.128,1784559325.128,113.103,4.277689e-01,4.188926e-03,4.157715e-01,4.421387e-01,2000,0,8.555378e-03
2026-07-20T17:55:25.228,1784559325.228,113.203,4.288521e-01,4.159406e-03,4.182129e-01,4.414062e-01,2000,0,8.577041e-03
2026-07-20T17:55:25.328,1784559325.328,113.303,4.296901e-01,4.195011e-03,4.177246e-01,4.421387e-01,2000,0,8.593801e-03
2026-07-20T17:55:25.428,1784559325.429,113.403,4.302180e-01,4.216642e-03,4.162598e-01,4.440918e-01,2000,0,8.604360e-03
2026-07-20T17:55:25.528,1784559325.528,113.503,4.311198e-01,4.125758e-03,4.174805e-01,4.453125e-01,2000,0,8.622395e-03
2026-07-20T17:55:25.628,1784559325.628,113.603,4.310496e-01,4.176266e-03,4.191895e-01,4.438477e-01,2000,0,8.620991e-03
2026-07-20T17:55:25.728,1784559325.728,113.703,4.331665e-01,4.086578e-03,4.201660e-01,4.472656e-01,2000,0,8.663330e-03
2026-07-20T17:55:25.828,1784559325.828,113.803,4.333962e-01,4.021897e-03,4.216309e-01,4.460449e-01,2000,0,8.667925e-03
2026-07-20T17:55:25.928,1784559325.929,113.903,4.343131e-01,4.124565e-03,4.196777e-01,4.460449e-01,2000,0,8.686262e-03
2026-07-20T17:55:26.028,1784559326.028,114.003,4.353010e-01,3.982284e-03,4.240723e-01,4.472656e-01,2000,0,8.706021e-03
2026-07-20T17:55:26.128,1784559326.128,114.103,4.356665e-01,4.037631e-03,4.233398e-01,4.475098e-01,2000,0,8.713330e-03
2026-07-20T17:55:26.228,1784559326.229,114.203,4.370911e-01,4.035825e-03,4.252930e-01,4.501953e-01,2000,0,8.741821e-03
2026-07-20T17:55:26.328,1784559326.329,114.303,4.381282e-01,4.090399e-03,4.262695e-01,4.509277e-01,2000,0,8.762563e-03
2026-07-20T17:55:26.428,1784559326.429,114.403,4.389006e-01,3.993508e-03,4.250488e-01,4.526367e-01,2000,0,8.778013e-03
2026-07-20T17:55:26.528,1784559326.529,114.503,4.394590e-01,4.047204e-03,4.240723e-01,4.514160e-01,2000,0,8.789180e-03
2026-07-20T17:55:26.629,1784559326.629,114.603,4.402274e-01,3.940736e-03,4.265137e-01,4.531250e-01,2000,0,8.804548e-03
2026-07-20T17:55:26.728,1784559326.729,114.703,4.413199e-01,3.972765e-03,4.274902e-01,4.548340e-01,2000,0,8.826399e-03
2026-07-20T17:55:26.828,1784559326.829,114.803,4.419291e-01,4.105190e-03,4.270020e-01,4.543457e-01,2000,0,8.838582e-03
2026-07-20T17:55:26.928,1784559326.928,114.903,4.425764e-01,4.119776e-03,4.294434e-01,4.545898e-01,2000,0,8.851528e-03
2026-07-20T17:55:27.028,1784559327.029,115.003,4.429866e-01,3.973364e-03,4.291992e-01,4.553223e-01,2000,0,8.859731e-03
2026-07-20T17:55:27.128,1784559327.129,115.103,4.439697e-01,3.955327e-03,4.311523e-01,4.567871e-01,2000,0,8.879395e-03
2026-07-20T17:55:27.228,1784559327.229,115.203,4.450846e-01,4.005953e-03,4.318848e-01,4.562988e-01,2000,0,8.901692e-03
2026-07-20T17:55:27.328,1784559327.329,115.303,4.454819e-01,3.872792e-03,4.311523e-01,4.587402e-01,2000,0,8.909639e-03
2026-07-20T17:55:27.428,1784559327.429,115.403,4.458628e-01,3.931365e-03,4.338379e-01,4.580078e-01,2000,0,8.917256e-03
2026-07-20T17:55:27.528,1784559327.529,115.503,4.466084e-01,4.105972e-03,4.328613e-01,4.577637e-01,2000,0,8.932168e-03
2026-07-20T17:55:27.628,1784559327.628,115.603,4.471541e-01,4.114202e-03,4.328613e-01,4.641113e-01,2000,0,8.943081e-03
2026-07-20T17:55:27.728,1784559327.729,115.703,4.471832e-01,4.091578e-03,4.328613e-01,4.584961e-01,2000,0,8.943665e-03
2026-07-20T17:55:27.828,1784559327.829,115.803,4.476001e-01,4.217695e-03,4.311523e-01,4.592285e-01,2000,0,8.952002e-03
2026-07-20T17:55:27.928,1784559327.929,115.903,4.481072e-01,4.047077e-03,4.343262e-01,4.606934e-01,2000,0,8.962144e-03
2026-07-20T17:55:28.028,1784559328.029,116.003,4.485505e-01,4.101045e-03,4.333496e-01,4.648438e-01,2000,0,8.971011e-03
2026-07-20T17:55:28.128,1784559328.129,116.103,4.483639e-01,4.158697e-03,4.338379e-01,4.619141e-01,2000,0,8.967278e-03
2026-07-20T17:55:28.228,1784559328.229,116.203,4.482749e-01,3.937127e-03,4.338379e-01,4.614258e-01,2000,0,8.965498e-03
2026-07-20T17:55:28.328,1784559328.329,116.303,4.487257e-01,3.830014e-03,4.353027e-01,4.619141e-01,2000,0,8.974514e-03
2026-07-20T17:55:28.428,1784559328.429,116.403,4.488112e-01,4.062123e-03,4.321289e-01,4.636230e-01,2000,0,8.976223e-03
2026-07-20T17:55:28.528,1784559328.528,116.503,4.480482e-01,3.836484e-03,4.353027e-01,4.619141e-01,2000,0,8.960964e-03
2026-07-20T17:55:28.629,1784559328.629,116.604,4.485924e-01,4.038559e-03,4.343262e-01,4.599609e-01,2000,0,8.971848e-03
2026-07-20T17:55:28.728,1784559328.729,116.703,4.487050e-01,3.907528e-03,4.370117e-01,4.724121e-01,2000,0,8.974099e-03
2026-07-20T17:55:28.828,1784559328.829,116.803,4.481324e-01,3.774208e-03,4.350586e-01,4.611816e-01,2000,0,8.962649e-03
2026-07-20T17:55:28.928,1784559328.929,116.903,4.484457e-01,3.871656e-03,4.370117e-01,4.611816e-01,2000,0,8.968914e-03
2026-07-20T17:55:29.030,1784559329.031,117.003,4.473267e-01,3.759785e-03,4.340820e-01,4.594727e-01,2000,0,8.946533e-03
2026-07-20T17:55:29.129,1784559329.129,117.103,4.471417e-01,3.726828e-03,4.353027e-01,4.592285e-01,2000,0,8.942834e-03
2026-07-20T17:55:29.230,1784559329.230,117.204,4.476704e-01,3.993069e-03,4.340820e-01,4.594727e-01,2000,0,8.953408e-03
2026-07-20T17:55:29.329,1784559329.329,117.303,4.475435e-01,3.811128e-03,4.370117e-01,4.621582e-01,2000,0,8.950869e-03
2026-07-20T17:55:29.429,1784559329.429,117.403,4.472113e-01,3.738828e-03,4.360352e-01,4.597168e-01,2000,0,8.944226e-03
2026-07-20T17:55:29.528,1784559329.529,117.503,4.471903e-01,3.826918e-03,4.348145e-01,4.594727e-01,2000,0,8.943806e-03
2026-07-20T17:55:29.630,1784559329.631,117.603,4.473149e-01,3.664706e-03,4.345703e-01,4.594727e-01,2000,0,8.946299e-03
2026-07-20T17:55:29.728,1784559329.728,117.703,4.471782e-01,3.812034e-03,4.370117e-01,4.599609e-01,2000,0,8.943564e-03
2026-07-20T17:55:29.828,1784559329.829,117.803,4.472732e-01,3.655920e-03,4.360352e-01,4.592285e-01,2000,0,8.945464e-03
2026-07-20T17:55:29.928,1784559329.928,117.903,4.472583e-01,3.916331e-03,4.335938e-01,4.589844e-01,2000,0,8.945166e-03
2026-07-20T17:55:30.030,1784559330.031,118.003,4.472106e-01,3.771381e-03,4.335938e-01,4.616699e-01,2000,0,8.944211e-03
2026-07-20T17:55:30.129,1784559330.129,118.103,4.474716e-01,3.852861e-03,4.350586e-01,4.609375e-01,2000,0,8.949431e-03
2026-07-20T17:55:30.229,1784559330.229,118.203,4.476752e-01,3.807306e-03,4.370117e-01,4.609375e-01,2000,0,8.953503e-03
2026-07-20T17:55:30.329,1784559330.329,118.303,4.474303e-01,3.848376e-03,4.357910e-01,4.626465e-01,2000,0,8.948606e-03
2026-07-20T17:55:30.429,1784559330.429,118.403,4.478715e-01,3.922540e-03,4.348145e-01,4.643555e-01,2000,0,8.957429e-03
2026-07-20T17:55:30.529,1784559330.529,118.503,4.474921e-01,3.689467e-03,4.367676e-01,4.616699e-01,2000,0,8.949841e-03
2026-07-20T17:55:30.628,1784559330.628,118.603,4.481487e-01,3.614438e-03,4.365234e-01,4.597168e-01,2000,0,8.962974e-03
2026-07-20T17:55:30.731,1784559330.731,118.703,4.480400e-01,3.758944e-03,4.370117e-01,4.599609e-01,2000,0,8.960801e-03
2026-07-20T17:55:30.828,1784559330.829,118.803,4.484379e-01,3.643909e-03,4.370117e-01,4.602051e-01,2000,0,8.968757e-03
2026-07-20T17:55:30.928,1784559330.929,118.903,4.483813e-01,3.628188e-03,4.348145e-01,4.606934e-01,2000,0,8.967627e-03
2026-07-20T17:55:31.030,1784559331.031,119.003,4.475999e-01,3.567252e-03,4.375000e-01,4.599609e-01,2000,0,8.951997e-03
2026-07-20T17:55:31.128,1784559331.129,119.103,4.486418e-01,3.646208e-03,4.377441e-01,4.616699e-01,2000,0,8.972837e-03
2026-07-20T17:55:31.228,1784559331.229,119.203,4.486125e-01,3.553565e-03,4.384766e-01,4.604492e-01,2000,0,8.972251e-03
2026-07-20T17:55:31.328,1784559331.328,119.303,4.490602e-01,3.377301e-03,4.375000e-01,4.609375e-01,2000,0,8.981204e-03
2026-07-20T17:55:31.428,1784559331.429,119.403,4.499720e-01,3.510681e-03,4.372559e-01,4.626465e-01,2000,0,8.999441e-03
2026-07-20T17:55:31.528,1784559331.529,119.503,4.499910e-01,3.294844e-03,4.409180e-01,4.609375e-01,2000,0,8.999819e-03
2026-07-20T17:55:31.628,1784559331.629,119.603,4.497985e-01,3.279948e-03,4.396973e-01,4.614258e-01,2000,0,8.995969e-03
2026-07-20T17:55:31.728,1784559331.729,119.703,4.500499e-01,3.317833e-03,4.399414e-01,4.633789e-01,2000,0,9.000999e-03
2026-07-20T17:55:31.828,1784559331.829,119.803,4.501313e-01,3.202529e-03,4.350586e-01,4.597168e-01,2000,0,9.002627e-03
2026-07-20T17:55:31.930,1784559331.931,119.903,4.505502e-01,3.072884e-03,4.401855e-01,4.643555e-01,2000,0,9.011003e-03
2026-07-20T17:55:32.030,1784559332.030,120.003,4.503060e-01,2.935032e-03,4.389648e-01,4.599609e-01,2000,0,9.006121e-03
2026-07-20T17:55:32.128,1784559332.129,120.103,4.509462e-01,2.846054e-03,4.396973e-01,4.594727e-01,2000,0,9.018923e-03
2026-07-20T17:55:32.228,1784559332.229,120.203,4.514620e-01,2.946202e-03,4.414062e-01,4.611816e-01,2000,0,9.029241e-03
2026-07-20T17:55:32.328,1784559332.329,120.303,4.520024e-01,2.814227e-03,4.409180e-01,4.602051e-01,2000,0,9.040049e-03
2026-07-20T17:55:32.428,1784559332.429,120.403,4.522325e-01,2.757447e-03,4.426270e-01,4.624023e-01,2000,0,9.044651e-03
2026-07-20T17:55:32.528,1784559332.529,120.503,4.523054e-01,2.622888e-03,4.379883e-01,4.624023e-01,2000,0,9.046108e-03
2026-07-20T17:55:32.628,1784559332.629,120.603,4.533191e-01,2.593113e-03,4.401855e-01,4.636230e-01,2000,0,9.066382e-03
2026-07-20T17:55:32.728,1784559332.729,120.703,4.530399e-01,2.503270e-03,4.448242e-01,4.616699e-01,2000,0,9.060798e-03
2026-07-20T17:55:32.829,1784559332.829,120.803,4.535861e-01,2.567032e-03,4.438477e-01,4.624023e-01,2000,0,9.071721e-03
2026-07-20T17:55:32.928,1784559332.929,120.903,4.539955e-01,2.418160e-03,4.426270e-01,4.621582e-01,2000,0,9.079910e-03
2026-07-20T17:55:33.028,1784559333.029,121.003,4.543866e-01,2.422343e-03,4.450684e-01,4.626465e-01,2000,0,9.087732e-03
2026-07-20T17:55:33.128,1784559333.129,121.103,4.547450e-01,2.500787e-03,4.462891e-01,4.641113e-01,2000,0,9.094900e-03
2026-07-20T17:55:33.228,1784559333.229,121.203,4.554310e-01,2.497310e-03,4.472656e-01,4.672852e-01,2000,0,9.108621e-03
2026-07-20T17:55:33.328,1784559333.329,121.303,4.553522e-01,2.515744e-03,4.426270e-01,4.641113e-01,2000,0,9.107043e-03
2026-07-20T17:55:33.428,1784559333.429,121.403,4.554153e-01,2.616760e-03,4.455566e-01,4.633789e-01,2000,0,9.108306e-03
2026-07-20T17:55:33.528,1784559333.529,121.503,4.562704e-01,2.646702e-03,4.477539e-01,4.658203e-01,2000,0,9.125408e-03
2026-07-20T17:55:33.628,1784559333.629,121.603,4.555927e-01,2.765165e-03,4.440918e-01,4.641113e-01,2000,0,9.111853e-03
2026-07-20T17:55:33.728,1784559333.729,121.703,4.559075e-01,2.783935e-03,4.396973e-01,4.667969e-01,2000,0,9.118149e-03
2026-07-20T17:55:33.828,1784559333.829,121.803,4.559225e-01,2.966648e-03,4.450684e-01,4.653320e-01,2000,0,9.118450e-03
2026-07-20T17:55:33.928,1784559333.929,121.903,4.558044e-01,2.810602e-03,4.453125e-01,4.648438e-01,2000,0,9.116089e-03
2026-07-20T17:55:34.030,1784559334.031,122.003,4.553093e-01,2.910902e-03,4.460449e-01,4.675293e-01,2000,0,9.106187e-03
2026-07-20T17:55:34.128,1784559334.129,122.103,4.551455e-01,2.926510e-03,4.462891e-01,4.641113e-01,2000,0,9.102910e-03
2026-07-20T17:55:34.230,1784559334.231,122.203,4.545194e-01,2.949470e-03,4.458008e-01,4.638672e-01,2000,0,9.090388e-03
2026-07-20T17:55:34.328,1784559334.329,122.303,4.540205e-01,3.111273e-03,4.414062e-01,4.631348e-01,2000,0,9.080410e-03
2026-07-20T17:55:34.428,1784559334.429,122.403,4.529877e-01,3.214221e-03,4.421387e-01,4.633789e-01,2000,0,9.059753e-03
2026-07-20T17:55:34.528,1784559334.529,122.503,4.520284e-01,3.251225e-03,4.423828e-01,4.624023e-01,2000,0,9.040569e-03
2026-07-20T17:55:34.628,1784559334.629,122.603,4.501467e-01,3.304851e-03,4.401855e-01,4.602051e-01,2000,0,9.002935e-03
2026-07-20T17:55:34.728,1784559334.729,122.703,4.489526e-01,3.272531e-03,4.375000e-01,4.589844e-01,2000,0,8.979053e-03
2026-07-20T17:55:34.828,1784559334.829,122.803,4.467335e-01,3.047734e-03,4.335938e-01,4.562988e-01,2000,0,8.934670e-03
2026-07-20T17:55:34.928,1784559334.929,122.903,4.450513e-01,3.256548e-03,4.338379e-01,4.606934e-01,2000,0,8.901025e-03
2026-07-20T17:55:35.030,1784559335.031,123.003,4.432817e-01,3.176033e-03,4.299316e-01,4.560547e-01,2000,0,8.865635e-03
2026-07-20T17:55:35.129,1784559335.129,123.103,4.406238e-01,3.224191e-03,4.304199e-01,4.533691e-01,2000,0,8.812476e-03
2026-07-20T17:55:35.229,1784559335.229,123.203,4.383303e-01,3.203281e-03,4.282227e-01,4.487305e-01,2000,0,8.766606e-03
2026-07-20T17:55:35.329,1784559335.329,123.303,4.356204e-01,3.399455e-03,4.255371e-01,4.460449e-01,2000,0,8.712407e-03
2026-07-20T17:55:35.429,1784559335.429,123.403,4.335593e-01,3.222482e-03,4.223633e-01,4.445801e-01,2000,0,8.671187e-03
2026-07-20T17:55:35.529,1784559335.529,123.503,4.304534e-01,3.214176e-03,4.208984e-01,4.401855e-01,2000,0,8.609067e-03
2026-07-20T17:55:35.628,1784559335.629,123.603,4.276984e-01,3.147935e-03,4.187012e-01,4.421387e-01,2000,0,8.553967e-03
2026-07-20T17:55:35.728,1784559335.729,123.703,4.253682e-01,3.175941e-03,4.155273e-01,4.360352e-01,2000,0,8.507363e-03
2026-07-20T17:55:35.828,1784559335.829,123.803,4.227629e-01,3.440246e-03,4.086914e-01,4.333496e-01,2000,0,8.455259e-03
2026-07-20T17:55:35.928,1784559335.929,123.903,4.202661e-01,3.220176e-03,4.089355e-01,4.291992e-01,2000,0,8.405322e-03
2026-07-20T17:55:36.028,1784559336.029,124.003,4.177307e-01,3.068056e-03,4.079590e-01,4.272461e-01,2000,0,8.354614e-03
2026-07-20T17:55:36.128,1784559336.129,124.103,4.156490e-01,3.208513e-03,4.047852e-01,4.238281e-01,2000,0,8.312981e-03
2026-07-20T17:55:36.228,1784559336.229,124.203,4.129170e-01,3.036575e-03,4.028320e-01,4.250488e-01,2000,0,8.258340e-03
2026-07-20T17:55:36.328,1784559336.329,124.303,4.098608e-01,3.074504e-03,3.984375e-01,4.182129e-01,2000,0,8.197217e-03
2026-07-20T17:55:36.430,1784559336.430,124.403,4.077761e-01,3.008730e-03,3.962402e-01,4.213867e-01,2000,0,8.155522e-03
2026-07-20T17:55:36.528,1784559336.528,124.503,4.052039e-01,2.915716e-03,3.964844e-01,4.160156e-01,2000,0,8.104077e-03
2026-07-20T17:55:36.628,1784559336.629,124.603,4.032040e-01,3.244053e-03,3.937988e-01,4.155273e-01,2000,0,8.064080e-03
2026-07-20T17:55:36.730,1784559336.731,124.703,4.014387e-01,3.288703e-03,3.908691e-01,4.152832e-01,2000,0,8.028774e-03
2026-07-20T17:55:36.828,1784559336.829,124.803,3.982379e-01,3.143989e-03,3.889160e-01,4.099121e-01,2000,0,7.964758e-03
2026-07-20T17:55:36.928,1784559336.929,124.903,3.962806e-01,3.051368e-03,3.845215e-01,4.064941e-01,2000,0,7.925613e-03
2026-07-20T17:55:37.028,1784559337.029,125.003,3.948948e-01,3.206756e-03,3.847656e-01,4.062500e-01,2000,0,7.897896e-03
2026-07-20T17:55:37.130,1784559337.131,125.103,3.928556e-01,3.091671e-03,3.835449e-01,4.052734e-01,2000,0,7.857112e-03
2026-07-20T17:55:37.228,1784559337.229,125.203,3.917426e-01,3.102969e-03,3.813477e-01,4.030762e-01,2000,0,7.834851e-03
2026-07-20T17:55:37.328,1784559337.329,125.303,3.908140e-01,3.264206e-03,3.806152e-01,4.030762e-01,2000,0,7.816279e-03
2026-07-20T17:55:37.430,1784559337.431,125.403,3.883888e-01,3.195017e-03,3.740234e-01,3.986816e-01,2000,0,7.767776e-03
2026-07-20T17:55:37.529,1784559337.529,125.503,3.881837e-01,3.356951e-03,3.759766e-01,3.989258e-01,2000,0,7.763674e-03
2026-07-20T17:55:37.629,1784559337.629,125.603,3.867672e-01,3.383142e-03,3.747559e-01,3.999023e-01,2000,0,7.735344e-03
2026-07-20T17:55:37.729,1784559337.729,125.703,3.859880e-01,3.490220e-03,3.754883e-01,3.984375e-01,2000,0,7.719761e-03
2026-07-20T17:55:37.829,1784559337.829,125.803,3.853833e-01,3.416278e-03,3.747559e-01,3.974609e-01,2000,0,7.707666e-03
2026-07-20T17:55:37.929,1784559337.929,125.903,3.848823e-01,3.439720e-03,3.725586e-01,3.977051e-01,2000,0,7.697646e-03
2026-07-20T17:55:38.028,1784559338.029,126.003,3.843810e-01,3.370514e-03,3.747559e-01,3.955078e-01,2000,0,7.687620e-03
2026-07-20T17:55:38.128,1784559338.129,126.103,3.847941e-01,3.391621e-03,3.723145e-01,3.969727e-01,2000,0,7.695881e-03
2026-07-20T17:55:38.228,1784559338.229,126.203,3.842972e-01,3.314364e-03,3.720703e-01,3.959961e-01,2000,0,7.685945e-03
2026-07-20T17:55:38.328,1784559338.329,126.303,3.843527e-01,3.481160e-03,3.737793e-01,3.967285e-01,2000,0,7.687053e-03
2026-07-20T17:55:38.428,1784559338.429,126.403,3.840555e-01,3.468259e-03,3.745117e-01,3.962402e-01,2000,0,7.681111e-03
2026-07-20T17:55:38.528,1784559338.529,126.503,3.845203e-01,3.544725e-03,3.730469e-01,4.006348e-01,2000,0,7.690405e-03
2026-07-20T17:55:38.628,1784559338.629,126.603,3.848065e-01,3.568627e-03,3.730469e-01,3.977051e-01,2000,0,7.696130e-03
2026-07-20T17:55:38.729,1784559338.729,126.703,3.847327e-01,3.441480e-03,3.730469e-01,3.962402e-01,2000,0,7.694653e-03
2026-07-20T17:55:38.829,1784559338.829,126.803,3.850796e-01,3.555992e-03,3.742676e-01,3.962402e-01,2000,0,7.701592e-03
2026-07-20T17:55:38.928,1784559338.929,126.903,3.849470e-01,3.538178e-03,3.720703e-01,3.969727e-01,2000,0,7.698940e-03
2026-07-20T17:55:39.028,1784559339.029,127.003,3.852053e-01,3.583910e-03,3.752441e-01,3.979492e-01,2000,0,7.704106e-03
2026-07-20T17:55:39.128,1784559339.129,127.103,3.865664e-01,3.583662e-03,3.769531e-01,4.001465e-01,2000,0,7.731328e-03
2026-07-20T17:55:39.228,1784559339.229,127.203,3.874458e-01,3.533800e-03,3.752441e-01,3.991699e-01,2000,0,7.748916e-03
2026-07-20T17:55:39.329,1784559339.329,127.303,3.877767e-01,3.598655e-03,3.730469e-01,4.016113e-01,2000,0,7.755535e-03
2026-07-20T17:55:39.428,1784559339.429,127.403,3.887643e-01,3.502420e-03,3.779297e-01,4.038086e-01,2000,0,7.775286e-03
2026-07-20T17:55:39.528,1784559339.529,127.503,3.893663e-01,3.611972e-03,3.774414e-01,4.035645e-01,2000,0,7.787327e-03
2026-07-20T17:55:39.628,1784559339.629,127.603,3.902527e-01,3.581306e-03,3.801270e-01,4.025879e-01,2000,0,7.805054e-03
2026-07-20T17:55:39.728,1784559339.729,127.703,3.908668e-01,3.580524e-03,3.808594e-01,4.018555e-01,2000,0,7.817336e-03
2026-07-20T17:55:39.828,1784559339.829,127.803,3.912253e-01,3.422572e-03,3.793945e-01,4.025879e-01,2000,0,7.824507e-03
2026-07-20T17:55:39.928,1784559339.929,127.903,3.923007e-01,3.528975e-03,3.830566e-01,4.052734e-01,2000,0,7.846013e-03
2026-07-20T17:55:40.028,1784559340.029,128.003,3.932858e-01,3.599532e-03,3.806152e-01,4.091797e-01,2000,0,7.865715e-03
2026-07-20T17:55:40.128,1784559340.129,128.103,3.937872e-01,3.546576e-03,3.828125e-01,4.064941e-01,2000,0,7.875745e-03
2026-07-20T17:55:40.231,1784559340.231,128.203,3.945558e-01,3.580216e-03,3.820801e-01,4.057617e-01,2000,0,7.891116e-03
2026-07-20T17:55:40.328,1784559340.329,128.303,3.953104e-01,3.544530e-03,3.842773e-01,4.060059e-01,2000,0,7.906208e-03
2026-07-20T17:55:40.428,1784559340.429,128.403,3.961547e-01,3.591205e-03,3.842773e-01,4.072266e-01,2000,0,7.923093e-03
2026-07-20T17:55:40.528,1784559340.529,128.503,3.973391e-01,3.311937e-03,3.850098e-01,4.084473e-01,2000,0,7.946782e-03
2026-07-20T17:55:40.628,1784559340.629,128.603,3.980029e-01,3.579759e-03,3.854980e-01,4.089355e-01,2000,0,7.960059e-03
2026-07-20T17:55:40.728,1784559340.729,128.703,3.988734e-01,3.575077e-03,3.867188e-01,4.099121e-01,2000,0,7.977468e-03
2026-07-20T17:55:40.828,1784559340.828,128.803,3.997308e-01,3.576781e-03,3.872070e-01,4.111328e-01,2000,0,7.994617e-03
2026-07-20T17:55:40.928,1784559340.929,128.903,4.006676e-01,3.683462e-03,3.889160e-01,4.130859e-01,2000,0,8.013352e-03
2026-07-20T17:55:41.030,1784559341.031,129.003,4.015195e-01,3.516724e-03,3.889160e-01,4.121094e-01,2000,0,8.030391e-03
2026-07-20T17:55:41.128,1784559341.128,129.103,4.024927e-01,3.514064e-03,3.916016e-01,4.138184e-01,2000,0,8.049854e-03
2026-07-20T17:55:41.228,1784559341.229,129.203,4.029913e-01,3.359997e-03,3.928223e-01,4.150391e-01,2000,0,8.059827e-03
2026-07-20T17:55:41.328,1784559341.329,129.303,4.038224e-01,3.742560e-03,3.886719e-01,4.152832e-01,2000,0,8.076448e-03
2026-07-20T17:55:41.428,1784559341.429,129.403,4.040417e-01,3.677596e-03,3.886719e-01,4.157715e-01,2000,0,8.080835e-03
2026-07-20T17:55:41.531,1784559341.531,129.503,4.052317e-01,3.702027e-03,3.916016e-01,4.182129e-01,2000,0,8.104634e-03
2026-07-20T17:55:41.628,1784559341.629,129.603,4.054978e-01,3.702958e-03,3.952637e-01,4.174805e-01,2000,0,8.109956e-03
2026-07-20T17:55:41.728,1784559341.729,129.703,4.065714e-01,3.747565e-03,3.937988e-01,4.189453e-01,2000,0,8.131428e-03
2026-07-20T17:55:41.828,1784559341.829,129.803,4.073768e-01,3.795760e-03,3.928223e-01,4.179688e-01,2000,0,8.147537e-03
2026-07-20T17:55:41.928,1784559341.929,129.903,4.069834e-01,3.780863e-03,3.952637e-01,4.199219e-01,2000,0,8.139668e-03
2026-07-20T17:55:42.031,1784559342.031,130.003,4.071129e-01,3.800932e-03,3.952637e-01,4.250488e-01,2000,0,8.142258e-03
2026-07-20T17:55:42.130,1784559342.130,130.104,4.078435e-01,3.770161e-03,3.955078e-01,4.211426e-01,2000,0,8.156870e-03
2026-07-20T17:55:42.229,1784559342.229,130.203,4.073762e-01,3.621069e-03,3.945312e-01,4.196777e-01,2000,0,8.147524e-03
2026-07-20T17:55:42.329,1784559342.330,130.303,4.075341e-01,3.828053e-03,3.957520e-01,4.191895e-01,2000,0,8.150681e-03
2026-07-20T17:55:42.429,1784559342.430,130.403,4.064719e-01,3.691546e-03,3.933105e-01,4.182129e-01,2000,0,8.129438e-03
2026-07-20T17:55:42.529,1784559342.529,130.503,4.056519e-01,3.780346e-03,3.947754e-01,4.169922e-01,2000,0,8.113037e-03
2026-07-20T17:55:42.631,1784559342.631,130.603,4.050864e-01,3.836150e-03,3.913574e-01,4.157715e-01,2000,0,8.101729e-03
2026-07-20T17:55:42.728,1784559342.729,130.703,4.045282e-01,3.947745e-03,3.918457e-01,4.174805e-01,2000,0,8.090564e-03
2026-07-20T17:55:42.828,1784559342.829,130.803,4.028125e-01,3.710870e-03,3.906250e-01,4.145508e-01,2000,0,8.056250e-03
2026-07-20T17:55:42.928,1784559342.929,130.903,4.024277e-01,3.704287e-03,3.901367e-01,4.133301e-01,2000,0,8.048555e-03
2026-07-20T17:55:43.029,1784559343.030,131.003,4.017064e-01,3.726803e-03,3.876953e-01,4.160156e-01,2000,0,8.034128e-03
2026-07-20T17:55:43.128,1784559343.129,131.103,4.004298e-01,3.698056e-03,3.879395e-01,4.113770e-01,2000,0,8.008596e-03
2026-07-20T17:55:43.228,1784559343.229,131.203,3.995466e-01,3.677597e-03,3.867188e-01,4.118652e-01,2000,0,7.990933e-03
2026-07-20T17:55:43.328,1784559343.328,131.303,3.985583e-01,3.563976e-03,3.859863e-01,4.108887e-01,2000,0,7.971167e-03
2026-07-20T17:55:43.428,1784559343.429,131.403,3.976852e-01,3.637211e-03,3.840332e-01,4.077148e-01,2000,0,7.953704e-03
2026-07-20T17:55:43.528,1784559343.529,131.503,3.978889e-01,3.539593e-03,3.867188e-01,4.118652e-01,2000,0,7.957778e-03
2026-07-20T17:55:43.628,1784559343.629,131.603,3.973221e-01,3.666276e-03,3.842773e-01,4.121094e-01,2000,0,7.946443e-03
2026-07-20T17:55:43.728,1784559343.729,131.703,3.964557e-01,3.401149e-03,3.852539e-01,4.084473e-01,2000,0,7.929114e-03
2026-07-20T17:55:43.829,1784559343.829,131.803,3.960870e-01,3.763677e-03,3.862305e-01,4.108887e-01,2000,0,7.921741e-03
2026-07-20T17:55:43.928,1784559343.929,131.903,3.965442e-01,3.765144e-03,3.837891e-01,4.101562e-01,2000,0,7.930884e-03
2026-07-20T17:55:44.030,1784559344.031,132.003,3.951793e-01,3.663835e-03,3.840332e-01,4.091797e-01,2000,0,7.903586e-03
2026-07-20T17:55:44.129,1784559344.130,132.103,3.945430e-01,3.779985e-03,3.835449e-01,4.089355e-01,2000,0,7.890859e-03
2026-07-20T17:55:44.229,1784559344.230,132.203,3.951367e-01,3.593528e-03,3.847656e-01,4.089355e-01,2000,0,7.902734e-03
2026-07-20T17:55:44.329,1784559344.330,132.303,3.950248e-01,3.374877e-03,3.840332e-01,4.055176e-01,2000,0,7.900496e-03
2026-07-20T17:55:44.429,1784559344.430,132.403,3.949363e-01,3.659575e-03,3.845215e-01,4.101562e-01,2000,0,7.898726e-03
2026-07-20T17:55:44.529,1784559344.530,132.503,3.956266e-01,3.456076e-03,3.845215e-01,4.113770e-01,2000,0,7.912532e-03
2026-07-20T17:55:44.628,1784559344.629,132.603,3.954395e-01,3.811719e-03,3.837891e-01,4.091797e-01,2000,0,7.908789e-03
2026-07-20T17:55:44.731,1784559344.731,132.703,3.953763e-01,3.665335e-03,3.840332e-01,4.091797e-01,2000,0,7.907527e-03
2026-07-20T17:55:44.828,1784559344.829,132.803,3.953464e-01,3.300246e-03,3.833008e-01,4.062500e-01,2000,0,7.906929e-03
2026-07-20T17:55:44.928,1784559344.929,132.903,3.953660e-01,3.588887e-03,3.840332e-01,4.069824e-01,2000,0,7.907319e-03
2026-07-20T17:55:45.030,1784559345.031,133.003,3.960492e-01,3.553871e-03,3.837891e-01,4.101562e-01,2000,0,7.920984e-03
2026-07-20T17:55:45.128,1784559345.129,133.103,3.961085e-01,3.339675e-03,3.830566e-01,4.072266e-01,2000,0,7.922170e-03
2026-07-20T17:55:45.228,1784559345.229,133.203,3.960546e-01,3.579131e-03,3.845215e-01,4.079590e-01,2000,0,7.921091e-03
2026-07-20T17:55:45.328,1784559345.329,133.303,3.960630e-01,3.635933e-03,3.859863e-01,4.094238e-01,2000,0,7.921260e-03
2026-07-20T17:55:45.428,1784559345.429,133.403,3.965601e-01,3.426093e-03,3.862305e-01,4.094238e-01,2000,0,7.931201e-03
2026-07-20T17:55:45.528,1784559345.529,133.503,3.964817e-01,3.700119e-03,3.859863e-01,4.084473e-01,2000,0,7.929634e-03
2026-07-20T17:55:45.631,1784559345.631,133.603,3.961985e-01,3.560980e-03,3.833008e-01,4.067383e-01,2000,0,7.923970e-03
2026-07-20T17:55:45.728,1784559345.729,133.703,3.973785e-01,3.370764e-03,3.862305e-01,4.082031e-01,2000,0,7.947571e-03
2026-07-20T17:55:45.831,1784559345.831,133.803,3.979038e-01,3.698585e-03,3.833008e-01,4.091797e-01,2000,0,7.958076e-03
2026-07-20T17:55:45.928,1784559345.929,133.903,3.981831e-01,3.448915e-03,3.876953e-01,4.106445e-01,2000,0,7.963662e-03
2026-07-20T17:55:46.028,1784559346.029,134.003,3.986842e-01,3.442706e-03,3.879395e-01,4.096680e-01,2000,0,7.973684e-03
2026-07-20T17:55:46.128,1784559346.129,134.103,3.982930e-01,3.797093e-03,3.854980e-01,4.121094e-01,2000,0,7.965859e-03
2026-07-20T17:55:46.228,1784559346.229,134.203,3.987808e-01,3.502522e-03,3.862305e-01,4.091797e-01,2000,0,7.975615e-03
2026-07-20T17:55:46.328,1784559346.329,134.303,3.991550e-01,3.520930e-03,3.881836e-01,4.101562e-01,2000,0,7.983101e-03
2026-07-20T17:55:46.431,1784559346.431,134.403,3.984813e-01,3.779753e-03,3.845215e-01,4.086914e-01,2000,0,7.969626e-03
2026-07-20T17:55:46.528,1784559346.529,134.503,3.989028e-01,3.897292e-03,3.840332e-01,4.108887e-01,2000,0,7.978057e-03
2026-07-20T17:55:46.628,1784559346.629,134.603,3.989365e-01,3.473153e-03,3.869629e-01,4.096680e-01,2000,0,7.978730e-03
2026-07-20T17:55:46.728,1784559346.729,134.703,3.984988e-01,3.788029e-03,3.852539e-01,4.106445e-01,2000,0,7.969976e-03
2026-07-20T17:55:46.828,1784559346.829,134.803,3.986345e-01,3.874995e-03,3.835449e-01,4.096680e-01,2000,0,7.972690e-03
2026-07-20T17:55:46.929,1784559346.930,134.903,3.984633e-01,3.793056e-03,3.862305e-01,4.101562e-01,2000,0,7.969265e-03
2026-07-20T17:55:47.028,1784559347.029,135.003,3.984843e-01,3.719495e-03,3.845215e-01,4.099121e-01,2000,0,7.969685e-03
2026-07-20T17:55:47.128,1784559347.129,135.103,3.979097e-01,3.858864e-03,3.835449e-01,4.094238e-01,2000,0,7.958193e-03
2026-07-20T17:55:47.228,1784559347.229,135.203,3.985106e-01,3.767255e-03,3.842773e-01,4.111328e-01,2000,0,7.970212e-03
2026-07-20T17:55:47.328,1784559347.329,135.303,3.982086e-01,3.766700e-03,3.801270e-01,4.138184e-01,2000,0,7.964172e-03
2026-07-20T17:55:47.428,1784559347.429,135.403,3.987502e-01,3.664526e-03,3.872070e-01,4.108887e-01,2000,0,7.975005e-03
2026-07-20T17:55:47.529,1784559347.529,135.503,3.984291e-01,3.458304e-03,3.852539e-01,4.079590e-01,2000,0,7.968582e-03
2026-07-20T17:55:47.629,1784559347.629,135.603,3.976985e-01,3.527391e-03,3.862305e-01,4.096680e-01,2000,0,7.953970e-03
2026-07-20T17:55:47.728,1784559347.729,135.703,3.977628e-01,3.398132e-03,3.872070e-01,4.118652e-01,2000,0,7.955256e-03
2026-07-20T17:55:47.828,1784559347.829,135.803,3.979498e-01,3.621952e-03,3.867188e-01,4.116211e-01,2000,0,7.958997e-03
2026-07-20T17:55:47.928,1784559347.929,135.903,3.974657e-01,3.314501e-03,3.854980e-01,4.096680e-01,2000,0,7.949314e-03
2026-07-20T17:55:48.029,1784559348.029,136.003,3.974095e-01,3.300463e-03,3.859863e-01,4.079590e-01,2000,0,7.948191e-03
2026-07-20T17:55:48.128,1784559348.129,136.103,3.975975e-01,3.247359e-03,3.828125e-01,4.082031e-01,2000,0,7.951951e-03
2026-07-20T17:55:48.228,1784559348.229,136.203,3.976195e-01,3.410747e-03,3.850098e-01,4.104004e-01,2000,0,7.952390e-03
2026-07-20T17:55:48.329,1784559348.329,136.303,3.976965e-01,3.287168e-03,3.857422e-01,4.116211e-01,2000,0,7.953931e-03
2026-07-20T17:55:48.429,1784559348.429,136.403,3.979484e-01,3.124766e-03,3.879395e-01,4.079590e-01,2000,0,7.958967e-03
2026-07-20T17:55:48.529,1784559348.529,136.503,3.978983e-01,3.398706e-03,3.862305e-01,4.099121e-01,2000,0,7.957966e-03
2026-07-20T17:55:48.629,1784559348.629,136.603,3.980303e-01,3.546497e-03,3.850098e-01,4.099121e-01,2000,0,7.960605e-03
2026-07-20T17:55:48.729,1784559348.730,136.703,3.979719e-01,3.231285e-03,3.876953e-01,4.086914e-01,2000,0,7.959438e-03
2026-07-20T17:55:48.829,1784559348.829,136.803,3.983824e-01,3.240268e-03,3.867188e-01,4.096680e-01,2000,0,7.967649e-03
2026-07-20T17:55:48.929,1784559348.929,136.903,3.993127e-01,3.562603e-03,3.894043e-01,4.099121e-01,2000,0,7.986255e-03
2026-07-20T17:55:49.029,1784559349.029,137.003,3.993942e-01,3.554589e-03,3.874512e-01,4.101562e-01,2000,0,7.987883e-03
2026-07-20T17:55:49.129,1784559349.129,137.103,3.996007e-01,3.312144e-03,3.845215e-01,4.113770e-01,2000,0,7.992014e-03
2026-07-20T17:55:49.229,1784559349.229,137.203,3.997350e-01,3.312410e-03,3.884277e-01,4.096680e-01,2000,0,7.994700e-03
2026-07-20T17:55:49.329,1784559349.329,137.303,4.008970e-01,3.547646e-03,3.867188e-01,4.130859e-01,2000,0,8.017939e-03
2026-07-20T17:55:49.429,1784559349.429,137.403,4.011702e-01,3.273313e-03,3.911133e-01,4.116211e-01,2000,0,8.023403e-03
2026-07-20T17:55:49.529,1784559349.529,137.503,4.020774e-01,3.286478e-03,3.928223e-01,4.135742e-01,2000,0,8.041548e-03
2026-07-20T17:55:49.629,1784559349.629,137.603,4.024082e-01,3.403966e-03,3.913574e-01,4.152832e-01,2000,0,8.048164e-03
2026-07-20T17:55:49.729,1784559349.729,137.703,4.027213e-01,3.297913e-03,3.889160e-01,4.118652e-01,2000,0,8.054426e-03
2026-07-20T17:55:49.829,1784559349.830,137.803,4.033973e-01,3.366415e-03,3.930664e-01,4.143066e-01,2000,0,8.067947e-03
2026-07-20T17:55:49.929,1784559349.930,137.903,4.041682e-01,3.234787e-03,3.928223e-01,4.145508e-01,2000,0,8.083364e-03
2026-07-20T17:55:50.029,1784559350.030,138.003,4.047971e-01,3.335015e-03,3.935547e-01,4.155273e-01,2000,0,8.095942e-03
2026-07-20T17:55:50.129,1784559350.130,138.103,4.052667e-01,3.274287e-03,3.942871e-01,4.165039e-01,2000,0,8.105334e-03
2026-07-20T17:55:50.229,1784559350.230,138.203,4.051580e-01,3.414604e-03,3.923340e-01,4.162598e-01,2000,0,8.103159e-03
2026-07-20T17:55:50.329,1784559350.329,138.303,4.059314e-01,3.322699e-03,3.962402e-01,4.179688e-01,2000,0,8.118628e-03
2026-07-20T17:55:50.428,1784559350.429,138.403,4.055206e-01,3.347393e-03,3.952637e-01,4.155273e-01,2000,0,8.110413e-03
2026-07-20T17:55:50.529,1784559350.529,138.503,4.062120e-01,3.114725e-03,3.964844e-01,4.167480e-01,2000,0,8.124241e-03
2026-07-20T17:55:50.628,1784559350.629,138.603,4.060358e-01,3.164288e-03,3.969727e-01,4.157715e-01,2000,0,8.120715e-03
2026-07-20T17:55:50.729,1784559350.729,138.703,4.062673e-01,3.036387e-03,3.937988e-01,4.140625e-01,2000,0,8.125347e-03
2026-07-20T17:55:50.829,1784559350.830,138.803,4.053082e-01,3.204193e-03,3.935547e-01,4.172363e-01,2000,0,8.106165e-03
2026-07-20T17:55:50.929,1784559350.930,138.903,4.052560e-01,3.064917e-03,3.957520e-01,4.162598e-01,2000,0,8.105120e-03
2026-07-20T17:55:51.029,1784559351.030,139.003,4.049872e-01,3.092085e-03,3.933105e-01,4.150391e-01,2000,0,8.099744e-03
2026-07-20T17:55:51.129,1784559351.130,139.103,4.045554e-01,2.944973e-03,3.916016e-01,4.145508e-01,2000,0,8.091108e-03
2026-07-20T17:55:51.229,1784559351.230,139.203,4.046143e-01,3.028023e-03,3.945312e-01,4.147949e-01,2000,0,8.092285e-03
2026-07-20T17:55:51.329,1784559351.329,139.303,4.050797e-01,2.915532e-03,3.945312e-01,4.145508e-01,2000,0,8.101594e-03
2026-07-20T17:55:51.429,1784559351.429,139.403,4.047180e-01,2.803308e-03,3.959961e-01,4.184570e-01,2000,0,8.094360e-03
2026-07-20T17:55:51.528,1784559351.529,139.503,4.044058e-01,2.822049e-03,3.933105e-01,4.155273e-01,2000,0,8.088115e-03
2026-07-20T17:55:51.629,1784559351.629,139.603,4.044718e-01,2.629261e-03,3.942871e-01,4.128418e-01,2000,0,8.089436e-03
2026-07-20T17:55:51.729,1784559351.729,139.703,4.044767e-01,2.736522e-03,3.950195e-01,4.140625e-01,2000,0,8.089534e-03
2026-07-20T17:55:51.829,1784559351.829,139.803,4.043995e-01,2.521107e-03,3.959961e-01,4.174805e-01,2000,0,8.087991e-03
2026-07-20T17:55:51.929,1784559351.929,139.903,4.047181e-01,2.703632e-03,3.947754e-01,4.135742e-01,2000,0,8.094363e-03
2026-07-20T17:55:52.029,1784559352.029,140.003,4.044921e-01,2.697973e-03,3.945312e-01,4.130859e-01,2000,0,8.089841e-03
2026-07-20T17:55:52.129,1784559352.129,140.103,4.043236e-01,2.626929e-03,3.952637e-01,4.125977e-01,2000,0,8.086472e-03
2026-07-20T17:55:52.229,1784559352.229,140.203,4.049418e-01,2.660841e-03,3.957520e-01,4.143066e-01,2000,0,8.098835e-03
2026-07-20T17:55:52.329,1784559352.329,140.303,4.042242e-01,2.635690e-03,3.935547e-01,4.135742e-01,2000,0,8.084485e-03
2026-07-20T17:55:52.428,1784559352.429,140.403,4.037661e-01,2.483952e-03,3.940430e-01,4.143066e-01,2000,0,8.075322e-03
2026-07-20T17:55:52.529,1784559352.529,140.503,4.039906e-01,2.661970e-03,3.933105e-01,4.147949e-01,2000,0,8.079812e-03
2026-07-20T17:55:52.629,1784559352.629,140.603,4.039349e-01,2.693267e-03,3.964844e-01,4.147949e-01,2000,0,8.078699e-03
2026-07-20T17:55:52.729,1784559352.729,140.703,4.036233e-01,2.393661e-03,3.957520e-01,4.130859e-01,2000,0,8.072466e-03
2026-07-20T17:55:52.829,1784559352.829,140.803,4.040067e-01,2.651326e-03,3.908691e-01,4.118652e-01,2000,0,8.080134e-03
2026-07-20T17:55:52.929,1784559352.929,140.903,4.037786e-01,2.693490e-03,3.952637e-01,4.121094e-01,2000,0,8.075571e-03
2026-07-20T17:55:53.029,1784559353.029,141.003,4.037545e-01,2.686550e-03,3.933105e-01,4.143066e-01,2000,0,8.075090e-03
2026-07-20T17:55:53.129,1784559353.129,141.103,4.035273e-01,2.656772e-03,3.952637e-01,4.145508e-01,2000,0,8.070547e-03
2026-07-20T17:55:53.229,1784559353.229,141.203,4.037834e-01,2.510181e-03,3.952637e-01,4.118652e-01,2000,0,8.075669e-03
2026-07-20T17:55:53.329,1784559353.329,141.303,4.037753e-01,2.912710e-03,3.942871e-01,4.138184e-01,2000,0,8.075505e-03
2026-07-20T17:55:53.429,1784559353.429,141.403,4.040959e-01,2.987135e-03,3.947754e-01,4.152832e-01,2000,0,8.081919e-03
2026-07-20T17:55:53.529,1784559353.529,141.503,4.037726e-01,2.702150e-03,3.933105e-01,4.133301e-01,2000,0,8.075452e-03
2026-07-20T17:55:53.629,1784559353.629,141.603,4.033992e-01,2.890853e-03,3.911133e-01,4.130859e-01,2000,0,8.067983e-03
2026-07-20T17:55:53.729,1784559353.729,141.703,4.038254e-01,3.114379e-03,3.945312e-01,4.143066e-01,2000,0,8.076509e-03
2026-07-20T17:55:53.829,1784559353.829,141.803,4.033768e-01,2.890443e-03,3.933105e-01,4.130859e-01,2000,0,8.067537e-03
2026-07-20T17:55:53.928,1784559353.929,141.903,4.031127e-01,3.078294e-03,3.906250e-01,4.135742e-01,2000,0,8.062253e-03
2026-07-20T17:55:54.029,1784559354.030,142.004,4.024687e-01,3.002055e-03,3.908691e-01,4.165039e-01,2000,0,8.049375e-03
2026-07-20T17:55:54.129,1784559354.129,142.103,4.015995e-01,3.038331e-03,3.916016e-01,4.101562e-01,2000,0,8.031990e-03
2026-07-20T17:55:54.229,1784559354.229,142.203,4.019066e-01,3.293923e-03,3.906250e-01,4.135742e-01,2000,0,8.038132e-03
2026-07-20T17:55:54.329,1784559354.329,142.303,4.016826e-01,3.004108e-03,3.911133e-01,4.113770e-01,2000,0,8.033652e-03
2026-07-20T17:55:54.429,1784559354.429,142.403,4.009360e-01,3.094373e-03,3.881836e-01,4.123535e-01,2000,0,8.018721e-03
2026-07-20T17:55:54.529,1784559354.529,142.503,4.005668e-01,3.187320e-03,3.903809e-01,4.160156e-01,2000,0,8.011335e-03
2026-07-20T17:55:54.629,1784559354.629,142.604,4.000565e-01,3.181769e-03,3.894043e-01,4.108887e-01,2000,0,8.001130e-03
2026-07-20T17:55:54.729,1784559354.729,142.703,3.993944e-01,3.126916e-03,3.898926e-01,4.101562e-01,2000,0,7.987888e-03
2026-07-20T17:55:54.829,1784559354.829,142.803,3.983044e-01,3.206404e-03,3.876953e-01,4.084473e-01,2000,0,7.966089e-03
2026-07-20T17:55:54.929,1784559354.929,142.904,3.976992e-01,3.149730e-03,3.869629e-01,4.096680e-01,2000,0,7.953984e-03
2026-07-20T17:55:55.029,1784559355.029,143.003,3.971874e-01,3.061800e-03,3.845215e-01,4.062500e-01,2000,0,7.943748e-03
2026-07-20T17:55:55.129,1784559355.129,143.103,3.964375e-01,2.920213e-03,3.864746e-01,4.072266e-01,2000,0,7.928750e-03
2026-07-20T17:55:55.229,1784559355.229,143.203,3.954418e-01,3.209018e-03,3.854980e-01,4.072266e-01,2000,0,7.908835e-03
2026-07-20T17:55:55.331,1784559355.331,143.303,3.948153e-01,3.021853e-03,3.823242e-01,4.055176e-01,2000,0,7.896306e-03
2026-07-20T17:55:55.429,1784559355.429,143.403,3.939806e-01,3.007652e-03,3.823242e-01,4.042969e-01,2000,0,7.879612e-03
2026-07-20T17:55:55.529,1784559355.529,143.503,3.939089e-01,3.051197e-03,3.813477e-01,4.045410e-01,2000,0,7.878179e-03
2026-07-20T17:55:55.629,1784559355.629,143.603,3.931875e-01,3.070004e-03,3.796387e-01,4.045410e-01,2000,0,7.863750e-03
2026-07-20T17:55:55.729,1784559355.729,143.703,3.919478e-01,3.090509e-03,3.806152e-01,4.045410e-01,2000,0,7.838955e-03
2026-07-20T17:55:55.829,1784559355.829,143.803,3.908014e-01,3.108827e-03,3.801270e-01,4.008789e-01,2000,0,7.816028e-03
2026-07-20T17:55:55.929,1784559355.929,143.903,3.899551e-01,3.048401e-03,3.793945e-01,4.033203e-01,2000,0,7.799102e-03
2026-07-20T17:55:56.031,1784559356.031,144.003,3.889951e-01,3.274016e-03,3.769531e-01,3.989258e-01,2000,0,7.779902e-03
2026-07-20T17:55:56.129,1784559356.130,144.103,3.882505e-01,3.069508e-03,3.786621e-01,3.994141e-01,2000,0,7.765010e-03
2026-07-20T17:55:56.229,1784559356.230,144.203,3.881849e-01,3.216913e-03,3.774414e-01,3.994141e-01,2000,0,7.763699e-03
2026-07-20T17:55:56.329,1784559356.330,144.303,3.870204e-01,3.299631e-03,3.759766e-01,3.969727e-01,2000,0,7.740408e-03
2026-07-20T17:55:56.429,1784559356.430,144.403,3.865590e-01,3.263203e-03,3.769531e-01,3.967285e-01,2000,0,7.731179e-03
2026-07-20T17:55:56.529,1784559356.530,144.503,3.855867e-01,3.194263e-03,3.708496e-01,3.972168e-01,2000,0,7.711733e-03
2026-07-20T17:55:56.629,1784559356.629,144.603,3.847644e-01,3.245537e-03,3.718262e-01,3.947754e-01,2000,0,7.695288e-03
2026-07-20T17:55:56.729,1784559356.729,144.703,3.841499e-01,3.157990e-03,3.735352e-01,4.008789e-01,2000,0,7.682998e-03
2026-07-20T17:55:56.829,1784559356.829,144.803,3.836724e-01,3.354163e-03,3.725586e-01,3.937988e-01,2000,0,7.673447e-03
2026-07-20T17:55:56.929,1784559356.929,144.903,3.827207e-01,3.147953e-03,3.686523e-01,3.923340e-01,2000,0,7.654414e-03
2026-07-20T17:55:57.029,1784559357.029,145.003,3.814458e-01,3.209520e-03,3.706055e-01,3.928223e-01,2000,0,7.628916e-03
2026-07-20T17:55:57.129,1784559357.129,145.103,3.805623e-01,3.068411e-03,3.696289e-01,3.933105e-01,2000,0,7.611245e-03
2026-07-20T17:55:57.228,1784559357.229,145.203,3.792483e-01,3.098184e-03,3.666992e-01,3.894043e-01,2000,0,7.584966e-03
2026-07-20T17:55:57.329,1784559357.329,145.304,3.778466e-01,3.331268e-03,3.620605e-01,3.864746e-01,2000,0,7.556931e-03
2026-07-20T17:55:57.429,1784559357.429,145.403,3.773779e-01,3.287990e-03,3.654785e-01,3.894043e-01,2000,0,7.547559e-03
2026-07-20T17:55:57.529,1784559357.529,145.503,3.766591e-01,3.235989e-03,3.652344e-01,3.906250e-01,2000,0,7.533181e-03
2026-07-20T17:55:57.629,1784559357.629,145.603,3.755840e-01,3.125785e-03,3.610840e-01,3.862305e-01,2000,0,7.511680e-03
2026-07-20T17:55:57.729,1784559357.729,145.703,3.749182e-01,3.230053e-03,3.645020e-01,3.854980e-01,2000,0,7.498364e-03
2026-07-20T17:55:57.829,1784559357.829,145.803,3.741868e-01,3.238941e-03,3.618164e-01,3.874512e-01,2000,0,7.483735e-03
2026-07-20T17:55:57.929,1784559357.929,145.903,3.740825e-01,3.331329e-03,3.615723e-01,3.842773e-01,2000,0,7.481650e-03
2026-07-20T17:55:58.029,1784559358.029,146.003,3.731259e-01,3.199582e-03,3.613281e-01,3.820801e-01,2000,0,7.462517e-03
2026-07-20T17:55:58.130,1784559358.130,146.103,3.722438e-01,3.184765e-03,3.603516e-01,3.811035e-01,2000,0,7.444875e-03
2026-07-20T17:55:58.229,1784559358.230,146.203,3.713717e-01,3.237459e-03,3.583984e-01,3.835449e-01,2000,0,7.427434e-03
2026-07-20T17:55:58.329,1784559358.330,146.303,3.711332e-01,3.128616e-03,3.598633e-01,3.815918e-01,2000,0,7.422664e-03
2026-07-20T17:55:58.429,1784559358.430,146.403,3.707258e-01,3.224865e-03,3.583984e-01,3.815918e-01,2000,0,7.414517e-03
2026-07-20T17:55:58.529,1784559358.530,146.503,3.702639e-01,3.239690e-03,3.593750e-01,3.801270e-01,2000,0,7.405278e-03
2026-07-20T17:55:58.629,1784559358.629,146.603,3.693364e-01,3.104100e-03,3.581543e-01,3.798828e-01,2000,0,7.386729e-03
2026-07-20T17:55:58.729,1784559358.729,146.703,3.689424e-01,3.076130e-03,3.576660e-01,3.784180e-01,2000,0,7.378848e-03
2026-07-20T17:55:58.829,1784559358.829,146.803,3.686448e-01,3.183682e-03,3.571777e-01,3.786621e-01,2000,0,7.372896e-03
2026-07-20T17:55:58.929,1784559358.929,146.903,3.681606e-01,3.250719e-03,3.557129e-01,3.784180e-01,2000,0,7.363213e-03
2026-07-20T17:55:59.029,1784559359.029,147.003,3.677777e-01,3.099425e-03,3.549805e-01,3.793945e-01,2000,0,7.355554e-03
2026-07-20T17:55:59.130,1784559359.130,147.103,3.671909e-01,3.170284e-03,3.574219e-01,3.803711e-01,2000,0,7.343818e-03
2026-07-20T17:55:59.229,1784559359.229,147.203,3.662944e-01,3.119483e-03,3.522949e-01,3.757324e-01,2000,0,7.325889e-03
2026-07-20T17:55:59.329,1784559359.329,147.303,3.669692e-01,3.068623e-03,3.559570e-01,3.771973e-01,2000,0,7.339385e-03
2026-07-20T17:55:59.429,1784559359.429,147.403,3.668011e-01,3.029491e-03,3.552246e-01,3.786621e-01,2000,0,7.336023e-03
2026-07-20T17:55:59.529,1784559359.529,147.503,3.659612e-01,3.228168e-03,3.549805e-01,3.774414e-01,2000,0,7.319224e-03
2026-07-20T17:55:59.629,1784559359.629,147.603,3.658789e-01,2.866666e-03,3.574219e-01,3.808594e-01,2000,0,7.317578e-03
2026-07-20T17:55:59.729,1784559359.729,147.703,3.654691e-01,2.982036e-03,3.562012e-01,3.759766e-01,2000,0,7.309382e-03
2026-07-20T17:55:59.829,1784559359.829,147.803,3.647452e-01,3.110188e-03,3.542480e-01,3.750000e-01,2000,0,7.294905e-03
2026-07-20T17:55:59.929,1784559359.929,147.903,3.645437e-01,3.037837e-03,3.500977e-01,3.769531e-01,2000,0,7.290874e-03
2026-07-20T17:56:00.029,1784559360.029,148.003,3.641676e-01,2.954232e-03,3.520508e-01,3.742676e-01,2000,0,7.283352e-03
2026-07-20T17:56:00.129,1784559360.129,148.103,3.625916e-01,3.264429e-03,3.518066e-01,3.754883e-01,2000,0,7.251831e-03
2026-07-20T17:56:00.229,1784559360.229,148.203,3.627069e-01,2.895072e-03,3.532715e-01,3.723145e-01,2000,0,7.254138e-03
2026-07-20T17:56:00.329,1784559360.329,148.303,3.619222e-01,2.981362e-03,3.488770e-01,3.723145e-01,2000,0,7.238445e-03
2026-07-20T17:56:00.429,1784559360.429,148.403,3.614803e-01,2.925572e-03,3.518066e-01,3.710938e-01,2000,0,7.229607e-03
2026-07-20T17:56:00.529,1784559360.529,148.503,3.607167e-01,2.991046e-03,3.510742e-01,3.750000e-01,2000,0,7.214333e-03
2026-07-20T17:56:00.629,1784559360.629,148.603,3.605299e-01,2.976172e-03,3.515625e-01,3.706055e-01,2000,0,7.210598e-03
2026-07-20T17:56:00.729,1784559360.729,148.703,3.591104e-01,3.054715e-03,3.476562e-01,3.698730e-01,2000,0,7.182207e-03
2026-07-20T17:56:00.829,1784559360.829,148.803,3.592455e-01,3.042702e-03,3.469238e-01,3.693848e-01,2000,0,7.184910e-03
2026-07-20T17:56:00.929,1784559360.929,148.903,3.585375e-01,3.244216e-03,3.483887e-01,3.696289e-01,2000,0,7.170750e-03
2026-07-20T17:56:01.030,1784559361.030,149.003,3.575023e-01,3.188928e-03,3.464355e-01,3.666992e-01,2000,0,7.150046e-03
2026-07-20T17:56:01.129,1784559361.129,149.103,3.574686e-01,3.246628e-03,3.479004e-01,3.706055e-01,2000,0,7.149373e-03
2026-07-20T17:56:01.229,1784559361.229,149.203,3.547194e-01,3.176012e-03,3.439941e-01,3.666992e-01,2000,0,7.094387e-03
2026-07-20T17:56:01.329,1784559361.329,149.303,3.547400e-01,3.154064e-03,3.439941e-01,3.686523e-01,2000,0,7.094800e-03
2026-07-20T17:56:01.429,1784559361.429,149.403,3.537985e-01,3.280412e-03,3.420410e-01,3.657227e-01,2000,0,7.075969e-03
2026-07-20T17:56:01.529,1784559361.529,149.503,3.522649e-01,3.140239e-03,3.400879e-01,3.625488e-01,2000,0,7.045298e-03
2026-07-20T17:56:01.628,1784559361.629,149.603,3.508892e-01,3.157565e-03,3.403320e-01,3.608398e-01,2000,0,7.017783e-03
2026-07-20T17:56:01.729,1784559361.729,149.703,3.503209e-01,3.336297e-03,3.388672e-01,3.610840e-01,2000,0,7.006418e-03
2026-07-20T17:56:01.829,1784559361.829,149.803,3.497426e-01,3.194941e-03,3.405762e-01,3.618164e-01,2000,0,6.994851e-03
2026-07-20T17:56:01.929,1784559361.929,149.903,3.483457e-01,3.201083e-03,3.386230e-01,3.583984e-01,2000,0,6.966914e-03
2026-07-20T17:56:02.030,1784559362.030,150.003,3.477091e-01,3.301226e-03,3.374023e-01,3.603516e-01,2000,0,6.954182e-03
2026-07-20T17:56:02.128,1784559362.129,150.103,3.468748e-01,3.319330e-03,3.342285e-01,3.562012e-01,2000,0,6.937495e-03
2026-07-20T17:56:02.229,1784559362.229,150.203,3.457623e-01,3.500058e-03,3.320312e-01,3.576660e-01,2000,0,6.915247e-03
2026-07-20T17:56:02.328,1784559362.329,150.303,3.460519e-01,3.345545e-03,3.322754e-01,3.605957e-01,2000,0,6.921038e-03
2026-07-20T17:56:02.429,1784559362.429,150.403,3.458965e-01,3.401657e-03,3.352051e-01,3.579102e-01,2000,0,6.917930e-03
2026-07-20T17:56:02.529,1784559362.529,150.503,3.447577e-01,3.224711e-03,3.356934e-01,3.579102e-01,2000,0,6.895154e-03
2026-07-20T17:56:02.629,1784559362.629,150.603,3.441689e-01,3.339076e-03,3.337402e-01,3.547363e-01,2000,0,6.883379e-03
2026-07-20T17:56:02.729,1784559362.729,150.703,3.438066e-01,3.340636e-03,3.330078e-01,3.557129e-01,2000,0,6.876133e-03
2026-07-20T17:56:02.829,1784559362.829,150.803,3.432019e-01,3.415509e-03,3.317871e-01,3.554688e-01,2000,0,6.864038e-03
2026-07-20T17:56:02.929,1784559362.929,150.903,3.424534e-01,3.529443e-03,3.291016e-01,3.557129e-01,2000,0,6.849067e-03
2026-07-20T17:56:03.029,1784559363.029,151.003,3.415908e-01,3.502722e-03,3.288574e-01,3.532715e-01,2000,0,6.831816e-03
2026-07-20T17:56:03.129,1784559363.129,151.103,3.410937e-01,3.590665e-03,3.276367e-01,3.515625e-01,2000,0,6.821875e-03
2026-07-20T17:56:03.230,1784559363.231,151.203,3.402714e-01,3.503548e-03,3.283691e-01,3.527832e-01,2000,0,6.805427e-03
2026-07-20T17:56:03.329,1784559363.329,151.304,3.399769e-01,3.383211e-03,3.303223e-01,3.503418e-01,2000,0,6.799539e-03
2026-07-20T17:56:03.429,1784559363.429,151.403,3.390775e-01,3.523503e-03,3.229980e-01,3.518066e-01,2000,0,6.781550e-03
2026-07-20T17:56:03.529,1784559363.530,151.504,3.381873e-01,3.178508e-03,3.271484e-01,3.503418e-01,2000,0,6.763745e-03
2026-07-20T17:56:03.629,1784559363.629,151.603,3.378827e-01,3.348471e-03,3.278809e-01,3.508301e-01,2000,0,6.757654e-03
2026-07-20T17:56:03.729,1784559363.729,151.703,3.369425e-01,3.631225e-03,3.271484e-01,3.525391e-01,2000,0,6.738850e-03
2026-07-20T17:56:03.829,1784559363.830,151.804,3.359187e-01,3.261659e-03,3.254395e-01,3.481445e-01,2000,0,6.718374e-03
2026-07-20T17:56:03.929,1784559363.929,151.903,3.357041e-01,3.575581e-03,3.249512e-01,3.476562e-01,2000,0,6.714082e-03
2026-07-20T17:56:04.030,1784559364.030,152.003,3.338635e-01,3.619124e-03,3.222656e-01,3.469238e-01,2000,0,6.677271e-03
2026-07-20T17:56:04.129,1784559364.129,152.103,3.333452e-01,3.507546e-03,3.215332e-01,3.471680e-01,2000,0,6.666904e-03
2026-07-20T17:56:04.229,1784559364.230,152.203,3.326956e-01,3.182429e-03,3.232422e-01,3.437500e-01,2000,0,6.653911e-03
2026-07-20T17:56:04.329,1784559364.329,152.303,3.316018e-01,3.484717e-03,3.190918e-01,3.513184e-01,2000,0,6.632036e-03
2026-07-20T17:56:04.429,1784559364.429,152.403,3.303717e-01,3.426733e-03,3.190918e-01,3.413086e-01,2000,0,6.607434e-03
2026-07-20T17:56:04.529,1784559364.529,152.503,3.296672e-01,3.478901e-03,3.132324e-01,3.430176e-01,2000,0,6.593345e-03
2026-07-20T17:56:04.629,1784559364.629,152.603,3.285713e-01,3.342743e-03,3.171387e-01,3.393555e-01,2000,0,6.571426e-03
2026-07-20T17:56:04.729,1784559364.729,152.703,3.276699e-01,3.534567e-03,3.168945e-01,3.391113e-01,2000,0,6.553398e-03
2026-07-20T17:56:04.829,1784559364.829,152.803,3.269629e-01,3.601330e-03,3.161621e-01,3.393555e-01,2000,0,6.539258e-03
2026-07-20T17:56:04.929,1784559364.929,152.903,3.254746e-01,3.580789e-03,3.142090e-01,3.371582e-01,2000,0,6.509492e-03
2026-07-20T17:56:05.029,1784559365.029,153.003,3.246420e-01,3.436165e-03,3.125000e-01,3.356934e-01,2000,0,6.492839e-03
2026-07-20T17:56:05.129,1784559365.129,153.103,3.247959e-01,3.608854e-03,3.134766e-01,3.398438e-01,2000,0,6.495918e-03
2026-07-20T17:56:05.229,1784559365.229,153.203,3.237484e-01,3.467116e-03,3.127441e-01,3.352051e-01,2000,0,6.474968e-03
2026-07-20T17:56:05.329,1784559365.329,153.303,3.229626e-01,3.419145e-03,3.122559e-01,3.349609e-01,2000,0,6.459253e-03
2026-07-20T17:56:05.429,1784559365.429,153.403,3.232740e-01,3.628807e-03,3.117676e-01,3.476562e-01,2000,0,6.465481e-03
2026-07-20T17:56:05.529,1784559365.529,153.503,3.220378e-01,3.544048e-03,3.085938e-01,3.320312e-01,2000,0,6.440757e-03
2026-07-20T17:56:05.629,1784559365.629,153.603,3.216337e-01,3.561251e-03,3.012695e-01,3.349609e-01,2000,0,6.432673e-03
2026-07-20T17:56:05.729,1784559365.729,153.703,3.214729e-01,3.524024e-03,3.088379e-01,3.310547e-01,2000,0,6.429458e-03
2026-07-20T17:56:05.829,1784559365.829,153.803,3.206210e-01,3.527017e-03,3.024902e-01,3.364258e-01,2000,0,6.412419e-03
2026-07-20T17:56:05.929,1784559365.930,153.904,3.200012e-01,3.473988e-03,3.081055e-01,3.308105e-01,2000,0,6.400024e-03
2026-07-20T17:56:06.029,1784559366.029,154.003,3.194185e-01,3.563356e-03,3.049316e-01,3.317871e-01,2000,0,6.388369e-03
2026-07-20T17:56:06.129,1784559366.129,154.103,3.188136e-01,3.488461e-03,3.068848e-01,3.295898e-01,2000,0,6.376272e-03
2026-07-20T17:56:06.229,1784559366.229,154.203,3.178384e-01,3.558948e-03,3.046875e-01,3.295898e-01,2000,0,6.356768e-03
2026-07-20T17:56:06.329,1784559366.329,154.303,3.184780e-01,3.554882e-03,3.056641e-01,3.315430e-01,2000,0,6.369561e-03
2026-07-20T17:56:06.429,1784559366.429,154.403,3.173451e-01,3.468160e-03,3.041992e-01,3.283691e-01,2000,0,6.346902e-03
2026-07-20T17:56:06.529,1784559366.529,154.504,3.165045e-01,3.553949e-03,3.044434e-01,3.330078e-01,2000,0,6.330090e-03
2026-07-20T17:56:06.629,1784559366.629,154.603,3.162520e-01,3.600719e-03,3.024902e-01,3.286133e-01,2000,0,6.325039e-03
2026-07-20T17:56:06.729,1784559366.729,154.703,3.161281e-01,3.518057e-03,3.051758e-01,3.293457e-01,2000,0,6.322561e-03
2026-07-20T17:56:06.829,1784559366.829,154.804,3.156738e-01,3.657451e-03,3.032227e-01,3.276367e-01,2000,0,6.313477e-03
2026-07-20T17:56:06.929,1784559366.929,154.903,3.158971e-01,3.535188e-03,3.010254e-01,3.293457e-01,2000,0,6.317942e-03
2026-07-20T17:56:07.029,1784559367.029,155.003,3.156676e-01,3.421619e-03,3.032227e-01,3.281250e-01,2000,0,6.313352e-03
2026-07-20T17:56:07.130,1784559367.130,155.103,3.158347e-01,3.515207e-03,3.034668e-01,3.288574e-01,2000,0,6.316694e-03
2026-07-20T17:56:07.229,1784559367.229,155.203,3.165345e-01,3.447360e-03,3.044434e-01,3.283691e-01,2000,0,6.330691e-03
2026-07-20T17:56:07.329,1784559367.329,155.303,3.166575e-01,3.486608e-03,3.032227e-01,3.286133e-01,2000,0,6.333149e-03
2026-07-20T17:56:07.429,1784559367.429,155.403,3.176785e-01,3.476930e-03,3.041992e-01,3.291016e-01,2000,0,6.353569e-03
2026-07-20T17:56:07.529,1784559367.529,155.503,3.177251e-01,3.408315e-03,3.051758e-01,3.286133e-01,2000,0,6.354502e-03
2026-07-20T17:56:07.629,1784559367.629,155.603,3.174761e-01,3.137934e-03,3.061523e-01,3.352051e-01,2000,0,6.349521e-03
2026-07-20T17:56:07.729,1784559367.729,155.703,3.181744e-01,3.384151e-03,3.076172e-01,3.295898e-01,2000,0,6.363489e-03
2026-07-20T17:56:07.829,1784559367.829,155.803,3.187139e-01,3.345606e-03,3.073730e-01,3.298340e-01,2000,0,6.374277e-03
2026-07-20T17:56:07.929,1784559367.929,155.903,3.185721e-01,3.311081e-03,3.071289e-01,3.330078e-01,2000,0,6.371443e-03
2026-07-20T17:56:08.029,1784559368.029,156.003,3.188920e-01,3.310051e-03,3.085938e-01,3.295898e-01,2000,0,6.377839e-03
2026-07-20T17:56:08.130,1784559368.130,156.103,3.197452e-01,3.240546e-03,3.093262e-01,3.339844e-01,2000,0,6.394905e-03
2026-07-20T17:56:08.229,1784559368.230,156.203,3.201249e-01,3.005518e-03,3.093262e-01,3.320312e-01,2000,0,6.402498e-03
2026-07-20T17:56:08.330,1784559368.330,156.303,3.208456e-01,3.256994e-03,3.095703e-01,3.308105e-01,2000,0,6.416912e-03
2026-07-20T17:56:08.429,1784559368.430,156.403,3.213380e-01,3.067152e-03,3.071289e-01,3.305664e-01,2000,0,6.426760e-03
2026-07-20T17:56:08.530,1784559368.530,156.503,3.218860e-01,3.377083e-03,3.105469e-01,3.322754e-01,2000,0,6.437720e-03
2026-07-20T17:56:08.629,1784559368.630,156.603,3.218596e-01,3.287392e-03,3.107910e-01,3.342285e-01,2000,0,6.437192e-03
2026-07-20T17:56:08.729,1784559368.729,156.703,3.229822e-01,3.286824e-03,3.110352e-01,3.369141e-01,2000,0,6.459644e-03
2026-07-20T17:56:08.829,1784559368.829,156.803,3.234260e-01,3.356263e-03,3.132324e-01,3.347168e-01,2000,0,6.468521e-03
2026-07-20T17:56:08.929,1784559368.930,156.903,3.241555e-01,3.356422e-03,3.117676e-01,3.369141e-01,2000,0,6.483110e-03
2026-07-20T17:56:09.029,1784559369.030,157.003,3.248760e-01,3.412996e-03,3.142090e-01,3.354492e-01,2000,0,6.497520e-03
2026-07-20T17:56:09.129,1784559369.129,157.103,3.247487e-01,3.470761e-03,3.129883e-01,3.359375e-01,2000,0,6.494973e-03
2026-07-20T17:56:09.229,1784559369.230,157.203,3.265939e-01,3.294956e-03,3.151855e-01,3.386230e-01,2000,0,6.531877e-03
2026-07-20T17:56:09.329,1784559369.330,157.303,3.279084e-01,3.497456e-03,3.181152e-01,3.403320e-01,2000,0,6.558169e-03
2026-07-20T17:56:09.429,1784559369.430,157.403,3.286442e-01,3.368942e-03,3.112793e-01,3.405762e-01,2000,0,6.572883e-03
2026-07-20T17:56:09.529,1784559369.530,157.503,3.303583e-01,3.269094e-03,3.176270e-01,3.408203e-01,2000,0,6.607166e-03
2026-07-20T17:56:09.629,1784559369.630,157.603,3.312601e-01,3.481760e-03,3.178711e-01,3.427734e-01,2000,0,6.625203e-03
2026-07-20T17:56:09.729,1784559369.729,157.703,3.317648e-01,3.441007e-03,3.190918e-01,3.442383e-01,2000,0,6.635295e-03
2026-07-20T17:56:09.829,1784559369.829,157.803,3.337809e-01,3.472876e-03,3.217773e-01,3.447266e-01,2000,0,6.675618e-03
2026-07-20T17:56:09.929,1784559369.929,157.903,3.348630e-01,3.540201e-03,3.232422e-01,3.474121e-01,2000,0,6.697261e-03
2026-07-20T17:56:10.029,1784559370.029,158.003,3.351050e-01,3.295762e-03,3.242188e-01,3.459473e-01,2000,0,6.702100e-03
2026-07-20T17:56:10.129,1784559370.130,158.104,3.365557e-01,3.659944e-03,3.212891e-01,3.486328e-01,2000,0,6.731113e-03
2026-07-20T17:56:10.229,1784559370.229,158.203,3.379067e-01,3.403951e-03,3.266602e-01,3.479004e-01,2000,0,6.758135e-03
2026-07-20T17:56:10.329,1784559370.329,158.303,3.379048e-01,3.246131e-03,3.278809e-01,3.564453e-01,2000,0,6.758096e-03
2026-07-20T17:56:10.429,1784559370.429,158.403,3.390635e-01,3.301442e-03,3.269043e-01,3.505859e-01,2000,0,6.781270e-03
2026-07-20T17:56:10.529,1784559370.529,158.503,3.392645e-01,3.286343e-03,3.217773e-01,3.518066e-01,2000,0,6.785291e-03
2026-07-20T17:56:10.629,1784559370.629,158.603,3.398674e-01,3.115043e-03,3.293457e-01,3.508301e-01,2000,0,6.797349e-03
2026-07-20T17:56:10.729,1784559370.729,158.703,3.400497e-01,3.271047e-03,3.291016e-01,3.510742e-01,2000,0,6.800994e-03
2026-07-20T17:56:10.829,1784559370.829,158.803,3.400205e-01,3.070808e-03,3.308105e-01,3.493652e-01,2000,0,6.800410e-03
2026-07-20T17:56:10.929,1784559370.929,158.903,3.395759e-01,2.963394e-03,3.298340e-01,3.486328e-01,2000,0,6.791519e-03
2026-07-20T17:56:11.029,1784559371.029,159.003,3.389727e-01,2.721575e-03,3.303223e-01,3.476562e-01,2000,0,6.779453e-03
2026-07-20T17:56:11.129,1784559371.129,159.103,3.390374e-01,2.951106e-03,3.298340e-01,3.508301e-01,2000,0,6.780747e-03
2026-07-20T17:56:11.229,1784559371.229,159.203,3.377903e-01,2.833316e-03,3.256836e-01,3.530273e-01,2000,0,6.755806e-03
2026-07-20T17:56:11.329,1784559371.329,159.303,3.374679e-01,2.654567e-03,3.264160e-01,3.452148e-01,2000,0,6.749358e-03
2026-07-20T17:56:11.429,1784559371.429,159.403,3.363479e-01,2.508077e-03,3.283691e-01,3.454590e-01,2000,0,6.726958e-03
2026-07-20T17:56:11.529,1784559371.530,159.503,3.352136e-01,2.607678e-03,3.256836e-01,3.510742e-01,2000,0,6.704272e-03
2026-07-20T17:56:11.629,1784559371.630,159.603,3.336309e-01,2.583953e-03,3.173828e-01,3.466797e-01,2000,0,6.672617e-03
2026-07-20T17:56:11.729,1784559371.730,159.703,3.323579e-01,2.403239e-03,3.208008e-01,3.408203e-01,2000,0,6.647158e-03
2026-07-20T17:56:11.829,1784559371.830,159.803,3.313296e-01,2.449865e-03,3.227539e-01,3.395996e-01,2000,0,6.626592e-03
2026-07-20T17:56:11.929,1784559371.930,159.903,3.300367e-01,2.438533e-03,3.198242e-01,3.410645e-01,2000,0,6.600735e-03
2026-07-20T17:56:12.029,1784559372.030,160.003,3.283684e-01,2.449875e-03,3.188477e-01,3.376465e-01,2000,0,6.567368e-03
2026-07-20T17:56:12.129,1784559372.129,160.103,3.272177e-01,2.281522e-03,3.198242e-01,3.354492e-01,2000,0,6.544353e-03
2026-07-20T17:56:12.229,1784559372.230,160.203,3.262245e-01,2.547921e-03,3.151855e-01,3.352051e-01,2000,0,6.524490e-03
2026-07-20T17:56:12.329,1784559372.330,160.303,3.240773e-01,2.653716e-03,3.139648e-01,3.432617e-01,2000,0,6.481545e-03
2026-07-20T17:56:12.429,1784559372.430,160.403,3.228947e-01,2.549478e-03,3.159180e-01,3.315430e-01,2000,0,6.457893e-03
2026-07-20T17:56:12.529,1784559372.530,160.503,3.214010e-01,2.582879e-03,3.076172e-01,3.317871e-01,2000,0,6.428020e-03
2026-07-20T17:56:12.629,1784559372.630,160.603,3.203549e-01,2.675645e-03,3.115234e-01,3.293457e-01,2000,0,6.407097e-03
2026-07-20T17:56:12.729,1784559372.730,160.703,3.186244e-01,2.785613e-03,3.095703e-01,3.281250e-01,2000,0,6.372488e-03
2026-07-20T17:56:12.829,1784559372.830,160.803,3.173394e-01,2.816555e-03,3.085938e-01,3.271484e-01,2000,0,6.346787e-03
2026-07-20T17:56:12.929,1784559372.930,160.903,3.161115e-01,2.960334e-03,3.059082e-01,3.271484e-01,2000,0,6.322229e-03
2026-07-20T17:56:13.029,1784559373.030,161.003,3.151357e-01,2.790351e-03,3.051758e-01,3.261719e-01,2000,0,6.302715e-03
2026-07-20T17:56:13.129,1784559373.130,161.103,3.133551e-01,2.984753e-03,3.017578e-01,3.239746e-01,2000,0,6.267102e-03
2026-07-20T17:56:13.229,1784559373.230,161.203,3.123978e-01,3.009892e-03,3.017578e-01,3.266602e-01,2000,0,6.247957e-03
2026-07-20T17:56:13.329,1784559373.330,161.303,3.109142e-01,3.150086e-03,3.007812e-01,3.205566e-01,2000,0,6.218284e-03
2026-07-20T17:56:13.429,1784559373.430,161.403,3.099233e-01,3.264837e-03,2.912598e-01,3.208008e-01,2000,0,6.198467e-03
2026-07-20T17:56:13.529,1784559373.530,161.503,3.093048e-01,3.201500e-03,2.983398e-01,3.186035e-01,2000,0,6.186096e-03
2026-07-20T17:56:13.629,1784559373.630,161.603,3.084404e-01,3.174942e-03,2.978516e-01,3.181152e-01,2000,0,6.168809e-03
2026-07-20T17:56:13.729,1784559373.730,161.703,3.079669e-01,3.379743e-03,2.958984e-01,3.225098e-01,2000,0,6.159338e-03
2026-07-20T17:56:13.829,1784559373.830,161.803,3.072844e-01,3.250595e-03,2.961426e-01,3.200684e-01,2000,0,6.145688e-03
2026-07-20T17:56:13.929,1784559373.930,161.903,3.067675e-01,3.223901e-03,2.966309e-01,3.176270e-01,2000,0,6.135349e-03
2026-07-20T17:56:14.029,1784559374.030,162.003,3.059469e-01,3.384738e-03,2.944336e-01,3.161621e-01,2000,0,6.118938e-03
2026-07-20T17:56:14.130,1784559374.130,162.103,3.059293e-01,3.272113e-03,2.958984e-01,3.173828e-01,2000,0,6.118586e-03
2026-07-20T17:56:14.230,1784559374.230,162.203,3.057251e-01,3.217228e-03,2.939453e-01,3.188477e-01,2000,0,6.114502e-03
2026-07-20T17:56:14.330,1784559374.330,162.303,3.052476e-01,3.240957e-03,2.939453e-01,3.144531e-01,2000,0,6.104951e-03
2026-07-20T17:56:14.430,1784559374.430,162.403,3.052474e-01,3.188231e-03,2.951660e-01,3.168945e-01,2000,0,6.104949e-03
2026-07-20T17:56:14.530,1784559374.530,162.503,3.053602e-01,3.268620e-03,2.944336e-01,3.193359e-01,2000,0,6.107205e-03
2026-07-20T17:56:14.629,1784559374.630,162.603,3.061302e-01,3.108231e-03,2.963867e-01,3.156738e-01,2000,0,6.122605e-03
2026-07-20T17:56:14.729,1784559374.730,162.703,3.058612e-01,3.195328e-03,2.951660e-01,3.156738e-01,2000,0,6.117224e-03
2026-07-20T17:56:14.829,1784559374.830,162.803,3.065802e-01,3.257281e-03,2.946777e-01,3.181152e-01,2000,0,6.131604e-03
2026-07-20T17:56:14.929,1784559374.930,162.903,3.069536e-01,2.919380e-03,2.983398e-01,3.178711e-01,2000,0,6.139072e-03
2026-07-20T17:56:15.029,1784559375.030,163.003,3.076615e-01,3.153193e-03,2.990723e-01,3.178711e-01,2000,0,6.153230e-03
2026-07-20T17:56:15.129,1784559375.130,163.103,3.076189e-01,3.069809e-03,2.978516e-01,3.166504e-01,2000,0,6.152378e-03
2026-07-20T17:56:15.229,1784559375.230,163.203,3.086476e-01,3.353659e-03,2.985840e-01,3.273926e-01,2000,0,6.172952e-03
2026-07-20T17:56:15.329,1784559375.329,163.303,3.085743e-01,3.230011e-03,2.985840e-01,3.195801e-01,2000,0,6.171487e-03
2026-07-20T17:56:15.429,1784559375.430,163.403,3.087527e-01,3.080772e-03,2.966309e-01,3.215332e-01,2000,0,6.175054e-03
2026-07-20T17:56:15.529,1784559375.530,163.503,3.088645e-01,3.318814e-03,2.985840e-01,3.190918e-01,2000,0,6.177290e-03
2026-07-20T17:56:15.629,1784559375.630,163.603,3.091968e-01,3.156410e-03,2.993164e-01,3.195801e-01,2000,0,6.183936e-03
2026-07-20T17:56:15.729,1784559375.730,163.703,3.088757e-01,3.270382e-03,2.968750e-01,3.193359e-01,2000,0,6.177515e-03
2026-07-20T17:56:15.829,1784559375.830,163.803,3.080825e-01,3.382182e-03,2.963867e-01,3.203125e-01,2000,0,6.161650e-03
2026-07-20T17:56:15.929,1784559375.930,163.903,3.081935e-01,3.441764e-03,2.939453e-01,3.220215e-01,2000,0,6.163870e-03
2026-07-20T17:56:16.029,1784559376.030,164.003,3.080507e-01,3.402572e-03,2.941895e-01,3.195801e-01,2000,0,6.161013e-03
2026-07-20T17:56:16.129,1784559376.130,164.103,3.073995e-01,3.167076e-03,2.976074e-01,3.183594e-01,2000,0,6.147991e-03
2026-07-20T17:56:16.230,1784559376.230,164.203,3.062539e-01,3.387252e-03,2.929688e-01,3.181152e-01,2000,0,6.125078e-03
2026-07-20T17:56:16.330,1784559376.330,164.303,3.054683e-01,3.388895e-03,2.946777e-01,3.159180e-01,2000,0,6.109365e-03
2026-07-20T17:56:16.430,1784559376.430,164.403,3.049492e-01,3.463295e-03,2.915039e-01,3.154297e-01,2000,0,6.098984e-03
2026-07-20T17:56:16.530,1784559376.530,164.503,3.033553e-01,3.356637e-03,2.907715e-01,3.149414e-01,2000,0,6.067107e-03
2026-07-20T17:56:16.630,1784559376.630,164.603,3.023829e-01,3.385372e-03,2.912598e-01,3.122559e-01,2000,0,6.047659e-03
2026-07-20T17:56:16.729,1784559376.730,164.703,3.023683e-01,3.419189e-03,2.905273e-01,3.193359e-01,2000,0,6.047366e-03
2026-07-20T17:56:16.829,1784559376.830,164.803,3.011108e-01,3.427960e-03,2.890625e-01,3.134766e-01,2000,0,6.022217e-03
2026-07-20T17:56:16.929,1784559376.930,164.903,3.003379e-01,3.452205e-03,2.895508e-01,3.139648e-01,2000,0,6.006758e-03
2026-07-20T17:56:17.029,1784559377.030,165.003,3.000848e-01,3.508274e-03,2.873535e-01,3.137207e-01,2000,0,6.001697e-03
2026-07-20T17:56:17.129,1784559377.130,165.103,2.994492e-01,3.407359e-03,2.890625e-01,3.107910e-01,2000,0,5.988984e-03
2026-07-20T17:56:17.229,1784559377.230,165.203,2.992319e-01,3.353068e-03,2.883301e-01,3.112793e-01,2000,0,5.984639e-03
2026-07-20T17:56:17.329,1784559377.330,165.303,2.986298e-01,3.353139e-03,2.875977e-01,3.117676e-01,2000,0,5.972595e-03
2026-07-20T17:56:17.429,1784559377.430,165.403,2.995494e-01,3.169726e-03,2.895508e-01,3.120117e-01,2000,0,5.990989e-03
2026-07-20T17:56:17.529,1784559377.530,165.503,2.995159e-01,3.261197e-03,2.890625e-01,3.110352e-01,2000,0,5.990317e-03
2026-07-20T17:56:17.629,1784559377.630,165.603,3.000905e-01,3.181270e-03,2.895508e-01,3.132324e-01,2000,0,6.001809e-03
2026-07-20T17:56:17.729,1784559377.730,165.703,3.007367e-01,3.334680e-03,2.900391e-01,3.139648e-01,2000,0,6.014734e-03
2026-07-20T17:56:17.829,1784559377.830,165.803,3.014784e-01,3.228298e-03,2.907715e-01,3.125000e-01,2000,0,6.029568e-03
2026-07-20T17:56:17.929,1784559377.930,165.903,3.018317e-01,3.244389e-03,2.895508e-01,3.171387e-01,2000,0,6.036633e-03
2026-07-20T17:56:18.029,1784559378.030,166.003,3.035017e-01,3.290736e-03,2.934570e-01,3.171387e-01,2000,0,6.070034e-03
2026-07-20T17:56:18.129,1784559378.130,166.103,3.048721e-01,3.211516e-03,2.951660e-01,3.164062e-01,2000,0,6.097441e-03
2026-07-20T17:56:18.229,1784559378.230,166.203,3.066599e-01,3.401885e-03,2.966309e-01,3.239746e-01,2000,0,6.133198e-03
2026-07-20T17:56:18.329,1784559378.329,166.303,3.088431e-01,3.301482e-03,2.951660e-01,3.190918e-01,2000,0,6.176863e-03
2026-07-20T17:56:18.429,1784559378.429,166.403,3.098682e-01,3.395281e-03,2.978516e-01,3.225098e-01,2000,0,6.197363e-03
2026-07-20T17:56:18.529,1784559378.530,166.503,3.119462e-01,3.611049e-03,2.998047e-01,3.249512e-01,2000,0,6.238923e-03
2026-07-20T17:56:18.629,1784559378.630,166.603,3.145717e-01,3.333971e-03,3.017578e-01,3.269043e-01,2000,0,6.291433e-03
2026-07-20T17:56:18.729,1784559378.730,166.703,3.167163e-01,3.357187e-03,3.061523e-01,3.295898e-01,2000,0,6.334326e-03
2026-07-20T17:56:18.829,1784559378.830,166.803,3.177167e-01,3.473525e-03,3.073730e-01,3.298340e-01,2000,0,6.354333e-03
2026-07-20T17:56:18.929,1784559378.930,166.903,3.202551e-01,3.670456e-03,3.066406e-01,3.332520e-01,2000,0,6.405103e-03
2026-07-20T17:56:19.029,1784559379.030,167.003,3.213317e-01,3.383996e-03,3.093262e-01,3.327637e-01,2000,0,6.426633e-03
2026-07-20T17:56:19.129,1784559379.130,167.103,3.232693e-01,3.532578e-03,3.117676e-01,3.364258e-01,2000,0,6.465386e-03
2026-07-20T17:56:19.229,1784559379.230,167.203,3.252852e-01,3.466853e-03,3.127441e-01,3.371582e-01,2000,0,6.505703e-03
2026-07-20T17:56:19.329,1784559379.330,167.303,3.266218e-01,3.634895e-03,3.146973e-01,3.391113e-01,2000,0,6.532437e-03
2026-07-20T17:56:19.429,1784559379.429,167.403,3.272372e-01,3.597662e-03,3.129883e-01,3.408203e-01,2000,0,6.544744e-03
2026-07-20T17:56:19.529,1784559379.530,167.503,3.284885e-01,3.443896e-03,3.161621e-01,3.398438e-01,2000,0,6.569771e-03
2026-07-20T17:56:19.629,1784559379.630,167.603,3.298319e-01,3.553848e-03,3.178711e-01,3.417969e-01,2000,0,6.596638e-03
2026-07-20T17:56:19.729,1784559379.730,167.703,3.299148e-01,3.276668e-03,3.173828e-01,3.415527e-01,2000,0,6.598296e-03
2026-07-20T17:56:19.829,1784559379.830,167.803,3.314327e-01,3.380238e-03,3.195801e-01,3.427734e-01,2000,0,6.628655e-03
2026-07-20T17:56:19.929,1784559379.930,167.903,3.318633e-01,3.304736e-03,3.200684e-01,3.449707e-01,2000,0,6.637266e-03
2026-07-20T17:56:20.029,1784559380.030,168.004,3.323389e-01,3.022550e-03,3.210449e-01,3.449707e-01,2000,0,6.646777e-03
2026-07-20T17:56:20.129,1784559380.130,168.103,3.335857e-01,3.233166e-03,3.247070e-01,3.481445e-01,2000,0,6.671714e-03
2026-07-20T17:56:20.229,1784559380.230,168.203,3.343060e-01,3.347120e-03,3.215332e-01,3.439941e-01,2000,0,6.686121e-03
2026-07-20T17:56:20.329,1784559380.330,168.303,3.348909e-01,3.287529e-03,3.244629e-01,3.457031e-01,2000,0,6.697817e-03
2026-07-20T17:56:20.429,1784559380.430,168.403,3.361537e-01,3.318655e-03,3.247070e-01,3.481445e-01,2000,0,6.723074e-03
2026-07-20T17:56:20.529,1784559380.530,168.503,3.369296e-01,3.446134e-03,3.271484e-01,3.520508e-01,2000,0,6.738591e-03
2026-07-20T17:56:20.629,1784559380.630,168.603,3.381532e-01,3.340133e-03,3.286133e-01,3.544922e-01,2000,0,6.763064e-03
2026-07-20T17:56:20.729,1784559380.730,168.703,3.389861e-01,3.330537e-03,3.254395e-01,3.496094e-01,2000,0,6.779722e-03
2026-07-20T17:56:20.829,1784559380.830,168.803,3.402926e-01,3.222771e-03,3.295898e-01,3.515625e-01,2000,0,6.805852e-03
2026-07-20T17:56:20.929,1784559380.929,168.903,3.409521e-01,3.220921e-03,3.308105e-01,3.500977e-01,2000,0,6.819043e-03
2026-07-20T17:56:21.029,1784559381.030,169.003,3.421863e-01,3.326984e-03,3.325195e-01,3.510742e-01,2000,0,6.843726e-03
2026-07-20T17:56:21.129,1784559381.130,169.103,3.432321e-01,3.366298e-03,3.332520e-01,3.532715e-01,2000,0,6.864641e-03
2026-07-20T17:56:21.229,1784559381.230,169.203,3.451191e-01,3.285976e-03,3.332520e-01,3.601074e-01,2000,0,6.902383e-03
2026-07-20T17:56:21.329,1784559381.330,169.303,3.452423e-01,3.270845e-03,3.337402e-01,3.605957e-01,2000,0,6.904846e-03
2026-07-20T17:56:21.429,1784559381.430,169.403,3.461102e-01,3.273979e-03,3.359375e-01,3.576660e-01,2000,0,6.922205e-03
2026-07-20T17:56:21.529,1784559381.530,169.503,3.466866e-01,3.337659e-03,3.347168e-01,3.564453e-01,2000,0,6.933733e-03
2026-07-20T17:56:21.630,1784559381.630,169.603,3.482722e-01,3.259853e-03,3.376465e-01,3.601074e-01,2000,0,6.965444e-03
2026-07-20T17:56:21.730,1784559381.730,169.703,3.489430e-01,3.268489e-03,3.356934e-01,3.596191e-01,2000,0,6.978860e-03
2026-07-20T17:56:21.830,1784559381.830,169.803,3.498954e-01,3.435468e-03,3.349609e-01,3.620605e-01,2000,0,6.997908e-03
2026-07-20T17:56:21.930,1784559381.930,169.903,3.510739e-01,3.427029e-03,3.386230e-01,3.625488e-01,2000,0,7.021477e-03
2026-07-20T17:56:22.030,1784559382.030,170.003,3.514612e-01,3.277125e-03,3.391113e-01,3.610840e-01,2000,0,7.029224e-03
2026-07-20T17:56:22.129,1784559382.130,170.103,3.527786e-01,3.396624e-03,3.395996e-01,3.671875e-01,2000,0,7.055571e-03
2026-07-20T17:56:22.229,1784559382.230,170.203,3.535188e-01,3.385059e-03,3.425293e-01,3.640137e-01,2000,0,7.070376e-03
2026-07-20T17:56:22.329,1784559382.330,170.303,3.543595e-01,3.357516e-03,3.400879e-01,3.649902e-01,2000,0,7.087190e-03
2026-07-20T17:56:22.429,1784559382.430,170.403,3.554628e-01,3.403918e-03,3.452148e-01,3.679199e-01,2000,0,7.109255e-03
2026-07-20T17:56:22.529,1784559382.530,170.503,3.561837e-01,3.356435e-03,3.461914e-01,3.671875e-01,2000,0,7.123674e-03
2026-07-20T17:56:22.630,1784559382.630,170.603,3.569176e-01,3.315653e-03,3.469238e-01,3.669434e-01,2000,0,7.138352e-03
2026-07-20T17:56:22.730,1784559382.730,170.703,3.580238e-01,3.340749e-03,3.479004e-01,3.725586e-01,2000,0,7.160476e-03
2026-07-20T17:56:22.830,1784559382.830,170.803,3.586052e-01,3.304636e-03,3.461914e-01,3.684082e-01,2000,0,7.172104e-03
2026-07-20T17:56:22.930,1784559382.930,170.903,3.597360e-01,3.297232e-03,3.493652e-01,3.725586e-01,2000,0,7.194719e-03
2026-07-20T17:56:23.030,1784559383.030,171.003,3.608008e-01,3.363071e-03,3.496094e-01,3.708496e-01,2000,0,7.216016e-03
2026-07-20T17:56:23.129,1784559383.130,171.103,3.612793e-01,3.322627e-03,3.500977e-01,3.713379e-01,2000,0,7.225586e-03
2026-07-20T17:56:23.229,1784559383.230,171.203,3.618254e-01,3.264906e-03,3.498535e-01,3.710938e-01,2000,0,7.236509e-03
2026-07-20T17:56:23.329,1784559383.330,171.303,3.624569e-01,3.324401e-03,3.505859e-01,3.725586e-01,2000,0,7.249138e-03
2026-07-20T17:56:23.429,1784559383.430,171.403,3.623873e-01,3.151012e-03,3.518066e-01,3.776855e-01,2000,0,7.247747e-03
2026-07-20T17:56:23.529,1784559383.530,171.503,3.634460e-01,3.312840e-03,3.527832e-01,3.737793e-01,2000,0,7.268921e-03
2026-07-20T17:56:23.629,1784559383.630,171.603,3.638225e-01,3.421759e-03,3.503418e-01,3.728027e-01,2000,0,7.276450e-03
2026-07-20T17:56:23.729,1784559383.730,171.703,3.648330e-01,3.426671e-03,3.535156e-01,3.757324e-01,2000,0,7.296660e-03
2026-07-20T17:56:23.829,1784559383.830,171.803,3.649695e-01,3.302725e-03,3.520508e-01,3.776855e-01,2000,0,7.299390e-03
2026-07-20T17:56:23.929,1784559383.930,171.903,3.651111e-01,3.344111e-03,3.518066e-01,3.767090e-01,2000,0,7.302222e-03
2026-07-20T17:56:24.029,1784559384.030,172.003,3.656860e-01,3.230374e-03,3.532715e-01,3.781738e-01,2000,0,7.313721e-03
2026-07-20T17:56:24.129,1784559384.130,172.103,3.652628e-01,3.311801e-03,3.532715e-01,3.757324e-01,2000,0,7.305256e-03
2026-07-20T17:56:24.229,1784559384.230,172.203,3.655747e-01,3.364987e-03,3.542480e-01,3.764648e-01,2000,0,7.311494e-03
2026-07-20T17:56:24.329,1784559384.330,172.303,3.658021e-01,3.271808e-03,3.532715e-01,3.757324e-01,2000,0,7.316042e-03
2026-07-20T17:56:24.429,1784559384.430,172.403,3.655623e-01,3.326324e-03,3.562012e-01,3.757324e-01,2000,0,7.311245e-03
2026-07-20T17:56:24.529,1784559384.530,172.503,3.655398e-01,3.349997e-03,3.530273e-01,3.774414e-01,2000,0,7.310796e-03
2026-07-20T17:56:24.629,1784559384.630,172.603,3.658229e-01,3.264535e-03,3.537598e-01,3.764648e-01,2000,0,7.316458e-03
2026-07-20T17:56:24.729,1784559384.730,172.703,3.655062e-01,3.267133e-03,3.532715e-01,3.767090e-01,2000,0,7.310125e-03
2026-07-20T17:56:24.829,1784559384.830,172.803,3.656781e-01,3.304236e-03,3.540039e-01,3.784180e-01,2000,0,7.313562e-03
2026-07-20T17:56:24.929,1784559384.930,172.903,3.654449e-01,3.227153e-03,3.537598e-01,3.776855e-01,2000,0,7.308899e-03
2026-07-20T17:56:25.029,1784559385.030,173.003,3.651200e-01,3.317762e-03,3.527832e-01,3.779297e-01,2000,0,7.302400e-03
2026-07-20T17:56:25.129,1784559385.130,173.104,3.650573e-01,3.522165e-03,3.518066e-01,3.759766e-01,2000,0,7.301145e-03
2026-07-20T17:56:25.229,1784559385.230,173.203,3.660026e-01,3.217214e-03,3.549805e-01,3.784180e-01,2000,0,7.320051e-03
2026-07-20T17:56:25.329,1784559385.330,173.303,3.656038e-01,3.432020e-03,3.532715e-01,3.774414e-01,2000,0,7.312075e-03
2026-07-20T17:56:25.429,1784559385.430,173.403,3.659412e-01,3.475726e-03,3.496094e-01,3.776855e-01,2000,0,7.318823e-03
2026-07-20T17:56:25.529,1784559385.530,173.503,3.665983e-01,3.452907e-03,3.537598e-01,3.784180e-01,2000,0,7.331965e-03
2026-07-20T17:56:25.629,1784559385.630,173.603,3.662723e-01,3.479293e-03,3.532715e-01,3.786621e-01,2000,0,7.325447e-03
2026-07-20T17:56:25.729,1784559385.730,173.703,3.670574e-01,3.453420e-03,3.540039e-01,3.806152e-01,2000,0,7.341147e-03
2026-07-20T17:56:25.829,1784559385.830,173.803,3.674106e-01,3.400745e-03,3.564453e-01,3.806152e-01,2000,0,7.348213e-03
2026-07-20T17:56:25.929,1784559385.930,173.903,3.674109e-01,3.413980e-03,3.559570e-01,3.786621e-01,2000,0,7.348218e-03
2026-07-20T17:56:26.029,1784559386.030,174.003,3.680421e-01,3.348111e-03,3.569336e-01,3.835449e-01,2000,0,7.360842e-03
2026-07-20T17:56:26.129,1784559386.130,174.103,3.687449e-01,3.354410e-03,3.569336e-01,3.801270e-01,2000,0,7.374897e-03
2026-07-20T17:56:26.229,1784559386.230,174.203,3.687743e-01,3.403175e-03,3.566895e-01,3.793945e-01,2000,0,7.375486e-03
2026-07-20T17:56:26.329,1784559386.330,174.303,3.690842e-01,3.526186e-03,3.591309e-01,3.823242e-01,2000,0,7.381685e-03
2026-07-20T17:56:26.429,1784559386.430,174.403,3.702264e-01,3.370257e-03,3.598633e-01,3.815918e-01,2000,0,7.404529e-03
2026-07-20T17:56:26.529,1784559386.530,174.503,3.705649e-01,3.516942e-03,3.588867e-01,3.830566e-01,2000,0,7.411299e-03
2026-07-20T17:56:26.629,1784559386.630,174.603,3.714421e-01,3.408440e-03,3.596191e-01,3.833008e-01,2000,0,7.428843e-03
2026-07-20T17:56:26.729,1784559386.730,174.703,3.720321e-01,3.488034e-03,3.608398e-01,3.835449e-01,2000,0,7.440642e-03
2026-07-20T17:56:26.829,1784559386.830,174.803,3.718479e-01,3.483768e-03,3.591309e-01,3.852539e-01,2000,0,7.436958e-03
2026-07-20T17:56:26.930,1784559386.930,174.903,3.727452e-01,3.418379e-03,3.615723e-01,3.845215e-01,2000,0,7.454905e-03
2026-07-20T17:56:27.029,1784559387.030,175.003,3.734498e-01,3.575526e-03,3.620605e-01,3.874512e-01,2000,0,7.468997e-03
2026-07-20T17:56:27.129,1784559387.130,175.103,3.738400e-01,3.284102e-03,3.627930e-01,3.835449e-01,2000,0,7.476799e-03
2026-07-20T17:56:27.229,1784559387.230,175.204,3.737072e-01,3.071452e-03,3.610840e-01,3.852539e-01,2000,0,7.474143e-03
2026-07-20T17:56:27.329,1784559387.330,175.303,3.745676e-01,3.359792e-03,3.652344e-01,3.872070e-01,2000,0,7.491353e-03
2026-07-20T17:56:27.429,1784559387.430,175.403,3.742703e-01,3.344200e-03,3.642578e-01,3.852539e-01,2000,0,7.485405e-03
2026-07-20T17:56:27.529,1784559387.530,175.503,3.753163e-01,3.259302e-03,3.630371e-01,3.874512e-01,2000,0,7.506326e-03
2026-07-20T17:56:27.629,1784559387.630,175.603,3.756936e-01,3.256489e-03,3.659668e-01,3.937988e-01,2000,0,7.513872e-03
2026-07-20T17:56:27.729,1784559387.730,175.703,3.752852e-01,3.339749e-03,3.640137e-01,3.867188e-01,2000,0,7.505703e-03
2026-07-20T17:56:27.829,1784559387.830,175.803,3.757574e-01,3.184908e-03,3.657227e-01,3.862305e-01,2000,0,7.515149e-03
2026-07-20T17:56:27.929,1784559387.930,175.903,3.766174e-01,3.089265e-03,3.669434e-01,3.867188e-01,2000,0,7.532349e-03
2026-07-20T17:56:28.029,1784559388.030,176.003,3.763014e-01,3.254728e-03,3.637695e-01,3.859863e-01,2000,0,7.526028e-03
2026-07-20T17:56:28.130,1784559388.130,176.103,3.769832e-01,3.324339e-03,3.623047e-01,3.874512e-01,2000,0,7.539663e-03
2026-07-20T17:56:28.230,1784559388.231,176.203,3.768202e-01,3.182587e-03,3.664551e-01,3.862305e-01,2000,0,7.536404e-03
2026-07-20T17:56:28.330,1784559388.330,176.303,3.768522e-01,3.149797e-03,3.645020e-01,3.952637e-01,2000,0,7.537043e-03
2026-07-20T17:56:28.430,1784559388.430,176.403,3.768688e-01,3.214491e-03,3.671875e-01,3.881836e-01,2000,0,7.537375e-03
2026-07-20T17:56:28.530,1784559388.530,176.503,3.773772e-01,3.196498e-03,3.620605e-01,3.881836e-01,2000,0,7.547544e-03
2026-07-20T17:56:28.629,1784559388.630,176.603,3.769514e-01,3.308425e-03,3.632812e-01,3.869629e-01,2000,0,7.539028e-03
2026-07-20T17:56:28.729,1784559388.730,176.703,3.768804e-01,3.105783e-03,3.659668e-01,3.889160e-01,2000,0,7.537607e-03
2026-07-20T17:56:28.829,1784559388.830,176.803,3.771782e-01,3.360788e-03,3.662109e-01,3.879395e-01,2000,0,7.543564e-03
2026-07-20T17:56:28.929,1784559388.930,176.903,3.768408e-01,3.295468e-03,3.632812e-01,3.886719e-01,2000,0,7.536816e-03
2026-07-20T17:56:29.029,1784559389.030,177.003,3.772628e-01,3.403529e-03,3.654785e-01,3.894043e-01,2000,0,7.545256e-03
2026-07-20T17:56:29.129,1784559389.130,177.103,3.772242e-01,3.373289e-03,3.637695e-01,3.879395e-01,2000,0,7.544485e-03
2026-07-20T17:56:29.229,1784559389.230,177.203,3.768365e-01,3.322309e-03,3.620605e-01,3.896484e-01,2000,0,7.536731e-03
2026-07-20T17:56:29.329,1784559389.330,177.303,3.770281e-01,3.208492e-03,3.662109e-01,3.876953e-01,2000,0,7.540562e-03
2026-07-20T17:56:29.429,1784559389.430,177.403,3.753724e-01,3.386138e-03,3.657227e-01,3.869629e-01,2000,0,7.507449e-03
2026-07-20T17:56:29.529,1784559389.530,177.503,3.764764e-01,3.241405e-03,3.654785e-01,3.872070e-01,2000,0,7.529529e-03
2026-07-20T17:56:29.629,1784559389.630,177.603,3.763502e-01,3.252711e-03,3.657227e-01,3.872070e-01,2000,0,7.527004e-03
2026-07-20T17:56:29.729,1784559389.730,177.703,3.756504e-01,3.270793e-03,3.637695e-01,3.879395e-01,2000,0,7.513008e-03
2026-07-20T17:56:29.829,1784559389.830,177.803,3.759857e-01,3.131698e-03,3.640137e-01,3.869629e-01,2000,0,7.519714e-03
2026-07-20T17:56:29.929,1784559389.930,177.903,3.757654e-01,3.268584e-03,3.654785e-01,3.889160e-01,2000,0,7.515308e-03
2026-07-20T17:56:30.029,1784559390.030,178.003,3.752273e-01,3.171961e-03,3.664551e-01,3.854980e-01,2000,0,7.504546e-03
2026-07-20T17:56:30.129,1784559390.130,178.103,3.750729e-01,3.063293e-03,3.601074e-01,3.852539e-01,2000,0,7.501458e-03
2026-07-20T17:56:30.230,1784559390.231,178.203,3.748413e-01,2.942836e-03,3.637695e-01,3.850098e-01,2000,0,7.496826e-03
2026-07-20T17:56:30.330,1784559390.331,178.303,3.744917e-01,3.021266e-03,3.642578e-01,3.898926e-01,2000,0,7.489834e-03
2026-07-20T17:56:30.430,1784559390.431,178.403,3.745381e-01,2.963774e-03,3.652344e-01,3.828125e-01,2000,0,7.490762e-03
2026-07-20T17:56:30.530,1784559390.530,178.503,3.738875e-01,2.836287e-03,3.647461e-01,3.833008e-01,2000,0,7.477749e-03
2026-07-20T17:56:30.630,1784559390.630,178.603,3.732966e-01,2.757703e-03,3.635254e-01,3.818359e-01,2000,0,7.465933e-03
2026-07-20T17:56:30.729,1784559390.730,178.703,3.730591e-01,2.765096e-03,3.613281e-01,3.828125e-01,2000,0,7.461182e-03
2026-07-20T17:56:30.829,1784559390.830,178.803,3.723523e-01,2.589537e-03,3.623047e-01,3.815918e-01,2000,0,7.447046e-03
2026-07-20T17:56:30.929,1784559390.930,178.903,3.711014e-01,2.642618e-03,3.620605e-01,3.828125e-01,2000,0,7.422029e-03
2026-07-20T17:56:31.029,1784559391.030,179.003,3.712316e-01,2.608330e-03,3.623047e-01,3.823242e-01,2000,0,7.424631e-03
2026-07-20T17:56:31.130,1784559391.130,179.103,3.701420e-01,2.647741e-03,3.588867e-01,3.791504e-01,2000,0,7.402839e-03
2026-07-20T17:56:31.229,1784559391.230,179.203,3.695891e-01,2.524188e-03,3.591309e-01,3.859863e-01,2000,0,7.391782e-03
2026-07-20T17:56:31.329,1784559391.330,179.303,3.689904e-01,2.564147e-03,3.581543e-01,3.774414e-01,2000,0,7.379807e-03
2026-07-20T17:56:31.429,1784559391.430,179.403,3.684907e-01,2.549157e-03,3.596191e-01,3.789062e-01,2000,0,7.369814e-03
2026-07-20T17:56:31.529,1784559391.530,179.503,3.672487e-01,2.364307e-03,3.571777e-01,3.757324e-01,2000,0,7.344973e-03
2026-07-20T17:56:31.629,1784559391.630,179.603,3.667505e-01,2.455124e-03,3.547363e-01,3.771973e-01,2000,0,7.335010e-03
2026-07-20T17:56:31.729,1784559391.730,179.703,3.660490e-01,2.312313e-03,3.552246e-01,3.801270e-01,2000,0,7.320979e-03
2026-07-20T17:56:31.829,1784559391.830,179.803,3.652252e-01,2.480427e-03,3.540039e-01,3.757324e-01,2000,0,7.304504e-03
2026-07-20T17:56:31.929,1784559391.930,179.903,3.642291e-01,2.371153e-03,3.552246e-01,3.720703e-01,2000,0,7.284583e-03
2026-07-20T17:56:32.029,1784559392.029,180.003,3.637898e-01,2.489290e-03,3.513184e-01,3.723145e-01,2000,0,7.275796e-03
2026-07-20T17:56:32.129,1784559392.130,180.103,3.631379e-01,2.552810e-03,3.537598e-01,3.757324e-01,2000,0,7.262759e-03
2026-07-20T17:56:32.229,1784559392.230,180.203,3.618379e-01,2.572312e-03,3.542480e-01,3.703613e-01,2000,0,7.236758e-03
2026-07-20T17:56:32.329,1784559392.330,180.303,3.620685e-01,2.499164e-03,3.505859e-01,3.764648e-01,2000,0,7.241370e-03
2026-07-20T17:56:32.429,1784559392.430,180.403,3.610111e-01,2.771802e-03,3.491211e-01,3.713379e-01,2000,0,7.220222e-03
2026-07-20T17:56:32.529,1784559392.530,180.503,3.608396e-01,2.919661e-03,3.476562e-01,3.713379e-01,2000,0,7.216792e-03
2026-07-20T17:56:32.629,1784559392.630,180.603,3.601072e-01,2.953193e-03,3.500977e-01,3.698730e-01,2000,0,7.202144e-03
2026-07-20T17:56:32.729,1784559392.730,180.703,3.596830e-01,2.842169e-03,3.498535e-01,3.686523e-01,2000,0,7.193660e-03
2026-07-20T17:56:32.830,1784559392.830,180.804,3.594108e-01,3.182203e-03,3.483887e-01,3.713379e-01,2000,0,7.188215e-03
2026-07-20T17:56:32.930,1784559392.930,180.903,3.589941e-01,3.166989e-03,3.483887e-01,3.691406e-01,2000,0,7.179883e-03
2026-07-20T17:56:33.029,1784559393.030,181.003,3.585624e-01,3.011191e-03,3.491211e-01,3.679199e-01,2000,0,7.171248e-03
2026-07-20T17:56:33.129,1784559393.130,181.103,3.588589e-01,3.277500e-03,3.483887e-01,3.701172e-01,2000,0,7.177178e-03
2026-07-20T17:56:33.229,1784559393.230,181.203,3.586418e-01,3.263832e-03,3.447266e-01,3.686523e-01,2000,0,7.172837e-03
2026-07-20T17:56:33.329,1784559393.330,181.303,3.583556e-01,3.241482e-03,3.474121e-01,3.708496e-01,2000,0,7.167112e-03
2026-07-20T17:56:33.429,1784559393.430,181.403,3.587272e-01,3.229441e-03,3.452148e-01,3.684082e-01,2000,0,7.174543e-03
2026-07-20T17:56:33.530,1784559393.530,181.503,3.585038e-01,3.481203e-03,3.471680e-01,3.698730e-01,2000,0,7.170076e-03
2026-07-20T17:56:33.629,1784559393.630,181.603,3.591969e-01,3.384421e-03,3.471680e-01,3.686523e-01,2000,0,7.183938e-03
2026-07-20T17:56:33.729,1784559393.730,181.703,3.598777e-01,3.430419e-03,3.471680e-01,3.703613e-01,2000,0,7.197554e-03
2026-07-20T17:56:33.829,1784559393.830,181.803,3.596637e-01,3.276329e-03,3.471680e-01,3.686523e-01,2000,0,7.193274e-03
2026-07-20T17:56:33.930,1784559393.930,181.903,3.601719e-01,3.294427e-03,3.496094e-01,3.696289e-01,2000,0,7.203437e-03
2026-07-20T17:56:34.029,1784559394.030,182.003,3.602274e-01,3.410374e-03,3.476562e-01,3.742676e-01,2000,0,7.204548e-03
2026-07-20T17:56:34.130,1784559394.130,182.103,3.610068e-01,3.342910e-03,3.493652e-01,3.703613e-01,2000,0,7.220137e-03
2026-07-20T17:56:34.229,1784559394.230,182.203,3.605020e-01,3.422139e-03,3.459473e-01,3.732910e-01,2000,0,7.210039e-03
2026-07-20T17:56:34.330,1784559394.330,182.303,3.615933e-01,3.478962e-03,3.486328e-01,3.750000e-01,2000,0,7.231865e-03
2026-07-20T17:56:34.430,1784559394.430,182.403,3.616436e-01,3.379498e-03,3.500977e-01,3.737793e-01,2000,0,7.232871e-03
2026-07-20T17:56:34.530,1784559394.530,182.503,3.621124e-01,3.474357e-03,3.505859e-01,3.764648e-01,2000,0,7.242249e-03
2026-07-20T17:56:34.629,1784559394.630,182.603,3.632102e-01,3.495411e-03,3.527832e-01,3.745117e-01,2000,0,7.264204e-03
2026-07-20T17:56:34.729,1784559394.730,182.703,3.628250e-01,3.549160e-03,3.520508e-01,3.740234e-01,2000,0,7.256499e-03
2026-07-20T17:56:34.829,1784559394.830,182.803,3.629489e-01,3.439332e-03,3.513184e-01,3.737793e-01,2000,0,7.258977e-03
2026-07-20T17:56:34.930,1784559394.930,182.903,3.638721e-01,3.393859e-03,3.518066e-01,3.745117e-01,2000,0,7.277441e-03
2026-07-20T17:56:35.030,1784559395.030,183.003,3.635763e-01,3.563667e-03,3.503418e-01,3.757324e-01,2000,0,7.271526e-03
2026-07-20T17:56:35.130,1784559395.131,183.103,3.639636e-01,3.633277e-03,3.515625e-01,3.735352e-01,2000,0,7.279272e-03
2026-07-20T17:56:35.230,1784559395.231,183.203,3.647264e-01,3.474843e-03,3.530273e-01,3.759766e-01,2000,0,7.294529e-03
2026-07-20T17:56:35.330,1784559395.331,183.303,3.648057e-01,3.540279e-03,3.532715e-01,3.762207e-01,2000,0,7.296113e-03
2026-07-20T17:56:35.430,1784559395.431,183.403,3.653296e-01,3.473152e-03,3.540039e-01,3.781738e-01,2000,0,7.306592e-03
2026-07-20T17:56:35.530,1784559395.531,183.503,3.656536e-01,3.784651e-03,3.527832e-01,3.796387e-01,2000,0,7.313071e-03
2026-07-20T17:56:35.630,1784559395.630,183.603,3.662905e-01,3.910488e-03,3.530273e-01,3.781738e-01,2000,0,7.325811e-03
2026-07-20T17:56:35.730,1784559395.730,183.703,3.664583e-01,3.830580e-03,3.535156e-01,3.803711e-01,2000,0,7.329165e-03
2026-07-20T17:56:35.830,1784559395.830,183.804,3.669142e-01,3.955871e-03,3.527832e-01,3.798828e-01,2000,0,7.338284e-03
2026-07-20T17:56:35.930,1784559395.930,183.903,3.676469e-01,3.784010e-03,3.554688e-01,3.798828e-01,2000,0,7.352937e-03
2026-07-20T17:56:36.030,1784559396.030,184.003,3.683364e-01,3.768361e-03,3.569336e-01,3.808594e-01,2000,0,7.366729e-03
2026-07-20T17:56:36.130,1784559396.130,184.103,3.686630e-01,3.824723e-03,3.566895e-01,3.833008e-01,2000,0,7.373259e-03
2026-07-20T17:56:36.230,1784559396.230,184.203,3.693455e-01,4.088682e-03,3.554688e-01,3.847656e-01,2000,0,7.386909e-03
2026-07-20T17:56:36.330,1784559396.330,184.303,3.697251e-01,3.817970e-03,3.562012e-01,3.828125e-01,2000,0,7.394502e-03
2026-07-20T17:56:36.430,1784559396.430,184.403,3.701345e-01,3.998670e-03,3.569336e-01,3.840332e-01,2000,0,7.402690e-03
2026-07-20T17:56:36.529,1784559396.530,184.503,3.700695e-01,3.931197e-03,3.593750e-01,3.852539e-01,2000,0,7.401389e-03
2026-07-20T17:56:36.630,1784559396.630,184.603,3.705421e-01,3.929384e-03,3.596191e-01,3.837891e-01,2000,0,7.410842e-03
2026-07-20T17:56:36.730,1784559396.730,184.704,3.709580e-01,3.714853e-03,3.559570e-01,3.840332e-01,2000,0,7.419160e-03
2026-07-20T17:56:36.830,1784559396.830,184.803,3.715305e-01,3.883751e-03,3.603516e-01,3.854980e-01,2000,0,7.430610e-03
2026-07-20T17:56:36.930,1784559396.930,184.903,3.715511e-01,3.869729e-03,3.603516e-01,3.864746e-01,2000,0,7.431023e-03
2026-07-20T17:56:37.030,1784559397.030,185.003,3.720751e-01,4.003870e-03,3.601074e-01,3.867188e-01,2000,0,7.441501e-03
2026-07-20T17:56:37.130,1784559397.131,185.103,3.723965e-01,3.899455e-03,3.603516e-01,3.859863e-01,2000,0,7.447930e-03
2026-07-20T17:56:37.230,1784559397.231,185.203,3.727499e-01,3.911935e-03,3.576660e-01,3.876953e-01,2000,0,7.454998e-03
2026-07-20T17:56:37.330,1784559397.331,185.303,3.731505e-01,3.901221e-03,3.618164e-01,3.879395e-01,2000,0,7.463010e-03
2026-07-20T17:56:37.430,1784559397.431,185.403,3.731779e-01,3.881580e-03,3.613281e-01,3.908691e-01,2000,0,7.463557e-03
2026-07-20T17:56:37.530,1784559397.531,185.503,3.726718e-01,3.708613e-03,3.615723e-01,3.852539e-01,2000,0,7.453435e-03
2026-07-20T17:56:37.630,1784559397.630,185.603,3.730642e-01,3.847403e-03,3.618164e-01,3.859863e-01,2000,0,7.461284e-03
2026-07-20T17:56:37.730,1784559397.730,185.703,3.726658e-01,3.911962e-03,3.615723e-01,3.857422e-01,2000,0,7.453315e-03
2026-07-20T17:56:37.830,1784559397.830,185.803,3.723204e-01,3.855435e-03,3.598633e-01,3.852539e-01,2000,0,7.446409e-03
2026-07-20T17:56:37.930,1784559397.930,185.903,3.729342e-01,3.965189e-03,3.613281e-01,3.867188e-01,2000,0,7.458684e-03
2026-07-20T17:56:38.029,1784559398.030,186.003,3.721747e-01,3.961325e-03,3.598633e-01,3.850098e-01,2000,0,7.443494e-03
2026-07-20T17:56:38.130,1784559398.130,186.103,3.721359e-01,3.896659e-03,3.569336e-01,3.835449e-01,2000,0,7.442717e-03
2026-07-20T17:56:38.230,1784559398.230,186.203,3.722294e-01,4.056909e-03,3.593750e-01,3.847656e-01,2000,0,7.444587e-03
2026-07-20T17:56:38.330,1784559398.330,186.303,3.720057e-01,3.900574e-03,3.566895e-01,3.862305e-01,2000,0,7.440115e-03
2026-07-20T17:56:38.430,1784559398.430,186.403,3.715161e-01,3.893872e-03,3.603516e-01,3.867188e-01,2000,0,7.430322e-03
2026-07-20T17:56:38.529,1784559398.530,186.503,3.712513e-01,3.960340e-03,3.591309e-01,3.828125e-01,2000,0,7.425027e-03
2026-07-20T17:56:38.630,1784559398.630,186.603,3.711832e-01,4.024865e-03,3.605957e-01,3.837891e-01,2000,0,7.423665e-03
2026-07-20T17:56:38.730,1784559398.730,186.703,3.703640e-01,4.125521e-03,3.588867e-01,3.830566e-01,2000,0,7.407280e-03
2026-07-20T17:56:38.830,1784559398.830,186.803,3.709369e-01,3.925715e-03,3.581543e-01,3.833008e-01,2000,0,7.418738e-03
2026-07-20T17:56:38.930,1784559398.930,186.903,3.704382e-01,4.010420e-03,3.591309e-01,3.833008e-01,2000,0,7.408765e-03
2026-07-20T17:56:39.030,1784559399.030,187.003,3.697505e-01,3.970953e-03,3.581543e-01,3.837891e-01,2000,0,7.395010e-03
2026-07-20T17:56:39.130,1784559399.130,187.103,3.698158e-01,3.953439e-03,3.569336e-01,3.833008e-01,2000,0,7.396316e-03
2026-07-20T17:56:39.230,1784559399.230,187.203,3.696486e-01,4.014826e-03,3.554688e-01,3.801270e-01,2000,0,7.392971e-03
2026-07-20T17:56:39.330,1784559399.330,187.303,3.688667e-01,3.766933e-03,3.554688e-01,3.815918e-01,2000,0,7.377334e-03
2026-07-20T17:56:39.430,1784559399.430,187.403,3.687516e-01,4.044949e-03,3.554688e-01,3.806152e-01,2000,0,7.375032e-03
2026-07-20T17:56:39.529,1784559399.530,187.503,3.679641e-01,3.857339e-03,3.542480e-01,3.784180e-01,2000,0,7.359282e-03
2026-07-20T17:56:39.629,1784559399.630,187.603,3.676954e-01,3.595272e-03,3.547363e-01,3.784180e-01,2000,0,7.353909e-03
2026-07-20T17:56:39.729,1784559399.730,187.703,3.678691e-01,3.831800e-03,3.547363e-01,3.801270e-01,2000,0,7.357383e-03
2026-07-20T17:56:39.829,1784559399.830,187.803,3.677378e-01,3.738992e-03,3.540039e-01,3.796387e-01,2000,0,7.354756e-03
2026-07-20T17:56:39.929,1784559399.930,187.903,3.675192e-01,3.720698e-03,3.562012e-01,3.806152e-01,2000,0,7.350383e-03
2026-07-20T17:56:40.029,1784559400.030,188.003,3.679509e-01,3.547531e-03,3.566895e-01,3.803711e-01,2000,0,7.359019e-03
2026-07-20T17:56:40.129,1784559400.130,188.103,3.682478e-01,3.682773e-03,3.566895e-01,3.793945e-01,2000,0,7.364956e-03
2026-07-20T17:56:40.229,1784559400.230,188.203,3.685382e-01,3.650151e-03,3.557129e-01,3.798828e-01,2000,0,7.370764e-03
2026-07-20T17:56:40.329,1784559400.330,188.303,3.695896e-01,3.783621e-03,3.574219e-01,3.813477e-01,2000,0,7.391792e-03
2026-07-20T17:56:40.429,1784559400.430,188.403,3.700675e-01,3.701474e-03,3.598633e-01,3.852539e-01,2000,0,7.401350e-03
2026-07-20T17:56:40.529,1784559400.530,188.503,3.699814e-01,3.713875e-03,3.566895e-01,3.813477e-01,2000,0,7.399629e-03
2026-07-20T17:56:40.629,1784559400.630,188.603,3.713055e-01,3.550655e-03,3.566895e-01,3.833008e-01,2000,0,7.426111e-03
2026-07-20T17:56:40.729,1784559400.730,188.703,3.725088e-01,3.692657e-03,3.583984e-01,3.845215e-01,2000,0,7.450176e-03
2026-07-20T17:56:40.829,1784559400.830,188.803,3.732635e-01,3.656741e-03,3.625488e-01,3.854980e-01,2000,0,7.465271e-03
2026-07-20T17:56:40.929,1784559400.930,188.903,3.743076e-01,3.516024e-03,3.627930e-01,3.845215e-01,2000,0,7.486152e-03
2026-07-20T17:56:41.029,1784559401.030,189.003,3.751929e-01,3.729722e-03,3.637695e-01,3.918457e-01,2000,0,7.503857e-03
2026-07-20T17:56:41.129,1784559401.130,189.103,3.765199e-01,3.567200e-03,3.649902e-01,3.874512e-01,2000,0,7.530398e-03
2026-07-20T17:56:41.229,1784559401.230,189.203,3.777792e-01,3.599940e-03,3.671875e-01,3.977051e-01,2000,0,7.555583e-03
2026-07-20T17:56:41.329,1784559401.330,189.303,3.795531e-01,3.591023e-03,3.686523e-01,3.925781e-01,2000,0,7.591062e-03
2026-07-20T17:56:41.429,1784559401.430,189.403,3.813632e-01,3.756328e-03,3.696289e-01,3.950195e-01,2000,0,7.627263e-03
2026-07-20T17:56:41.529,1784559401.530,189.503,3.820500e-01,3.601524e-03,3.688965e-01,3.969727e-01,2000,0,7.641001e-03
2026-07-20T17:56:41.629,1784559401.630,189.603,3.839246e-01,3.730441e-03,3.718262e-01,3.984375e-01,2000,0,7.678491e-03
2026-07-20T17:56:41.729,1784559401.730,189.703,3.851436e-01,3.639372e-03,3.747559e-01,3.959961e-01,2000,0,7.702871e-03
2026-07-20T17:56:41.830,1784559401.830,189.803,3.869889e-01,3.656108e-03,3.767090e-01,3.989258e-01,2000,0,7.739778e-03
2026-07-20T17:56:41.930,1784559401.930,189.903,3.884709e-01,3.552046e-03,3.784180e-01,4.023438e-01,2000,0,7.769419e-03
2026-07-20T17:56:42.030,1784559402.030,190.003,3.899398e-01,3.753118e-03,3.759766e-01,4.030762e-01,2000,0,7.798796e-03
2026-07-20T17:56:42.130,1784559402.130,190.103,3.915493e-01,3.577116e-03,3.784180e-01,4.072266e-01,2000,0,7.830986e-03
2026-07-20T17:56:42.230,1784559402.230,190.203,3.933273e-01,3.365386e-03,3.798828e-01,4.060059e-01,2000,0,7.866545e-03
2026-07-20T17:56:42.330,1784559402.330,190.303,3.947463e-01,3.492985e-03,3.828125e-01,4.091797e-01,2000,0,7.894927e-03
2026-07-20T17:56:42.430,1784559402.431,190.403,3.960018e-01,3.368645e-03,3.850098e-01,4.069824e-01,2000,0,7.920037e-03
2026-07-20T17:56:42.530,1784559402.531,190.503,3.981871e-01,3.440797e-03,3.842773e-01,4.104004e-01,2000,0,7.963743e-03
2026-07-20T17:56:42.630,1784559402.631,190.603,3.994642e-01,3.294626e-03,3.850098e-01,4.106445e-01,2000,0,7.989285e-03
2026-07-20T17:56:42.730,1784559402.731,190.703,4.008418e-01,3.220065e-03,3.862305e-01,4.160156e-01,2000,0,8.016836e-03
2026-07-20T17:56:42.830,1784559402.830,190.803,4.023126e-01,3.261222e-03,3.916016e-01,4.143066e-01,2000,0,8.046252e-03
2026-07-20T17:56:42.930,1784559402.930,190.903,4.043142e-01,3.243645e-03,3.933105e-01,4.147949e-01,2000,0,8.086284e-03
2026-07-20T17:56:43.030,1784559403.030,191.003,4.051078e-01,3.295086e-03,3.876953e-01,4.157715e-01,2000,0,8.102156e-03
2026-07-20T17:56:43.130,1784559403.130,191.103,4.075969e-01,3.408405e-03,3.937988e-01,4.184570e-01,2000,0,8.151938e-03
2026-07-20T17:56:43.230,1784559403.230,191.203,4.090979e-01,3.191085e-03,3.989258e-01,4.199219e-01,2000,0,8.181958e-03
2026-07-20T17:56:43.330,1784559403.330,191.303,4.107477e-01,3.177197e-03,3.996582e-01,4.196777e-01,2000,0,8.214954e-03
2026-07-20T17:56:43.430,1784559403.431,191.403,4.123601e-01,3.288859e-03,3.984375e-01,4.218750e-01,2000,0,8.247202e-03
2026-07-20T17:56:43.530,1784559403.531,191.503,4.134275e-01,3.212364e-03,4.025879e-01,4.218750e-01,2000,0,8.268550e-03
2026-07-20T17:56:43.630,1784559403.631,191.603,4.155083e-01,3.198465e-03,3.962402e-01,4.250488e-01,2000,0,8.310166e-03
2026-07-20T17:56:43.730,1784559403.731,191.703,4.166871e-01,3.267841e-03,4.047852e-01,4.262695e-01,2000,0,8.333743e-03
2026-07-20T17:56:43.830,1784559403.831,191.803,4.181792e-01,3.231263e-03,4.074707e-01,4.279785e-01,2000,0,8.363584e-03
2026-07-20T17:56:43.930,1784559403.930,191.903,4.196677e-01,3.395366e-03,4.047852e-01,4.313965e-01,2000,0,8.393354e-03
2026-07-20T17:56:44.030,1784559404.030,192.003,4.212991e-01,3.508447e-03,4.074707e-01,4.313965e-01,2000,0,8.425981e-03
2026-07-20T17:56:44.130,1784559404.130,192.103,4.225522e-01,3.554632e-03,4.111328e-01,4.348145e-01,2000,0,8.451045e-03
2026-07-20T17:56:44.230,1784559404.230,192.203,4.240507e-01,3.448331e-03,4.118652e-01,4.343262e-01,2000,0,8.481013e-03
2026-07-20T17:56:44.330,1784559404.330,192.303,4.250797e-01,3.538047e-03,4.143066e-01,4.350586e-01,2000,0,8.501594e-03
2026-07-20T17:56:44.430,1784559404.430,192.403,4.261110e-01,3.417085e-03,4.160156e-01,4.375000e-01,2000,0,8.522219e-03
2026-07-20T17:56:44.530,1784559404.530,192.503,4.270554e-01,3.561308e-03,4.160156e-01,4.394531e-01,2000,0,8.541108e-03
2026-07-20T17:56:44.630,1784559404.630,192.603,4.288572e-01,3.432674e-03,4.184570e-01,4.418945e-01,2000,0,8.577144e-03
2026-07-20T17:56:44.729,1784559404.730,192.703,4.290416e-01,3.492558e-03,4.172363e-01,4.428711e-01,2000,0,8.580833e-03
2026-07-20T17:56:44.830,1784559404.830,192.803,4.303729e-01,3.443616e-03,4.204102e-01,4.423828e-01,2000,0,8.607458e-03
2026-07-20T17:56:44.930,1784559404.930,192.903,4.317489e-01,3.336080e-03,4.216309e-01,4.438477e-01,2000,0,8.634978e-03
2026-07-20T17:56:45.030,1784559405.030,193.003,4.323220e-01,3.590231e-03,4.201660e-01,4.445801e-01,2000,0,8.646440e-03
2026-07-20T17:56:45.130,1784559405.130,193.103,4.336149e-01,3.719945e-03,4.235840e-01,4.467773e-01,2000,0,8.672297e-03
2026-07-20T17:56:45.230,1784559405.230,193.203,4.349489e-01,3.475086e-03,4.245605e-01,4.484863e-01,2000,0,8.698977e-03
2026-07-20T17:56:45.330,1784559405.330,193.303,4.354608e-01,3.616243e-03,4.201660e-01,4.482422e-01,2000,0,8.709216e-03
2026-07-20T17:56:45.430,1784559405.430,193.403,4.363191e-01,3.795986e-03,4.189453e-01,4.494629e-01,2000,0,8.726382e-03
2026-07-20T17:56:45.530,1784559405.530,193.503,4.365796e-01,3.697333e-03,4.255371e-01,4.504395e-01,2000,0,8.731592e-03
2026-07-20T17:56:45.630,1784559405.630,193.603,4.373260e-01,3.591721e-03,4.262695e-01,4.523926e-01,2000,0,8.746521e-03
2026-07-20T17:56:45.730,1784559405.730,193.703,4.382650e-01,3.757472e-03,4.274902e-01,4.523926e-01,2000,0,8.765300e-03
2026-07-20T17:56:45.830,1784559405.830,193.803,4.387354e-01,3.696013e-03,4.270020e-01,4.545898e-01,2000,0,8.774707e-03
2026-07-20T17:56:45.930,1784559405.931,193.903,4.388606e-01,3.619904e-03,4.243164e-01,4.514160e-01,2000,0,8.777212e-03
2026-07-20T17:56:46.030,1784559406.030,194.003,4.397467e-01,3.593469e-03,4.282227e-01,4.526367e-01,2000,0,8.794934e-03
2026-07-20T17:56:46.130,1784559406.130,194.103,4.397598e-01,3.572066e-03,4.291992e-01,4.533691e-01,2000,0,8.795195e-03
2026-07-20T17:56:46.230,1784559406.230,194.203,4.399772e-01,3.464450e-03,4.284668e-01,4.514160e-01,2000,0,8.799543e-03
2026-07-20T17:56:46.330,1784559406.330,194.303,4.407783e-01,3.379349e-03,4.309082e-01,4.538574e-01,2000,0,8.815566e-03
2026-07-20T17:56:46.430,1784559406.430,194.403,4.411368e-01,3.509200e-03,4.260254e-01,4.536133e-01,2000,0,8.822737e-03
2026-07-20T17:56:46.530,1784559406.530,194.503,4.412524e-01,3.356113e-03,4.311523e-01,4.538574e-01,2000,0,8.825049e-03
2026-07-20T17:56:46.630,1784559406.630,194.603,4.419266e-01,3.201802e-03,4.309082e-01,4.545898e-01,2000,0,8.838533e-03
2026-07-20T17:56:46.730,1784559406.730,194.703,4.422760e-01,3.283452e-03,4.311523e-01,4.531250e-01,2000,0,8.845520e-03
2026-07-20T17:56:46.830,1784559406.830,194.803,4.422074e-01,3.200694e-03,4.306641e-01,4.541016e-01,2000,0,8.844148e-03
2026-07-20T17:56:46.930,1784559406.930,194.903,4.428600e-01,3.186568e-03,4.318848e-01,4.550781e-01,2000,0,8.857200e-03
2026-07-20T17:56:47.030,1784559407.030,195.003,4.425823e-01,3.105863e-03,4.289551e-01,4.528809e-01,2000,0,8.851646e-03
2026-07-20T17:56:47.130,1784559407.130,195.103,4.427170e-01,3.057620e-03,4.316406e-01,4.526367e-01,2000,0,8.854341e-03
2026-07-20T17:56:47.230,1784559407.230,195.203,4.434316e-01,2.992744e-03,4.318848e-01,4.541016e-01,2000,0,8.868633e-03
2026-07-20T17:56:47.330,1784559407.330,195.303,4.431792e-01,3.190138e-03,4.318848e-01,4.570312e-01,2000,0,8.863584e-03
2026-07-20T17:56:47.430,1784559407.430,195.403,4.434146e-01,3.097681e-03,4.326172e-01,4.541016e-01,2000,0,8.868291e-03
2026-07-20T17:56:47.530,1784559407.530,195.503,4.437446e-01,3.146630e-03,4.331055e-01,4.555664e-01,2000,0,8.874893e-03
2026-07-20T17:56:47.630,1784559407.630,195.603,4.438121e-01,2.860088e-03,4.340820e-01,4.545898e-01,2000,0,8.876243e-03
2026-07-20T17:56:47.730,1784559407.730,195.703,4.437019e-01,2.952594e-03,4.321289e-01,4.587402e-01,2000,0,8.874038e-03
2026-07-20T17:56:47.830,1784559407.830,195.803,4.435199e-01,2.929110e-03,4.309082e-01,4.528809e-01,2000,0,8.870398e-03
2026-07-20T17:56:47.930,1784559407.930,195.903,4.435714e-01,2.950015e-03,4.335938e-01,4.528809e-01,2000,0,8.871428e-03
2026-07-20T17:56:48.030,1784559408.030,196.003,4.430475e-01,2.933779e-03,4.301758e-01,4.528809e-01,2000,0,8.860950e-03
2026-07-20T17:56:48.130,1784559408.130,196.103,4.428668e-01,2.972709e-03,4.333496e-01,4.572754e-01,2000,0,8.857336e-03
2026-07-20T17:56:48.230,1784559408.230,196.203,4.426426e-01,2.847248e-03,4.318848e-01,4.528809e-01,2000,0,8.852852e-03
2026-07-20T17:56:48.330,1784559408.330,196.303,4.419548e-01,3.094833e-03,4.306641e-01,4.521484e-01,2000,0,8.839097e-03
2026-07-20T17:56:48.430,1784559408.430,196.403,4.420272e-01,2.986281e-03,4.318848e-01,4.501953e-01,2000,0,8.840544e-03
2026-07-20T17:56:48.530,1784559408.530,196.503,4.412375e-01,2.879840e-03,4.289551e-01,4.536133e-01,2000,0,8.824751e-03
2026-07-20T17:56:48.630,1784559408.630,196.603,4.400021e-01,3.038622e-03,4.304199e-01,4.506836e-01,2000,0,8.800042e-03
2026-07-20T17:56:48.730,1784559408.730,196.703,4.396002e-01,2.932102e-03,4.284668e-01,4.489746e-01,2000,0,8.792004e-03
2026-07-20T17:56:48.830,1784559408.830,196.803,4.386200e-01,3.107109e-03,4.262695e-01,4.475098e-01,2000,0,8.772400e-03
2026-07-20T17:56:48.930,1784559408.930,196.903,4.377692e-01,3.147265e-03,4.267578e-01,4.470215e-01,2000,0,8.755383e-03
2026-07-20T17:56:49.030,1784559409.030,197.003,4.367690e-01,3.088306e-03,4.211426e-01,4.472656e-01,2000,0,8.735381e-03
2026-07-20T17:56:49.130,1784559409.130,197.103,4.366526e-01,2.975334e-03,4.252930e-01,4.470215e-01,2000,0,8.733052e-03
2026-07-20T17:56:49.230,1784559409.231,197.203,4.357166e-01,3.120438e-03,4.262695e-01,4.465332e-01,2000,0,8.714331e-03
2026-07-20T17:56:49.330,1784559409.331,197.303,4.352915e-01,3.148287e-03,4.233398e-01,4.453125e-01,2000,0,8.705830e-03
2026-07-20T17:56:49.431,1784559409.431,197.403,4.353691e-01,2.997466e-03,4.257812e-01,4.467773e-01,2000,0,8.707383e-03
2026-07-20T17:56:49.530,1784559409.531,197.503,4.340736e-01,3.065120e-03,4.238281e-01,4.421387e-01,2000,0,8.681472e-03
2026-07-20T17:56:49.630,1784559409.631,197.603,4.338812e-01,2.930867e-03,4.235840e-01,4.455566e-01,2000,0,8.677625e-03
2026-07-20T17:56:49.730,1784559409.730,197.703,4.333903e-01,2.977112e-03,4.206543e-01,4.418945e-01,2000,0,8.667805e-03
2026-07-20T17:56:49.830,1784559409.830,197.803,4.328079e-01,2.802465e-03,4.226074e-01,4.448242e-01,2000,0,8.656157e-03
2026-07-20T17:56:49.930,1784559409.931,197.904,4.321091e-01,2.820479e-03,4.230957e-01,4.433594e-01,2000,0,8.642183e-03
2026-07-20T17:56:50.030,1784559410.030,198.003,4.321802e-01,2.725466e-03,4.218750e-01,4.450684e-01,2000,0,8.643604e-03
2026-07-20T17:56:50.130,1784559410.130,198.103,4.314596e-01,2.776242e-03,4.211426e-01,4.406738e-01,2000,0,8.629192e-03
2026-07-20T17:56:50.230,1784559410.230,198.203,4.317761e-01,2.606925e-03,4.223633e-01,4.404297e-01,2000,0,8.635522e-03
2026-07-20T17:56:50.330,1784559410.330,198.303,4.315284e-01,2.606541e-03,4.206543e-01,4.404297e-01,2000,0,8.630569e-03
2026-07-20T17:56:50.430,1784559410.431,198.403,4.309279e-01,2.591228e-03,4.189453e-01,4.401855e-01,2000,0,8.618557e-03
2026-07-20T17:56:50.530,1784559410.531,198.503,4.306876e-01,2.534612e-03,4.199219e-01,4.423828e-01,2000,0,8.613752e-03
2026-07-20T17:56:50.630,1784559410.630,198.603,4.307416e-01,2.576611e-03,4.216309e-01,4.418945e-01,2000,0,8.614832e-03
2026-07-20T17:56:50.730,1784559410.730,198.703,4.303115e-01,2.515559e-03,4.213867e-01,4.389648e-01,2000,0,8.606230e-03
2026-07-20T17:56:50.830,1784559410.830,198.803,4.302952e-01,2.521027e-03,4.211426e-01,4.394531e-01,2000,0,8.605903e-03
2026-07-20T17:56:50.930,1784559410.930,198.903,4.301627e-01,2.488314e-03,4.226074e-01,4.382324e-01,2000,0,8.603254e-03
2026-07-20T17:56:51.030,1784559411.030,199.003,4.299861e-01,2.481270e-03,4.201660e-01,4.387207e-01,2000,0,8.599722e-03
2026-07-20T17:56:51.130,1784559411.130,199.103,4.298994e-01,2.569301e-03,4.216309e-01,4.399414e-01,2000,0,8.597988e-03
2026-07-20T17:56:51.230,1784559411.230,199.203,4.302754e-01,2.371642e-03,4.152832e-01,4.384766e-01,2000,0,8.605508e-03
2026-07-20T17:56:51.330,1784559411.330,199.303,4.299923e-01,2.493138e-03,4.191895e-01,4.440918e-01,2000,0,8.599846e-03
2026-07-20T17:56:51.430,1784559411.430,199.403,4.301543e-01,2.644430e-03,4.204102e-01,4.404297e-01,2000,0,8.603086e-03
2026-07-20T17:56:51.530,1784559411.530,199.503,4.301342e-01,2.449637e-03,4.221191e-01,4.379883e-01,2000,0,8.602683e-03
2026-07-20T17:56:51.630,1784559411.630,199.603,4.298759e-01,2.722746e-03,4.204102e-01,4.389648e-01,2000,0,8.597517e-03
2026-07-20T17:56:51.730,1784559411.730,199.703,4.301735e-01,2.733671e-03,4.157715e-01,4.411621e-01,2000,0,8.603469e-03
2026-07-20T17:56:51.830,1784559411.830,199.803,4.305192e-01,2.866176e-03,4.191895e-01,4.436035e-01,2000,0,8.610383e-03
2026-07-20T17:56:51.930,1784559411.930,199.903,4.303732e-01,2.851536e-03,4.199219e-01,4.396973e-01,2000,0,8.607463e-03
2026-07-20T17:56:52.030,1784559412.030,200.003,4.312155e-01,2.998169e-03,4.191895e-01,4.399414e-01,2000,0,8.624309e-03
2026-07-20T17:56:52.130,1784559412.130,200.103,4.308185e-01,2.742977e-03,4.218750e-01,4.401855e-01,2000,0,8.616370e-03
2026-07-20T17:56:52.230,1784559412.230,200.203,4.307292e-01,2.841452e-03,4.221191e-01,4.406738e-01,2000,0,8.614585e-03
2026-07-20T17:56:52.330,1784559412.330,200.303,4.309423e-01,2.985482e-03,4.211426e-01,4.450684e-01,2000,0,8.618845e-03
2026-07-20T17:56:52.430,1784559412.430,200.403,4.313700e-01,3.054176e-03,4.213867e-01,4.416504e-01,2000,0,8.627400e-03
2026-07-20T17:56:52.530,1784559412.530,200.503,4.310781e-01,2.990086e-03,4.206543e-01,4.414062e-01,2000,0,8.621562e-03
2026-07-20T17:56:52.630,1784559412.630,200.603,4.315397e-01,3.045849e-03,4.223633e-01,4.406738e-01,2000,0,8.630793e-03
2026-07-20T17:56:52.730,1784559412.730,200.703,4.323684e-01,3.069243e-03,4.216309e-01,4.426270e-01,2000,0,8.647368e-03
2026-07-20T17:56:52.830,1784559412.830,200.803,4.323187e-01,3.104995e-03,4.211426e-01,4.455566e-01,2000,0,8.646375e-03
2026-07-20T17:56:52.930,1784559412.930,200.903,4.328658e-01,3.099741e-03,4.218750e-01,4.421387e-01,2000,0,8.657317e-03
2026-07-20T17:56:53.030,1784559413.030,201.003,4.331193e-01,3.141136e-03,4.228516e-01,4.458008e-01,2000,0,8.662385e-03
2026-07-20T17:56:53.130,1784559413.130,201.103,4.337739e-01,2.942400e-03,4.250488e-01,4.428711e-01,2000,0,8.675479e-03
2026-07-20T17:56:53.230,1784559413.230,201.203,4.345256e-01,3.233168e-03,4.235840e-01,4.465332e-01,2000,0,8.690513e-03
2026-07-20T17:56:53.330,1784559413.330,201.303,4.347146e-01,3.141320e-03,4.243164e-01,4.440918e-01,2000,0,8.694292e-03
2026-07-20T17:56:53.430,1784559413.430,201.403,4.354027e-01,3.072186e-03,4.245605e-01,4.455566e-01,2000,0,8.708054e-03
2026-07-20T17:56:53.530,1784559413.530,201.503,4.364069e-01,3.106659e-03,4.257812e-01,4.460449e-01,2000,0,8.728137e-03
2026-07-20T17:56:53.630,1784559413.630,201.603,4.368610e-01,3.159968e-03,4.267578e-01,4.470215e-01,2000,0,8.737219e-03
2026-07-20T17:56:53.730,1784559413.730,201.703,4.378613e-01,3.098053e-03,4.272461e-01,4.472656e-01,2000,0,8.757227e-03
2026-07-20T17:56:53.830,1784559413.830,201.803,4.387183e-01,2.987686e-03,4.279785e-01,4.477539e-01,2000,0,8.774365e-03
2026-07-20T17:56:53.930,1784559413.930,201.903,4.389729e-01,3.095063e-03,4.248047e-01,4.494629e-01,2000,0,8.779458e-03
2026-07-20T17:56:54.030,1784559414.030,202.003,4.392960e-01,3.152775e-03,4.294434e-01,4.494629e-01,2000,0,8.785920e-03
2026-07-20T17:56:54.130,1784559414.130,202.104,4.395625e-01,3.091579e-03,4.299316e-01,4.531250e-01,2000,0,8.791250e-03
2026-07-20T17:56:54.230,1784559414.230,202.203,4.407268e-01,2.801559e-03,4.318848e-01,4.501953e-01,2000,0,8.814536e-03
2026-07-20T17:56:54.330,1784559414.330,202.303,4.407744e-01,2.809190e-03,4.306641e-01,4.516602e-01,2000,0,8.815488e-03
2026-07-20T17:56:54.430,1784559414.430,202.403,4.419186e-01,2.937112e-03,4.326172e-01,4.526367e-01,2000,0,8.838372e-03
2026-07-20T17:56:54.530,1784559414.530,202.503,4.422888e-01,2.847027e-03,4.287109e-01,4.526367e-01,2000,0,8.845776e-03
2026-07-20T17:56:54.630,1784559414.630,202.603,4.423798e-01,2.925293e-03,4.296875e-01,4.533691e-01,2000,0,8.847595e-03
2026-07-20T17:56:54.730,1784559414.730,202.703,4.435337e-01,2.870456e-03,4.338379e-01,4.599609e-01,2000,0,8.870674e-03
2026-07-20T17:56:54.830,1784559414.830,202.803,4.434580e-01,2.791028e-03,4.321289e-01,4.526367e-01,2000,0,8.869160e-03
2026-07-20T17:56:54.930,1784559414.930,202.903,4.440129e-01,2.886943e-03,4.343262e-01,4.541016e-01,2000,0,8.880259e-03
2026-07-20T17:56:55.030,1784559415.030,203.003,4.443230e-01,2.899083e-03,4.340820e-01,4.526367e-01,2000,0,8.886460e-03
2026-07-20T17:56:55.130,1784559415.130,203.103,4.448953e-01,2.888838e-03,4.333496e-01,4.533691e-01,2000,0,8.897905e-03
2026-07-20T17:56:55.230,1784559415.230,203.203,4.449944e-01,2.852490e-03,4.350586e-01,4.553223e-01,2000,0,8.899888e-03
2026-07-20T17:56:55.331,1784559415.331,203.303,4.455620e-01,3.027565e-03,4.350586e-01,4.570312e-01,2000,0,8.911240e-03
2026-07-20T17:56:55.430,1784559415.430,203.403,4.460780e-01,2.951772e-03,4.357910e-01,4.558105e-01,2000,0,8.921560e-03
2026-07-20T17:56:55.530,1784559415.530,203.503,4.464187e-01,2.968785e-03,4.338379e-01,4.567871e-01,2000,0,8.928374e-03
2026-07-20T17:56:55.630,1784559415.630,203.603,4.471283e-01,3.042164e-03,4.357910e-01,4.577637e-01,2000,0,8.942566e-03
2026-07-20T17:56:55.730,1784559415.730,203.703,4.477988e-01,3.168774e-03,4.365234e-01,4.592285e-01,2000,0,8.955977e-03
2026-07-20T17:56:55.830,1784559415.830,203.803,4.479512e-01,3.336556e-03,4.343262e-01,4.570312e-01,2000,0,8.959023e-03
2026-07-20T17:56:55.930,1784559415.930,203.903,4.497690e-01,3.261663e-03,4.387207e-01,4.619141e-01,2000,0,8.995381e-03
2026-07-20T17:56:56.030,1784559416.030,204.003,4.499752e-01,3.094282e-03,4.411621e-01,4.602051e-01,2000,0,8.999504e-03
2026-07-20T17:56:56.130,1784559416.130,204.103,4.505497e-01,3.377292e-03,4.382324e-01,4.621582e-01,2000,0,9.010994e-03
2026-07-20T17:56:56.230,1784559416.230,204.203,4.511040e-01,3.417181e-03,4.399414e-01,4.621582e-01,2000,0,9.022080e-03
2026-07-20T17:56:56.330,1784559416.330,204.303,4.519879e-01,3.590853e-03,4.384766e-01,4.648438e-01,2000,0,9.039758e-03
2026-07-20T17:56:56.430,1784559416.431,204.403,4.527590e-01,3.360611e-03,4.401855e-01,4.636230e-01,2000,0,9.055181e-03
2026-07-20T17:56:56.530,1784559416.530,204.503,4.537200e-01,3.402615e-03,4.411621e-01,4.672852e-01,2000,0,9.074399e-03
2026-07-20T17:56:56.630,1784559416.631,204.603,4.536655e-01,3.405033e-03,4.418945e-01,4.643555e-01,2000,0,9.073311e-03
2026-07-20T17:56:56.730,1784559416.731,204.703,4.547493e-01,3.441323e-03,4.440918e-01,4.653320e-01,2000,0,9.094985e-03
2026-07-20T17:56:56.830,1784559416.830,204.803,4.553672e-01,3.592114e-03,4.414062e-01,4.665527e-01,2000,0,9.107344e-03
2026-07-20T17:56:56.930,1784559416.930,204.903,4.559232e-01,3.363692e-03,4.431152e-01,4.655762e-01,2000,0,9.118464e-03
2026-07-20T17:56:57.030,1784559417.031,205.003,4.560784e-01,3.594523e-03,4.404297e-01,4.677734e-01,2000,0,9.121567e-03
2026-07-20T17:56:57.130,1784559417.131,205.103,4.567328e-01,3.394459e-03,4.426270e-01,4.692383e-01,2000,0,9.134656e-03
2026-07-20T17:56:57.230,1784559417.231,205.203,4.571676e-01,3.455927e-03,4.426270e-01,4.663086e-01,2000,0,9.143352e-03
2026-07-20T17:56:57.330,1784559417.330,205.303,4.575582e-01,3.319894e-03,4.462891e-01,4.675293e-01,2000,0,9.151165e-03
2026-07-20T17:56:57.430,1784559417.430,205.403,4.577617e-01,3.513276e-03,4.465332e-01,4.687500e-01,2000,0,9.155234e-03
2026-07-20T17:56:57.530,1784559417.531,205.503,4.580050e-01,3.598424e-03,4.455566e-01,4.680176e-01,2000,0,9.160100e-03
2026-07-20T17:56:57.630,1784559417.630,205.603,4.578058e-01,3.726787e-03,4.411621e-01,4.689941e-01,2000,0,9.156116e-03
2026-07-20T17:56:57.730,1784559417.731,205.703,4.580433e-01,3.994086e-03,4.426270e-01,4.694824e-01,2000,0,9.160867e-03
2026-07-20T17:56:57.830,1784559417.830,205.803,4.586472e-01,3.428945e-03,4.416504e-01,4.685059e-01,2000,0,9.172944e-03
2026-07-20T17:56:57.930,1784559417.931,205.903,4.588649e-01,3.647259e-03,4.460449e-01,4.697266e-01,2000,0,9.177297e-03
2026-07-20T17:56:58.030,1784559418.031,206.003,4.594822e-01,3.690357e-03,4.475098e-01,4.711914e-01,2000,0,9.189644e-03
2026-07-20T17:56:58.131,1784559418.131,206.103,4.582416e-01,3.944240e-03,4.416504e-01,4.692383e-01,2000,0,9.164832e-03
2026-07-20T17:56:58.231,1784559418.231,206.203,4.587169e-01,3.950965e-03,4.445801e-01,4.709473e-01,2000,0,9.174338e-03
2026-07-20T17:56:58.330,1784559418.331,206.303,4.597574e-01,3.540349e-03,4.484863e-01,4.704590e-01,2000,0,9.195149e-03
2026-07-20T17:56:58.430,1784559418.430,206.403,4.586318e-01,3.965838e-03,4.472656e-01,4.714355e-01,2000,0,9.172637e-03
2026-07-20T17:56:58.530,1784559418.531,206.503,4.590472e-01,3.936265e-03,4.465332e-01,4.750977e-01,2000,0,9.180945e-03
2026-07-20T17:56:58.630,1784559418.631,206.603,4.590165e-01,3.646469e-03,4.448242e-01,4.721680e-01,2000,0,9.180330e-03
2026-07-20T17:56:58.730,1784559418.731,206.703,4.590287e-01,3.738004e-03,4.465332e-01,4.719238e-01,2000,0,9.180574e-03
2026-07-20T17:56:58.830,1784559418.831,206.803,4.588116e-01,3.694284e-03,4.460449e-01,4.702148e-01,2000,0,9.176233e-03
2026-07-20T17:56:58.930,1784559418.930,206.903,4.593922e-01,3.873412e-03,4.433594e-01,4.711914e-01,2000,0,9.187844e-03
2026-07-20T17:56:59.030,1784559419.031,207.003,4.591653e-01,3.969271e-03,4.467773e-01,4.719238e-01,2000,0,9.183306e-03
2026-07-20T17:56:59.130,1784559419.131,207.103,4.590842e-01,3.960189e-03,4.479980e-01,4.719238e-01,2000,0,9.181685e-03
2026-07-20T17:56:59.230,1784559419.231,207.204,4.585146e-01,3.737969e-03,4.475098e-01,4.699707e-01,2000,0,9.170293e-03
2026-07-20T17:56:59.330,1784559419.331,207.303,4.590955e-01,3.909849e-03,4.453125e-01,4.714355e-01,2000,0,9.181909e-03
2026-07-20T17:56:59.430,1784559419.431,207.403,4.594128e-01,3.847349e-03,4.458008e-01,4.726562e-01,2000,0,9.188257e-03
2026-07-20T17:56:59.530,1784559419.531,207.503,4.596962e-01,3.883589e-03,4.482422e-01,4.748535e-01,2000,0,9.193923e-03
2026-07-20T17:56:59.630,1784559419.631,207.603,4.598527e-01,3.870679e-03,4.487305e-01,4.760742e-01,2000,0,9.197053e-03
2026-07-20T17:56:59.730,1784559419.730,207.703,4.597627e-01,3.737478e-03,4.477539e-01,4.719238e-01,2000,0,9.195254e-03
2026-07-20T17:56:59.830,1784559419.831,207.803,4.601445e-01,3.744289e-03,4.482422e-01,4.729004e-01,2000,0,9.202891e-03
2026-07-20T17:56:59.930,1784559419.931,207.903,4.599729e-01,3.683528e-03,4.472656e-01,4.729004e-01,2000,0,9.199458e-03
2026-07-20T17:57:00.030,1784559420.031,208.003,4.598348e-01,3.913908e-03,4.484863e-01,4.724121e-01,2000,0,9.196697e-03
2026-07-20T17:57:00.130,1784559420.131,208.103,4.603596e-01,3.784773e-03,4.467773e-01,4.750977e-01,2000,0,9.207192e-03
2026-07-20T17:57:00.230,1784559420.231,208.203,4.606742e-01,3.783458e-03,4.462891e-01,4.729004e-01,2000,0,9.213484e-03
2026-07-20T17:57:00.330,1784559420.331,208.303,4.613323e-01,3.794422e-03,4.489746e-01,4.726562e-01,2000,0,9.226646e-03
2026-07-20T17:57:00.430,1784559420.431,208.403,4.613943e-01,3.747764e-03,4.497070e-01,4.736328e-01,2000,0,9.227886e-03
2026-07-20T17:57:00.530,1784559420.531,208.503,4.613763e-01,3.743708e-03,4.487305e-01,4.729004e-01,2000,0,9.227527e-03
2026-07-20T17:57:00.630,1784559420.631,208.603,4.621154e-01,3.759288e-03,4.497070e-01,4.785156e-01,2000,0,9.242307e-03
2026-07-20T17:57:00.730,1784559420.731,208.703,4.621578e-01,3.869791e-03,4.475098e-01,4.726562e-01,2000,0,9.243157e-03
2026-07-20T17:57:00.830,1784559420.831,208.803,4.623563e-01,3.944771e-03,4.462891e-01,4.736328e-01,2000,0,9.247126e-03
2026-07-20T17:57:00.930,1784559420.931,208.903,4.624144e-01,3.724117e-03,4.497070e-01,4.748535e-01,2000,0,9.248289e-03
2026-07-20T17:57:01.030,1784559421.031,209.003,4.629919e-01,3.851652e-03,4.501953e-01,4.743652e-01,2000,0,9.259839e-03
2026-07-20T17:57:01.130,1784559421.131,209.103,4.633313e-01,3.882949e-03,4.494629e-01,4.746094e-01,2000,0,9.266626e-03
2026-07-20T17:57:01.230,1784559421.231,209.203,4.636128e-01,3.812350e-03,4.516602e-01,4.746094e-01,2000,0,9.272256e-03
2026-07-20T17:57:01.330,1784559421.331,209.303,4.635402e-01,4.098053e-03,4.460449e-01,4.741211e-01,2000,0,9.270803e-03
2026-07-20T17:57:01.430,1784559421.431,209.403,4.636261e-01,3.869042e-03,4.509277e-01,4.750977e-01,2000,0,9.272522e-03
2026-07-20T17:57:01.530,1784559421.531,209.503,4.645848e-01,3.993038e-03,4.504395e-01,4.763184e-01,2000,0,9.291697e-03
2026-07-20T17:57:01.630,1784559421.631,209.603,4.648094e-01,3.796836e-03,4.499512e-01,4.782715e-01,2000,0,9.296189e-03
2026-07-20T17:57:01.730,1784559421.731,209.703,4.655308e-01,4.018427e-03,4.531250e-01,4.760742e-01,2000,0,9.310615e-03
2026-07-20T17:57:01.830,1784559421.831,209.803,4.660922e-01,3.907468e-03,4.538574e-01,4.814453e-01,2000,0,9.321843e-03
2026-07-20T17:57:01.930,1784559421.931,209.903,4.660046e-01,4.001896e-03,4.516602e-01,4.799805e-01,2000,0,9.320093e-03
2026-07-20T17:57:02.030,1784559422.031,210.003,4.667786e-01,3.752858e-03,4.550781e-01,4.780273e-01,2000,0,9.335571e-03
2026-07-20T17:57:02.130,1784559422.131,210.103,4.677874e-01,3.838848e-03,4.541016e-01,4.792480e-01,2000,0,9.355747e-03
2026-07-20T17:57:02.230,1784559422.231,210.203,4.684548e-01,3.840134e-03,4.541016e-01,4.790039e-01,2000,0,9.369097e-03
2026-07-20T17:57:02.330,1784559422.331,210.303,4.685460e-01,3.583103e-03,4.555664e-01,4.790039e-01,2000,0,9.370920e-03
2026-07-20T17:57:02.430,1784559422.431,210.403,4.694697e-01,3.810575e-03,4.565430e-01,4.802246e-01,2000,0,9.389395e-03
2026-07-20T17:57:02.530,1784559422.531,210.503,4.699019e-01,3.574284e-03,4.577637e-01,4.841309e-01,2000,0,9.398037e-03
2026-07-20T17:57:02.630,1784559422.631,210.603,4.703984e-01,3.645907e-03,4.562988e-01,4.804688e-01,2000,0,9.407969e-03
2026-07-20T17:57:02.730,1784559422.731,210.703,4.711487e-01,3.534684e-03,4.592285e-01,4.812012e-01,2000,0,9.422974e-03
2026-07-20T17:57:02.830,1784559422.831,210.803,4.717122e-01,3.445397e-03,4.580078e-01,4.841309e-01,2000,0,9.434243e-03
2026-07-20T17:57:02.930,1784559422.931,210.903,4.717828e-01,3.267610e-03,4.609375e-01,4.829102e-01,2000,0,9.435657e-03
2026-07-20T17:57:03.030,1784559423.031,211.003,4.731732e-01,3.464679e-03,4.616699e-01,4.846191e-01,2000,0,9.463464e-03
2026-07-20T17:57:03.130,1784559423.131,211.103,4.738291e-01,3.426673e-03,4.626465e-01,4.846191e-01,2000,0,9.476582e-03
2026-07-20T17:57:03.230,1784559423.231,211.203,4.742646e-01,3.209946e-03,4.624023e-01,4.846191e-01,2000,0,9.485293e-03
2026-07-20T17:57:03.330,1784559423.331,211.304,4.742634e-01,3.318213e-03,4.638672e-01,4.846191e-01,2000,0,9.485269e-03
2026-07-20T17:57:03.430,1784559423.431,211.403,4.757747e-01,3.342119e-03,4.643555e-01,4.870605e-01,2000,0,9.515493e-03
2026-07-20T17:57:03.530,1784559423.531,211.503,4.759714e-01,3.235446e-03,4.638672e-01,4.877930e-01,2000,0,9.519429e-03
2026-07-20T17:57:03.630,1784559423.630,211.603,4.773401e-01,3.364925e-03,4.663086e-01,4.880371e-01,2000,0,9.546802e-03
2026-07-20T17:57:03.730,1784559423.731,211.703,4.783903e-01,3.248216e-03,4.663086e-01,4.897461e-01,2000,0,9.567805e-03
2026-07-20T17:57:03.830,1784559423.831,211.803,4.784679e-01,3.243252e-03,4.677734e-01,4.880371e-01,2000,0,9.569358e-03
2026-07-20T17:57:03.930,1784559423.931,211.904,4.796896e-01,3.510101e-03,4.660645e-01,4.902344e-01,2000,0,9.593792e-03
2026-07-20T17:57:04.030,1784559424.031,212.003,4.806061e-01,3.345823e-03,4.665527e-01,4.963379e-01,2000,0,9.612122e-03
2026-07-20T17:57:04.130,1784559424.131,212.103,4.812606e-01,3.329233e-03,4.685059e-01,4.929199e-01,2000,0,9.625212e-03
2026-07-20T17:57:04.231,1784559424.231,212.203,4.825283e-01,3.478639e-03,4.694824e-01,4.970703e-01,2000,0,9.650566e-03
2026-07-20T17:57:04.331,1784559424.331,212.304,4.828390e-01,3.534896e-03,4.707031e-01,4.938965e-01,2000,0,9.656780e-03
2026-07-20T17:57:04.430,1784559424.431,212.403,4.842905e-01,3.516246e-03,4.731445e-01,4.970703e-01,2000,0,9.685811e-03
2026-07-20T17:57:04.531,1784559424.531,212.503,4.856527e-01,3.490255e-03,4.736328e-01,5.029297e-01,2000,0,9.713054e-03
2026-07-20T17:57:04.630,1784559424.631,212.603,4.865856e-01,3.426882e-03,4.743652e-01,4.985352e-01,2000,0,9.731711e-03
2026-07-20T17:57:04.730,1784559424.731,212.703,4.869651e-01,3.475092e-03,4.750977e-01,4.963379e-01,2000,0,9.739302e-03
2026-07-20T17:57:04.830,1784559424.831,212.803,4.886254e-01,3.647863e-03,4.731445e-01,4.980469e-01,2000,0,9.772507e-03
2026-07-20T17:57:04.930,1784559424.931,212.903,4.891434e-01,3.503133e-03,4.772949e-01,5.012207e-01,2000,0,9.782869e-03
2026-07-20T17:57:05.030,1784559425.030,213.003,4.893871e-01,3.495904e-03,4.765625e-01,4.997559e-01,2000,0,9.787742e-03
2026-07-20T17:57:05.130,1784559425.131,213.103,4.911205e-01,3.491827e-03,4.772949e-01,5.029297e-01,2000,0,9.822410e-03
2026-07-20T17:57:05.230,1784559425.231,213.203,4.917452e-01,3.589672e-03,4.775391e-01,5.031738e-01,2000,0,9.834905e-03
2026-07-20T17:57:05.330,1784559425.331,213.303,4.919370e-01,3.509986e-03,4.785156e-01,5.063477e-01,2000,0,9.838740e-03
2026-07-20T17:57:05.430,1784559425.431,213.404,4.927042e-01,3.604750e-03,4.780273e-01,5.031738e-01,2000,0,9.854084e-03
2026-07-20T17:57:05.530,1784559425.531,213.503,4.934160e-01,3.367265e-03,4.772949e-01,5.046387e-01,2000,0,9.868320e-03
2026-07-20T17:57:05.630,1784559425.631,213.603,4.934574e-01,3.434217e-03,4.797363e-01,5.046387e-01,2000,0,9.869148e-03
2026-07-20T17:57:05.730,1784559425.730,213.703,4.936572e-01,3.537071e-03,4.829102e-01,5.065918e-01,2000,0,9.873145e-03
2026-07-20T17:57:05.830,1784559425.831,213.803,4.946873e-01,3.463992e-03,4.816895e-01,5.075684e-01,2000,0,9.893745e-03
2026-07-20T17:57:05.930,1784559425.931,213.903,4.950228e-01,3.374798e-03,4.836426e-01,5.046387e-01,2000,0,9.900457e-03
2026-07-20T17:57:06.030,1784559426.031,214.003,4.958625e-01,3.409371e-03,4.851074e-01,5.087891e-01,2000,0,9.917251e-03
2026-07-20T17:57:06.130,1784559426.131,214.103,4.957925e-01,3.497763e-03,4.799805e-01,5.073242e-01,2000,0,9.915850e-03
2026-07-20T17:57:06.230,1784559426.231,214.203,4.960209e-01,3.484567e-03,4.855957e-01,5.087891e-01,2000,0,9.920417e-03
2026-07-20T17:57:06.330,1784559426.331,214.303,4.962374e-01,3.398085e-03,4.838867e-01,5.073242e-01,2000,0,9.924749e-03
2026-07-20T17:57:06.430,1784559426.431,214.403,4.962699e-01,3.377498e-03,4.853516e-01,5.075684e-01,2000,0,9.925398e-03
2026-07-20T17:57:06.530,1784559426.531,214.503,4.958345e-01,3.394118e-03,4.777832e-01,5.063477e-01,2000,0,9.916689e-03
2026-07-20T17:57:06.630,1784559426.631,214.603,4.966768e-01,3.394911e-03,4.853516e-01,5.090332e-01,2000,0,9.933535e-03
2026-07-20T17:57:06.730,1784559426.731,214.703,4.964253e-01,3.305017e-03,4.851074e-01,5.078125e-01,2000,0,9.928506e-03
2026-07-20T17:57:06.830,1784559426.831,214.803,4.963734e-01,3.256705e-03,4.870605e-01,5.075684e-01,2000,0,9.927468e-03
2026-07-20T17:57:06.930,1784559426.931,214.903,4.964900e-01,3.306622e-03,4.848633e-01,5.065918e-01,2000,0,9.929800e-03
2026-07-20T17:57:07.030,1784559427.031,215.003,4.965367e-01,3.209461e-03,4.843750e-01,5.083008e-01,2000,0,9.930735e-03
2026-07-20T17:57:07.130,1784559427.131,215.103,4.960061e-01,3.243361e-03,4.836426e-01,5.073242e-01,2000,0,9.920122e-03
2026-07-20T17:57:07.230,1784559427.231,215.203,4.965022e-01,3.198010e-03,4.863281e-01,5.107422e-01,2000,0,9.930044e-03
2026-07-20T17:57:07.330,1784559427.331,215.303,4.970746e-01,3.200843e-03,4.877930e-01,5.100098e-01,2000,0,9.941492e-03
2026-07-20T17:57:07.430,1784559427.431,215.403,4.967928e-01,3.289824e-03,4.863281e-01,5.083008e-01,2000,0,9.935857e-03
2026-07-20T17:57:07.530,1784559427.531,215.503,4.967983e-01,3.350086e-03,4.860840e-01,5.087891e-01,2000,0,9.935967e-03
2026-07-20T17:57:07.630,1784559427.631,215.603,4.973961e-01,3.312014e-03,4.824219e-01,5.078125e-01,2000,0,9.947922e-03
2026-07-20T17:57:07.730,1784559427.731,215.703,4.971879e-01,3.317661e-03,4.873047e-01,5.078125e-01,2000,0,9.943757e-03
2026-07-20T17:57:07.830,1784559427.831,215.803,4.975009e-01,3.416988e-03,4.809570e-01,5.109863e-01,2000,0,9.950017e-03
2026-07-20T17:57:07.930,1784559427.931,215.903,4.977808e-01,3.296603e-03,4.868164e-01,5.109863e-01,2000,0,9.955615e-03
2026-07-20T17:57:08.030,1784559428.031,216.003,4.973823e-01,3.265446e-03,4.858398e-01,5.144043e-01,2000,0,9.947646e-03
2026-07-20T17:57:08.130,1784559428.131,216.103,4.983734e-01,3.113052e-03,4.851074e-01,5.087891e-01,2000,0,9.967468e-03
2026-07-20T17:57:08.230,1784559428.231,216.203,4.986298e-01,3.359657e-03,4.875488e-01,5.104980e-01,2000,0,9.972595e-03
2026-07-20T17:57:08.330,1784559428.331,216.303,4.986151e-01,3.258031e-03,4.873047e-01,5.080566e-01,2000,0,9.972302e-03
2026-07-20T17:57:08.430,1784559428.431,216.403,4.988801e-01,3.184088e-03,4.897461e-01,5.092773e-01,2000,0,9.977603e-03
2026-07-20T17:57:08.530,1784559428.531,216.503,4.993364e-01,3.499945e-03,4.892578e-01,5.126953e-01,2000,0,9.986729e-03
2026-07-20T17:57:08.630,1784559428.631,216.603,4.985844e-01,3.367193e-03,4.880371e-01,5.083008e-01,2000,0,9.971687e-03
2026-07-20T17:57:08.730,1784559428.731,216.703,4.987668e-01,3.242151e-03,4.860840e-01,5.095215e-01,2000,0,9.975337e-03
2026-07-20T17:57:08.830,1784559428.831,216.803,4.994371e-01,3.097578e-03,4.880371e-01,5.087891e-01,2000,0,9.988743e-03
2026-07-20T17:57:08.930,1784559428.931,216.903,4.994280e-01,3.019007e-03,4.870605e-01,5.097656e-01,2000,0,9.988560e-03
2026-07-20T17:57:09.030,1784559429.031,217.003,4.999338e-01,3.086584e-03,4.899902e-01,5.107422e-01,2000,0,9.998677e-03
2026-07-20T17:57:09.130,1784559429.131,217.103,5.001293e-01,2.842421e-03,4.877930e-01,5.134277e-01,2000,0,1.000259e-02
2026-07-20T17:57:09.230,1784559429.231,217.203,4.998204e-01,2.987642e-03,4.909668e-01,5.090332e-01,2000,0,9.996409e-03
2026-07-20T17:57:09.330,1784559429.331,217.303,5.001000e-01,2.992609e-03,4.877930e-01,5.100098e-01,2000,0,1.000200e-02
2026-07-20T17:57:09.430,1784559429.430,217.403,5.004902e-01,2.997058e-03,4.897461e-01,5.102539e-01,2000,0,1.000980e-02
2026-07-20T17:57:09.530,1784559429.530,217.503,5.007292e-01,2.795957e-03,4.912109e-01,5.095215e-01,2000,0,1.001458e-02
2026-07-20T17:57:09.630,1784559429.630,217.603,5.007694e-01,2.663590e-03,4.887695e-01,5.104980e-01,2000,0,1.001539e-02
2026-07-20T17:57:09.731,1784559429.731,217.703,5.009528e-01,2.601387e-03,4.914551e-01,5.117188e-01,2000,0,1.001906e-02
2026-07-20T17:57:09.830,1784559429.830,217.803,5.001390e-01,2.582717e-03,4.919434e-01,5.078125e-01,2000,0,1.000278e-02
2026-07-20T17:57:09.931,1784559429.931,217.903,5.006787e-01,2.582468e-03,4.890137e-01,5.100098e-01,2000,0,1.001357e-02
2026-07-20T17:57:10.030,1784559430.030,218.003,5.001887e-01,2.509244e-03,4.926758e-01,5.090332e-01,2000,0,1.000377e-02
2026-07-20T17:57:10.130,1784559430.131,218.103,4.995818e-01,2.472961e-03,4.899902e-01,5.083008e-01,2000,0,9.991636e-03
2026-07-20T17:57:10.230,1784559430.230,218.203,4.998707e-01,2.643662e-03,4.870605e-01,5.104980e-01,2000,0,9.997415e-03
2026-07-20T17:57:10.330,1784559430.331,218.303,4.993519e-01,2.600793e-03,4.863281e-01,5.092773e-01,2000,0,9.987039e-03
2026-07-20T17:57:10.430,1784559430.430,218.403,4.992582e-01,2.405213e-03,4.877930e-01,5.109863e-01,2000,0,9.985164e-03
2026-07-20T17:57:10.530,1784559430.530,218.503,4.995675e-01,2.460718e-03,4.897461e-01,5.078125e-01,2000,0,9.991350e-03
2026-07-20T17:57:10.630,1784559430.630,218.603,4.990599e-01,2.481340e-03,4.895020e-01,5.065918e-01,2000,0,9.981199e-03
2026-07-20T17:57:10.731,1784559430.731,218.703,4.989006e-01,2.660898e-03,4.912109e-01,5.068359e-01,2000,0,9.978013e-03
2026-07-20T17:57:10.830,1784559430.830,218.803,4.990970e-01,2.564832e-03,4.907227e-01,5.073242e-01,2000,0,9.981941e-03
2026-07-20T17:57:10.931,1784559430.931,218.903,4.993052e-01,2.805773e-03,4.902344e-01,5.073242e-01,2000,0,9.986104e-03
2026-07-20T17:57:11.030,1784559431.031,219.003,4.982573e-01,2.686024e-03,4.892578e-01,5.085449e-01,2000,0,9.965146e-03
2026-07-20T17:57:11.130,1784559431.130,219.103,4.982659e-01,2.859995e-03,4.895020e-01,5.109863e-01,2000,0,9.965317e-03
2026-07-20T17:57:11.230,1784559431.231,219.203,4.982325e-01,2.860013e-03,4.873047e-01,5.078125e-01,2000,0,9.964651e-03
2026-07-20T17:57:11.330,1784559431.331,219.303,4.979332e-01,2.918280e-03,4.895020e-01,5.073242e-01,2000,0,9.958665e-03
2026-07-20T17:57:11.430,1784559431.431,219.403,4.983315e-01,3.045995e-03,4.887695e-01,5.070801e-01,2000,0,9.966631e-03
2026-07-20T17:57:11.530,1784559431.531,219.503,4.980253e-01,3.042522e-03,4.858398e-01,5.070801e-01,2000,0,9.960505e-03
2026-07-20T17:57:11.630,1784559431.631,219.603,4.974319e-01,2.990156e-03,4.865723e-01,5.085449e-01,2000,0,9.948638e-03
2026-07-20T17:57:11.730,1784559431.731,219.703,4.963555e-01,3.039015e-03,4.833984e-01,5.051270e-01,2000,0,9.927109e-03
2026-07-20T17:57:11.830,1784559431.831,219.803,4.969435e-01,3.039121e-03,4.855957e-01,5.085449e-01,2000,0,9.938870e-03
2026-07-20T17:57:11.930,1784559431.931,219.903,4.958629e-01,3.189709e-03,4.851074e-01,5.078125e-01,2000,0,9.917258e-03
2026-07-20T17:57:12.030,1784559432.031,220.003,4.958596e-01,3.043038e-03,4.843750e-01,5.063477e-01,2000,0,9.917192e-03
2026-07-20T17:57:12.130,1784559432.131,220.103,4.953253e-01,3.099853e-03,4.846191e-01,5.068359e-01,2000,0,9.906506e-03
2026-07-20T17:57:12.230,1784559432.231,220.203,4.951149e-01,3.234936e-03,4.855957e-01,5.070801e-01,2000,0,9.902297e-03
2026-07-20T17:57:12.330,1784559432.331,220.303,4.946100e-01,3.122944e-03,4.780273e-01,5.048828e-01,2000,0,9.892200e-03
2026-07-20T17:57:12.430,1784559432.431,220.403,4.938650e-01,3.157234e-03,4.816895e-01,5.073242e-01,2000,0,9.877300e-03
2026-07-20T17:57:12.530,1784559432.531,220.503,4.936713e-01,3.041589e-03,4.838867e-01,5.048828e-01,2000,0,9.873425e-03
2026-07-20T17:57:12.630,1784559432.631,220.603,4.937230e-01,2.948575e-03,4.829102e-01,5.048828e-01,2000,0,9.874460e-03
2026-07-20T17:57:12.730,1784559432.731,220.703,4.935853e-01,2.978657e-03,4.829102e-01,5.026855e-01,2000,0,9.871707e-03
2026-07-20T17:57:12.830,1784559432.831,220.803,4.929589e-01,2.880405e-03,4.829102e-01,5.024414e-01,2000,0,9.859177e-03
2026-07-20T17:57:12.930,1784559432.931,220.903,4.931443e-01,3.019591e-03,4.824219e-01,5.029297e-01,2000,0,9.862886e-03
2026-07-20T17:57:13.030,1784559433.031,221.003,4.926071e-01,2.956605e-03,4.826660e-01,5.019531e-01,2000,0,9.852141e-03
2026-07-20T17:57:13.130,1784559433.131,221.103,4.923737e-01,2.976114e-03,4.821777e-01,5.051270e-01,2000,0,9.847473e-03
2026-07-20T17:57:13.230,1784559433.231,221.203,4.922148e-01,2.985975e-03,4.821777e-01,5.026855e-01,2000,0,9.844297e-03
2026-07-20T17:57:13.330,1784559433.331,221.303,4.928855e-01,2.846036e-03,4.816895e-01,5.043945e-01,2000,0,9.857710e-03
2026-07-20T17:57:13.430,1784559433.431,221.403,4.926417e-01,2.938900e-03,4.843750e-01,5.026855e-01,2000,0,9.852834e-03
2026-07-20T17:57:13.530,1784559433.531,221.503,4.932097e-01,2.926166e-03,4.802246e-01,5.024414e-01,2000,0,9.864194e-03
2026-07-20T17:57:13.630,1784559433.631,221.603,4.934745e-01,2.917933e-03,4.812012e-01,5.063477e-01,2000,0,9.869490e-03
2026-07-20T17:57:13.730,1784559433.731,221.703,4.932439e-01,2.911269e-03,4.841309e-01,5.063477e-01,2000,0,9.864878e-03
2026-07-20T17:57:13.830,1784559433.831,221.803,4.933760e-01,3.191587e-03,4.824219e-01,5.029297e-01,2000,0,9.867520e-03
2026-07-20T17:57:13.930,1784559433.931,221.903,4.934458e-01,3.079951e-03,4.824219e-01,5.036621e-01,2000,0,9.868916e-03
2026-07-20T17:57:14.030,1784559434.031,222.003,4.937284e-01,3.050326e-03,4.799805e-01,5.039062e-01,2000,0,9.874568e-03
2026-07-20T17:57:14.130,1784559434.131,222.103,4.938964e-01,3.032287e-03,4.829102e-01,5.056152e-01,2000,0,9.877927e-03
2026-07-20T17:57:14.230,1784559434.231,222.203,4.937192e-01,3.161059e-03,4.821777e-01,5.041504e-01,2000,0,9.874385e-03
2026-07-20T17:57:14.330,1784559434.331,222.303,4.940094e-01,3.154828e-03,4.826660e-01,5.061035e-01,2000,0,9.880188e-03
2026-07-20T17:57:14.430,1784559434.431,222.403,4.940361e-01,3.030058e-03,4.829102e-01,5.073242e-01,2000,0,9.880723e-03
2026-07-20T17:57:14.530,1784559434.531,222.503,4.934982e-01,3.159369e-03,4.826660e-01,5.043945e-01,2000,0,9.869963e-03
2026-07-20T17:57:14.630,1784559434.631,222.603,4.933010e-01,3.506511e-03,4.770508e-01,5.051270e-01,2000,0,9.866021e-03
2026-07-20T17:57:14.730,1784559434.731,222.703,4.935939e-01,3.652234e-03,4.824219e-01,5.078125e-01,2000,0,9.871877e-03
2026-07-20T17:57:14.830,1784559434.831,222.803,4.925723e-01,3.703720e-03,4.812012e-01,5.061035e-01,2000,0,9.851445e-03
2026-07-20T17:57:14.930,1784559434.931,222.903,4.925201e-01,3.587240e-03,4.816895e-01,5.039062e-01,2000,0,9.850403e-03
2026-07-20T17:57:15.030,1784559435.031,223.003,4.923187e-01,3.914470e-03,4.777832e-01,5.053711e-01,2000,0,9.846375e-03
2026-07-20T17:57:15.130,1784559435.131,223.103,4.916044e-01,3.845308e-03,4.763184e-01,5.073242e-01,2000,0,9.832087e-03
2026-07-20T17:57:15.230,1784559435.231,223.203,4.914684e-01,3.907436e-03,4.802246e-01,5.053711e-01,2000,0,9.829368e-03
2026-07-20T17:57:15.330,1784559435.331,223.303,4.910767e-01,3.982827e-03,4.792480e-01,5.100098e-01,2000,0,9.821533e-03
2026-07-20T17:57:15.430,1784559435.431,223.403,4.904449e-01,4.067625e-03,4.790039e-01,5.058594e-01,2000,0,9.808899e-03
2026-07-20T17:57:15.530,1784559435.531,223.503,4.903188e-01,3.830599e-03,4.787598e-01,5.046387e-01,2000,0,9.806377e-03
2026-07-20T17:57:15.630,1784559435.631,223.603,4.902107e-01,3.936639e-03,4.775391e-01,5.048828e-01,2000,0,9.804214e-03
2026-07-20T17:57:15.730,1784559435.731,223.703,4.895391e-01,3.932498e-03,4.760742e-01,5.097656e-01,2000,0,9.790781e-03
2026-07-20T17:57:15.830,1784559435.831,223.803,4.893274e-01,3.969375e-03,4.785156e-01,5.043945e-01,2000,0,9.786548e-03
2026-07-20T17:57:15.930,1784559435.931,223.903,4.885256e-01,3.961267e-03,4.760742e-01,5.014648e-01,2000,0,9.770513e-03
2026-07-20T17:57:16.030,1784559436.031,224.003,4.883053e-01,3.922207e-03,4.777832e-01,5.041504e-01,2000,0,9.766106e-03
2026-07-20T17:57:16.130,1784559436.131,224.103,4.877969e-01,3.839562e-03,4.785156e-01,5.031738e-01,2000,0,9.755938e-03
2026-07-20T17:57:16.230,1784559436.231,224.203,4.870663e-01,3.875373e-03,4.775391e-01,5.041504e-01,2000,0,9.741326e-03
2026-07-20T17:57:16.330,1784559436.331,224.303,4.866361e-01,3.813654e-03,4.733887e-01,5.014648e-01,2000,0,9.732722e-03
2026-07-20T17:57:16.430,1784559436.431,224.403,4.863373e-01,3.857477e-03,4.755859e-01,4.997559e-01,2000,0,9.726746e-03
2026-07-20T17:57:16.531,1784559436.531,224.503,4.860891e-01,3.771942e-03,4.741211e-01,5.004883e-01,2000,0,9.721782e-03
2026-07-20T17:57:16.630,1784559436.631,224.603,4.849935e-01,3.736691e-03,4.721680e-01,4.965820e-01,2000,0,9.699871e-03
2026-07-20T17:57:16.730,1784559436.731,224.703,4.844501e-01,3.712053e-03,4.731445e-01,5.000000e-01,2000,0,9.689001e-03
2026-07-20T17:57:16.830,1784559436.831,224.803,4.841863e-01,3.787899e-03,4.738770e-01,4.973145e-01,2000,0,9.683726e-03
2026-07-20T17:57:16.930,1784559436.931,224.903,4.831183e-01,3.644519e-03,4.738770e-01,4.956055e-01,2000,0,9.662366e-03
2026-07-20T17:57:17.030,1784559437.031,225.003,4.831218e-01,3.636305e-03,4.719238e-01,4.975586e-01,2000,0,9.662437e-03
2026-07-20T17:57:17.130,1784559437.131,225.103,4.819459e-01,3.624949e-03,4.624023e-01,4.924316e-01,2000,0,9.638918e-03
2026-07-20T17:57:17.230,1784559437.231,225.203,4.810380e-01,3.321224e-03,4.704590e-01,4.916992e-01,2000,0,9.620759e-03
2026-07-20T17:57:17.330,1784559437.331,225.303,4.806547e-01,3.291995e-03,4.711914e-01,4.907227e-01,2000,0,9.613093e-03
2026-07-20T17:57:17.430,1784559437.431,225.403,4.799681e-01,3.129117e-03,4.702148e-01,4.904785e-01,2000,0,9.599363e-03
2026-07-20T17:57:17.530,1784559437.531,225.503,4.792181e-01,3.472247e-03,4.689941e-01,4.912109e-01,2000,0,9.584363e-03
2026-07-20T17:57:17.630,1784559437.631,225.603,4.789905e-01,3.074883e-03,4.677734e-01,4.902344e-01,2000,0,9.579810e-03
2026-07-20T17:57:17.730,1784559437.731,225.703,4.788843e-01,3.243074e-03,4.643555e-01,4.907227e-01,2000,0,9.577686e-03
2026-07-20T17:57:17.830,1784559437.831,225.803,4.781886e-01,3.168878e-03,4.631348e-01,4.880371e-01,2000,0,9.563772e-03
2026-07-20T17:57:17.930,1784559437.931,225.903,4.781078e-01,3.047389e-03,4.672852e-01,4.885254e-01,2000,0,9.562156e-03
2026-07-20T17:57:18.030,1784559438.031,226.003,4.777059e-01,3.041754e-03,4.667969e-01,4.916992e-01,2000,0,9.554119e-03
2026-07-20T17:57:18.130,1784559438.131,226.103,4.779045e-01,3.031023e-03,4.680176e-01,4.882812e-01,2000,0,9.558091e-03
2026-07-20T17:57:18.230,1784559438.231,226.203,4.778281e-01,3.000608e-03,4.624023e-01,4.875488e-01,2000,0,9.556563e-03
2026-07-20T17:57:18.330,1784559438.331,226.303,4.780428e-01,3.179218e-03,4.660645e-01,4.880371e-01,2000,0,9.560857e-03
2026-07-20T17:57:18.430,1784559438.431,226.403,4.775425e-01,3.198716e-03,4.677734e-01,4.887695e-01,2000,0,9.550850e-03
2026-07-20T17:57:18.530,1784559438.531,226.503,4.776163e-01,3.230261e-03,4.667969e-01,4.912109e-01,2000,0,9.552327e-03
2026-07-20T17:57:18.630,1784559438.631,226.603,4.777313e-01,3.239281e-03,4.675293e-01,4.892578e-01,2000,0,9.554626e-03
2026-07-20T17:57:18.730,1784559438.731,226.703,4.774100e-01,3.433204e-03,4.675293e-01,4.909668e-01,2000,0,9.548201e-03
2026-07-20T17:57:18.830,1784559438.831,226.803,4.777365e-01,3.273322e-03,4.682617e-01,4.895020e-01,2000,0,9.554729e-03
2026-07-20T17:57:18.930,1784559438.931,226.903,4.777355e-01,3.260857e-03,4.680176e-01,4.919434e-01,2000,0,9.554709e-03
2026-07-20T17:57:19.031,1784559439.031,227.003,4.769655e-01,3.323581e-03,4.658203e-01,4.890137e-01,2000,0,9.539309e-03
2026-07-20T17:57:19.131,1784559439.131,227.103,4.769929e-01,3.321352e-03,4.658203e-01,4.914551e-01,2000,0,9.539858e-03
2026-07-20T17:57:19.230,1784559439.231,227.203,4.770629e-01,3.390418e-03,4.675293e-01,4.890137e-01,2000,0,9.541257e-03
2026-07-20T17:57:19.330,1784559439.331,227.303,4.767101e-01,3.294552e-03,4.672852e-01,4.931641e-01,2000,0,9.534202e-03
2026-07-20T17:57:19.431,1784559439.431,227.403,4.761326e-01,3.335071e-03,4.643555e-01,4.887695e-01,2000,0,9.522651e-03
2026-07-20T17:57:19.531,1784559439.531,227.503,4.754403e-01,3.326658e-03,4.626465e-01,4.870605e-01,2000,0,9.508806e-03
2026-07-20T17:57:19.631,1784559439.631,227.603,4.744497e-01,3.243418e-03,4.645996e-01,4.863281e-01,2000,0,9.488994e-03
2026-07-20T17:57:19.730,1784559439.731,227.703,4.737861e-01,3.066183e-03,4.614258e-01,4.853516e-01,2000,0,9.475723e-03
2026-07-20T17:57:19.830,1784559439.831,227.803,4.728821e-01,3.143953e-03,4.616699e-01,4.833984e-01,2000,0,9.457642e-03
2026-07-20T17:57:19.930,1784559439.931,227.903,4.711421e-01,3.201131e-03,4.565430e-01,4.824219e-01,2000,0,9.422842e-03
2026-07-20T17:57:20.031,1784559440.031,228.003,4.703943e-01,3.237555e-03,4.597168e-01,4.807129e-01,2000,0,9.407886e-03
2026-07-20T17:57:20.131,1784559440.131,228.103,4.694966e-01,3.336846e-03,4.565430e-01,4.853516e-01,2000,0,9.389932e-03
2026-07-20T17:57:20.231,1784559440.231,228.203,4.675126e-01,3.209589e-03,4.580078e-01,4.785156e-01,2000,0,9.350251e-03
2026-07-20T17:57:20.331,1784559440.331,228.303,4.665807e-01,3.263014e-03,4.553223e-01,4.836426e-01,2000,0,9.331614e-03
2026-07-20T17:57:20.431,1784559440.431,228.403,4.651295e-01,3.347385e-03,4.523926e-01,4.755859e-01,2000,0,9.302590e-03
2026-07-20T17:57:20.531,1784559440.531,228.503,4.630187e-01,3.325841e-03,4.499512e-01,4.741211e-01,2000,0,9.260374e-03
2026-07-20T17:57:20.630,1784559440.631,228.603,4.618755e-01,3.432725e-03,4.497070e-01,4.736328e-01,2000,0,9.237510e-03
2026-07-20T17:57:20.731,1784559440.731,228.703,4.605756e-01,3.285961e-03,4.458008e-01,4.702148e-01,2000,0,9.211511e-03
2026-07-20T17:57:20.831,1784559440.831,228.803,4.583748e-01,3.421733e-03,4.445801e-01,4.729004e-01,2000,0,9.167495e-03
2026-07-20T17:57:20.931,1784559440.931,228.903,4.576842e-01,3.380951e-03,4.462891e-01,4.694824e-01,2000,0,9.153684e-03
2026-07-20T17:57:21.030,1784559441.031,229.003,4.558073e-01,3.409853e-03,4.431152e-01,4.663086e-01,2000,0,9.116145e-03
2026-07-20T17:57:21.131,1784559441.131,229.103,4.550466e-01,3.529537e-03,4.414062e-01,4.660645e-01,2000,0,9.100933e-03
2026-07-20T17:57:21.231,1784559441.231,229.203,4.544685e-01,3.637818e-03,4.406738e-01,4.645996e-01,2000,0,9.089370e-03
2026-07-20T17:57:21.331,1784559441.331,229.303,4.526050e-01,3.514413e-03,4.404297e-01,4.675293e-01,2000,0,9.052100e-03
2026-07-20T17:57:21.431,1784559441.431,229.403,4.513906e-01,3.573832e-03,4.375000e-01,4.621582e-01,2000,0,9.027812e-03
2026-07-20T17:57:21.531,1784559441.531,229.503,4.505670e-01,3.578543e-03,4.384766e-01,4.611816e-01,2000,0,9.011340e-03
2026-07-20T17:57:21.631,1784559441.631,229.603,4.494006e-01,3.553961e-03,4.350586e-01,4.599609e-01,2000,0,8.988013e-03
2026-07-20T17:57:21.731,1784559441.731,229.703,4.486360e-01,3.110722e-03,4.365234e-01,4.582520e-01,2000,0,8.972720e-03
2026-07-20T17:57:21.831,1784559441.831,229.803,4.482437e-01,3.175133e-03,4.379883e-01,4.594727e-01,2000,0,8.964873e-03
2026-07-20T17:57:21.931,1784559441.931,229.903,4.470822e-01,3.250655e-03,4.323730e-01,4.575195e-01,2000,0,8.941643e-03
2026-07-20T17:57:22.031,1784559442.031,230.003,4.466372e-01,3.052114e-03,4.348145e-01,4.555664e-01,2000,0,8.932744e-03
2026-07-20T17:57:22.131,1784559442.131,230.103,4.463877e-01,3.209198e-03,4.343262e-01,4.577637e-01,2000,0,8.927754e-03
2026-07-20T17:57:22.231,1784559442.231,230.203,4.453209e-01,3.048263e-03,4.343262e-01,4.541016e-01,2000,0,8.906418e-03
2026-07-20T17:57:22.331,1784559442.331,230.303,4.444586e-01,2.950437e-03,4.338379e-01,4.560547e-01,2000,0,8.889172e-03
2026-07-20T17:57:22.431,1784559442.431,230.403,4.439032e-01,3.008500e-03,4.343262e-01,4.577637e-01,2000,0,8.878064e-03
2026-07-20T17:57:22.531,1784559442.531,230.503,4.429039e-01,3.149361e-03,4.323730e-01,4.526367e-01,2000,0,8.858079e-03
2026-07-20T17:57:22.631,1784559442.631,230.603,4.417823e-01,3.049368e-03,4.318848e-01,4.504395e-01,2000,0,8.835647e-03
2026-07-20T17:57:22.731,1784559442.731,230.703,4.410728e-01,3.042095e-03,4.311523e-01,4.511719e-01,2000,0,8.821455e-03
2026-07-20T17:57:22.831,1784559442.831,230.803,4.400121e-01,3.064346e-03,4.282227e-01,4.489746e-01,2000,0,8.800242e-03
2026-07-20T17:57:22.931,1784559442.931,230.903,4.386602e-01,3.146446e-03,4.262695e-01,4.489746e-01,2000,0,8.773203e-03
2026-07-20T17:57:23.031,1784559443.031,231.003,4.377722e-01,3.139128e-03,4.257812e-01,4.479980e-01,2000,0,8.755444e-03
2026-07-20T17:57:23.131,1784559443.131,231.103,4.372535e-01,3.247515e-03,4.265137e-01,4.477539e-01,2000,0,8.745071e-03
2026-07-20T17:57:23.230,1784559443.231,231.203,4.357754e-01,3.161804e-03,4.262695e-01,4.453125e-01,2000,0,8.715508e-03
2026-07-20T17:57:23.331,1784559443.331,231.303,4.356208e-01,3.181427e-03,4.216309e-01,4.455566e-01,2000,0,8.712417e-03
2026-07-20T17:57:23.430,1784559443.431,231.403,4.347382e-01,3.247308e-03,4.252930e-01,4.516602e-01,2000,0,8.694763e-03
2026-07-20T17:57:23.530,1784559443.531,231.503,4.332684e-01,3.170436e-03,4.223633e-01,4.433594e-01,2000,0,8.665369e-03
2026-07-20T17:57:23.631,1784559443.631,231.603,4.332432e-01,3.182979e-03,4.223633e-01,4.428711e-01,2000,0,8.664863e-03
2026-07-20T17:57:23.731,1784559443.731,231.703,4.327227e-01,3.190306e-03,4.213867e-01,4.436035e-01,2000,0,8.654453e-03
2026-07-20T17:57:23.831,1784559443.831,231.803,4.317638e-01,3.279164e-03,4.194336e-01,4.428711e-01,2000,0,8.635276e-03
2026-07-20T17:57:23.931,1784559443.931,231.903,4.317670e-01,3.219887e-03,4.221191e-01,4.411621e-01,2000,0,8.635339e-03
2026-07-20T17:57:24.030,1784559444.031,232.003,4.312246e-01,3.273491e-03,4.199219e-01,4.418945e-01,2000,0,8.624492e-03
2026-07-20T17:57:24.131,1784559444.131,232.103,4.299403e-01,3.220697e-03,4.160156e-01,4.401855e-01,2000,0,8.598806e-03
2026-07-20T17:57:24.231,1784559444.231,232.203,4.312505e-01,3.259660e-03,4.184570e-01,4.411621e-01,2000,0,8.625010e-03
2026-07-20T17:57:24.331,1784559444.331,232.303,4.313280e-01,3.132333e-03,4.201660e-01,4.416504e-01,2000,0,8.626560e-03
2026-07-20T17:57:24.431,1784559444.431,232.403,4.305732e-01,3.108847e-03,4.204102e-01,4.401855e-01,2000,0,8.611465e-03
2026-07-20T17:57:24.531,1784559444.531,232.503,4.309009e-01,3.092772e-03,4.206543e-01,4.414062e-01,2000,0,8.618018e-03
2026-07-20T17:57:24.631,1784559444.631,232.603,4.309263e-01,3.321547e-03,4.174805e-01,4.409180e-01,2000,0,8.618525e-03
2026-07-20T17:57:24.731,1784559444.731,232.703,4.308220e-01,3.177267e-03,4.204102e-01,4.406738e-01,2000,0,8.616440e-03
2026-07-20T17:57:24.831,1784559444.831,232.803,4.308861e-01,3.306013e-03,4.174805e-01,4.440918e-01,2000,0,8.617722e-03
2026-07-20T17:57:24.930,1784559444.931,232.903,4.304923e-01,3.266393e-03,4.191895e-01,4.399414e-01,2000,0,8.609846e-03
2026-07-20T17:57:25.030,1784559445.031,233.003,4.299257e-01,3.314562e-03,4.182129e-01,4.396973e-01,2000,0,8.598513e-03
2026-07-20T17:57:25.131,1784559445.131,233.104,4.302288e-01,3.215592e-03,4.194336e-01,4.409180e-01,2000,0,8.604575e-03
2026-07-20T17:57:25.231,1784559445.231,233.203,4.308468e-01,3.372988e-03,4.189453e-01,4.426270e-01,2000,0,8.616936e-03
2026-07-20T17:57:25.331,1784559445.331,233.303,4.298571e-01,3.111507e-03,4.182129e-01,4.394531e-01,2000,0,8.597141e-03
2026-07-20T17:57:25.431,1784559445.431,233.403,4.302621e-01,3.177024e-03,4.196777e-01,4.416504e-01,2000,0,8.605242e-03
2026-07-20T17:57:25.531,1784559445.531,233.503,4.298282e-01,3.196920e-03,4.177246e-01,4.404297e-01,2000,0,8.596565e-03
2026-07-20T17:57:25.631,1784559445.631,233.603,4.294812e-01,3.249281e-03,4.169922e-01,4.423828e-01,2000,0,8.589624e-03
2026-07-20T17:57:25.731,1784559445.731,233.703,4.291836e-01,3.019171e-03,4.187012e-01,4.409180e-01,2000,0,8.583672e-03
2026-07-20T17:57:25.831,1784559445.831,233.803,4.295239e-01,3.053672e-03,4.143066e-01,4.401855e-01,2000,0,8.590479e-03
2026-07-20T17:57:25.931,1784559445.931,233.903,4.291248e-01,2.925656e-03,4.194336e-01,4.389648e-01,2000,0,8.582495e-03
2026-07-20T17:57:26.031,1784559446.031,234.003,4.290240e-01,2.996160e-03,4.177246e-01,4.392090e-01,2000,0,8.580481e-03
2026-07-20T17:57:26.131,1784559446.131,234.103,4.288002e-01,3.171610e-03,4.165039e-01,4.418945e-01,2000,0,8.576003e-03
2026-07-20T17:57:26.231,1784559446.231,234.203,4.285413e-01,2.987377e-03,4.196777e-01,4.384766e-01,2000,0,8.570825e-03
2026-07-20T17:57:26.331,1784559446.331,234.303,4.284587e-01,2.908830e-03,4.187012e-01,4.394531e-01,2000,0,8.569175e-03
2026-07-20T17:57:26.431,1784559446.431,234.403,4.288107e-01,2.900968e-03,4.204102e-01,4.389648e-01,2000,0,8.576213e-03
2026-07-20T17:57:26.531,1784559446.531,234.503,4.280961e-01,3.173045e-03,4.162598e-01,4.416504e-01,2000,0,8.561921e-03
2026-07-20T17:57:26.631,1784559446.631,234.603,4.279979e-01,3.065411e-03,4.116211e-01,4.453125e-01,2000,0,8.559958e-03
2026-07-20T17:57:26.731,1784559446.731,234.703,4.285167e-01,2.981803e-03,4.167480e-01,4.392090e-01,2000,0,8.570334e-03
2026-07-20T17:57:26.830,1784559446.831,234.803,4.273461e-01,3.178668e-03,4.150391e-01,4.384766e-01,2000,0,8.546921e-03
2026-07-20T17:57:26.931,1784559446.931,234.903,4.287076e-01,3.177407e-03,4.182129e-01,4.394531e-01,2000,0,8.574153e-03
2026-07-20T17:57:27.031,1784559447.031,235.003,4.283759e-01,3.063228e-03,4.157715e-01,4.384766e-01,2000,0,8.567517e-03
2026-07-20T17:57:27.131,1784559447.131,235.103,4.278207e-01,3.176677e-03,4.182129e-01,4.392090e-01,2000,0,8.556414e-03
2026-07-20T17:57:27.231,1784559447.231,235.203,4.282350e-01,3.217454e-03,4.174805e-01,4.384766e-01,2000,0,8.564700e-03
2026-07-20T17:57:27.331,1784559447.331,235.303,4.286300e-01,3.014871e-03,4.187012e-01,4.387207e-01,2000,0,8.572600e-03
2026-07-20T17:57:27.431,1784559447.431,235.403,4.284413e-01,3.403285e-03,4.172363e-01,4.450684e-01,2000,0,8.568826e-03
2026-07-20T17:57:27.531,1784559447.531,235.503,4.289114e-01,3.348084e-03,4.172363e-01,4.438477e-01,2000,0,8.578228e-03
2026-07-20T17:57:27.631,1784559447.631,235.603,4.290366e-01,3.152577e-03,4.196777e-01,4.409180e-01,2000,0,8.580732e-03
2026-07-20T17:57:27.731,1784559447.731,235.703,4.289794e-01,3.341451e-03,4.162598e-01,4.423828e-01,2000,0,8.579587e-03
2026-07-20T17:57:27.831,1784559447.831,235.803,4.297111e-01,3.326627e-03,4.184570e-01,4.411621e-01,2000,0,8.594221e-03
2026-07-20T17:57:27.930,1784559447.931,235.903,4.296229e-01,3.259022e-03,4.169922e-01,4.409180e-01,2000,0,8.592458e-03
2026-07-20T17:57:28.031,1784559448.031,236.003,4.299796e-01,3.505564e-03,4.184570e-01,4.416504e-01,2000,0,8.599592e-03
2026-07-20T17:57:28.131,1784559448.131,236.103,4.309089e-01,3.191404e-03,4.199219e-01,4.426270e-01,2000,0,8.618179e-03
2026-07-20T17:57:28.230,1784559448.231,236.203,4.309648e-01,3.431667e-03,4.172363e-01,4.445801e-01,2000,0,8.619297e-03
2026-07-20T17:57:28.331,1784559448.331,236.303,4.311001e-01,3.370513e-03,4.187012e-01,4.423828e-01,2000,0,8.622002e-03
2026-07-20T17:57:28.431,1784559448.431,236.403,4.314377e-01,3.446194e-03,4.216309e-01,4.458008e-01,2000,0,8.628755e-03
2026-07-20T17:57:28.531,1784559448.531,236.503,4.319625e-01,3.230849e-03,4.211426e-01,4.443359e-01,2000,0,8.639250e-03
2026-07-20T17:57:28.631,1784559448.631,236.603,4.319684e-01,3.046501e-03,4.223633e-01,4.433594e-01,2000,0,8.639368e-03
2026-07-20T17:57:28.731,1784559448.731,236.704,4.316339e-01,3.192028e-03,4.172363e-01,4.436035e-01,2000,0,8.632678e-03
2026-07-20T17:57:28.831,1784559448.831,236.803,4.329579e-01,3.221982e-03,4.228516e-01,4.433594e-01,2000,0,8.659158e-03
2026-07-20T17:57:28.931,1784559448.931,236.903,4.328636e-01,3.098205e-03,4.221191e-01,4.440918e-01,2000,0,8.657273e-03
2026-07-20T17:57:29.031,1784559449.031,237.003,4.336514e-01,2.965643e-03,4.238281e-01,4.455566e-01,2000,0,8.673027e-03
2026-07-20T17:57:29.131,1784559449.131,237.103,4.340344e-01,2.867691e-03,4.245605e-01,4.433594e-01,2000,0,8.680688e-03
2026-07-20T17:57:29.231,1784559449.231,237.203,4.343358e-01,2.794189e-03,4.257812e-01,4.438477e-01,2000,0,8.686716e-03
2026-07-20T17:57:29.331,1784559449.331,237.303,4.347220e-01,2.635320e-03,4.260254e-01,4.426270e-01,2000,0,8.694441e-03
2026-07-20T17:57:29.431,1784559449.431,237.403,4.354674e-01,2.744162e-03,4.252930e-01,4.448242e-01,2000,0,8.709348e-03
2026-07-20T17:57:29.531,1784559449.531,237.503,4.352650e-01,2.600363e-03,4.265137e-01,4.440918e-01,2000,0,8.705300e-03
2026-07-20T17:57:29.631,1784559449.631,237.603,4.358629e-01,2.559588e-03,4.270020e-01,4.443359e-01,2000,0,8.717258e-03
2026-07-20T17:57:29.731,1784559449.731,237.703,4.365577e-01,2.669639e-03,4.274902e-01,4.455566e-01,2000,0,8.731155e-03
2026-07-20T17:57:29.831,1784559449.831,237.803,4.366514e-01,2.705056e-03,4.262695e-01,4.458008e-01,2000,0,8.733027e-03
2026-07-20T17:57:29.931,1784559449.931,237.903,4.370941e-01,2.591005e-03,4.287109e-01,4.465332e-01,2000,0,8.741882e-03
2026-07-20T17:57:30.031,1784559450.031,238.003,4.380717e-01,2.771957e-03,4.294434e-01,4.465332e-01,2000,0,8.761433e-03
2026-07-20T17:57:30.131,1784559450.131,238.103,4.380039e-01,2.762901e-03,4.267578e-01,4.501953e-01,2000,0,8.760078e-03
2026-07-20T17:57:30.231,1784559450.231,238.203,4.383424e-01,2.729537e-03,4.265137e-01,4.501953e-01,2000,0,8.766848e-03
2026-07-20T17:57:30.331,1784559450.331,238.303,4.389606e-01,2.771315e-03,4.248047e-01,4.516602e-01,2000,0,8.779211e-03
2026-07-20T17:57:30.431,1784559450.431,238.403,4.390460e-01,2.703718e-03,4.287109e-01,4.494629e-01,2000,0,8.780920e-03
2026-07-20T17:57:30.531,1784559450.531,238.503,4.393312e-01,2.886399e-03,4.279785e-01,4.533691e-01,2000,0,8.786624e-03
2026-07-20T17:57:30.631,1784559450.631,238.603,4.396884e-01,2.779133e-03,4.267578e-01,4.509277e-01,2000,0,8.793767e-03
2026-07-20T17:57:30.731,1784559450.731,238.703,4.394590e-01,2.817402e-03,4.304199e-01,4.482422e-01,2000,0,8.789180e-03
2026-07-20T17:57:30.831,1784559450.831,238.803,4.397767e-01,2.926059e-03,4.301758e-01,4.523926e-01,2000,0,8.795535e-03
2026-07-20T17:57:30.931,1784559450.931,238.903,4.401948e-01,2.978591e-03,4.296875e-01,4.504395e-01,2000,0,8.803896e-03
2026-07-20T17:57:31.031,1784559451.031,239.003,4.395989e-01,3.014574e-03,4.296875e-01,4.504395e-01,2000,0,8.791978e-03
2026-07-20T17:57:31.131,1784559451.131,239.103,4.396566e-01,2.852695e-03,4.284668e-01,4.499512e-01,2000,0,8.793132e-03
2026-07-20T17:57:31.231,1784559451.231,239.203,4.396632e-01,3.027305e-03,4.301758e-01,4.509277e-01,2000,0,8.793264e-03
2026-07-20T17:57:31.331,1784559451.331,239.303,4.389292e-01,3.006735e-03,4.299316e-01,4.484863e-01,2000,0,8.778584e-03
2026-07-20T17:57:31.431,1784559451.431,239.403,4.393696e-01,2.906156e-03,4.287109e-01,4.492188e-01,2000,0,8.787393e-03
2026-07-20T17:57:31.531,1784559451.531,239.503,4.391206e-01,2.953687e-03,4.284668e-01,4.489746e-01,2000,0,8.782412e-03
2026-07-20T17:57:31.630,1784559451.630,239.603,4.385460e-01,3.217553e-03,4.277344e-01,4.499512e-01,2000,0,8.770920e-03
2026-07-20T17:57:31.731,1784559451.731,239.703,4.383555e-01,3.165168e-03,4.267578e-01,4.592285e-01,2000,0,8.767109e-03
2026-07-20T17:57:31.831,1784559451.831,239.803,4.377612e-01,3.162890e-03,4.265137e-01,4.472656e-01,2000,0,8.755225e-03
2026-07-20T17:57:31.931,1784559451.931,239.903,4.374373e-01,3.249932e-03,4.279785e-01,4.489746e-01,2000,0,8.748745e-03
2026-07-20T17:57:32.031,1784559452.031,240.004,4.368544e-01,3.416278e-03,4.260254e-01,4.489746e-01,2000,0,8.737087e-03
2026-07-20T17:57:32.131,1784559452.131,240.103,4.373630e-01,3.188651e-03,4.245605e-01,4.467773e-01,2000,0,8.747261e-03
2026-07-20T17:57:32.231,1784559452.231,240.203,4.372474e-01,3.211654e-03,4.270020e-01,4.475098e-01,2000,0,8.744949e-03
2026-07-20T17:57:32.331,1784559452.331,240.303,4.365286e-01,3.279851e-03,4.238281e-01,4.514160e-01,2000,0,8.730571e-03
2026-07-20T17:57:32.431,1784559452.431,240.403,4.360732e-01,3.256342e-03,4.216309e-01,4.467773e-01,2000,0,8.721465e-03
2026-07-20T17:57:32.531,1784559452.531,240.503,4.357842e-01,3.171604e-03,4.245605e-01,4.477539e-01,2000,0,8.715684e-03
2026-07-20T17:57:32.631,1784559452.631,240.603,4.355385e-01,3.321805e-03,4.257812e-01,4.458008e-01,2000,0,8.710769e-03
2026-07-20T17:57:32.731,1784559452.731,240.703,4.347655e-01,3.283408e-03,4.252930e-01,4.475098e-01,2000,0,8.695310e-03
2026-07-20T17:57:32.831,1784559452.831,240.803,4.336603e-01,3.139389e-03,4.194336e-01,4.543457e-01,2000,0,8.673206e-03
2026-07-20T17:57:32.931,1784559452.931,240.903,4.336105e-01,3.190039e-03,4.230957e-01,4.453125e-01,2000,0,8.672209e-03
2026-07-20T17:57:33.031,1784559453.031,241.003,4.328512e-01,3.162265e-03,4.233398e-01,4.436035e-01,2000,0,8.657024e-03
2026-07-20T17:57:33.131,1784559453.131,241.103,4.320984e-01,3.267194e-03,4.221191e-01,4.411621e-01,2000,0,8.641968e-03
2026-07-20T17:57:33.231,1784559453.231,241.203,4.314324e-01,3.174461e-03,4.194336e-01,4.436035e-01,2000,0,8.628647e-03
2026-07-20T17:57:33.331,1784559453.331,241.303,4.305155e-01,3.174131e-03,4.179688e-01,4.406738e-01,2000,0,8.610310e-03
2026-07-20T17:57:33.431,1784559453.431,241.403,4.294802e-01,3.171341e-03,4.189453e-01,4.423828e-01,2000,0,8.589604e-03
2026-07-20T17:57:33.531,1784559453.531,241.503,4.287235e-01,3.179278e-03,4.145508e-01,4.389648e-01,2000,0,8.574470e-03
2026-07-20T17:57:33.629,1784559453.630,241.603,4.273477e-01,3.396574e-03,4.169922e-01,4.387207e-01,2000,0,8.546953e-03
2026-07-20T17:57:33.731,1784559453.731,241.703,4.265381e-01,3.298944e-03,4.162598e-01,4.440918e-01,2000,0,8.530762e-03
2026-07-20T17:57:33.831,1784559453.831,241.803,4.257673e-01,3.367174e-03,4.155273e-01,4.379883e-01,2000,0,8.515347e-03
2026-07-20T17:57:33.931,1784559453.931,241.903,4.243339e-01,3.319257e-03,4.133301e-01,4.362793e-01,2000,0,8.486677e-03
2026-07-20T17:57:34.031,1784559454.031,242.003,4.241521e-01,3.328587e-03,4.123535e-01,4.357910e-01,2000,0,8.483042e-03
2026-07-20T17:57:34.131,1784559454.131,242.103,4.227714e-01,3.323189e-03,4.113770e-01,4.357910e-01,2000,0,8.455427e-03
2026-07-20T17:57:34.231,1784559454.231,242.203,4.221272e-01,3.244177e-03,4.121094e-01,4.345703e-01,2000,0,8.442544e-03
2026-07-20T17:57:34.331,1784559454.331,242.303,4.216332e-01,3.158791e-03,4.118652e-01,4.323730e-01,2000,0,8.432664e-03
2026-07-20T17:57:34.431,1784559454.431,242.403,4.206759e-01,3.123757e-03,4.079590e-01,4.340820e-01,2000,0,8.413518e-03
2026-07-20T17:57:34.531,1784559454.531,242.503,4.197313e-01,2.940586e-03,4.113770e-01,4.335938e-01,2000,0,8.394626e-03
2026-07-20T17:57:34.631,1784559454.631,242.603,4.193263e-01,2.914648e-03,4.108887e-01,4.306641e-01,2000,0,8.386526e-03
2026-07-20T17:57:34.731,1784559454.731,242.703,4.186348e-01,3.075339e-03,4.069824e-01,4.289551e-01,2000,0,8.372695e-03
2026-07-20T17:57:34.831,1784559454.831,242.803,4.178461e-01,2.959101e-03,4.062500e-01,4.272461e-01,2000,0,8.356921e-03
2026-07-20T17:57:34.931,1784559454.931,242.903,4.179276e-01,2.892846e-03,4.064941e-01,4.272461e-01,2000,0,8.358552e-03
2026-07-20T17:57:35.031,1784559455.031,243.003,4.173846e-01,2.912603e-03,4.072266e-01,4.282227e-01,2000,0,8.347693e-03
2026-07-20T17:57:35.131,1784559455.131,243.103,4.167629e-01,2.962717e-03,4.064941e-01,4.289551e-01,2000,0,8.335259e-03
2026-07-20T17:57:35.231,1784559455.231,243.203,4.165449e-01,3.049431e-03,4.057617e-01,4.267578e-01,2000,0,8.330898e-03
2026-07-20T17:57:35.331,1784559455.331,243.303,4.162346e-01,2.891726e-03,4.042969e-01,4.255371e-01,2000,0,8.324692e-03
2026-07-20T17:57:35.431,1784559455.431,243.403,4.159147e-01,3.047923e-03,4.067383e-01,4.262695e-01,2000,0,8.318293e-03
2026-07-20T17:57:35.531,1784559455.531,243.503,4.155775e-01,2.894640e-03,4.035645e-01,4.262695e-01,2000,0,8.311550e-03
2026-07-20T17:57:35.631,1784559455.631,243.603,4.149652e-01,3.058138e-03,4.057617e-01,4.270020e-01,2000,0,8.299304e-03
2026-07-20T17:57:35.731,1784559455.731,243.703,4.145802e-01,3.034629e-03,4.050293e-01,4.270020e-01,2000,0,8.291604e-03
2026-07-20T17:57:35.831,1784559455.831,243.803,4.139631e-01,2.910658e-03,4.025879e-01,4.233398e-01,2000,0,8.279263e-03
2026-07-20T17:57:35.931,1784559455.931,243.903,4.130027e-01,3.023785e-03,4.003906e-01,4.233398e-01,2000,0,8.260054e-03
2026-07-20T17:57:36.031,1784559456.031,244.003,4.126721e-01,2.981755e-03,3.994141e-01,4.211426e-01,2000,0,8.253442e-03
2026-07-20T17:57:36.131,1784559456.131,244.103,4.123646e-01,3.076283e-03,3.981934e-01,4.221191e-01,2000,0,8.247292e-03
2026-07-20T17:57:36.231,1784559456.231,244.203,4.114818e-01,3.047468e-03,3.969727e-01,4.201660e-01,2000,0,8.229636e-03
2026-07-20T17:57:36.331,1784559456.331,244.303,4.109913e-01,3.079335e-03,3.996582e-01,4.230957e-01,2000,0,8.219827e-03
2026-07-20T17:57:36.431,1784559456.431,244.403,4.109783e-01,3.200518e-03,3.979492e-01,4.208984e-01,2000,0,8.219565e-03
2026-07-20T17:57:36.531,1784559456.531,244.503,4.103763e-01,3.273786e-03,3.986816e-01,4.189453e-01,2000,0,8.207527e-03
2026-07-20T17:57:36.631,1784559456.631,244.603,4.094559e-01,3.236537e-03,3.991699e-01,4.233398e-01,2000,0,8.189119e-03
2026-07-20T17:57:36.731,1784559456.731,244.703,4.087751e-01,3.159979e-03,3.977051e-01,4.189453e-01,2000,0,8.175503e-03
2026-07-20T17:57:36.831,1784559456.831,244.803,4.083385e-01,3.243094e-03,3.959961e-01,4.211426e-01,2000,0,8.166770e-03
2026-07-20T17:57:36.931,1784559456.931,244.903,4.067783e-01,3.416374e-03,3.957520e-01,4.204102e-01,2000,0,8.135566e-03
2026-07-20T17:57:37.031,1784559457.031,245.003,4.068696e-01,3.412004e-03,3.957520e-01,4.169922e-01,2000,0,8.137393e-03
2026-07-20T17:57:37.131,1784559457.131,245.103,4.061460e-01,3.468572e-03,3.920898e-01,4.184570e-01,2000,0,8.122920e-03
2026-07-20T17:57:37.231,1784559457.231,245.203,4.048092e-01,3.418630e-03,3.940430e-01,4.162598e-01,2000,0,8.096184e-03
2026-07-20T17:57:37.331,1784559457.331,245.303,4.045592e-01,3.517201e-03,3.935547e-01,4.174805e-01,2000,0,8.091184e-03
2026-07-20T17:57:37.431,1784559457.431,245.403,4.037416e-01,3.523848e-03,3.923340e-01,4.162598e-01,2000,0,8.074832e-03
2026-07-20T17:57:37.531,1784559457.531,245.503,4.028641e-01,3.512565e-03,3.928223e-01,4.147949e-01,2000,0,8.057283e-03
2026-07-20T17:57:37.631,1784559457.631,245.603,4.028689e-01,3.555690e-03,3.925781e-01,4.143066e-01,2000,0,8.057378e-03
2026-07-20T17:57:37.731,1784559457.731,245.703,4.023251e-01,3.505180e-03,3.894043e-01,4.208984e-01,2000,0,8.046501e-03
2026-07-20T17:57:37.831,1784559457.831,245.803,4.016874e-01,3.419298e-03,3.908691e-01,4.135742e-01,2000,0,8.033748e-03
2026-07-20T17:57:37.931,1784559457.931,245.903,4.010294e-01,3.395744e-03,3.916016e-01,4.135742e-01,2000,0,8.020588e-03
2026-07-20T17:57:38.031,1784559458.031,246.003,4.005668e-01,3.370758e-03,3.867188e-01,4.111328e-01,2000,0,8.011335e-03
2026-07-20T17:57:38.130,1784559458.130,246.103,4.000206e-01,3.396011e-03,3.891602e-01,4.133301e-01,2000,0,8.000413e-03
2026-07-20T17:57:38.231,1784559458.231,246.203,3.998328e-01,3.277753e-03,3.879395e-01,4.113770e-01,2000,0,7.996655e-03
2026-07-20T17:57:38.331,1784559458.331,246.303,3.986902e-01,3.234635e-03,3.862305e-01,4.082031e-01,2000,0,7.973804e-03
2026-07-20T17:57:38.430,1784559458.430,246.403,3.985127e-01,3.295041e-03,3.886719e-01,4.116211e-01,2000,0,7.970254e-03
2026-07-20T17:57:38.531,1784559458.531,246.503,3.981849e-01,3.295386e-03,3.876953e-01,4.108887e-01,2000,0,7.963699e-03
2026-07-20T17:57:38.631,1784559458.631,246.603,3.981736e-01,3.211618e-03,3.852539e-01,4.077148e-01,2000,0,7.963472e-03
2026-07-20T17:57:38.731,1784559458.731,246.703,3.982249e-01,3.302189e-03,3.862305e-01,4.089355e-01,2000,0,7.964497e-03
2026-07-20T17:57:38.831,1784559458.831,246.803,3.996465e-01,3.509318e-03,3.874512e-01,4.091797e-01,2000,0,7.992930e-03
2026-07-20T17:57:38.930,1784559458.930,246.903,3.996472e-01,3.318193e-03,3.872070e-01,4.121094e-01,2000,0,7.992944e-03
2026-07-20T17:57:39.031,1784559459.031,247.003,3.993226e-01,3.585513e-03,3.869629e-01,4.104004e-01,2000,0,7.986453e-03
2026-07-20T17:57:39.130,1784559459.130,247.103,4.006434e-01,3.601378e-03,3.842773e-01,4.118652e-01,2000,0,8.012869e-03
2026-07-20T17:57:39.230,1784559459.230,247.203,4.004397e-01,3.485937e-03,3.886719e-01,4.116211e-01,2000,0,8.008794e-03
2026-07-20T17:57:39.331,1784559459.331,247.303,4.007023e-01,3.684729e-03,3.901367e-01,4.130859e-01,2000,0,8.014045e-03
2026-07-20T17:57:39.431,1784559459.431,247.403,4.015063e-01,3.697293e-03,3.906250e-01,4.155273e-01,2000,0,8.030127e-03
2026-07-20T17:57:39.531,1784559459.531,247.503,4.018396e-01,3.768797e-03,3.894043e-01,4.128418e-01,2000,0,8.036792e-03
2026-07-20T17:57:39.631,1784559459.631,247.603,4.026820e-01,3.816925e-03,3.913574e-01,4.147949e-01,2000,0,8.053640e-03
2026-07-20T17:57:39.731,1784559459.731,247.703,4.046304e-01,3.778198e-03,3.933105e-01,4.157715e-01,2000,0,8.092607e-03
2026-07-20T17:57:39.830,1784559459.830,247.803,4.044767e-01,3.816802e-03,3.928223e-01,4.184570e-01,2000,0,8.089534e-03
2026-07-20T17:57:39.930,1784559459.930,247.903,4.059265e-01,3.752914e-03,3.947754e-01,4.187012e-01,2000,0,8.118530e-03
2026-07-20T17:57:40.031,1784559460.031,248.003,4.077512e-01,3.810016e-03,3.969727e-01,4.248047e-01,2000,0,8.155024e-03
2026-07-20T17:57:40.131,1784559460.131,248.103,4.084458e-01,3.860750e-03,3.977051e-01,4.208984e-01,2000,0,8.168916e-03
2026-07-20T17:57:40.230,1784559460.230,248.203,4.105844e-01,3.909779e-03,3.969727e-01,4.270020e-01,2000,0,8.211687e-03
2026-07-20T17:57:40.331,1784559460.331,248.303,4.131621e-01,3.959278e-03,4.018555e-01,4.277344e-01,2000,0,8.263242e-03
2026-07-20T17:57:40.430,1784559460.430,248.403,4.139810e-01,3.854450e-03,4.020996e-01,4.306641e-01,2000,0,8.279619e-03
2026-07-20T17:57:40.531,1784559460.532,248.503,4.161001e-01,4.042310e-03,4.035645e-01,4.306641e-01,2000,0,8.322002e-03
2026-07-20T17:57:40.631,1784559460.632,248.603,4.187793e-01,4.186913e-03,4.055176e-01,4.340820e-01,2000,0,8.375586e-03
2026-07-20T17:57:40.731,1784559460.731,248.703,4.205754e-01,4.300540e-03,4.072266e-01,4.350586e-01,2000,0,8.411509e-03
2026-07-20T17:57:40.831,1784559460.832,248.803,4.227811e-01,4.078641e-03,4.086914e-01,4.362793e-01,2000,0,8.455623e-03
2026-07-20T17:57:40.931,1784559460.931,248.903,4.250385e-01,4.094921e-03,4.140625e-01,4.379883e-01,2000,0,8.500769e-03
2026-07-20T17:57:41.030,1784559461.030,249.003,4.268018e-01,4.165776e-03,4.152832e-01,4.428711e-01,2000,0,8.536035e-03
2026-07-20T17:57:41.130,1784559461.130,249.103,4.293638e-01,4.094244e-03,4.160156e-01,4.428711e-01,2000,0,8.587275e-03
2026-07-20T17:57:41.231,1784559461.231,249.203,4.322401e-01,4.213552e-03,4.191895e-01,4.516602e-01,2000,0,8.644802e-03
2026-07-20T17:57:41.331,1784559461.331,249.303,4.342517e-01,4.240400e-03,4.238281e-01,4.514160e-01,2000,0,8.685034e-03
2026-07-20T17:57:41.431,1784559461.432,249.403,4.361820e-01,4.140770e-03,4.262695e-01,4.484863e-01,2000,0,8.723640e-03
2026-07-20T17:57:41.530,1784559461.531,249.503,4.387340e-01,4.366095e-03,4.257812e-01,4.575195e-01,2000,0,8.774680e-03
2026-07-20T17:57:41.631,1784559461.631,249.603,4.411555e-01,4.186932e-03,4.296875e-01,4.536133e-01,2000,0,8.823110e-03
2026-07-20T17:57:41.730,1784559461.730,249.703,4.428796e-01,4.054754e-03,4.301758e-01,4.550781e-01,2000,0,8.857593e-03
2026-07-20T17:57:41.831,1784559461.832,249.803,4.457817e-01,3.943486e-03,4.345703e-01,4.597168e-01,2000,0,8.915635e-03
2026-07-20T17:57:41.931,1784559461.931,249.903,4.475537e-01,3.750731e-03,4.365234e-01,4.587402e-01,2000,0,8.951074e-03
2026-07-20T17:57:42.031,1784559462.032,250.003,4.500526e-01,3.712928e-03,4.399414e-01,4.624023e-01,2000,0,9.001052e-03
2026-07-20T17:57:42.130,1784559462.131,250.103,4.528069e-01,3.765003e-03,4.409180e-01,4.638672e-01,2000,0,9.056138e-03
2026-07-20T17:57:42.231,1784559462.231,250.203,4.551627e-01,3.850164e-03,4.423828e-01,4.677734e-01,2000,0,9.103254e-03
2026-07-20T17:57:42.331,1784559462.332,250.303,4.567312e-01,3.667416e-03,4.460449e-01,4.689941e-01,2000,0,9.134624e-03
2026-07-20T17:57:42.431,1784559462.432,250.403,4.600206e-01,3.620192e-03,4.448242e-01,4.724121e-01,2000,0,9.200413e-03
2026-07-20T17:57:42.530,1784559462.531,250.503,4.621372e-01,3.649176e-03,4.506836e-01,4.733887e-01,2000,0,9.242744e-03
2026-07-20T17:57:42.631,1784559462.632,250.603,4.646742e-01,3.524026e-03,4.550781e-01,4.770508e-01,2000,0,9.293484e-03
2026-07-20T17:57:42.731,1784559462.731,250.703,4.674253e-01,3.595053e-03,4.553223e-01,4.794922e-01,2000,0,9.348506e-03
2026-07-20T17:57:42.830,1784559462.830,250.803,4.697305e-01,3.729425e-03,4.567871e-01,4.816895e-01,2000,0,9.394609e-03
2026-07-20T17:57:42.931,1784559462.932,250.903,4.713234e-01,3.536007e-03,4.577637e-01,4.848633e-01,2000,0,9.426467e-03
2026-07-20T17:57:43.031,1784559463.032,251.003,4.746700e-01,3.386819e-03,4.633789e-01,4.851074e-01,2000,0,9.493401e-03
2026-07-20T17:57:43.131,1784559463.131,251.103,4.768900e-01,3.486093e-03,4.611816e-01,4.895020e-01,2000,0,9.537800e-03
2026-07-20T17:57:43.230,1784559463.231,251.203,4.785330e-01,3.531036e-03,4.658203e-01,4.895020e-01,2000,0,9.570659e-03
2026-07-20T17:57:43.330,1784559463.331,251.303,4.814438e-01,3.628081e-03,4.702148e-01,4.941406e-01,2000,0,9.628877e-03
2026-07-20T17:57:43.431,1784559463.432,251.403,4.826661e-01,3.436087e-03,4.689941e-01,4.934082e-01,2000,0,9.653323e-03
2026-07-20T17:57:43.530,1784559463.531,251.503,4.850754e-01,3.524733e-03,4.738770e-01,4.963379e-01,2000,0,9.701509e-03
2026-07-20T17:57:43.630,1784559463.631,251.603,4.878071e-01,3.401648e-03,4.763184e-01,4.982910e-01,2000,0,9.756143e-03
2026-07-20T17:57:43.730,1784559463.731,251.703,4.899741e-01,3.324427e-03,4.785156e-01,5.039062e-01,2000,0,9.799482e-03
2026-07-20T17:57:43.830,1784559463.830,251.803,4.917581e-01,3.483818e-03,4.797363e-01,5.019531e-01,2000,0,9.835161e-03
2026-07-20T17:57:43.931,1784559463.932,251.904,4.945853e-01,3.491857e-03,4.838867e-01,5.092773e-01,2000,0,9.891707e-03
2026-07-20T17:57:44.031,1784559464.032,252.003,4.970029e-01,3.517454e-03,4.814453e-01,5.087891e-01,2000,0,9.940059e-03
2026-07-20T17:57:44.130,1784559464.131,252.103,4.984155e-01,3.347683e-03,4.868164e-01,5.085449e-01,2000,0,9.968311e-03
2026-07-20T17:57:44.230,1784559464.231,252.203,5.015651e-01,3.392940e-03,4.863281e-01,5.119629e-01,2000,0,1.003130e-02
2026-07-20T17:57:44.330,1784559464.331,252.303,5.036831e-01,3.313786e-03,4.929199e-01,5.144043e-01,2000,0,1.007366e-02
2026-07-20T17:57:44.430,1784559464.431,252.403,5.055181e-01,3.290954e-03,4.948730e-01,5.173340e-01,2000,0,1.011036e-02
2026-07-20T17:57:44.530,1784559464.531,252.503,5.079207e-01,3.479229e-03,4.921875e-01,5.185547e-01,2000,0,1.015841e-02
2026-07-20T17:57:44.628,1784559464.628,252.603,5.101534e-01,3.281419e-03,4.997559e-01,5.222168e-01,2000,0,1.020307e-02
2026-07-20T17:57:44.731,1784559464.731,252.703,5.113798e-01,3.512373e-03,4.990234e-01,5.249023e-01,2000,0,1.022760e-02
2026-07-20T17:57:44.831,1784559464.832,252.803,5.139813e-01,3.444131e-03,5.007324e-01,5.249023e-01,2000,0,1.027963e-02
2026-07-20T17:57:44.931,1784559464.932,252.904,5.161576e-01,3.352448e-03,5.053711e-01,5.300293e-01,2000,0,1.032315e-02
2026-07-20T17:57:45.030,1784559465.031,253.003,5.178893e-01,3.302611e-03,5.078125e-01,5.302734e-01,2000,0,1.035779e-02
2026-07-20T17:57:45.130,1784559465.131,253.103,5.199663e-01,3.363222e-03,5.083008e-01,5.322266e-01,2000,0,1.039933e-02
2026-07-20T17:57:45.230,1784559465.231,253.203,5.222969e-01,3.251651e-03,5.117188e-01,5.332031e-01,2000,0,1.044594e-02
2026-07-20T17:57:45.330,1784559465.331,253.303,5.233346e-01,3.251756e-03,5.112305e-01,5.336914e-01,2000,0,1.046669e-02
2026-07-20T17:57:45.430,1784559465.431,253.403,5.253539e-01,3.255804e-03,5.136719e-01,5.356445e-01,2000,0,1.050708e-02
2026-07-20T17:57:45.530,1784559465.531,253.503,5.278247e-01,3.267985e-03,5.173340e-01,5.393066e-01,2000,0,1.055649e-02
2026-07-20T17:57:45.631,1784559465.632,253.603,5.289427e-01,3.287982e-03,5.178223e-01,5.400391e-01,2000,0,1.057885e-02
2026-07-20T17:57:45.731,1784559465.732,253.704,5.315104e-01,3.483837e-03,5.197754e-01,5.424805e-01,2000,0,1.063021e-02
2026-07-20T17:57:45.830,1784559465.831,253.803,5.335919e-01,3.262649e-03,5.236816e-01,5.466309e-01,2000,0,1.067184e-02
2026-07-20T17:57:45.930,1784559465.931,253.903,5.346794e-01,3.430856e-03,5.224609e-01,5.458984e-01,2000,0,1.069359e-02
2026-07-20T17:57:46.030,1784559466.031,254.003,5.366257e-01,3.125531e-03,5.256348e-01,5.456543e-01,2000,0,1.073251e-02
2026-07-20T17:57:46.130,1784559466.130,254.103,5.389459e-01,3.319796e-03,5.229492e-01,5.483398e-01,2000,0,1.077892e-02
2026-07-20T17:57:46.230,1784559466.230,254.203,5.398097e-01,3.247739e-03,5.300293e-01,5.512695e-01,2000,0,1.079619e-02
2026-07-20T17:57:46.330,1784559466.331,254.303,5.416951e-01,3.392430e-03,5.312500e-01,5.522461e-01,2000,0,1.083390e-02
2026-07-20T17:57:46.430,1784559466.431,254.403,5.435536e-01,3.273489e-03,5.332031e-01,5.546875e-01,2000,0,1.087107e-02
2026-07-20T17:57:46.530,1784559466.531,254.503,5.440789e-01,3.305900e-03,5.336914e-01,5.573730e-01,2000,0,1.088158e-02
2026-07-20T17:57:46.630,1784559466.630,254.603,5.460283e-01,3.441543e-03,5.339355e-01,5.573730e-01,2000,0,1.092057e-02
2026-07-20T17:57:46.731,1784559466.732,254.704,5.473961e-01,3.117375e-03,5.373535e-01,5.583496e-01,2000,0,1.094792e-02
2026-07-20T17:57:46.830,1784559466.831,254.803,5.484528e-01,3.449333e-03,5.373535e-01,5.593262e-01,2000,0,1.096906e-02
2026-07-20T17:57:46.930,1784559466.930,254.903,5.503888e-01,3.494696e-03,5.390625e-01,5.625000e-01,2000,0,1.100778e-02
2026-07-20T17:57:47.030,1784559467.031,255.003,5.517142e-01,3.342959e-03,5.412598e-01,5.629883e-01,2000,0,1.103428e-02
2026-07-20T17:57:47.130,1784559467.131,255.103,5.528757e-01,3.371747e-03,5.424805e-01,5.634766e-01,2000,0,1.105751e-02
2026-07-20T17:57:47.230,1784559467.231,255.203,5.540734e-01,3.338410e-03,5.419922e-01,5.764160e-01,2000,0,1.108147e-02
2026-07-20T17:57:47.330,1784559467.331,255.303,5.556156e-01,3.303035e-03,5.458984e-01,5.659180e-01,2000,0,1.111231e-02
2026-07-20T17:57:47.430,1784559467.431,255.403,5.567789e-01,3.035450e-03,5.468750e-01,5.673828e-01,2000,0,1.113558e-02
2026-07-20T17:57:47.530,1784559467.531,255.503,5.580970e-01,3.249468e-03,5.473633e-01,5.700684e-01,2000,0,1.116194e-02
2026-07-20T17:57:47.630,1784559467.630,255.603,5.594130e-01,3.218632e-03,5.498047e-01,5.708008e-01,2000,0,1.118826e-02
2026-07-20T17:57:47.730,1784559467.731,255.703,5.603169e-01,3.181768e-03,5.500488e-01,5.705566e-01,2000,0,1.120634e-02
2026-07-20T17:57:47.830,1784559467.831,255.803,5.615890e-01,3.076040e-03,5.488281e-01,5.727539e-01,2000,0,1.123178e-02
2026-07-20T17:57:47.930,1784559467.930,255.903,5.627888e-01,3.000612e-03,5.527344e-01,5.715332e-01,2000,0,1.125578e-02
2026-07-20T17:57:48.030,1784559468.031,256.003,5.635511e-01,2.911024e-03,5.520020e-01,5.732422e-01,2000,0,1.127102e-02
2026-07-20T17:57:48.130,1784559468.131,256.103,5.642625e-01,2.899750e-03,5.541992e-01,5.747070e-01,2000,0,1.128525e-02
2026-07-20T17:57:48.230,1784559468.231,256.203,5.653503e-01,2.805009e-03,5.546875e-01,5.761719e-01,2000,0,1.130701e-02
2026-07-20T17:57:48.330,1784559468.331,256.303,5.653593e-01,2.794619e-03,5.554199e-01,5.747070e-01,2000,0,1.130719e-02
2026-07-20T17:57:48.430,1784559468.431,256.403,5.659028e-01,2.792217e-03,5.566406e-01,5.795898e-01,2000,0,1.131806e-02
2026-07-20T17:57:48.530,1784559468.531,256.503,5.660892e-01,2.803447e-03,5.546875e-01,5.759277e-01,2000,0,1.132178e-02
2026-07-20T17:57:48.630,1784559468.630,256.603,5.661854e-01,2.647371e-03,5.571289e-01,5.781250e-01,2000,0,1.132371e-02
2026-07-20T17:57:48.730,1784559468.731,256.703,5.664235e-01,2.574747e-03,5.563965e-01,5.747070e-01,2000,0,1.132847e-02
2026-07-20T17:57:48.830,1784559468.830,256.803,5.664105e-01,2.496703e-03,5.551758e-01,5.751953e-01,2000,0,1.132821e-02
2026-07-20T17:57:48.930,1784559468.931,256.903,5.657970e-01,2.604123e-03,5.571289e-01,5.791016e-01,2000,0,1.131594e-02
2026-07-20T17:57:49.030,1784559469.031,257.003,5.659386e-01,2.485759e-03,5.571289e-01,5.739746e-01,2000,0,1.131877e-02
2026-07-20T17:57:49.131,1784559469.131,257.103,5.656400e-01,2.477893e-03,5.566406e-01,5.734863e-01,2000,0,1.131280e-02
2026-07-20T17:57:49.230,1784559469.231,257.203,5.651357e-01,2.434859e-03,5.539551e-01,5.720215e-01,2000,0,1.130271e-02
2026-07-20T17:57:49.330,1784559469.330,257.303,5.653055e-01,2.498144e-03,5.566406e-01,5.732422e-01,2000,0,1.130611e-02
2026-07-20T17:57:49.430,1784559469.430,257.403,5.645835e-01,2.369961e-03,5.556641e-01,5.742188e-01,2000,0,1.129167e-02
2026-07-20T17:57:49.530,1784559469.531,257.503,5.634010e-01,2.479725e-03,5.522461e-01,5.727539e-01,2000,0,1.126802e-02
2026-07-20T17:57:49.631,1784559469.632,257.603,5.634119e-01,2.560042e-03,5.551758e-01,5.725098e-01,2000,0,1.126824e-02
2026-07-20T17:57:49.728,1784559469.728,257.703,5.629410e-01,2.614358e-03,5.529785e-01,5.732422e-01,2000,0,1.125882e-02
2026-07-20T17:57:49.830,1784559469.831,257.803,5.617904e-01,2.778871e-03,5.532227e-01,5.712891e-01,2000,0,1.123581e-02
2026-07-20T17:57:49.930,1784559469.930,257.903,5.614177e-01,2.657294e-03,5.529785e-01,5.693359e-01,2000,0,1.122835e-02
2026-07-20T17:57:50.030,1784559470.031,258.003,5.608630e-01,2.777586e-03,5.512695e-01,5.715332e-01,2000,0,1.121726e-02
2026-07-20T17:57:50.128,1784559470.128,258.103,5.599424e-01,2.618417e-03,5.505371e-01,5.686035e-01,2000,0,1.119885e-02
2026-07-20T17:57:50.230,1784559470.230,258.203,5.603104e-01,2.864900e-03,5.471191e-01,5.695801e-01,2000,0,1.120621e-02
2026-07-20T17:57:50.331,1784559470.332,258.303,5.594500e-01,2.966363e-03,5.463867e-01,5.705566e-01,2000,0,1.118900e-02
2026-07-20T17:57:50.430,1784559470.431,258.403,5.582572e-01,2.918622e-03,5.488281e-01,5.683594e-01,2000,0,1.116514e-02
2026-07-20T17:57:50.530,1784559470.530,258.503,5.581298e-01,2.990714e-03,5.480957e-01,5.683594e-01,2000,0,1.116260e-02
2026-07-20T17:57:50.628,1784559470.628,258.603,5.574233e-01,2.870128e-03,5.461426e-01,5.664062e-01,2000,0,1.114847e-02
2026-07-20T17:57:50.730,1784559470.731,258.703,5.566241e-01,2.841213e-03,5.473633e-01,5.668945e-01,2000,0,1.113248e-02
2026-07-20T17:57:50.831,1784559470.831,258.803,5.563516e-01,2.797783e-03,5.456543e-01,5.654297e-01,2000,0,1.112703e-02
2026-07-20T17:57:50.930,1784559470.931,258.903,5.554298e-01,2.937975e-03,5.461426e-01,5.688477e-01,2000,0,1.110860e-02
2026-07-20T17:57:51.030,1784559471.031,259.003,5.541793e-01,2.913058e-03,5.437012e-01,5.661621e-01,2000,0,1.108359e-02
2026-07-20T17:57:51.130,1784559471.130,259.103,5.537200e-01,3.077176e-03,5.412598e-01,5.644531e-01,2000,0,1.107440e-02
2026-07-20T17:57:51.230,1784559471.230,259.203,5.530114e-01,3.047785e-03,5.434570e-01,5.637207e-01,2000,0,1.106023e-02
2026-07-20T17:57:51.330,1784559471.331,259.303,5.520957e-01,2.944335e-03,5.410156e-01,5.617676e-01,2000,0,1.104191e-02
2026-07-20T17:57:51.430,1784559471.430,259.403,5.513125e-01,3.135863e-03,5.419922e-01,5.620117e-01,2000,0,1.102625e-02
2026-07-20T17:57:51.530,1784559471.530,259.503,5.503619e-01,3.220998e-03,5.383301e-01,5.603027e-01,2000,0,1.100724e-02
2026-07-20T17:57:51.631,1784559471.632,259.604,5.497733e-01,3.187667e-03,5.410156e-01,5.600586e-01,2000,0,1.099547e-02
2026-07-20T17:57:51.730,1784559471.730,259.703,5.495385e-01,3.173202e-03,5.383301e-01,5.590820e-01,2000,0,1.099077e-02
2026-07-20T17:57:51.830,1784559471.830,259.803,5.484945e-01,3.068336e-03,5.388184e-01,5.595703e-01,2000,0,1.096989e-02
2026-07-20T17:57:51.928,1784559471.928,259.903,5.475419e-01,3.199615e-03,5.375977e-01,5.625000e-01,2000,0,1.095084e-02
2026-07-20T17:57:52.028,1784559472.028,260.003,5.471304e-01,3.050301e-03,5.368652e-01,5.576172e-01,2000,0,1.094261e-02
2026-07-20T17:57:52.130,1784559472.130,260.103,5.462527e-01,3.061338e-03,5.349121e-01,5.549316e-01,2000,0,1.092505e-02
2026-07-20T17:57:52.228,1784559472.228,260.203,5.452755e-01,3.027219e-03,5.305176e-01,5.544434e-01,2000,0,1.090551e-02
2026-07-20T17:57:52.328,1784559472.328,260.303,5.447297e-01,2.968158e-03,5.341797e-01,5.556641e-01,2000,0,1.089459e-02
2026-07-20T17:57:52.430,1784559472.430,260.403,5.442876e-01,3.093739e-03,5.334473e-01,5.537109e-01,2000,0,1.088575e-02
2026-07-20T17:57:52.528,1784559472.528,260.503,5.423279e-01,2.963825e-03,5.319824e-01,5.537109e-01,2000,0,1.084656e-02
2026-07-20T17:57:52.630,1784559472.630,260.603,5.416886e-01,2.882661e-03,5.285645e-01,5.522461e-01,2000,0,1.083377e-02
2026-07-20T17:57:52.730,1784559472.730,260.703,5.413433e-01,2.847051e-03,5.283203e-01,5.522461e-01,2000,0,1.082687e-02
2026-07-20T17:57:52.830,1784559472.831,260.803,5.397894e-01,2.840605e-03,5.297852e-01,5.490723e-01,2000,0,1.079579e-02
2026-07-20T17:57:52.930,1784559472.931,260.903,5.393221e-01,2.905904e-03,5.283203e-01,5.498047e-01,2000,0,1.078644e-02
2026-07-20T17:57:53.030,1784559473.030,261.003,5.389514e-01,2.866724e-03,5.285645e-01,5.488281e-01,2000,0,1.077903e-02
2026-07-20T17:57:53.130,1784559473.131,261.103,5.377975e-01,3.014475e-03,5.273438e-01,5.473633e-01,2000,0,1.075595e-02
2026-07-20T17:57:53.228,1784559473.229,261.203,5.372506e-01,2.770279e-03,5.263672e-01,5.458984e-01,2000,0,1.074501e-02
2026-07-20T17:57:53.330,1784559473.331,261.303,5.369686e-01,2.830085e-03,5.273438e-01,5.476074e-01,2000,0,1.073937e-02
2026-07-20T17:57:53.430,1784559473.430,261.403,5.360173e-01,2.755701e-03,5.258789e-01,5.446777e-01,2000,0,1.072035e-02
2026-07-20T17:57:53.530,1784559473.531,261.503,5.355905e-01,2.933047e-03,5.253906e-01,5.512695e-01,2000,0,1.071181e-02
2026-07-20T17:57:53.630,1784559473.631,261.603,5.350510e-01,3.138696e-03,5.239258e-01,5.463867e-01,2000,0,1.070102e-02
2026-07-20T17:57:53.730,1784559473.731,261.703,5.339955e-01,3.116235e-03,5.236816e-01,5.444336e-01,2000,0,1.067991e-02
2026-07-20T17:57:53.831,1784559473.832,261.804,5.328929e-01,3.554912e-03,5.209961e-01,5.490723e-01,2000,0,1.065786e-02
2026-07-20T17:57:53.928,1784559473.929,261.903,5.326942e-01,3.179207e-03,5.202637e-01,5.429688e-01,2000,0,1.065388e-02
2026-07-20T17:57:54.030,1784559474.030,262.003,5.315715e-01,3.212983e-03,5.209961e-01,5.407715e-01,2000,0,1.063143e-02
2026-07-20T17:57:54.128,1784559474.128,262.103,5.314642e-01,3.392321e-03,5.195312e-01,5.449219e-01,2000,0,1.062928e-02
2026-07-20T17:57:54.228,1784559474.228,262.203,5.305724e-01,3.562472e-03,5.136719e-01,5.412598e-01,2000,0,1.061145e-02
2026-07-20T17:57:54.330,1784559474.330,262.303,5.294003e-01,3.528969e-03,5.168457e-01,5.410156e-01,2000,0,1.058801e-02
2026-07-20T17:57:54.431,1784559474.432,262.404,5.287605e-01,3.708457e-03,5.151367e-01,5.424805e-01,2000,0,1.057521e-02
2026-07-20T17:57:54.528,1784559474.528,262.503,5.286160e-01,3.490950e-03,5.136719e-01,5.407715e-01,2000,0,1.057232e-02
2026-07-20T17:57:54.630,1784559474.631,262.603,5.280206e-01,3.773712e-03,5.148926e-01,5.415039e-01,2000,0,1.056041e-02
2026-07-20T17:57:54.730,1784559474.731,262.703,5.279252e-01,3.721323e-03,5.131836e-01,5.407715e-01,2000,0,1.055850e-02
2026-07-20T17:57:54.830,1784559474.831,262.803,5.272568e-01,3.776543e-03,5.141602e-01,5.405273e-01,2000,0,1.054514e-02
2026-07-20T17:57:54.930,1784559474.931,262.903,5.267411e-01,3.658486e-03,5.124512e-01,5.388184e-01,2000,0,1.053482e-02
2026-07-20T17:57:55.030,1784559475.030,263.003,5.265006e-01,3.625606e-03,5.131836e-01,5.388184e-01,2000,0,1.053001e-02
2026-07-20T17:57:55.130,1784559475.131,263.103,5.262467e-01,3.890953e-03,5.131836e-01,5.375977e-01,2000,0,1.052493e-02
2026-07-20T17:57:55.230,1784559475.231,263.203,5.257745e-01,3.815308e-03,5.129395e-01,5.363770e-01,2000,0,1.051549e-02
2026-07-20T17:57:55.328,1784559475.328,263.303,5.255928e-01,3.798615e-03,5.102539e-01,5.405273e-01,2000,0,1.051186e-02
2026-07-20T17:57:55.430,1784559475.431,263.403,5.254293e-01,3.693505e-03,5.100098e-01,5.351562e-01,2000,0,1.050859e-02
2026-07-20T17:57:55.530,1784559475.531,263.503,5.244506e-01,3.656092e-03,5.122070e-01,5.351562e-01,2000,0,1.048901e-02
2026-07-20T17:57:55.630,1784559475.630,263.603,5.247305e-01,3.782852e-03,5.117188e-01,5.351562e-01,2000,0,1.049461e-02
2026-07-20T17:57:55.730,1784559475.731,263.703,5.241986e-01,3.898955e-03,5.092773e-01,5.354004e-01,2000,0,1.048397e-02
2026-07-20T17:57:55.830,1784559475.831,263.803,5.233909e-01,3.795704e-03,5.100098e-01,5.339355e-01,2000,0,1.046782e-02
2026-07-20T17:57:55.928,1784559475.928,263.903,5.230693e-01,3.711764e-03,5.095215e-01,5.341797e-01,2000,0,1.046139e-02
2026-07-20T17:57:56.030,1784559476.031,264.003,5.230082e-01,3.778120e-03,5.092773e-01,5.349121e-01,2000,0,1.046016e-02
2026-07-20T17:57:56.130,1784559476.131,264.103,5.224551e-01,3.754835e-03,5.051270e-01,5.334473e-01,2000,0,1.044910e-02
2026-07-20T17:57:56.231,1784559476.232,264.204,5.220513e-01,3.188689e-03,5.114746e-01,5.324707e-01,2000,0,1.044103e-02
2026-07-20T17:57:56.330,1784559476.330,264.303,5.222329e-01,3.859366e-03,5.097656e-01,5.336914e-01,2000,0,1.044466e-02
2026-07-20T17:57:56.430,1784559476.431,264.403,5.214979e-01,3.726592e-03,5.085449e-01,5.327148e-01,2000,0,1.042996e-02
2026-07-20T17:57:56.530,1784559476.530,264.503,5.213352e-01,3.601630e-03,5.080566e-01,5.334473e-01,2000,0,1.042670e-02
2026-07-20T17:57:56.630,1784559476.631,264.603,5.213925e-01,3.404302e-03,5.053711e-01,5.334473e-01,2000,0,1.042785e-02
2026-07-20T17:57:56.728,1784559476.728,264.703,5.202170e-01,3.797596e-03,5.051270e-01,5.341797e-01,2000,0,1.040434e-02
2026-07-20T17:57:56.831,1784559476.832,264.804,5.203053e-01,3.238638e-03,5.087891e-01,5.322266e-01,2000,0,1.040611e-02
2026-07-20T17:57:56.928,1784559476.928,264.903,5.201478e-01,3.614455e-03,5.075684e-01,5.332031e-01,2000,0,1.040296e-02
2026-07-20T17:57:57.030,1784559477.031,265.003,5.191113e-01,3.436036e-03,5.063477e-01,5.363770e-01,2000,0,1.038223e-02
2026-07-20T17:57:57.130,1784559477.130,265.103,5.192080e-01,3.539054e-03,5.073242e-01,5.332031e-01,2000,0,1.038416e-02
2026-07-20T17:57:57.228,1784559477.228,265.203,5.189554e-01,3.246795e-03,5.053711e-01,5.288086e-01,2000,0,1.037911e-02
2026-07-20T17:57:57.330,1784559477.331,265.303,5.181831e-01,3.353416e-03,5.070801e-01,5.302734e-01,2000,0,1.036366e-02
2026-07-20T17:57:57.428,1784559477.428,265.403,5.180807e-01,3.155730e-03,5.070801e-01,5.290527e-01,2000,0,1.036161e-02
2026-07-20T17:57:57.531,1784559477.531,265.503,5.166630e-01,3.307148e-03,5.014648e-01,5.273438e-01,2000,0,1.033326e-02
2026-07-20T17:57:57.628,1784559477.628,265.603,5.173749e-01,3.214030e-03,5.061035e-01,5.346680e-01,2000,0,1.034750e-02
2026-07-20T17:57:57.728,1784559477.728,265.703,5.169198e-01,3.236520e-03,5.043945e-01,5.273438e-01,2000,0,1.033840e-02
2026-07-20T17:57:57.828,1784559477.828,265.803,5.167140e-01,3.223317e-03,5.053711e-01,5.263672e-01,2000,0,1.033428e-02
2026-07-20T17:57:57.930,1784559477.931,265.903,5.166554e-01,3.202339e-03,5.053711e-01,5.285645e-01,2000,0,1.033311e-02
2026-07-20T17:57:58.028,1784559478.029,266.003,5.164994e-01,3.208479e-03,5.058594e-01,5.290527e-01,2000,0,1.032999e-02
2026-07-20T17:57:58.128,1784559478.128,266.103,5.161875e-01,3.312815e-03,5.024414e-01,5.266113e-01,2000,0,1.032375e-02
2026-07-20T17:57:58.228,1784559478.229,266.203,5.154098e-01,3.309690e-03,5.031738e-01,5.261230e-01,2000,0,1.030820e-02
2026-07-20T17:57:58.328,1784559478.329,266.303,5.153229e-01,3.385238e-03,5.017090e-01,5.283203e-01,2000,0,1.030646e-02
2026-07-20T17:57:58.428,1784559478.428,266.403,5.150475e-01,3.384399e-03,5.039062e-01,5.249023e-01,2000,0,1.030095e-02
2026-07-20T17:57:58.528,1784559478.529,266.503,5.134968e-01,3.413780e-03,5.029297e-01,5.244141e-01,2000,0,1.026994e-02
2026-07-20T17:57:58.628,1784559478.628,266.603,5.133586e-01,3.438527e-03,5.021973e-01,5.251465e-01,2000,0,1.026717e-02
2026-07-20T17:57:58.728,1784559478.728,266.703,5.119596e-01,3.404421e-03,5.014648e-01,5.227051e-01,2000,0,1.023919e-02
2026-07-20T17:57:58.830,1784559478.830,266.803,5.111304e-01,3.364643e-03,4.997559e-01,5.219727e-01,2000,0,1.022261e-02
2026-07-20T17:57:58.928,1784559478.928,266.903,5.100135e-01,3.445898e-03,4.990234e-01,5.202637e-01,2000,0,1.020027e-02
2026-07-20T17:57:59.028,1784559479.029,267.003,5.087323e-01,3.428515e-03,4.965820e-01,5.217285e-01,2000,0,1.017465e-02
2026-07-20T17:57:59.130,1784559479.131,267.103,5.075626e-01,3.209674e-03,4.965820e-01,5.183105e-01,2000,0,1.015125e-02
2026-07-20T17:57:59.228,1784559479.228,267.203,5.071051e-01,3.272259e-03,4.975586e-01,5.166016e-01,2000,0,1.014210e-02
2026-07-20T17:57:59.328,1784559479.328,267.303,5.060106e-01,3.311421e-03,4.948730e-01,5.178223e-01,2000,0,1.012021e-02
2026-07-20T17:57:59.430,1784559479.430,267.403,5.047693e-01,3.243119e-03,4.907227e-01,5.163574e-01,2000,0,1.009539e-02
2026-07-20T17:57:59.528,1784559479.528,267.503,5.041184e-01,3.536247e-03,4.919434e-01,5.190430e-01,2000,0,1.008237e-02
2026-07-20T17:57:59.628,1784559479.628,267.603,5.037064e-01,3.294357e-03,4.892578e-01,5.161133e-01,2000,0,1.007413e-02
2026-07-20T17:57:59.728,1784559479.728,267.703,5.028068e-01,3.454171e-03,4.926758e-01,5.175781e-01,2000,0,1.005614e-02
2026-07-20T17:57:59.828,1784559479.828,267.803,5.018875e-01,3.622414e-03,4.875488e-01,5.156250e-01,2000,0,1.003775e-02
2026-07-20T17:57:59.928,1784559479.928,267.903,5.013853e-01,3.597690e-03,4.909668e-01,5.129395e-01,2000,0,1.002771e-02
2026-07-20T17:58:00.030,1784559480.031,268.003,4.995245e-01,3.509743e-03,4.885254e-01,5.136719e-01,2000,0,9.990491e-03
2026-07-20T17:58:00.128,1784559480.128,268.103,4.995748e-01,3.596397e-03,4.897461e-01,5.136719e-01,2000,0,9.991497e-03
2026-07-20T17:58:00.230,1784559480.231,268.203,4.986707e-01,3.569115e-03,4.882812e-01,5.097656e-01,2000,0,9.973413e-03
2026-07-20T17:58:00.330,1784559480.331,268.303,4.977543e-01,3.549800e-03,4.855957e-01,5.109863e-01,2000,0,9.955085e-03
2026-07-20T17:58:00.430,1784559480.431,268.403,4.971406e-01,3.553400e-03,4.843750e-01,5.104980e-01,2000,0,9.942813e-03
2026-07-20T17:58:00.528,1784559480.529,268.503,4.964795e-01,3.606178e-03,4.860840e-01,5.109863e-01,2000,0,9.929590e-03
2026-07-20T17:58:00.628,1784559480.628,268.603,4.957488e-01,3.578159e-03,4.838867e-01,5.097656e-01,2000,0,9.914976e-03
2026-07-20T17:58:00.728,1784559480.728,268.703,4.948107e-01,3.670305e-03,4.836426e-01,5.078125e-01,2000,0,9.896213e-03
2026-07-20T17:58:00.828,1784559480.829,268.803,4.941368e-01,3.503841e-03,4.794922e-01,5.114746e-01,2000,0,9.882737e-03
2026-07-20T17:58:00.930,1784559480.931,268.903,4.932053e-01,3.335245e-03,4.838867e-01,5.056152e-01,2000,0,9.864106e-03
2026-07-20T17:58:01.028,1784559481.028,269.003,4.924254e-01,3.369378e-03,4.816895e-01,5.046387e-01,2000,0,9.848508e-03
2026-07-20T17:58:01.130,1784559481.131,269.103,4.917272e-01,3.279058e-03,4.797363e-01,5.051270e-01,2000,0,9.834543e-03
2026-07-20T17:58:01.230,1784559481.231,269.203,4.906655e-01,3.262355e-03,4.797363e-01,5.017090e-01,2000,0,9.813311e-03
2026-07-20T17:58:01.328,1784559481.328,269.303,4.900002e-01,3.200844e-03,4.799805e-01,5.031738e-01,2000,0,9.800005e-03
2026-07-20T17:58:01.428,1784559481.428,269.403,4.884127e-01,3.147346e-03,4.780273e-01,5.007324e-01,2000,0,9.768254e-03
2026-07-20T17:58:01.530,1784559481.530,269.503,4.871469e-01,3.198452e-03,4.775391e-01,4.990234e-01,2000,0,9.742937e-03
2026-07-20T17:58:01.630,1784559481.631,269.603,4.867335e-01,3.239850e-03,4.699707e-01,4.980469e-01,2000,0,9.734670e-03
2026-07-20T17:58:01.730,1784559481.731,269.703,4.861475e-01,3.027771e-03,4.763184e-01,4.953613e-01,2000,0,9.722949e-03
2026-07-20T17:58:01.830,1784559481.830,269.803,4.852299e-01,3.332765e-03,4.750977e-01,4.963379e-01,2000,0,9.704597e-03
2026-07-20T17:58:01.930,1784559481.931,269.903,4.850857e-01,3.152385e-03,4.760742e-01,4.941406e-01,2000,0,9.701714e-03
2026-07-20T17:58:02.030,1784559482.030,270.003,4.843311e-01,3.220562e-03,4.738770e-01,4.953613e-01,2000,0,9.686621e-03
2026-07-20T17:58:02.130,1784559482.131,270.103,4.836743e-01,3.129985e-03,4.746094e-01,4.934082e-01,2000,0,9.673486e-03
2026-07-20T17:58:02.228,1784559482.228,270.203,4.833822e-01,3.177104e-03,4.721680e-01,4.931641e-01,2000,0,9.667644e-03
2026-07-20T17:58:02.330,1784559482.331,270.303,4.826628e-01,3.347735e-03,4.699707e-01,4.926758e-01,2000,0,9.653257e-03
2026-07-20T17:58:02.430,1784559482.430,270.403,4.822333e-01,3.245232e-03,4.724121e-01,4.943848e-01,2000,0,9.644666e-03
2026-07-20T17:58:02.528,1784559482.528,270.503,4.819102e-01,3.269906e-03,4.699707e-01,4.951172e-01,2000,0,9.638203e-03
2026-07-20T17:58:02.630,1784559482.630,270.603,4.813539e-01,3.232889e-03,4.692383e-01,4.916992e-01,2000,0,9.627078e-03
2026-07-20T17:58:02.730,1784559482.730,270.703,4.807684e-01,3.297261e-03,4.702148e-01,4.926758e-01,2000,0,9.615369e-03
2026-07-20T17:58:02.828,1784559482.828,270.803,4.805690e-01,3.303945e-03,4.702148e-01,4.904785e-01,2000,0,9.611379e-03
2026-07-20T17:58:02.928,1784559482.928,270.903,4.804382e-01,3.298893e-03,4.694824e-01,4.921875e-01,2000,0,9.608765e-03
2026-07-20T17:58:03.028,1784559483.028,271.003,4.796703e-01,3.271615e-03,4.692383e-01,4.912109e-01,2000,0,9.593406e-03
2026-07-20T17:58:03.128,1784559483.128,271.103,4.802189e-01,3.337590e-03,4.689941e-01,4.919434e-01,2000,0,9.604377e-03
2026-07-20T17:58:03.230,1784559483.231,271.203,4.797272e-01,3.369761e-03,4.677734e-01,4.914551e-01,2000,0,9.594543e-03
2026-07-20T17:58:03.330,1784559483.331,271.303,4.792601e-01,3.504503e-03,4.689941e-01,4.938965e-01,2000,0,9.585203e-03
2026-07-20T17:58:03.428,1784559483.428,271.403,4.796532e-01,3.414205e-03,4.653320e-01,4.912109e-01,2000,0,9.593064e-03
2026-07-20T17:58:03.528,1784559483.529,271.503,4.801066e-01,3.568520e-03,4.641113e-01,4.912109e-01,2000,0,9.602131e-03
2026-07-20T17:58:03.630,1784559483.631,271.603,4.795160e-01,3.376510e-03,4.702148e-01,4.953613e-01,2000,0,9.590320e-03
2026-07-20T17:58:03.728,1784559483.728,271.703,4.799729e-01,3.448663e-03,4.655762e-01,4.938965e-01,2000,0,9.599458e-03
2026-07-20T17:58:03.830,1784559483.831,271.803,4.803735e-01,3.396731e-03,4.689941e-01,4.921875e-01,2000,0,9.607471e-03
2026-07-20T17:58:03.930,1784559483.930,271.903,4.798313e-01,3.365376e-03,4.697266e-01,4.912109e-01,2000,0,9.596626e-03
2026-07-20T17:58:04.030,1784559484.030,272.003,4.804939e-01,3.393760e-03,4.692383e-01,4.926758e-01,2000,0,9.609878e-03
2026-07-20T17:58:04.130,1784559484.131,272.103,4.811119e-01,3.191058e-03,4.694824e-01,4.921875e-01,2000,0,9.622239e-03
2026-07-20T17:58:04.230,1784559484.231,272.203,4.812185e-01,3.211409e-03,4.709473e-01,4.916992e-01,2000,0,9.624370e-03
2026-07-20T17:58:04.328,1784559484.328,272.303,4.818595e-01,3.372062e-03,4.697266e-01,4.951172e-01,2000,0,9.637190e-03
2026-07-20T17:58:04.430,1784559484.430,272.403,4.819495e-01,3.339865e-03,4.716797e-01,4.941406e-01,2000,0,9.638989e-03
2026-07-20T17:58:04.528,1784559484.529,272.503,4.824641e-01,3.259456e-03,4.729004e-01,4.973145e-01,2000,0,9.649282e-03
2026-07-20T17:58:04.628,1784559484.628,272.603,4.826943e-01,3.090926e-03,4.729004e-01,4.934082e-01,2000,0,9.653887e-03
2026-07-20T17:58:04.730,1784559484.731,272.703,4.834951e-01,3.186780e-03,4.738770e-01,5.046387e-01,2000,0,9.669902e-03
2026-07-20T17:58:04.830,1784559484.830,272.803,4.835907e-01,3.085867e-03,4.738770e-01,4.963379e-01,2000,0,9.671814e-03
2026-07-20T17:58:04.928,1784559484.928,272.903,4.842869e-01,3.088004e-03,4.726562e-01,4.946289e-01,2000,0,9.685737e-03
2026-07-20T17:58:05.028,1784559485.028,273.003,4.843656e-01,3.111792e-03,4.714355e-01,4.948730e-01,2000,0,9.687312e-03
2026-07-20T17:58:05.130,1784559485.131,273.103,4.850404e-01,3.080172e-03,4.741211e-01,4.956055e-01,2000,0,9.700808e-03
2026-07-20T17:58:05.228,1784559485.228,273.203,4.857922e-01,3.082008e-03,4.760742e-01,4.975586e-01,2000,0,9.715845e-03
2026-07-20T17:58:05.330,1784559485.331,273.303,4.862239e-01,3.151624e-03,4.758301e-01,4.948730e-01,2000,0,9.724478e-03
2026-07-20T17:58:05.430,1784559485.431,273.403,4.869745e-01,3.052834e-03,4.743652e-01,4.970703e-01,2000,0,9.739490e-03
2026-07-20T17:58:05.530,1784559485.530,273.503,4.878524e-01,2.901262e-03,4.760742e-01,4.980469e-01,2000,0,9.757048e-03
2026-07-20T17:58:05.628,1784559485.628,273.603,4.884092e-01,3.157064e-03,4.760742e-01,5.007324e-01,2000,0,9.768184e-03
2026-07-20T17:58:05.728,1784559485.728,273.703,4.892747e-01,3.116283e-03,4.785156e-01,5.007324e-01,2000,0,9.785493e-03
2026-07-20T17:58:05.830,1784559485.830,273.803,4.896263e-01,3.111839e-03,4.748535e-01,5.087891e-01,2000,0,9.792527e-03
2026-07-20T17:58:05.930,1784559485.930,273.903,4.904266e-01,3.079690e-03,4.780273e-01,5.000000e-01,2000,0,9.808533e-03
2026-07-20T17:58:06.030,1784559486.030,274.003,4.910442e-01,3.135829e-03,4.812012e-01,5.009766e-01,2000,0,9.820884e-03
2026-07-20T17:58:06.128,1784559486.128,274.103,4.918737e-01,3.239324e-03,4.799805e-01,5.029297e-01,2000,0,9.837473e-03
2026-07-20T17:58:06.228,1784559486.229,274.203,4.921318e-01,3.151552e-03,4.768066e-01,5.034180e-01,2000,0,9.842637e-03
2026-07-20T17:58:06.328,1784559486.328,274.303,4.928400e-01,3.136806e-03,4.836426e-01,5.029297e-01,2000,0,9.856799e-03
2026-07-20T17:58:06.428,1784559486.428,274.403,4.937251e-01,3.178709e-03,4.807129e-01,5.073242e-01,2000,0,9.874502e-03
2026-07-20T17:58:06.530,1784559486.531,274.503,4.944485e-01,3.406815e-03,4.833984e-01,5.051270e-01,2000,0,9.888970e-03
2026-07-20T17:58:06.628,1784559486.629,274.603,4.948823e-01,3.624798e-03,4.787598e-01,5.078125e-01,2000,0,9.897646e-03
2026-07-20T17:58:06.728,1784559486.728,274.703,4.957288e-01,3.271284e-03,4.846191e-01,5.068359e-01,2000,0,9.914575e-03
2026-07-20T17:58:06.830,1784559486.830,274.803,4.957148e-01,3.316983e-03,4.851074e-01,5.068359e-01,2000,0,9.914297e-03
2026-07-20T17:58:06.930,1784559486.931,274.903,4.967747e-01,3.675184e-03,4.826660e-01,5.092773e-01,2000,0,9.935493e-03
2026-07-20T17:58:07.028,1784559487.028,275.003,4.977566e-01,3.436953e-03,4.873047e-01,5.109863e-01,2000,0,9.955132e-03
2026-07-20T17:58:07.128,1784559487.129,275.103,4.981921e-01,3.495579e-03,4.873047e-01,5.095215e-01,2000,0,9.963843e-03
2026-07-20T17:58:07.230,1784559487.230,275.203,4.989684e-01,3.572768e-03,4.865723e-01,5.124512e-01,2000,0,9.979368e-03
2026-07-20T17:58:07.328,1784559487.328,275.303,4.994644e-01,3.413863e-03,4.853516e-01,5.104980e-01,2000,0,9.989287e-03
2026-07-20T17:58:07.428,1784559487.428,275.403,4.998893e-01,3.386969e-03,4.885254e-01,5.129395e-01,2000,0,9.997786e-03
2026-07-20T17:58:07.530,1784559487.531,275.503,5.005886e-01,3.217307e-03,4.909668e-01,5.109863e-01,2000,0,1.001177e-02
2026-07-20T17:58:07.630,1784559487.631,275.603,5.017231e-01,3.391953e-03,4.887695e-01,5.122070e-01,2000,0,1.003446e-02
2026-07-20T17:58:07.728,1784559487.728,275.703,5.017081e-01,3.270541e-03,4.914551e-01,5.119629e-01,2000,0,1.003416e-02
2026-07-20T17:58:07.828,1784559487.828,275.803,5.024001e-01,3.254345e-03,4.919434e-01,5.134277e-01,2000,0,1.004800e-02
2026-07-20T17:58:07.928,1784559487.928,275.903,5.029664e-01,3.018943e-03,4.931641e-01,5.131836e-01,2000,0,1.005933e-02
2026-07-20T17:58:08.030,1784559488.031,276.003,5.035269e-01,2.983395e-03,4.916992e-01,5.131836e-01,2000,0,1.007054e-02
2026-07-20T17:58:08.130,1784559488.131,276.103,5.038719e-01,2.880609e-03,4.914551e-01,5.129395e-01,2000,0,1.007744e-02
2026-07-20T17:58:08.228,1784559488.229,276.203,5.048722e-01,2.800354e-03,4.953613e-01,5.131836e-01,2000,0,1.009744e-02
2026-07-20T17:58:08.330,1784559488.330,276.303,5.050011e-01,2.637236e-03,4.943848e-01,5.163574e-01,2000,0,1.010002e-02
2026-07-20T17:58:08.430,1784559488.431,276.403,5.052479e-01,2.558612e-03,4.965820e-01,5.151367e-01,2000,0,1.010496e-02
2026-07-20T17:58:08.530,1784559488.531,276.503,5.058848e-01,2.528019e-03,4.958496e-01,5.148926e-01,2000,0,1.011770e-02
2026-07-20T17:58:08.630,1784559488.630,276.603,5.061591e-01,2.493771e-03,4.951172e-01,5.148926e-01,2000,0,1.012318e-02
2026-07-20T17:58:08.730,1784559488.730,276.703,5.066488e-01,2.469009e-03,4.973145e-01,5.156250e-01,2000,0,1.013298e-02
2026-07-20T17:58:08.830,1784559488.831,276.803,5.073162e-01,2.495087e-03,4.965820e-01,5.180664e-01,2000,0,1.014632e-02
2026-07-20T17:58:08.930,1784559488.931,276.903,5.070697e-01,2.388186e-03,4.968262e-01,5.166016e-01,2000,0,1.014139e-02
2026-07-20T17:58:09.030,1784559489.030,277.003,5.073468e-01,2.441186e-03,4.978027e-01,5.195312e-01,2000,0,1.014694e-02
2026-07-20T17:58:09.130,1784559489.131,277.103,5.074252e-01,2.322116e-03,4.987793e-01,5.163574e-01,2000,0,1.014850e-02
2026-07-20T17:58:09.228,1784559489.228,277.203,5.080090e-01,2.554205e-03,4.980469e-01,5.192871e-01,2000,0,1.016018e-02
2026-07-20T17:58:09.330,1784559489.330,277.303,5.077421e-01,2.581044e-03,4.992676e-01,5.180664e-01,2000,0,1.015484e-02
2026-07-20T17:58:09.430,1784559489.431,277.403,5.082756e-01,2.471933e-03,4.987793e-01,5.180664e-01,2000,0,1.016551e-02
2026-07-20T17:58:09.530,1784559489.530,277.503,5.080704e-01,2.504796e-03,4.975586e-01,5.170898e-01,2000,0,1.016141e-02
2026-07-20T17:58:09.630,1784559489.631,277.603,5.081846e-01,2.515886e-03,4.987793e-01,5.192871e-01,2000,0,1.016369e-02
2026-07-20T17:58:09.730,1784559489.731,277.703,5.085410e-01,2.536464e-03,4.973145e-01,5.173340e-01,2000,0,1.017082e-02
2026-07-20T17:58:09.830,1784559489.831,277.803,5.074694e-01,2.553938e-03,4.968262e-01,5.183105e-01,2000,0,1.014939e-02
2026-07-20T17:58:09.930,1784559489.931,277.903,5.083611e-01,2.632397e-03,4.982910e-01,5.178223e-01,2000,0,1.016722e-02
2026-07-20T17:58:10.030,1784559490.031,278.003,5.087483e-01,2.776268e-03,4.921875e-01,5.195312e-01,2000,0,1.017497e-02
2026-07-20T17:58:10.130,1784559490.131,278.103,5.085948e-01,2.776220e-03,4.992676e-01,5.187988e-01,2000,0,1.017190e-02
2026-07-20T17:58:10.230,1784559490.231,278.203,5.084329e-01,2.902639e-03,4.992676e-01,5.234375e-01,2000,0,1.016866e-02
2026-07-20T17:58:10.330,1784559490.331,278.303,5.087354e-01,2.972773e-03,4.973145e-01,5.227051e-01,2000,0,1.017471e-02
2026-07-20T17:58:10.428,1784559490.428,278.403,5.087439e-01,2.991921e-03,4.995117e-01,5.207520e-01,2000,0,1.017488e-02
2026-07-20T17:58:10.530,1784559490.530,278.503,5.086091e-01,3.133836e-03,4.978027e-01,5.190430e-01,2000,0,1.017218e-02
2026-07-20T17:58:10.628,1784559490.628,278.603,5.085492e-01,3.093361e-03,4.980469e-01,5.207520e-01,2000,0,1.017098e-02
2026-07-20T17:58:10.728,1784559490.728,278.703,5.086781e-01,3.350530e-03,4.956055e-01,5.197754e-01,2000,0,1.017356e-02
2026-07-20T17:58:10.828,1784559490.828,278.803,5.082999e-01,3.175138e-03,4.958496e-01,5.190430e-01,2000,0,1.016600e-02
2026-07-20T17:58:10.928,1784559490.928,278.903,5.085131e-01,3.167798e-03,4.975586e-01,5.185547e-01,2000,0,1.017026e-02
2026-07-20T17:58:11.028,1784559491.028,279.003,5.082168e-01,3.283393e-03,4.968262e-01,5.217285e-01,2000,0,1.016434e-02
2026-07-20T17:58:11.128,1784559491.128,279.103,5.080337e-01,3.146898e-03,4.963379e-01,5.205078e-01,2000,0,1.016067e-02
2026-07-20T17:58:11.228,1784559491.228,279.203,5.082408e-01,3.160930e-03,4.960938e-01,5.175781e-01,2000,0,1.016482e-02
2026-07-20T17:58:11.328,1784559491.328,279.303,5.078738e-01,3.273297e-03,4.963379e-01,5.192871e-01,2000,0,1.015748e-02
2026-07-20T17:58:11.428,1784559491.428,279.403,5.075570e-01,3.158809e-03,4.968262e-01,5.180664e-01,2000,0,1.015114e-02
2026-07-20T17:58:11.528,1784559491.529,279.503,5.077162e-01,3.162982e-03,4.958496e-01,5.190430e-01,2000,0,1.015432e-02
2026-07-20T17:58:11.628,1784559491.628,279.603,5.077360e-01,3.120459e-03,4.963379e-01,5.192871e-01,2000,0,1.015472e-02
2026-07-20T17:58:11.728,1784559491.728,279.703,5.074188e-01,3.076640e-03,4.978027e-01,5.195312e-01,2000,0,1.014838e-02
2026-07-20T17:58:11.828,1784559491.828,279.803,5.078315e-01,3.049256e-03,4.948730e-01,5.170898e-01,2000,0,1.015663e-02
2026-07-20T17:58:11.928,1784559491.928,279.903,5.075332e-01,3.201383e-03,4.960938e-01,5.200195e-01,2000,0,1.015066e-02
2026-07-20T17:58:12.030,1784559492.031,280.003,5.073815e-01,2.935780e-03,4.973145e-01,5.173340e-01,2000,0,1.014763e-02
2026-07-20T17:58:12.128,1784559492.129,280.103,5.074442e-01,3.003256e-03,4.975586e-01,5.187988e-01,2000,0,1.014888e-02
2026-07-20T17:58:12.228,1784559492.228,280.203,5.079348e-01,2.974481e-03,4.987793e-01,5.190430e-01,2000,0,1.015870e-02
2026-07-20T17:58:12.328,1784559492.329,280.303,5.084470e-01,2.837091e-03,4.970703e-01,5.187988e-01,2000,0,1.016894e-02
2026-07-20T17:58:12.428,1784559492.429,280.403,5.088143e-01,2.884765e-03,4.990234e-01,5.180664e-01,2000,0,1.017629e-02
2026-07-20T17:58:12.530,1784559492.531,280.503,5.086268e-01,2.883909e-03,4.990234e-01,5.202637e-01,2000,0,1.017254e-02
2026-07-20T17:58:12.628,1784559492.629,280.603,5.088110e-01,2.788978e-03,4.982910e-01,5.180664e-01,2000,0,1.017622e-02
2026-07-20T17:58:12.728,1784559492.728,280.703,5.097024e-01,2.927305e-03,4.992676e-01,5.217285e-01,2000,0,1.019405e-02
2026-07-20T17:58:12.830,1784559492.831,280.803,5.094022e-01,2.872643e-03,4.992676e-01,5.217285e-01,2000,0,1.018804e-02
2026-07-20T17:58:12.928,1784559492.929,280.903,5.098275e-01,2.793072e-03,5.002441e-01,5.212402e-01,2000,0,1.019655e-02
2026-07-20T17:58:13.028,1784559493.028,281.003,5.100500e-01,2.675805e-03,4.973145e-01,5.180664e-01,2000,0,1.020100e-02
2026-07-20T17:58:13.128,1784559493.129,281.103,5.101522e-01,2.705966e-03,4.997559e-01,5.197754e-01,2000,0,1.020304e-02
2026-07-20T17:58:13.228,1784559493.229,281.203,5.105859e-01,2.870064e-03,5.021973e-01,5.192871e-01,2000,0,1.021172e-02
2026-07-20T17:58:13.328,1784559493.329,281.303,5.110164e-01,3.068478e-03,5.007324e-01,5.239258e-01,2000,0,1.022033e-02
2026-07-20T17:58:13.428,1784559493.429,281.403,5.107915e-01,2.868940e-03,5.007324e-01,5.212402e-01,2000,0,1.021583e-02
2026-07-20T17:58:13.530,1784559493.531,281.503,5.109473e-01,2.955921e-03,5.012207e-01,5.214844e-01,2000,0,1.021895e-02
2026-07-20T17:58:13.628,1784559493.628,281.603,5.111267e-01,2.894044e-03,4.990234e-01,5.214844e-01,2000,0,1.022253e-02
2026-07-20T17:58:13.728,1784559493.728,281.703,5.110916e-01,2.953216e-03,5.000000e-01,5.236816e-01,2000,0,1.022183e-02
2026-07-20T17:58:13.828,1784559493.828,281.803,5.113502e-01,2.941179e-03,4.987793e-01,5.222168e-01,2000,0,1.022700e-02
2026-07-20T17:58:13.928,1784559493.929,281.903,5.113915e-01,3.034832e-03,5.029297e-01,5.227051e-01,2000,0,1.022783e-02
2026-07-20T17:58:14.030,1784559494.031,282.003,5.107092e-01,3.190898e-03,5.014648e-01,5.229492e-01,2000,0,1.021418e-02
2026-07-20T17:58:14.128,1784559494.128,282.103,5.111377e-01,3.127475e-03,5.007324e-01,5.229492e-01,2000,0,1.022275e-02
2026-07-20T17:58:14.228,1784559494.229,282.203,5.115120e-01,3.146598e-03,4.941406e-01,5.227051e-01,2000,0,1.023024e-02
2026-07-20T17:58:14.328,1784559494.329,282.303,5.117054e-01,3.173580e-03,5.029297e-01,5.258789e-01,2000,0,1.023411e-02
2026-07-20T17:58:14.428,1784559494.429,282.403,5.113729e-01,3.052412e-03,4.982910e-01,5.231934e-01,2000,0,1.022746e-02
2026-07-20T17:58:14.528,1784559494.529,282.503,5.113876e-01,3.120776e-03,5.004883e-01,5.266113e-01,2000,0,1.022775e-02
2026-07-20T17:58:14.628,1784559494.628,282.603,5.113811e-01,3.165839e-03,5.012207e-01,5.300293e-01,2000,0,1.022762e-02
2026-07-20T17:58:14.730,1784559494.730,282.703,5.110543e-01,2.934962e-03,5.012207e-01,5.229492e-01,2000,0,1.022109e-02
2026-07-20T17:58:14.828,1784559494.828,282.803,5.108986e-01,3.110243e-03,5.014648e-01,5.236816e-01,2000,0,1.021797e-02
2026-07-20T17:58:14.930,1784559494.931,282.903,5.107711e-01,2.983119e-03,5.009766e-01,5.207520e-01,2000,0,1.021542e-02
2026-07-20T17:58:15.028,1784559495.029,283.003,5.102386e-01,2.983081e-03,5.000000e-01,5.205078e-01,2000,0,1.020477e-02
2026-07-20T17:58:15.128,1784559495.129,283.103,5.096499e-01,3.084843e-03,5.007324e-01,5.214844e-01,2000,0,1.019300e-02
2026-07-20T17:58:15.230,1784559495.231,283.203,5.086508e-01,3.116497e-03,4.975586e-01,5.195312e-01,2000,0,1.017302e-02
2026-07-20T17:58:15.328,1784559495.329,283.303,5.085406e-01,3.231385e-03,4.978027e-01,5.200195e-01,2000,0,1.017081e-02
2026-07-20T17:58:15.428,1784559495.428,283.403,5.075255e-01,3.266258e-03,4.929199e-01,5.192871e-01,2000,0,1.015051e-02
2026-07-20T17:58:15.530,1784559495.530,283.503,5.063085e-01,3.113351e-03,4.951172e-01,5.212402e-01,2000,0,1.012617e-02
2026-07-20T17:58:15.630,1784559495.630,283.603,5.055016e-01,3.046899e-03,4.951172e-01,5.185547e-01,2000,0,1.011003e-02
2026-07-20T17:58:15.728,1784559495.729,283.703,5.047814e-01,3.171488e-03,4.946289e-01,5.153809e-01,2000,0,1.009563e-02
2026-07-20T17:58:15.830,1784559495.831,283.803,5.031531e-01,3.119251e-03,4.929199e-01,5.170898e-01,2000,0,1.006306e-02
2026-07-20T17:58:15.928,1784559495.928,283.903,5.023680e-01,3.116799e-03,4.904785e-01,5.136719e-01,2000,0,1.004736e-02
2026-07-20T17:58:16.028,1784559496.028,284.003,5.006630e-01,3.260622e-03,4.875488e-01,5.107422e-01,2000,0,1.001326e-02
2026-07-20T17:58:16.128,1784559496.129,284.103,4.984969e-01,3.299342e-03,4.868164e-01,5.097656e-01,2000,0,9.969939e-03
2026-07-20T17:58:16.228,1784559496.228,284.203,4.971736e-01,3.137782e-03,4.858398e-01,5.065918e-01,2000,0,9.943472e-03
2026-07-20T17:58:16.328,1784559496.329,284.303,4.951975e-01,3.459687e-03,4.807129e-01,5.061035e-01,2000,0,9.903950e-03
2026-07-20T17:58:16.430,1784559496.431,284.403,4.927253e-01,3.458222e-03,4.704590e-01,5.048828e-01,2000,0,9.854507e-03
2026-07-20T17:58:16.528,1784559496.529,284.503,4.911027e-01,3.479221e-03,4.787598e-01,5.012207e-01,2000,0,9.822053e-03
2026-07-20T17:58:16.628,1784559496.628,284.603,4.889973e-01,3.353194e-03,4.790039e-01,5.002441e-01,2000,0,9.779946e-03
2026-07-20T17:58:16.730,1784559496.730,284.703,4.868378e-01,3.502153e-03,4.750977e-01,4.978027e-01,2000,0,9.736755e-03
2026-07-20T17:58:16.828,1784559496.829,284.803,4.850918e-01,3.966755e-03,4.741211e-01,4.970703e-01,2000,0,9.701836e-03
2026-07-20T17:58:16.928,1784559496.929,284.903,4.831084e-01,4.068731e-03,4.680176e-01,4.951172e-01,2000,0,9.662168e-03
2026-07-20T17:58:17.028,1784559497.029,285.003,4.812335e-01,3.854825e-03,4.648438e-01,4.943848e-01,2000,0,9.624670e-03
2026-07-20T17:58:17.128,1784559497.129,285.103,4.795001e-01,3.927755e-03,4.665527e-01,4.912109e-01,2000,0,9.590002e-03
2026-07-20T17:58:17.228,1784559497.229,285.203,4.779730e-01,3.995621e-03,4.641113e-01,4.904785e-01,2000,0,9.559460e-03
2026-07-20T17:58:17.328,1784559497.328,285.303,4.760128e-01,3.756096e-03,4.650879e-01,4.916992e-01,2000,0,9.520256e-03
2026-07-20T17:58:17.428,1784559497.428,285.403,4.756671e-01,3.836543e-03,4.628906e-01,4.882812e-01,2000,0,9.513342e-03
2026-07-20T17:58:17.528,1784559497.529,285.503,4.739866e-01,3.761853e-03,4.636230e-01,4.865723e-01,2000,0,9.479731e-03
2026-07-20T17:58:17.628,1784559497.629,285.603,4.721580e-01,3.655857e-03,4.594727e-01,4.833984e-01,2000,0,9.443159e-03
2026-07-20T17:58:17.728,1784559497.728,285.703,4.714093e-01,3.824850e-03,4.575195e-01,4.846191e-01,2000,0,9.428186e-03
2026-07-20T17:58:17.828,1784559497.828,285.803,4.704684e-01,3.807138e-03,4.594727e-01,4.846191e-01,2000,0,9.409368e-03
2026-07-20T17:58:17.928,1784559497.928,285.903,4.689760e-01,3.749669e-03,4.560547e-01,4.824219e-01,2000,0,9.379519e-03
2026-07-20T17:58:18.030,1784559498.030,286.003,4.683065e-01,3.825052e-03,4.555664e-01,4.797363e-01,2000,0,9.366130e-03
2026-07-20T17:58:18.128,1784559498.129,286.103,4.673571e-01,3.716842e-03,4.538574e-01,4.794922e-01,2000,0,9.347141e-03
2026-07-20T17:58:18.228,1784559498.229,286.203,4.659987e-01,3.757671e-03,4.536133e-01,4.770508e-01,2000,0,9.319973e-03
2026-07-20T17:58:18.328,1784559498.329,286.303,4.652495e-01,3.710911e-03,4.550781e-01,4.760742e-01,2000,0,9.304990e-03
2026-07-20T17:58:18.428,1784559498.428,286.403,4.639611e-01,3.752717e-03,4.521484e-01,4.763184e-01,2000,0,9.279221e-03
2026-07-20T17:58:18.528,1784559498.528,286.503,4.621653e-01,3.777173e-03,4.501953e-01,4.743652e-01,2000,0,9.243306e-03
2026-07-20T17:58:18.628,1784559498.629,286.603,4.618094e-01,3.647120e-03,4.460449e-01,4.724121e-01,2000,0,9.236189e-03
2026-07-20T17:58:18.728,1784559498.729,286.703,4.595875e-01,3.691291e-03,4.431152e-01,4.724121e-01,2000,0,9.191750e-03
2026-07-20T17:58:18.830,1784559498.831,286.803,4.579060e-01,3.688294e-03,4.467773e-01,4.699707e-01,2000,0,9.158120e-03
2026-07-20T17:58:18.928,1784559498.929,286.903,4.578336e-01,3.393146e-03,4.470215e-01,4.682617e-01,2000,0,9.156672e-03
2026-07-20T17:58:19.030,1784559499.030,287.003,4.554539e-01,3.667529e-03,4.448242e-01,4.667969e-01,2000,0,9.109077e-03
2026-07-20T17:58:19.130,1784559499.130,287.103,4.536355e-01,3.445651e-03,4.426270e-01,4.648438e-01,2000,0,9.072710e-03
2026-07-20T17:58:19.228,1784559499.229,287.203,4.523350e-01,3.486344e-03,4.409180e-01,4.641113e-01,2000,0,9.046699e-03
2026-07-20T17:58:19.330,1784559499.330,287.303,4.498861e-01,3.410082e-03,4.389648e-01,4.614258e-01,2000,0,8.997722e-03
2026-07-20T17:58:19.428,1784559499.428,287.403,4.482344e-01,3.507732e-03,4.326172e-01,4.582520e-01,2000,0,8.964688e-03
2026-07-20T17:58:19.528,1784559499.529,287.503,4.471227e-01,3.445348e-03,4.370117e-01,4.670410e-01,2000,0,8.942454e-03
2026-07-20T17:58:19.628,1784559499.628,287.603,4.451527e-01,3.335573e-03,4.343262e-01,4.562988e-01,2000,0,8.903054e-03
2026-07-20T17:58:19.728,1784559499.729,287.703,4.439584e-01,3.427702e-03,4.313965e-01,4.565430e-01,2000,0,8.879167e-03
2026-07-20T17:58:19.828,1784559499.829,287.803,4.427296e-01,3.524833e-03,4.331055e-01,4.570312e-01,2000,0,8.854592e-03
2026-07-20T17:58:19.930,1784559499.930,287.903,4.415159e-01,3.470546e-03,4.260254e-01,4.541016e-01,2000,0,8.830317e-03
2026-07-20T17:58:20.030,1784559500.031,288.003,4.402152e-01,3.515919e-03,4.291992e-01,4.548340e-01,2000,0,8.804304e-03
2026-07-20T17:58:20.128,1784559500.129,288.103,4.396530e-01,3.593693e-03,4.277344e-01,4.538574e-01,2000,0,8.793059e-03
2026-07-20T17:58:20.230,1784559500.231,288.203,4.384137e-01,3.506315e-03,4.274902e-01,4.555664e-01,2000,0,8.768274e-03
2026-07-20T17:58:20.328,1784559500.328,288.303,4.374396e-01,3.526410e-03,4.272461e-01,4.497070e-01,2000,0,8.748792e-03
2026-07-20T17:58:20.428,1784559500.429,288.403,4.365175e-01,3.673460e-03,4.250488e-01,4.489746e-01,2000,0,8.730349e-03
2026-07-20T17:58:20.530,1784559500.531,288.503,4.355909e-01,3.704933e-03,4.257812e-01,4.475098e-01,2000,0,8.711819e-03
2026-07-20T17:58:20.628,1784559500.628,288.603,4.351421e-01,3.605008e-03,4.250488e-01,4.516602e-01,2000,0,8.702842e-03
2026-07-20T17:58:20.728,1784559500.729,288.703,4.344305e-01,3.606319e-03,4.238281e-01,4.467773e-01,2000,0,8.688611e-03
2026-07-20T17:58:20.828,1784559500.829,288.803,4.343547e-01,3.574950e-03,4.235840e-01,4.458008e-01,2000,0,8.687095e-03
2026-07-20T17:58:20.928,1784559500.928,288.903,4.336592e-01,3.752483e-03,4.230957e-01,4.477539e-01,2000,0,8.673184e-03
2026-07-20T17:58:21.028,1784559501.029,289.003,4.336494e-01,3.471385e-03,4.223633e-01,4.450684e-01,2000,0,8.672988e-03
2026-07-20T17:58:21.130,1784559501.131,289.103,4.326438e-01,3.463211e-03,4.187012e-01,4.458008e-01,2000,0,8.652876e-03
2026-07-20T17:58:21.228,1784559501.228,289.203,4.320657e-01,3.448601e-03,4.218750e-01,4.438477e-01,2000,0,8.641313e-03
2026-07-20T17:58:21.328,1784559501.329,289.303,4.321632e-01,3.379172e-03,4.213867e-01,4.436035e-01,2000,0,8.643264e-03
2026-07-20T17:58:21.428,1784559501.428,289.403,4.316873e-01,3.336032e-03,4.191895e-01,4.436035e-01,2000,0,8.633745e-03
2026-07-20T17:58:21.528,1784559501.529,289.503,4.314336e-01,3.322958e-03,4.208984e-01,4.436035e-01,2000,0,8.628672e-03
2026-07-20T17:58:21.628,1784559501.629,289.603,4.313457e-01,3.251846e-03,4.187012e-01,4.443359e-01,2000,0,8.626914e-03
2026-07-20T17:58:21.728,1784559501.729,289.703,4.314990e-01,3.269266e-03,4.179688e-01,4.426270e-01,2000,0,8.629980e-03
2026-07-20T17:58:21.828,1784559501.829,289.803,4.301233e-01,3.222876e-03,4.184570e-01,4.411621e-01,2000,0,8.602466e-03
2026-07-20T17:58:21.928,1784559501.929,289.903,4.305974e-01,3.200464e-03,4.182129e-01,4.438477e-01,2000,0,8.611948e-03
2026-07-20T17:58:22.028,1784559502.028,290.003,4.300854e-01,3.232344e-03,4.201660e-01,4.416504e-01,2000,0,8.601709e-03
2026-07-20T17:58:22.128,1784559502.129,290.103,4.301311e-01,3.205591e-03,4.211426e-01,4.411621e-01,2000,0,8.602622e-03
2026-07-20T17:58:22.230,1784559502.230,290.203,4.302289e-01,3.358777e-03,4.182129e-01,4.426270e-01,2000,0,8.604578e-03
2026-07-20T17:58:22.328,1784559502.329,290.303,4.303218e-01,3.266209e-03,4.191895e-01,4.411621e-01,2000,0,8.606436e-03
2026-07-20T17:58:22.430,1784559502.430,290.403,4.297352e-01,3.326252e-03,4.191895e-01,4.426270e-01,2000,0,8.594705e-03
2026-07-20T17:58:22.530,1784559502.530,290.503,4.298700e-01,3.293101e-03,4.172363e-01,4.433594e-01,2000,0,8.597400e-03
2026-07-20T17:58:22.628,1784559502.629,290.603,4.293796e-01,3.345447e-03,4.165039e-01,4.401855e-01,2000,0,8.587593e-03
2026-07-20T17:58:22.728,1784559502.729,290.703,4.286229e-01,3.294999e-03,4.182129e-01,4.396973e-01,2000,0,8.572458e-03
2026-07-20T17:58:22.828,1784559502.829,290.803,4.288420e-01,3.288699e-03,4.187012e-01,4.401855e-01,2000,0,8.576841e-03
2026-07-20T17:58:22.928,1784559502.929,290.903,4.287410e-01,3.238605e-03,4.174805e-01,4.404297e-01,2000,0,8.574819e-03
2026-07-20T17:58:23.028,1784559503.029,291.003,4.286040e-01,3.488283e-03,4.160156e-01,4.423828e-01,2000,0,8.572080e-03
2026-07-20T17:58:23.128,1784559503.129,291.103,4.284899e-01,3.343725e-03,4.177246e-01,4.387207e-01,2000,0,8.569797e-03
2026-07-20T17:58:23.228,1784559503.229,291.203,4.286930e-01,3.440790e-03,4.172363e-01,4.411621e-01,2000,0,8.573860e-03
2026-07-20T17:58:23.328,1784559503.328,291.303,4.291268e-01,3.197689e-03,4.189453e-01,4.401855e-01,2000,0,8.582537e-03
2026-07-20T17:58:23.428,1784559503.429,291.403,4.283135e-01,3.405054e-03,4.172363e-01,4.404297e-01,2000,0,8.566270e-03
2026-07-20T17:58:23.528,1784559503.529,291.503,4.286890e-01,3.305036e-03,4.177246e-01,4.426270e-01,2000,0,8.573779e-03
2026-07-20T17:58:23.628,1784559503.629,291.603,4.286915e-01,3.310507e-03,4.184570e-01,4.411621e-01,2000,0,8.573831e-03
2026-07-20T17:58:23.728,1784559503.729,291.703,4.284324e-01,3.322969e-03,4.174805e-01,4.396973e-01,2000,0,8.568647e-03
2026-07-20T17:58:23.828,1784559503.829,291.803,4.286587e-01,3.194263e-03,4.174805e-01,4.389648e-01,2000,0,8.573174e-03
2026-07-20T17:58:23.928,1784559503.929,291.903,4.281694e-01,3.220894e-03,4.187012e-01,4.404297e-01,2000,0,8.563389e-03
2026-07-20T17:58:24.028,1784559504.029,292.003,4.276067e-01,3.262028e-03,4.167480e-01,4.392090e-01,2000,0,8.552134e-03
2026-07-20T17:58:24.128,1784559504.129,292.103,4.276200e-01,3.079542e-03,4.177246e-01,4.387207e-01,2000,0,8.552400e-03
2026-07-20T17:58:24.230,1784559504.230,292.203,4.259934e-01,3.253670e-03,4.155273e-01,4.389648e-01,2000,0,8.519868e-03
2026-07-20T17:58:24.328,1784559504.329,292.303,4.259537e-01,3.199848e-03,4.157715e-01,4.411621e-01,2000,0,8.519075e-03
2026-07-20T17:58:24.428,1784559504.428,292.403,4.257762e-01,3.164999e-03,4.121094e-01,4.372559e-01,2000,0,8.515525e-03
2026-07-20T17:58:24.530,1784559504.531,292.503,4.248054e-01,3.046372e-03,4.138184e-01,4.348145e-01,2000,0,8.496108e-03
2026-07-20T17:58:24.628,1784559504.629,292.603,4.237649e-01,2.997963e-03,4.125977e-01,4.353027e-01,2000,0,8.475298e-03
2026-07-20T17:58:24.728,1784559504.729,292.703,4.236061e-01,3.112236e-03,4.128418e-01,4.328613e-01,2000,0,8.472122e-03
2026-07-20T17:58:24.828,1784559504.829,292.803,4.224231e-01,3.084618e-03,4.116211e-01,4.433594e-01,2000,0,8.448462e-03
2026-07-20T17:58:24.930,1784559504.931,292.903,4.214827e-01,3.150337e-03,4.082031e-01,4.311523e-01,2000,0,8.429653e-03
2026-07-20T17:58:25.028,1784559505.029,293.003,4.209888e-01,3.242552e-03,4.101562e-01,4.328613e-01,2000,0,8.419775e-03
2026-07-20T17:58:25.130,1784559505.130,293.103,4.193137e-01,3.099701e-03,4.077148e-01,4.313965e-01,2000,0,8.386274e-03
2026-07-20T17:58:25.230,1784559505.231,293.203,4.182516e-01,3.063370e-03,4.082031e-01,4.301758e-01,2000,0,8.365032e-03
2026-07-20T17:58:25.330,1784559505.331,293.303,4.171902e-01,3.142112e-03,4.035645e-01,4.270020e-01,2000,0,8.343804e-03
2026-07-20T17:58:25.430,1784559505.431,293.403,4.159952e-01,3.139221e-03,4.057617e-01,4.260254e-01,2000,0,8.319905e-03
2026-07-20T17:58:25.530,1784559505.531,293.503,4.145806e-01,3.331380e-03,4.006348e-01,4.257812e-01,2000,0,8.291611e-03
2026-07-20T17:58:25.630,1784559505.631,293.603,4.133019e-01,3.183103e-03,4.030762e-01,4.238281e-01,2000,0,8.266038e-03
2026-07-20T17:58:25.728,1784559505.729,293.703,4.110972e-01,3.271627e-03,3.996582e-01,4.213867e-01,2000,0,8.221943e-03
2026-07-20T17:58:25.828,1784559505.829,293.803,4.102998e-01,3.456752e-03,3.994141e-01,4.223633e-01,2000,0,8.205996e-03
2026-07-20T17:58:25.930,1784559505.931,293.903,4.084496e-01,3.537297e-03,3.969727e-01,4.196777e-01,2000,0,8.168992e-03
2026-07-20T17:58:26.028,1784559506.029,294.003,4.066439e-01,3.647947e-03,3.962402e-01,4.201660e-01,2000,0,8.132878e-03
2026-07-20T17:58:26.128,1784559506.129,294.103,4.047932e-01,3.722748e-03,3.935547e-01,4.187012e-01,2000,0,8.095864e-03
2026-07-20T17:58:26.228,1784559506.229,294.203,4.027042e-01,3.721559e-03,3.898926e-01,4.196777e-01,2000,0,8.054084e-03
2026-07-20T17:58:26.330,1784559506.330,294.303,4.005724e-01,3.584216e-03,3.903809e-01,4.138184e-01,2000,0,8.011448e-03
2026-07-20T17:58:26.428,1784559506.428,294.403,3.982385e-01,3.463492e-03,3.876953e-01,4.099121e-01,2000,0,7.964771e-03
2026-07-20T17:58:26.528,1784559506.529,294.503,3.961807e-01,3.683519e-03,3.840332e-01,4.082031e-01,2000,0,7.923613e-03
2026-07-20T17:58:26.628,1784559506.628,294.603,3.941510e-01,3.626041e-03,3.808594e-01,4.084473e-01,2000,0,7.883020e-03
2026-07-20T17:58:26.728,1784559506.729,294.703,3.918237e-01,3.704667e-03,3.813477e-01,4.040527e-01,2000,0,7.836475e-03
2026-07-20T17:58:26.828,1784559506.829,294.803,3.897366e-01,3.520578e-03,3.789062e-01,4.023438e-01,2000,0,7.794731e-03
2026-07-20T17:58:26.930,1784559506.930,294.903,3.876643e-01,3.444736e-03,3.754883e-01,3.984375e-01,2000,0,7.753286e-03
2026-07-20T17:58:27.028,1784559507.029,295.003,3.858345e-01,3.582976e-03,3.764648e-01,3.974609e-01,2000,0,7.716689e-03
2026-07-20T17:58:27.128,1784559507.129,295.103,3.837626e-01,3.377566e-03,3.706055e-01,3.952637e-01,2000,0,7.675251e-03
2026-07-20T17:58:27.230,1784559507.231,295.203,3.821627e-01,3.318660e-03,3.728027e-01,3.928223e-01,2000,0,7.643254e-03
2026-07-20T17:58:27.328,1784559507.329,295.303,3.806428e-01,3.002188e-03,3.698730e-01,3.962402e-01,2000,0,7.612856e-03
2026-07-20T17:58:27.428,1784559507.429,295.403,3.792933e-01,3.016423e-03,3.649902e-01,3.913574e-01,2000,0,7.585867e-03
2026-07-20T17:58:27.528,1784559507.529,295.503,3.781720e-01,2.800352e-03,3.688965e-01,3.879395e-01,2000,0,7.563440e-03
2026-07-20T17:58:27.628,1784559507.629,295.603,3.768756e-01,2.820048e-03,3.676758e-01,3.906250e-01,2000,0,7.537512e-03
2026-07-20T17:58:27.728,1784559507.729,295.703,3.759598e-01,2.681324e-03,3.645020e-01,3.876953e-01,2000,0,7.519197e-03
2026-07-20T17:58:27.830,1784559507.831,295.803,3.752457e-01,2.709735e-03,3.659668e-01,3.867188e-01,2000,0,7.504915e-03
2026-07-20T17:58:27.930,1784559507.930,295.903,3.739866e-01,2.727786e-03,3.642578e-01,3.857422e-01,2000,0,7.479731e-03
2026-07-20T17:58:28.028,1784559508.028,296.003,3.732589e-01,2.567928e-03,3.645020e-01,3.830566e-01,2000,0,7.465178e-03
2026-07-20T17:58:28.130,1784559508.131,296.103,3.725172e-01,2.424253e-03,3.637695e-01,3.808594e-01,2000,0,7.450344e-03
2026-07-20T17:58:28.228,1784559508.228,296.203,3.721578e-01,2.515655e-03,3.630371e-01,3.825684e-01,2000,0,7.443157e-03
2026-07-20T17:58:28.328,1784559508.328,296.303,3.718147e-01,2.519453e-03,3.630371e-01,3.835449e-01,2000,0,7.436294e-03
2026-07-20T17:58:28.428,1784559508.429,296.403,3.711879e-01,2.458799e-03,3.630371e-01,3.837891e-01,2000,0,7.423757e-03
2026-07-20T17:58:28.528,1784559508.529,296.503,3.701666e-01,2.341314e-03,3.603516e-01,3.786621e-01,2000,0,7.403333e-03
2026-07-20T17:58:28.628,1784559508.629,296.603,3.694819e-01,2.307737e-03,3.540039e-01,3.786621e-01,2000,0,7.389639e-03
2026-07-20T17:58:28.728,1784559508.728,296.703,3.688688e-01,2.387086e-03,3.608398e-01,3.767090e-01,2000,0,7.377375e-03
2026-07-20T17:58:28.830,1784559508.831,296.803,3.675596e-01,2.407398e-03,3.583984e-01,3.767090e-01,2000,0,7.351191e-03
2026-07-20T17:58:28.928,1784559508.929,296.903,3.666930e-01,2.410422e-03,3.581543e-01,3.752441e-01,2000,0,7.333860e-03
2026-07-20T17:58:29.028,1784559509.029,297.003,3.660070e-01,2.570830e-03,3.562012e-01,3.862305e-01,2000,0,7.320139e-03
2026-07-20T17:58:29.128,1784559509.129,297.103,3.647739e-01,2.571961e-03,3.552246e-01,3.764648e-01,2000,0,7.295479e-03
2026-07-20T17:58:29.228,1784559509.229,297.203,3.635448e-01,2.803019e-03,3.535156e-01,3.732910e-01,2000,0,7.270896e-03
2026-07-20T17:58:29.328,1784559509.329,297.303,3.627090e-01,2.869236e-03,3.513184e-01,3.740234e-01,2000,0,7.254180e-03
2026-07-20T17:58:29.428,1784559509.429,297.403,3.611823e-01,2.957494e-03,3.513184e-01,3.720703e-01,2000,0,7.223645e-03
2026-07-20T17:58:29.528,1784559509.528,297.503,3.596254e-01,2.962110e-03,3.474121e-01,3.715820e-01,2000,0,7.192507e-03
2026-07-20T17:58:29.628,1784559509.629,297.603,3.588118e-01,3.098420e-03,3.476562e-01,3.703613e-01,2000,0,7.176235e-03
2026-07-20T17:58:29.728,1784559509.729,297.703,3.567347e-01,3.108526e-03,3.466797e-01,3.649902e-01,2000,0,7.134695e-03
2026-07-20T17:58:29.830,1784559509.831,297.803,3.551241e-01,3.145732e-03,3.435059e-01,3.647461e-01,2000,0,7.102483e-03
2026-07-20T17:58:29.928,1784559509.929,297.903,3.537529e-01,3.264419e-03,3.439941e-01,3.640137e-01,2000,0,7.075059e-03
2026-07-20T17:58:30.028,1784559510.029,298.003,3.519326e-01,3.259280e-03,3.400879e-01,3.627930e-01,2000,0,7.038652e-03
2026-07-20T17:58:30.128,1784559510.129,298.103,3.501713e-01,3.109671e-03,3.391113e-01,3.605957e-01,2000,0,7.003425e-03
2026-07-20T17:58:30.231,1784559510.231,298.203,3.485211e-01,3.115690e-03,3.378906e-01,3.576660e-01,2000,0,6.970422e-03
2026-07-20T17:58:30.328,1784559510.329,298.303,3.461072e-01,3.133533e-03,3.356934e-01,3.552246e-01,2000,0,6.922144e-03
2026-07-20T17:58:30.428,1784559510.429,298.403,3.442195e-01,3.305001e-03,3.325195e-01,3.579102e-01,2000,0,6.884390e-03
2026-07-20T17:58:30.528,1784559510.529,298.503,3.423213e-01,3.403333e-03,3.308105e-01,3.525391e-01,2000,0,6.846426e-03
2026-07-20T17:58:30.628,1784559510.629,298.603,3.404845e-01,3.372310e-03,3.305664e-01,3.500977e-01,2000,0,6.809690e-03
2026-07-20T17:58:30.728,1784559510.728,298.703,3.380408e-01,3.263967e-03,3.291016e-01,3.471680e-01,2000,0,6.760815e-03
2026-07-20T17:58:30.828,1784559510.829,298.803,3.361926e-01,3.218251e-03,3.251953e-01,3.471680e-01,2000,0,6.723853e-03
2026-07-20T17:58:30.931,1784559510.931,298.903,3.342133e-01,2.940487e-03,3.217773e-01,3.442383e-01,2000,0,6.684265e-03
2026-07-20T17:58:31.028,1784559511.029,299.003,3.326980e-01,3.046222e-03,3.220215e-01,3.422852e-01,2000,0,6.653960e-03
2026-07-20T17:58:31.128,1784559511.129,299.103,3.309723e-01,3.133168e-03,3.198242e-01,3.437500e-01,2000,0,6.619446e-03
2026-07-20T17:58:31.230,1784559511.231,299.203,3.295519e-01,2.958480e-03,3.186035e-01,3.395996e-01,2000,0,6.591038e-03
2026-07-20T17:58:31.328,1784559511.328,299.303,3.285541e-01,2.969062e-03,3.193359e-01,3.415527e-01,2000,0,6.571082e-03
2026-07-20T17:58:31.428,1784559511.429,299.403,3.268223e-01,2.831675e-03,3.181152e-01,3.378906e-01,2000,0,6.536445e-03
2026-07-20T17:58:31.528,1784559511.529,299.503,3.258965e-01,2.983001e-03,3.159180e-01,3.374023e-01,2000,0,6.517930e-03
2026-07-20T17:58:31.628,1784559511.628,299.603,3.248572e-01,3.145795e-03,3.156738e-01,3.352051e-01,2000,0,6.497144e-03
2026-07-20T17:58:31.728,1784559511.729,299.703,3.244834e-01,3.025581e-03,3.151855e-01,3.352051e-01,2000,0,6.489668e-03
2026-07-20T17:58:31.828,1784559511.829,299.803,3.235713e-01,2.865205e-03,3.139648e-01,3.334961e-01,2000,0,6.471426e-03
2026-07-20T17:58:31.928,1784559511.928,299.903,3.223892e-01,2.916423e-03,3.107910e-01,3.332520e-01,2000,0,6.447783e-03
