# board,CSE142502
# channel,1
# input_range_mv,4000
# impedance_ohm,1000000
# sample_rate,1000000
# samples_per_reading,2000
# rate_hz,10.0
# duration_s,300.0
# start,2026-07-20T18:02:12
# value,mean_v = raw volts at DAQ input. r_v = R in volts = mean_v × 0.02 (SEN full-scale = 20 mV; ±1.0 V output = full scale).
# param:Laser.wavelength,1297.6,cm^-1
# param:Laser.power,,W
# param:Laser.rep_rate,12458.8,Hz
# param:Laser.pulse_width,500,ns
# param:Lock-in.sensitivity,20 mV
# param:Lock-in.time_constant,3 s
# param:Lock-in.mod_frequency,12447.8,Hz
# param:Gas.gas_type,N2
# param:Gas.concentration,100,%
# param:Gas.adm_pressure,600,torr
# param:General.operator,burak
# param:General.notes,laser closed-2
iso_time,epoch_s,elapsed_s,mean_v,std_v,min_v,max_v,n,clipped,r_v
2026-07-20T18:02:14.937,1784559734.938,0.003,-7.996704e-03,3.118979e-03,-2.441406e-02,2.441406e-03,2000,0,-1.599341e-04
2026-07-20T18:02:15.041,1784559735.042,0.103,-7.907837e-03,3.363439e-03,-2.026367e-02,1.708984e-03,2000,0,-1.581567e-04
2026-07-20T18:02:15.143,1784559735.143,0.203,-7.531250e-03,3.370829e-03,-1.831055e-02,2.197266e-03,2000,0,-1.506250e-04
2026-07-20T18:02:15.241,1784559735.242,0.303,-7.757202e-03,3.316479e-03,-2.001953e-02,3.662109e-03,2000,0,-1.551440e-04
2026-07-20T18:02:15.341,1784559735.342,0.403,-7.779419e-03,3.306832e-03,-1.806641e-02,3.173828e-03,2000,0,-1.555884e-04
2026-07-20T18:02:15.441,1784559735.441,0.503,-7.910278e-03,3.348708e-03,-1.977539e-02,5.615234e-03,2000,0,-1.582056e-04
2026-07-20T18:02:15.541,1784559735.542,0.603,-7.417847e-03,3.289404e-03,-1.782227e-02,2.197266e-03,2000,0,-1.483569e-04
2026-07-20T18:02:15.641,1784559735.642,0.703,-7.640991e-03,3.384409e-03,-1.806641e-02,4.150391e-03,2000,0,-1.528198e-04
2026-07-20T18:02:15.741,1784559735.742,0.803,-7.922363e-03,3.327400e-03,-1.831055e-02,3.906250e-03,2000,0,-1.584473e-04
2026-07-20T18:02:15.841,1784559735.842,0.903,-8.009399e-03,3.461352e-03,-1.806641e-02,5.615234e-03,2000,0,-1.601880e-04
2026-07-20T18:02:15.941,1784559735.941,1.003,-8.343872e-03,3.359657e-03,-1.977539e-02,2.929688e-03,2000,0,-1.668774e-04
2026-07-20T18:02:16.041,1784559736.042,1.103,-7.367187e-03,3.540805e-03,-1.928711e-02,4.638672e-03,2000,0,-1.473437e-04
2026-07-20T18:02:16.141,1784559736.142,1.203,-7.755249e-03,3.447656e-03,-1.977539e-02,4.150391e-03,2000,0,-1.551050e-04
2026-07-20T18:02:16.241,1784559736.242,1.303,-7.866577e-03,3.570029e-03,-1.928711e-02,2.685547e-03,2000,0,-1.573315e-04
2026-07-20T18:02:16.341,1784559736.342,1.403,-8.136230e-03,3.460677e-03,-1.879883e-02,6.591797e-03,2000,0,-1.627246e-04
2026-07-20T18:02:16.441,1784559736.441,1.503,-8.143677e-03,3.361067e-03,-1.928711e-02,2.441406e-03,2000,0,-1.628735e-04
2026-07-20T18:02:16.541,1784559736.542,1.603,-7.711060e-03,3.484126e-03,-1.977539e-02,8.544922e-03,2000,0,-1.542212e-04
2026-07-20T18:02:16.641,1784559736.642,1.703,-8.242554e-03,3.367438e-03,-2.001953e-02,2.441406e-03,2000,0,-1.648511e-04
2026-07-20T18:02:16.744,1784559736.744,1.803,-7.429565e-03,3.476226e-03,-2.392578e-02,2.441406e-03,2000,0,-1.485913e-04
2026-07-20T18:02:16.841,1784559736.842,1.903,-7.727539e-03,3.564109e-03,-2.099609e-02,2.441406e-03,2000,0,-1.545508e-04
2026-07-20T18:02:16.941,1784559736.941,2.003,-7.732788e-03,3.585950e-03,-2.026367e-02,6.835938e-03,2000,0,-1.546558e-04
2026-07-20T18:02:17.041,1784559737.042,2.103,-7.102539e-03,3.868112e-03,-2.099609e-02,5.859375e-03,2000,0,-1.420508e-04
2026-07-20T18:02:17.141,1784559737.141,2.203,-7.972778e-03,3.646823e-03,-2.172852e-02,3.417969e-03,2000,0,-1.594556e-04
2026-07-20T18:02:17.241,1784559737.242,2.303,-7.669556e-03,3.908315e-03,-2.075195e-02,5.371094e-03,2000,0,-1.533911e-04
2026-07-20T18:02:17.341,1784559737.342,2.403,-8.103882e-03,3.971659e-03,-2.001953e-02,7.080078e-03,2000,0,-1.620776e-04
2026-07-20T18:02:17.441,1784559737.442,2.503,-7.598022e-03,3.885778e-03,-2.172852e-02,6.591797e-03,2000,0,-1.519604e-04
2026-07-20T18:02:17.541,1784559737.541,2.603,-7.575928e-03,3.855908e-03,-2.343750e-02,4.882812e-03,2000,0,-1.515186e-04
2026-07-20T18:02:17.641,1784559737.641,2.703,-7.470581e-03,4.091662e-03,-2.197266e-02,4.150391e-03,2000,0,-1.494116e-04
2026-07-20T18:02:17.741,1784559737.741,2.803,-7.410889e-03,3.976278e-03,-2.001953e-02,2.929688e-03,2000,0,-1.482178e-04
2026-07-20T18:02:17.841,1784559737.841,2.903,-7.047974e-03,3.914467e-03,-1.904297e-02,1.098633e-02,2000,0,-1.409595e-04
2026-07-20T18:02:17.941,1784559737.942,3.003,-7.125732e-03,3.780280e-03,-1.953125e-02,5.126953e-03,2000,0,-1.425146e-04
2026-07-20T18:02:18.041,1784559738.042,3.103,-7.488281e-03,3.833027e-03,-2.612305e-02,4.150391e-03,2000,0,-1.497656e-04
2026-07-20T18:02:18.141,1784559738.141,3.203,-7.549927e-03,3.854893e-03,-2.026367e-02,4.394531e-03,2000,0,-1.509985e-04
2026-07-20T18:02:18.241,1784559738.242,3.303,-6.970825e-03,3.698793e-03,-1.904297e-02,7.568359e-03,2000,0,-1.394165e-04
2026-07-20T18:02:18.341,1784559738.341,3.403,-7.299438e-03,3.677930e-03,-2.050781e-02,6.347656e-03,2000,0,-1.459888e-04
2026-07-20T18:02:18.441,1784559738.441,3.503,-7.268188e-03,3.663109e-03,-2.148438e-02,4.638672e-03,2000,0,-1.453638e-04
2026-07-20T18:02:18.541,1784559738.542,3.603,-6.741577e-03,3.259896e-03,-1.953125e-02,3.906250e-03,2000,0,-1.348315e-04
2026-07-20T18:02:18.641,1784559738.642,3.703,-7.267700e-03,3.276199e-03,-1.757812e-02,2.685547e-03,2000,0,-1.453540e-04
2026-07-20T18:02:18.741,1784559738.742,3.803,-6.988281e-03,3.296221e-03,-1.977539e-02,2.929688e-03,2000,0,-1.397656e-04
2026-07-20T18:02:18.841,1784559738.842,3.903,-8.078857e-03,3.256910e-03,-2.026367e-02,2.929688e-03,2000,0,-1.615771e-04
2026-07-20T18:02:18.941,1784559738.942,4.003,-7.165894e-03,3.067945e-03,-2.050781e-02,3.173828e-03,2000,0,-1.433179e-04
2026-07-20T18:02:19.041,1784559739.042,4.103,-6.732910e-03,3.249106e-03,-2.636719e-02,4.150391e-03,2000,0,-1.346582e-04
2026-07-20T18:02:19.141,1784559739.141,4.203,-6.574585e-03,3.166679e-03,-1.879883e-02,7.080078e-03,2000,0,-1.314917e-04
2026-07-20T18:02:19.241,1784559739.242,4.303,-7.061401e-03,3.229018e-03,-1.708984e-02,4.150391e-03,2000,0,-1.412280e-04
2026-07-20T18:02:19.341,1784559739.342,4.403,-7.078247e-03,3.445000e-03,-1.782227e-02,3.906250e-03,2000,0,-1.415649e-04
2026-07-20T18:02:19.441,1784559739.442,4.503,-6.639648e-03,3.496803e-03,-2.124023e-02,3.417969e-03,2000,0,-1.327930e-04
2026-07-20T18:02:19.541,1784559739.542,4.603,-6.986572e-03,3.599574e-03,-1.708984e-02,5.126953e-03,2000,0,-1.397314e-04
2026-07-20T18:02:19.641,1784559739.641,4.703,-6.554810e-03,3.389069e-03,-1.660156e-02,3.662109e-03,2000,0,-1.310962e-04
2026-07-20T18:02:19.741,1784559739.741,4.803,-6.826782e-03,3.465878e-03,-1.757812e-02,2.929688e-03,2000,0,-1.365356e-04
2026-07-20T18:02:19.841,1784559739.842,4.903,-6.665161e-03,3.688198e-03,-1.953125e-02,1.586914e-02,2000,0,-1.333032e-04
2026-07-20T18:02:19.941,1784559739.942,5.003,-7.032715e-03,3.482085e-03,-1.757812e-02,4.394531e-03,2000,0,-1.406543e-04
2026-07-20T18:02:20.044,1784559740.044,5.103,-6.813477e-03,3.369844e-03,-2.221680e-02,4.150391e-03,2000,0,-1.362695e-04
2026-07-20T18:02:20.141,1784559740.142,5.203,-6.960571e-03,3.473100e-03,-1.879883e-02,4.394531e-03,2000,0,-1.392114e-04
2026-07-20T18:02:20.241,1784559740.242,5.303,-7.447266e-03,3.303891e-03,-1.733398e-02,2.929688e-03,2000,0,-1.489453e-04
2026-07-20T18:02:20.341,1784559740.341,5.403,-7.278687e-03,3.241786e-03,-1.806641e-02,1.708984e-03,2000,0,-1.455737e-04
2026-07-20T18:02:20.441,1784559740.441,5.503,-7.006714e-03,3.227750e-03,-1.782227e-02,2.441406e-03,2000,0,-1.401343e-04
2026-07-20T18:02:20.541,1784559740.542,5.603,-6.762695e-03,3.078661e-03,-1.806641e-02,4.882812e-03,2000,0,-1.352539e-04
2026-07-20T18:02:20.641,1784559740.642,5.703,-6.871094e-03,3.021750e-03,-1.953125e-02,1.708984e-03,2000,0,-1.374219e-04
2026-07-20T18:02:20.741,1784559740.741,5.803,-6.991089e-03,2.928229e-03,-1.684570e-02,1.953125e-03,2000,0,-1.398218e-04
2026-07-20T18:02:20.841,1784559740.841,5.903,-7.076172e-03,2.873544e-03,-1.708984e-02,2.929688e-03,2000,0,-1.415234e-04
2026-07-20T18:02:20.941,1784559740.942,6.003,-6.680786e-03,2.885073e-03,-1.586914e-02,7.324219e-03,2000,0,-1.336157e-04
2026-07-20T18:02:21.041,1784559741.042,6.103,-6.986694e-03,2.682040e-03,-1.513672e-02,2.441406e-04,2000,0,-1.397339e-04
2026-07-20T18:02:21.141,1784559741.141,6.203,-7.081055e-03,2.596708e-03,-1.660156e-02,6.347656e-03,2000,0,-1.416211e-04
2026-07-20T18:02:21.241,1784559741.241,6.303,-6.813843e-03,2.737298e-03,-2.343750e-02,2.685547e-03,2000,0,-1.362769e-04
2026-07-20T18:02:21.341,1784559741.342,6.403,-7.022827e-03,2.664541e-03,-1.635742e-02,3.417969e-03,2000,0,-1.404565e-04
2026-07-20T18:02:21.441,1784559741.442,6.503,-6.704468e-03,2.496134e-03,-1.464844e-02,1.220703e-03,2000,0,-1.340894e-04
2026-07-20T18:02:21.541,1784559741.542,6.603,-6.825684e-03,2.408794e-03,-1.611328e-02,3.173828e-03,2000,0,-1.365137e-04
2026-07-20T18:02:21.641,1784559741.642,6.703,-7.150879e-03,2.527014e-03,-1.562500e-02,2.929688e-03,2000,0,-1.430176e-04
2026-07-20T18:02:21.741,1784559741.741,6.803,-6.524170e-03,2.547549e-03,-1.586914e-02,3.662109e-03,2000,0,-1.304834e-04
2026-07-20T18:02:21.841,1784559741.841,6.903,-6.615234e-03,2.571599e-03,-1.586914e-02,4.150391e-03,2000,0,-1.323047e-04
2026-07-20T18:02:21.941,1784559741.941,7.003,-7.105225e-03,2.380583e-03,-1.757812e-02,1.220703e-03,2000,0,-1.421045e-04
2026-07-20T18:02:22.041,1784559742.041,7.103,-6.463501e-03,2.493683e-03,-1.416016e-02,2.197266e-03,2000,0,-1.292700e-04
2026-07-20T18:02:22.143,1784559742.144,7.203,-6.465332e-03,2.625433e-03,-1.586914e-02,1.196289e-02,2000,0,-1.293066e-04
2026-07-20T18:02:22.241,1784559742.241,7.303,-6.517212e-03,2.571801e-03,-1.513672e-02,6.347656e-03,2000,0,-1.303442e-04
2026-07-20T18:02:22.341,1784559742.342,7.403,-6.474365e-03,2.533959e-03,-1.513672e-02,1.953125e-03,2000,0,-1.294873e-04
2026-07-20T18:02:22.443,1784559742.444,7.503,-6.515991e-03,2.564582e-03,-1.562500e-02,2.197266e-03,2000,0,-1.303198e-04
2026-07-20T18:02:22.541,1784559742.541,7.603,-6.710571e-03,2.665987e-03,-1.538086e-02,1.464844e-03,2000,0,-1.342114e-04
2026-07-20T18:02:22.641,1784559742.641,7.703,-6.592896e-03,2.728947e-03,-1.538086e-02,1.464844e-03,2000,0,-1.318579e-04
2026-07-20T18:02:22.741,1784559742.741,7.803,-6.559814e-03,2.824327e-03,-1.538086e-02,1.708984e-03,2000,0,-1.311963e-04
2026-07-20T18:02:22.841,1784559742.842,7.903,-6.843018e-03,2.704800e-03,-1.635742e-02,4.882812e-03,2000,0,-1.368604e-04
2026-07-20T18:02:22.941,1784559742.941,8.003,-6.317139e-03,2.736612e-03,-1.513672e-02,3.906250e-03,2000,0,-1.263428e-04
2026-07-20T18:02:23.041,1784559743.041,8.103,-6.678833e-03,2.633285e-03,-1.562500e-02,1.464844e-03,2000,0,-1.335767e-04
2026-07-20T18:02:23.141,1784559743.141,8.203,-6.998169e-03,2.598681e-03,-1.684570e-02,2.441406e-04,2000,0,-1.399634e-04
2026-07-20T18:02:23.241,1784559743.242,8.303,-6.987671e-03,2.690494e-03,-1.586914e-02,1.464844e-03,2000,0,-1.397534e-04
2026-07-20T18:02:23.341,1784559743.341,8.403,-6.702881e-03,2.760992e-03,-1.562500e-02,1.098633e-02,2000,0,-1.340576e-04
2026-07-20T18:02:23.441,1784559743.441,8.503,-7.165039e-03,2.781927e-03,-1.611328e-02,1.220703e-03,2000,0,-1.433008e-04
2026-07-20T18:02:23.541,1784559743.542,8.603,-6.760620e-03,2.986882e-03,-1.586914e-02,5.126953e-03,2000,0,-1.352124e-04
2026-07-20T18:02:23.641,1784559743.642,8.703,-7.214355e-03,3.083019e-03,-1.879883e-02,2.197266e-03,2000,0,-1.442871e-04
2026-07-20T18:02:23.741,1784559743.741,8.803,-7.674805e-03,3.103102e-03,-1.831055e-02,4.150391e-03,2000,0,-1.534961e-04
2026-07-20T18:02:23.841,1784559743.841,8.903,-7.087769e-03,3.103665e-03,-1.831055e-02,2.929688e-03,2000,0,-1.417554e-04
2026-07-20T18:02:23.941,1784559743.941,9.003,-7.276733e-03,3.303843e-03,-1.782227e-02,2.929688e-03,2000,0,-1.455347e-04
2026-07-20T18:02:24.041,1784559744.041,9.103,-7.196533e-03,3.317192e-03,-1.660156e-02,4.150391e-03,2000,0,-1.439307e-04
2026-07-20T18:02:24.141,1784559744.142,9.203,-6.971069e-03,3.544567e-03,-2.050781e-02,3.417969e-03,2000,0,-1.394214e-04
2026-07-20T18:02:24.241,1784559744.242,9.303,-7.050293e-03,3.567129e-03,-2.343750e-02,5.371094e-03,2000,0,-1.410059e-04
2026-07-20T18:02:24.341,1784559744.342,9.403,-7.067139e-03,3.595713e-03,-2.050781e-02,5.126953e-03,2000,0,-1.413428e-04
2026-07-20T18:02:24.441,1784559744.442,9.503,-7.225952e-03,3.746358e-03,-1.953125e-02,5.126953e-03,2000,0,-1.445190e-04
2026-07-20T18:02:24.541,1784559744.541,9.603,-7.031616e-03,3.645054e-03,-1.757812e-02,3.173828e-03,2000,0,-1.406323e-04
2026-07-20T18:02:24.641,1784559744.642,9.703,-7.206787e-03,3.529987e-03,-1.806641e-02,2.685547e-03,2000,0,-1.441357e-04
2026-07-20T18:02:24.741,1784559744.741,9.803,-8.414062e-03,3.542822e-03,-1.977539e-02,4.150391e-03,2000,0,-1.682813e-04
2026-07-20T18:02:24.841,1784559744.841,9.903,-7.288452e-03,3.566802e-03,-1.879883e-02,2.929688e-03,2000,0,-1.457690e-04
2026-07-20T18:02:24.941,1784559744.941,10.003,-7.604248e-03,3.573383e-03,-2.905273e-02,2.929688e-03,2000,0,-1.520850e-04
2026-07-20T18:02:25.041,1784559745.041,10.103,-7.503052e-03,3.674636e-03,-1.684570e-02,2.197266e-03,2000,0,-1.500610e-04
2026-07-20T18:02:25.143,1784559745.143,10.203,-7.594849e-03,3.614871e-03,-2.026367e-02,5.126953e-03,2000,0,-1.518970e-04
2026-07-20T18:02:25.241,1784559745.241,10.303,-7.890991e-03,3.459733e-03,-1.831055e-02,3.906250e-03,2000,0,-1.578198e-04
2026-07-20T18:02:25.341,1784559745.342,10.403,-8.047729e-03,3.378356e-03,-1.757812e-02,8.300781e-03,2000,0,-1.609546e-04
2026-07-20T18:02:25.441,1784559745.442,10.503,-7.930908e-03,3.271637e-03,-1.855469e-02,1.464844e-03,2000,0,-1.586182e-04
2026-07-20T18:02:25.541,1784559745.542,10.603,-8.051514e-03,3.075848e-03,-1.757812e-02,4.394531e-03,2000,0,-1.610303e-04
2026-07-20T18:02:25.641,1784559745.641,10.703,-7.744141e-03,3.049194e-03,-1.782227e-02,1.953125e-03,2000,0,-1.548828e-04
2026-07-20T18:02:25.741,1784559745.742,10.803,-7.724731e-03,3.059349e-03,-1.855469e-02,1.220703e-03,2000,0,-1.544946e-04
2026-07-20T18:02:25.841,1784559745.842,10.903,-7.767212e-03,2.953124e-03,-1.708984e-02,1.953125e-03,2000,0,-1.553442e-04
2026-07-20T18:02:25.941,1784559745.941,11.003,-7.987427e-03,2.927694e-03,-1.757812e-02,1.953125e-03,2000,0,-1.597485e-04
2026-07-20T18:02:26.041,1784559746.042,11.103,-8.186768e-03,2.876044e-03,-1.855469e-02,1.464844e-03,2000,0,-1.637354e-04
2026-07-20T18:02:26.141,1784559746.141,11.203,-8.409424e-03,2.972706e-03,-1.928711e-02,7.324219e-04,2000,0,-1.681885e-04
2026-07-20T18:02:26.241,1784559746.242,11.303,-8.058594e-03,3.196666e-03,-1.904297e-02,2.197266e-03,2000,0,-1.611719e-04
2026-07-20T18:02:26.341,1784559746.342,11.403,-7.970093e-03,3.320939e-03,-1.708984e-02,1.342773e-02,2000,0,-1.594019e-04
2026-07-20T18:02:26.441,1784559746.441,11.503,-8.117554e-03,3.380631e-03,-1.904297e-02,5.126953e-03,2000,0,-1.623511e-04
2026-07-20T18:02:26.541,1784559746.541,11.603,-7.631714e-03,3.300066e-03,-1.733398e-02,3.173828e-03,2000,0,-1.526343e-04
2026-07-20T18:02:26.641,1784559746.641,11.703,-8.115845e-03,3.360023e-03,-1.879883e-02,5.126953e-03,2000,0,-1.623169e-04
2026-07-20T18:02:26.741,1784559746.741,11.803,-7.966675e-03,3.363056e-03,-1.953125e-02,3.417969e-03,2000,0,-1.593335e-04
2026-07-20T18:02:26.841,1784559746.841,11.903,-7.766724e-03,3.449072e-03,-1.806641e-02,3.662109e-03,2000,0,-1.553345e-04
2026-07-20T18:02:26.943,1784559746.944,12.003,-7.834106e-03,3.523810e-03,-2.026367e-02,4.882812e-03,2000,0,-1.566821e-04
2026-07-20T18:02:27.041,1784559747.041,12.103,-8.150635e-03,3.454049e-03,-1.904297e-02,3.417969e-03,2000,0,-1.630127e-04
2026-07-20T18:02:27.141,1784559747.141,12.203,-7.606934e-03,3.414296e-03,-1.708984e-02,4.882812e-03,2000,0,-1.521387e-04
2026-07-20T18:02:27.241,1784559747.241,12.303,-8.267090e-03,3.362721e-03,-1.855469e-02,4.394531e-03,2000,0,-1.653418e-04
2026-07-20T18:02:27.341,1784559747.342,12.403,-8.470459e-03,3.219538e-03,-1.782227e-02,4.150391e-03,2000,0,-1.694092e-04
2026-07-20T18:02:27.441,1784559747.441,12.503,-7.880859e-03,3.343868e-03,-2.001953e-02,3.906250e-03,2000,0,-1.576172e-04
2026-07-20T18:02:27.541,1784559747.541,12.603,-8.211670e-03,3.281724e-03,-2.124023e-02,6.103516e-03,2000,0,-1.642334e-04
2026-07-20T18:02:27.641,1784559747.641,12.703,-8.137085e-03,3.310433e-03,-1.757812e-02,4.394531e-03,2000,0,-1.627417e-04
2026-07-20T18:02:27.741,1784559747.741,12.803,-7.429565e-03,3.172140e-03,-1.733398e-02,4.638672e-03,2000,0,-1.485913e-04
2026-07-20T18:02:27.841,1784559747.842,12.903,-8.001831e-03,3.140659e-03,-1.855469e-02,3.662109e-03,2000,0,-1.600366e-04
2026-07-20T18:02:27.941,1784559747.941,13.003,-8.479492e-03,3.056395e-03,-1.757812e-02,7.324219e-04,2000,0,-1.695898e-04
2026-07-20T18:02:28.043,1784559748.044,13.103,-8.379150e-03,3.119521e-03,-1.806641e-02,2.197266e-03,2000,0,-1.675830e-04
2026-07-20T18:02:28.141,1784559748.142,13.203,-8.371948e-03,3.061172e-03,-1.831055e-02,1.220703e-03,2000,0,-1.674390e-04
2026-07-20T18:02:28.241,1784559748.242,13.303,-8.392822e-03,3.189853e-03,-1.928711e-02,1.049805e-02,2000,0,-1.678564e-04
2026-07-20T18:02:28.341,1784559748.342,13.403,-8.342285e-03,3.111468e-03,-1.855469e-02,1.220703e-03,2000,0,-1.668457e-04
2026-07-20T18:02:28.441,1784559748.442,13.503,-8.460937e-03,3.198770e-03,-1.977539e-02,1.000977e-02,2000,0,-1.692187e-04
2026-07-20T18:02:28.541,1784559748.542,13.603,-8.530151e-03,3.279099e-03,-1.928711e-02,8.789062e-03,2000,0,-1.706030e-04
2026-07-20T18:02:28.641,1784559748.642,13.703,-8.691895e-03,3.206670e-03,-2.319336e-02,1.464844e-03,2000,0,-1.738379e-04
2026-07-20T18:02:28.741,1784559748.742,13.803,-8.682373e-03,3.226954e-03,-2.197266e-02,4.882812e-04,2000,0,-1.736475e-04
2026-07-20T18:02:28.841,1784559748.841,13.903,-8.472046e-03,3.324120e-03,-2.075195e-02,9.765625e-04,2000,0,-1.694409e-04
2026-07-20T18:02:28.941,1784559748.941,14.003,-8.445068e-03,3.288681e-03,-2.075195e-02,2.929688e-03,2000,0,-1.689014e-04
2026-07-20T18:02:29.041,1784559749.042,14.103,-8.282227e-03,3.542818e-03,-1.953125e-02,3.906250e-03,2000,0,-1.656445e-04
2026-07-20T18:02:29.141,1784559749.142,14.203,-8.441284e-03,3.360180e-03,-2.148438e-02,2.929688e-03,2000,0,-1.688257e-04
2026-07-20T18:02:29.241,1784559749.242,14.303,-8.411499e-03,3.554840e-03,-2.416992e-02,2.685547e-03,2000,0,-1.682300e-04
2026-07-20T18:02:29.341,1784559749.342,14.403,-8.466919e-03,3.475429e-03,-2.099609e-02,8.544922e-03,2000,0,-1.693384e-04
2026-07-20T18:02:29.441,1784559749.442,14.503,-9.099854e-03,3.309051e-03,-2.026367e-02,1.708984e-03,2000,0,-1.819971e-04
2026-07-20T18:02:29.541,1784559749.542,14.603,-8.448975e-03,3.310177e-03,-2.294922e-02,3.417969e-03,2000,0,-1.689795e-04
2026-07-20T18:02:29.641,1784559749.642,14.703,-8.518311e-03,3.169074e-03,-1.831055e-02,4.638672e-03,2000,0,-1.703662e-04
2026-07-20T18:02:29.741,1784559749.742,14.803,-8.626099e-03,3.209348e-03,-1.928711e-02,3.173828e-03,2000,0,-1.725220e-04
2026-07-20T18:02:29.841,1784559749.842,14.903,-8.174805e-03,3.152901e-03,-1.782227e-02,2.197266e-03,2000,0,-1.634961e-04
2026-07-20T18:02:29.941,1784559749.942,15.003,-8.625000e-03,3.229884e-03,-1.831055e-02,9.765625e-04,2000,0,-1.725000e-04
2026-07-20T18:02:30.041,1784559750.042,15.103,-8.844238e-03,3.134179e-03,-2.026367e-02,1.464844e-03,2000,0,-1.768848e-04
2026-07-20T18:02:30.141,1784559750.142,15.203,-8.281372e-03,3.313162e-03,-2.221680e-02,2.197266e-03,2000,0,-1.656274e-04
2026-07-20T18:02:30.241,1784559750.242,15.303,-8.267700e-03,3.257189e-03,-1.928711e-02,9.765625e-04,2000,0,-1.653540e-04
2026-07-20T18:02:30.341,1784559750.342,15.403,-8.636597e-03,3.470290e-03,-2.075195e-02,2.441406e-03,2000,0,-1.727319e-04
2026-07-20T18:02:30.441,1784559750.442,15.503,-8.741333e-03,3.605456e-03,-2.148438e-02,2.929688e-03,2000,0,-1.748267e-04
2026-07-20T18:02:30.541,1784559750.542,15.603,-8.424316e-03,3.617090e-03,-2.221680e-02,2.197266e-03,2000,0,-1.684863e-04
2026-07-20T18:02:30.641,1784559750.642,15.703,-8.485840e-03,3.708065e-03,-2.026367e-02,3.662109e-03,2000,0,-1.697168e-04
2026-07-20T18:02:30.741,1784559750.742,15.803,-8.320190e-03,3.888166e-03,-2.172852e-02,3.173828e-03,2000,0,-1.664038e-04
2026-07-20T18:02:30.841,1784559750.841,15.903,-7.948975e-03,3.865545e-03,-1.977539e-02,7.080078e-03,2000,0,-1.589795e-04
2026-07-20T18:02:30.941,1784559750.942,16.003,-9.606567e-03,3.843172e-03,-2.343750e-02,4.638672e-03,2000,0,-1.921313e-04
2026-07-20T18:02:31.041,1784559751.041,16.103,-8.130005e-03,3.873814e-03,-2.050781e-02,3.173828e-03,2000,0,-1.626001e-04
2026-07-20T18:02:31.141,1784559751.142,16.203,-8.296753e-03,3.950549e-03,-2.294922e-02,6.347656e-03,2000,0,-1.659351e-04
2026-07-20T18:02:31.241,1784559751.241,16.303,-8.254639e-03,3.743889e-03,-2.026367e-02,7.812500e-03,2000,0,-1.650928e-04
2026-07-20T18:02:31.341,1784559751.341,16.403,-8.373535e-03,3.882137e-03,-2.197266e-02,3.906250e-03,2000,0,-1.674707e-04
2026-07-20T18:02:31.441,1784559751.441,16.503,-8.126953e-03,3.755848e-03,-2.661133e-02,3.417969e-03,2000,0,-1.625391e-04
2026-07-20T18:02:31.541,1784559751.542,16.603,-9.014404e-03,3.950615e-03,-2.075195e-02,5.126953e-03,2000,0,-1.802881e-04
2026-07-20T18:02:31.641,1784559751.641,16.703,-7.920898e-03,3.680867e-03,-2.050781e-02,3.417969e-03,2000,0,-1.584180e-04
2026-07-20T18:02:31.741,1784559751.741,16.803,-7.738281e-03,3.817337e-03,-2.294922e-02,7.324219e-03,2000,0,-1.547656e-04
2026-07-20T18:02:31.841,1784559751.841,16.903,-8.272949e-03,3.767676e-03,-1.879883e-02,3.417969e-03,2000,0,-1.654590e-04
2026-07-20T18:02:31.943,1784559751.944,17.003,-7.668579e-03,3.824648e-03,-1.831055e-02,4.882812e-03,2000,0,-1.533716e-04
2026-07-20T18:02:32.041,1784559752.041,17.103,-7.407715e-03,3.640750e-03,-1.782227e-02,6.103516e-03,2000,0,-1.481543e-04
2026-07-20T18:02:32.141,1784559752.141,17.203,-7.858276e-03,3.747207e-03,-2.026367e-02,5.371094e-03,2000,0,-1.571655e-04
2026-07-20T18:02:32.241,1784559752.241,17.303,-7.703491e-03,3.544087e-03,-1.855469e-02,3.662109e-03,2000,0,-1.540698e-04
2026-07-20T18:02:32.341,1784559752.342,17.403,-7.657227e-03,3.458194e-03,-1.708984e-02,3.173828e-03,2000,0,-1.531445e-04
2026-07-20T18:02:32.441,1784559752.442,17.503,-7.945557e-03,3.383211e-03,-1.757812e-02,4.638672e-03,2000,0,-1.589111e-04
2026-07-20T18:02:32.541,1784559752.542,17.603,-7.474609e-03,3.384555e-03,-1.806641e-02,5.126953e-03,2000,0,-1.494922e-04
2026-07-20T18:02:32.641,1784559752.641,17.703,-7.880249e-03,3.436729e-03,-1.928711e-02,3.173828e-03,2000,0,-1.576050e-04
2026-07-20T18:02:32.741,1784559752.742,17.803,-8.235718e-03,3.460201e-03,-2.026367e-02,2.685547e-03,2000,0,-1.647144e-04
2026-07-20T18:02:32.841,1784559752.842,17.903,-7.894287e-03,3.421505e-03,-1.953125e-02,2.929688e-03,2000,0,-1.578857e-04
2026-07-20T18:02:32.941,1784559752.941,18.003,-7.911743e-03,3.470734e-03,-2.148438e-02,2.197266e-03,2000,0,-1.582349e-04
2026-07-20T18:02:33.041,1784559753.041,18.103,-8.252808e-03,3.423134e-03,-2.075195e-02,3.662109e-03,2000,0,-1.650562e-04
2026-07-20T18:02:33.141,1784559753.141,18.203,-7.790283e-03,3.583172e-03,-2.026367e-02,2.685547e-03,2000,0,-1.558057e-04
2026-07-20T18:02:33.241,1784559753.242,18.303,-7.922974e-03,3.654988e-03,-2.124023e-02,2.197266e-03,2000,0,-1.584595e-04
2026-07-20T18:02:33.341,1784559753.342,18.403,-8.279175e-03,3.618965e-03,-2.050781e-02,2.685547e-03,2000,0,-1.655835e-04
2026-07-20T18:02:33.441,1784559753.442,18.503,-7.763428e-03,3.600131e-03,-2.587891e-02,1.953125e-03,2000,0,-1.552686e-04
2026-07-20T18:02:33.541,1784559753.541,18.603,-8.030273e-03,3.568108e-03,-1.977539e-02,1.269531e-02,2000,0,-1.606055e-04
2026-07-20T18:02:33.641,1784559753.641,18.703,-8.058960e-03,3.463988e-03,-1.953125e-02,2.197266e-03,2000,0,-1.611792e-04
2026-07-20T18:02:33.743,1784559753.744,18.803,-8.389893e-03,3.517038e-03,-2.124023e-02,2.441406e-04,2000,0,-1.677979e-04
2026-07-20T18:02:33.841,1784559753.842,18.903,-7.886841e-03,3.367033e-03,-1.977539e-02,2.197266e-03,2000,0,-1.577368e-04
2026-07-20T18:02:33.941,1784559753.942,19.003,-8.262207e-03,3.255366e-03,-1.953125e-02,1.220703e-03,2000,0,-1.652441e-04
2026-07-20T18:02:34.041,1784559754.041,19.103,-7.914673e-03,3.263543e-03,-1.831055e-02,3.417969e-03,2000,0,-1.582935e-04
2026-07-20T18:02:34.141,1784559754.141,19.203,-8.076294e-03,3.265403e-03,-2.172852e-02,4.882812e-04,2000,0,-1.615259e-04
2026-07-20T18:02:34.241,1784559754.241,19.303,-8.472534e-03,3.096311e-03,-2.001953e-02,7.324219e-04,2000,0,-1.694507e-04
2026-07-20T18:02:34.341,1784559754.342,19.403,-8.117798e-03,3.185785e-03,-1.831055e-02,3.173828e-03,2000,0,-1.623560e-04
2026-07-20T18:02:34.444,1784559754.444,19.503,-7.549805e-03,3.042566e-03,-1.611328e-02,7.324219e-03,2000,0,-1.509961e-04
2026-07-20T18:02:34.541,1784559754.542,19.603,-8.103149e-03,3.096183e-03,-1.879883e-02,9.765625e-04,2000,0,-1.620630e-04
2026-07-20T18:02:34.641,1784559754.642,19.703,-8.197266e-03,3.175914e-03,-2.026367e-02,1.953125e-03,2000,0,-1.639453e-04
2026-07-20T18:02:34.741,1784559754.742,19.803,-8.025146e-03,3.047686e-03,-1.977539e-02,2.441406e-03,2000,0,-1.605029e-04
2026-07-20T18:02:34.841,1784559754.842,19.903,-8.110107e-03,3.204536e-03,-1.879883e-02,1.708984e-03,2000,0,-1.622021e-04
2026-07-20T18:02:34.941,1784559754.941,20.003,-8.125732e-03,3.116356e-03,-1.953125e-02,2.929688e-03,2000,0,-1.625146e-04
2026-07-20T18:02:35.041,1784559755.041,20.103,-7.952148e-03,3.188796e-03,-2.026367e-02,2.685547e-03,2000,0,-1.590430e-04
2026-07-20T18:02:35.143,1784559755.144,20.203,-8.123779e-03,3.219255e-03,-1.806641e-02,1.220703e-03,2000,0,-1.624756e-04
2026-07-20T18:02:35.241,1784559755.242,20.303,-8.374268e-03,3.321160e-03,-1.855469e-02,4.882812e-04,2000,0,-1.674854e-04
2026-07-20T18:02:35.343,1784559755.344,20.403,-7.649658e-03,3.324027e-03,-1.757812e-02,2.197266e-03,2000,0,-1.529932e-04
2026-07-20T18:02:35.441,1784559755.441,20.503,-8.023437e-03,3.273310e-03,-1.928711e-02,3.906250e-03,2000,0,-1.604687e-04
2026-07-20T18:02:35.541,1784559755.542,20.603,-7.866943e-03,3.264547e-03,-1.855469e-02,2.929688e-03,2000,0,-1.573389e-04
2026-07-20T18:02:35.641,1784559755.641,20.703,-8.066528e-03,3.283604e-03,-1.904297e-02,2.929688e-03,2000,0,-1.613306e-04
2026-07-20T18:02:35.741,1784559755.742,20.803,-7.862427e-03,3.316798e-03,-2.050781e-02,3.906250e-03,2000,0,-1.572485e-04
2026-07-20T18:02:35.843,1784559755.844,20.903,-8.347534e-03,3.262543e-03,-1.953125e-02,1.464844e-03,2000,0,-1.669507e-04
2026-07-20T18:02:35.941,1784559755.941,21.003,-7.413086e-03,3.296970e-03,-2.050781e-02,1.953125e-03,2000,0,-1.482617e-04
2026-07-20T18:02:36.041,1784559756.041,21.103,-7.823608e-03,3.206612e-03,-1.782227e-02,2.441406e-03,2000,0,-1.564722e-04
2026-07-20T18:02:36.141,1784559756.141,21.203,-7.675171e-03,3.273944e-03,-1.977539e-02,1.708984e-03,2000,0,-1.535034e-04
2026-07-20T18:02:36.241,1784559756.241,21.303,-7.638550e-03,3.353019e-03,-1.904297e-02,3.173828e-03,2000,0,-1.527710e-04
2026-07-20T18:02:36.341,1784559756.341,21.403,-8.058594e-03,3.368494e-03,-2.050781e-02,2.929688e-03,2000,0,-1.611719e-04
2026-07-20T18:02:36.441,1784559756.442,21.503,-7.778198e-03,3.279662e-03,-2.124023e-02,2.441406e-03,2000,0,-1.555640e-04
2026-07-20T18:02:36.541,1784559756.541,21.603,-7.576294e-03,3.212954e-03,-1.855469e-02,1.220703e-03,2000,0,-1.515259e-04
2026-07-20T18:02:36.641,1784559756.642,21.703,-7.679199e-03,3.270344e-03,-1.806641e-02,2.197266e-03,2000,0,-1.535840e-04
2026-07-20T18:02:36.741,1784559756.741,21.803,-7.943604e-03,3.102648e-03,-1.855469e-02,3.906250e-03,2000,0,-1.588721e-04
2026-07-20T18:02:36.841,1784559756.841,21.903,-7.848633e-03,3.064797e-03,-2.270508e-02,1.220703e-03,2000,0,-1.569727e-04
2026-07-20T18:02:36.941,1784559756.941,22.003,-7.688232e-03,3.201808e-03,-1.660156e-02,3.417969e-03,2000,0,-1.537646e-04
2026-07-20T18:02:37.041,1784559757.042,22.103,-8.408325e-03,3.401269e-03,-1.831055e-02,3.906250e-03,2000,0,-1.681665e-04
2026-07-20T18:02:37.141,1784559757.141,22.203,-7.911987e-03,3.252696e-03,-1.953125e-02,3.662109e-03,2000,0,-1.582397e-04
2026-07-20T18:02:37.241,1784559757.242,22.303,-8.094360e-03,3.587303e-03,-1.904297e-02,4.638672e-03,2000,0,-1.618872e-04
2026-07-20T18:02:37.341,1784559757.342,22.403,-8.701050e-03,3.751469e-03,-2.612305e-02,4.150391e-03,2000,0,-1.740210e-04
2026-07-20T18:02:37.441,1784559757.442,22.503,-8.474121e-03,3.613264e-03,-2.148438e-02,3.662109e-03,2000,0,-1.694824e-04
2026-07-20T18:02:37.541,1784559757.541,22.603,-9.389404e-03,3.548786e-03,-2.221680e-02,1.708984e-03,2000,0,-1.877881e-04
2026-07-20T18:02:37.641,1784559757.642,22.703,-8.421631e-03,3.830721e-03,-2.026367e-02,4.882812e-03,2000,0,-1.684326e-04
2026-07-20T18:02:37.741,1784559757.742,22.803,-8.072876e-03,3.991368e-03,-2.050781e-02,5.371094e-03,2000,0,-1.614575e-04
2026-07-20T18:02:37.841,1784559757.842,22.903,-8.550415e-03,3.938942e-03,-2.270508e-02,4.882812e-03,2000,0,-1.710083e-04
2026-07-20T18:02:37.941,1784559757.942,23.003,-8.422485e-03,3.947702e-03,-2.001953e-02,3.173828e-03,2000,0,-1.684497e-04
2026-07-20T18:02:38.041,1784559758.042,23.103,-8.272583e-03,3.982136e-03,-2.246094e-02,2.929688e-03,2000,0,-1.654517e-04
2026-07-20T18:02:38.141,1784559758.142,23.203,-8.558472e-03,4.058381e-03,-2.001953e-02,6.591797e-03,2000,0,-1.711694e-04
2026-07-20T18:02:38.241,1784559758.242,23.303,-9.005981e-03,3.845157e-03,-2.124023e-02,4.394531e-03,2000,0,-1.801196e-04
2026-07-20T18:02:38.341,1784559758.342,23.403,-8.234497e-03,3.822191e-03,-2.001953e-02,4.150391e-03,2000,0,-1.646899e-04
2026-07-20T18:02:38.441,1784559758.442,23.503,-8.823853e-03,3.870042e-03,-2.075195e-02,2.441406e-03,2000,0,-1.764771e-04
2026-07-20T18:02:38.541,1784559758.542,23.603,-8.671143e-03,3.777927e-03,-2.343750e-02,5.371094e-03,2000,0,-1.734229e-04
2026-07-20T18:02:38.641,1784559758.641,23.703,-8.460449e-03,3.801163e-03,-2.026367e-02,3.906250e-03,2000,0,-1.692090e-04
2026-07-20T18:02:38.741,1784559758.742,23.803,-8.815308e-03,3.446250e-03,-2.514648e-02,3.417969e-03,2000,0,-1.763062e-04
2026-07-20T18:02:38.841,1784559758.841,23.903,-8.653198e-03,3.726020e-03,-2.124023e-02,4.638672e-03,2000,0,-1.730640e-04
2026-07-20T18:02:38.941,1784559758.942,24.003,-8.834961e-03,3.561631e-03,-2.001953e-02,1.953125e-03,2000,0,-1.766992e-04
2026-07-20T18:02:39.041,1784559759.042,24.103,-8.903076e-03,3.396468e-03,-2.343750e-02,3.662109e-03,2000,0,-1.780615e-04
2026-07-20T18:02:39.141,1784559759.142,24.203,-9.054932e-03,3.274244e-03,-2.075195e-02,2.441406e-04,2000,0,-1.810986e-04
2026-07-20T18:02:39.241,1784559759.242,24.303,-8.717773e-03,3.421949e-03,-2.441406e-02,2.685547e-03,2000,0,-1.743555e-04
2026-07-20T18:02:39.341,1784559759.342,24.403,-9.012451e-03,3.278653e-03,-1.953125e-02,9.765625e-04,2000,0,-1.802490e-04
2026-07-20T18:02:39.441,1784559759.442,24.503,-9.034302e-03,3.200855e-03,-1.855469e-02,2.197266e-03,2000,0,-1.806860e-04
2026-07-20T18:02:39.541,1784559759.542,24.603,-8.773804e-03,3.305962e-03,-2.001953e-02,2.441406e-03,2000,0,-1.754761e-04
2026-07-20T18:02:39.641,1784559759.642,24.703,-8.623413e-03,3.309489e-03,-1.953125e-02,1.464844e-03,2000,0,-1.724683e-04
2026-07-20T18:02:39.741,1784559759.742,24.803,-8.934326e-03,3.455301e-03,-2.465820e-02,3.173828e-03,2000,0,-1.786865e-04
2026-07-20T18:02:39.843,1784559759.844,24.903,-8.268433e-03,3.249354e-03,-1.831055e-02,9.765625e-04,2000,0,-1.653687e-04
2026-07-20T18:02:39.941,1784559759.941,25.003,-9.082397e-03,3.239341e-03,-2.026367e-02,1.708984e-03,2000,0,-1.816479e-04
2026-07-20T18:02:40.041,1784559760.042,25.103,-9.140137e-03,3.267630e-03,-1.904297e-02,2.441406e-03,2000,0,-1.828027e-04
2026-07-20T18:02:40.141,1784559760.141,25.203,-8.643066e-03,3.196363e-03,-1.977539e-02,1.708984e-03,2000,0,-1.728613e-04
2026-07-20T18:02:40.241,1784559760.242,25.303,-8.547119e-03,3.052577e-03,-1.904297e-02,4.150391e-03,2000,0,-1.709424e-04
2026-07-20T18:02:40.341,1784559760.342,25.403,-8.908203e-03,3.145047e-03,-1.855469e-02,1.953125e-03,2000,0,-1.781641e-04
2026-07-20T18:02:40.441,1784559760.442,25.503,-8.138306e-03,2.848867e-03,-1.635742e-02,0.000000e+00,2000,0,-1.627661e-04
2026-07-20T18:02:40.541,1784559760.542,25.603,-8.799194e-03,2.889802e-03,-2.099609e-02,1.220703e-03,2000,0,-1.759839e-04
2026-07-20T18:02:40.641,1784559760.642,25.703,-8.952271e-03,2.843537e-03,-1.806641e-02,3.173828e-03,2000,0,-1.790454e-04
2026-07-20T18:02:40.741,1784559760.742,25.803,-8.291138e-03,2.786156e-03,-1.904297e-02,1.220703e-03,2000,0,-1.658228e-04
2026-07-20T18:02:40.841,1784559760.842,25.903,-8.999878e-03,2.658700e-03,-1.708984e-02,0.000000e+00,2000,0,-1.799976e-04
2026-07-20T18:02:40.941,1784559760.942,26.003,-8.972046e-03,2.571576e-03,-1.757812e-02,2.441406e-04,2000,0,-1.794409e-04
2026-07-20T18:02:41.041,1784559761.042,26.103,-8.604736e-03,2.660192e-03,-1.660156e-02,0.000000e+00,2000,0,-1.720947e-04
2026-07-20T18:02:41.141,1784559761.142,26.203,-8.897217e-03,2.588325e-03,-1.879883e-02,7.324219e-04,2000,0,-1.779443e-04
2026-07-20T18:02:41.241,1784559761.242,26.303,-9.012329e-03,2.383108e-03,-1.684570e-02,3.173828e-03,2000,0,-1.802466e-04
2026-07-20T18:02:41.341,1784559761.342,26.403,-8.603027e-03,2.437636e-03,-1.660156e-02,1.464844e-03,2000,0,-1.720605e-04
2026-07-20T18:02:41.441,1784559761.442,26.503,-8.913696e-03,2.430161e-03,-1.757812e-02,1.464844e-03,2000,0,-1.782739e-04
2026-07-20T18:02:41.541,1784559761.542,26.603,-9.061890e-03,2.470851e-03,-1.904297e-02,1.953125e-03,2000,0,-1.812378e-04
2026-07-20T18:02:41.641,1784559761.642,26.703,-8.471436e-03,2.381847e-03,-1.879883e-02,-1.220703e-03,2000,0,-1.694287e-04
2026-07-20T18:02:41.741,1784559761.742,26.803,-8.812622e-03,2.358570e-03,-1.708984e-02,4.882812e-04,2000,0,-1.762524e-04
2026-07-20T18:02:41.841,1784559761.842,26.903,-8.754150e-03,2.463239e-03,-1.831055e-02,4.638672e-03,2000,0,-1.750830e-04
2026-07-20T18:02:41.941,1784559761.942,27.003,-8.587891e-03,2.343114e-03,-1.831055e-02,2.441406e-03,2000,0,-1.717578e-04
2026-07-20T18:02:42.041,1784559762.042,27.103,-8.860840e-03,2.472646e-03,-1.928711e-02,2.441406e-03,2000,0,-1.772168e-04
2026-07-20T18:02:42.143,1784559762.143,27.203,-8.815552e-03,2.613613e-03,-2.075195e-02,1.708984e-03,2000,0,-1.763110e-04
2026-07-20T18:02:42.241,1784559762.241,27.303,-8.547241e-03,2.661496e-03,-1.611328e-02,2.197266e-03,2000,0,-1.709448e-04
2026-07-20T18:02:42.341,1784559762.341,27.403,-9.245117e-03,2.750811e-03,-1.757812e-02,1.074219e-02,2000,0,-1.849023e-04
2026-07-20T18:02:42.441,1784559762.441,27.503,-8.895386e-03,2.855254e-03,-1.904297e-02,-4.882812e-04,2000,0,-1.779077e-04
2026-07-20T18:02:42.541,1784559762.541,27.603,-9.058350e-03,2.927717e-03,-1.953125e-02,2.441406e-04,2000,0,-1.811670e-04
2026-07-20T18:02:42.641,1784559762.642,27.703,-8.870361e-03,2.896151e-03,-1.782227e-02,-4.882812e-04,2000,0,-1.774072e-04
2026-07-20T18:02:42.741,1784559762.742,27.803,-8.893555e-03,3.003166e-03,-1.953125e-02,1.464844e-03,2000,0,-1.778711e-04
2026-07-20T18:02:42.841,1784559762.842,27.903,-8.743042e-03,3.117743e-03,-1.855469e-02,1.708984e-03,2000,0,-1.748608e-04
2026-07-20T18:02:42.941,1784559762.942,28.003,-9.033569e-03,3.024896e-03,-1.904297e-02,1.464844e-03,2000,0,-1.806714e-04
2026-07-20T18:02:43.041,1784559763.041,28.103,-9.764771e-03,3.101494e-03,-2.026367e-02,5.126953e-03,2000,0,-1.952954e-04
2026-07-20T18:02:43.141,1784559763.142,28.203,-8.664307e-03,3.221434e-03,-1.904297e-02,7.324219e-04,2000,0,-1.732861e-04
2026-07-20T18:02:43.241,1784559763.242,28.303,-8.860840e-03,3.090010e-03,-2.050781e-02,2.441406e-04,2000,0,-1.772168e-04
2026-07-20T18:02:43.343,1784559763.344,28.403,-8.992188e-03,3.137210e-03,-2.392578e-02,2.685547e-03,2000,0,-1.798438e-04
2026-07-20T18:02:43.441,1784559763.442,28.503,-8.714600e-03,3.165111e-03,-1.806641e-02,3.906250e-03,2000,0,-1.742920e-04
2026-07-20T18:02:43.541,1784559763.542,28.603,-8.883057e-03,3.174380e-03,-2.148438e-02,3.417969e-03,2000,0,-1.776611e-04
2026-07-20T18:02:43.641,1784559763.642,28.703,-9.237427e-03,3.192075e-03,-1.904297e-02,1.953125e-03,2000,0,-1.847485e-04
2026-07-20T18:02:43.741,1784559763.742,28.803,-8.393921e-03,3.087322e-03,-1.904297e-02,9.765625e-04,2000,0,-1.678784e-04
2026-07-20T18:02:43.841,1784559763.842,28.903,-8.881470e-03,3.230463e-03,-2.050781e-02,2.929688e-03,2000,0,-1.776294e-04
2026-07-20T18:02:43.941,1784559763.942,29.003,-9.263428e-03,3.097766e-03,-1.879883e-02,2.441406e-03,2000,0,-1.852686e-04
2026-07-20T18:02:44.041,1784559764.042,29.103,-8.706787e-03,3.039079e-03,-1.831055e-02,0.000000e+00,2000,0,-1.741357e-04
2026-07-20T18:02:44.141,1784559764.141,29.203,-8.831543e-03,3.051648e-03,-2.392578e-02,1.464844e-03,2000,0,-1.766309e-04
2026-07-20T18:02:44.241,1784559764.242,29.303,-8.929932e-03,2.930990e-03,-1.806641e-02,4.882812e-04,2000,0,-1.785986e-04
2026-07-20T18:02:44.341,1784559764.342,29.403,-8.577881e-03,2.931567e-03,-1.806641e-02,5.371094e-03,2000,0,-1.715576e-04
2026-07-20T18:02:44.441,1784559764.442,29.503,-8.564209e-03,3.026219e-03,-1.831055e-02,7.324219e-04,2000,0,-1.712842e-04
2026-07-20T18:02:44.541,1784559764.542,29.603,-9.593018e-03,2.998392e-03,-2.001953e-02,7.324219e-04,2000,0,-1.918604e-04
2026-07-20T18:02:44.641,1784559764.642,29.703,-8.599365e-03,3.185827e-03,-1.904297e-02,2.441406e-03,2000,0,-1.719873e-04
2026-07-20T18:02:44.741,1784559764.742,29.803,-8.767700e-03,3.115045e-03,-2.441406e-02,1.708984e-03,2000,0,-1.753540e-04
2026-07-20T18:02:44.841,1784559764.842,29.903,-8.867188e-03,3.215153e-03,-2.001953e-02,8.300781e-03,2000,0,-1.773438e-04
2026-07-20T18:02:44.941,1784559764.941,30.003,-8.858643e-03,3.258667e-03,-1.831055e-02,1.708984e-03,2000,0,-1.771729e-04
2026-07-20T18:02:45.041,1784559765.041,30.103,-8.646118e-03,3.348784e-03,-1.953125e-02,3.662109e-03,2000,0,-1.729224e-04
2026-07-20T18:02:45.141,1784559765.141,30.203,-8.625366e-03,3.600399e-03,-2.294922e-02,5.615234e-03,2000,0,-1.725073e-04
2026-07-20T18:02:45.241,1784559765.242,30.303,-7.969849e-03,3.623314e-03,-1.928711e-02,5.371094e-03,2000,0,-1.593970e-04
2026-07-20T18:02:45.341,1784559765.342,30.403,-8.623779e-03,3.915910e-03,-2.221680e-02,4.394531e-03,2000,0,-1.724756e-04
2026-07-20T18:02:45.441,1784559765.442,30.503,-8.428101e-03,3.984114e-03,-2.246094e-02,3.173828e-03,2000,0,-1.685620e-04
2026-07-20T18:02:45.541,1784559765.542,30.603,-8.296143e-03,3.886345e-03,-2.368164e-02,3.662109e-03,2000,0,-1.659229e-04
2026-07-20T18:02:45.641,1784559765.642,30.703,-8.084595e-03,4.082294e-03,-1.928711e-02,4.394531e-03,2000,0,-1.616919e-04
2026-07-20T18:02:45.741,1784559765.742,30.803,-8.155273e-03,4.067472e-03,-2.075195e-02,5.615234e-03,2000,0,-1.631055e-04
2026-07-20T18:02:45.841,1784559765.841,30.903,-7.984253e-03,4.101770e-03,-2.075195e-02,4.638672e-03,2000,0,-1.596851e-04
2026-07-20T18:02:45.941,1784559765.941,31.003,-8.635620e-03,4.068166e-03,-2.270508e-02,6.591797e-03,2000,0,-1.727124e-04
2026-07-20T18:02:46.041,1784559766.042,31.103,-9.316406e-03,4.055259e-03,-2.319336e-02,2.197266e-03,2000,0,-1.863281e-04
2026-07-20T18:02:46.141,1784559766.141,31.203,-7.971558e-03,4.083978e-03,-2.026367e-02,7.324219e-03,2000,0,-1.594312e-04
2026-07-20T18:02:46.241,1784559766.242,31.303,-8.076660e-03,3.853598e-03,-1.953125e-02,6.347656e-03,2000,0,-1.615332e-04
2026-07-20T18:02:46.341,1784559766.342,31.403,-7.839722e-03,3.928716e-03,-2.685547e-02,5.859375e-03,2000,0,-1.567944e-04
2026-07-20T18:02:46.441,1784559766.442,31.503,-7.941040e-03,3.802174e-03,-1.953125e-02,4.638672e-03,2000,0,-1.588208e-04
2026-07-20T18:02:46.541,1784559766.542,31.603,-8.173096e-03,3.578942e-03,-2.148438e-02,6.347656e-03,2000,0,-1.634619e-04
2026-07-20T18:02:46.641,1784559766.642,31.703,-8.108521e-03,3.689088e-03,-2.001953e-02,4.150391e-03,2000,0,-1.621704e-04
2026-07-20T18:02:46.741,1784559766.742,31.803,-7.820312e-03,3.600524e-03,-1.855469e-02,5.615234e-03,2000,0,-1.564062e-04
2026-07-20T18:02:46.841,1784559766.842,31.903,-8.108521e-03,3.397139e-03,-1.806641e-02,5.126953e-03,2000,0,-1.621704e-04
2026-07-20T18:02:46.941,1784559766.942,32.003,-8.435669e-03,3.452154e-03,-2.124023e-02,1.708984e-03,2000,0,-1.687134e-04
2026-07-20T18:02:47.041,1784559767.042,32.103,-7.924683e-03,3.423678e-03,-2.368164e-02,5.859375e-03,2000,0,-1.584937e-04
2026-07-20T18:02:47.141,1784559767.142,32.203,-7.805176e-03,3.275682e-03,-1.806641e-02,2.441406e-03,2000,0,-1.561035e-04
2026-07-20T18:02:47.241,1784559767.241,32.303,-7.991699e-03,3.411277e-03,-1.977539e-02,1.953125e-03,2000,0,-1.598340e-04
2026-07-20T18:02:47.341,1784559767.342,32.403,-7.411743e-03,3.369875e-03,-1.928711e-02,2.441406e-03,2000,0,-1.482349e-04
2026-07-20T18:02:47.441,1784559767.441,32.503,-8.040283e-03,3.245992e-03,-1.733398e-02,2.197266e-03,2000,0,-1.608057e-04
2026-07-20T18:02:47.541,1784559767.542,32.603,-7.963745e-03,3.384900e-03,-2.197266e-02,3.173828e-03,2000,0,-1.592749e-04
2026-07-20T18:02:47.641,1784559767.642,32.703,-7.167236e-03,3.343457e-03,-1.806641e-02,1.147461e-02,2000,0,-1.433447e-04
2026-07-20T18:02:47.741,1784559767.742,32.803,-7.178955e-03,3.240942e-03,-1.879883e-02,7.324219e-03,2000,0,-1.435791e-04
2026-07-20T18:02:47.841,1784559767.842,32.903,-7.728149e-03,3.432240e-03,-1.928711e-02,3.173828e-03,2000,0,-1.545630e-04
2026-07-20T18:02:47.941,1784559767.942,33.003,-7.541382e-03,3.350400e-03,-2.099609e-02,4.394531e-03,2000,0,-1.508276e-04
2026-07-20T18:02:48.042,1784559768.042,33.103,-7.610474e-03,3.476607e-03,-2.075195e-02,3.417969e-03,2000,0,-1.522095e-04
2026-07-20T18:02:48.141,1784559768.141,33.203,-7.910400e-03,3.365221e-03,-2.124023e-02,3.173828e-03,2000,0,-1.582080e-04
2026-07-20T18:02:48.243,1784559768.244,33.303,-7.535767e-03,3.519774e-03,-1.904297e-02,3.417969e-03,2000,0,-1.507153e-04
2026-07-20T18:02:48.343,1784559768.344,33.403,-7.384155e-03,3.401381e-03,-2.075195e-02,3.417969e-03,2000,0,-1.476831e-04
2026-07-20T18:02:48.441,1784559768.442,33.503,-8.094238e-03,3.517636e-03,-1.879883e-02,7.080078e-03,2000,0,-1.618848e-04
2026-07-20T18:02:48.543,1784559768.544,33.603,-7.672607e-03,3.578303e-03,-1.879883e-02,3.662109e-03,2000,0,-1.534521e-04
2026-07-20T18:02:48.641,1784559768.642,33.703,-7.435669e-03,3.613934e-03,-2.026367e-02,2.685547e-03,2000,0,-1.487134e-04
2026-07-20T18:02:48.741,1784559768.742,33.803,-8.314331e-03,3.595309e-03,-2.929688e-02,4.882812e-03,2000,0,-1.662866e-04
2026-07-20T18:02:48.841,1784559768.841,33.903,-8.208252e-03,3.531639e-03,-1.928711e-02,2.441406e-03,2000,0,-1.641650e-04
2026-07-20T18:02:48.943,1784559768.944,34.003,-8.076294e-03,3.558797e-03,-2.270508e-02,6.347656e-03,2000,0,-1.615259e-04
2026-07-20T18:02:49.041,1784559769.042,34.103,-7.883667e-03,3.383427e-03,-2.099609e-02,2.685547e-03,2000,0,-1.576733e-04
2026-07-20T18:02:49.141,1784559769.142,34.203,-7.751831e-03,3.329238e-03,-1.977539e-02,3.906250e-03,2000,0,-1.550366e-04
2026-07-20T18:02:49.243,1784559769.243,34.303,-7.498169e-03,3.358064e-03,-2.197266e-02,5.126953e-03,2000,0,-1.499634e-04
2026-07-20T18:02:49.343,1784559769.344,34.403,-7.780151e-03,3.277700e-03,-1.855469e-02,6.347656e-03,2000,0,-1.556030e-04
2026-07-20T18:02:49.441,1784559769.442,34.503,-7.620117e-03,3.157835e-03,-1.733398e-02,2.929688e-03,2000,0,-1.524023e-04
2026-07-20T18:02:49.543,1784559769.543,34.603,-6.928467e-03,3.195495e-03,-1.928711e-02,4.150391e-03,2000,0,-1.385693e-04
2026-07-20T18:02:49.641,1784559769.642,34.703,-7.508667e-03,3.011084e-03,-1.782227e-02,7.080078e-03,2000,0,-1.501733e-04
2026-07-20T18:02:49.741,1784559769.742,34.803,-8.418457e-03,3.066329e-03,-1.684570e-02,4.150391e-03,2000,0,-1.683691e-04
2026-07-20T18:02:49.843,1784559769.843,34.903,-6.844727e-03,3.098343e-03,-1.611328e-02,6.103516e-03,2000,0,-1.368945e-04
2026-07-20T18:02:49.941,1784559769.941,35.003,-7.219849e-03,3.128791e-03,-1.684570e-02,9.765625e-03,2000,0,-1.443970e-04
2026-07-20T18:02:50.041,1784559770.041,35.103,-7.639282e-03,3.187902e-03,-1.733398e-02,3.417969e-03,2000,0,-1.527856e-04
2026-07-20T18:02:50.143,1784559770.144,35.203,-7.120239e-03,3.147667e-03,-1.733398e-02,2.441406e-03,2000,0,-1.424048e-04
2026-07-20T18:02:50.243,1784559770.244,35.303,-7.606445e-03,3.269449e-03,-1.757812e-02,1.464844e-03,2000,0,-1.521289e-04
2026-07-20T18:02:50.343,1784559770.343,35.403,-7.156616e-03,3.047186e-03,-1.757812e-02,4.882812e-03,2000,0,-1.431323e-04
2026-07-20T18:02:50.443,1784559770.444,35.503,-7.176270e-03,3.173356e-03,-1.782227e-02,2.685547e-03,2000,0,-1.435254e-04
2026-07-20T18:02:50.541,1784559770.541,35.603,-7.126953e-03,3.238083e-03,-1.684570e-02,3.417969e-03,2000,0,-1.425391e-04
2026-07-20T18:02:50.643,1784559770.643,35.703,-7.668701e-03,3.314699e-03,-1.879883e-02,4.150391e-03,2000,0,-1.533740e-04
2026-07-20T18:02:50.743,1784559770.744,35.803,-7.063721e-03,3.311122e-03,-1.928711e-02,4.150391e-03,2000,0,-1.412744e-04
2026-07-20T18:02:50.841,1784559770.841,35.903,-7.453613e-03,3.318967e-03,-1.855469e-02,1.953125e-03,2000,0,-1.490723e-04
2026-07-20T18:02:50.941,1784559770.941,36.003,-7.312988e-03,3.181630e-03,-1.757812e-02,3.662109e-03,2000,0,-1.462598e-04
2026-07-20T18:02:51.041,1784559771.042,36.103,-6.462891e-03,3.321822e-03,-1.831055e-02,4.150391e-03,2000,0,-1.292578e-04
2026-07-20T18:02:51.141,1784559771.142,36.203,-7.320679e-03,3.234907e-03,-1.660156e-02,1.953125e-03,2000,0,-1.464136e-04
2026-07-20T18:02:51.241,1784559771.241,36.303,-7.063232e-03,3.334404e-03,-1.757812e-02,4.638672e-03,2000,0,-1.412646e-04
2026-07-20T18:02:51.341,1784559771.342,36.403,-7.183716e-03,3.175999e-03,-1.831055e-02,3.173828e-03,2000,0,-1.436743e-04
2026-07-20T18:02:51.441,1784559771.442,36.503,-7.072388e-03,3.232725e-03,-1.806641e-02,4.394531e-03,2000,0,-1.414478e-04
2026-07-20T18:02:51.541,1784559771.541,36.603,-7.222656e-03,3.437782e-03,-1.806641e-02,6.835938e-03,2000,0,-1.444531e-04
2026-07-20T18:02:51.641,1784559771.642,36.703,-6.916504e-03,3.353128e-03,-1.684570e-02,9.521484e-03,2000,0,-1.383301e-04
2026-07-20T18:02:51.741,1784559771.742,36.803,-7.276001e-03,3.473380e-03,-2.075195e-02,2.197266e-03,2000,0,-1.455200e-04
2026-07-20T18:02:51.841,1784559771.842,36.903,-7.115723e-03,3.467490e-03,-1.855469e-02,4.638672e-03,2000,0,-1.423145e-04
2026-07-20T18:02:51.941,1784559771.942,37.003,-6.925659e-03,3.506564e-03,-1.782227e-02,4.638672e-03,2000,0,-1.385132e-04
2026-07-20T18:02:52.041,1784559772.042,37.103,-7.299805e-03,3.417140e-03,-1.879883e-02,4.394531e-03,2000,0,-1.459961e-04
2026-07-20T18:02:52.141,1784559772.142,37.203,-7.507446e-03,3.472966e-03,-1.855469e-02,3.906250e-03,2000,0,-1.501489e-04
2026-07-20T18:02:52.241,1784559772.241,37.303,-7.032104e-03,3.361036e-03,-1.953125e-02,2.929688e-03,2000,0,-1.406421e-04
2026-07-20T18:02:52.341,1784559772.341,37.403,-7.091553e-03,3.261163e-03,-1.757812e-02,4.638672e-03,2000,0,-1.418311e-04
2026-07-20T18:02:52.441,1784559772.442,37.503,-7.433350e-03,3.476019e-03,-1.879883e-02,4.394531e-03,2000,0,-1.486670e-04
2026-07-20T18:02:52.541,1784559772.541,37.603,-7.165161e-03,3.326904e-03,-2.465820e-02,2.685547e-03,2000,0,-1.433032e-04
2026-07-20T18:02:52.641,1784559772.641,37.703,-7.420166e-03,3.323404e-03,-1.733398e-02,3.906250e-03,2000,0,-1.484033e-04
2026-07-20T18:02:52.743,1784559772.744,37.803,-7.534058e-03,3.482448e-03,-2.416992e-02,4.150391e-03,2000,0,-1.506812e-04
2026-07-20T18:02:52.843,1784559772.844,37.903,-7.159180e-03,3.416382e-03,-1.782227e-02,3.173828e-03,2000,0,-1.431836e-04
2026-07-20T18:02:52.941,1784559772.941,38.003,-7.442383e-03,3.336794e-03,-1.855469e-02,8.056641e-03,2000,0,-1.488477e-04
2026-07-20T18:02:53.041,1784559773.042,38.103,-7.526855e-03,3.772854e-03,-2.026367e-02,3.662109e-03,2000,0,-1.505371e-04
2026-07-20T18:02:53.141,1784559773.141,38.203,-7.455688e-03,3.521973e-03,-1.953125e-02,3.662109e-03,2000,0,-1.491138e-04
2026-07-20T18:02:53.241,1784559773.242,38.303,-7.867310e-03,3.854602e-03,-2.221680e-02,3.173828e-03,2000,0,-1.573462e-04
2026-07-20T18:02:53.343,1784559773.344,38.403,-8.112183e-03,3.966100e-03,-2.099609e-02,3.173828e-03,2000,0,-1.622437e-04
2026-07-20T18:02:53.441,1784559773.442,38.503,-7.874878e-03,3.823676e-03,-2.001953e-02,1.953125e-03,2000,0,-1.574976e-04
2026-07-20T18:02:53.541,1784559773.542,38.603,-7.850464e-03,3.974399e-03,-1.977539e-02,5.859375e-03,2000,0,-1.570093e-04
2026-07-20T18:02:53.641,1784559773.642,38.703,-8.196167e-03,4.029266e-03,-2.221680e-02,7.080078e-03,2000,0,-1.639233e-04
2026-07-20T18:02:53.741,1784559773.741,38.803,-8.164795e-03,3.856740e-03,-1.855469e-02,3.906250e-03,2000,0,-1.632959e-04
2026-07-20T18:02:53.841,1784559773.841,38.903,-7.911621e-03,3.852700e-03,-2.514648e-02,2.441406e-03,2000,0,-1.582324e-04
2026-07-20T18:02:53.941,1784559773.941,39.003,-7.958252e-03,3.997922e-03,-2.026367e-02,3.173828e-03,2000,0,-1.591650e-04
2026-07-20T18:02:54.041,1784559774.041,39.103,-7.631592e-03,4.023627e-03,-2.343750e-02,4.150391e-03,2000,0,-1.526318e-04
2026-07-20T18:02:54.141,1784559774.141,39.203,-8.151367e-03,4.076545e-03,-1.928711e-02,4.150391e-03,2000,0,-1.630273e-04
2026-07-20T18:02:54.241,1784559774.241,39.303,-8.278320e-03,4.035782e-03,-1.953125e-02,8.056641e-03,2000,0,-1.655664e-04
2026-07-20T18:02:54.341,1784559774.341,39.403,-7.822510e-03,3.903146e-03,-1.928711e-02,6.835938e-03,2000,0,-1.564502e-04
2026-07-20T18:02:54.443,1784559774.443,39.503,-8.415527e-03,3.891307e-03,-1.953125e-02,5.615234e-03,2000,0,-1.683105e-04
2026-07-20T18:02:54.541,1784559774.542,39.603,-8.610107e-03,3.884152e-03,-2.319336e-02,6.835938e-03,2000,0,-1.722021e-04
2026-07-20T18:02:54.643,1784559774.644,39.703,-8.613159e-03,3.865521e-03,-1.904297e-02,5.371094e-03,2000,0,-1.722632e-04
2026-07-20T18:02:54.741,1784559774.741,39.803,-8.401245e-03,3.877266e-03,-2.124023e-02,7.080078e-03,2000,0,-1.680249e-04
2026-07-20T18:02:54.841,1784559774.841,39.903,-9.285645e-03,3.821427e-03,-2.148438e-02,3.662109e-03,2000,0,-1.857129e-04
2026-07-20T18:02:54.941,1784559774.942,40.003,-8.909912e-03,3.613784e-03,-2.001953e-02,3.662109e-03,2000,0,-1.781982e-04
2026-07-20T18:02:55.041,1784559775.041,40.103,-8.986328e-03,3.612020e-03,-1.928711e-02,4.394531e-03,2000,0,-1.797266e-04
2026-07-20T18:02:55.141,1784559775.141,40.203,-8.396851e-03,3.607368e-03,-2.124023e-02,2.929688e-03,2000,0,-1.679370e-04
2026-07-20T18:02:55.241,1784559775.241,40.303,-8.395508e-03,3.602158e-03,-1.831055e-02,3.662109e-03,2000,0,-1.679102e-04
2026-07-20T18:02:55.341,1784559775.341,40.403,-9.002319e-03,3.532501e-03,-2.001953e-02,2.197266e-03,2000,0,-1.800464e-04
2026-07-20T18:02:55.441,1784559775.442,40.503,-8.573486e-03,3.393391e-03,-1.831055e-02,2.197266e-03,2000,0,-1.714697e-04
2026-07-20T18:02:55.541,1784559775.542,40.603,-8.467529e-03,3.352270e-03,-1.928711e-02,4.882812e-04,2000,0,-1.693506e-04
2026-07-20T18:02:55.641,1784559775.641,40.703,-8.772827e-03,3.407866e-03,-1.928711e-02,2.197266e-03,2000,0,-1.754565e-04
2026-07-20T18:02:55.742,1784559775.742,40.803,-8.946045e-03,3.315494e-03,-1.977539e-02,2.441406e-03,2000,0,-1.789209e-04
2026-07-20T18:02:55.841,1784559775.841,40.903,-8.693604e-03,3.407464e-03,-1.879883e-02,1.538086e-02,2000,0,-1.738721e-04
2026-07-20T18:02:55.941,1784559775.941,41.003,-8.555298e-03,3.382900e-03,-2.050781e-02,6.347656e-03,2000,0,-1.711060e-04
2026-07-20T18:02:56.041,1784559776.042,41.103,-8.187500e-03,3.505002e-03,-2.416992e-02,5.615234e-03,2000,0,-1.637500e-04
2026-07-20T18:02:56.141,1784559776.141,41.203,-8.227783e-03,3.372868e-03,-2.099609e-02,4.638672e-03,2000,0,-1.645557e-04
2026-07-20T18:02:56.241,1784559776.242,41.303,-8.596680e-03,3.451962e-03,-2.465820e-02,1.953125e-03,2000,0,-1.719336e-04
2026-07-20T18:02:56.341,1784559776.342,41.403,-8.832031e-03,3.454827e-03,-1.928711e-02,2.685547e-03,2000,0,-1.766406e-04
2026-07-20T18:02:56.441,1784559776.441,41.503,-8.705933e-03,3.417991e-03,-2.148438e-02,2.929688e-03,2000,0,-1.741187e-04
2026-07-20T18:02:56.541,1784559776.541,41.603,-8.832153e-03,3.356550e-03,-2.099609e-02,3.173828e-03,2000,0,-1.766431e-04
2026-07-20T18:02:56.641,1784559776.642,41.703,-9.743774e-03,3.434526e-03,-2.172852e-02,1.220703e-03,2000,0,-1.948755e-04
2026-07-20T18:02:56.742,1784559776.742,41.803,-9.096436e-03,3.387111e-03,-2.124023e-02,7.324219e-04,2000,0,-1.819287e-04
2026-07-20T18:02:56.841,1784559776.841,41.903,-9.240479e-03,3.324216e-03,-1.977539e-02,3.173828e-03,2000,0,-1.848096e-04
2026-07-20T18:02:56.943,1784559776.944,42.003,-8.924561e-03,3.407052e-03,-2.172852e-02,2.197266e-03,2000,0,-1.784912e-04
2026-07-20T18:02:57.041,1784559777.042,42.103,-8.945190e-03,3.278933e-03,-1.953125e-02,5.126953e-03,2000,0,-1.789038e-04
2026-07-20T18:02:57.141,1784559777.141,42.203,-8.910400e-03,3.337921e-03,-2.075195e-02,9.765625e-04,2000,0,-1.782080e-04
2026-07-20T18:02:57.241,1784559777.241,42.303,-9.410278e-03,3.220908e-03,-2.734375e-02,1.464844e-03,2000,0,-1.882056e-04
2026-07-20T18:02:57.341,1784559777.341,42.403,-8.608032e-03,3.216961e-03,-1.782227e-02,1.220703e-03,2000,0,-1.721606e-04
2026-07-20T18:02:57.441,1784559777.441,42.503,-9.968384e-03,3.216017e-03,-2.099609e-02,3.906250e-03,2000,0,-1.993677e-04
2026-07-20T18:02:57.541,1784559777.541,42.603,-9.009766e-03,3.165722e-03,-1.977539e-02,9.765625e-04,2000,0,-1.801953e-04
2026-07-20T18:02:57.641,1784559777.642,42.703,-8.373535e-03,3.187903e-03,-1.855469e-02,3.173828e-03,2000,0,-1.674707e-04
2026-07-20T18:02:57.742,1784559777.743,42.803,-1.104211e-02,3.171877e-03,-2.416992e-02,4.882812e-04,2000,0,-2.208423e-04
2026-07-20T18:02:57.841,1784559777.842,42.903,-8.650391e-03,2.947601e-03,-1.953125e-02,9.765625e-04,2000,0,-1.730078e-04
2026-07-20T18:02:57.941,1784559777.942,43.003,-8.273804e-03,3.012158e-03,-1.904297e-02,1.464844e-03,2000,0,-1.654761e-04
2026-07-20T18:02:58.041,1784559778.042,43.103,-8.785278e-03,3.134601e-03,-2.001953e-02,5.859375e-03,2000,0,-1.757056e-04
2026-07-20T18:02:58.141,1784559778.142,43.203,-9.224976e-03,3.118131e-03,-1.928711e-02,3.662109e-03,2000,0,-1.844995e-04
2026-07-20T18:02:58.241,1784559778.242,43.303,-8.876343e-03,3.143112e-03,-2.685547e-02,3.173828e-03,2000,0,-1.775269e-04
2026-07-20T18:02:58.343,1784559778.343,43.403,-8.507935e-03,3.019848e-03,-1.708984e-02,4.882812e-04,2000,0,-1.701587e-04
2026-07-20T18:02:58.441,1784559778.442,43.503,-9.355103e-03,3.124447e-03,-1.977539e-02,2.929688e-03,2000,0,-1.871021e-04
2026-07-20T18:02:58.541,1784559778.541,43.603,-9.310669e-03,3.052655e-03,-1.879883e-02,7.324219e-04,2000,0,-1.862134e-04
2026-07-20T18:02:58.641,1784559778.642,43.703,-9.032227e-03,3.098211e-03,-1.977539e-02,0.000000e+00,2000,0,-1.806445e-04
2026-07-20T18:02:58.741,1784559778.742,43.803,-8.736572e-03,3.243184e-03,-2.099609e-02,2.929688e-03,2000,0,-1.747314e-04
2026-07-20T18:02:58.841,1784559778.842,43.903,-8.753052e-03,3.303366e-03,-2.539062e-02,9.765625e-04,2000,0,-1.750610e-04
2026-07-20T18:02:58.941,1784559778.942,44.003,-8.845459e-03,3.213967e-03,-2.001953e-02,9.765625e-04,2000,0,-1.769092e-04
2026-07-20T18:02:59.041,1784559779.042,44.103,-8.690552e-03,3.053083e-03,-1.928711e-02,2.197266e-03,2000,0,-1.738110e-04
2026-07-20T18:02:59.141,1784559779.142,44.203,-8.890503e-03,3.331628e-03,-2.099609e-02,3.662109e-03,2000,0,-1.778101e-04
2026-07-20T18:02:59.241,1784559779.242,44.303,-8.626953e-03,3.212348e-03,-1.928711e-02,1.953125e-03,2000,0,-1.725391e-04
2026-07-20T18:02:59.341,1784559779.342,44.403,-8.775757e-03,3.132168e-03,-1.904297e-02,1.000977e-02,2000,0,-1.755151e-04
2026-07-20T18:02:59.441,1784559779.441,44.503,-8.539673e-03,3.044337e-03,-1.977539e-02,1.220703e-03,2000,0,-1.707935e-04
2026-07-20T18:02:59.541,1784559779.541,44.603,-8.728027e-03,3.102493e-03,-2.343750e-02,4.882812e-04,2000,0,-1.745605e-04
2026-07-20T18:02:59.641,1784559779.641,44.703,-9.716919e-03,2.957678e-03,-1.879883e-02,-7.324219e-04,2000,0,-1.943384e-04
2026-07-20T18:02:59.741,1784559779.741,44.803,-8.755615e-03,2.846131e-03,-1.879883e-02,2.441406e-04,2000,0,-1.751123e-04
2026-07-20T18:02:59.841,1784559779.842,44.903,-9.499634e-03,2.739302e-03,-1.879883e-02,1.464844e-03,2000,0,-1.899927e-04
2026-07-20T18:02:59.941,1784559779.941,45.003,-8.603027e-03,2.770726e-03,-2.124023e-02,2.441406e-03,2000,0,-1.720605e-04
2026-07-20T18:03:00.041,1784559780.041,45.103,-8.941650e-03,2.762410e-03,-2.001953e-02,-2.441406e-04,2000,0,-1.788330e-04
2026-07-20T18:03:00.141,1784559780.141,45.203,-9.089478e-03,2.699497e-03,-1.831055e-02,1.953125e-03,2000,0,-1.817896e-04
2026-07-20T18:03:00.241,1784559780.241,45.303,-8.658813e-03,2.690346e-03,-1.733398e-02,7.324219e-04,2000,0,-1.731763e-04
2026-07-20T18:03:00.341,1784559780.342,45.403,-8.732666e-03,2.583610e-03,-1.611328e-02,1.464844e-03,2000,0,-1.746533e-04
2026-07-20T18:03:00.441,1784559780.442,45.503,-9.049561e-03,2.700647e-03,-1.757812e-02,6.347656e-03,2000,0,-1.809912e-04
2026-07-20T18:03:00.541,1784559780.542,45.603,-9.285767e-03,2.600210e-03,-1.831055e-02,7.324219e-04,2000,0,-1.857153e-04
2026-07-20T18:03:00.641,1784559780.641,45.703,-8.655884e-03,2.493212e-03,-2.734375e-02,7.324219e-04,2000,0,-1.731177e-04
2026-07-20T18:03:00.743,1784559780.743,45.803,-9.247803e-03,2.548591e-03,-1.708984e-02,2.685547e-03,2000,0,-1.849561e-04
2026-07-20T18:03:00.841,1784559780.841,45.903,-8.838989e-03,2.478871e-03,-1.611328e-02,-1.464844e-03,2000,0,-1.767798e-04
2026-07-20T18:03:00.941,1784559780.941,46.003,-8.832153e-03,2.411689e-03,-1.611328e-02,-1.708984e-03,2000,0,-1.766431e-04
2026-07-20T18:03:01.041,1784559781.042,46.103,-8.776611e-03,2.318454e-03,-1.831055e-02,-1.708984e-03,2000,0,-1.755322e-04
2026-07-20T18:03:01.141,1784559781.141,46.203,-8.654297e-03,2.449648e-03,-1.806641e-02,-9.765625e-04,2000,0,-1.730859e-04
2026-07-20T18:03:01.241,1784559781.242,46.303,-8.633301e-03,2.339078e-03,-1.855469e-02,-9.765625e-04,2000,0,-1.726660e-04
2026-07-20T18:03:01.341,1784559781.342,46.403,-8.893188e-03,2.386687e-03,-1.635742e-02,-7.324219e-04,2000,0,-1.778638e-04
2026-07-20T18:03:01.441,1784559781.441,46.503,-8.700073e-03,2.363713e-03,-1.635742e-02,2.929688e-03,2000,0,-1.740015e-04
2026-07-20T18:03:01.541,1784559781.542,46.603,-8.229980e-03,2.578834e-03,-1.660156e-02,4.638672e-03,2000,0,-1.645996e-04
2026-07-20T18:03:01.641,1784559781.641,46.703,-8.374268e-03,2.689466e-03,-1.757812e-02,7.324219e-04,2000,0,-1.674854e-04
2026-07-20T18:03:01.741,1784559781.742,46.803,-8.303711e-03,2.828544e-03,-1.708984e-02,1.708984e-03,2000,0,-1.660742e-04
2026-07-20T18:03:01.841,1784559781.841,46.903,-8.140503e-03,2.847328e-03,-1.757812e-02,1.953125e-03,2000,0,-1.628101e-04
2026-07-20T18:03:01.941,1784559781.942,47.003,-8.770142e-03,3.075653e-03,-1.855469e-02,7.324219e-04,2000,0,-1.754028e-04
2026-07-20T18:03:02.041,1784559782.042,47.103,-8.561157e-03,3.036211e-03,-1.708984e-02,2.197266e-03,2000,0,-1.712231e-04
2026-07-20T18:03:02.141,1784559782.142,47.203,-8.038574e-03,3.144523e-03,-1.831055e-02,3.173828e-03,2000,0,-1.607715e-04
2026-07-20T18:03:02.241,1784559782.241,47.303,-8.509644e-03,3.279588e-03,-2.709961e-02,7.324219e-04,2000,0,-1.701929e-04
2026-07-20T18:03:02.341,1784559782.342,47.403,-7.958008e-03,3.411875e-03,-2.001953e-02,1.953125e-03,2000,0,-1.591602e-04
2026-07-20T18:03:02.441,1784559782.441,47.503,-8.248657e-03,3.384849e-03,-1.928711e-02,3.173828e-03,2000,0,-1.649731e-04
2026-07-20T18:03:02.541,1784559782.542,47.603,-8.441406e-03,3.389699e-03,-2.099609e-02,1.708984e-03,2000,0,-1.688281e-04
2026-07-20T18:03:02.641,1784559782.641,47.703,-7.986938e-03,3.532994e-03,-1.977539e-02,6.347656e-03,2000,0,-1.597388e-04
2026-07-20T18:03:02.743,1784559782.743,47.803,-8.261353e-03,3.436191e-03,-1.879883e-02,3.173828e-03,2000,0,-1.652271e-04
2026-07-20T18:03:02.841,1784559782.841,47.903,-8.291992e-03,3.439219e-03,-1.806641e-02,2.441406e-03,2000,0,-1.658398e-04
2026-07-20T18:03:02.943,1784559782.944,48.003,-7.726929e-03,3.382688e-03,-1.806641e-02,3.173828e-03,2000,0,-1.545386e-04
2026-07-20T18:03:03.043,1784559783.043,48.103,-7.957153e-03,3.473465e-03,-1.879883e-02,5.615234e-03,2000,0,-1.591431e-04
2026-07-20T18:03:03.141,1784559783.141,48.203,-8.138672e-03,3.585038e-03,-2.148438e-02,4.638672e-03,2000,0,-1.627734e-04
2026-07-20T18:03:03.243,1784559783.244,48.303,-7.946045e-03,3.319943e-03,-1.904297e-02,7.324219e-04,2000,0,-1.589209e-04
2026-07-20T18:03:03.343,1784559783.343,48.403,-8.258667e-03,3.288727e-03,-1.757812e-02,6.591797e-03,2000,0,-1.651733e-04
2026-07-20T18:03:03.441,1784559783.441,48.503,-8.098511e-03,3.223915e-03,-2.343750e-02,1.708984e-03,2000,0,-1.619702e-04
2026-07-20T18:03:03.543,1784559783.544,48.603,-8.062988e-03,3.162383e-03,-2.001953e-02,1.953125e-03,2000,0,-1.612598e-04
2026-07-20T18:03:03.643,1784559783.643,48.703,-7.943970e-03,3.150668e-03,-1.806641e-02,2.685547e-03,2000,0,-1.588794e-04
2026-07-20T18:03:03.742,1784559783.743,48.803,-8.911011e-03,3.030168e-03,-1.855469e-02,2.685547e-03,2000,0,-1.782202e-04
2026-07-20T18:03:03.843,1784559783.844,48.903,-8.174683e-03,3.097987e-03,-1.757812e-02,1.953125e-03,2000,0,-1.634937e-04
2026-07-20T18:03:03.943,1784559783.944,49.003,-8.170410e-03,3.132286e-03,-1.782227e-02,5.126953e-03,2000,0,-1.634082e-04
2026-07-20T18:03:04.041,1784559784.042,49.103,-8.458862e-03,2.971736e-03,-1.708984e-02,2.685547e-03,2000,0,-1.691772e-04
2026-07-20T18:03:04.143,1784559784.143,49.203,-7.951416e-03,2.921439e-03,-1.562500e-02,9.765625e-04,2000,0,-1.590283e-04
2026-07-20T18:03:04.243,1784559784.244,49.303,-8.024170e-03,3.184695e-03,-1.757812e-02,4.394531e-03,2000,0,-1.604834e-04
2026-07-20T18:03:04.341,1784559784.341,49.403,-7.984863e-03,3.082120e-03,-1.562500e-02,3.662109e-03,2000,0,-1.596973e-04
2026-07-20T18:03:04.443,1784559784.443,49.503,-7.902588e-03,2.973868e-03,-1.782227e-02,9.033203e-03,2000,0,-1.580518e-04
2026-07-20T18:03:04.543,1784559784.544,49.603,-7.828857e-03,3.126578e-03,-1.977539e-02,3.173828e-03,2000,0,-1.565771e-04
2026-07-20T18:03:04.641,1784559784.641,49.703,-8.463501e-03,3.229163e-03,-2.246094e-02,2.929688e-03,2000,0,-1.692700e-04
2026-07-20T18:03:04.743,1784559784.744,49.803,-8.498413e-03,3.252501e-03,-2.124023e-02,2.929688e-03,2000,0,-1.699683e-04
2026-07-20T18:03:04.843,1784559784.843,49.903,-7.781982e-03,3.292491e-03,-1.757812e-02,3.906250e-03,2000,0,-1.556396e-04
2026-07-20T18:03:04.941,1784559784.941,50.003,-8.263794e-03,3.283964e-03,-1.831055e-02,3.906250e-03,2000,0,-1.652759e-04
2026-07-20T18:03:05.043,1784559785.043,50.103,-7.858887e-03,3.392728e-03,-1.928711e-02,2.685547e-03,2000,0,-1.571777e-04
2026-07-20T18:03:05.141,1784559785.141,50.203,-7.724365e-03,3.249416e-03,-2.075195e-02,4.882812e-03,2000,0,-1.544873e-04
2026-07-20T18:03:05.243,1784559785.243,50.303,-7.927856e-03,3.402424e-03,-2.026367e-02,6.347656e-03,2000,0,-1.585571e-04
2026-07-20T18:03:05.343,1784559785.344,50.403,-7.960205e-03,3.317178e-03,-2.148438e-02,1.953125e-03,2000,0,-1.592041e-04
2026-07-20T18:03:05.443,1784559785.443,50.503,-7.776733e-03,3.316145e-03,-1.831055e-02,2.197266e-03,2000,0,-1.555347e-04
2026-07-20T18:03:05.541,1784559785.542,50.603,-8.161743e-03,3.305759e-03,-2.050781e-02,3.173828e-03,2000,0,-1.632349e-04
2026-07-20T18:03:05.641,1784559785.642,50.703,-8.015869e-03,3.356238e-03,-2.075195e-02,5.126953e-03,2000,0,-1.603174e-04
2026-07-20T18:03:05.741,1784559785.742,50.803,-8.433960e-03,3.255008e-03,-2.026367e-02,4.150391e-03,2000,0,-1.686792e-04
2026-07-20T18:03:05.841,1784559785.841,50.903,-8.225342e-03,3.182029e-03,-2.099609e-02,1.953125e-03,2000,0,-1.645068e-04
2026-07-20T18:03:05.941,1784559785.941,51.003,-8.383179e-03,3.174641e-03,-2.124023e-02,4.394531e-03,2000,0,-1.676636e-04
2026-07-20T18:03:06.041,1784559786.042,51.103,-7.882568e-03,3.153817e-03,-2.026367e-02,9.765625e-04,2000,0,-1.576514e-04
2026-07-20T18:03:06.141,1784559786.142,51.203,-8.114624e-03,2.918886e-03,-2.001953e-02,2.929688e-03,2000,0,-1.622925e-04
2026-07-20T18:03:06.241,1784559786.241,51.303,-7.774170e-03,3.203292e-03,-1.977539e-02,1.953125e-03,2000,0,-1.554834e-04
2026-07-20T18:03:06.341,1784559786.342,51.403,-7.980957e-03,3.185450e-03,-2.001953e-02,4.150391e-03,2000,0,-1.596191e-04
2026-07-20T18:03:06.441,1784559786.441,51.503,-8.528687e-03,3.132136e-03,-1.904297e-02,7.568359e-03,2000,0,-1.705737e-04
2026-07-20T18:03:06.541,1784559786.542,51.603,-7.813110e-03,3.047042e-03,-1.757812e-02,3.906250e-03,2000,0,-1.562622e-04
2026-07-20T18:03:06.641,1784559786.642,51.703,-7.630615e-03,3.054335e-03,-2.075195e-02,1.953125e-03,2000,0,-1.526123e-04
2026-07-20T18:03:06.741,1784559786.741,51.803,-7.886353e-03,3.028702e-03,-2.148438e-02,2.685547e-03,2000,0,-1.577271e-04
2026-07-20T18:03:06.841,1784559786.842,51.903,-7.556152e-03,3.076574e-03,-1.684570e-02,7.324219e-03,2000,0,-1.511230e-04
2026-07-20T18:03:06.941,1784559786.942,52.003,-7.899292e-03,3.025297e-03,-1.611328e-02,1.953125e-03,2000,0,-1.579858e-04
2026-07-20T18:03:07.041,1784559787.041,52.103,-8.203735e-03,3.090221e-03,-1.806641e-02,2.929688e-03,2000,0,-1.640747e-04
2026-07-20T18:03:07.141,1784559787.142,52.203,-7.432861e-03,3.007570e-03,-1.684570e-02,3.173828e-03,2000,0,-1.486572e-04
2026-07-20T18:03:07.241,1784559787.241,52.303,-8.169434e-03,2.923848e-03,-1.684570e-02,4.150391e-03,2000,0,-1.633887e-04
2026-07-20T18:03:07.341,1784559787.341,52.403,-8.298218e-03,3.102963e-03,-1.928711e-02,1.953125e-03,2000,0,-1.659644e-04
2026-07-20T18:03:07.441,1784559787.441,52.503,-7.882324e-03,3.177771e-03,-1.879883e-02,1.953125e-03,2000,0,-1.576465e-04
2026-07-20T18:03:07.543,1784559787.544,52.603,-7.733521e-03,3.184448e-03,-1.684570e-02,9.521484e-03,2000,0,-1.546704e-04
2026-07-20T18:03:07.641,1784559787.642,52.703,-8.207153e-03,3.022550e-03,-1.904297e-02,1.464844e-03,2000,0,-1.641431e-04
2026-07-20T18:03:07.741,1784559787.742,52.803,-7.595581e-03,3.140108e-03,-1.660156e-02,8.544922e-03,2000,0,-1.519116e-04
2026-07-20T18:03:07.841,1784559787.842,52.903,-7.847656e-03,3.314961e-03,-2.343750e-02,1.953125e-03,2000,0,-1.569531e-04
2026-07-20T18:03:07.941,1784559787.941,53.003,-7.888306e-03,3.243931e-03,-2.148438e-02,3.417969e-03,2000,0,-1.577661e-04
2026-07-20T18:03:08.041,1784559788.042,53.103,-7.994019e-03,3.183810e-03,-1.904297e-02,3.417969e-03,2000,0,-1.598804e-04
2026-07-20T18:03:08.141,1784559788.142,53.203,-7.779297e-03,3.263718e-03,-1.708984e-02,2.685547e-03,2000,0,-1.555859e-04
2026-07-20T18:03:08.241,1784559788.242,53.303,-8.387207e-03,3.210562e-03,-2.270508e-02,2.685547e-03,2000,0,-1.677441e-04
2026-07-20T18:03:08.341,1784559788.342,53.403,-7.461182e-03,3.367789e-03,-1.855469e-02,3.173828e-03,2000,0,-1.492236e-04
2026-07-20T18:03:08.441,1784559788.442,53.503,-7.586670e-03,3.365799e-03,-1.806641e-02,3.662109e-03,2000,0,-1.517334e-04
2026-07-20T18:03:08.541,1784559788.541,53.603,-7.983887e-03,3.282136e-03,-2.172852e-02,4.882812e-03,2000,0,-1.596777e-04
2026-07-20T18:03:08.641,1784559788.642,53.703,-7.463379e-03,3.414908e-03,-1.782227e-02,3.173828e-03,2000,0,-1.492676e-04
2026-07-20T18:03:08.741,1784559788.742,53.803,-8.216064e-03,3.359118e-03,-1.928711e-02,9.765625e-04,2000,0,-1.643213e-04
2026-07-20T18:03:08.841,1784559788.842,53.903,-7.713989e-03,3.259974e-03,-2.050781e-02,2.441406e-03,2000,0,-1.542798e-04
2026-07-20T18:03:08.941,1784559788.942,54.003,-7.469116e-03,3.426123e-03,-1.879883e-02,4.394531e-03,2000,0,-1.493823e-04
2026-07-20T18:03:09.041,1784559789.042,54.103,-7.843750e-03,3.269503e-03,-1.806641e-02,9.521484e-03,2000,0,-1.568750e-04
2026-07-20T18:03:09.141,1784559789.142,54.203,-7.851440e-03,3.182297e-03,-1.782227e-02,9.765625e-04,2000,0,-1.570288e-04
2026-07-20T18:03:09.241,1784559789.242,54.303,-7.914185e-03,3.284359e-03,-1.977539e-02,1.953125e-03,2000,0,-1.582837e-04
2026-07-20T18:03:09.341,1784559789.342,54.403,-8.060303e-03,3.221961e-03,-1.757812e-02,2.441406e-03,2000,0,-1.612061e-04
2026-07-20T18:03:09.441,1784559789.442,54.503,-8.146729e-03,3.034540e-03,-1.831055e-02,2.685547e-03,2000,0,-1.629346e-04
2026-07-20T18:03:09.541,1784559789.542,54.603,-7.773560e-03,3.332838e-03,-1.831055e-02,2.929688e-03,2000,0,-1.554712e-04
2026-07-20T18:03:09.641,1784559789.642,54.703,-7.610229e-03,3.205047e-03,-1.782227e-02,2.929688e-03,2000,0,-1.522046e-04
2026-07-20T18:03:09.741,1784559789.742,54.803,-8.030640e-03,3.306598e-03,-2.148438e-02,1.000977e-02,2000,0,-1.606128e-04
2026-07-20T18:03:09.841,1784559789.842,54.903,-7.318848e-03,3.253512e-03,-1.586914e-02,1.708984e-03,2000,0,-1.463770e-04
2026-07-20T18:03:09.944,1784559789.944,55.003,-7.700928e-03,3.472064e-03,-2.563477e-02,3.417969e-03,2000,0,-1.540186e-04
2026-07-20T18:03:10.041,1784559790.042,55.103,-7.819092e-03,3.381513e-03,-1.855469e-02,3.906250e-03,2000,0,-1.563818e-04
2026-07-20T18:03:10.141,1784559790.142,55.203,-7.655640e-03,3.624109e-03,-1.904297e-02,4.394531e-03,2000,0,-1.531128e-04
2026-07-20T18:03:10.241,1784559790.242,55.303,-7.933228e-03,3.528748e-03,-2.246094e-02,5.615234e-03,2000,0,-1.586646e-04
2026-07-20T18:03:10.341,1784559790.342,55.403,-7.754761e-03,3.607541e-03,-2.075195e-02,3.173828e-03,2000,0,-1.550952e-04
2026-07-20T18:03:10.441,1784559790.442,55.503,-7.767212e-03,3.770926e-03,-2.099609e-02,4.394531e-03,2000,0,-1.553442e-04
2026-07-20T18:03:10.544,1784559790.544,55.603,-8.387817e-03,3.793755e-03,-2.075195e-02,3.662109e-03,2000,0,-1.677563e-04
2026-07-20T18:03:10.641,1784559790.641,55.703,-7.946899e-03,3.805184e-03,-2.148438e-02,4.150391e-03,2000,0,-1.589380e-04
2026-07-20T18:03:10.741,1784559790.742,55.803,-7.624268e-03,3.841012e-03,-2.172852e-02,3.662109e-03,2000,0,-1.524854e-04
2026-07-20T18:03:10.841,1784559790.842,55.903,-7.755737e-03,3.825812e-03,-2.124023e-02,2.685547e-03,2000,0,-1.551147e-04
2026-07-20T18:03:10.941,1784559790.942,56.003,-8.249023e-03,3.930278e-03,-2.197266e-02,3.417969e-03,2000,0,-1.649805e-04
2026-07-20T18:03:11.041,1784559791.041,56.103,-8.153198e-03,3.965990e-03,-2.465820e-02,3.662109e-03,2000,0,-1.630640e-04
2026-07-20T18:03:11.141,1784559791.141,56.203,-7.871826e-03,3.953126e-03,-2.294922e-02,2.441406e-03,2000,0,-1.574365e-04
2026-07-20T18:03:11.241,1784559791.241,56.303,-8.474731e-03,3.950319e-03,-2.294922e-02,2.929688e-03,2000,0,-1.694946e-04
2026-07-20T18:03:11.341,1784559791.341,56.403,-8.234253e-03,4.095180e-03,-2.270508e-02,3.173828e-03,2000,0,-1.646851e-04
2026-07-20T18:03:11.441,1784559791.441,56.503,-8.482056e-03,4.074313e-03,-2.294922e-02,1.708984e-03,2000,0,-1.696411e-04
2026-07-20T18:03:11.541,1784559791.541,56.603,-8.151733e-03,4.111779e-03,-2.392578e-02,3.417969e-03,2000,0,-1.630347e-04
2026-07-20T18:03:11.641,1784559791.642,56.703,-8.043579e-03,4.057971e-03,-2.221680e-02,4.394531e-03,2000,0,-1.608716e-04
2026-07-20T18:03:11.741,1784559791.741,56.803,-9.297729e-03,4.035332e-03,-2.734375e-02,1.464844e-03,2000,0,-1.859546e-04
2026-07-20T18:03:11.841,1784559791.842,56.903,-8.604126e-03,4.124147e-03,-2.685547e-02,3.173828e-03,2000,0,-1.720825e-04
2026-07-20T18:03:11.941,1784559791.942,57.003,-8.194092e-03,3.942391e-03,-2.026367e-02,9.521484e-03,2000,0,-1.638818e-04
2026-07-20T18:03:12.041,1784559792.042,57.103,-8.535400e-03,3.950234e-03,-2.246094e-02,2.929688e-03,2000,0,-1.707080e-04
2026-07-20T18:03:12.141,1784559792.141,57.203,-8.124756e-03,4.057101e-03,-2.490234e-02,9.521484e-03,2000,0,-1.624951e-04
2026-07-20T18:03:12.241,1784559792.241,57.303,-8.003906e-03,3.873677e-03,-2.050781e-02,2.685547e-03,2000,0,-1.600781e-04
2026-07-20T18:03:12.341,1784559792.341,57.403,-8.257080e-03,3.908416e-03,-2.124023e-02,1.708984e-03,2000,0,-1.651416e-04
2026-07-20T18:03:12.441,1784559792.441,57.503,-8.976563e-03,3.869157e-03,-2.343750e-02,2.685547e-03,2000,0,-1.795313e-04
2026-07-20T18:03:12.541,1784559792.541,57.603,-8.319580e-03,3.610064e-03,-2.172852e-02,5.859375e-03,2000,0,-1.663916e-04
2026-07-20T18:03:12.641,1784559792.642,57.703,-8.147217e-03,3.402136e-03,-1.831055e-02,4.150391e-03,2000,0,-1.629443e-04
2026-07-20T18:03:12.741,1784559792.742,57.803,-8.640137e-03,3.351944e-03,-2.148438e-02,9.765625e-04,2000,0,-1.728027e-04
2026-07-20T18:03:12.841,1784559792.842,57.903,-8.437012e-03,3.462372e-03,-2.050781e-02,2.197266e-03,2000,0,-1.687402e-04
2026-07-20T18:03:12.941,1784559792.942,58.003,-8.207520e-03,3.333678e-03,-1.879883e-02,1.708984e-03,2000,0,-1.641504e-04
2026-07-20T18:03:13.041,1784559793.042,58.103,-8.713867e-03,3.286845e-03,-1.904297e-02,2.929688e-03,2000,0,-1.742773e-04
2026-07-20T18:03:13.141,1784559793.142,58.203,-8.224121e-03,3.327973e-03,-1.953125e-02,2.197266e-03,2000,0,-1.644824e-04
2026-07-20T18:03:13.241,1784559793.242,58.303,-9.386841e-03,3.289204e-03,-2.221680e-02,1.708984e-03,2000,0,-1.877368e-04
2026-07-20T18:03:13.341,1784559793.342,58.403,-8.756592e-03,3.219948e-03,-1.733398e-02,4.882812e-04,2000,0,-1.751318e-04
2026-07-20T18:03:13.441,1784559793.442,58.503,-8.705078e-03,3.247682e-03,-1.806641e-02,1.464844e-03,2000,0,-1.741016e-04
2026-07-20T18:03:13.544,1784559793.544,58.603,-8.551147e-03,3.269524e-03,-1.757812e-02,2.685547e-03,2000,0,-1.710229e-04
2026-07-20T18:03:13.641,1784559793.642,58.703,-8.483276e-03,3.447856e-03,-2.075195e-02,2.197266e-03,2000,0,-1.696655e-04
2026-07-20T18:03:13.741,1784559793.742,58.803,-8.380981e-03,3.369951e-03,-1.977539e-02,1.953125e-03,2000,0,-1.676196e-04
2026-07-20T18:03:13.841,1784559793.841,58.903,-8.429199e-03,3.270594e-03,-2.050781e-02,1.464844e-03,2000,0,-1.685840e-04
2026-07-20T18:03:13.941,1784559793.942,59.003,-8.764526e-03,3.422791e-03,-1.806641e-02,1.220703e-03,2000,0,-1.752905e-04
2026-07-20T18:03:14.041,1784559794.042,59.103,-7.908691e-03,3.459247e-03,-1.928711e-02,3.906250e-03,2000,0,-1.581738e-04
2026-07-20T18:03:14.141,1784559794.142,59.203,-7.928955e-03,3.501163e-03,-2.172852e-02,1.708984e-03,2000,0,-1.585791e-04
2026-07-20T18:03:14.241,1784559794.242,59.303,-7.952881e-03,3.515018e-03,-2.368164e-02,2.685547e-03,2000,0,-1.590576e-04
2026-07-20T18:03:14.341,1784559794.342,59.403,-8.282104e-03,3.590558e-03,-1.977539e-02,3.662109e-03,2000,0,-1.656421e-04
2026-07-20T18:03:14.441,1784559794.442,59.503,-7.930298e-03,3.481540e-03,-2.075195e-02,8.544922e-03,2000,0,-1.586060e-04
2026-07-20T18:03:14.541,1784559794.542,59.603,-7.980957e-03,3.479110e-03,-2.001953e-02,2.685547e-03,2000,0,-1.596191e-04
2026-07-20T18:03:14.641,1784559794.642,59.703,-7.844482e-03,3.609467e-03,-2.050781e-02,3.662109e-03,2000,0,-1.568896e-04
2026-07-20T18:03:14.741,1784559794.742,59.803,-9.731079e-03,3.456763e-03,-2.148438e-02,1.464844e-03,2000,0,-1.946216e-04
2026-07-20T18:03:14.841,1784559794.842,59.903,-8.356323e-03,3.508707e-03,-2.172852e-02,1.000977e-02,2000,0,-1.671265e-04
2026-07-20T18:03:14.941,1784559794.942,60.003,-8.012085e-03,3.462291e-03,-1.928711e-02,6.103516e-03,2000,0,-1.602417e-04
2026-07-20T18:03:15.041,1784559795.042,60.103,-8.109985e-03,3.597491e-03,-2.197266e-02,3.662109e-03,2000,0,-1.621997e-04
2026-07-20T18:03:15.141,1784559795.142,60.203,-8.562622e-03,3.503977e-03,-2.124023e-02,9.765625e-04,2000,0,-1.712524e-04
2026-07-20T18:03:15.241,1784559795.242,60.303,-8.251465e-03,3.374711e-03,-1.953125e-02,1.464844e-03,2000,0,-1.650293e-04
2026-07-20T18:03:15.341,1784559795.342,60.403,-8.066406e-03,3.354597e-03,-1.757812e-02,8.789062e-03,2000,0,-1.613281e-04
2026-07-20T18:03:15.441,1784559795.442,60.503,-8.474121e-03,3.280517e-03,-1.855469e-02,3.906250e-03,2000,0,-1.694824e-04
2026-07-20T18:03:15.541,1784559795.542,60.603,-7.645142e-03,3.210032e-03,-1.855469e-02,4.150391e-03,2000,0,-1.529028e-04
2026-07-20T18:03:15.641,1784559795.642,60.703,-7.749634e-03,3.182626e-03,-1.806641e-02,1.220703e-03,2000,0,-1.549927e-04
2026-07-20T18:03:15.741,1784559795.742,60.803,-8.351318e-03,3.039371e-03,-1.879883e-02,-2.441406e-04,2000,0,-1.670264e-04
2026-07-20T18:03:15.841,1784559795.842,60.903,-8.019653e-03,3.122696e-03,-1.879883e-02,1.464844e-03,2000,0,-1.603931e-04
2026-07-20T18:03:15.944,1784559795.944,61.003,-7.906494e-03,3.067593e-03,-1.757812e-02,3.173828e-03,2000,0,-1.581299e-04
2026-07-20T18:03:16.041,1784559796.042,61.103,-8.536865e-03,3.068615e-03,-1.757812e-02,0.000000e+00,2000,0,-1.707373e-04
2026-07-20T18:03:16.143,1784559796.144,61.203,-8.046143e-03,3.136225e-03,-2.001953e-02,7.080078e-03,2000,0,-1.609229e-04
2026-07-20T18:03:16.243,1784559796.244,61.303,-8.020264e-03,3.027706e-03,-1.684570e-02,1.464844e-03,2000,0,-1.604053e-04
2026-07-20T18:03:16.341,1784559796.342,61.403,-8.345947e-03,3.004297e-03,-2.124023e-02,1.953125e-03,2000,0,-1.669189e-04
2026-07-20T18:03:16.443,1784559796.444,61.503,-8.830811e-03,3.079975e-03,-1.928711e-02,2.929688e-03,2000,0,-1.766162e-04
2026-07-20T18:03:16.543,1784559796.544,61.603,-8.098999e-03,3.145791e-03,-1.953125e-02,2.197266e-03,2000,0,-1.619800e-04
2026-07-20T18:03:16.643,1784559796.644,61.703,-8.251709e-03,3.069554e-03,-1.953125e-02,2.197266e-03,2000,0,-1.650342e-04
2026-07-20T18:03:16.743,1784559796.744,61.803,-8.219238e-03,3.089131e-03,-1.855469e-02,2.197266e-03,2000,0,-1.643848e-04
2026-07-20T18:03:16.841,1784559796.842,61.903,-8.059082e-03,3.103640e-03,-1.953125e-02,5.126953e-03,2000,0,-1.611816e-04
2026-07-20T18:03:16.941,1784559796.942,62.003,-8.202393e-03,3.275541e-03,-1.855469e-02,1.220703e-03,2000,0,-1.640479e-04
2026-07-20T18:03:17.043,1784559797.044,62.103,-8.354980e-03,3.144383e-03,-2.197266e-02,2.441406e-03,2000,0,-1.670996e-04
2026-07-20T18:03:17.143,1784559797.144,62.203,-8.228149e-03,3.100682e-03,-1.757812e-02,1.464844e-03,2000,0,-1.645630e-04
2026-07-20T18:03:17.241,1784559797.242,62.303,-8.440308e-03,3.108658e-03,-1.782227e-02,6.835938e-03,2000,0,-1.688062e-04
2026-07-20T18:03:17.341,1784559797.342,62.403,-8.231323e-03,3.251661e-03,-1.879883e-02,3.173828e-03,2000,0,-1.646265e-04
2026-07-20T18:03:17.441,1784559797.442,62.503,-8.820679e-03,3.175506e-03,-2.221680e-02,2.685547e-03,2000,0,-1.764136e-04
2026-07-20T18:03:17.541,1784559797.542,62.603,-8.508057e-03,3.259915e-03,-2.026367e-02,2.441406e-03,2000,0,-1.701611e-04
2026-07-20T18:03:17.641,1784559797.642,62.703,-8.303467e-03,3.282633e-03,-2.148438e-02,3.417969e-03,2000,0,-1.660693e-04
2026-07-20T18:03:17.743,1784559797.744,62.803,-8.519043e-03,3.222867e-03,-1.757812e-02,1.220703e-03,2000,0,-1.703809e-04
2026-07-20T18:03:17.841,1784559797.842,62.903,-8.336792e-03,3.279371e-03,-1.879883e-02,2.929688e-03,2000,0,-1.667358e-04
2026-07-20T18:03:17.941,1784559797.941,63.003,-7.952271e-03,3.363499e-03,-1.855469e-02,3.906250e-03,2000,0,-1.590454e-04
2026-07-20T18:03:18.041,1784559798.041,63.103,-8.260742e-03,3.314375e-03,-1.806641e-02,2.685547e-03,2000,0,-1.652148e-04
2026-07-20T18:03:18.141,1784559798.142,63.203,-8.064941e-03,3.300894e-03,-1.953125e-02,3.906250e-03,2000,0,-1.612988e-04
2026-07-20T18:03:18.241,1784559798.242,63.303,-8.132446e-03,3.158090e-03,-1.733398e-02,3.662109e-03,2000,0,-1.626489e-04
2026-07-20T18:03:18.341,1784559798.342,63.403,-7.742187e-03,3.294606e-03,-2.001953e-02,5.859375e-03,2000,0,-1.548438e-04
2026-07-20T18:03:18.443,1784559798.444,63.503,-8.782715e-03,3.127929e-03,-1.855469e-02,4.882812e-03,2000,0,-1.756543e-04
2026-07-20T18:03:18.541,1784559798.542,63.603,-8.006470e-03,3.223694e-03,-1.879883e-02,7.324219e-04,2000,0,-1.601294e-04
2026-07-20T18:03:18.641,1784559798.642,63.703,-8.290894e-03,3.082848e-03,-1.928711e-02,4.882812e-04,2000,0,-1.658179e-04
2026-07-20T18:03:18.741,1784559798.742,63.803,-7.927368e-03,3.027945e-03,-1.660156e-02,2.197266e-03,2000,0,-1.585474e-04
2026-07-20T18:03:18.841,1784559798.842,63.903,-8.284668e-03,3.065075e-03,-1.855469e-02,2.197266e-03,2000,0,-1.656934e-04
2026-07-20T18:03:18.941,1784559798.942,64.003,-8.449951e-03,3.124654e-03,-2.026367e-02,4.638672e-03,2000,0,-1.689990e-04
2026-07-20T18:03:19.041,1784559799.041,64.103,-8.328247e-03,3.000933e-03,-2.270508e-02,2.929688e-03,2000,0,-1.665649e-04
2026-07-20T18:03:19.141,1784559799.142,64.203,-8.004028e-03,2.991924e-03,-1.635742e-02,2.197266e-03,2000,0,-1.600806e-04
2026-07-20T18:03:19.241,1784559799.242,64.303,-8.267822e-03,2.839270e-03,-2.221680e-02,2.441406e-04,2000,0,-1.653564e-04
2026-07-20T18:03:19.341,1784559799.342,64.403,-8.374756e-03,3.057428e-03,-1.782227e-02,4.638672e-03,2000,0,-1.674951e-04
2026-07-20T18:03:19.441,1784559799.442,64.503,-8.416626e-03,2.900647e-03,-1.928711e-02,5.371094e-03,2000,0,-1.683325e-04
2026-07-20T18:03:19.541,1784559799.542,64.603,-7.666016e-03,2.853261e-03,-2.148438e-02,1.220703e-03,2000,0,-1.533203e-04
2026-07-20T18:03:19.641,1784559799.642,64.703,-8.224243e-03,2.782638e-03,-1.928711e-02,7.324219e-04,2000,0,-1.644849e-04
2026-07-20T18:03:19.741,1784559799.742,64.803,-8.133301e-03,2.769887e-03,-2.001953e-02,2.441406e-03,2000,0,-1.626660e-04
2026-07-20T18:03:19.841,1784559799.842,64.903,-8.178589e-03,2.796503e-03,-1.708984e-02,9.765625e-04,2000,0,-1.635718e-04
2026-07-20T18:03:19.941,1784559799.942,65.003,-8.157227e-03,2.529941e-03,-1.660156e-02,1.708984e-03,2000,0,-1.631445e-04
2026-07-20T18:03:20.041,1784559800.042,65.103,-8.186157e-03,2.683438e-03,-1.953125e-02,1.953125e-03,2000,0,-1.637231e-04
2026-07-20T18:03:20.141,1784559800.142,65.203,-8.062622e-03,2.668379e-03,-2.392578e-02,7.568359e-03,2000,0,-1.612524e-04
2026-07-20T18:03:20.241,1784559800.242,65.303,-7.797485e-03,2.504944e-03,-1.855469e-02,4.882812e-04,2000,0,-1.559497e-04
2026-07-20T18:03:20.341,1784559800.342,65.403,-7.242188e-03,2.525282e-03,-2.270508e-02,4.150391e-03,2000,0,-1.448438e-04
2026-07-20T18:03:20.441,1784559800.442,65.503,-7.944824e-03,2.607900e-03,-1.684570e-02,0.000000e+00,2000,0,-1.588965e-04
2026-07-20T18:03:20.541,1784559800.542,65.603,-8.018677e-03,2.507721e-03,-1.831055e-02,7.324219e-03,2000,0,-1.603735e-04
2026-07-20T18:03:20.641,1784559800.642,65.703,-7.246826e-03,2.511856e-03,-1.562500e-02,7.324219e-04,2000,0,-1.449365e-04
2026-07-20T18:03:20.741,1784559800.742,65.803,-6.772217e-03,2.583059e-03,-2.026367e-02,2.929688e-03,2000,0,-1.354443e-04
2026-07-20T18:03:20.841,1784559800.842,65.903,-7.771118e-03,2.484121e-03,-1.757812e-02,2.929688e-03,2000,0,-1.554224e-04
2026-07-20T18:03:20.941,1784559800.942,66.003,-7.430054e-03,2.575592e-03,-1.831055e-02,9.765625e-04,2000,0,-1.486011e-04
2026-07-20T18:03:21.044,1784559801.044,66.103,-7.125610e-03,2.718994e-03,-1.831055e-02,1.220703e-03,2000,0,-1.425122e-04
2026-07-20T18:03:21.141,1784559801.142,66.203,-7.329468e-03,2.505495e-03,-1.831055e-02,9.765625e-04,2000,0,-1.465894e-04
2026-07-20T18:03:21.241,1784559801.242,66.303,-7.581787e-03,2.669374e-03,-1.635742e-02,1.000977e-02,2000,0,-1.516357e-04
2026-07-20T18:03:21.341,1784559801.342,66.403,-6.900879e-03,2.646672e-03,-1.562500e-02,7.324219e-04,2000,0,-1.380176e-04
2026-07-20T18:03:21.441,1784559801.442,66.503,-7.504272e-03,2.719913e-03,-2.124023e-02,4.882812e-03,2000,0,-1.500854e-04
2026-07-20T18:03:21.541,1784559801.541,66.603,-6.907104e-03,2.704198e-03,-1.562500e-02,3.417969e-03,2000,0,-1.381421e-04
2026-07-20T18:03:21.644,1784559801.644,66.703,-7.685913e-03,2.915224e-03,-1.586914e-02,4.882812e-04,2000,0,-1.537183e-04
2026-07-20T18:03:21.741,1784559801.742,66.803,-7.351562e-03,2.953218e-03,-1.562500e-02,1.538086e-02,2000,0,-1.470312e-04
2026-07-20T18:03:21.841,1784559801.842,66.903,-7.285645e-03,3.093157e-03,-1.806641e-02,3.173828e-03,2000,0,-1.457129e-04
2026-07-20T18:03:21.941,1784559801.942,67.003,-7.812012e-03,3.039958e-03,-1.757812e-02,4.150391e-03,2000,0,-1.562402e-04
2026-07-20T18:03:22.043,1784559802.044,67.103,-7.733521e-03,3.297072e-03,-1.953125e-02,2.441406e-03,2000,0,-1.546704e-04
2026-07-20T18:03:22.141,1784559802.142,67.203,-7.280640e-03,3.230439e-03,-1.782227e-02,2.441406e-03,2000,0,-1.456128e-04
2026-07-20T18:03:22.241,1784559802.242,67.303,-7.175659e-03,3.179675e-03,-1.904297e-02,2.685547e-03,2000,0,-1.435132e-04
2026-07-20T18:03:22.341,1784559802.342,67.403,-7.346436e-03,3.201090e-03,-1.904297e-02,6.591797e-03,2000,0,-1.469287e-04
2026-07-20T18:03:22.444,1784559802.444,67.503,-7.294067e-03,3.175332e-03,-1.733398e-02,1.953125e-03,2000,0,-1.458813e-04
2026-07-20T18:03:22.541,1784559802.542,67.603,-6.970215e-03,3.238786e-03,-1.904297e-02,4.394531e-03,2000,0,-1.394043e-04
2026-07-20T18:03:22.641,1784559802.642,67.703,-7.074341e-03,3.275726e-03,-1.782227e-02,2.441406e-03,2000,0,-1.414868e-04
2026-07-20T18:03:22.742,1784559802.742,67.803,-7.767334e-03,3.279425e-03,-1.831055e-02,2.929688e-03,2000,0,-1.553467e-04
2026-07-20T18:03:22.841,1784559802.842,67.903,-7.008789e-03,3.216906e-03,-1.831055e-02,7.812500e-03,2000,0,-1.401758e-04
2026-07-20T18:03:22.941,1784559802.942,68.003,-7.172607e-03,3.318897e-03,-1.879883e-02,7.568359e-03,2000,0,-1.434521e-04
2026-07-20T18:03:23.041,1784559803.042,68.103,-7.501343e-03,3.198057e-03,-1.782227e-02,1.953125e-03,2000,0,-1.500269e-04
2026-07-20T18:03:23.144,1784559803.144,68.203,-7.446533e-03,3.208652e-03,-1.782227e-02,2.929688e-03,2000,0,-1.489307e-04
2026-07-20T18:03:23.241,1784559803.242,68.303,-7.507568e-03,3.196471e-03,-1.928711e-02,4.638672e-03,2000,0,-1.501514e-04
2026-07-20T18:03:23.341,1784559803.342,68.403,-7.234375e-03,3.119995e-03,-1.708984e-02,3.417969e-03,2000,0,-1.446875e-04
2026-07-20T18:03:23.444,1784559803.444,68.503,-7.830933e-03,2.988961e-03,-1.708984e-02,2.685547e-03,2000,0,-1.566187e-04
2026-07-20T18:03:23.541,1784559803.542,68.603,-7.298828e-03,3.052140e-03,-1.806641e-02,2.441406e-03,2000,0,-1.459766e-04
2026-07-20T18:03:23.641,1784559803.642,68.703,-7.248535e-03,2.962804e-03,-1.660156e-02,3.662109e-03,2000,0,-1.449707e-04
2026-07-20T18:03:23.741,1784559803.742,68.803,-8.393188e-03,2.930799e-03,-1.879883e-02,1.708984e-03,2000,0,-1.678638e-04
2026-07-20T18:03:23.841,1784559803.842,68.903,-7.467896e-03,2.809062e-03,-1.660156e-02,4.882812e-03,2000,0,-1.493579e-04
2026-07-20T18:03:23.941,1784559803.942,69.003,-7.230469e-03,2.793310e-03,-1.660156e-02,3.662109e-03,2000,0,-1.446094e-04
2026-07-20T18:03:24.041,1784559804.042,69.103,-7.346313e-03,2.831382e-03,-1.660156e-02,7.080078e-03,2000,0,-1.469263e-04
2026-07-20T18:03:24.141,1784559804.142,69.203,-7.378662e-03,2.849324e-03,-1.879883e-02,1.953125e-03,2000,0,-1.475732e-04
2026-07-20T18:03:24.241,1784559804.242,69.303,-6.827148e-03,2.636071e-03,-1.538086e-02,3.662109e-03,2000,0,-1.365430e-04
2026-07-20T18:03:24.344,1784559804.344,69.403,-6.902832e-03,2.768311e-03,-1.831055e-02,2.685547e-03,2000,0,-1.380566e-04
2026-07-20T18:03:24.441,1784559804.442,69.503,-7.286011e-03,2.878117e-03,-1.586914e-02,7.324219e-04,2000,0,-1.457202e-04
2026-07-20T18:03:24.541,1784559804.542,69.603,-6.865234e-03,2.906192e-03,-1.562500e-02,7.080078e-03,2000,0,-1.373047e-04
2026-07-20T18:03:24.641,1784559804.642,69.703,-7.062622e-03,2.838846e-03,-1.660156e-02,2.685547e-03,2000,0,-1.412524e-04
2026-07-20T18:03:24.741,1784559804.742,69.803,-7.192871e-03,2.836369e-03,-2.294922e-02,1.025391e-02,2000,0,-1.438574e-04
2026-07-20T18:03:24.841,1784559804.842,69.903,-6.850952e-03,3.059898e-03,-2.807617e-02,2.441406e-03,2000,0,-1.370190e-04
2026-07-20T18:03:24.941,1784559804.942,70.003,-7.114136e-03,2.880549e-03,-2.075195e-02,2.929688e-03,2000,0,-1.422827e-04
2026-07-20T18:03:25.041,1784559805.042,70.103,-7.158325e-03,2.940367e-03,-1.757812e-02,2.685547e-03,2000,0,-1.431665e-04
2026-07-20T18:03:25.141,1784559805.141,70.203,-7.441040e-03,2.915550e-03,-1.928711e-02,1.464844e-03,2000,0,-1.488208e-04
2026-07-20T18:03:25.241,1784559805.242,70.303,-7.406738e-03,3.008183e-03,-1.684570e-02,2.441406e-03,2000,0,-1.481348e-04
2026-07-20T18:03:25.341,1784559805.342,70.403,-7.112915e-03,3.067201e-03,-1.660156e-02,4.882812e-03,2000,0,-1.422583e-04
2026-07-20T18:03:25.441,1784559805.442,70.503,-7.070679e-03,3.211002e-03,-1.708984e-02,4.638672e-03,2000,0,-1.414136e-04
2026-07-20T18:03:25.544,1784559805.544,70.603,-6.680054e-03,3.148986e-03,-1.538086e-02,4.882812e-03,2000,0,-1.336011e-04
2026-07-20T18:03:25.641,1784559805.642,70.703,-7.140869e-03,3.114875e-03,-1.586914e-02,4.638672e-03,2000,0,-1.428174e-04
2026-07-20T18:03:25.741,1784559805.742,70.803,-6.838745e-03,3.080890e-03,-1.684570e-02,4.882812e-03,2000,0,-1.367749e-04
2026-07-20T18:03:25.841,1784559805.842,70.903,-7.121704e-03,3.139903e-03,-1.660156e-02,1.025391e-02,2000,0,-1.424341e-04
2026-07-20T18:03:25.941,1784559805.942,71.003,-7.410278e-03,3.191099e-03,-1.635742e-02,4.150391e-03,2000,0,-1.482056e-04
2026-07-20T18:03:26.041,1784559806.042,71.103,-6.914673e-03,3.084913e-03,-2.661133e-02,3.417969e-03,2000,0,-1.382935e-04
2026-07-20T18:03:26.141,1784559806.141,71.203,-6.653320e-03,2.966620e-03,-1.635742e-02,3.906250e-03,2000,0,-1.330664e-04
2026-07-20T18:03:26.241,1784559806.242,71.303,-7.017944e-03,3.159096e-03,-1.611328e-02,5.126953e-03,2000,0,-1.403589e-04
2026-07-20T18:03:26.341,1784559806.342,71.403,-6.591553e-03,3.162342e-03,-1.757812e-02,5.126953e-03,2000,0,-1.318311e-04
2026-07-20T18:03:26.444,1784559806.444,71.503,-7.574585e-03,3.083467e-03,-1.904297e-02,3.906250e-03,2000,0,-1.514917e-04
2026-07-20T18:03:26.541,1784559806.542,71.603,-7.024902e-03,3.265228e-03,-1.684570e-02,3.417969e-03,2000,0,-1.404980e-04
2026-07-20T18:03:26.641,1784559806.642,71.703,-6.624146e-03,3.123216e-03,-1.635742e-02,2.685547e-03,2000,0,-1.324829e-04
2026-07-20T18:03:26.741,1784559806.742,71.803,-6.698242e-03,3.178969e-03,-1.611328e-02,5.615234e-03,2000,0,-1.339648e-04
2026-07-20T18:03:26.841,1784559806.842,71.903,-7.172852e-03,3.073008e-03,-1.855469e-02,5.126953e-03,2000,0,-1.434570e-04
2026-07-20T18:03:26.941,1784559806.942,72.003,-7.110718e-03,3.354342e-03,-1.953125e-02,4.882812e-03,2000,0,-1.422144e-04
2026-07-20T18:03:27.041,1784559807.042,72.103,-6.634277e-03,3.123519e-03,-1.586914e-02,3.417969e-03,2000,0,-1.326855e-04
2026-07-20T18:03:27.141,1784559807.142,72.203,-7.119019e-03,3.117371e-03,-1.660156e-02,6.103516e-03,2000,0,-1.423804e-04
2026-07-20T18:03:27.241,1784559807.242,72.303,-6.725098e-03,3.170294e-03,-1.708984e-02,3.417969e-03,2000,0,-1.345020e-04
2026-07-20T18:03:27.341,1784559807.342,72.403,-6.339233e-03,3.121778e-03,-1.513672e-02,3.662109e-03,2000,0,-1.267847e-04
2026-07-20T18:03:27.441,1784559807.441,72.503,-7.546509e-03,3.152341e-03,-1.684570e-02,3.662109e-03,2000,0,-1.509302e-04
2026-07-20T18:03:27.541,1784559807.542,72.603,-7.032593e-03,3.053961e-03,-2.050781e-02,2.441406e-03,2000,0,-1.406519e-04
2026-07-20T18:03:27.641,1784559807.642,72.703,-6.781372e-03,3.189149e-03,-1.586914e-02,3.906250e-03,2000,0,-1.356274e-04
2026-07-20T18:03:27.743,1784559807.744,72.803,-6.883545e-03,3.170107e-03,-1.757812e-02,2.441406e-03,2000,0,-1.376709e-04
2026-07-20T18:03:27.841,1784559807.842,72.903,-6.691284e-03,3.161743e-03,-1.733398e-02,3.906250e-03,2000,0,-1.338257e-04
2026-07-20T18:03:27.941,1784559807.942,73.003,-6.979004e-03,3.198136e-03,-1.611328e-02,3.417969e-03,2000,0,-1.395801e-04
2026-07-20T18:03:28.041,1784559808.042,73.103,-7.103271e-03,3.209952e-03,-2.050781e-02,8.056641e-03,2000,0,-1.420654e-04
2026-07-20T18:03:28.141,1784559808.142,73.203,-7.251953e-03,3.320478e-03,-1.855469e-02,4.882812e-03,2000,0,-1.450391e-04
2026-07-20T18:03:28.241,1784559808.242,73.303,-7.043457e-03,3.593933e-03,-1.928711e-02,4.882812e-03,2000,0,-1.408691e-04
2026-07-20T18:03:28.341,1784559808.342,73.403,-7.876709e-03,3.607733e-03,-2.026367e-02,4.150391e-03,2000,0,-1.575342e-04
2026-07-20T18:03:28.441,1784559808.442,73.503,-7.819336e-03,3.842770e-03,-2.001953e-02,5.615234e-03,2000,0,-1.563867e-04
2026-07-20T18:03:28.541,1784559808.542,73.603,-7.264526e-03,3.756996e-03,-1.806641e-02,5.371094e-03,2000,0,-1.452905e-04
2026-07-20T18:03:28.641,1784559808.642,73.703,-7.515869e-03,3.756822e-03,-1.806641e-02,9.277344e-03,2000,0,-1.503174e-04
2026-07-20T18:03:28.741,1784559808.742,73.803,-7.788208e-03,3.899283e-03,-2.050781e-02,4.394531e-03,2000,0,-1.557642e-04
2026-07-20T18:03:28.841,1784559808.842,73.903,-7.520142e-03,3.701662e-03,-2.001953e-02,4.882812e-03,2000,0,-1.504028e-04
2026-07-20T18:03:28.941,1784559808.942,74.003,-7.367065e-03,3.958857e-03,-2.172852e-02,8.544922e-03,2000,0,-1.473413e-04
2026-07-20T18:03:29.041,1784559809.042,74.103,-7.371338e-03,3.975819e-03,-2.148438e-02,6.347656e-03,2000,0,-1.474268e-04
2026-07-20T18:03:29.144,1784559809.144,74.203,-7.772583e-03,3.881919e-03,-2.026367e-02,6.347656e-03,2000,0,-1.554517e-04
2026-07-20T18:03:29.241,1784559809.242,74.303,-8.144897e-03,3.621864e-03,-2.148438e-02,2.685547e-03,2000,0,-1.628979e-04
2026-07-20T18:03:29.341,1784559809.342,74.403,-7.211182e-03,3.841075e-03,-1.855469e-02,3.906250e-03,2000,0,-1.442236e-04
2026-07-20T18:03:29.441,1784559809.442,74.503,-6.954468e-03,3.902508e-03,-1.831055e-02,6.103516e-03,2000,0,-1.390894e-04
2026-07-20T18:03:29.541,1784559809.542,74.603,-7.339600e-03,3.682026e-03,-1.953125e-02,4.638672e-03,2000,0,-1.467920e-04
2026-07-20T18:03:29.641,1784559809.642,74.703,-6.967163e-03,3.741590e-03,-1.831055e-02,4.882812e-03,2000,0,-1.393433e-04
2026-07-20T18:03:29.741,1784559809.741,74.803,-7.527588e-03,3.780706e-03,-2.050781e-02,3.662109e-03,2000,0,-1.505518e-04
2026-07-20T18:03:29.843,1784559809.844,74.903,-9.045898e-03,3.787834e-03,-2.197266e-02,2.441406e-03,2000,0,-1.809180e-04
2026-07-20T18:03:29.941,1784559809.942,75.003,-7.631714e-03,3.656801e-03,-1.953125e-02,3.906250e-03,2000,0,-1.526343e-04
2026-07-20T18:03:30.041,1784559810.042,75.103,-7.720825e-03,3.795083e-03,-2.246094e-02,2.929688e-03,2000,0,-1.544165e-04
2026-07-20T18:03:30.141,1784559810.141,75.203,-7.834839e-03,3.728485e-03,-2.075195e-02,3.173828e-03,2000,0,-1.566968e-04
2026-07-20T18:03:30.241,1784559810.241,75.303,-7.094238e-03,3.906980e-03,-1.977539e-02,3.417969e-03,2000,0,-1.418848e-04
2026-07-20T18:03:30.341,1784559810.342,75.403,-7.324951e-03,3.784227e-03,-1.928711e-02,3.173828e-03,2000,0,-1.464990e-04
2026-07-20T18:03:30.441,1784559810.442,75.503,-7.978149e-03,3.754881e-03,-1.953125e-02,3.417969e-03,2000,0,-1.595630e-04
2026-07-20T18:03:30.541,1784559810.542,75.603,-7.875366e-03,3.830824e-03,-2.075195e-02,3.662109e-03,2000,0,-1.575073e-04
2026-07-20T18:03:30.641,1784559810.642,75.703,-8.111084e-03,3.558020e-03,-1.977539e-02,1.708984e-03,2000,0,-1.622217e-04
2026-07-20T18:03:30.743,1784559810.743,75.803,-7.773682e-03,3.838576e-03,-2.026367e-02,1.245117e-02,2000,0,-1.554736e-04
2026-07-20T18:03:30.841,1784559810.842,75.903,-8.004028e-03,3.684098e-03,-2.197266e-02,2.929688e-03,2000,0,-1.600806e-04
2026-07-20T18:03:30.941,1784559810.942,76.003,-7.887329e-03,3.378571e-03,-1.782227e-02,1.708984e-03,2000,0,-1.577466e-04
2026-07-20T18:03:31.043,1784559811.043,76.103,-7.901733e-03,3.589248e-03,-2.026367e-02,1.464844e-03,2000,0,-1.580347e-04
2026-07-20T18:03:31.143,1784559811.144,76.203,-8.172363e-03,3.309347e-03,-2.099609e-02,2.441406e-03,2000,0,-1.634473e-04
2026-07-20T18:03:31.242,1784559811.243,76.303,-8.516235e-03,3.264989e-03,-1.855469e-02,5.859375e-03,2000,0,-1.703247e-04
2026-07-20T18:03:31.341,1784559811.342,76.403,-8.973877e-03,3.354069e-03,-1.977539e-02,8.544922e-03,2000,0,-1.794775e-04
2026-07-20T18:03:31.441,1784559811.442,76.503,-8.564941e-03,3.403309e-03,-1.855469e-02,3.662109e-03,2000,0,-1.712988e-04
2026-07-20T18:03:31.544,1784559811.544,76.603,-8.107910e-03,3.347496e-03,-1.928711e-02,5.371094e-03,2000,0,-1.621582e-04
2026-07-20T18:03:31.641,1784559811.642,76.703,-8.426147e-03,3.296313e-03,-1.831055e-02,3.906250e-03,2000,0,-1.685229e-04
2026-07-20T18:03:31.741,1784559811.741,76.803,-8.127808e-03,3.338453e-03,-1.904297e-02,2.685547e-03,2000,0,-1.625562e-04
2026-07-20T18:03:31.841,1784559811.841,76.903,-7.445068e-03,3.223618e-03,-1.684570e-02,3.662109e-03,2000,0,-1.489014e-04
2026-07-20T18:03:31.941,1784559811.941,77.003,-8.150391e-03,3.287103e-03,-1.855469e-02,4.638672e-03,2000,0,-1.630078e-04
2026-07-20T18:03:32.041,1784559812.042,77.103,-8.034790e-03,3.497245e-03,-2.368164e-02,3.417969e-03,2000,0,-1.606958e-04
2026-07-20T18:03:32.141,1784559812.141,77.203,-7.733643e-03,3.357610e-03,-1.879883e-02,3.662109e-03,2000,0,-1.546729e-04
2026-07-20T18:03:32.241,1784559812.242,77.303,-9.854126e-03,3.471540e-03,-1.953125e-02,4.150391e-03,2000,0,-1.970825e-04
2026-07-20T18:03:32.341,1784559812.342,77.403,-8.195801e-03,3.542119e-03,-1.782227e-02,4.394531e-03,2000,0,-1.639160e-04
2026-07-20T18:03:32.443,1784559812.444,77.503,-8.182251e-03,3.444770e-03,-1.806641e-02,4.638672e-03,2000,0,-1.636450e-04
2026-07-20T18:03:32.541,1784559812.542,77.603,-8.025635e-03,3.487093e-03,-1.904297e-02,4.150391e-03,2000,0,-1.605127e-04
2026-07-20T18:03:32.641,1784559812.641,77.703,-7.860718e-03,3.557151e-03,-1.806641e-02,3.906250e-03,2000,0,-1.572144e-04
2026-07-20T18:03:32.741,1784559812.741,77.803,-7.684692e-03,3.510921e-03,-2.368164e-02,6.347656e-03,2000,0,-1.536938e-04
2026-07-20T18:03:32.841,1784559812.842,77.903,-8.234741e-03,3.520186e-03,-1.953125e-02,3.417969e-03,2000,0,-1.646948e-04
2026-07-20T18:03:32.941,1784559812.942,78.003,-7.908691e-03,3.477258e-03,-2.099609e-02,9.521484e-03,2000,0,-1.581738e-04
2026-07-20T18:03:33.043,1784559813.044,78.103,-7.626099e-03,3.417930e-03,-1.953125e-02,2.685547e-03,2000,0,-1.525220e-04
2026-07-20T18:03:33.141,1784559813.141,78.203,-8.247559e-03,3.437787e-03,-2.075195e-02,2.685547e-03,2000,0,-1.649512e-04
2026-07-20T18:03:33.241,1784559813.241,78.303,-7.643311e-03,3.460514e-03,-1.855469e-02,3.906250e-03,2000,0,-1.528662e-04
2026-07-20T18:03:33.341,1784559813.341,78.403,-8.152588e-03,3.400105e-03,-1.928711e-02,1.953125e-03,2000,0,-1.630518e-04
2026-07-20T18:03:33.441,1784559813.441,78.503,-8.216797e-03,3.447000e-03,-2.001953e-02,1.220703e-03,2000,0,-1.643359e-04
2026-07-20T18:03:33.541,1784559813.541,78.603,-7.801025e-03,3.451019e-03,-1.977539e-02,3.417969e-03,2000,0,-1.560205e-04
2026-07-20T18:03:33.641,1784559813.641,78.703,-7.634888e-03,3.435625e-03,-1.928711e-02,4.150391e-03,2000,0,-1.526978e-04
2026-07-20T18:03:33.741,1784559813.742,78.803,-8.031982e-03,3.488417e-03,-2.099609e-02,2.685547e-03,2000,0,-1.606396e-04
2026-07-20T18:03:33.841,1784559813.842,78.903,-7.823120e-03,3.418140e-03,-2.050781e-02,2.197266e-03,2000,0,-1.564624e-04
2026-07-20T18:03:33.941,1784559813.941,79.003,-8.169922e-03,3.584519e-03,-2.050781e-02,3.173828e-03,2000,0,-1.633984e-04
2026-07-20T18:03:34.041,1784559814.042,79.103,-8.287598e-03,3.548154e-03,-2.246094e-02,4.150391e-03,2000,0,-1.657520e-04
2026-07-20T18:03:34.141,1784559814.141,79.203,-8.166138e-03,3.480989e-03,-1.953125e-02,1.708984e-03,2000,0,-1.633228e-04
2026-07-20T18:03:34.241,1784559814.241,79.303,-8.101318e-03,3.452726e-03,-1.806641e-02,2.441406e-03,2000,0,-1.620264e-04
2026-07-20T18:03:34.341,1784559814.341,79.403,-8.663208e-03,3.361487e-03,-1.977539e-02,1.708984e-03,2000,0,-1.732642e-04
2026-07-20T18:03:34.441,1784559814.442,79.503,-8.458618e-03,3.275268e-03,-2.124023e-02,1.245117e-02,2000,0,-1.691724e-04
2026-07-20T18:03:34.541,1784559814.541,79.603,-8.230591e-03,3.235410e-03,-1.806641e-02,3.662109e-03,2000,0,-1.646118e-04
2026-07-20T18:03:34.643,1784559814.644,79.703,-8.090088e-03,3.211301e-03,-1.831055e-02,1.708984e-03,2000,0,-1.618018e-04
2026-07-20T18:03:34.741,1784559814.742,79.803,-8.517456e-03,3.234369e-03,-1.855469e-02,1.708984e-03,2000,0,-1.703491e-04
2026-07-20T18:03:34.843,1784559814.844,79.903,-8.252563e-03,3.180315e-03,-1.855469e-02,9.765625e-04,2000,0,-1.650513e-04
2026-07-20T18:03:34.941,1784559814.941,80.003,-8.799072e-03,3.133042e-03,-1.831055e-02,9.277344e-03,2000,0,-1.759814e-04
2026-07-20T18:03:35.041,1784559815.041,80.103,-8.223511e-03,3.140130e-03,-2.001953e-02,1.953125e-03,2000,0,-1.644702e-04
2026-07-20T18:03:35.141,1784559815.141,80.203,-8.108643e-03,3.131741e-03,-1.733398e-02,3.662109e-03,2000,0,-1.621729e-04
2026-07-20T18:03:35.241,1784559815.241,80.303,-8.546387e-03,3.077014e-03,-2.221680e-02,1.464844e-03,2000,0,-1.709277e-04
2026-07-20T18:03:35.341,1784559815.342,80.403,-8.215576e-03,3.200694e-03,-2.270508e-02,1.464844e-03,2000,0,-1.643115e-04
2026-07-20T18:03:35.441,1784559815.442,80.503,-8.474854e-03,3.227587e-03,-1.953125e-02,1.220703e-03,2000,0,-1.694971e-04
2026-07-20T18:03:35.541,1784559815.541,80.603,-8.597778e-03,3.078318e-03,-1.855469e-02,1.220703e-03,2000,0,-1.719556e-04
2026-07-20T18:03:35.643,1784559815.643,80.703,-8.485962e-03,3.121280e-03,-1.953125e-02,2.441406e-03,2000,0,-1.697192e-04
2026-07-20T18:03:35.741,1784559815.741,80.803,-8.474243e-03,3.158633e-03,-1.879883e-02,3.173828e-03,2000,0,-1.694849e-04
2026-07-20T18:03:35.841,1784559815.842,80.903,-8.703003e-03,3.188099e-03,-1.855469e-02,3.173828e-03,2000,0,-1.740601e-04
2026-07-20T18:03:35.941,1784559815.942,81.003,-8.865479e-03,3.117017e-03,-1.928711e-02,1.464844e-03,2000,0,-1.773096e-04
2026-07-20T18:03:36.041,1784559816.042,81.103,-8.609009e-03,3.248847e-03,-2.172852e-02,1.464844e-03,2000,0,-1.721802e-04
2026-07-20T18:03:36.141,1784559816.142,81.203,-8.758301e-03,3.108411e-03,-1.977539e-02,1.708984e-03,2000,0,-1.751660e-04
2026-07-20T18:03:36.241,1784559816.241,81.303,-8.600220e-03,3.272078e-03,-1.977539e-02,2.441406e-03,2000,0,-1.720044e-04
2026-07-20T18:03:36.343,1784559816.344,81.403,-8.649536e-03,3.020079e-03,-1.928711e-02,4.882812e-04,2000,0,-1.729907e-04
2026-07-20T18:03:36.441,1784559816.442,81.503,-8.884644e-03,3.178006e-03,-2.001953e-02,2.197266e-03,2000,0,-1.776929e-04
2026-07-20T18:03:36.541,1784559816.541,81.603,-8.432983e-03,3.288496e-03,-1.806641e-02,1.953125e-03,2000,0,-1.686597e-04
2026-07-20T18:03:36.641,1784559816.642,81.703,-8.458740e-03,3.181372e-03,-2.026367e-02,1.953125e-03,2000,0,-1.691748e-04
2026-07-20T18:03:36.741,1784559816.741,81.803,-9.117432e-03,3.229704e-03,-1.953125e-02,1.708984e-03,2000,0,-1.823486e-04
2026-07-20T18:03:36.841,1784559816.841,81.903,-8.373657e-03,3.169876e-03,-1.977539e-02,7.324219e-04,2000,0,-1.674731e-04
2026-07-20T18:03:36.943,1784559816.944,82.003,-8.541382e-03,3.167035e-03,-2.563477e-02,4.882812e-04,2000,0,-1.708276e-04
2026-07-20T18:03:37.041,1784559817.042,82.103,-8.882690e-03,3.155374e-03,-1.806641e-02,7.324219e-04,2000,0,-1.776538e-04
2026-07-20T18:03:37.143,1784559817.144,82.203,-8.669189e-03,3.231696e-03,-1.953125e-02,3.173828e-03,2000,0,-1.733838e-04
2026-07-20T18:03:37.243,1784559817.244,82.303,-9.074341e-03,3.211225e-03,-2.075195e-02,1.708984e-03,2000,0,-1.814868e-04
2026-07-20T18:03:37.341,1784559817.342,82.403,-9.164429e-03,3.158604e-03,-2.343750e-02,4.882812e-04,2000,0,-1.832886e-04
2026-07-20T18:03:37.441,1784559817.442,82.503,-8.943970e-03,3.261539e-03,-1.977539e-02,2.197266e-03,2000,0,-1.788794e-04
2026-07-20T18:03:37.541,1784559817.542,82.603,-8.156616e-03,3.244387e-03,-1.977539e-02,1.464844e-03,2000,0,-1.631323e-04
2026-07-20T18:03:37.641,1784559817.642,82.703,-8.606323e-03,3.168069e-03,-1.879883e-02,1.708984e-03,2000,0,-1.721265e-04
2026-07-20T18:03:37.741,1784559817.742,82.803,-9.071777e-03,3.133781e-03,-2.075195e-02,2.685547e-03,2000,0,-1.814355e-04
2026-07-20T18:03:37.841,1784559817.842,82.903,-8.427612e-03,3.229692e-03,-1.904297e-02,1.220703e-03,2000,0,-1.685522e-04
2026-07-20T18:03:37.941,1784559817.942,83.003,-9.124023e-03,3.176697e-03,-2.001953e-02,1.220703e-03,2000,0,-1.824805e-04
2026-07-20T18:03:38.043,1784559818.044,83.103,-9.409790e-03,3.085818e-03,-2.026367e-02,2.441406e-04,2000,0,-1.881958e-04
2026-07-20T18:03:38.141,1784559818.141,83.203,-8.715088e-03,3.032323e-03,-1.977539e-02,1.708984e-03,2000,0,-1.743018e-04
2026-07-20T18:03:38.241,1784559818.242,83.303,-8.971313e-03,3.115700e-03,-2.075195e-02,4.394531e-03,2000,0,-1.794263e-04
2026-07-20T18:03:38.341,1784559818.342,83.403,-8.823242e-03,3.155015e-03,-2.221680e-02,7.324219e-04,2000,0,-1.764648e-04
2026-07-20T18:03:38.443,1784559818.444,83.503,-8.749023e-03,2.993209e-03,-1.953125e-02,5.615234e-03,2000,0,-1.749805e-04
2026-07-20T18:03:38.541,1784559818.541,83.603,-8.862183e-03,2.995465e-03,-1.904297e-02,1.220703e-03,2000,0,-1.772437e-04
2026-07-20T18:03:38.641,1784559818.642,83.703,-8.978516e-03,3.167802e-03,-1.953125e-02,7.324219e-04,2000,0,-1.795703e-04
2026-07-20T18:03:38.741,1784559818.741,83.803,-9.133057e-03,2.842731e-03,-1.879883e-02,4.882812e-04,2000,0,-1.826611e-04
2026-07-20T18:03:38.841,1784559818.842,83.903,-9.155518e-03,2.941697e-03,-2.246094e-02,1.708984e-03,2000,0,-1.831104e-04
2026-07-20T18:03:38.941,1784559818.941,84.003,-8.906372e-03,2.812661e-03,-1.855469e-02,4.882812e-04,2000,0,-1.781274e-04
2026-07-20T18:03:39.041,1784559819.041,84.103,-8.723267e-03,2.761627e-03,-1.806641e-02,2.197266e-03,2000,0,-1.744653e-04
2026-07-20T18:03:39.141,1784559819.142,84.203,-8.590210e-03,2.836722e-03,-1.782227e-02,9.765625e-04,2000,0,-1.718042e-04
2026-07-20T18:03:39.241,1784559819.242,84.303,-8.794556e-03,2.839241e-03,-1.977539e-02,3.173828e-03,2000,0,-1.758911e-04
2026-07-20T18:03:39.341,1784559819.342,84.403,-8.194092e-03,2.712193e-03,-1.831055e-02,2.441406e-04,2000,0,-1.638818e-04
2026-07-20T18:03:39.441,1784559819.442,84.503,-8.877197e-03,2.660972e-03,-2.221680e-02,9.765625e-04,2000,0,-1.775439e-04
2026-07-20T18:03:39.541,1784559819.542,84.603,-8.287720e-03,2.732692e-03,-1.733398e-02,2.441406e-04,2000,0,-1.657544e-04
2026-07-20T18:03:39.641,1784559819.642,84.703,-8.199097e-03,2.615976e-03,-1.977539e-02,1.953125e-03,2000,0,-1.639819e-04
2026-07-20T18:03:39.741,1784559819.742,84.803,-7.923950e-03,2.574209e-03,-1.831055e-02,2.685547e-03,2000,0,-1.584790e-04
2026-07-20T18:03:39.841,1784559819.841,84.903,-8.292603e-03,2.568649e-03,-1.733398e-02,4.882812e-04,2000,0,-1.658521e-04
2026-07-20T18:03:39.941,1784559819.942,85.003,-8.015381e-03,2.481128e-03,-1.733398e-02,1.464844e-03,2000,0,-1.603076e-04
2026-07-20T18:03:40.041,1784559820.042,85.103,-8.023315e-03,2.597246e-03,-1.831055e-02,-2.441406e-04,2000,0,-1.604663e-04
2026-07-20T18:03:40.141,1784559820.142,85.203,-8.084595e-03,2.697046e-03,-1.904297e-02,3.417969e-03,2000,0,-1.616919e-04
2026-07-20T18:03:40.241,1784559820.242,85.303,-8.097168e-03,2.688391e-03,-2.197266e-02,2.197266e-03,2000,0,-1.619434e-04
2026-07-20T18:03:40.341,1784559820.342,85.403,-8.242920e-03,2.791295e-03,-1.708984e-02,2.441406e-03,2000,0,-1.648584e-04
2026-07-20T18:03:40.441,1784559820.442,85.503,-8.588501e-03,2.875316e-03,-1.879883e-02,1.220703e-03,2000,0,-1.717700e-04
2026-07-20T18:03:40.541,1784559820.542,85.603,-8.123535e-03,2.926969e-03,-1.855469e-02,3.417969e-03,2000,0,-1.624707e-04
2026-07-20T18:03:40.641,1784559820.642,85.703,-7.871460e-03,2.945222e-03,-1.684570e-02,3.173828e-03,2000,0,-1.574292e-04
2026-07-20T18:03:40.741,1784559820.742,85.803,-7.869385e-03,2.937821e-03,-1.782227e-02,2.929688e-03,2000,0,-1.573877e-04
2026-07-20T18:03:40.841,1784559820.842,85.903,-7.705688e-03,3.103450e-03,-1.879883e-02,3.417969e-03,2000,0,-1.541138e-04
2026-07-20T18:03:40.941,1784559820.942,86.003,-7.356812e-03,3.140627e-03,-1.855469e-02,3.173828e-03,2000,0,-1.471362e-04
2026-07-20T18:03:41.041,1784559821.042,86.103,-7.732910e-03,3.274022e-03,-1.855469e-02,2.441406e-03,2000,0,-1.546582e-04
2026-07-20T18:03:41.143,1784559821.144,86.203,-7.261841e-03,3.277975e-03,-1.831055e-02,3.417969e-03,2000,0,-1.452368e-04
2026-07-20T18:03:41.241,1784559821.242,86.303,-7.040161e-03,3.146136e-03,-1.757812e-02,6.591797e-03,2000,0,-1.408032e-04
2026-07-20T18:03:41.341,1784559821.342,86.403,-7.073486e-03,3.099118e-03,-1.904297e-02,2.441406e-03,2000,0,-1.414697e-04
2026-07-20T18:03:41.441,1784559821.442,86.503,-7.435181e-03,3.161022e-03,-1.684570e-02,1.464844e-03,2000,0,-1.487036e-04
2026-07-20T18:03:41.541,1784559821.542,86.603,-7.119751e-03,3.088008e-03,-1.806641e-02,1.025391e-02,2000,0,-1.423950e-04
2026-07-20T18:03:41.641,1784559821.642,86.703,-6.773804e-03,3.204793e-03,-1.684570e-02,4.150391e-03,2000,0,-1.354761e-04
2026-07-20T18:03:41.741,1784559821.742,86.803,-7.125977e-03,3.066698e-03,-1.660156e-02,1.953125e-03,2000,0,-1.425195e-04
2026-07-20T18:03:41.841,1784559821.842,86.903,-7.101196e-03,3.076647e-03,-1.611328e-02,2.441406e-03,2000,0,-1.420239e-04
2026-07-20T18:03:41.941,1784559821.942,87.003,-7.795532e-03,3.029073e-03,-1.757812e-02,3.173828e-03,2000,0,-1.559106e-04
2026-07-20T18:03:42.041,1784559822.042,87.103,-7.557373e-03,3.118842e-03,-1.904297e-02,3.417969e-03,2000,0,-1.511475e-04
2026-07-20T18:03:42.141,1784559822.142,87.203,-7.436279e-03,3.145412e-03,-1.806641e-02,4.150391e-03,2000,0,-1.487256e-04
2026-07-20T18:03:42.241,1784559822.242,87.303,-7.245483e-03,3.209558e-03,-1.733398e-02,3.662109e-03,2000,0,-1.449097e-04
2026-07-20T18:03:42.341,1784559822.342,87.403,-7.092407e-03,3.226944e-03,-2.148438e-02,2.929688e-03,2000,0,-1.418481e-04
2026-07-20T18:03:42.441,1784559822.442,87.503,-7.618774e-03,3.295454e-03,-1.684570e-02,4.394531e-03,2000,0,-1.523755e-04
2026-07-20T18:03:42.541,1784559822.542,87.603,-6.863159e-03,3.040831e-03,-1.660156e-02,2.197266e-03,2000,0,-1.372632e-04
2026-07-20T18:03:42.641,1784559822.642,87.703,-6.921875e-03,3.115096e-03,-1.586914e-02,6.347656e-03,2000,0,-1.384375e-04
2026-07-20T18:03:42.741,1784559822.742,87.803,-7.292603e-03,3.175872e-03,-1.879883e-02,2.685547e-03,2000,0,-1.458521e-04
2026-07-20T18:03:42.841,1784559822.842,87.903,-7.039185e-03,3.092265e-03,-1.660156e-02,4.882812e-03,2000,0,-1.407837e-04
2026-07-20T18:03:42.941,1784559822.942,88.003,-6.583984e-03,3.154614e-03,-1.708984e-02,5.126953e-03,2000,0,-1.316797e-04
2026-07-20T18:03:43.041,1784559823.042,88.103,-7.257202e-03,3.254259e-03,-1.757812e-02,2.685547e-03,2000,0,-1.451440e-04
2026-07-20T18:03:43.141,1784559823.142,88.203,-7.188354e-03,3.149270e-03,-1.806641e-02,7.812500e-03,2000,0,-1.437671e-04
2026-07-20T18:03:43.241,1784559823.242,88.303,-6.941040e-03,3.063466e-03,-1.660156e-02,3.662109e-03,2000,0,-1.388208e-04
2026-07-20T18:03:43.341,1784559823.342,88.403,-7.071045e-03,3.233860e-03,-1.757812e-02,2.929688e-03,2000,0,-1.414209e-04
2026-07-20T18:03:43.441,1784559823.442,88.503,-7.335693e-03,3.266824e-03,-1.660156e-02,2.929688e-03,2000,0,-1.467139e-04
2026-07-20T18:03:43.544,1784559823.544,88.603,-7.012085e-03,3.177900e-03,-1.806641e-02,4.882812e-03,2000,0,-1.402417e-04
2026-07-20T18:03:43.641,1784559823.642,88.703,-7.081421e-03,3.173664e-03,-1.733398e-02,2.441406e-03,2000,0,-1.416284e-04
2026-07-20T18:03:43.741,1784559823.742,88.803,-7.130615e-03,3.233201e-03,-1.782227e-02,3.417969e-03,2000,0,-1.426123e-04
2026-07-20T18:03:43.841,1784559823.842,88.903,-6.746338e-03,3.292165e-03,-1.928711e-02,4.882812e-03,2000,0,-1.349268e-04
2026-07-20T18:03:43.941,1784559823.942,89.003,-7.532227e-03,3.297292e-03,-1.977539e-02,2.685547e-03,2000,0,-1.506445e-04
2026-07-20T18:03:44.041,1784559824.042,89.103,-7.197021e-03,3.140654e-03,-1.806641e-02,3.417969e-03,2000,0,-1.439404e-04
2026-07-20T18:03:44.144,1784559824.144,89.203,-7.264282e-03,3.168840e-03,-1.782227e-02,4.394531e-03,2000,0,-1.452856e-04
2026-07-20T18:03:44.241,1784559824.242,89.303,-7.307007e-03,3.184585e-03,-1.831055e-02,3.662109e-03,2000,0,-1.461401e-04
2026-07-20T18:03:44.341,1784559824.342,89.403,-7.518799e-03,3.100142e-03,-1.831055e-02,2.441406e-03,2000,0,-1.503760e-04
2026-07-20T18:03:44.441,1784559824.442,89.503,-7.325684e-03,2.994213e-03,-1.611328e-02,2.441406e-03,2000,0,-1.465137e-04
2026-07-20T18:03:44.541,1784559824.542,89.603,-7.050659e-03,3.064573e-03,-1.733398e-02,3.173828e-03,2000,0,-1.410132e-04
2026-07-20T18:03:44.641,1784559824.642,89.703,-7.452026e-03,3.046543e-03,-2.221680e-02,1.708984e-03,2000,0,-1.490405e-04
2026-07-20T18:03:44.741,1784559824.742,89.803,-7.142822e-03,3.013124e-03,-1.879883e-02,2.685547e-03,2000,0,-1.428564e-04
2026-07-20T18:03:44.841,1784559824.842,89.903,-7.337769e-03,2.939512e-03,-1.806641e-02,4.882812e-04,2000,0,-1.467554e-04
2026-07-20T18:03:44.943,1784559824.944,90.003,-7.936768e-03,2.905601e-03,-1.879883e-02,9.765625e-04,2000,0,-1.587354e-04
2026-07-20T18:03:45.043,1784559825.044,90.103,-7.079712e-03,3.103396e-03,-1.733398e-02,1.464844e-03,2000,0,-1.415942e-04
2026-07-20T18:03:45.141,1784559825.142,90.203,-7.172607e-03,3.058093e-03,-1.733398e-02,3.417969e-03,2000,0,-1.434521e-04
2026-07-20T18:03:45.241,1784559825.242,90.303,-7.556274e-03,3.004359e-03,-1.806641e-02,2.197266e-03,2000,0,-1.511255e-04
2026-07-20T18:03:45.341,1784559825.342,90.403,-6.951050e-03,3.006839e-03,-1.757812e-02,6.835938e-03,2000,0,-1.390210e-04
2026-07-20T18:03:45.441,1784559825.442,90.503,-6.980591e-03,3.025369e-03,-1.611328e-02,3.662109e-03,2000,0,-1.396118e-04
2026-07-20T18:03:45.541,1784559825.542,90.603,-7.605835e-03,3.092424e-03,-2.441406e-02,5.859375e-03,2000,0,-1.521167e-04
2026-07-20T18:03:45.644,1784559825.644,90.703,-6.894287e-03,3.116146e-03,-1.660156e-02,2.929688e-03,2000,0,-1.378857e-04
2026-07-20T18:03:45.741,1784559825.742,90.803,-7.169312e-03,3.115400e-03,-1.782227e-02,1.318359e-02,2000,0,-1.433862e-04
2026-07-20T18:03:45.841,1784559825.842,90.903,-7.513184e-03,3.044140e-03,-1.928711e-02,4.394531e-03,2000,0,-1.502637e-04
2026-07-20T18:03:45.944,1784559825.944,91.003,-7.398193e-03,3.047763e-03,-1.684570e-02,3.662109e-03,2000,0,-1.479639e-04
2026-07-20T18:03:46.041,1784559826.042,91.103,-7.710571e-03,3.135361e-03,-1.953125e-02,6.591797e-03,2000,0,-1.542114e-04
2026-07-20T18:03:46.141,1784559826.142,91.203,-7.491211e-03,3.037919e-03,-1.684570e-02,3.906250e-03,2000,0,-1.498242e-04
2026-07-20T18:03:46.241,1784559826.242,91.303,-7.291138e-03,3.156674e-03,-1.660156e-02,3.662109e-03,2000,0,-1.458228e-04
2026-07-20T18:03:46.341,1784559826.342,91.403,-7.365601e-03,3.255071e-03,-1.708984e-02,3.417969e-03,2000,0,-1.473120e-04
2026-07-20T18:03:46.441,1784559826.442,91.503,-8.448364e-03,3.248539e-03,-1.733398e-02,4.638672e-03,2000,0,-1.689673e-04
2026-07-20T18:03:46.541,1784559826.542,91.603,-7.698364e-03,3.237004e-03,-1.953125e-02,4.394531e-03,2000,0,-1.539673e-04
2026-07-20T18:03:46.641,1784559826.642,91.703,-7.259521e-03,3.215766e-03,-2.099609e-02,3.173828e-03,2000,0,-1.451904e-04
2026-07-20T18:03:46.741,1784559826.742,91.803,-7.735352e-03,3.177752e-03,-1.684570e-02,6.103516e-03,2000,0,-1.547070e-04
2026-07-20T18:03:46.841,1784559826.842,91.903,-7.680786e-03,3.236023e-03,-1.660156e-02,7.324219e-03,2000,0,-1.536157e-04
2026-07-20T18:03:46.941,1784559826.942,92.003,-7.874390e-03,3.282563e-03,-1.855469e-02,3.662109e-03,2000,0,-1.574878e-04
2026-07-20T18:03:47.041,1784559827.042,92.103,-8.083496e-03,3.297154e-03,-1.757812e-02,3.417969e-03,2000,0,-1.616699e-04
2026-07-20T18:03:47.141,1784559827.142,92.203,-7.415283e-03,3.375237e-03,-1.733398e-02,5.859375e-03,2000,0,-1.483057e-04
2026-07-20T18:03:47.241,1784559827.241,92.303,-7.936768e-03,3.418918e-03,-1.684570e-02,3.417969e-03,2000,0,-1.587354e-04
2026-07-20T18:03:47.343,1784559827.344,92.403,-7.906494e-03,3.531752e-03,-2.001953e-02,2.197266e-03,2000,0,-1.581299e-04
2026-07-20T18:03:47.441,1784559827.441,92.503,-7.599487e-03,3.362848e-03,-1.757812e-02,3.173828e-03,2000,0,-1.519897e-04
2026-07-20T18:03:47.541,1784559827.541,92.603,-8.226318e-03,3.249813e-03,-2.148438e-02,3.906250e-03,2000,0,-1.645264e-04
2026-07-20T18:03:47.643,1784559827.644,92.703,-8.031738e-03,3.475859e-03,-1.953125e-02,5.615234e-03,2000,0,-1.606348e-04
2026-07-20T18:03:47.741,1784559827.742,92.803,-8.004272e-03,3.377317e-03,-1.855469e-02,1.708984e-03,2000,0,-1.600854e-04
2026-07-20T18:03:47.841,1784559827.842,92.903,-8.119751e-03,3.326228e-03,-1.904297e-02,5.615234e-03,2000,0,-1.623950e-04
2026-07-20T18:03:47.943,1784559827.944,93.003,-8.971802e-03,3.400181e-03,-2.075195e-02,1.025391e-02,2000,0,-1.794360e-04
2026-07-20T18:03:48.044,1784559828.044,93.103,-8.004150e-03,3.339713e-03,-1.782227e-02,3.662109e-03,2000,0,-1.600830e-04
2026-07-20T18:03:48.141,1784559828.142,93.203,-8.158447e-03,3.206740e-03,-1.831055e-02,3.417969e-03,2000,0,-1.631689e-04
2026-07-20T18:03:48.241,1784559828.242,93.303,-7.854492e-03,3.188120e-03,-1.904297e-02,3.173828e-03,2000,0,-1.570898e-04
2026-07-20T18:03:48.341,1784559828.342,93.403,-8.033325e-03,3.255479e-03,-2.075195e-02,3.906250e-03,2000,0,-1.606665e-04
2026-07-20T18:03:48.441,1784559828.442,93.503,-8.293701e-03,3.262528e-03,-1.879883e-02,3.906250e-03,2000,0,-1.658740e-04
2026-07-20T18:03:48.541,1784559828.542,93.603,-8.272949e-03,3.270628e-03,-1.879883e-02,2.197266e-03,2000,0,-1.654590e-04
2026-07-20T18:03:48.641,1784559828.642,93.703,-7.980103e-03,3.328437e-03,-1.977539e-02,4.638672e-03,2000,0,-1.596021e-04
2026-07-20T18:03:48.741,1784559828.742,93.803,-8.291382e-03,3.435650e-03,-1.928711e-02,7.324219e-03,2000,0,-1.658276e-04
2026-07-20T18:03:48.841,1784559828.842,93.903,-8.340210e-03,3.311238e-03,-2.221680e-02,2.441406e-03,2000,0,-1.668042e-04
2026-07-20T18:03:48.941,1784559828.942,94.003,-8.033569e-03,3.425107e-03,-1.855469e-02,3.906250e-03,2000,0,-1.606714e-04
2026-07-20T18:03:49.041,1784559829.042,94.103,-8.415527e-03,3.487684e-03,-1.904297e-02,5.615234e-03,2000,0,-1.683105e-04
2026-07-20T18:03:49.141,1784559829.142,94.203,-8.304687e-03,3.469424e-03,-2.050781e-02,4.882812e-03,2000,0,-1.660937e-04
2026-07-20T18:03:49.241,1784559829.242,94.303,-8.627441e-03,3.435656e-03,-1.855469e-02,3.173828e-03,2000,0,-1.725488e-04
2026-07-20T18:03:49.341,1784559829.342,94.403,-8.524048e-03,3.475873e-03,-1.953125e-02,3.417969e-03,2000,0,-1.704810e-04
2026-07-20T18:03:49.441,1784559829.442,94.503,-8.408325e-03,3.614324e-03,-2.368164e-02,3.173828e-03,2000,0,-1.681665e-04
2026-07-20T18:03:49.541,1784559829.542,94.603,-8.267700e-03,3.592495e-03,-1.904297e-02,2.685547e-03,2000,0,-1.653540e-04
2026-07-20T18:03:49.641,1784559829.642,94.703,-8.664917e-03,3.628598e-03,-1.904297e-02,3.417969e-03,2000,0,-1.732983e-04
2026-07-20T18:03:49.741,1784559829.742,94.803,-8.576172e-03,3.590616e-03,-2.685547e-02,2.929688e-03,2000,0,-1.715234e-04
2026-07-20T18:03:49.841,1784559829.842,94.903,-8.299072e-03,3.707104e-03,-2.270508e-02,2.929688e-03,2000,0,-1.659814e-04
2026-07-20T18:03:49.941,1784559829.942,95.003,-8.692261e-03,3.864333e-03,-2.124023e-02,2.929688e-03,2000,0,-1.738452e-04
2026-07-20T18:03:50.041,1784559830.042,95.103,-8.578491e-03,3.858523e-03,-2.343750e-02,3.906250e-03,2000,0,-1.715698e-04
2026-07-20T18:03:50.141,1784559830.142,95.203,-8.445923e-03,3.848372e-03,-2.270508e-02,2.685547e-03,2000,0,-1.689185e-04
2026-07-20T18:03:50.241,1784559830.242,95.303,-8.591187e-03,3.977287e-03,-2.490234e-02,3.173828e-03,2000,0,-1.718237e-04
2026-07-20T18:03:50.341,1784559830.342,95.403,-8.697632e-03,4.060502e-03,-2.368164e-02,3.173828e-03,2000,0,-1.739526e-04
2026-07-20T18:03:50.444,1784559830.444,95.503,-8.711914e-03,3.873783e-03,-2.465820e-02,2.441406e-03,2000,0,-1.742383e-04
2026-07-20T18:03:50.541,1784559830.542,95.603,-8.824707e-03,4.038205e-03,-2.075195e-02,2.197266e-03,2000,0,-1.764941e-04
2026-07-20T18:03:50.641,1784559830.642,95.703,-9.006226e-03,3.914392e-03,-2.197266e-02,2.685547e-03,2000,0,-1.801245e-04
2026-07-20T18:03:50.741,1784559830.742,95.803,-8.734497e-03,4.084747e-03,-2.416992e-02,2.685547e-03,2000,0,-1.746899e-04
2026-07-20T18:03:50.841,1784559830.842,95.903,-9.127563e-03,4.049837e-03,-2.465820e-02,1.464844e-03,2000,0,-1.825513e-04
2026-07-20T18:03:50.941,1784559830.942,96.003,-9.107056e-03,4.189463e-03,-2.490234e-02,2.197266e-03,2000,0,-1.821411e-04
2026-07-20T18:03:51.041,1784559831.042,96.103,-8.869629e-03,4.025005e-03,-2.294922e-02,6.103516e-03,2000,0,-1.773926e-04
2026-07-20T18:03:51.141,1784559831.142,96.203,-8.777466e-03,4.191278e-03,-2.294922e-02,5.615234e-03,2000,0,-1.755493e-04
2026-07-20T18:03:51.241,1784559831.242,96.303,-9.175415e-03,4.053956e-03,-2.148438e-02,9.765625e-04,2000,0,-1.835083e-04
2026-07-20T18:03:51.341,1784559831.342,96.403,-8.972656e-03,4.121051e-03,-2.343750e-02,1.464844e-03,2000,0,-1.794531e-04
2026-07-20T18:03:51.441,1784559831.442,96.503,-9.317261e-03,4.101430e-03,-2.294922e-02,4.882812e-03,2000,0,-1.863452e-04
2026-07-20T18:03:51.541,1784559831.542,96.603,-9.160889e-03,4.128738e-03,-2.221680e-02,3.173828e-03,2000,0,-1.832178e-04
2026-07-20T18:03:51.641,1784559831.642,96.703,-9.157837e-03,3.960145e-03,-2.026367e-02,1.708984e-03,2000,0,-1.831567e-04
2026-07-20T18:03:51.741,1784559831.742,96.803,-9.297852e-03,3.988125e-03,-2.172852e-02,8.544922e-03,2000,0,-1.859570e-04
2026-07-20T18:03:51.841,1784559831.842,96.903,-9.562012e-03,4.008403e-03,-2.246094e-02,1.953125e-03,2000,0,-1.912402e-04
2026-07-20T18:03:51.941,1784559831.942,97.003,-9.176147e-03,3.735461e-03,-2.343750e-02,4.150391e-03,2000,0,-1.835229e-04
2026-07-20T18:03:52.041,1784559832.042,97.103,-9.092041e-03,3.798791e-03,-2.075195e-02,3.173828e-03,2000,0,-1.818408e-04
2026-07-20T18:03:52.141,1784559832.142,97.203,-9.303589e-03,3.577922e-03,-2.172852e-02,5.859375e-03,2000,0,-1.860718e-04
2026-07-20T18:03:52.241,1784559832.242,97.303,-9.086060e-03,3.771776e-03,-2.050781e-02,3.662109e-03,2000,0,-1.817212e-04
2026-07-20T18:03:52.341,1784559832.342,97.403,-9.104858e-03,3.509451e-03,-2.075195e-02,3.173828e-03,2000,0,-1.820972e-04
2026-07-20T18:03:52.441,1784559832.442,97.503,-9.185303e-03,3.551519e-03,-1.904297e-02,1.220703e-03,2000,0,-1.837061e-04
2026-07-20T18:03:52.541,1784559832.542,97.603,-9.047852e-03,3.694521e-03,-2.075195e-02,4.150391e-03,2000,0,-1.809570e-04
2026-07-20T18:03:52.643,1784559832.644,97.703,-9.141113e-03,3.491225e-03,-2.099609e-02,2.197266e-03,2000,0,-1.828223e-04
2026-07-20T18:03:52.743,1784559832.744,97.803,-9.102905e-03,3.408652e-03,-2.001953e-02,4.882812e-03,2000,0,-1.820581e-04
2026-07-20T18:03:52.841,1784559832.842,97.903,-9.146118e-03,3.460392e-03,-1.928711e-02,4.882812e-03,2000,0,-1.829224e-04
2026-07-20T18:03:52.943,1784559832.944,98.003,-8.980103e-03,3.578848e-03,-1.904297e-02,2.929688e-03,2000,0,-1.796021e-04
2026-07-20T18:03:53.043,1784559833.044,98.103,-9.043701e-03,3.393969e-03,-1.953125e-02,1.220703e-03,2000,0,-1.808740e-04
2026-07-20T18:03:53.141,1784559833.142,98.203,-9.158813e-03,3.421270e-03,-1.928711e-02,1.220703e-03,2000,0,-1.831763e-04
2026-07-20T18:03:53.243,1784559833.244,98.303,-8.884399e-03,3.443205e-03,-2.050781e-02,1.464844e-03,2000,0,-1.776880e-04
2026-07-20T18:03:53.343,1784559833.344,98.403,-9.074829e-03,3.493519e-03,-2.050781e-02,2.685547e-03,2000,0,-1.814966e-04
2026-07-20T18:03:53.441,1784559833.441,98.503,-9.430054e-03,3.537818e-03,-2.075195e-02,1.953125e-03,2000,0,-1.886011e-04
2026-07-20T18:03:53.543,1784559833.544,98.603,-8.737427e-03,3.429813e-03,-2.172852e-02,4.882812e-04,2000,0,-1.747485e-04
2026-07-20T18:03:53.643,1784559833.644,98.703,-9.221680e-03,3.419277e-03,-2.124023e-02,1.953125e-03,2000,0,-1.844336e-04
2026-07-20T18:03:53.744,1784559833.744,98.803,-9.117554e-03,3.364309e-03,-2.026367e-02,2.441406e-03,2000,0,-1.823511e-04
2026-07-20T18:03:53.841,1784559833.842,98.903,-8.894287e-03,3.491034e-03,-2.050781e-02,3.173828e-03,2000,0,-1.778857e-04
2026-07-20T18:03:53.943,1784559833.943,99.003,-9.543457e-03,3.326248e-03,-2.001953e-02,3.662109e-03,2000,0,-1.908691e-04
2026-07-20T18:03:54.041,1784559834.042,99.103,-9.391968e-03,3.434349e-03,-2.099609e-02,1.708984e-03,2000,0,-1.878394e-04
2026-07-20T18:03:54.143,1784559834.144,99.203,-9.537354e-03,3.532739e-03,-2.343750e-02,3.662109e-03,2000,0,-1.907471e-04
2026-07-20T18:03:54.243,1784559834.243,99.303,-9.417480e-03,3.387899e-03,-2.172852e-02,4.638672e-03,2000,0,-1.883496e-04
2026-07-20T18:03:54.341,1784559834.342,99.403,-8.612549e-03,3.654299e-03,-2.294922e-02,3.662109e-03,2000,0,-1.722510e-04
2026-07-20T18:03:54.443,1784559834.443,99.503,-8.704712e-03,3.461008e-03,-1.953125e-02,3.417969e-03,2000,0,-1.740942e-04
2026-07-20T18:03:54.543,1784559834.544,99.603,-9.061401e-03,3.529485e-03,-2.636719e-02,3.906250e-03,2000,0,-1.812280e-04
2026-07-20T18:03:54.641,1784559834.642,99.703,-9.444946e-03,3.445820e-03,-2.026367e-02,1.220703e-03,2000,0,-1.888989e-04
2026-07-20T18:03:54.743,1784559834.744,99.803,-9.109619e-03,3.577164e-03,-1.953125e-02,2.441406e-03,2000,0,-1.821924e-04
2026-07-20T18:03:54.843,1784559834.844,99.903,-8.903198e-03,3.521181e-03,-2.563477e-02,3.417969e-03,2000,0,-1.780640e-04
2026-07-20T18:03:54.941,1784559834.942,100.003,-8.795410e-03,3.641833e-03,-2.075195e-02,3.417969e-03,2000,0,-1.759082e-04
2026-07-20T18:03:55.043,1784559835.044,100.103,-9.261719e-03,3.488640e-03,-2.465820e-02,4.638672e-03,2000,0,-1.852344e-04
2026-07-20T18:03:55.143,1784559835.143,100.203,-9.370483e-03,3.512258e-03,-2.124023e-02,1.220703e-03,2000,0,-1.874097e-04
2026-07-20T18:03:55.241,1784559835.241,100.303,-9.095947e-03,3.441482e-03,-1.953125e-02,2.685547e-03,2000,0,-1.819189e-04
2026-07-20T18:03:55.341,1784559835.341,100.403,-9.319458e-03,3.290448e-03,-2.050781e-02,2.929688e-03,2000,0,-1.863892e-04
2026-07-20T18:03:55.443,1784559835.444,100.503,-9.223389e-03,3.257207e-03,-1.953125e-02,4.638672e-03,2000,0,-1.844678e-04
2026-07-20T18:03:55.541,1784559835.541,100.603,-9.077759e-03,3.350942e-03,-2.270508e-02,1.220703e-03,2000,0,-1.815552e-04
2026-07-20T18:03:55.643,1784559835.643,100.703,-8.938232e-03,3.290792e-03,-1.879883e-02,1.708984e-03,2000,0,-1.787646e-04
2026-07-20T18:03:55.743,1784559835.743,100.803,-9.274902e-03,3.301147e-03,-1.977539e-02,1.708984e-03,2000,0,-1.854980e-04
2026-07-20T18:03:55.841,1784559835.841,100.903,-8.351196e-03,3.383113e-03,-2.441406e-02,3.173828e-03,2000,0,-1.670239e-04
2026-07-20T18:03:55.943,1784559835.943,101.003,-8.706909e-03,3.168248e-03,-2.026367e-02,6.835938e-03,2000,0,-1.741382e-04
2026-07-20T18:03:56.043,1784559836.043,101.103,-9.288208e-03,3.262860e-03,-2.050781e-02,2.685547e-03,2000,0,-1.857642e-04
2026-07-20T18:03:56.141,1784559836.141,101.203,-9.100098e-03,3.218343e-03,-2.612305e-02,2.685547e-03,2000,0,-1.820020e-04
2026-07-20T18:03:56.243,1784559836.244,101.303,-9.092407e-03,3.219156e-03,-2.148438e-02,2.197266e-03,2000,0,-1.818481e-04
2026-07-20T18:03:56.341,1784559836.341,101.403,-9.251953e-03,3.355901e-03,-1.855469e-02,6.835938e-03,2000,0,-1.850391e-04
2026-07-20T18:03:56.441,1784559836.442,101.503,-8.845093e-03,3.062810e-03,-1.806641e-02,1.464844e-03,2000,0,-1.769019e-04
2026-07-20T18:03:56.543,1784559836.543,101.603,-8.661011e-03,3.207383e-03,-1.928711e-02,1.708984e-03,2000,0,-1.732202e-04
2026-07-20T18:03:56.643,1784559836.643,101.703,-9.116089e-03,3.354187e-03,-2.026367e-02,2.929688e-03,2000,0,-1.823218e-04
2026-07-20T18:03:56.741,1784559836.741,101.803,-8.426270e-03,3.303529e-03,-2.099609e-02,3.417969e-03,2000,0,-1.685254e-04
2026-07-20T18:03:56.843,1784559836.843,101.903,-8.853027e-03,3.205255e-03,-1.928711e-02,2.685547e-03,2000,0,-1.770605e-04
2026-07-20T18:03:56.943,1784559836.943,102.003,-8.794922e-03,3.230087e-03,-2.075195e-02,2.685547e-03,2000,0,-1.758984e-04
2026-07-20T18:03:57.043,1784559837.044,102.103,-8.799927e-03,3.175204e-03,-2.465820e-02,5.859375e-03,2000,0,-1.759985e-04
2026-07-20T18:03:57.143,1784559837.143,102.203,-8.509888e-03,3.173029e-03,-2.075195e-02,1.464844e-03,2000,0,-1.701978e-04
2026-07-20T18:03:57.243,1784559837.243,102.303,-8.381470e-03,3.273900e-03,-1.879883e-02,3.417969e-03,2000,0,-1.676294e-04
2026-07-20T18:03:57.344,1784559837.344,102.403,-8.213989e-03,3.181332e-03,-2.026367e-02,3.173828e-03,2000,0,-1.642798e-04
2026-07-20T18:03:57.441,1784559837.441,102.503,-8.624512e-03,3.095658e-03,-2.001953e-02,5.859375e-03,2000,0,-1.724902e-04
2026-07-20T18:03:57.541,1784559837.541,102.603,-8.399170e-03,3.054516e-03,-1.904297e-02,1.464844e-03,2000,0,-1.679834e-04
2026-07-20T18:03:57.641,1784559837.641,102.703,-8.215332e-03,3.016925e-03,-1.855469e-02,9.765625e-04,2000,0,-1.643066e-04
2026-07-20T18:03:57.743,1784559837.743,102.803,-8.314819e-03,3.110578e-03,-1.806641e-02,9.765625e-04,2000,0,-1.662964e-04
2026-07-20T18:03:57.843,1784559837.843,102.903,-8.847046e-03,2.902226e-03,-1.831055e-02,4.882812e-04,2000,0,-1.769409e-04
2026-07-20T18:03:57.941,1784559837.941,103.003,-8.554687e-03,2.957463e-03,-1.806641e-02,1.464844e-03,2000,0,-1.710937e-04
2026-07-20T18:03:58.041,1784559838.041,103.103,-8.832275e-03,2.925480e-03,-2.099609e-02,2.197266e-03,2000,0,-1.766455e-04
2026-07-20T18:03:58.143,1784559838.143,103.203,-8.704834e-03,2.768774e-03,-1.684570e-02,3.906250e-03,2000,0,-1.740967e-04
2026-07-20T18:03:58.241,1784559838.241,103.303,-8.246338e-03,2.837837e-03,-1.855469e-02,2.685547e-03,2000,0,-1.649268e-04
2026-07-20T18:03:58.343,1784559838.343,103.403,-8.386719e-03,2.740288e-03,-1.855469e-02,1.953125e-03,2000,0,-1.677344e-04
2026-07-20T18:03:58.443,1784559838.444,103.503,-8.032471e-03,2.561199e-03,-1.586914e-02,1.708984e-03,2000,0,-1.606494e-04
2026-07-20T18:03:58.543,1784559838.543,103.603,-8.602051e-03,2.717629e-03,-1.928711e-02,2.929688e-03,2000,0,-1.720410e-04
2026-07-20T18:03:58.641,1784559838.641,103.703,-8.370361e-03,2.603331e-03,-1.806641e-02,1.464844e-03,2000,0,-1.674072e-04
2026-07-20T18:03:58.741,1784559838.741,103.803,-8.814697e-03,2.687965e-03,-1.928711e-02,9.765625e-04,2000,0,-1.762939e-04
2026-07-20T18:03:58.843,1784559838.844,103.903,-8.194214e-03,2.506980e-03,-1.611328e-02,2.441406e-04,2000,0,-1.638843e-04
2026-07-20T18:03:58.941,1784559838.942,104.003,-8.481567e-03,2.547946e-03,-1.831055e-02,-4.882812e-04,2000,0,-1.696313e-04
2026-07-20T18:03:59.043,1784559839.044,104.103,-8.495483e-03,2.601163e-03,-1.806641e-02,4.882812e-04,2000,0,-1.699097e-04
2026-07-20T18:03:59.143,1784559839.144,104.203,-8.734131e-03,2.614088e-03,-1.831055e-02,1.220703e-03,2000,0,-1.746826e-04
2026-07-20T18:03:59.241,1784559839.241,104.303,-8.460327e-03,2.578955e-03,-1.660156e-02,9.521484e-03,2000,0,-1.692065e-04
2026-07-20T18:03:59.341,1784559839.341,104.403,-8.323120e-03,2.583997e-03,-1.660156e-02,9.765625e-04,2000,0,-1.664624e-04
2026-07-20T18:03:59.441,1784559839.442,104.503,-8.040649e-03,2.585612e-03,-1.586914e-02,2.441406e-03,2000,0,-1.608130e-04
2026-07-20T18:03:59.543,1784559839.544,104.603,-8.195190e-03,2.633184e-03,-1.684570e-02,-4.882812e-04,2000,0,-1.639038e-04
2026-07-20T18:03:59.643,1784559839.643,104.703,-8.411011e-03,2.632960e-03,-1.660156e-02,4.882812e-04,2000,0,-1.682202e-04
2026-07-20T18:03:59.741,1784559839.742,104.803,-7.740112e-03,2.769846e-03,-2.221680e-02,5.859375e-03,2000,0,-1.548022e-04
2026-07-20T18:03:59.841,1784559839.841,104.903,-8.280396e-03,2.705785e-03,-1.831055e-02,9.765625e-04,2000,0,-1.656079e-04
2026-07-20T18:03:59.941,1784559839.941,105.003,-7.848999e-03,2.843742e-03,-1.904297e-02,3.906250e-03,2000,0,-1.569800e-04
2026-07-20T18:04:00.041,1784559840.041,105.103,-8.677368e-03,2.855205e-03,-1.879883e-02,1.464844e-03,2000,0,-1.735474e-04
2026-07-20T18:04:00.141,1784559840.141,105.203,-8.434814e-03,2.816441e-03,-2.026367e-02,7.324219e-04,2000,0,-1.686963e-04
2026-07-20T18:04:00.241,1784559840.241,105.303,-8.247559e-03,2.885154e-03,-1.928711e-02,1.220703e-03,2000,0,-1.649512e-04
2026-07-20T18:04:00.344,1784559840.344,105.403,-8.168457e-03,2.976616e-03,-2.319336e-02,1.098633e-02,2000,0,-1.633691e-04
2026-07-20T18:04:00.441,1784559840.442,105.503,-7.631592e-03,2.969747e-03,-1.879883e-02,3.662109e-03,2000,0,-1.526318e-04
2026-07-20T18:04:00.541,1784559840.542,105.603,-8.151489e-03,2.946248e-03,-1.928711e-02,1.464844e-03,2000,0,-1.630298e-04
2026-07-20T18:04:00.641,1784559840.641,105.703,-7.980469e-03,3.057413e-03,-1.977539e-02,4.882812e-04,2000,0,-1.596094e-04
2026-07-20T18:04:00.743,1784559840.744,105.803,-8.073730e-03,2.879143e-03,-1.733398e-02,3.662109e-03,2000,0,-1.614746e-04
2026-07-20T18:04:00.841,1784559840.841,105.903,-7.575317e-03,3.064434e-03,-2.075195e-02,4.150391e-03,2000,0,-1.515063e-04
2026-07-20T18:04:00.943,1784559840.944,106.003,-8.197266e-03,3.048702e-03,-1.708984e-02,1.220703e-03,2000,0,-1.639453e-04
2026-07-20T18:04:01.043,1784559841.044,106.103,-8.026611e-03,3.044698e-03,-1.684570e-02,4.394531e-03,2000,0,-1.605322e-04
2026-07-20T18:04:01.143,1784559841.144,106.203,-7.817261e-03,3.132640e-03,-1.782227e-02,1.220703e-03,2000,0,-1.563452e-04
2026-07-20T18:04:01.243,1784559841.244,106.303,-7.493286e-03,3.005409e-03,-1.782227e-02,2.441406e-03,2000,0,-1.498657e-04
2026-07-20T18:04:01.343,1784559841.343,106.403,-7.497437e-03,3.107174e-03,-1.831055e-02,7.324219e-03,2000,0,-1.499487e-04
2026-07-20T18:04:01.441,1784559841.442,106.503,-6.938965e-03,3.037083e-03,-1.733398e-02,6.835938e-03,2000,0,-1.387793e-04
2026-07-20T18:04:01.541,1784559841.542,106.603,-7.480713e-03,3.132716e-03,-1.708984e-02,1.953125e-03,2000,0,-1.496143e-04
2026-07-20T18:04:01.643,1784559841.644,106.703,-7.850830e-03,3.074140e-03,-1.928711e-02,1.464844e-03,2000,0,-1.570166e-04
2026-07-20T18:04:01.743,1784559841.744,106.803,-7.522217e-03,3.106696e-03,-1.782227e-02,1.464844e-03,2000,0,-1.504443e-04
2026-07-20T18:04:01.843,1784559841.844,106.903,-8.073608e-03,3.172144e-03,-1.904297e-02,2.197266e-03,2000,0,-1.614722e-04
2026-07-20T18:04:01.941,1784559841.942,107.003,-7.385864e-03,3.135413e-03,-1.757812e-02,3.906250e-03,2000,0,-1.477173e-04
2026-07-20T18:04:02.041,1784559842.042,107.103,-7.187500e-03,3.046689e-03,-1.562500e-02,4.150391e-03,2000,0,-1.437500e-04
2026-07-20T18:04:02.143,1784559842.144,107.203,-7.011475e-03,3.227840e-03,-2.392578e-02,1.708984e-03,2000,0,-1.402295e-04
2026-07-20T18:04:02.241,1784559842.242,107.303,-6.573730e-03,3.251918e-03,-1.611328e-02,3.906250e-03,2000,0,-1.314746e-04
2026-07-20T18:04:02.341,1784559842.342,107.403,-7.183228e-03,3.108707e-03,-1.757812e-02,2.197266e-03,2000,0,-1.436646e-04
2026-07-20T18:04:02.443,1784559842.444,107.503,-7.549805e-03,3.294336e-03,-2.026367e-02,4.150391e-03,2000,0,-1.509961e-04
2026-07-20T18:04:02.541,1784559842.542,107.603,-7.657471e-03,3.351756e-03,-1.831055e-02,1.708984e-03,2000,0,-1.531494e-04
2026-07-20T18:04:02.641,1784559842.642,107.703,-7.198242e-03,3.358578e-03,-1.782227e-02,2.929688e-03,2000,0,-1.439648e-04
2026-07-20T18:04:02.743,1784559842.744,107.803,-7.662720e-03,3.440747e-03,-1.782227e-02,3.417969e-03,2000,0,-1.532544e-04
2026-07-20T18:04:02.843,1784559842.844,107.903,-7.402100e-03,3.379847e-03,-1.757812e-02,3.906250e-03,2000,0,-1.480420e-04
2026-07-20T18:04:02.941,1784559842.942,108.003,-7.275391e-03,3.530327e-03,-1.977539e-02,4.150391e-03,2000,0,-1.455078e-04
2026-07-20T18:04:03.043,1784559843.044,108.103,-6.938965e-03,3.598958e-03,-1.708984e-02,3.662109e-03,2000,0,-1.387793e-04
2026-07-20T18:04:03.143,1784559843.144,108.203,-7.208740e-03,3.601486e-03,-1.904297e-02,3.417969e-03,2000,0,-1.441748e-04
2026-07-20T18:04:03.241,1784559843.242,108.303,-7.319214e-03,3.700185e-03,-1.904297e-02,7.812500e-03,2000,0,-1.463843e-04
2026-07-20T18:04:03.343,1784559843.344,108.403,-6.810913e-03,3.838524e-03,-1.806641e-02,5.126953e-03,2000,0,-1.362183e-04
2026-07-20T18:04:03.441,1784559843.442,108.503,-6.874512e-03,4.004681e-03,-2.050781e-02,6.835938e-03,2000,0,-1.374902e-04
2026-07-20T18:04:03.541,1784559843.542,108.603,-7.151489e-03,3.928214e-03,-2.294922e-02,5.126953e-03,2000,0,-1.430298e-04
2026-07-20T18:04:03.641,1784559843.642,108.703,-7.265137e-03,3.945659e-03,-1.928711e-02,8.544922e-03,2000,0,-1.453027e-04
2026-07-20T18:04:03.743,1784559843.744,108.803,-7.479980e-03,3.954791e-03,-2.050781e-02,6.591797e-03,2000,0,-1.495996e-04
2026-07-20T18:04:03.841,1784559843.842,108.903,-7.193115e-03,4.143769e-03,-1.757812e-02,8.300781e-03,2000,0,-1.438623e-04
2026-07-20T18:04:03.941,1784559843.942,109.003,-7.327393e-03,3.979281e-03,-1.977539e-02,5.615234e-03,2000,0,-1.465479e-04
2026-07-20T18:04:04.043,1784559844.043,109.103,-7.598145e-03,3.964600e-03,-2.001953e-02,6.347656e-03,2000,0,-1.519629e-04
2026-07-20T18:04:04.141,1784559844.142,109.203,-7.230591e-03,3.891501e-03,-2.050781e-02,6.835938e-03,2000,0,-1.446118e-04
2026-07-20T18:04:04.244,1784559844.244,109.303,-7.085083e-03,4.020879e-03,-2.001953e-02,7.080078e-03,2000,0,-1.417017e-04
2026-07-20T18:04:04.343,1784559844.344,109.403,-6.991577e-03,4.161736e-03,-1.757812e-02,1.074219e-02,2000,0,-1.398315e-04
2026-07-20T18:04:04.441,1784559844.442,109.503,-6.828979e-03,4.034550e-03,-1.879883e-02,9.521484e-03,2000,0,-1.365796e-04
2026-07-20T18:04:04.541,1784559844.542,109.603,-6.997314e-03,3.980683e-03,-1.855469e-02,8.056641e-03,2000,0,-1.399463e-04
2026-07-20T18:04:04.643,1784559844.644,109.703,-7.262695e-03,3.791367e-03,-1.879883e-02,7.324219e-03,2000,0,-1.452539e-04
2026-07-20T18:04:04.741,1784559844.742,109.803,-6.576416e-03,3.754451e-03,-1.782227e-02,7.812500e-03,2000,0,-1.315283e-04
2026-07-20T18:04:04.841,1784559844.842,109.903,-7.060303e-03,3.884449e-03,-1.904297e-02,6.835938e-03,2000,0,-1.412061e-04
2026-07-20T18:04:04.943,1784559844.944,110.003,-6.925415e-03,3.858922e-03,-1.733398e-02,6.835938e-03,2000,0,-1.385083e-04
2026-07-20T18:04:05.043,1784559845.043,110.103,-7.325073e-03,3.768961e-03,-1.782227e-02,5.126953e-03,2000,0,-1.465015e-04
2026-07-20T18:04:05.143,1784559845.144,110.203,-7.191528e-03,3.707234e-03,-2.026367e-02,6.103516e-03,2000,0,-1.438306e-04
2026-07-20T18:04:05.241,1784559845.242,110.303,-7.390503e-03,3.687960e-03,-1.904297e-02,8.056641e-03,2000,0,-1.478101e-04
2026-07-20T18:04:05.341,1784559845.341,110.403,-7.615967e-03,3.731560e-03,-1.757812e-02,8.056641e-03,2000,0,-1.523193e-04
2026-07-20T18:04:05.441,1784559845.442,110.503,-6.918945e-03,3.624822e-03,-1.782227e-02,4.638672e-03,2000,0,-1.383789e-04
2026-07-20T18:04:05.543,1784559845.544,110.603,-7.270996e-03,3.551684e-03,-1.879883e-02,8.300781e-03,2000,0,-1.454199e-04
2026-07-20T18:04:05.643,1784559845.644,110.703,-6.882202e-03,3.315728e-03,-1.757812e-02,1.000977e-02,2000,0,-1.376440e-04
2026-07-20T18:04:05.743,1784559845.744,110.803,-7.022705e-03,3.380486e-03,-1.782227e-02,1.196289e-02,2000,0,-1.404541e-04
2026-07-20T18:04:05.841,1784559845.842,110.903,-6.881226e-03,3.346393e-03,-1.708984e-02,5.126953e-03,2000,0,-1.376245e-04
2026-07-20T18:04:05.943,1784559845.944,111.003,-6.406006e-03,3.357203e-03,-1.855469e-02,5.126953e-03,2000,0,-1.281201e-04
2026-07-20T18:04:06.041,1784559846.042,111.103,-6.469604e-03,3.234896e-03,-1.782227e-02,4.394531e-03,2000,0,-1.293921e-04
2026-07-20T18:04:06.143,1784559846.144,111.203,-6.715576e-03,3.153225e-03,-1.757812e-02,2.441406e-03,2000,0,-1.343115e-04
2026-07-20T18:04:06.243,1784559846.244,111.303,-6.683228e-03,3.225894e-03,-1.904297e-02,5.371094e-03,2000,0,-1.336646e-04
2026-07-20T18:04:06.343,1784559846.344,111.403,-6.777588e-03,3.184748e-03,-1.733398e-02,7.568359e-03,2000,0,-1.355518e-04
2026-07-20T18:04:06.443,1784559846.444,111.503,-7.047607e-03,3.183226e-03,-1.782227e-02,5.615234e-03,2000,0,-1.409521e-04
2026-07-20T18:04:06.544,1784559846.544,111.603,-6.732056e-03,3.257923e-03,-1.782227e-02,4.394531e-03,2000,0,-1.346411e-04
2026-07-20T18:04:06.641,1784559846.642,111.703,-7.584595e-03,3.333732e-03,-1.879883e-02,5.126953e-03,2000,0,-1.516919e-04
2026-07-20T18:04:06.743,1784559846.744,111.803,-7.451904e-03,3.057909e-03,-1.831055e-02,1.000977e-02,2000,0,-1.490381e-04
2026-07-20T18:04:06.841,1784559846.842,111.903,-6.816162e-03,3.226339e-03,-1.562500e-02,7.812500e-03,2000,0,-1.363232e-04
2026-07-20T18:04:06.941,1784559846.942,112.003,-6.792969e-03,3.311928e-03,-1.757812e-02,7.324219e-03,2000,0,-1.358594e-04
2026-07-20T18:04:07.043,1784559847.044,112.103,-6.657837e-03,3.413810e-03,-1.855469e-02,9.765625e-03,2000,0,-1.331567e-04
2026-07-20T18:04:07.143,1784559847.144,112.203,-6.413818e-03,3.279860e-03,-1.513672e-02,5.126953e-03,2000,0,-1.282764e-04
2026-07-20T18:04:07.241,1784559847.242,112.303,-6.630249e-03,3.331421e-03,-1.586914e-02,5.615234e-03,2000,0,-1.326050e-04
2026-07-20T18:04:07.341,1784559847.342,112.403,-6.753418e-03,3.482268e-03,-1.831055e-02,6.103516e-03,2000,0,-1.350684e-04
2026-07-20T18:04:07.441,1784559847.442,112.503,-6.220337e-03,3.398930e-03,-1.660156e-02,7.324219e-03,2000,0,-1.244067e-04
2026-07-20T18:04:07.541,1784559847.542,112.603,-6.580322e-03,3.546094e-03,-1.904297e-02,5.615234e-03,2000,0,-1.316064e-04
2026-07-20T18:04:07.643,1784559847.644,112.703,-6.591309e-03,3.456845e-03,-1.733398e-02,4.882812e-03,2000,0,-1.318262e-04
2026-07-20T18:04:07.741,1784559847.742,112.803,-6.695679e-03,3.376576e-03,-1.562500e-02,4.394531e-03,2000,0,-1.339136e-04
2026-07-20T18:04:07.841,1784559847.842,112.903,-6.749634e-03,3.371551e-03,-1.757812e-02,8.789062e-03,2000,0,-1.349927e-04
2026-07-20T18:04:07.943,1784559847.944,113.003,-6.894043e-03,3.397648e-03,-1.904297e-02,3.906250e-03,2000,0,-1.378809e-04
2026-07-20T18:04:08.041,1784559848.042,113.103,-6.421143e-03,3.373308e-03,-1.757812e-02,5.615234e-03,2000,0,-1.284229e-04
2026-07-20T18:04:08.144,1784559848.144,113.203,-7.275391e-03,3.360532e-03,-1.733398e-02,5.126953e-03,2000,0,-1.455078e-04
2026-07-20T18:04:08.241,1784559848.242,113.303,-7.315796e-03,3.312731e-03,-1.733398e-02,8.544922e-03,2000,0,-1.463159e-04
2026-07-20T18:04:08.341,1784559848.342,113.403,-7.604370e-03,3.314642e-03,-1.757812e-02,2.441406e-03,2000,0,-1.520874e-04
2026-07-20T18:04:08.444,1784559848.444,113.503,-6.919556e-03,3.222538e-03,-1.733398e-02,3.906250e-03,2000,0,-1.383911e-04
2026-07-20T18:04:08.543,1784559848.544,113.603,-7.160767e-03,3.256449e-03,-2.001953e-02,2.685547e-03,2000,0,-1.432153e-04
2026-07-20T18:04:08.641,1784559848.642,113.703,-7.078247e-03,3.132796e-03,-1.831055e-02,3.906250e-03,2000,0,-1.415649e-04
2026-07-20T18:04:08.741,1784559848.742,113.803,-6.951294e-03,3.222316e-03,-2.148438e-02,5.126953e-03,2000,0,-1.390259e-04
2026-07-20T18:04:08.843,1784559848.844,113.903,-6.921387e-03,3.341656e-03,-1.831055e-02,6.103516e-03,2000,0,-1.384277e-04
2026-07-20T18:04:08.941,1784559848.942,114.003,-7.082031e-03,3.304738e-03,-1.977539e-02,5.371094e-03,2000,0,-1.416406e-04
2026-07-20T18:04:09.041,1784559849.042,114.103,-7.493530e-03,3.300151e-03,-1.928711e-02,2.929688e-03,2000,0,-1.498706e-04
2026-07-20T18:04:09.143,1784559849.144,114.203,-6.963135e-03,3.401840e-03,-2.075195e-02,2.685547e-03,2000,0,-1.392627e-04
2026-07-20T18:04:09.241,1784559849.242,114.303,-6.865112e-03,3.314862e-03,-1.708984e-02,3.662109e-03,2000,0,-1.373022e-04
2026-07-20T18:04:09.341,1784559849.342,114.403,-6.784180e-03,3.371272e-03,-1.757812e-02,2.441406e-03,2000,0,-1.356836e-04
2026-07-20T18:04:09.443,1784559849.444,114.503,-7.112671e-03,3.468556e-03,-1.831055e-02,5.859375e-03,2000,0,-1.422534e-04
2026-07-20T18:04:09.541,1784559849.542,114.603,-6.727539e-03,3.496686e-03,-2.026367e-02,3.662109e-03,2000,0,-1.345508e-04
2026-07-20T18:04:09.641,1784559849.642,114.703,-6.663940e-03,3.334019e-03,-2.050781e-02,3.173828e-03,2000,0,-1.332788e-04
2026-07-20T18:04:09.741,1784559849.742,114.803,-7.142578e-03,3.402680e-03,-2.172852e-02,4.394531e-03,2000,0,-1.428516e-04
2026-07-20T18:04:09.841,1784559849.842,114.903,-6.649902e-03,3.427497e-03,-1.928711e-02,9.521484e-03,2000,0,-1.329980e-04
2026-07-20T18:04:09.944,1784559849.944,115.003,-7.269409e-03,3.384718e-03,-1.879883e-02,3.906250e-03,2000,0,-1.453882e-04
2026-07-20T18:04:10.041,1784559850.042,115.103,-7.168213e-03,3.290266e-03,-1.684570e-02,5.371094e-03,2000,0,-1.433643e-04
2026-07-20T18:04:10.143,1784559850.143,115.203,-6.778076e-03,3.420059e-03,-1.708984e-02,4.882812e-03,2000,0,-1.355615e-04
2026-07-20T18:04:10.243,1784559850.244,115.303,-6.990112e-03,3.293354e-03,-1.855469e-02,2.929688e-03,2000,0,-1.398022e-04
2026-07-20T18:04:10.341,1784559850.342,115.403,-6.811035e-03,3.140313e-03,-1.708984e-02,3.173828e-03,2000,0,-1.362207e-04
2026-07-20T18:04:10.443,1784559850.444,115.503,-6.829956e-03,3.122843e-03,-1.977539e-02,2.929688e-03,2000,0,-1.365991e-04
2026-07-20T18:04:10.544,1784559850.544,115.603,-7.181763e-03,3.149083e-03,-1.757812e-02,5.371094e-03,2000,0,-1.436353e-04
2026-07-20T18:04:10.643,1784559850.644,115.703,-7.535034e-03,3.101901e-03,-1.684570e-02,3.662109e-03,2000,0,-1.507007e-04
2026-07-20T18:04:10.741,1784559850.742,115.803,-7.154175e-03,3.020597e-03,-1.831055e-02,1.953125e-03,2000,0,-1.430835e-04
2026-07-20T18:04:10.841,1784559850.842,115.903,-7.201782e-03,3.150625e-03,-1.977539e-02,3.662109e-03,2000,0,-1.440356e-04
2026-07-20T18:04:10.943,1784559850.944,116.003,-6.971924e-03,3.177186e-03,-1.757812e-02,7.568359e-03,2000,0,-1.394385e-04
2026-07-20T18:04:11.043,1784559851.044,116.103,-7.331665e-03,3.244817e-03,-1.611328e-02,4.882812e-03,2000,0,-1.466333e-04
2026-07-20T18:04:11.143,1784559851.144,116.203,-7.758179e-03,3.241044e-03,-1.757812e-02,2.685547e-03,2000,0,-1.551636e-04
2026-07-20T18:04:11.241,1784559851.242,116.303,-7.451782e-03,3.215245e-03,-1.806641e-02,2.685547e-03,2000,0,-1.490356e-04
2026-07-20T18:04:11.343,1784559851.344,116.403,-7.146973e-03,3.187582e-03,-1.635742e-02,1.708984e-03,2000,0,-1.429395e-04
2026-07-20T18:04:11.441,1784559851.442,116.503,-6.695068e-03,3.343979e-03,-1.806641e-02,6.103516e-03,2000,0,-1.339014e-04
2026-07-20T18:04:11.543,1784559851.544,116.603,-6.951538e-03,3.281293e-03,-1.733398e-02,6.835938e-03,2000,0,-1.390308e-04
2026-07-20T18:04:11.641,1784559851.642,116.703,-6.866333e-03,3.199891e-03,-1.660156e-02,3.173828e-03,2000,0,-1.373267e-04
2026-07-20T18:04:11.741,1784559851.742,116.803,-6.772095e-03,3.294688e-03,-1.733398e-02,4.882812e-03,2000,0,-1.354419e-04
2026-07-20T18:04:11.843,1784559851.844,116.903,-7.098755e-03,3.334193e-03,-2.197266e-02,2.441406e-03,2000,0,-1.419751e-04
2026-07-20T18:04:11.941,1784559851.942,117.003,-6.984497e-03,3.299886e-03,-1.953125e-02,3.662109e-03,2000,0,-1.396899e-04
2026-07-20T18:04:12.041,1784559852.042,117.103,-6.867920e-03,3.425867e-03,-1.977539e-02,3.662109e-03,2000,0,-1.373584e-04
2026-07-20T18:04:12.143,1784559852.144,117.203,-7.398071e-03,3.326464e-03,-1.831055e-02,4.150391e-03,2000,0,-1.479614e-04
2026-07-20T18:04:12.241,1784559852.242,117.303,-6.753418e-03,3.306396e-03,-1.855469e-02,4.638672e-03,2000,0,-1.350684e-04
2026-07-20T18:04:12.341,1784559852.342,117.403,-6.440552e-03,3.336543e-03,-1.708984e-02,2.685547e-03,2000,0,-1.288110e-04
2026-07-20T18:04:12.441,1784559852.442,117.503,-6.888184e-03,3.319156e-03,-1.855469e-02,2.685547e-03,2000,0,-1.377637e-04
2026-07-20T18:04:12.543,1784559852.544,117.603,-6.879395e-03,3.169161e-03,-1.831055e-02,3.662109e-03,2000,0,-1.375879e-04
2026-07-20T18:04:12.641,1784559852.642,117.703,-6.808716e-03,3.280555e-03,-1.684570e-02,5.371094e-03,2000,0,-1.361743e-04
2026-07-20T18:04:12.743,1784559852.744,117.803,-7.098633e-03,3.255817e-03,-1.757812e-02,9.033203e-03,2000,0,-1.419727e-04
2026-07-20T18:04:12.843,1784559852.844,117.903,-6.895264e-03,3.323918e-03,-1.855469e-02,2.929688e-03,2000,0,-1.379053e-04
2026-07-20T18:04:12.941,1784559852.941,118.003,-7.557007e-03,3.231055e-03,-1.879883e-02,2.441406e-03,2000,0,-1.511401e-04
2026-07-20T18:04:13.043,1784559853.044,118.103,-7.207886e-03,3.178055e-03,-1.831055e-02,3.906250e-03,2000,0,-1.441577e-04
2026-07-20T18:04:13.143,1784559853.143,118.203,-6.956421e-03,3.488051e-03,-2.026367e-02,3.906250e-03,2000,0,-1.391284e-04
2026-07-20T18:04:13.241,1784559853.242,118.303,-6.989136e-03,3.328164e-03,-1.879883e-02,3.417969e-03,2000,0,-1.397827e-04
2026-07-20T18:04:13.343,1784559853.344,118.403,-6.891602e-03,3.422047e-03,-1.977539e-02,3.417969e-03,2000,0,-1.378320e-04
2026-07-20T18:04:13.441,1784559853.442,118.503,-7.064941e-03,3.461275e-03,-1.831055e-02,2.929688e-03,2000,0,-1.412988e-04
2026-07-20T18:04:13.543,1784559853.544,118.603,-7.217773e-03,3.364059e-03,-1.806641e-02,5.126953e-03,2000,0,-1.443555e-04
2026-07-20T18:04:13.641,1784559853.642,118.703,-7.836304e-03,3.206330e-03,-2.026367e-02,1.953125e-03,2000,0,-1.567261e-04
2026-07-20T18:04:13.743,1784559853.744,118.803,-7.216919e-03,3.373033e-03,-1.879883e-02,2.685547e-03,2000,0,-1.443384e-04
2026-07-20T18:04:13.843,1784559853.844,118.903,-7.865967e-03,3.315831e-03,-1.928711e-02,7.568359e-03,2000,0,-1.573193e-04
2026-07-20T18:04:13.943,1784559853.944,119.003,-6.878052e-03,3.185093e-03,-1.806641e-02,3.906250e-03,2000,0,-1.375610e-04
2026-07-20T18:04:14.044,1784559854.044,119.103,-7.273560e-03,3.218542e-03,-1.879883e-02,2.441406e-03,2000,0,-1.454712e-04
2026-07-20T18:04:14.141,1784559854.142,119.203,-7.604736e-03,3.185916e-03,-2.197266e-02,1.464844e-03,2000,0,-1.520947e-04
2026-07-20T18:04:14.241,1784559854.242,119.303,-6.975708e-03,3.106633e-03,-1.928711e-02,3.417969e-03,2000,0,-1.395142e-04
2026-07-20T18:04:14.341,1784559854.342,119.403,-7.000732e-03,3.140890e-03,-1.806641e-02,1.953125e-03,2000,0,-1.400146e-04
2026-07-20T18:04:14.443,1784559854.444,119.503,-7.321533e-03,3.154745e-03,-1.611328e-02,6.103516e-03,2000,0,-1.464307e-04
2026-07-20T18:04:14.541,1784559854.542,119.603,-6.919189e-03,2.989110e-03,-1.904297e-02,2.929688e-03,2000,0,-1.383838e-04
2026-07-20T18:04:14.641,1784559854.642,119.703,-7.116821e-03,3.006241e-03,-1.879883e-02,2.929688e-03,2000,0,-1.423364e-04
2026-07-20T18:04:14.741,1784559854.742,119.803,-7.726562e-03,2.939904e-03,-1.733398e-02,3.662109e-03,2000,0,-1.545312e-04
2026-07-20T18:04:14.844,1784559854.844,119.903,-6.971558e-03,3.072177e-03,-1.757812e-02,5.126953e-03,2000,0,-1.394312e-04
2026-07-20T18:04:14.941,1784559854.942,120.003,-7.027466e-03,3.059873e-03,-2.197266e-02,3.906250e-03,2000,0,-1.405493e-04
2026-07-20T18:04:15.043,1784559855.044,120.103,-6.886719e-03,3.114442e-03,-1.733398e-02,3.662109e-03,2000,0,-1.377344e-04
2026-07-20T18:04:15.141,1784559855.142,120.203,-7.783936e-03,3.078267e-03,-2.050781e-02,3.173828e-03,2000,0,-1.556787e-04
2026-07-20T18:04:15.241,1784559855.242,120.303,-7.276001e-03,3.226330e-03,-2.050781e-02,4.150391e-03,2000,0,-1.455200e-04
2026-07-20T18:04:15.341,1784559855.342,120.403,-7.619019e-03,3.053266e-03,-1.953125e-02,5.126953e-03,2000,0,-1.523804e-04
2026-07-20T18:04:15.441,1784559855.442,120.503,-7.225220e-03,3.264153e-03,-1.757812e-02,3.906250e-03,2000,0,-1.445044e-04
2026-07-20T18:04:15.541,1784559855.542,120.603,-6.987061e-03,3.146487e-03,-1.757812e-02,3.906250e-03,2000,0,-1.397412e-04
2026-07-20T18:04:15.643,1784559855.644,120.703,-7.357178e-03,3.272521e-03,-1.831055e-02,2.685547e-03,2000,0,-1.471436e-04
2026-07-20T18:04:15.744,1784559855.744,120.803,-7.953979e-03,3.218174e-03,-1.831055e-02,2.929688e-03,2000,0,-1.590796e-04
2026-07-20T18:04:15.841,1784559855.842,120.903,-7.332886e-03,3.413032e-03,-1.684570e-02,5.615234e-03,2000,0,-1.466577e-04
2026-07-20T18:04:15.941,1784559855.942,121.003,-7.616577e-03,3.378341e-03,-1.782227e-02,4.394531e-03,2000,0,-1.523315e-04
2026-07-20T18:04:16.041,1784559856.042,121.103,-7.379272e-03,3.519291e-03,-1.733398e-02,3.173828e-03,2000,0,-1.475854e-04
2026-07-20T18:04:16.141,1784559856.142,121.203,-7.682495e-03,3.366884e-03,-2.026367e-02,3.662109e-03,2000,0,-1.536499e-04
2026-07-20T18:04:16.243,1784559856.244,121.303,-7.700073e-03,3.430253e-03,-1.977539e-02,2.929688e-03,2000,0,-1.540015e-04
2026-07-20T18:04:16.341,1784559856.341,121.403,-7.768066e-03,3.185730e-03,-2.099609e-02,1.464844e-03,2000,0,-1.553613e-04
2026-07-20T18:04:16.443,1784559856.443,121.503,-7.399048e-03,3.345863e-03,-1.928711e-02,3.662109e-03,2000,0,-1.479810e-04
2026-07-20T18:04:16.543,1784559856.544,121.603,-7.843872e-03,3.879693e-03,-2.124023e-02,4.150391e-03,2000,0,-1.568774e-04
2026-07-20T18:04:16.641,1784559856.642,121.703,-8.105469e-03,3.519107e-03,-2.319336e-02,1.953125e-03,2000,0,-1.621094e-04
2026-07-20T18:04:16.741,1784559856.741,121.803,-7.817871e-03,3.427029e-03,-1.757812e-02,4.394531e-03,2000,0,-1.563574e-04
2026-07-20T18:04:16.841,1784559856.841,121.903,-7.721436e-03,3.503311e-03,-1.928711e-02,4.150391e-03,2000,0,-1.544287e-04
2026-07-20T18:04:16.941,1784559856.941,122.003,-7.828003e-03,3.381004e-03,-1.708984e-02,3.173828e-03,2000,0,-1.565601e-04
2026-07-20T18:04:17.043,1784559857.043,122.103,-7.669556e-03,3.261793e-03,-1.806641e-02,5.859375e-03,2000,0,-1.533911e-04
2026-07-20T18:04:17.143,1784559857.143,122.203,-7.865967e-03,3.338412e-03,-1.928711e-02,3.662109e-03,2000,0,-1.573193e-04
2026-07-20T18:04:17.241,1784559857.241,122.303,-7.933838e-03,3.285556e-03,-1.953125e-02,2.197266e-03,2000,0,-1.586768e-04
2026-07-20T18:04:17.341,1784559857.341,122.403,-7.195435e-03,3.296398e-03,-1.708984e-02,3.173828e-03,2000,0,-1.439087e-04
2026-07-20T18:04:17.441,1784559857.441,122.503,-8.002075e-03,3.242318e-03,-1.757812e-02,6.591797e-03,2000,0,-1.600415e-04
2026-07-20T18:04:17.541,1784559857.541,122.603,-7.395996e-03,3.061591e-03,-1.904297e-02,3.173828e-03,2000,0,-1.479199e-04
2026-07-20T18:04:17.641,1784559857.642,122.703,-7.761353e-03,3.025833e-03,-2.050781e-02,2.685547e-03,2000,0,-1.552271e-04
2026-07-20T18:04:17.741,1784559857.741,122.803,-8.512817e-03,2.986362e-03,-1.953125e-02,3.662109e-03,2000,0,-1.702563e-04
2026-07-20T18:04:17.841,1784559857.841,122.903,-7.580933e-03,2.848765e-03,-1.757812e-02,9.277344e-03,2000,0,-1.516187e-04
2026-07-20T18:04:17.941,1784559857.941,123.003,-7.638306e-03,2.774703e-03,-1.977539e-02,2.441406e-03,2000,0,-1.527661e-04
2026-07-20T18:04:18.041,1784559858.041,123.103,-7.928833e-03,2.727221e-03,-1.782227e-02,4.882812e-04,2000,0,-1.585767e-04
2026-07-20T18:04:18.141,1784559858.141,123.203,-8.041382e-03,2.573474e-03,-1.611328e-02,9.765625e-04,2000,0,-1.608276e-04
2026-07-20T18:04:18.241,1784559858.241,123.303,-7.717651e-03,2.737170e-03,-1.757812e-02,3.417969e-03,2000,0,-1.543530e-04
2026-07-20T18:04:18.341,1784559858.341,123.403,-7.460693e-03,2.648971e-03,-1.928711e-02,2.441406e-03,2000,0,-1.492139e-04
2026-07-20T18:04:18.441,1784559858.441,123.503,-7.652100e-03,2.567813e-03,-2.246094e-02,1.220703e-03,2000,0,-1.530420e-04
2026-07-20T18:04:18.541,1784559858.541,123.603,-7.284424e-03,2.640157e-03,-1.733398e-02,7.324219e-04,2000,0,-1.456885e-04
2026-07-20T18:04:18.643,1784559858.644,123.703,-7.682007e-03,2.589109e-03,-1.660156e-02,4.150391e-03,2000,0,-1.536401e-04
2026-07-20T18:04:18.743,1784559858.743,123.803,-7.420288e-03,2.543995e-03,-1.562500e-02,1.708984e-03,2000,0,-1.484058e-04
2026-07-20T18:04:18.841,1784559858.841,123.903,-7.646606e-03,2.638117e-03,-1.586914e-02,4.882812e-04,2000,0,-1.529321e-04
2026-07-20T18:04:18.941,1784559858.942,124.003,-7.377930e-03,2.713056e-03,-2.392578e-02,6.347656e-03,2000,0,-1.475586e-04
2026-07-20T18:04:19.043,1784559859.043,124.103,-7.589722e-03,2.689781e-03,-2.172852e-02,1.953125e-03,2000,0,-1.517944e-04
2026-07-20T18:04:19.141,1784559859.142,124.203,-7.375000e-03,2.850970e-03,-1.635742e-02,3.906250e-03,2000,0,-1.475000e-04
2026-07-20T18:04:19.243,1784559859.243,124.303,-7.271973e-03,2.776108e-03,-1.757812e-02,1.464844e-03,2000,0,-1.454395e-04
2026-07-20T18:04:19.341,1784559859.341,124.403,-7.719849e-03,2.843389e-03,-1.977539e-02,2.929688e-03,2000,0,-1.543970e-04
2026-07-20T18:04:19.441,1784559859.441,124.503,-7.437378e-03,2.981173e-03,-1.757812e-02,2.929688e-03,2000,0,-1.487476e-04
2026-07-20T18:04:19.543,1784559859.544,124.603,-7.695801e-03,3.081259e-03,-1.757812e-02,4.882812e-03,2000,0,-1.539160e-04
2026-07-20T18:04:19.643,1784559859.643,124.703,-7.721558e-03,3.146392e-03,-1.831055e-02,2.441406e-03,2000,0,-1.544312e-04
2026-07-20T18:04:19.743,1784559859.743,124.803,-7.098999e-03,3.190316e-03,-1.733398e-02,4.150391e-03,2000,0,-1.419800e-04
2026-07-20T18:04:19.843,1784559859.843,124.903,-7.611694e-03,3.213914e-03,-1.831055e-02,2.685547e-03,2000,0,-1.522339e-04
2026-07-20T18:04:19.943,1784559859.943,125.003,-7.302979e-03,3.247469e-03,-1.855469e-02,2.685547e-03,2000,0,-1.460596e-04
2026-07-20T18:04:20.041,1784559860.041,125.103,-6.923096e-03,3.268947e-03,-1.733398e-02,4.882812e-03,2000,0,-1.384619e-04
2026-07-20T18:04:20.143,1784559860.143,125.203,-7.171875e-03,3.253128e-03,-1.733398e-02,3.173828e-03,2000,0,-1.434375e-04
2026-07-20T18:04:20.241,1784559860.242,125.303,-7.261353e-03,3.157364e-03,-1.635742e-02,2.929688e-03,2000,0,-1.452271e-04
2026-07-20T18:04:20.344,1784559860.344,125.403,-6.240234e-03,3.122351e-03,-1.562500e-02,5.371094e-03,2000,0,-1.248047e-04
2026-07-20T18:04:20.443,1784559860.443,125.503,-6.731079e-03,3.260142e-03,-1.635742e-02,3.662109e-03,2000,0,-1.346216e-04
2026-07-20T18:04:20.543,1784559860.543,125.603,-6.656860e-03,3.213140e-03,-1.611328e-02,3.173828e-03,2000,0,-1.331372e-04
2026-07-20T18:04:20.643,1784559860.643,125.703,-6.701538e-03,3.183124e-03,-1.904297e-02,9.033203e-03,2000,0,-1.340308e-04
2026-07-20T18:04:20.743,1784559860.743,125.803,-6.393555e-03,3.273585e-03,-1.806641e-02,4.638672e-03,2000,0,-1.278711e-04
2026-07-20T18:04:20.843,1784559860.843,125.903,-6.752930e-03,3.171136e-03,-1.782227e-02,2.197266e-03,2000,0,-1.350586e-04
2026-07-20T18:04:20.943,1784559860.943,126.003,-6.671387e-03,3.090754e-03,-1.855469e-02,3.173828e-03,2000,0,-1.334277e-04
2026-07-20T18:04:21.043,1784559861.043,126.103,-6.691406e-03,3.235453e-03,-1.757812e-02,6.591797e-03,2000,0,-1.338281e-04
2026-07-20T18:04:21.141,1784559861.142,126.203,-6.949219e-03,3.112546e-03,-1.953125e-02,1.953125e-03,2000,0,-1.389844e-04
2026-07-20T18:04:21.241,1784559861.241,126.303,-6.651733e-03,3.065849e-03,-1.782227e-02,1.708984e-03,2000,0,-1.330347e-04
2026-07-20T18:04:21.343,1784559861.343,126.403,-6.667236e-03,3.140483e-03,-2.001953e-02,3.173828e-03,2000,0,-1.333447e-04
2026-07-20T18:04:21.443,1784559861.443,126.503,-7.085571e-03,3.113784e-03,-1.660156e-02,1.708984e-03,2000,0,-1.417114e-04
2026-07-20T18:04:21.543,1784559861.544,126.603,-6.388184e-03,3.144759e-03,-1.562500e-02,7.080078e-03,2000,0,-1.277637e-04
2026-07-20T18:04:21.641,1784559861.642,126.703,-6.518066e-03,3.121429e-03,-1.855469e-02,4.394531e-03,2000,0,-1.303613e-04
2026-07-20T18:04:21.743,1784559861.744,126.803,-6.849487e-03,3.220486e-03,-1.806641e-02,1.708984e-03,2000,0,-1.369897e-04
2026-07-20T18:04:21.843,1784559861.844,126.903,-6.362061e-03,2.955045e-03,-1.513672e-02,2.929688e-03,2000,0,-1.272412e-04
2026-07-20T18:04:21.941,1784559861.942,127.003,-6.471191e-03,3.089339e-03,-1.757812e-02,2.441406e-03,2000,0,-1.294238e-04
2026-07-20T18:04:22.043,1784559862.044,127.103,-6.521606e-03,3.207713e-03,-1.684570e-02,4.882812e-03,2000,0,-1.304321e-04
2026-07-20T18:04:22.143,1784559862.144,127.203,-6.633789e-03,3.099042e-03,-1.708984e-02,2.441406e-03,2000,0,-1.326758e-04
2026-07-20T18:04:22.243,1784559862.244,127.303,-6.725220e-03,3.170426e-03,-1.806641e-02,2.197266e-03,2000,0,-1.345044e-04
2026-07-20T18:04:22.343,1784559862.344,127.403,-6.658691e-03,3.290359e-03,-2.563477e-02,3.662109e-03,2000,0,-1.331738e-04
2026-07-20T18:04:22.443,1784559862.444,127.503,-6.628296e-03,3.295999e-03,-1.831055e-02,3.173828e-03,2000,0,-1.325659e-04
2026-07-20T18:04:22.541,1784559862.542,127.603,-6.166992e-03,3.239144e-03,-1.708984e-02,3.417969e-03,2000,0,-1.233398e-04
2026-07-20T18:04:22.643,1784559862.644,127.703,-6.289307e-03,3.400344e-03,-1.733398e-02,4.150391e-03,2000,0,-1.257861e-04
2026-07-20T18:04:22.744,1784559862.744,127.803,-5.959595e-03,3.360975e-03,-1.879883e-02,4.394531e-03,2000,0,-1.191919e-04
2026-07-20T18:04:22.843,1784559862.844,127.903,-6.551392e-03,3.423476e-03,-2.246094e-02,3.662109e-03,2000,0,-1.310278e-04
2026-07-20T18:04:22.943,1784559862.944,128.003,-6.660767e-03,3.408370e-03,-1.660156e-02,4.150391e-03,2000,0,-1.332153e-04
2026-07-20T18:04:23.041,1784559863.042,128.103,-6.527588e-03,3.507994e-03,-1.904297e-02,5.126953e-03,2000,0,-1.305518e-04
2026-07-20T18:04:23.143,1784559863.144,128.203,-6.594727e-03,3.467182e-03,-1.855469e-02,5.615234e-03,2000,0,-1.318945e-04
2026-07-20T18:04:23.243,1784559863.244,128.303,-6.487793e-03,3.452036e-03,-1.831055e-02,4.394531e-03,2000,0,-1.297559e-04
2026-07-20T18:04:23.341,1784559863.342,128.403,-6.405518e-03,3.526018e-03,-1.928711e-02,6.835938e-03,2000,0,-1.281104e-04
2026-07-20T18:04:23.443,1784559863.444,128.503,-6.072144e-03,3.381881e-03,-1.708984e-02,4.394531e-03,2000,0,-1.214429e-04
2026-07-20T18:04:23.541,1784559863.541,128.603,-6.719849e-03,3.449452e-03,-1.855469e-02,5.371094e-03,2000,0,-1.343970e-04
2026-07-20T18:04:23.641,1784559863.642,128.703,-6.615479e-03,3.562267e-03,-2.294922e-02,5.859375e-03,2000,0,-1.323096e-04
2026-07-20T18:04:23.743,1784559863.744,128.803,-6.355957e-03,3.447088e-03,-1.684570e-02,4.882812e-03,2000,0,-1.271191e-04
2026-07-20T18:04:23.841,1784559863.842,128.903,-6.471924e-03,3.473409e-03,-1.757812e-02,1.025391e-02,2000,0,-1.294385e-04
2026-07-20T18:04:23.941,1784559863.942,129.003,-6.187500e-03,3.419823e-03,-1.708984e-02,5.371094e-03,2000,0,-1.237500e-04
2026-07-20T18:04:24.043,1784559864.044,129.103,-6.229614e-03,3.401237e-03,-1.562500e-02,5.615234e-03,2000,0,-1.245923e-04
2026-07-20T18:04:24.143,1784559864.144,129.203,-6.437500e-03,3.419700e-03,-1.708984e-02,4.638672e-03,2000,0,-1.287500e-04
2026-07-20T18:04:24.243,1784559864.244,129.303,-6.151978e-03,3.286754e-03,-1.904297e-02,6.591797e-03,2000,0,-1.230396e-04
2026-07-20T18:04:24.341,1784559864.341,129.403,-6.220215e-03,3.278414e-03,-1.953125e-02,8.300781e-03,2000,0,-1.244043e-04
2026-07-20T18:04:24.443,1784559864.444,129.503,-6.363403e-03,3.315609e-03,-1.611328e-02,5.615234e-03,2000,0,-1.272681e-04
2026-07-20T18:04:24.543,1784559864.544,129.603,-6.384399e-03,3.461178e-03,-1.855469e-02,6.835938e-03,2000,0,-1.276880e-04
2026-07-20T18:04:24.643,1784559864.643,129.703,-6.626221e-03,3.233330e-03,-1.635742e-02,5.615234e-03,2000,0,-1.325244e-04
2026-07-20T18:04:24.741,1784559864.742,129.803,-6.617920e-03,3.293850e-03,-1.684570e-02,4.394531e-03,2000,0,-1.323584e-04
2026-07-20T18:04:24.841,1784559864.842,129.903,-6.248291e-03,3.269455e-03,-1.562500e-02,5.126953e-03,2000,0,-1.249658e-04
2026-07-20T18:04:24.943,1784559864.944,130.003,-6.603149e-03,3.235378e-03,-1.708984e-02,3.173828e-03,2000,0,-1.320630e-04
2026-07-20T18:04:25.041,1784559865.042,130.103,-6.775391e-03,3.242657e-03,-1.708984e-02,3.906250e-03,2000,0,-1.355078e-04
2026-07-20T18:04:25.143,1784559865.144,130.203,-7.392212e-03,3.215036e-03,-1.757812e-02,4.150391e-03,2000,0,-1.478442e-04
2026-07-20T18:04:25.243,1784559865.244,130.303,-6.815918e-03,3.146965e-03,-1.708984e-02,3.173828e-03,2000,0,-1.363184e-04
2026-07-20T18:04:25.343,1784559865.344,130.403,-6.942261e-03,3.201389e-03,-2.075195e-02,9.277344e-03,2000,0,-1.388452e-04
2026-07-20T18:04:25.441,1784559865.442,130.503,-6.526245e-03,3.264411e-03,-1.782227e-02,4.882812e-03,2000,0,-1.305249e-04
2026-07-20T18:04:25.541,1784559865.542,130.603,-6.865601e-03,3.142401e-03,-1.782227e-02,3.173828e-03,2000,0,-1.373120e-04
2026-07-20T18:04:25.643,1784559865.644,130.703,-6.595215e-03,3.048659e-03,-1.733398e-02,4.638672e-03,2000,0,-1.319043e-04
2026-07-20T18:04:25.743,1784559865.743,130.803,-6.576538e-03,3.028865e-03,-1.684570e-02,5.615234e-03,2000,0,-1.315308e-04
2026-07-20T18:04:25.843,1784559865.844,130.903,-6.821777e-03,3.158963e-03,-1.928711e-02,2.685547e-03,2000,0,-1.364355e-04
2026-07-20T18:04:25.943,1784559865.944,131.003,-6.766846e-03,3.178378e-03,-1.782227e-02,4.150391e-03,2000,0,-1.353369e-04
2026-07-20T18:04:26.041,1784559866.042,131.103,-6.534546e-03,3.016580e-03,-1.538086e-02,3.906250e-03,2000,0,-1.306909e-04
2026-07-20T18:04:26.141,1784559866.142,131.203,-7.018066e-03,3.090867e-03,-2.172852e-02,3.173828e-03,2000,0,-1.403613e-04
2026-07-20T18:04:26.243,1784559866.244,131.303,-6.640747e-03,3.055508e-03,-1.586914e-02,1.025391e-02,2000,0,-1.328149e-04
2026-07-20T18:04:26.341,1784559866.342,131.403,-6.659302e-03,3.133705e-03,-1.684570e-02,3.906250e-03,2000,0,-1.331860e-04
2026-07-20T18:04:26.441,1784559866.442,131.503,-7.033813e-03,3.244753e-03,-2.001953e-02,5.371094e-03,2000,0,-1.406763e-04
2026-07-20T18:04:26.543,1784559866.544,131.603,-6.793579e-03,3.176300e-03,-1.855469e-02,4.638672e-03,2000,0,-1.358716e-04
2026-07-20T18:04:26.644,1784559866.644,131.703,-6.619629e-03,3.319128e-03,-1.733398e-02,4.394531e-03,2000,0,-1.323926e-04
2026-07-20T18:04:26.743,1784559866.744,131.803,-6.636353e-03,3.372458e-03,-1.757812e-02,6.591797e-03,2000,0,-1.327271e-04
2026-07-20T18:04:26.843,1784559866.844,131.903,-7.062622e-03,3.464685e-03,-1.953125e-02,3.662109e-03,2000,0,-1.412524e-04
2026-07-20T18:04:26.943,1784559866.944,132.003,-6.358887e-03,3.401799e-03,-1.708984e-02,7.080078e-03,2000,0,-1.271777e-04
2026-07-20T18:04:27.043,1784559867.044,132.103,-7.058105e-03,3.340116e-03,-1.928711e-02,3.906250e-03,2000,0,-1.411621e-04
2026-07-20T18:04:27.141,1784559867.142,132.203,-7.361938e-03,3.379365e-03,-1.757812e-02,6.591797e-03,2000,0,-1.472388e-04
2026-07-20T18:04:27.241,1784559867.242,132.303,-7.279663e-03,3.402388e-03,-1.611328e-02,5.371094e-03,2000,0,-1.455933e-04
2026-07-20T18:04:27.343,1784559867.344,132.403,-7.000122e-03,3.326117e-03,-1.586914e-02,3.662109e-03,2000,0,-1.400024e-04
2026-07-20T18:04:27.443,1784559867.444,132.503,-6.972412e-03,3.507482e-03,-2.270508e-02,3.906250e-03,2000,0,-1.394482e-04
2026-07-20T18:04:27.544,1784559867.544,132.603,-7.070557e-03,3.393278e-03,-1.684570e-02,5.371094e-03,2000,0,-1.414111e-04
2026-07-20T18:04:27.641,1784559867.642,132.703,-6.893677e-03,3.266831e-03,-1.782227e-02,4.150391e-03,2000,0,-1.378735e-04
2026-07-20T18:04:27.741,1784559867.742,132.803,-7.087036e-03,3.233271e-03,-1.635742e-02,4.638672e-03,2000,0,-1.417407e-04
2026-07-20T18:04:27.843,1784559867.844,132.903,-6.700439e-03,3.247199e-03,-1.831055e-02,4.150391e-03,2000,0,-1.340088e-04
2026-07-20T18:04:27.941,1784559867.942,133.003,-6.749512e-03,3.254860e-03,-1.660156e-02,3.173828e-03,2000,0,-1.349902e-04
2026-07-20T18:04:28.041,1784559868.042,133.103,-7.072388e-03,3.320129e-03,-1.782227e-02,3.662109e-03,2000,0,-1.414478e-04
2026-07-20T18:04:28.143,1784559868.144,133.203,-7.137939e-03,3.453661e-03,-1.879883e-02,5.859375e-03,2000,0,-1.427588e-04
2026-07-20T18:04:28.241,1784559868.242,133.303,-6.744141e-03,3.468220e-03,-1.831055e-02,4.150391e-03,2000,0,-1.348828e-04
2026-07-20T18:04:28.343,1784559868.344,133.403,-7.264648e-03,3.430879e-03,-1.928711e-02,3.417969e-03,2000,0,-1.452930e-04
2026-07-20T18:04:28.441,1784559868.442,133.503,-6.948364e-03,3.608217e-03,-2.050781e-02,2.441406e-03,2000,0,-1.389673e-04
2026-07-20T18:04:28.541,1784559868.542,133.603,-7.135376e-03,3.606555e-03,-2.172852e-02,3.417969e-03,2000,0,-1.427075e-04
2026-07-20T18:04:28.641,1784559868.642,133.703,-7.254028e-03,3.448220e-03,-2.172852e-02,2.685547e-03,2000,0,-1.450806e-04
2026-07-20T18:04:28.743,1784559868.744,133.803,-7.875000e-03,3.464161e-03,-1.977539e-02,2.197266e-03,2000,0,-1.575000e-04
2026-07-20T18:04:28.841,1784559868.842,133.903,-7.247681e-03,3.595871e-03,-2.026367e-02,3.173828e-03,2000,0,-1.449536e-04
2026-07-20T18:04:28.943,1784559868.944,134.003,-7.803833e-03,3.665438e-03,-2.099609e-02,3.906250e-03,2000,0,-1.560767e-04
2026-07-20T18:04:29.043,1784559869.044,134.103,-7.095581e-03,3.605441e-03,-2.124023e-02,4.150391e-03,2000,0,-1.419116e-04
2026-07-20T18:04:29.141,1784559869.142,134.203,-7.215576e-03,3.625772e-03,-2.124023e-02,2.929688e-03,2000,0,-1.443115e-04
2026-07-20T18:04:29.241,1784559869.242,134.303,-8.070923e-03,3.495051e-03,-1.855469e-02,3.662109e-03,2000,0,-1.614185e-04
2026-07-20T18:04:29.343,1784559869.343,134.403,-7.709229e-03,3.514896e-03,-1.855469e-02,2.441406e-03,2000,0,-1.541846e-04
2026-07-20T18:04:29.441,1784559869.441,134.503,-7.119385e-03,3.498860e-03,-1.953125e-02,4.638672e-03,2000,0,-1.423877e-04
2026-07-20T18:04:29.541,1784559869.541,134.603,-7.572388e-03,3.562515e-03,-1.928711e-02,4.638672e-03,2000,0,-1.514478e-04
2026-07-20T18:04:29.643,1784559869.643,134.703,-7.511841e-03,3.504680e-03,-1.831055e-02,2.929688e-03,2000,0,-1.502368e-04
2026-07-20T18:04:29.743,1784559869.743,134.803,-7.213135e-03,3.395126e-03,-1.855469e-02,4.150391e-03,2000,0,-1.442627e-04
2026-07-20T18:04:29.841,1784559869.841,134.903,-7.613770e-03,3.367569e-03,-1.879883e-02,3.906250e-03,2000,0,-1.522754e-04
2026-07-20T18:04:29.943,1784559869.944,135.003,-7.098267e-03,3.732733e-03,-1.928711e-02,4.638672e-03,2000,0,-1.419653e-04
2026-07-20T18:04:30.041,1784559870.041,135.103,-7.418457e-03,3.551210e-03,-2.197266e-02,3.662109e-03,2000,0,-1.483691e-04
2026-07-20T18:04:30.141,1784559870.142,135.203,-7.519043e-03,3.763974e-03,-1.953125e-02,5.126953e-03,2000,0,-1.503809e-04
2026-07-20T18:04:30.243,1784559870.244,135.303,-8.256714e-03,3.677482e-03,-1.831055e-02,2.929688e-03,2000,0,-1.651343e-04
2026-07-20T18:04:30.341,1784559870.342,135.403,-7.482544e-03,3.854856e-03,-1.953125e-02,4.638672e-03,2000,0,-1.496509e-04
2026-07-20T18:04:30.441,1784559870.442,135.503,-7.905273e-03,3.918998e-03,-1.806641e-02,4.638672e-03,2000,0,-1.581055e-04
2026-07-20T18:04:30.543,1784559870.544,135.603,-7.953735e-03,3.963109e-03,-2.148438e-02,4.638672e-03,2000,0,-1.590747e-04
2026-07-20T18:04:30.641,1784559870.642,135.703,-7.406860e-03,3.894306e-03,-1.879883e-02,5.615234e-03,2000,0,-1.481372e-04
2026-07-20T18:04:30.741,1784559870.742,135.803,-7.966797e-03,3.920716e-03,-1.757812e-02,3.173828e-03,2000,0,-1.593359e-04
2026-07-20T18:04:30.843,1784559870.843,135.903,-8.351318e-03,3.695253e-03,-1.855469e-02,4.394531e-03,2000,0,-1.670264e-04
2026-07-20T18:04:30.941,1784559870.941,136.003,-8.152954e-03,3.736643e-03,-2.197266e-02,2.441406e-03,2000,0,-1.630591e-04
2026-07-20T18:04:31.041,1784559871.041,136.103,-8.037109e-03,3.857519e-03,-2.172852e-02,4.150391e-03,2000,0,-1.607422e-04
2026-07-20T18:04:31.143,1784559871.143,136.203,-8.137817e-03,3.807701e-03,-2.099609e-02,6.347656e-03,2000,0,-1.627563e-04
2026-07-20T18:04:31.243,1784559871.243,136.303,-8.252441e-03,3.894351e-03,-2.124023e-02,4.394531e-03,2000,0,-1.650488e-04
2026-07-20T18:04:31.341,1784559871.341,136.403,-7.863037e-03,3.901594e-03,-1.953125e-02,6.591797e-03,2000,0,-1.572607e-04
2026-07-20T18:04:31.443,1784559871.444,136.503,-8.159424e-03,4.053711e-03,-2.294922e-02,5.371094e-03,2000,0,-1.631885e-04
2026-07-20T18:04:31.541,1784559871.541,136.603,-8.148560e-03,3.923475e-03,-1.953125e-02,3.906250e-03,2000,0,-1.629712e-04
2026-07-20T18:04:31.641,1784559871.641,136.703,-8.119751e-03,4.021261e-03,-2.270508e-02,3.417969e-03,2000,0,-1.623950e-04
2026-07-20T18:04:31.741,1784559871.741,136.803,-8.525879e-03,3.952590e-03,-2.075195e-02,3.662109e-03,2000,0,-1.705176e-04
2026-07-20T18:04:31.843,1784559871.843,136.903,-7.806641e-03,4.020311e-03,-2.099609e-02,4.882812e-03,2000,0,-1.561328e-04
2026-07-20T18:04:31.943,1784559871.943,137.003,-7.860840e-03,4.162929e-03,-2.294922e-02,2.929688e-03,2000,0,-1.572168e-04
2026-07-20T18:04:32.043,1784559872.043,137.103,-7.976807e-03,4.056550e-03,-2.124023e-02,2.929688e-03,2000,0,-1.595361e-04
2026-07-20T18:04:32.143,1784559872.144,137.203,-8.301147e-03,4.062294e-03,-2.294922e-02,3.662109e-03,2000,0,-1.660229e-04
2026-07-20T18:04:32.243,1784559872.244,137.303,-8.389648e-03,3.997705e-03,-2.099609e-02,2.929688e-03,2000,0,-1.677930e-04
2026-07-20T18:04:32.341,1784559872.341,137.403,-7.745850e-03,4.219888e-03,-2.246094e-02,3.173828e-03,2000,0,-1.549170e-04
2026-07-20T18:04:32.443,1784559872.443,137.503,-8.252075e-03,4.021565e-03,-2.270508e-02,3.662109e-03,2000,0,-1.650415e-04
2026-07-20T18:04:32.543,1784559872.543,137.603,-7.860474e-03,4.075546e-03,-2.416992e-02,5.859375e-03,2000,0,-1.572095e-04
2026-07-20T18:04:32.641,1784559872.641,137.703,-7.849976e-03,4.024538e-03,-2.319336e-02,5.126953e-03,2000,0,-1.569995e-04
2026-07-20T18:04:32.743,1784559872.743,137.803,-8.134766e-03,4.058955e-03,-2.197266e-02,3.417969e-03,2000,0,-1.626953e-04
2026-07-20T18:04:32.843,1784559872.843,137.903,-8.344727e-03,4.163171e-03,-2.270508e-02,3.173828e-03,2000,0,-1.668945e-04
2026-07-20T18:04:32.941,1784559872.942,138.003,-8.009277e-03,3.916288e-03,-2.197266e-02,3.662109e-03,2000,0,-1.601855e-04
2026-07-20T18:04:33.043,1784559873.043,138.103,-8.086670e-03,4.100341e-03,-2.246094e-02,4.882812e-03,2000,0,-1.617334e-04
2026-07-20T18:04:33.144,1784559873.144,138.203,-8.012817e-03,3.991713e-03,-2.465820e-02,4.394531e-03,2000,0,-1.602563e-04
2026-07-20T18:04:33.241,1784559873.241,138.303,-8.259399e-03,3.874265e-03,-2.124023e-02,3.662109e-03,2000,0,-1.651880e-04
2026-07-20T18:04:33.343,1784559873.344,138.403,-7.747437e-03,3.756090e-03,-2.221680e-02,3.173828e-03,2000,0,-1.549487e-04
2026-07-20T18:04:33.441,1784559873.442,138.503,-7.432983e-03,3.659790e-03,-2.221680e-02,3.662109e-03,2000,0,-1.486597e-04
2026-07-20T18:04:33.543,1784559873.543,138.603,-7.860718e-03,3.785436e-03,-2.270508e-02,4.150391e-03,2000,0,-1.572144e-04
2026-07-20T18:04:33.643,1784559873.643,138.703,-8.072754e-03,3.697845e-03,-2.172852e-02,3.417969e-03,2000,0,-1.614551e-04
2026-07-20T18:04:33.741,1784559873.742,138.803,-7.688477e-03,3.395336e-03,-1.977539e-02,8.789062e-03,2000,0,-1.537695e-04
2026-07-20T18:04:33.841,1784559873.841,138.903,-7.629395e-03,3.592731e-03,-2.075195e-02,6.835938e-03,2000,0,-1.525879e-04
2026-07-20T18:04:33.943,1784559873.944,139.003,-7.877686e-03,3.503828e-03,-2.197266e-02,3.906250e-03,2000,0,-1.575537e-04
2026-07-20T18:04:34.043,1784559874.043,139.103,-7.531738e-03,3.467162e-03,-2.319336e-02,4.638672e-03,2000,0,-1.506348e-04
2026-07-20T18:04:34.141,1784559874.141,139.203,-8.230713e-03,3.401718e-03,-2.221680e-02,1.953125e-03,2000,0,-1.646143e-04
2026-07-20T18:04:34.241,1784559874.241,139.303,-7.741089e-03,3.477525e-03,-2.099609e-02,4.638672e-03,2000,0,-1.548218e-04
2026-07-20T18:04:34.341,1784559874.341,139.403,-7.766724e-03,3.363894e-03,-2.026367e-02,2.929688e-03,2000,0,-1.553345e-04
2026-07-20T18:04:34.443,1784559874.443,139.503,-7.847900e-03,3.333168e-03,-1.928711e-02,3.417969e-03,2000,0,-1.569580e-04
2026-07-20T18:04:34.543,1784559874.543,139.603,-7.756348e-03,3.207278e-03,-1.806641e-02,1.953125e-03,2000,0,-1.551270e-04
2026-07-20T18:04:34.641,1784559874.641,139.703,-7.636353e-03,3.242992e-03,-1.977539e-02,7.324219e-03,2000,0,-1.527271e-04
2026-07-20T18:04:34.744,1784559874.744,139.803,-7.613281e-03,3.061529e-03,-2.490234e-02,3.662109e-03,2000,0,-1.522656e-04
2026-07-20T18:04:34.843,1784559874.844,139.903,-7.568237e-03,3.148453e-03,-1.757812e-02,1.953125e-03,2000,0,-1.513647e-04
2026-07-20T18:04:34.943,1784559874.943,140.003,-7.318604e-03,3.194480e-03,-2.197266e-02,2.441406e-03,2000,0,-1.463721e-04
2026-07-20T18:04:35.041,1784559875.041,140.103,-8.191772e-03,3.093187e-03,-2.197266e-02,4.882812e-03,2000,0,-1.638354e-04
2026-07-20T18:04:35.141,1784559875.142,140.203,-7.536011e-03,3.155681e-03,-1.757812e-02,1.953125e-03,2000,0,-1.507202e-04
2026-07-20T18:04:35.241,1784559875.242,140.303,-7.668701e-03,3.262573e-03,-1.782227e-02,1.708984e-03,2000,0,-1.533740e-04
2026-07-20T18:04:35.343,1784559875.344,140.403,-7.722534e-03,3.250159e-03,-2.490234e-02,1.464844e-03,2000,0,-1.544507e-04
2026-07-20T18:04:35.441,1784559875.441,140.503,-7.794189e-03,3.265698e-03,-2.026367e-02,3.662109e-03,2000,0,-1.558838e-04
2026-07-20T18:04:35.541,1784559875.542,140.603,-7.298462e-03,3.465330e-03,-1.879883e-02,4.150391e-03,2000,0,-1.459692e-04
2026-07-20T18:04:35.643,1784559875.644,140.703,-7.807617e-03,3.496317e-03,-2.075195e-02,3.173828e-03,2000,0,-1.561523e-04
2026-07-20T18:04:35.743,1784559875.744,140.803,-7.565186e-03,3.518056e-03,-2.832031e-02,3.662109e-03,2000,0,-1.513037e-04
2026-07-20T18:04:35.844,1784559875.844,140.903,-7.395874e-03,3.387026e-03,-1.831055e-02,4.882812e-03,2000,0,-1.479175e-04
2026-07-20T18:04:35.943,1784559875.944,141.003,-7.620483e-03,3.474353e-03,-2.124023e-02,4.150391e-03,2000,0,-1.524097e-04
2026-07-20T18:04:36.043,1784559876.044,141.103,-7.602051e-03,3.531998e-03,-2.075195e-02,2.685547e-03,2000,0,-1.520410e-04
2026-07-20T18:04:36.141,1784559876.142,141.203,-7.567749e-03,3.399797e-03,-1.684570e-02,4.150391e-03,2000,0,-1.513550e-04
2026-07-20T18:04:36.241,1784559876.242,141.303,-7.571777e-03,3.498832e-03,-1.904297e-02,3.906250e-03,2000,0,-1.514355e-04
2026-07-20T18:04:36.341,1784559876.342,141.403,-7.458008e-03,3.380821e-03,-1.977539e-02,1.953125e-03,2000,0,-1.491602e-04
2026-07-20T18:04:36.441,1784559876.442,141.503,-7.240845e-03,3.468076e-03,-1.806641e-02,7.080078e-03,2000,0,-1.448169e-04
2026-07-20T18:04:36.543,1784559876.544,141.603,-7.448730e-03,3.291500e-03,-1.806641e-02,5.371094e-03,2000,0,-1.489746e-04
2026-07-20T18:04:36.643,1784559876.644,141.703,-7.674683e-03,3.353935e-03,-1.953125e-02,2.929688e-03,2000,0,-1.534937e-04
2026-07-20T18:04:36.741,1784559876.742,141.803,-7.502686e-03,3.307467e-03,-1.782227e-02,3.173828e-03,2000,0,-1.500537e-04
2026-07-20T18:04:36.843,1784559876.844,141.903,-7.978882e-03,3.070267e-03,-1.660156e-02,2.929688e-03,2000,0,-1.595776e-04
2026-07-20T18:04:36.943,1784559876.944,142.003,-7.218994e-03,2.989843e-03,-1.586914e-02,2.685547e-03,2000,0,-1.443799e-04
2026-07-20T18:04:37.041,1784559877.042,142.103,-7.175781e-03,2.962215e-03,-1.611328e-02,3.662109e-03,2000,0,-1.435156e-04
2026-07-20T18:04:37.143,1784559877.144,142.203,-7.789307e-03,2.817091e-03,-1.684570e-02,9.765625e-04,2000,0,-1.557861e-04
2026-07-20T18:04:37.241,1784559877.241,142.303,-7.250488e-03,2.880299e-03,-1.733398e-02,1.953125e-03,2000,0,-1.450098e-04
2026-07-20T18:04:37.343,1784559877.343,142.403,-7.603027e-03,2.811053e-03,-1.684570e-02,1.220703e-03,2000,0,-1.520605e-04
2026-07-20T18:04:37.441,1784559877.441,142.503,-7.042725e-03,2.848626e-03,-1.489258e-02,2.685547e-03,2000,0,-1.408545e-04
2026-07-20T18:04:37.541,1784559877.541,142.603,-7.338135e-03,2.704619e-03,-1.635742e-02,5.859375e-03,2000,0,-1.467627e-04
2026-07-20T18:04:37.641,1784559877.641,142.703,-7.411011e-03,2.595045e-03,-1.489258e-02,1.220703e-03,2000,0,-1.482202e-04
2026-07-20T18:04:37.743,1784559877.743,142.803,-7.386108e-03,2.613596e-03,-2.026367e-02,9.765625e-04,2000,0,-1.477222e-04
2026-07-20T18:04:37.841,1784559877.842,142.903,-7.515747e-03,2.591677e-03,-1.562500e-02,2.441406e-03,2000,0,-1.503149e-04
2026-07-20T18:04:37.944,1784559877.944,143.003,-7.058472e-03,2.577051e-03,-1.586914e-02,2.197266e-03,2000,0,-1.411694e-04
2026-07-20T18:04:38.043,1784559878.044,143.103,-7.026367e-03,2.525170e-03,-1.562500e-02,2.929688e-03,2000,0,-1.405273e-04
2026-07-20T18:04:38.143,1784559878.143,143.203,-7.399902e-03,2.706945e-03,-1.562500e-02,1.708984e-03,2000,0,-1.479980e-04
2026-07-20T18:04:38.244,1784559878.244,143.303,-7.337036e-03,2.530347e-03,-1.708984e-02,7.324219e-04,2000,0,-1.467407e-04
2026-07-20T18:04:38.343,1784559878.344,143.403,-7.656982e-03,2.574685e-03,-1.684570e-02,3.417969e-03,2000,0,-1.531396e-04
2026-07-20T18:04:38.441,1784559878.442,143.503,-7.266602e-03,2.588309e-03,-1.806641e-02,1.708984e-03,2000,0,-1.453320e-04
2026-07-20T18:04:38.541,1784559878.542,143.603,-6.921753e-03,2.656682e-03,-1.684570e-02,3.417969e-03,2000,0,-1.384351e-04
2026-07-20T18:04:38.643,1784559878.644,143.703,-7.157349e-03,2.700203e-03,-1.660156e-02,5.859375e-03,2000,0,-1.431470e-04
2026-07-20T18:04:38.743,1784559878.744,143.803,-7.289307e-03,2.746029e-03,-1.708984e-02,9.765625e-04,2000,0,-1.457861e-04
2026-07-20T18:04:38.844,1784559878.844,143.903,-7.129517e-03,2.680865e-03,-1.831055e-02,1.220703e-03,2000,0,-1.425903e-04
2026-07-20T18:04:38.943,1784559878.944,144.003,-7.460083e-03,2.734188e-03,-1.757812e-02,1.464844e-03,2000,0,-1.492017e-04
2026-07-20T18:04:39.043,1784559879.044,144.103,-7.320801e-03,2.756096e-03,-1.611328e-02,6.347656e-03,2000,0,-1.464160e-04
2026-07-20T18:04:39.141,1784559879.142,144.203,-7.308350e-03,2.708605e-03,-1.660156e-02,1.464844e-03,2000,0,-1.461670e-04
2026-07-20T18:04:39.243,1784559879.243,144.303,-7.762207e-03,2.893335e-03,-1.904297e-02,2.685547e-03,2000,0,-1.552441e-04
2026-07-20T18:04:39.341,1784559879.342,144.403,-7.548950e-03,2.868992e-03,-1.660156e-02,3.417969e-03,2000,0,-1.509790e-04
2026-07-20T18:04:39.444,1784559879.444,144.503,-7.061157e-03,2.797051e-03,-1.684570e-02,1.464844e-03,2000,0,-1.412231e-04
2026-07-20T18:04:39.543,1784559879.543,144.603,-7.007935e-03,2.940767e-03,-1.904297e-02,2.929688e-03,2000,0,-1.401587e-04
2026-07-20T18:04:39.642,1784559879.642,144.703,-7.017944e-03,2.833449e-03,-1.733398e-02,1.220703e-03,2000,0,-1.403589e-04
2026-07-20T18:04:39.743,1784559879.744,144.803,-7.004150e-03,2.895103e-03,-1.757812e-02,4.150391e-03,2000,0,-1.400830e-04
2026-07-20T18:04:39.843,1784559879.843,144.903,-7.389160e-03,2.977918e-03,-2.050781e-02,3.662109e-03,2000,0,-1.477832e-04
2026-07-20T18:04:39.941,1784559879.942,145.003,-7.359497e-03,2.840727e-03,-1.513672e-02,1.953125e-03,2000,0,-1.471899e-04
2026-07-20T18:04:40.041,1784559880.042,145.103,-7.064697e-03,2.901692e-03,-1.708984e-02,3.417969e-03,2000,0,-1.412939e-04
2026-07-20T18:04:40.143,1784559880.143,145.203,-7.003662e-03,2.917057e-03,-1.806641e-02,1.708984e-03,2000,0,-1.400732e-04
2026-07-20T18:04:40.241,1784559880.242,145.303,-7.787964e-03,2.996585e-03,-1.977539e-02,5.859375e-03,2000,0,-1.557593e-04
2026-07-20T18:04:40.341,1784559880.341,145.403,-6.992432e-03,2.969608e-03,-1.733398e-02,3.662109e-03,2000,0,-1.398486e-04
2026-07-20T18:04:40.443,1784559880.443,145.503,-7.087524e-03,2.969151e-03,-1.538086e-02,2.197266e-03,2000,0,-1.417505e-04
2026-07-20T18:04:40.543,1784559880.543,145.603,-7.007080e-03,2.982661e-03,-1.733398e-02,2.929688e-03,2000,0,-1.401416e-04
2026-07-20T18:04:40.644,1784559880.644,145.703,-6.927368e-03,2.912642e-03,-1.538086e-02,4.150391e-03,2000,0,-1.385474e-04
2026-07-20T18:04:40.743,1784559880.744,145.803,-6.629150e-03,2.912216e-03,-1.635742e-02,2.929688e-03,2000,0,-1.325830e-04
2026-07-20T18:04:40.843,1784559880.844,145.903,-6.924072e-03,2.958655e-03,-1.757812e-02,3.906250e-03,2000,0,-1.384814e-04
2026-07-20T18:04:40.941,1784559880.942,146.003,-6.679443e-03,2.862908e-03,-1.855469e-02,2.197266e-03,2000,0,-1.335889e-04
2026-07-20T18:04:41.043,1784559881.044,146.103,-6.802856e-03,2.772347e-03,-1.611328e-02,2.197266e-03,2000,0,-1.360571e-04
2026-07-20T18:04:41.143,1784559881.144,146.203,-6.729126e-03,2.944462e-03,-1.708984e-02,2.685547e-03,2000,0,-1.345825e-04
2026-07-20T18:04:41.241,1784559881.242,146.303,-6.558472e-03,2.841160e-03,-1.635742e-02,4.150391e-03,2000,0,-1.311694e-04
2026-07-20T18:04:41.341,1784559881.342,146.403,-6.916504e-03,2.953295e-03,-1.757812e-02,3.906250e-03,2000,0,-1.383301e-04
2026-07-20T18:04:41.441,1784559881.442,146.503,-6.169800e-03,2.841663e-03,-1.977539e-02,1.953125e-03,2000,0,-1.233960e-04
2026-07-20T18:04:41.541,1784559881.542,146.603,-6.925049e-03,2.803323e-03,-1.660156e-02,3.173828e-03,2000,0,-1.385010e-04
2026-07-20T18:04:41.641,1784559881.642,146.703,-6.919434e-03,2.962816e-03,-1.831055e-02,2.441406e-03,2000,0,-1.383887e-04
2026-07-20T18:04:41.741,1784559881.742,146.803,-6.949829e-03,2.849058e-03,-1.757812e-02,7.568359e-03,2000,0,-1.389966e-04
2026-07-20T18:04:41.841,1784559881.842,146.903,-6.126953e-03,2.924330e-03,-1.489258e-02,9.033203e-03,2000,0,-1.225391e-04
2026-07-20T18:04:41.943,1784559881.944,147.003,-6.587280e-03,2.889940e-03,-2.050781e-02,1.708984e-03,2000,0,-1.317456e-04
2026-07-20T18:04:42.041,1784559882.042,147.103,-6.343628e-03,3.152802e-03,-1.782227e-02,3.173828e-03,2000,0,-1.268726e-04
2026-07-20T18:04:42.143,1784559882.144,147.203,-6.695190e-03,2.940959e-03,-1.611328e-02,3.173828e-03,2000,0,-1.339038e-04
2026-07-20T18:04:42.243,1784559882.244,147.303,-6.484009e-03,3.060423e-03,-1.538086e-02,2.929688e-03,2000,0,-1.296802e-04
2026-07-20T18:04:42.341,1784559882.342,147.403,-5.641602e-03,3.098599e-03,-1.660156e-02,4.394531e-03,2000,0,-1.128320e-04
2026-07-20T18:04:42.441,1784559882.442,147.503,-5.960083e-03,3.233323e-03,-1.586914e-02,7.080078e-03,2000,0,-1.192017e-04
2026-07-20T18:04:42.541,1784559882.542,147.603,-6.226074e-03,3.021214e-03,-1.733398e-02,5.371094e-03,2000,0,-1.245215e-04
2026-07-20T18:04:42.641,1784559882.642,147.703,-5.864380e-03,3.183523e-03,-1.611328e-02,6.103516e-03,2000,0,-1.172876e-04
2026-07-20T18:04:42.743,1784559882.744,147.803,-6.614136e-03,3.168651e-03,-1.513672e-02,4.394531e-03,2000,0,-1.322827e-04
2026-07-20T18:04:42.843,1784559882.844,147.903,-6.260986e-03,3.255119e-03,-1.684570e-02,7.812500e-03,2000,0,-1.252197e-04
2026-07-20T18:04:42.941,1784559882.942,148.003,-6.063965e-03,3.202496e-03,-1.782227e-02,4.882812e-03,2000,0,-1.212793e-04
2026-07-20T18:04:43.044,1784559883.044,148.103,-5.902832e-03,3.188810e-03,-1.708984e-02,4.150391e-03,2000,0,-1.180566e-04
2026-07-20T18:04:43.141,1784559883.142,148.203,-6.258301e-03,3.301970e-03,-1.611328e-02,5.859375e-03,2000,0,-1.251660e-04
2026-07-20T18:04:43.241,1784559883.241,148.303,-6.192871e-03,3.092887e-03,-1.684570e-02,4.394531e-03,2000,0,-1.238574e-04
2026-07-20T18:04:43.341,1784559883.342,148.403,-6.739258e-03,3.114082e-03,-1.660156e-02,2.929688e-03,2000,0,-1.347852e-04
2026-07-20T18:04:43.441,1784559883.441,148.503,-7.090820e-03,3.241293e-03,-1.879883e-02,9.521484e-03,2000,0,-1.418164e-04
2026-07-20T18:04:43.541,1784559883.541,148.603,-6.114868e-03,3.054114e-03,-1.513672e-02,3.662109e-03,2000,0,-1.222974e-04
2026-07-20T18:04:43.643,1784559883.644,148.703,-6.440430e-03,3.102158e-03,-1.513672e-02,6.591797e-03,2000,0,-1.288086e-04
2026-07-20T18:04:43.741,1784559883.742,148.803,-6.335693e-03,3.137208e-03,-1.660156e-02,5.371094e-03,2000,0,-1.267139e-04
2026-07-20T18:04:43.841,1784559883.842,148.903,-6.638306e-03,3.175210e-03,-1.684570e-02,8.056641e-03,2000,0,-1.327661e-04
2026-07-20T18:04:43.944,1784559883.944,149.003,-6.014404e-03,3.052664e-03,-1.733398e-02,5.615234e-03,2000,0,-1.202881e-04
2026-07-20T18:04:44.043,1784559884.043,149.103,-5.748413e-03,3.146621e-03,-1.904297e-02,5.859375e-03,2000,0,-1.149683e-04
2026-07-20T18:04:44.141,1784559884.142,149.203,-5.971191e-03,2.943330e-03,-1.513672e-02,6.103516e-03,2000,0,-1.194238e-04
2026-07-20T18:04:44.241,1784559884.241,149.303,-5.736328e-03,3.135625e-03,-1.757812e-02,4.394531e-03,2000,0,-1.147266e-04
2026-07-20T18:04:44.343,1784559884.344,149.403,-5.847778e-03,3.151753e-03,-1.489258e-02,5.859375e-03,2000,0,-1.169556e-04
2026-07-20T18:04:44.441,1784559884.442,149.503,-5.935669e-03,3.147927e-03,-2.099609e-02,7.080078e-03,2000,0,-1.187134e-04
2026-07-20T18:04:44.541,1784559884.542,149.603,-5.776123e-03,3.189085e-03,-1.831055e-02,6.103516e-03,2000,0,-1.155225e-04
2026-07-20T18:04:44.641,1784559884.642,149.703,-6.033813e-03,3.127983e-03,-1.586914e-02,1.025391e-02,2000,0,-1.206763e-04
2026-07-20T18:04:44.741,1784559884.742,149.803,-5.566650e-03,3.119592e-03,-1.562500e-02,8.300781e-03,2000,0,-1.113330e-04
2026-07-20T18:04:44.843,1784559884.843,149.903,-5.829712e-03,3.154158e-03,-1.611328e-02,8.544922e-03,2000,0,-1.165942e-04
2026-07-20T18:04:44.943,1784559884.944,150.003,-5.969727e-03,3.158492e-03,-1.757812e-02,4.882812e-03,2000,0,-1.193945e-04
2026-07-20T18:04:45.041,1784559885.042,150.103,-5.671021e-03,3.251026e-03,-1.611328e-02,5.615234e-03,2000,0,-1.134204e-04
2026-07-20T18:04:45.143,1784559885.143,150.203,-5.805298e-03,3.316715e-03,-1.660156e-02,7.568359e-03,2000,0,-1.161060e-04
2026-07-20T18:04:45.243,1784559885.244,150.303,-6.141479e-03,3.240569e-03,-1.684570e-02,6.103516e-03,2000,0,-1.228296e-04
2026-07-20T18:04:45.341,1784559885.342,150.403,-7.004639e-03,3.287501e-03,-1.733398e-02,3.173828e-03,2000,0,-1.400928e-04
2026-07-20T18:04:45.443,1784559885.444,150.503,-6.043701e-03,3.212263e-03,-1.611328e-02,3.173828e-03,2000,0,-1.208740e-04
2026-07-20T18:04:45.543,1784559885.544,150.603,-5.984741e-03,3.252259e-03,-1.562500e-02,3.662109e-03,2000,0,-1.196948e-04
2026-07-20T18:04:45.641,1784559885.642,150.703,-5.950684e-03,3.280210e-03,-1.562500e-02,4.882812e-03,2000,0,-1.190137e-04
2026-07-20T18:04:45.741,1784559885.741,150.803,-6.102417e-03,3.413156e-03,-1.708984e-02,3.906250e-03,2000,0,-1.220483e-04
2026-07-20T18:04:45.843,1784559885.844,150.903,-6.107666e-03,3.508478e-03,-1.904297e-02,4.150391e-03,2000,0,-1.221533e-04
2026-07-20T18:04:45.943,1784559885.944,151.003,-5.878906e-03,3.475671e-03,-1.757812e-02,4.150391e-03,2000,0,-1.175781e-04
2026-07-20T18:04:46.041,1784559886.042,151.103,-5.849731e-03,3.378495e-03,-1.611328e-02,3.662109e-03,2000,0,-1.169946e-04
2026-07-20T18:04:46.143,1784559886.144,151.203,-6.293823e-03,3.266980e-03,-1.904297e-02,3.906250e-03,2000,0,-1.258765e-04
2026-07-20T18:04:46.241,1784559886.242,151.303,-6.060791e-03,3.303046e-03,-1.684570e-02,5.126953e-03,2000,0,-1.212158e-04
2026-07-20T18:04:46.341,1784559886.342,151.403,-5.774292e-03,3.222009e-03,-1.684570e-02,5.615234e-03,2000,0,-1.154858e-04
2026-07-20T18:04:46.443,1784559886.444,151.503,-5.965576e-03,3.225446e-03,-1.708984e-02,3.662109e-03,2000,0,-1.193115e-04
2026-07-20T18:04:46.541,1784559886.542,151.603,-6.203857e-03,3.284858e-03,-1.831055e-02,3.662109e-03,2000,0,-1.240771e-04
2026-07-20T18:04:46.643,1784559886.644,151.703,-5.963745e-03,3.398826e-03,-2.050781e-02,7.080078e-03,2000,0,-1.192749e-04
2026-07-20T18:04:46.741,1784559886.742,151.803,-6.087402e-03,3.267936e-03,-1.757812e-02,4.150391e-03,2000,0,-1.217480e-04
2026-07-20T18:04:46.841,1784559886.842,151.903,-5.778198e-03,3.296151e-03,-1.757812e-02,4.394531e-03,2000,0,-1.155640e-04
2026-07-20T18:04:46.943,1784559886.944,152.003,-5.890625e-03,3.256854e-03,-1.660156e-02,1.025391e-02,2000,0,-1.178125e-04
2026-07-20T18:04:47.041,1784559887.042,152.103,-6.017334e-03,3.209501e-03,-1.977539e-02,4.638672e-03,2000,0,-1.203467e-04
2026-07-20T18:04:47.141,1784559887.142,152.203,-5.941528e-03,3.431060e-03,-1.806641e-02,4.882812e-03,2000,0,-1.188306e-04
2026-07-20T18:04:47.241,1784559887.242,152.303,-6.054443e-03,3.417678e-03,-1.538086e-02,5.615234e-03,2000,0,-1.210889e-04
2026-07-20T18:04:47.341,1784559887.342,152.403,-5.908569e-03,3.444935e-03,-1.831055e-02,3.417969e-03,2000,0,-1.181714e-04
2026-07-20T18:04:47.441,1784559887.441,152.503,-6.422852e-03,3.369301e-03,-1.855469e-02,4.150391e-03,2000,0,-1.284570e-04
2026-07-20T18:04:47.541,1784559887.541,152.603,-5.921387e-03,3.390062e-03,-1.562500e-02,5.615234e-03,2000,0,-1.184277e-04
2026-07-20T18:04:47.643,1784559887.644,152.703,-6.212646e-03,3.460905e-03,-2.099609e-02,4.882812e-03,2000,0,-1.242529e-04
2026-07-20T18:04:47.741,1784559887.742,152.803,-6.748047e-03,3.643568e-03,-1.855469e-02,4.150391e-03,2000,0,-1.349609e-04
2026-07-20T18:04:47.843,1784559887.844,152.903,-6.794189e-03,3.550159e-03,-1.855469e-02,6.591797e-03,2000,0,-1.358838e-04
2026-07-20T18:04:47.941,1784559887.942,153.003,-6.743774e-03,3.508361e-03,-1.660156e-02,4.394531e-03,2000,0,-1.348755e-04
2026-07-20T18:04:48.041,1784559888.042,153.103,-6.466797e-03,3.778812e-03,-1.953125e-02,5.126953e-03,2000,0,-1.293359e-04
2026-07-20T18:04:48.141,1784559888.142,153.203,-6.444092e-03,3.614048e-03,-1.757812e-02,4.394531e-03,2000,0,-1.288818e-04
2026-07-20T18:04:48.241,1784559888.242,153.303,-6.774292e-03,3.606592e-03,-1.806641e-02,4.150391e-03,2000,0,-1.354858e-04
2026-07-20T18:04:48.341,1784559888.342,153.403,-6.548096e-03,3.734928e-03,-1.904297e-02,6.835938e-03,2000,0,-1.309619e-04
2026-07-20T18:04:48.441,1784559888.441,153.503,-7.263916e-03,3.638129e-03,-1.806641e-02,4.638672e-03,2000,0,-1.452783e-04
2026-07-20T18:04:48.541,1784559888.542,153.603,-6.902222e-03,3.624011e-03,-1.904297e-02,2.685547e-03,2000,0,-1.380444e-04
2026-07-20T18:04:48.641,1784559888.642,153.703,-6.697754e-03,3.789631e-03,-1.855469e-02,3.906250e-03,2000,0,-1.339551e-04
2026-07-20T18:04:48.741,1784559888.742,153.803,-6.729492e-03,3.837809e-03,-2.270508e-02,3.906250e-03,2000,0,-1.345898e-04
2026-07-20T18:04:48.841,1784559888.841,153.903,-7.277588e-03,3.700978e-03,-1.953125e-02,1.586914e-02,2000,0,-1.455518e-04
2026-07-20T18:04:48.941,1784559888.941,154.003,-6.701416e-03,3.663170e-03,-2.026367e-02,3.662109e-03,2000,0,-1.340283e-04
2026-07-20T18:04:49.041,1784559889.041,154.103,-7.048096e-03,3.768648e-03,-2.001953e-02,3.417969e-03,2000,0,-1.409619e-04
2026-07-20T18:04:49.141,1784559889.141,154.203,-6.858276e-03,3.817848e-03,-2.465820e-02,7.324219e-03,2000,0,-1.371655e-04
2026-07-20T18:04:49.241,1784559889.241,154.303,-6.773071e-03,3.820455e-03,-2.050781e-02,4.882812e-03,2000,0,-1.354614e-04
2026-07-20T18:04:49.344,1784559889.344,154.403,-6.924561e-03,3.898416e-03,-2.075195e-02,4.882812e-03,2000,0,-1.384912e-04
2026-07-20T18:04:49.443,1784559889.444,154.503,-7.585449e-03,3.968026e-03,-1.977539e-02,5.859375e-03,2000,0,-1.517090e-04
2026-07-20T18:04:49.541,1784559889.542,154.603,-7.262451e-03,3.877726e-03,-2.294922e-02,3.906250e-03,2000,0,-1.452490e-04
2026-07-20T18:04:49.641,1784559889.642,154.703,-7.033447e-03,3.946634e-03,-2.124023e-02,2.441406e-03,2000,0,-1.406689e-04
2026-07-20T18:04:49.743,1784559889.744,154.803,-7.037109e-03,4.058525e-03,-2.124023e-02,5.859375e-03,2000,0,-1.407422e-04
2026-07-20T18:04:49.841,1784559889.842,154.903,-7.031006e-03,3.931108e-03,-1.855469e-02,4.150391e-03,2000,0,-1.406201e-04
2026-07-20T18:04:49.941,1784559889.941,155.003,-7.199341e-03,3.735630e-03,-1.904297e-02,3.662109e-03,2000,0,-1.439868e-04
2026-07-20T18:04:50.041,1784559890.042,155.103,-7.773071e-03,3.876115e-03,-2.001953e-02,2.685547e-03,2000,0,-1.554614e-04
2026-07-20T18:04:50.141,1784559890.142,155.203,-7.587646e-03,3.882648e-03,-1.855469e-02,1.147461e-02,2000,0,-1.517529e-04
2026-07-20T18:04:50.241,1784559890.241,155.303,-7.617920e-03,3.893877e-03,-2.099609e-02,4.882812e-03,2000,0,-1.523584e-04
2026-07-20T18:04:50.341,1784559890.342,155.403,-7.175049e-03,4.025461e-03,-2.075195e-02,1.000977e-02,2000,0,-1.435010e-04
2026-07-20T18:04:50.441,1784559890.442,155.503,-7.394653e-03,4.049154e-03,-1.953125e-02,3.906250e-03,2000,0,-1.478931e-04
2026-07-20T18:04:50.541,1784559890.542,155.603,-7.255127e-03,4.083378e-03,-2.124023e-02,7.080078e-03,2000,0,-1.451025e-04
2026-07-20T18:04:50.643,1784559890.644,155.703,-7.743286e-03,3.959726e-03,-1.953125e-02,3.173828e-03,2000,0,-1.548657e-04
2026-07-20T18:04:50.741,1784559890.742,155.803,-7.640869e-03,4.113141e-03,-2.001953e-02,3.417969e-03,2000,0,-1.528174e-04
2026-07-20T18:04:50.841,1784559890.842,155.903,-7.508545e-03,4.098626e-03,-2.270508e-02,2.929688e-03,2000,0,-1.501709e-04
2026-07-20T18:04:50.943,1784559890.944,156.003,-7.921265e-03,4.068250e-03,-1.928711e-02,3.173828e-03,2000,0,-1.584253e-04
2026-07-20T18:04:51.043,1784559891.044,156.103,-7.798462e-03,4.037994e-03,-1.904297e-02,4.882812e-03,2000,0,-1.559692e-04
2026-07-20T18:04:51.141,1784559891.142,156.203,-7.910767e-03,3.957078e-03,-1.977539e-02,4.394531e-03,2000,0,-1.582153e-04
2026-07-20T18:04:51.243,1784559891.244,156.303,-8.051880e-03,4.005901e-03,-2.148438e-02,5.371094e-03,2000,0,-1.610376e-04
2026-07-20T18:04:51.341,1784559891.342,156.403,-7.154907e-03,4.023083e-03,-1.953125e-02,6.591797e-03,2000,0,-1.430981e-04
2026-07-20T18:04:51.442,1784559891.442,156.503,-7.406372e-03,3.966449e-03,-2.026367e-02,5.126953e-03,2000,0,-1.481274e-04
2026-07-20T18:04:51.543,1784559891.544,156.603,-7.600708e-03,4.100312e-03,-1.953125e-02,9.277344e-03,2000,0,-1.520142e-04
2026-07-20T18:04:51.641,1784559891.642,156.703,-7.658569e-03,4.105433e-03,-1.855469e-02,6.103516e-03,2000,0,-1.531714e-04
2026-07-20T18:04:51.743,1784559891.744,156.803,-7.621338e-03,4.062150e-03,-2.197266e-02,5.859375e-03,2000,0,-1.524268e-04
2026-07-20T18:04:51.843,1784559891.844,156.903,-7.801758e-03,4.056821e-03,-2.099609e-02,8.056641e-03,2000,0,-1.560352e-04
2026-07-20T18:04:51.941,1784559891.942,157.003,-7.730347e-03,4.095362e-03,-2.099609e-02,5.615234e-03,2000,0,-1.546069e-04
2026-07-20T18:04:52.041,1784559892.042,157.103,-7.689941e-03,4.070996e-03,-1.977539e-02,7.324219e-03,2000,0,-1.537988e-04
2026-07-20T18:04:52.143,1784559892.144,157.203,-7.414307e-03,4.097279e-03,-2.075195e-02,6.103516e-03,2000,0,-1.482861e-04
2026-07-20T18:04:52.241,1784559892.242,157.303,-6.891968e-03,4.177387e-03,-1.879883e-02,7.080078e-03,2000,0,-1.378394e-04
2026-07-20T18:04:52.341,1784559892.342,157.403,-7.088867e-03,4.094244e-03,-1.904297e-02,7.812500e-03,2000,0,-1.417773e-04
2026-07-20T18:04:52.441,1784559892.442,157.503,-7.831543e-03,4.088783e-03,-1.831055e-02,8.056641e-03,2000,0,-1.566309e-04
2026-07-20T18:04:52.543,1784559892.543,157.603,-7.565796e-03,4.068605e-03,-2.099609e-02,7.568359e-03,2000,0,-1.513159e-04
2026-07-20T18:04:52.641,1784559892.642,157.703,-7.497070e-03,4.097475e-03,-2.050781e-02,8.789062e-03,2000,0,-1.499414e-04
2026-07-20T18:04:52.741,1784559892.742,157.803,-7.654663e-03,4.015490e-03,-2.221680e-02,6.835938e-03,2000,0,-1.530933e-04
2026-07-20T18:04:52.843,1784559892.843,157.903,-7.295776e-03,3.965688e-03,-1.928711e-02,1.025391e-02,2000,0,-1.459155e-04
2026-07-20T18:04:52.941,1784559892.942,158.003,-7.346680e-03,3.969696e-03,-2.099609e-02,6.103516e-03,2000,0,-1.469336e-04
2026-07-20T18:04:53.041,1784559893.042,158.103,-7.696289e-03,3.959397e-03,-2.075195e-02,7.812500e-03,2000,0,-1.539258e-04
2026-07-20T18:04:53.144,1784559893.144,158.203,-7.508789e-03,3.855841e-03,-1.977539e-02,4.882812e-03,2000,0,-1.501758e-04
2026-07-20T18:04:53.243,1784559893.244,158.303,-7.724976e-03,3.818323e-03,-1.953125e-02,7.080078e-03,2000,0,-1.544995e-04
2026-07-20T18:04:53.343,1784559893.344,158.403,-7.556763e-03,3.706504e-03,-1.977539e-02,5.615234e-03,2000,0,-1.511353e-04
2026-07-20T18:04:53.441,1784559893.442,158.503,-7.313110e-03,3.857271e-03,-1.904297e-02,6.835938e-03,2000,0,-1.462622e-04
2026-07-20T18:04:53.543,1784559893.543,158.603,-7.229370e-03,3.836634e-03,-1.977539e-02,4.882812e-03,2000,0,-1.445874e-04
2026-07-20T18:04:53.641,1784559893.642,158.703,-7.113647e-03,3.628702e-03,-2.050781e-02,4.150391e-03,2000,0,-1.422729e-04
2026-07-20T18:04:53.741,1784559893.742,158.803,-6.935425e-03,3.581547e-03,-2.001953e-02,7.324219e-03,2000,0,-1.387085e-04
2026-07-20T18:04:53.843,1784559893.844,158.903,-7.216309e-03,3.590317e-03,-2.050781e-02,7.568359e-03,2000,0,-1.443262e-04
2026-07-20T18:04:53.943,1784559893.944,159.003,-7.229126e-03,3.412653e-03,-2.270508e-02,6.591797e-03,2000,0,-1.445825e-04
2026-07-20T18:04:54.044,1784559894.044,159.103,-7.395508e-03,3.382892e-03,-2.294922e-02,4.150391e-03,2000,0,-1.479102e-04
2026-07-20T18:04:54.143,1784559894.144,159.203,-7.187500e-03,3.455943e-03,-2.050781e-02,3.662109e-03,2000,0,-1.437500e-04
2026-07-20T18:04:54.243,1784559894.243,159.303,-7.201172e-03,3.683491e-03,-1.831055e-02,5.126953e-03,2000,0,-1.440234e-04
2026-07-20T18:04:54.344,1784559894.344,159.403,-7.115845e-03,3.334974e-03,-1.879883e-02,5.126953e-03,2000,0,-1.423169e-04
2026-07-20T18:04:54.443,1784559894.444,159.503,-7.367920e-03,3.377877e-03,-2.099609e-02,3.417969e-03,2000,0,-1.473584e-04
2026-07-20T18:04:54.543,1784559894.544,159.603,-7.192261e-03,3.243933e-03,-2.099609e-02,3.662109e-03,2000,0,-1.438452e-04
2026-07-20T18:04:54.641,1784559894.642,159.703,-7.017700e-03,3.482948e-03,-1.806641e-02,2.441406e-03,2000,0,-1.403540e-04
2026-07-20T18:04:54.741,1784559894.742,159.803,-7.394653e-03,3.396147e-03,-1.977539e-02,3.173828e-03,2000,0,-1.478931e-04
2026-07-20T18:04:54.843,1784559894.844,159.903,-7.246582e-03,3.322259e-03,-1.977539e-02,5.615234e-03,2000,0,-1.449316e-04
2026-07-20T18:04:54.944,1784559894.944,160.003,-7.286743e-03,3.301409e-03,-2.148438e-02,2.197266e-03,2000,0,-1.457349e-04
2026-07-20T18:04:55.043,1784559895.044,160.103,-7.687256e-03,3.398222e-03,-1.879883e-02,2.685547e-03,2000,0,-1.537451e-04
2026-07-20T18:04:55.143,1784559895.144,160.203,-7.305908e-03,3.367348e-03,-1.708984e-02,4.882812e-03,2000,0,-1.461182e-04
2026-07-20T18:04:55.241,1784559895.242,160.303,-6.641357e-03,3.411963e-03,-1.879883e-02,4.882812e-03,2000,0,-1.328271e-04
2026-07-20T18:04:55.341,1784559895.342,160.403,-7.564453e-03,3.365253e-03,-1.757812e-02,2.685547e-03,2000,0,-1.512891e-04
2026-07-20T18:04:55.441,1784559895.442,160.503,-7.104858e-03,3.258964e-03,-1.684570e-02,2.685547e-03,2000,0,-1.420972e-04
2026-07-20T18:04:55.541,1784559895.542,160.603,-6.620605e-03,3.283824e-03,-1.611328e-02,4.882812e-03,2000,0,-1.324121e-04
2026-07-20T18:04:55.641,1784559895.642,160.703,-7.832642e-03,3.448314e-03,-1.904297e-02,7.812500e-03,2000,0,-1.566528e-04
2026-07-20T18:04:55.741,1784559895.742,160.803,-7.336792e-03,3.287921e-03,-1.733398e-02,2.929688e-03,2000,0,-1.467358e-04
2026-07-20T18:04:55.841,1784559895.842,160.903,-6.681274e-03,3.270110e-03,-1.806641e-02,3.173828e-03,2000,0,-1.336255e-04
2026-07-20T18:04:55.941,1784559895.942,161.003,-7.265015e-03,3.198100e-03,-1.806641e-02,2.441406e-03,2000,0,-1.453003e-04
2026-07-20T18:04:56.043,1784559896.044,161.103,-7.156372e-03,3.236184e-03,-1.831055e-02,2.441406e-03,2000,0,-1.431274e-04
2026-07-20T18:04:56.141,1784559896.142,161.203,-6.777710e-03,3.138500e-03,-1.708984e-02,4.150391e-03,2000,0,-1.355542e-04
2026-07-20T18:04:56.243,1784559896.244,161.303,-7.094849e-03,3.160078e-03,-1.806641e-02,3.173828e-03,2000,0,-1.418970e-04
2026-07-20T18:04:56.341,1784559896.342,161.403,-7.024780e-03,3.009098e-03,-2.294922e-02,2.197266e-03,2000,0,-1.404956e-04
2026-07-20T18:04:56.441,1784559896.442,161.503,-7.173462e-03,3.044123e-03,-1.806641e-02,2.929688e-03,2000,0,-1.434692e-04
2026-07-20T18:04:56.541,1784559896.542,161.603,-7.275146e-03,2.868955e-03,-1.977539e-02,2.197266e-03,2000,0,-1.455029e-04
2026-07-20T18:04:56.641,1784559896.642,161.703,-7.527710e-03,2.905251e-03,-1.831055e-02,5.126953e-03,2000,0,-1.505542e-04
2026-07-20T18:04:56.741,1784559896.742,161.803,-7.460449e-03,2.882200e-03,-1.684570e-02,5.615234e-03,2000,0,-1.492090e-04
2026-07-20T18:04:56.843,1784559896.844,161.903,-7.313232e-03,2.749342e-03,-1.953125e-02,3.662109e-03,2000,0,-1.462646e-04
2026-07-20T18:04:56.941,1784559896.942,162.003,-7.416992e-03,2.753692e-03,-1.684570e-02,1.220703e-03,2000,0,-1.483398e-04
2026-07-20T18:04:57.041,1784559897.042,162.103,-6.839844e-03,2.696652e-03,-1.684570e-02,3.906250e-03,2000,0,-1.367969e-04
2026-07-20T18:04:57.143,1784559897.144,162.203,-6.925293e-03,2.674148e-03,-1.806641e-02,2.197266e-03,2000,0,-1.385059e-04
2026-07-20T18:04:57.243,1784559897.244,162.303,-6.898071e-03,2.576496e-03,-1.684570e-02,2.685547e-03,2000,0,-1.379614e-04
2026-07-20T18:04:57.341,1784559897.342,162.403,-7.216064e-03,2.554611e-03,-1.562500e-02,3.173828e-03,2000,0,-1.443213e-04
2026-07-20T18:04:57.443,1784559897.444,162.503,-7.741455e-03,2.471474e-03,-1.708984e-02,9.765625e-04,2000,0,-1.548291e-04
2026-07-20T18:04:57.543,1784559897.544,162.603,-7.318359e-03,2.453309e-03,-1.782227e-02,1.708984e-03,2000,0,-1.463672e-04
2026-07-20T18:04:57.641,1784559897.642,162.703,-6.805542e-03,2.444334e-03,-1.562500e-02,3.662109e-03,2000,0,-1.361108e-04
2026-07-20T18:04:57.743,1784559897.744,162.803,-7.256226e-03,2.540353e-03,-1.879883e-02,2.685547e-03,2000,0,-1.451245e-04
2026-07-20T18:04:57.843,1784559897.844,162.903,-6.948242e-03,2.405280e-03,-1.757812e-02,7.324219e-04,2000,0,-1.389648e-04
2026-07-20T18:04:57.941,1784559897.942,163.003,-6.744019e-03,2.553596e-03,-1.513672e-02,2.685547e-03,2000,0,-1.348804e-04
2026-07-20T18:04:58.044,1784559898.044,163.103,-7.304688e-03,2.610120e-03,-1.611328e-02,1.953125e-03,2000,0,-1.460938e-04
2026-07-20T18:04:58.143,1784559898.144,163.203,-7.171997e-03,2.592283e-03,-1.513672e-02,2.685547e-03,2000,0,-1.434399e-04
2026-07-20T18:04:58.244,1784559898.244,163.303,-6.687622e-03,2.748035e-03,-1.733398e-02,2.685547e-03,2000,0,-1.337524e-04
2026-07-20T18:04:58.343,1784559898.344,163.403,-7.468750e-03,2.612596e-03,-2.172852e-02,2.441406e-03,2000,0,-1.493750e-04
2026-07-20T18:04:58.441,1784559898.442,163.503,-7.622314e-03,2.872947e-03,-1.586914e-02,4.150391e-03,2000,0,-1.524463e-04
2026-07-20T18:04:58.541,1784559898.542,163.603,-6.939209e-03,2.820158e-03,-1.635742e-02,2.685547e-03,2000,0,-1.387842e-04
2026-07-20T18:04:58.643,1784559898.644,163.703,-7.525513e-03,2.973385e-03,-1.757812e-02,4.638672e-03,2000,0,-1.505103e-04
2026-07-20T18:04:58.743,1784559898.744,163.803,-7.230103e-03,3.038358e-03,-1.806641e-02,2.197266e-03,2000,0,-1.446021e-04
2026-07-20T18:04:58.844,1784559898.844,163.903,-6.980835e-03,3.101252e-03,-1.708984e-02,2.441406e-03,2000,0,-1.396167e-04
2026-07-20T18:04:58.941,1784559898.942,164.003,-7.545166e-03,3.124971e-03,-1.831055e-02,3.417969e-03,2000,0,-1.509033e-04
2026-07-20T18:04:59.043,1784559899.044,164.103,-7.279785e-03,3.191366e-03,-1.831055e-02,3.417969e-03,2000,0,-1.455957e-04
2026-07-20T18:04:59.143,1784559899.144,164.203,-7.550781e-03,3.212651e-03,-1.831055e-02,4.394531e-03,2000,0,-1.510156e-04
2026-07-20T18:04:59.243,1784559899.244,164.303,-6.927002e-03,3.203864e-03,-1.708984e-02,4.394531e-03,2000,0,-1.385400e-04
2026-07-20T18:04:59.343,1784559899.344,164.403,-7.240723e-03,3.206627e-03,-1.977539e-02,4.150391e-03,2000,0,-1.448145e-04
2026-07-20T18:04:59.441,1784559899.442,164.503,-7.257446e-03,3.339552e-03,-1.757812e-02,2.929688e-03,2000,0,-1.451489e-04
2026-07-20T18:04:59.541,1784559899.542,164.603,-7.464600e-03,3.407475e-03,-1.806641e-02,1.049805e-02,2000,0,-1.492920e-04
2026-07-20T18:04:59.643,1784559899.644,164.703,-7.439941e-03,3.443208e-03,-1.831055e-02,4.882812e-03,2000,0,-1.487988e-04
2026-07-20T18:04:59.743,1784559899.744,164.803,-6.849609e-03,3.422977e-03,-1.806641e-02,4.394531e-03,2000,0,-1.369922e-04
2026-07-20T18:04:59.841,1784559899.842,164.903,-7.175537e-03,3.319622e-03,-1.806641e-02,2.441406e-03,2000,0,-1.435107e-04
2026-07-20T18:04:59.943,1784559899.944,165.003,-7.656616e-03,3.257533e-03,-1.831055e-02,2.685547e-03,2000,0,-1.531323e-04
2026-07-20T18:05:00.041,1784559900.042,165.103,-7.288574e-03,3.412599e-03,-1.806641e-02,4.150391e-03,2000,0,-1.457715e-04
2026-07-20T18:05:00.143,1784559900.144,165.203,-7.371704e-03,3.449895e-03,-1.879883e-02,4.394531e-03,2000,0,-1.474341e-04
2026-07-20T18:05:00.243,1784559900.244,165.303,-7.343628e-03,3.283979e-03,-2.099609e-02,5.126953e-03,2000,0,-1.468726e-04
2026-07-20T18:05:00.341,1784559900.342,165.403,-7.303345e-03,3.325507e-03,-1.855469e-02,2.929688e-03,2000,0,-1.460669e-04
2026-07-20T18:05:00.443,1784559900.444,165.503,-7.839233e-03,3.361121e-03,-1.757812e-02,3.417969e-03,2000,0,-1.567847e-04
2026-07-20T18:05:00.543,1784559900.544,165.603,-6.775146e-03,3.284295e-03,-1.684570e-02,4.150391e-03,2000,0,-1.355029e-04
2026-07-20T18:05:00.641,1784559900.642,165.703,-7.028931e-03,3.392980e-03,-1.782227e-02,2.929688e-03,2000,0,-1.405786e-04
2026-07-20T18:05:00.743,1784559900.744,165.803,-7.062378e-03,3.198189e-03,-1.684570e-02,2.929688e-03,2000,0,-1.412476e-04
2026-07-20T18:05:00.843,1784559900.844,165.903,-6.723877e-03,3.134573e-03,-1.977539e-02,2.685547e-03,2000,0,-1.344775e-04
2026-07-20T18:05:00.941,1784559900.942,166.003,-6.805420e-03,3.342011e-03,-1.879883e-02,4.638672e-03,2000,0,-1.361084e-04
2026-07-20T18:05:01.043,1784559901.044,166.103,-6.802002e-03,3.124453e-03,-1.611328e-02,3.662109e-03,2000,0,-1.360400e-04
2026-07-20T18:05:01.141,1784559901.142,166.203,-7.148682e-03,3.216696e-03,-1.904297e-02,3.417969e-03,2000,0,-1.429736e-04
2026-07-20T18:05:01.241,1784559901.242,166.303,-7.089722e-03,3.187031e-03,-1.757812e-02,2.197266e-03,2000,0,-1.417944e-04
2026-07-20T18:05:01.342,1784559901.342,166.403,-7.347656e-03,3.388183e-03,-1.879883e-02,2.685547e-03,2000,0,-1.469531e-04
2026-07-20T18:05:01.441,1784559901.442,166.503,-6.833130e-03,3.118072e-03,-2.246094e-02,3.173828e-03,2000,0,-1.366626e-04
2026-07-20T18:05:01.541,1784559901.542,166.603,-6.659668e-03,3.232543e-03,-1.806641e-02,3.662109e-03,2000,0,-1.331934e-04
2026-07-20T18:05:01.641,1784559901.642,166.703,-7.287964e-03,3.436052e-03,-1.782227e-02,8.789062e-03,2000,0,-1.457593e-04
2026-07-20T18:05:01.741,1784559901.742,166.803,-7.797363e-03,3.272916e-03,-1.782227e-02,3.173828e-03,2000,0,-1.559473e-04
2026-07-20T18:05:01.841,1784559901.842,166.903,-6.738647e-03,3.145321e-03,-1.708984e-02,3.417969e-03,2000,0,-1.347729e-04
2026-07-20T18:05:01.943,1784559901.944,167.003,-7.112183e-03,3.395699e-03,-1.855469e-02,3.906250e-03,2000,0,-1.422437e-04
2026-07-20T18:05:02.043,1784559902.044,167.103,-7.096558e-03,3.143987e-03,-1.635742e-02,3.417969e-03,2000,0,-1.419312e-04
2026-07-20T18:05:02.141,1784559902.141,167.203,-6.984741e-03,3.274498e-03,-1.757812e-02,6.591797e-03,2000,0,-1.396948e-04
2026-07-20T18:05:02.241,1784559902.241,167.303,-7.348389e-03,3.470527e-03,-1.855469e-02,3.662109e-03,2000,0,-1.469678e-04
2026-07-20T18:05:02.341,1784559902.341,167.403,-7.217163e-03,3.257683e-03,-2.124023e-02,3.417969e-03,2000,0,-1.443433e-04
2026-07-20T18:05:02.441,1784559902.441,167.503,-6.866333e-03,3.277264e-03,-1.806641e-02,5.371094e-03,2000,0,-1.373267e-04
2026-07-20T18:05:02.543,1784559902.544,167.603,-7.241211e-03,3.072114e-03,-1.733398e-02,6.347656e-03,2000,0,-1.448242e-04
2026-07-20T18:05:02.641,1784559902.641,167.703,-7.097656e-03,3.451149e-03,-1.855469e-02,3.906250e-03,2000,0,-1.419531e-04
2026-07-20T18:05:02.741,1784559902.741,167.803,-6.588379e-03,3.269760e-03,-2.026367e-02,4.638672e-03,2000,0,-1.317676e-04
2026-07-20T18:05:02.841,1784559902.841,167.903,-7.115845e-03,3.304992e-03,-1.757812e-02,4.882812e-03,2000,0,-1.423169e-04
2026-07-20T18:05:02.941,1784559902.941,168.003,-7.056641e-03,3.187469e-03,-1.635742e-02,3.417969e-03,2000,0,-1.411328e-04
2026-07-20T18:05:03.041,1784559903.041,168.103,-6.695190e-03,3.144917e-03,-1.708984e-02,7.080078e-03,2000,0,-1.339038e-04
2026-07-20T18:05:03.141,1784559903.141,168.203,-6.951294e-03,3.147703e-03,-1.757812e-02,3.662109e-03,2000,0,-1.390259e-04
2026-07-20T18:05:03.241,1784559903.241,168.303,-6.893433e-03,3.140535e-03,-1.928711e-02,5.126953e-03,2000,0,-1.378687e-04
2026-07-20T18:05:03.341,1784559903.341,168.403,-6.598145e-03,3.091724e-03,-1.708984e-02,5.859375e-03,2000,0,-1.319629e-04
2026-07-20T18:05:03.441,1784559903.441,168.503,-6.273804e-03,3.097316e-03,-1.586914e-02,4.394531e-03,2000,0,-1.254761e-04
2026-07-20T18:05:03.541,1784559903.541,168.603,-6.976196e-03,3.266337e-03,-1.684570e-02,4.394531e-03,2000,0,-1.395239e-04
2026-07-20T18:05:03.641,1784559903.641,168.703,-6.622437e-03,3.205193e-03,-1.684570e-02,4.394531e-03,2000,0,-1.324487e-04
2026-07-20T18:05:03.743,1784559903.744,168.803,-6.634766e-03,3.234776e-03,-2.001953e-02,3.906250e-03,2000,0,-1.326953e-04
2026-07-20T18:05:03.841,1784559903.841,168.903,-6.765991e-03,3.231858e-03,-1.904297e-02,3.417969e-03,2000,0,-1.353198e-04
2026-07-20T18:05:03.941,1784559903.941,169.003,-6.610596e-03,3.321623e-03,-1.708984e-02,2.929688e-03,2000,0,-1.322119e-04
2026-07-20T18:05:04.043,1784559904.044,169.103,-6.928467e-03,3.163062e-03,-2.172852e-02,4.882812e-03,2000,0,-1.385693e-04
2026-07-20T18:05:04.141,1784559904.142,169.203,-7.192505e-03,3.216736e-03,-1.733398e-02,5.126953e-03,2000,0,-1.438501e-04
2026-07-20T18:05:04.241,1784559904.242,169.303,-6.784668e-03,3.020365e-03,-1.757812e-02,4.150391e-03,2000,0,-1.356934e-04
2026-07-20T18:05:04.341,1784559904.342,169.403,-6.802002e-03,3.152589e-03,-1.733398e-02,3.662109e-03,2000,0,-1.360400e-04
2026-07-20T18:05:04.441,1784559904.442,169.503,-6.800537e-03,3.052119e-03,-1.708984e-02,2.929688e-03,2000,0,-1.360107e-04
2026-07-20T18:05:04.541,1784559904.542,169.603,-6.662476e-03,3.116412e-03,-1.684570e-02,3.662109e-03,2000,0,-1.332495e-04
2026-07-20T18:05:04.643,1784559904.644,169.703,-6.571533e-03,3.091818e-03,-2.172852e-02,3.417969e-03,2000,0,-1.314307e-04
2026-07-20T18:05:04.741,1784559904.741,169.803,-6.662964e-03,3.163572e-03,-2.441406e-02,5.371094e-03,2000,0,-1.332593e-04
2026-07-20T18:05:04.841,1784559904.841,169.903,-6.676270e-03,3.080986e-03,-1.708984e-02,3.417969e-03,2000,0,-1.335254e-04
2026-07-20T18:05:04.941,1784559904.941,170.003,-6.856812e-03,3.074061e-03,-1.611328e-02,2.929688e-03,2000,0,-1.371362e-04
2026-07-20T18:05:05.041,1784559905.041,170.103,-6.635132e-03,3.023068e-03,-1.513672e-02,3.417969e-03,2000,0,-1.327026e-04
2026-07-20T18:05:05.141,1784559905.142,170.203,-6.522827e-03,3.251589e-03,-1.635742e-02,4.394531e-03,2000,0,-1.304565e-04
2026-07-20T18:05:05.241,1784559905.241,170.303,-6.773926e-03,3.010250e-03,-2.050781e-02,2.441406e-03,2000,0,-1.354785e-04
2026-07-20T18:05:05.341,1784559905.341,170.403,-6.800415e-03,3.126519e-03,-1.806641e-02,3.173828e-03,2000,0,-1.360083e-04
2026-07-20T18:05:05.441,1784559905.441,170.503,-6.477051e-03,2.998740e-03,-1.586914e-02,9.033203e-03,2000,0,-1.295410e-04
2026-07-20T18:05:05.543,1784559905.544,170.603,-6.568970e-03,3.082054e-03,-1.635742e-02,4.638672e-03,2000,0,-1.313794e-04
2026-07-20T18:05:05.641,1784559905.641,170.703,-6.941040e-03,2.999525e-03,-1.733398e-02,3.417969e-03,2000,0,-1.388208e-04
2026-07-20T18:05:05.741,1784559905.741,170.803,-6.486206e-03,3.186362e-03,-1.904297e-02,4.394531e-03,2000,0,-1.297241e-04
2026-07-20T18:05:05.841,1784559905.841,170.903,-6.737305e-03,3.084790e-03,-1.660156e-02,2.685547e-03,2000,0,-1.347461e-04
2026-07-20T18:05:05.941,1784559905.941,171.003,-7.111816e-03,3.001263e-03,-1.562500e-02,3.173828e-03,2000,0,-1.422363e-04
2026-07-20T18:05:06.041,1784559906.041,171.103,-6.208740e-03,3.100704e-03,-1.586914e-02,4.150391e-03,2000,0,-1.241748e-04
2026-07-20T18:05:06.143,1784559906.144,171.203,-6.854492e-03,3.330281e-03,-2.124023e-02,3.662109e-03,2000,0,-1.370898e-04
2026-07-20T18:05:06.241,1784559906.241,171.303,-6.807861e-03,3.345134e-03,-1.782227e-02,5.615234e-03,2000,0,-1.361572e-04
2026-07-20T18:05:06.341,1784559906.341,171.403,-6.319458e-03,3.342874e-03,-1.684570e-02,4.638672e-03,2000,0,-1.263892e-04
2026-07-20T18:05:06.441,1784559906.441,171.503,-6.559570e-03,3.341371e-03,-1.708984e-02,3.173828e-03,2000,0,-1.311914e-04
2026-07-20T18:05:06.541,1784559906.541,171.603,-6.897949e-03,3.306447e-03,-1.782227e-02,4.150391e-03,2000,0,-1.379590e-04
2026-07-20T18:05:06.641,1784559906.641,171.703,-7.053223e-03,3.342417e-03,-1.782227e-02,3.906250e-03,2000,0,-1.410645e-04
2026-07-20T18:05:06.741,1784559906.741,171.803,-6.561279e-03,3.408332e-03,-1.831055e-02,5.371094e-03,2000,0,-1.312256e-04
2026-07-20T18:05:06.841,1784559906.842,171.903,-6.950928e-03,3.411905e-03,-1.831055e-02,6.347656e-03,2000,0,-1.390186e-04
2026-07-20T18:05:06.941,1784559906.941,172.003,-6.740479e-03,3.468122e-03,-1.879883e-02,7.080078e-03,2000,0,-1.348096e-04
2026-07-20T18:05:07.041,1784559907.041,172.103,-7.011353e-03,3.384165e-03,-1.977539e-02,4.150391e-03,2000,0,-1.402271e-04
2026-07-20T18:05:07.141,1784559907.141,172.203,-6.704712e-03,3.340907e-03,-1.733398e-02,4.150391e-03,2000,0,-1.340942e-04
2026-07-20T18:05:07.241,1784559907.241,172.303,-6.862305e-03,3.427480e-03,-2.148438e-02,3.417969e-03,2000,0,-1.372461e-04
2026-07-20T18:05:07.343,1784559907.344,172.403,-6.759155e-03,3.228695e-03,-1.611328e-02,4.394531e-03,2000,0,-1.351831e-04
2026-07-20T18:05:07.441,1784559907.441,172.503,-6.828125e-03,3.344397e-03,-1.684570e-02,1.000977e-02,2000,0,-1.365625e-04
2026-07-20T18:05:07.541,1784559907.541,172.603,-6.548462e-03,3.394398e-03,-2.026367e-02,3.417969e-03,2000,0,-1.309692e-04
2026-07-20T18:05:07.643,1784559907.644,172.703,-6.798218e-03,3.425891e-03,-1.782227e-02,3.173828e-03,2000,0,-1.359644e-04
2026-07-20T18:05:07.741,1784559907.741,172.803,-6.692505e-03,3.317819e-03,-1.782227e-02,4.150391e-03,2000,0,-1.338501e-04
2026-07-20T18:05:07.842,1784559907.842,172.903,-7.011230e-03,3.530104e-03,-1.904297e-02,3.662109e-03,2000,0,-1.402246e-04
2026-07-20T18:05:07.941,1784559907.941,173.003,-7.062012e-03,3.409400e-03,-1.757812e-02,4.150391e-03,2000,0,-1.412402e-04
2026-07-20T18:05:08.041,1784559908.041,173.103,-7.004517e-03,3.471493e-03,-1.977539e-02,5.859375e-03,2000,0,-1.400903e-04
2026-07-20T18:05:08.141,1784559908.142,173.203,-6.689575e-03,3.550783e-03,-1.757812e-02,3.662109e-03,2000,0,-1.337915e-04
2026-07-20T18:05:08.241,1784559908.241,173.303,-7.036743e-03,3.593506e-03,-2.001953e-02,5.126953e-03,2000,0,-1.407349e-04
2026-07-20T18:05:08.341,1784559908.342,173.403,-7.101074e-03,3.549015e-03,-1.904297e-02,9.033203e-03,2000,0,-1.420215e-04
2026-07-20T18:05:08.442,1784559908.442,173.503,-6.734985e-03,3.618527e-03,-1.904297e-02,2.929688e-03,2000,0,-1.346997e-04
2026-07-20T18:05:08.541,1784559908.542,173.603,-7.114624e-03,3.573142e-03,-2.099609e-02,3.173828e-03,2000,0,-1.422925e-04
2026-07-20T18:05:08.641,1784559908.642,173.703,-7.166138e-03,3.607009e-03,-2.246094e-02,3.417969e-03,2000,0,-1.433228e-04
2026-07-20T18:05:08.741,1784559908.742,173.803,-7.114136e-03,3.582726e-03,-1.977539e-02,3.906250e-03,2000,0,-1.422827e-04
2026-07-20T18:05:08.843,1784559908.844,173.903,-6.762085e-03,3.454180e-03,-2.001953e-02,4.638672e-03,2000,0,-1.352417e-04
2026-07-20T18:05:08.941,1784559908.941,174.003,-6.621460e-03,3.612545e-03,-2.368164e-02,3.173828e-03,2000,0,-1.324292e-04
2026-07-20T18:05:09.041,1784559909.041,174.103,-6.393066e-03,3.544779e-03,-2.075195e-02,4.394531e-03,2000,0,-1.278613e-04
2026-07-20T18:05:09.143,1784559909.144,174.203,-6.727539e-03,3.345474e-03,-1.708984e-02,3.906250e-03,2000,0,-1.345508e-04
2026-07-20T18:05:09.241,1784559909.241,174.303,-6.716675e-03,3.556936e-03,-1.757812e-02,7.812500e-03,2000,0,-1.343335e-04
2026-07-20T18:05:09.341,1784559909.341,174.403,-6.533325e-03,3.416086e-03,-1.733398e-02,5.126953e-03,2000,0,-1.306665e-04
2026-07-20T18:05:09.441,1784559909.441,174.503,-7.233521e-03,3.405718e-03,-1.782227e-02,4.638672e-03,2000,0,-1.446704e-04
2026-07-20T18:05:09.541,1784559909.541,174.603,-6.871216e-03,3.363019e-03,-1.855469e-02,4.394531e-03,2000,0,-1.374243e-04
2026-07-20T18:05:09.643,1784559909.644,174.703,-7.127075e-03,3.461019e-03,-1.855469e-02,5.126953e-03,2000,0,-1.425415e-04
2026-07-20T18:05:09.741,1784559909.741,174.803,-6.861694e-03,3.424401e-03,-1.782227e-02,4.394531e-03,2000,0,-1.372339e-04
2026-07-20T18:05:09.841,1784559909.841,174.903,-7.046021e-03,3.400486e-03,-1.953125e-02,4.638672e-03,2000,0,-1.409204e-04
2026-07-20T18:05:09.941,1784559909.941,175.003,-6.739136e-03,3.375647e-03,-1.879883e-02,3.662109e-03,2000,0,-1.347827e-04
2026-07-20T18:05:10.041,1784559910.041,175.103,-6.996704e-03,3.384382e-03,-1.660156e-02,4.150391e-03,2000,0,-1.399341e-04
2026-07-20T18:05:10.141,1784559910.141,175.203,-6.834595e-03,3.335121e-03,-1.757812e-02,2.685547e-03,2000,0,-1.366919e-04
2026-07-20T18:05:10.241,1784559910.241,175.303,-6.724854e-03,3.374868e-03,-1.879883e-02,4.394531e-03,2000,0,-1.344971e-04
2026-07-20T18:05:10.343,1784559910.344,175.403,-6.940796e-03,3.422430e-03,-2.685547e-02,3.662109e-03,2000,0,-1.388159e-04
2026-07-20T18:05:10.441,1784559910.441,175.503,-6.906494e-03,3.444455e-03,-2.197266e-02,2.441406e-03,2000,0,-1.381299e-04
2026-07-20T18:05:10.541,1784559910.541,175.603,-7.392212e-03,3.396021e-03,-1.733398e-02,6.103516e-03,2000,0,-1.478442e-04
2026-07-20T18:05:10.641,1784559910.641,175.703,-7.548950e-03,3.373977e-03,-1.782227e-02,2.685547e-03,2000,0,-1.509790e-04
2026-07-20T18:05:10.741,1784559910.741,175.803,-7.081055e-03,3.558545e-03,-1.879883e-02,4.394531e-03,2000,0,-1.416211e-04
2026-07-20T18:05:10.843,1784559910.844,175.903,-7.213989e-03,3.376507e-03,-2.148438e-02,5.371094e-03,2000,0,-1.442798e-04
2026-07-20T18:05:10.941,1784559910.941,176.003,-7.355835e-03,3.477206e-03,-1.904297e-02,3.173828e-03,2000,0,-1.471167e-04
2026-07-20T18:05:11.041,1784559911.041,176.103,-7.435181e-03,3.525562e-03,-1.953125e-02,2.197266e-03,2000,0,-1.487036e-04
2026-07-20T18:05:11.141,1784559911.141,176.203,-6.994263e-03,3.624497e-03,-1.831055e-02,8.056641e-03,2000,0,-1.398853e-04
2026-07-20T18:05:11.241,1784559911.241,176.303,-6.837402e-03,3.504936e-03,-1.733398e-02,5.615234e-03,2000,0,-1.367480e-04
2026-07-20T18:05:11.341,1784559911.341,176.403,-6.952515e-03,3.654863e-03,-1.757812e-02,5.126953e-03,2000,0,-1.390503e-04
2026-07-20T18:05:11.443,1784559911.444,176.503,-6.729614e-03,3.500468e-03,-1.782227e-02,1.074219e-02,2000,0,-1.345923e-04
2026-07-20T18:05:11.542,1784559911.542,176.603,-6.876953e-03,3.570366e-03,-1.831055e-02,4.638672e-03,2000,0,-1.375391e-04
2026-07-20T18:05:11.641,1784559911.642,176.703,-7.185547e-03,3.530930e-03,-2.343750e-02,5.126953e-03,2000,0,-1.437109e-04
2026-07-20T18:05:11.743,1784559911.744,176.803,-7.004761e-03,3.587458e-03,-1.904297e-02,3.662109e-03,2000,0,-1.400952e-04
2026-07-20T18:05:11.842,1784559911.842,176.903,-7.157104e-03,3.512572e-03,-1.879883e-02,3.417969e-03,2000,0,-1.431421e-04
2026-07-20T18:05:11.942,1784559911.942,177.003,-7.062134e-03,3.510137e-03,-2.221680e-02,3.417969e-03,2000,0,-1.412427e-04
2026-07-20T18:05:12.041,1784559912.041,177.103,-7.209229e-03,3.712785e-03,-1.831055e-02,3.417969e-03,2000,0,-1.441846e-04
2026-07-20T18:05:12.143,1784559912.144,177.203,-7.185547e-03,3.539099e-03,-1.879883e-02,4.150391e-03,2000,0,-1.437109e-04
2026-07-20T18:05:12.241,1784559912.241,177.303,-7.166626e-03,3.494247e-03,-1.879883e-02,3.906250e-03,2000,0,-1.433325e-04
2026-07-20T18:05:12.341,1784559912.341,177.403,-7.075317e-03,3.677897e-03,-2.758789e-02,5.126953e-03,2000,0,-1.415063e-04
2026-07-20T18:05:12.441,1784559912.442,177.503,-6.999878e-03,3.609721e-03,-1.904297e-02,6.103516e-03,2000,0,-1.399976e-04
2026-07-20T18:05:12.541,1784559912.541,177.603,-7.386597e-03,3.571296e-03,-1.904297e-02,4.150391e-03,2000,0,-1.477319e-04
2026-07-20T18:05:12.641,1784559912.642,177.703,-6.731323e-03,3.651359e-03,-1.953125e-02,9.033203e-03,2000,0,-1.346265e-04
2026-07-20T18:05:12.741,1784559912.741,177.803,-7.047119e-03,3.417967e-03,-2.441406e-02,2.929688e-03,2000,0,-1.409424e-04
2026-07-20T18:05:12.841,1784559912.841,177.903,-6.848877e-03,3.593441e-03,-1.904297e-02,5.371094e-03,2000,0,-1.369775e-04
2026-07-20T18:05:12.941,1784559912.941,178.003,-6.782837e-03,3.822288e-03,-1.879883e-02,4.150391e-03,2000,0,-1.356567e-04
2026-07-20T18:05:13.041,1784559913.041,178.103,-6.908813e-03,3.697803e-03,-2.099609e-02,5.371094e-03,2000,0,-1.381763e-04
2026-07-20T18:05:13.141,1784559913.142,178.203,-6.977417e-03,3.731917e-03,-1.855469e-02,5.371094e-03,2000,0,-1.395483e-04
2026-07-20T18:05:13.241,1784559913.241,178.303,-6.813110e-03,3.718445e-03,-1.782227e-02,4.394531e-03,2000,0,-1.362622e-04
2026-07-20T18:05:13.341,1784559913.342,178.403,-6.683472e-03,3.733855e-03,-1.928711e-02,6.103516e-03,2000,0,-1.336694e-04
2026-07-20T18:05:13.443,1784559913.444,178.503,-6.677979e-03,3.795750e-03,-2.026367e-02,8.300781e-03,2000,0,-1.335596e-04
2026-07-20T18:05:13.541,1784559913.541,178.603,-6.462402e-03,3.821258e-03,-1.879883e-02,6.347656e-03,2000,0,-1.292480e-04
2026-07-20T18:05:13.641,1784559913.641,178.703,-6.185181e-03,3.950634e-03,-1.782227e-02,9.521484e-03,2000,0,-1.237036e-04
2026-07-20T18:05:13.741,1784559913.741,178.803,-6.390015e-03,4.113675e-03,-1.904297e-02,8.789062e-03,2000,0,-1.278003e-04
2026-07-20T18:05:13.843,1784559913.844,178.903,-6.667358e-03,3.844333e-03,-1.806641e-02,4.394531e-03,2000,0,-1.333472e-04
2026-07-20T18:05:13.941,1784559913.942,179.003,-6.602905e-03,4.006692e-03,-1.757812e-02,8.300781e-03,2000,0,-1.320581e-04
2026-07-20T18:05:14.042,1784559914.042,179.103,-6.615356e-03,3.886012e-03,-1.928711e-02,7.324219e-03,2000,0,-1.323071e-04
2026-07-20T18:05:14.141,1784559914.141,179.203,-6.512939e-03,3.997848e-03,-1.782227e-02,6.103516e-03,2000,0,-1.302588e-04
2026-07-20T18:05:14.241,1784559914.241,179.303,-6.415405e-03,4.143538e-03,-1.953125e-02,7.080078e-03,2000,0,-1.283081e-04
2026-07-20T18:05:14.341,1784559914.341,179.403,-6.433960e-03,4.050936e-03,-1.806641e-02,9.277344e-03,2000,0,-1.286792e-04
2026-07-20T18:05:14.441,1784559914.441,179.503,-6.014893e-03,4.136849e-03,-1.879883e-02,7.080078e-03,2000,0,-1.202979e-04
2026-07-20T18:05:14.541,1784559914.542,179.603,-6.463379e-03,4.091154e-03,-2.001953e-02,1.098633e-02,2000,0,-1.292676e-04
2026-07-20T18:05:14.643,1784559914.644,179.703,-5.992676e-03,3.931065e-03,-1.904297e-02,7.080078e-03,2000,0,-1.198535e-04
2026-07-20T18:05:14.741,1784559914.741,179.803,-5.946655e-03,3.993179e-03,-1.928711e-02,7.812500e-03,2000,0,-1.189331e-04
2026-07-20T18:05:14.841,1784559914.841,179.903,-5.922607e-03,4.039232e-03,-1.806641e-02,8.544922e-03,2000,0,-1.184521e-04
2026-07-20T18:05:14.941,1784559914.941,180.003,-6.001831e-03,3.914268e-03,-1.879883e-02,9.277344e-03,2000,0,-1.200366e-04
2026-07-20T18:05:15.041,1784559915.042,180.103,-5.966553e-03,3.972261e-03,-1.855469e-02,5.126953e-03,2000,0,-1.193311e-04
2026-07-20T18:05:15.141,1784559915.142,180.203,-5.426880e-03,3.788047e-03,-1.708984e-02,6.103516e-03,2000,0,-1.085376e-04
2026-07-20T18:05:15.241,1784559915.242,180.303,-5.748169e-03,3.871165e-03,-1.855469e-02,6.103516e-03,2000,0,-1.149634e-04
2026-07-20T18:05:15.341,1784559915.341,180.403,-6.152344e-03,3.793045e-03,-2.148438e-02,5.859375e-03,2000,0,-1.230469e-04
2026-07-20T18:05:15.441,1784559915.441,180.503,-5.816040e-03,3.710825e-03,-1.782227e-02,5.615234e-03,2000,0,-1.163208e-04
2026-07-20T18:05:15.541,1784559915.541,180.603,-5.529419e-03,3.653823e-03,-1.928711e-02,4.638672e-03,2000,0,-1.105884e-04
2026-07-20T18:05:15.641,1784559915.641,180.703,-5.514038e-03,3.642900e-03,-1.708984e-02,7.324219e-03,2000,0,-1.102808e-04
2026-07-20T18:05:15.743,1784559915.744,180.803,-5.525269e-03,3.463741e-03,-1.708984e-02,4.882812e-03,2000,0,-1.105054e-04
2026-07-20T18:05:15.841,1784559915.842,180.903,-5.471436e-03,3.452334e-03,-2.050781e-02,5.859375e-03,2000,0,-1.094287e-04
2026-07-20T18:05:15.941,1784559915.941,181.003,-5.468872e-03,3.403430e-03,-1.611328e-02,5.615234e-03,2000,0,-1.093774e-04
2026-07-20T18:05:16.041,1784559916.041,181.103,-5.517334e-03,3.330316e-03,-1.782227e-02,4.150391e-03,2000,0,-1.103467e-04
2026-07-20T18:05:16.143,1784559916.144,181.203,-6.724854e-03,3.156116e-03,-1.684570e-02,5.371094e-03,2000,0,-1.344971e-04
2026-07-20T18:05:16.242,1784559916.243,181.303,-5.942017e-03,3.217862e-03,-1.757812e-02,5.371094e-03,2000,0,-1.188403e-04
2026-07-20T18:05:16.342,1784559916.342,181.403,-6.062256e-03,2.937717e-03,-1.831055e-02,3.173828e-03,2000,0,-1.212451e-04
2026-07-20T18:05:16.442,1784559916.442,181.503,-6.406494e-03,2.862187e-03,-1.538086e-02,2.929688e-03,2000,0,-1.281299e-04
2026-07-20T18:05:16.543,1784559916.544,181.603,-6.032715e-03,2.654774e-03,-1.440430e-02,2.685547e-03,2000,0,-1.206543e-04
2026-07-20T18:05:16.642,1784559916.642,181.703,-6.208252e-03,2.652203e-03,-1.611328e-02,2.929688e-03,2000,0,-1.241650e-04
2026-07-20T18:05:16.742,1784559916.742,181.803,-6.199829e-03,2.601889e-03,-1.586914e-02,4.394531e-03,2000,0,-1.239966e-04
2026-07-20T18:05:16.841,1784559916.841,181.903,-5.786377e-03,2.470525e-03,-1.440430e-02,2.929688e-03,2000,0,-1.157275e-04
2026-07-20T18:05:16.941,1784559916.941,182.003,-5.895874e-03,2.499100e-03,-1.440430e-02,4.638672e-03,2000,0,-1.179175e-04
2026-07-20T18:05:17.041,1784559917.042,182.103,-5.782715e-03,2.507283e-03,-1.562500e-02,3.417969e-03,2000,0,-1.156543e-04
2026-07-20T18:05:17.141,1784559917.141,182.203,-5.401001e-03,2.428451e-03,-1.611328e-02,2.929688e-03,2000,0,-1.080200e-04
2026-07-20T18:05:17.241,1784559917.241,182.303,-5.594849e-03,2.417849e-03,-1.489258e-02,4.882812e-03,2000,0,-1.118970e-04
2026-07-20T18:05:17.341,1784559917.342,182.403,-5.577759e-03,2.403477e-03,-1.440430e-02,2.685547e-03,2000,0,-1.115552e-04
2026-07-20T18:05:17.441,1784559917.441,182.503,-5.371216e-03,2.593786e-03,-1.464844e-02,5.371094e-03,2000,0,-1.074243e-04
2026-07-20T18:05:17.541,1784559917.541,182.603,-5.686401e-03,2.424890e-03,-1.660156e-02,5.126953e-03,2000,0,-1.137280e-04
2026-07-20T18:05:17.642,1784559917.642,182.703,-5.553467e-03,2.608651e-03,-1.513672e-02,2.441406e-03,2000,0,-1.110693e-04
2026-07-20T18:05:17.741,1784559917.742,182.803,-5.397461e-03,2.528127e-03,-1.562500e-02,3.173828e-03,2000,0,-1.079492e-04
2026-07-20T18:05:17.841,1784559917.841,182.903,-5.567993e-03,2.654967e-03,-1.464844e-02,4.394531e-03,2000,0,-1.113599e-04
2026-07-20T18:05:17.941,1784559917.942,183.003,-5.626465e-03,2.613353e-03,-2.099609e-02,3.662109e-03,2000,0,-1.125293e-04
2026-07-20T18:05:18.041,1784559918.042,183.103,-5.341187e-03,2.673853e-03,-2.026367e-02,2.685547e-03,2000,0,-1.068237e-04
2026-07-20T18:05:18.141,1784559918.142,183.203,-5.858398e-03,2.745600e-03,-1.806641e-02,1.220703e-03,2000,0,-1.171680e-04
2026-07-20T18:05:18.241,1784559918.242,183.303,-5.778809e-03,2.800348e-03,-1.489258e-02,4.150391e-03,2000,0,-1.155762e-04
2026-07-20T18:05:18.341,1784559918.342,183.403,-5.644897e-03,2.826973e-03,-1.635742e-02,5.615234e-03,2000,0,-1.128979e-04
2026-07-20T18:05:18.441,1784559918.442,183.503,-5.797485e-03,3.027661e-03,-1.855469e-02,5.371094e-03,2000,0,-1.159497e-04
2026-07-20T18:05:18.541,1784559918.542,183.603,-5.518677e-03,2.950175e-03,-1.831055e-02,4.394531e-03,2000,0,-1.103735e-04
2026-07-20T18:05:18.641,1784559918.642,183.703,-5.758301e-03,3.022916e-03,-1.464844e-02,4.638672e-03,2000,0,-1.151660e-04
2026-07-20T18:05:18.742,1784559918.742,183.803,-5.729370e-03,3.137363e-03,-1.611328e-02,6.103516e-03,2000,0,-1.145874e-04
2026-07-20T18:05:18.842,1784559918.842,183.903,-5.890137e-03,3.198383e-03,-1.538086e-02,4.394531e-03,2000,0,-1.178027e-04
2026-07-20T18:05:18.944,1784559918.944,184.003,-6.381348e-03,3.339733e-03,-2.172852e-02,3.906250e-03,2000,0,-1.276270e-04
2026-07-20T18:05:19.042,1784559919.042,184.103,-6.066406e-03,3.086954e-03,-1.782227e-02,4.638672e-03,2000,0,-1.213281e-04
2026-07-20T18:05:19.142,1784559919.142,184.203,-6.250488e-03,3.300783e-03,-1.757812e-02,2.685547e-03,2000,0,-1.250098e-04
2026-07-20T18:05:19.241,1784559919.242,184.303,-5.711670e-03,3.133390e-03,-1.757812e-02,4.882812e-03,2000,0,-1.142334e-04
2026-07-20T18:05:19.341,1784559919.341,184.403,-5.709961e-03,3.359116e-03,-1.855469e-02,5.126953e-03,2000,0,-1.141992e-04
2026-07-20T18:05:19.441,1784559919.442,184.503,-6.210205e-03,3.214045e-03,-1.708984e-02,3.662109e-03,2000,0,-1.242041e-04
2026-07-20T18:05:19.541,1784559919.542,184.603,-5.499512e-03,3.363221e-03,-1.733398e-02,4.150391e-03,2000,0,-1.099902e-04
2026-07-20T18:05:19.641,1784559919.642,184.703,-6.016235e-03,3.227542e-03,-1.562500e-02,4.882812e-03,2000,0,-1.203247e-04
2026-07-20T18:05:19.742,1784559919.742,184.803,-5.508545e-03,3.162823e-03,-1.611328e-02,3.173828e-03,2000,0,-1.101709e-04
2026-07-20T18:05:19.842,1784559919.842,184.903,-5.438965e-03,3.280379e-03,-1.611328e-02,4.882812e-03,2000,0,-1.087793e-04
2026-07-20T18:05:19.941,1784559919.942,185.003,-6.213501e-03,3.195311e-03,-1.806641e-02,4.882812e-03,2000,0,-1.242700e-04
2026-07-20T18:05:20.041,1784559920.042,185.103,-5.638794e-03,3.079388e-03,-1.855469e-02,3.662109e-03,2000,0,-1.127759e-04
2026-07-20T18:05:20.141,1784559920.142,185.203,-5.627319e-03,3.163860e-03,-1.635742e-02,4.882812e-03,2000,0,-1.125464e-04
2026-07-20T18:05:20.241,1784559920.242,185.303,-6.113281e-03,3.227558e-03,-1.904297e-02,4.394531e-03,2000,0,-1.222656e-04
2026-07-20T18:05:20.341,1784559920.342,185.403,-6.046021e-03,3.205568e-03,-1.660156e-02,3.906250e-03,2000,0,-1.209204e-04
2026-07-20T18:05:20.441,1784559920.442,185.503,-5.648193e-03,3.087754e-03,-1.660156e-02,3.906250e-03,2000,0,-1.129639e-04
2026-07-20T18:05:20.541,1784559920.542,185.603,-6.234863e-03,3.174143e-03,-1.806641e-02,2.441406e-03,2000,0,-1.246973e-04
2026-07-20T18:05:20.641,1784559920.642,185.703,-5.904419e-03,3.279286e-03,-1.684570e-02,4.150391e-03,2000,0,-1.180884e-04
2026-07-20T18:05:20.741,1784559920.742,185.803,-5.950928e-03,3.278249e-03,-2.124023e-02,4.638672e-03,2000,0,-1.190186e-04
2026-07-20T18:05:20.841,1784559920.842,185.903,-6.356689e-03,3.172857e-03,-1.635742e-02,5.371094e-03,2000,0,-1.271338e-04
2026-07-20T18:05:20.941,1784559920.942,186.003,-5.905640e-03,3.217294e-03,-1.782227e-02,6.591797e-03,2000,0,-1.181128e-04
2026-07-20T18:05:21.041,1784559921.042,186.103,-5.961548e-03,3.225165e-03,-1.806641e-02,4.882812e-03,2000,0,-1.192310e-04
2026-07-20T18:05:21.141,1784559921.142,186.203,-6.270996e-03,3.215105e-03,-1.782227e-02,4.882812e-03,2000,0,-1.254199e-04
2026-07-20T18:05:21.241,1784559921.242,186.303,-5.953979e-03,3.240072e-03,-1.611328e-02,3.906250e-03,2000,0,-1.190796e-04
2026-07-20T18:05:21.341,1784559921.342,186.403,-5.554077e-03,3.244653e-03,-1.953125e-02,6.103516e-03,2000,0,-1.110815e-04
2026-07-20T18:05:21.441,1784559921.442,186.503,-6.190552e-03,3.120604e-03,-1.831055e-02,2.929688e-03,2000,0,-1.238110e-04
2026-07-20T18:05:21.541,1784559921.542,186.603,-6.404053e-03,3.210460e-03,-1.953125e-02,6.835938e-03,2000,0,-1.280811e-04
2026-07-20T18:05:21.641,1784559921.642,186.703,-5.856445e-03,2.977173e-03,-1.733398e-02,2.441406e-03,2000,0,-1.171289e-04
2026-07-20T18:05:21.741,1784559921.742,186.803,-6.192261e-03,2.981190e-03,-1.733398e-02,2.685547e-03,2000,0,-1.238452e-04
2026-07-20T18:05:21.841,1784559921.842,186.903,-6.044922e-03,2.956143e-03,-1.660156e-02,1.123047e-02,2000,0,-1.208984e-04
2026-07-20T18:05:21.941,1784559921.942,187.003,-6.242554e-03,3.114072e-03,-1.977539e-02,7.568359e-03,2000,0,-1.248511e-04
2026-07-20T18:05:22.041,1784559922.042,187.103,-6.571045e-03,2.879605e-03,-1.708984e-02,2.441406e-03,2000,0,-1.314209e-04
2026-07-20T18:05:22.143,1784559922.144,187.203,-6.378418e-03,2.927796e-03,-1.635742e-02,2.685547e-03,2000,0,-1.275684e-04
2026-07-20T18:05:22.241,1784559922.242,187.303,-5.928711e-03,3.001533e-03,-1.684570e-02,5.371094e-03,2000,0,-1.185742e-04
2026-07-20T18:05:22.341,1784559922.342,187.403,-6.017578e-03,3.030975e-03,-1.806641e-02,2.197266e-03,2000,0,-1.203516e-04
2026-07-20T18:05:22.441,1784559922.442,187.503,-6.178101e-03,3.052648e-03,-1.538086e-02,2.685547e-03,2000,0,-1.235620e-04
2026-07-20T18:05:22.541,1784559922.542,187.603,-6.249390e-03,3.101187e-03,-1.928711e-02,4.638672e-03,2000,0,-1.249878e-04
2026-07-20T18:05:22.641,1784559922.642,187.703,-6.174805e-03,3.095880e-03,-2.050781e-02,7.080078e-03,2000,0,-1.234961e-04
2026-07-20T18:05:22.743,1784559922.744,187.803,-6.287231e-03,3.056444e-03,-1.586914e-02,5.126953e-03,2000,0,-1.257446e-04
2026-07-20T18:05:22.841,1784559922.842,187.903,-6.139648e-03,3.159241e-03,-1.757812e-02,5.615234e-03,2000,0,-1.227930e-04
2026-07-20T18:05:22.941,1784559922.942,188.003,-5.847046e-03,3.117801e-03,-1.708984e-02,7.324219e-03,2000,0,-1.169409e-04
2026-07-20T18:05:23.041,1784559923.042,188.103,-6.309570e-03,3.220655e-03,-1.586914e-02,6.835938e-03,2000,0,-1.261914e-04
2026-07-20T18:05:23.141,1784559923.142,188.203,-6.206055e-03,3.026454e-03,-1.562500e-02,3.906250e-03,2000,0,-1.241211e-04
2026-07-20T18:05:23.241,1784559923.242,188.303,-6.234497e-03,3.084006e-03,-1.904297e-02,6.347656e-03,2000,0,-1.246899e-04
2026-07-20T18:05:23.341,1784559923.342,188.403,-6.382690e-03,3.194008e-03,-2.026367e-02,5.371094e-03,2000,0,-1.276538e-04
2026-07-20T18:05:23.441,1784559923.442,188.503,-5.948242e-03,3.231185e-03,-1.538086e-02,6.347656e-03,2000,0,-1.189648e-04
2026-07-20T18:05:23.541,1784559923.542,188.603,-6.144531e-03,3.075976e-03,-1.782227e-02,5.859375e-03,2000,0,-1.228906e-04
2026-07-20T18:05:23.641,1784559923.642,188.703,-6.295166e-03,3.164384e-03,-1.855469e-02,6.103516e-03,2000,0,-1.259033e-04
2026-07-20T18:05:23.742,1784559923.743,188.803,-6.244751e-03,3.097680e-03,-1.538086e-02,6.835938e-03,2000,0,-1.248950e-04
2026-07-20T18:05:23.842,1784559923.842,188.903,-6.578125e-03,3.290522e-03,-1.586914e-02,9.765625e-03,2000,0,-1.315625e-04
2026-07-20T18:05:23.942,1784559923.942,189.003,-6.713257e-03,3.160975e-03,-1.489258e-02,4.882812e-03,2000,0,-1.342651e-04
2026-07-20T18:05:24.042,1784559924.042,189.103,-6.225586e-03,3.318714e-03,-2.099609e-02,5.126953e-03,2000,0,-1.245117e-04
2026-07-20T18:05:24.142,1784559924.142,189.203,-6.386719e-03,3.360039e-03,-1.611328e-02,5.126953e-03,2000,0,-1.277344e-04
2026-07-20T18:05:24.241,1784559924.242,189.303,-6.111084e-03,3.244252e-03,-1.831055e-02,3.906250e-03,2000,0,-1.222217e-04
2026-07-20T18:05:24.341,1784559924.342,189.403,-5.841675e-03,3.296235e-03,-1.757812e-02,7.080078e-03,2000,0,-1.168335e-04
2026-07-20T18:05:24.441,1784559924.442,189.503,-6.049683e-03,3.366467e-03,-1.684570e-02,7.568359e-03,2000,0,-1.209937e-04
2026-07-20T18:05:24.541,1784559924.541,189.603,-5.684326e-03,3.445627e-03,-1.464844e-02,4.638672e-03,2000,0,-1.136865e-04
2026-07-20T18:05:24.641,1784559924.642,189.703,-6.601318e-03,3.453080e-03,-1.855469e-02,5.859375e-03,2000,0,-1.320264e-04
2026-07-20T18:05:24.742,1784559924.743,189.803,-6.339966e-03,3.386377e-03,-1.733398e-02,5.859375e-03,2000,0,-1.267993e-04
2026-07-20T18:05:24.842,1784559924.842,189.903,-5.983521e-03,3.359821e-03,-1.684570e-02,4.638672e-03,2000,0,-1.196704e-04
2026-07-20T18:05:24.942,1784559924.942,190.003,-5.875366e-03,3.324916e-03,-1.708984e-02,5.371094e-03,2000,0,-1.175073e-04
2026-07-20T18:05:25.042,1784559925.042,190.103,-6.303101e-03,3.347632e-03,-1.806641e-02,4.638672e-03,2000,0,-1.260620e-04
2026-07-20T18:05:25.142,1784559925.142,190.203,-6.217896e-03,3.530623e-03,-1.831055e-02,4.882812e-03,2000,0,-1.243579e-04
2026-07-20T18:05:25.241,1784559925.242,190.303,-5.951416e-03,3.439584e-03,-1.611328e-02,4.882812e-03,2000,0,-1.190283e-04
2026-07-20T18:05:25.341,1784559925.341,190.403,-5.799805e-03,3.361405e-03,-1.831055e-02,4.394531e-03,2000,0,-1.159961e-04
2026-07-20T18:05:25.441,1784559925.442,190.503,-6.077271e-03,3.385315e-03,-1.684570e-02,4.150391e-03,2000,0,-1.215454e-04
2026-07-20T18:05:25.541,1784559925.542,190.603,-6.090820e-03,3.350196e-03,-2.246094e-02,3.417969e-03,2000,0,-1.218164e-04
2026-07-20T18:05:25.641,1784559925.642,190.703,-6.157471e-03,3.262774e-03,-1.708984e-02,6.103516e-03,2000,0,-1.231494e-04
2026-07-20T18:05:25.741,1784559925.742,190.803,-5.934082e-03,3.243115e-03,-1.660156e-02,6.103516e-03,2000,0,-1.186816e-04
2026-07-20T18:05:25.841,1784559925.842,190.903,-6.073608e-03,3.174434e-03,-1.635742e-02,3.906250e-03,2000,0,-1.214722e-04
2026-07-20T18:05:25.941,1784559925.942,191.003,-6.359131e-03,3.370757e-03,-2.124023e-02,3.173828e-03,2000,0,-1.271826e-04
2026-07-20T18:05:26.041,1784559926.042,191.103,-6.377808e-03,3.372379e-03,-1.782227e-02,6.103516e-03,2000,0,-1.275562e-04
2026-07-20T18:05:26.141,1784559926.141,191.203,-6.850830e-03,3.253849e-03,-1.660156e-02,3.662109e-03,2000,0,-1.370166e-04
2026-07-20T18:05:26.241,1784559926.242,191.303,-6.196899e-03,3.327281e-03,-1.708984e-02,3.906250e-03,2000,0,-1.239380e-04
2026-07-20T18:05:26.344,1784559926.344,191.403,-6.293213e-03,3.383540e-03,-1.708984e-02,3.417969e-03,2000,0,-1.258643e-04
2026-07-20T18:05:26.441,1784559926.442,191.503,-5.978149e-03,3.357194e-03,-1.757812e-02,4.638672e-03,2000,0,-1.195630e-04
2026-07-20T18:05:26.541,1784559926.542,191.603,-6.130615e-03,3.461968e-03,-1.708984e-02,1.000977e-02,2000,0,-1.226123e-04
2026-07-20T18:05:26.641,1784559926.642,191.703,-5.986084e-03,3.706370e-03,-1.831055e-02,5.371094e-03,2000,0,-1.197217e-04
2026-07-20T18:05:26.741,1784559926.741,191.803,-6.248047e-03,3.529319e-03,-1.660156e-02,5.615234e-03,2000,0,-1.249609e-04
2026-07-20T18:05:26.841,1784559926.842,191.903,-6.326172e-03,3.693504e-03,-1.708984e-02,4.638672e-03,2000,0,-1.265234e-04
2026-07-20T18:05:26.942,1784559926.942,192.003,-6.412476e-03,3.651604e-03,-1.708984e-02,4.882812e-03,2000,0,-1.282495e-04
2026-07-20T18:05:27.041,1784559927.042,192.103,-5.997681e-03,3.625974e-03,-1.684570e-02,4.882812e-03,2000,0,-1.199536e-04
2026-07-20T18:05:27.141,1784559927.142,192.203,-6.662720e-03,3.810480e-03,-1.928711e-02,4.150391e-03,2000,0,-1.332544e-04
2026-07-20T18:05:27.241,1784559927.242,192.303,-6.325684e-03,3.736866e-03,-2.050781e-02,5.126953e-03,2000,0,-1.265137e-04
2026-07-20T18:05:27.341,1784559927.342,192.403,-6.202393e-03,3.530893e-03,-1.757812e-02,4.150391e-03,2000,0,-1.240479e-04
2026-07-20T18:05:27.441,1784559927.442,192.503,-6.666138e-03,3.766939e-03,-2.075195e-02,5.371094e-03,2000,0,-1.333228e-04
2026-07-20T18:05:27.541,1784559927.542,192.603,-6.410889e-03,3.918270e-03,-2.050781e-02,1.293945e-02,2000,0,-1.282178e-04
2026-07-20T18:05:27.641,1784559927.642,192.703,-7.192627e-03,3.883467e-03,-2.001953e-02,4.882812e-03,2000,0,-1.438525e-04
2026-07-20T18:05:27.741,1784559927.741,192.803,-6.542847e-03,3.674509e-03,-2.099609e-02,5.126953e-03,2000,0,-1.308569e-04
2026-07-20T18:05:27.841,1784559927.842,192.903,-6.604248e-03,3.895114e-03,-2.368164e-02,4.882812e-03,2000,0,-1.320850e-04
2026-07-20T18:05:27.941,1784559927.942,193.003,-6.730469e-03,3.769055e-03,-2.197266e-02,3.906250e-03,2000,0,-1.346094e-04
2026-07-20T18:05:28.044,1784559928.044,193.103,-6.475342e-03,4.081601e-03,-2.075195e-02,5.126953e-03,2000,0,-1.295068e-04
2026-07-20T18:05:28.142,1784559928.142,193.203,-7.234985e-03,4.156475e-03,-2.124023e-02,7.324219e-03,2000,0,-1.446997e-04
2026-07-20T18:05:28.241,1784559928.242,193.303,-7.059326e-03,4.075831e-03,-2.197266e-02,4.150391e-03,2000,0,-1.411865e-04
2026-07-20T18:05:28.341,1784559928.342,193.403,-6.805664e-03,4.029457e-03,-2.612305e-02,4.150391e-03,2000,0,-1.361133e-04
2026-07-20T18:05:28.441,1784559928.442,193.503,-6.227295e-03,4.085582e-03,-2.075195e-02,5.126953e-03,2000,0,-1.245459e-04
2026-07-20T18:05:28.541,1784559928.542,193.603,-6.754639e-03,4.235464e-03,-2.001953e-02,5.615234e-03,2000,0,-1.350928e-04
2026-07-20T18:05:28.641,1784559928.642,193.703,-7.461304e-03,4.242151e-03,-2.148438e-02,4.150391e-03,2000,0,-1.492261e-04
2026-07-20T18:05:28.741,1784559928.741,193.803,-6.914917e-03,4.209085e-03,-2.075195e-02,6.103516e-03,2000,0,-1.382983e-04
2026-07-20T18:05:28.841,1784559928.842,193.903,-7.002075e-03,4.187822e-03,-2.099609e-02,7.812500e-03,2000,0,-1.400415e-04
2026-07-20T18:05:28.941,1784559928.942,194.003,-6.590698e-03,4.085403e-03,-2.001953e-02,3.662109e-03,2000,0,-1.318140e-04
2026-07-20T18:05:29.041,1784559929.042,194.103,-6.598145e-03,4.102364e-03,-2.075195e-02,3.417969e-03,2000,0,-1.319629e-04
2026-07-20T18:05:29.141,1784559929.142,194.203,-6.974121e-03,4.018095e-03,-1.928711e-02,1.123047e-02,2000,0,-1.394824e-04
2026-07-20T18:05:29.241,1784559929.242,194.303,-7.101074e-03,4.069793e-03,-2.026367e-02,4.150391e-03,2000,0,-1.420215e-04
2026-07-20T18:05:29.341,1784559929.342,194.403,-6.702759e-03,4.064607e-03,-2.294922e-02,4.150391e-03,2000,0,-1.340552e-04
2026-07-20T18:05:29.444,1784559929.444,194.503,-6.778320e-03,3.767821e-03,-1.806641e-02,2.685547e-03,2000,0,-1.355664e-04
2026-07-20T18:05:29.543,1784559929.544,194.603,-7.109741e-03,3.961514e-03,-1.928711e-02,6.347656e-03,2000,0,-1.421948e-04
2026-07-20T18:05:29.641,1784559929.642,194.703,-6.713013e-03,3.931035e-03,-1.904297e-02,4.150391e-03,2000,0,-1.342603e-04
2026-07-20T18:05:29.741,1784559929.742,194.803,-6.982422e-03,3.656506e-03,-1.708984e-02,6.103516e-03,2000,0,-1.396484e-04
2026-07-20T18:05:29.841,1784559929.842,194.903,-7.269287e-03,3.751436e-03,-1.904297e-02,9.277344e-03,2000,0,-1.453857e-04
2026-07-20T18:05:29.941,1784559929.942,195.003,-7.220337e-03,3.800874e-03,-1.977539e-02,4.638672e-03,2000,0,-1.444067e-04
2026-07-20T18:05:30.042,1784559930.042,195.103,-7.201904e-03,3.614568e-03,-1.757812e-02,4.638672e-03,2000,0,-1.440381e-04
2026-07-20T18:05:30.141,1784559930.142,195.203,-7.203979e-03,3.615392e-03,-1.806641e-02,7.080078e-03,2000,0,-1.440796e-04
2026-07-20T18:05:30.241,1784559930.242,195.303,-7.018799e-03,3.769384e-03,-2.001953e-02,6.835938e-03,2000,0,-1.403760e-04
2026-07-20T18:05:30.341,1784559930.342,195.403,-6.950684e-03,3.553543e-03,-1.904297e-02,4.638672e-03,2000,0,-1.390137e-04
2026-07-20T18:05:30.444,1784559930.444,195.503,-6.842041e-03,3.507141e-03,-1.806641e-02,7.324219e-03,2000,0,-1.368408e-04
2026-07-20T18:05:30.543,1784559930.544,195.603,-6.482666e-03,3.562222e-03,-1.953125e-02,6.835938e-03,2000,0,-1.296533e-04
2026-07-20T18:05:30.642,1784559930.642,195.703,-7.337158e-03,3.649369e-03,-1.708984e-02,6.103516e-03,2000,0,-1.467432e-04
2026-07-20T18:05:30.742,1784559930.743,195.803,-6.765503e-03,3.525971e-03,-1.635742e-02,4.150391e-03,2000,0,-1.353101e-04
2026-07-20T18:05:30.842,1784559930.843,195.903,-7.204102e-03,3.466306e-03,-2.001953e-02,4.394531e-03,2000,0,-1.440820e-04
2026-07-20T18:05:30.942,1784559930.943,196.003,-7.087646e-03,3.621339e-03,-1.904297e-02,7.080078e-03,2000,0,-1.417529e-04
2026-07-20T18:05:31.042,1784559931.043,196.103,-6.681519e-03,3.452622e-03,-1.708984e-02,4.394531e-03,2000,0,-1.336304e-04
2026-07-20T18:05:31.141,1784559931.142,196.203,-7.099854e-03,3.402618e-03,-1.684570e-02,4.638672e-03,2000,0,-1.419971e-04
2026-07-20T18:05:31.241,1784559931.242,196.303,-6.974121e-03,3.458988e-03,-1.782227e-02,3.417969e-03,2000,0,-1.394824e-04
2026-07-20T18:05:31.341,1784559931.342,196.403,-7.189697e-03,3.460674e-03,-1.879883e-02,3.173828e-03,2000,0,-1.437939e-04
2026-07-20T18:05:31.441,1784559931.442,196.503,-6.704712e-03,3.496036e-03,-1.757812e-02,4.638672e-03,2000,0,-1.340942e-04
2026-07-20T18:05:31.541,1784559931.542,196.603,-7.326782e-03,3.377678e-03,-1.757812e-02,3.173828e-03,2000,0,-1.465356e-04
2026-07-20T18:05:31.642,1784559931.642,196.703,-7.165405e-03,3.629619e-03,-1.879883e-02,4.150391e-03,2000,0,-1.433081e-04
2026-07-20T18:05:31.742,1784559931.742,196.803,-7.098022e-03,3.279637e-03,-1.684570e-02,2.441406e-03,2000,0,-1.419604e-04
2026-07-20T18:05:31.842,1784559931.842,196.903,-7.072510e-03,3.372624e-03,-1.928711e-02,2.441406e-03,2000,0,-1.414502e-04
2026-07-20T18:05:31.942,1784559931.942,197.003,-7.233032e-03,3.574280e-03,-1.782227e-02,4.882812e-03,2000,0,-1.446606e-04
2026-07-20T18:05:32.042,1784559932.042,197.103,-7.099365e-03,3.532098e-03,-1.953125e-02,4.638672e-03,2000,0,-1.419873e-04
2026-07-20T18:05:32.141,1784559932.142,197.203,-7.410278e-03,3.475625e-03,-1.806641e-02,6.835938e-03,2000,0,-1.482056e-04
2026-07-20T18:05:32.241,1784559932.242,197.303,-7.285034e-03,3.395449e-03,-1.879883e-02,3.906250e-03,2000,0,-1.457007e-04
2026-07-20T18:05:32.341,1784559932.342,197.403,-6.697021e-03,3.494089e-03,-1.782227e-02,4.150391e-03,2000,0,-1.339404e-04
2026-07-20T18:05:32.441,1784559932.442,197.503,-7.359131e-03,3.296862e-03,-1.904297e-02,5.371094e-03,2000,0,-1.471826e-04
2026-07-20T18:05:32.541,1784559932.541,197.603,-7.979614e-03,3.487760e-03,-1.855469e-02,5.371094e-03,2000,0,-1.595923e-04
2026-07-20T18:05:32.641,1784559932.642,197.703,-7.373657e-03,3.523403e-03,-1.928711e-02,5.126953e-03,2000,0,-1.474731e-04
2026-07-20T18:05:32.741,1784559932.741,197.803,-7.189087e-03,3.292706e-03,-1.879883e-02,4.150391e-03,2000,0,-1.437817e-04
2026-07-20T18:05:32.841,1784559932.841,197.903,-7.441040e-03,3.476759e-03,-1.757812e-02,4.638672e-03,2000,0,-1.488208e-04
2026-07-20T18:05:32.941,1784559932.942,198.003,-7.284546e-03,3.404647e-03,-1.782227e-02,7.080078e-03,2000,0,-1.456909e-04
2026-07-20T18:05:33.041,1784559933.042,198.103,-7.274658e-03,3.327681e-03,-2.099609e-02,2.197266e-03,2000,0,-1.454932e-04
2026-07-20T18:05:33.141,1784559933.141,198.203,-7.650635e-03,3.362229e-03,-1.660156e-02,2.685547e-03,2000,0,-1.530127e-04
2026-07-20T18:05:33.241,1784559933.242,198.303,-7.103149e-03,3.470247e-03,-2.539062e-02,4.882812e-03,2000,0,-1.420630e-04
2026-07-20T18:05:33.341,1784559933.342,198.403,-7.042236e-03,3.409264e-03,-1.806641e-02,6.835938e-03,2000,0,-1.408447e-04
2026-07-20T18:05:33.441,1784559933.442,198.503,-7.188843e-03,3.458629e-03,-1.977539e-02,3.417969e-03,2000,0,-1.437769e-04
2026-07-20T18:05:33.541,1784559933.542,198.603,-7.358887e-03,3.275088e-03,-1.831055e-02,3.662109e-03,2000,0,-1.471777e-04
2026-07-20T18:05:33.641,1784559933.641,198.703,-6.950073e-03,3.416207e-03,-1.733398e-02,3.662109e-03,2000,0,-1.390015e-04
2026-07-20T18:05:33.741,1784559933.741,198.803,-7.228882e-03,3.291528e-03,-1.879883e-02,4.394531e-03,2000,0,-1.445776e-04
2026-07-20T18:05:33.841,1784559933.842,198.903,-7.127319e-03,3.423710e-03,-1.708984e-02,6.347656e-03,2000,0,-1.425464e-04
2026-07-20T18:05:33.941,1784559933.942,199.003,-6.702026e-03,3.470308e-03,-1.831055e-02,3.662109e-03,2000,0,-1.340405e-04
2026-07-20T18:05:34.044,1784559934.044,199.103,-7.094360e-03,3.439829e-03,-2.075195e-02,7.568359e-03,2000,0,-1.418872e-04
2026-07-20T18:05:34.141,1784559934.142,199.203,-6.718140e-03,3.529455e-03,-1.831055e-02,5.126953e-03,2000,0,-1.343628e-04
2026-07-20T18:05:34.243,1784559934.244,199.303,-7.436157e-03,3.488088e-03,-1.977539e-02,6.103516e-03,2000,0,-1.487231e-04
2026-07-20T18:05:34.341,1784559934.342,199.403,-7.486694e-03,3.420798e-03,-1.855469e-02,3.173828e-03,2000,0,-1.497339e-04
2026-07-20T18:05:34.441,1784559934.442,199.503,-7.264038e-03,3.397791e-03,-1.855469e-02,4.638672e-03,2000,0,-1.452808e-04
2026-07-20T18:05:34.543,1784559934.544,199.603,-7.863159e-03,3.295269e-03,-1.831055e-02,2.929688e-03,2000,0,-1.572632e-04
2026-07-20T18:05:34.641,1784559934.642,199.703,-7.228027e-03,3.375457e-03,-1.879883e-02,3.173828e-03,2000,0,-1.445605e-04
2026-07-20T18:05:34.741,1784559934.742,199.803,-7.422729e-03,3.084837e-03,-1.684570e-02,2.441406e-03,2000,0,-1.484546e-04
2026-07-20T18:05:34.841,1784559934.842,199.903,-7.306152e-03,3.321708e-03,-1.831055e-02,3.173828e-03,2000,0,-1.461230e-04
2026-07-20T18:05:34.941,1784559934.942,200.003,-7.734497e-03,3.275740e-03,-1.904297e-02,5.126953e-03,2000,0,-1.546899e-04
2026-07-20T18:05:35.041,1784559935.042,200.103,-7.520264e-03,3.060711e-03,-2.099609e-02,2.685547e-03,2000,0,-1.504053e-04
2026-07-20T18:05:35.141,1784559935.142,200.203,-7.666260e-03,3.086040e-03,-1.879883e-02,3.417969e-03,2000,0,-1.533252e-04
2026-07-20T18:05:35.241,1784559935.242,200.303,-7.733398e-03,3.047967e-03,-1.806641e-02,2.197266e-03,2000,0,-1.546680e-04
2026-07-20T18:05:35.341,1784559935.342,200.403,-7.563721e-03,2.923013e-03,-1.708984e-02,3.906250e-03,2000,0,-1.512744e-04
2026-07-20T18:05:35.441,1784559935.442,200.503,-7.685913e-03,2.926009e-03,-1.879883e-02,5.859375e-03,2000,0,-1.537183e-04
2026-07-20T18:05:35.541,1784559935.542,200.603,-8.127319e-03,2.926784e-03,-1.660156e-02,1.220703e-03,2000,0,-1.625464e-04
2026-07-20T18:05:35.641,1784559935.642,200.703,-7.355957e-03,2.812529e-03,-1.562500e-02,2.197266e-03,2000,0,-1.471191e-04
2026-07-20T18:05:35.743,1784559935.744,200.803,-7.222412e-03,2.829664e-03,-1.538086e-02,3.662109e-03,2000,0,-1.444482e-04
2026-07-20T18:05:35.844,1784559935.844,200.903,-7.548340e-03,2.915158e-03,-2.490234e-02,2.197266e-03,2000,0,-1.509668e-04
2026-07-20T18:05:35.942,1784559935.942,201.003,-7.730469e-03,2.556901e-03,-1.635742e-02,-4.882812e-04,2000,0,-1.546094e-04
2026-07-20T18:05:36.041,1784559936.042,201.103,-7.557129e-03,2.579365e-03,-1.586914e-02,1.708984e-03,2000,0,-1.511426e-04
2026-07-20T18:05:36.141,1784559936.142,201.203,-7.601807e-03,2.653408e-03,-1.831055e-02,2.441406e-03,2000,0,-1.520361e-04
2026-07-20T18:05:36.241,1784559936.242,201.303,-7.028198e-03,2.514913e-03,-1.708984e-02,9.765625e-04,2000,0,-1.405640e-04
2026-07-20T18:05:36.341,1784559936.342,201.403,-7.337891e-03,2.613843e-03,-1.684570e-02,3.173828e-03,2000,0,-1.467578e-04
2026-07-20T18:05:36.441,1784559936.442,201.503,-7.231323e-03,2.507179e-03,-1.562500e-02,2.197266e-03,2000,0,-1.446265e-04
2026-07-20T18:05:36.541,1784559936.542,201.603,-6.699463e-03,2.570831e-03,-1.538086e-02,1.220703e-03,2000,0,-1.339893e-04
2026-07-20T18:05:36.642,1784559936.642,201.703,-6.890259e-03,2.539168e-03,-1.928711e-02,4.394531e-03,2000,0,-1.378052e-04
2026-07-20T18:05:36.741,1784559936.742,201.803,-7.352539e-03,2.490384e-03,-1.757812e-02,7.324219e-04,2000,0,-1.470508e-04
2026-07-20T18:05:36.842,1784559936.842,201.903,-6.709106e-03,2.625160e-03,-1.586914e-02,2.929688e-03,2000,0,-1.341821e-04
2026-07-20T18:05:36.941,1784559936.942,202.003,-7.214966e-03,2.635534e-03,-1.806641e-02,4.150391e-03,2000,0,-1.442993e-04
2026-07-20T18:05:37.042,1784559937.042,202.103,-6.719971e-03,2.556986e-03,-1.635742e-02,1.220703e-03,2000,0,-1.343994e-04
2026-07-20T18:05:37.141,1784559937.142,202.203,-6.745483e-03,2.827020e-03,-1.586914e-02,5.126953e-03,2000,0,-1.349097e-04
2026-07-20T18:05:37.242,1784559937.243,202.303,-6.819946e-03,2.783173e-03,-1.611328e-02,2.929688e-03,2000,0,-1.363989e-04
2026-07-20T18:05:37.342,1784559937.343,202.403,-6.989502e-03,2.928989e-03,-1.782227e-02,6.591797e-03,2000,0,-1.397900e-04
2026-07-20T18:05:37.442,1784559937.443,202.503,-6.991821e-03,2.982394e-03,-1.879883e-02,2.197266e-03,2000,0,-1.398364e-04
2026-07-20T18:05:37.543,1784559937.544,202.603,-6.584473e-03,3.002266e-03,-1.586914e-02,4.882812e-03,2000,0,-1.316895e-04
2026-07-20T18:05:37.642,1784559937.643,202.703,-7.014648e-03,2.975384e-03,-1.708984e-02,1.708984e-03,2000,0,-1.402930e-04
2026-07-20T18:05:37.742,1784559937.742,202.803,-6.862793e-03,2.954423e-03,-1.684570e-02,3.906250e-03,2000,0,-1.372559e-04
2026-07-20T18:05:37.842,1784559937.842,202.903,-6.679321e-03,3.176353e-03,-1.806641e-02,3.662109e-03,2000,0,-1.335864e-04
2026-07-20T18:05:37.942,1784559937.942,203.003,-6.962524e-03,3.015781e-03,-1.806641e-02,3.173828e-03,2000,0,-1.392505e-04
2026-07-20T18:05:38.041,1784559938.042,203.103,-6.863403e-03,3.036150e-03,-1.708984e-02,2.685547e-03,2000,0,-1.372681e-04
2026-07-20T18:05:38.141,1784559938.142,203.203,-6.790161e-03,3.015125e-03,-1.757812e-02,4.638672e-03,2000,0,-1.358032e-04
2026-07-20T18:05:38.242,1784559938.243,203.303,-7.137207e-03,3.239979e-03,-1.708984e-02,3.906250e-03,2000,0,-1.427441e-04
2026-07-20T18:05:38.342,1784559938.343,203.403,-7.016846e-03,3.197617e-03,-1.977539e-02,5.126953e-03,2000,0,-1.403369e-04
2026-07-20T18:05:38.442,1784559938.443,203.503,-7.325928e-03,2.974751e-03,-1.953125e-02,2.929688e-03,2000,0,-1.465186e-04
2026-07-20T18:05:38.542,1784559938.543,203.603,-7.138428e-03,3.177890e-03,-1.928711e-02,3.173828e-03,2000,0,-1.427686e-04
2026-07-20T18:05:38.642,1784559938.643,203.703,-7.023315e-03,3.328519e-03,-1.660156e-02,3.173828e-03,2000,0,-1.404663e-04
2026-07-20T18:05:38.742,1784559938.742,203.803,-7.515747e-03,3.131279e-03,-1.977539e-02,2.197266e-03,2000,0,-1.503149e-04
2026-07-20T18:05:38.842,1784559938.842,203.903,-7.051758e-03,3.172002e-03,-1.782227e-02,3.906250e-03,2000,0,-1.410352e-04
2026-07-20T18:05:38.941,1784559938.942,204.003,-6.698364e-03,2.996332e-03,-1.660156e-02,3.662109e-03,2000,0,-1.339673e-04
2026-07-20T18:05:39.042,1784559939.042,204.103,-6.927368e-03,3.208060e-03,-1.708984e-02,3.173828e-03,2000,0,-1.385474e-04
2026-07-20T18:05:39.142,1784559939.142,204.203,-7.056274e-03,3.218214e-03,-1.660156e-02,5.859375e-03,2000,0,-1.411255e-04
2026-07-20T18:05:39.241,1784559939.242,204.303,-6.854492e-03,3.188707e-03,-1.782227e-02,5.371094e-03,2000,0,-1.370898e-04
2026-07-20T18:05:39.342,1784559939.342,204.403,-7.015869e-03,3.191198e-03,-1.562500e-02,2.441406e-03,2000,0,-1.403174e-04
2026-07-20T18:05:39.442,1784559939.442,204.503,-7.037476e-03,3.091413e-03,-1.684570e-02,5.859375e-03,2000,0,-1.407495e-04
2026-07-20T18:05:39.542,1784559939.542,204.603,-7.235718e-03,3.075155e-03,-1.904297e-02,5.615234e-03,2000,0,-1.447144e-04
2026-07-20T18:05:39.642,1784559939.642,204.703,-7.199585e-03,3.135881e-03,-1.757812e-02,2.929688e-03,2000,0,-1.439917e-04
2026-07-20T18:05:39.742,1784559939.742,204.803,-7.907959e-03,3.106416e-03,-1.953125e-02,3.417969e-03,2000,0,-1.581592e-04
2026-07-20T18:05:39.841,1784559939.842,204.903,-7.447632e-03,3.139272e-03,-1.806641e-02,3.417969e-03,2000,0,-1.489526e-04
2026-07-20T18:05:39.942,1784559939.942,205.003,-7.352173e-03,3.070707e-03,-1.660156e-02,3.417969e-03,2000,0,-1.470435e-04
2026-07-20T18:05:40.042,1784559940.042,205.103,-7.613647e-03,3.018225e-03,-2.026367e-02,1.708984e-03,2000,0,-1.522729e-04
2026-07-20T18:05:40.141,1784559940.142,205.203,-7.266235e-03,3.240668e-03,-1.831055e-02,2.929688e-03,2000,0,-1.453247e-04
2026-07-20T18:05:40.242,1784559940.242,205.303,-7.640137e-03,3.036226e-03,-1.953125e-02,2.197266e-03,2000,0,-1.528027e-04
2026-07-20T18:05:40.342,1784559940.342,205.403,-7.109131e-03,2.936676e-03,-1.831055e-02,2.685547e-03,2000,0,-1.421826e-04
2026-07-20T18:05:40.442,1784559940.442,205.503,-7.363037e-03,3.116651e-03,-1.733398e-02,5.615234e-03,2000,0,-1.472607e-04
2026-07-20T18:05:40.542,1784559940.542,205.603,-7.341309e-03,3.117353e-03,-1.831055e-02,3.906250e-03,2000,0,-1.468262e-04
2026-07-20T18:05:40.642,1784559940.642,205.703,-7.425171e-03,3.162630e-03,-1.879883e-02,2.441406e-03,2000,0,-1.485034e-04
2026-07-20T18:05:40.742,1784559940.742,205.803,-7.303955e-03,3.908081e-03,-2.099609e-02,6.103516e-03,2000,0,-1.460791e-04
2026-07-20T18:05:40.842,1784559940.842,205.903,-7.652588e-03,3.370794e-03,-1.806641e-02,4.150391e-03,2000,0,-1.530518e-04
2026-07-20T18:05:40.942,1784559940.942,206.003,-8.049438e-03,3.991125e-03,-2.172852e-02,6.591797e-03,2000,0,-1.609888e-04
2026-07-20T18:05:41.042,1784559941.042,206.103,-7.379150e-03,3.357501e-03,-2.050781e-02,8.300781e-03,2000,0,-1.475830e-04
2026-07-20T18:05:41.142,1784559941.142,206.203,-7.760254e-03,3.538534e-03,-1.806641e-02,4.638672e-03,2000,0,-1.552051e-04
2026-07-20T18:05:41.242,1784559941.242,206.303,-8.047974e-03,3.780518e-03,-1.953125e-02,8.544922e-03,2000,0,-1.609595e-04
2026-07-20T18:05:41.342,1784559941.342,206.403,-7.982666e-03,3.615864e-03,-1.904297e-02,4.150391e-03,2000,0,-1.596533e-04
2026-07-20T18:05:41.443,1784559941.444,206.503,-7.904297e-03,3.855100e-03,-2.441406e-02,5.859375e-03,2000,0,-1.580859e-04
2026-07-20T18:05:41.543,1784559941.544,206.603,-7.946045e-03,3.883293e-03,-1.904297e-02,5.859375e-03,2000,0,-1.589209e-04
2026-07-20T18:05:41.642,1784559941.642,206.704,-7.670898e-03,4.248114e-03,-2.099609e-02,6.347656e-03,2000,0,-1.534180e-04
2026-07-20T18:05:41.742,1784559941.742,206.803,-8.364624e-03,3.794711e-03,-1.904297e-02,5.371094e-03,2000,0,-1.672925e-04
2026-07-20T18:05:41.842,1784559941.842,206.903,-8.078857e-03,3.895514e-03,-1.904297e-02,5.126953e-03,2000,0,-1.615771e-04
2026-07-20T18:05:41.942,1784559941.942,207.003,-7.460571e-03,3.953990e-03,-1.953125e-02,8.789062e-03,2000,0,-1.492114e-04
2026-07-20T18:05:42.042,1784559942.042,207.103,-8.270386e-03,3.856572e-03,-1.977539e-02,1.074219e-02,2000,0,-1.654077e-04
2026-07-20T18:05:42.142,1784559942.142,207.203,-7.791870e-03,3.980566e-03,-2.001953e-02,7.568359e-03,2000,0,-1.558374e-04
2026-07-20T18:05:42.242,1784559942.242,207.303,-7.550415e-03,3.919397e-03,-2.001953e-02,5.615234e-03,2000,0,-1.510083e-04
2026-07-20T18:05:42.342,1784559942.342,207.403,-7.962036e-03,3.917109e-03,-2.099609e-02,4.638672e-03,2000,0,-1.592407e-04
2026-07-20T18:05:42.442,1784559942.442,207.503,-7.682007e-03,3.969315e-03,-1.977539e-02,6.591797e-03,2000,0,-1.536401e-04
2026-07-20T18:05:42.542,1784559942.542,207.603,-7.732666e-03,3.878319e-03,-1.953125e-02,5.615234e-03,2000,0,-1.546533e-04
2026-07-20T18:05:42.642,1784559942.642,207.703,-8.109253e-03,3.862101e-03,-2.075195e-02,6.347656e-03,2000,0,-1.621851e-04
2026-07-20T18:05:42.742,1784559942.742,207.803,-8.338867e-03,3.948741e-03,-1.879883e-02,4.882812e-03,2000,0,-1.667773e-04
2026-07-20T18:05:42.842,1784559942.842,207.903,-7.740234e-03,4.007785e-03,-1.928711e-02,5.371094e-03,2000,0,-1.548047e-04
2026-07-20T18:05:42.942,1784559942.942,208.003,-7.559326e-03,3.928447e-03,-1.879883e-02,4.638672e-03,2000,0,-1.511865e-04
2026-07-20T18:05:43.042,1784559943.042,208.103,-7.527710e-03,3.821856e-03,-1.855469e-02,5.859375e-03,2000,0,-1.505542e-04
2026-07-20T18:05:43.142,1784559943.142,208.203,-8.282837e-03,3.851190e-03,-2.197266e-02,4.638672e-03,2000,0,-1.656567e-04
2026-07-20T18:05:43.242,1784559943.242,208.303,-8.275391e-03,3.952132e-03,-2.197266e-02,4.638672e-03,2000,0,-1.655078e-04
2026-07-20T18:05:43.342,1784559943.343,208.403,-8.265381e-03,3.676753e-03,-1.904297e-02,4.638672e-03,2000,0,-1.653076e-04
2026-07-20T18:05:43.442,1784559943.443,208.503,-8.133179e-03,3.749210e-03,-2.050781e-02,3.906250e-03,2000,0,-1.626636e-04
2026-07-20T18:05:43.543,1784559943.544,208.603,-8.262573e-03,3.699403e-03,-2.294922e-02,5.859375e-03,2000,0,-1.652515e-04
2026-07-20T18:05:43.642,1784559943.643,208.703,-8.064697e-03,3.993740e-03,-2.075195e-02,5.371094e-03,2000,0,-1.612939e-04
2026-07-20T18:05:43.742,1784559943.743,208.803,-7.646729e-03,3.624464e-03,-1.831055e-02,6.591797e-03,2000,0,-1.529346e-04
2026-07-20T18:05:43.841,1784559943.842,208.903,-8.546875e-03,3.749009e-03,-2.075195e-02,6.835938e-03,2000,0,-1.709375e-04
2026-07-20T18:05:43.942,1784559943.942,209.003,-7.562622e-03,3.748047e-03,-1.953125e-02,4.150391e-03,2000,0,-1.512524e-04
2026-07-20T18:05:44.042,1784559944.042,209.103,-7.453857e-03,3.698106e-03,-1.879883e-02,4.882812e-03,2000,0,-1.490771e-04
2026-07-20T18:05:44.142,1784559944.142,209.203,-7.867920e-03,3.694901e-03,-1.953125e-02,3.906250e-03,2000,0,-1.573584e-04
2026-07-20T18:05:44.242,1784559944.242,209.303,-8.100586e-03,3.680209e-03,-1.953125e-02,5.371094e-03,2000,0,-1.620117e-04
2026-07-20T18:05:44.342,1784559944.342,209.403,-7.581421e-03,3.094338e-03,-1.879883e-02,4.638672e-03,2000,0,-1.516284e-04
2026-07-20T18:05:44.442,1784559944.442,209.503,-7.822754e-03,3.579914e-03,-2.026367e-02,4.150391e-03,2000,0,-1.564551e-04
2026-07-20T18:05:44.542,1784559944.542,209.603,-7.427246e-03,3.584529e-03,-1.904297e-02,4.150391e-03,2000,0,-1.485449e-04
2026-07-20T18:05:44.642,1784559944.642,209.703,-7.351074e-03,3.449120e-03,-1.879883e-02,1.098633e-02,2000,0,-1.470215e-04
2026-07-20T18:05:44.742,1784559944.742,209.803,-7.590698e-03,3.119102e-03,-1.904297e-02,3.662109e-03,2000,0,-1.518140e-04
2026-07-20T18:05:44.841,1784559944.842,209.903,-8.001465e-03,3.352282e-03,-2.001953e-02,2.929688e-03,2000,0,-1.600293e-04
2026-07-20T18:05:44.942,1784559944.942,210.003,-8.228638e-03,3.383134e-03,-1.953125e-02,4.394531e-03,2000,0,-1.645728e-04
2026-07-20T18:05:45.042,1784559945.042,210.103,-8.216431e-03,3.264053e-03,-1.904297e-02,8.300781e-03,2000,0,-1.643286e-04
2026-07-20T18:05:45.142,1784559945.142,210.203,-7.957153e-03,3.304409e-03,-1.757812e-02,4.638672e-03,2000,0,-1.591431e-04
2026-07-20T18:05:45.242,1784559945.242,210.303,-7.663940e-03,3.348585e-03,-1.733398e-02,4.150391e-03,2000,0,-1.532788e-04
2026-07-20T18:05:45.342,1784559945.342,210.403,-7.827026e-03,3.264553e-03,-1.879883e-02,2.441406e-03,2000,0,-1.565405e-04
2026-07-20T18:05:45.441,1784559945.442,210.503,-7.567993e-03,3.363532e-03,-1.782227e-02,4.150391e-03,2000,0,-1.513599e-04
2026-07-20T18:05:45.542,1784559945.542,210.603,-7.075684e-03,3.317104e-03,-1.757812e-02,3.417969e-03,2000,0,-1.415137e-04
2026-07-20T18:05:45.642,1784559945.642,210.703,-7.355469e-03,3.366385e-03,-1.782227e-02,3.417969e-03,2000,0,-1.471094e-04
2026-07-20T18:05:45.742,1784559945.742,210.803,-7.463745e-03,3.320778e-03,-1.904297e-02,1.416016e-02,2000,0,-1.492749e-04
2026-07-20T18:05:45.842,1784559945.842,210.903,-7.496216e-03,3.326430e-03,-1.782227e-02,3.417969e-03,2000,0,-1.499243e-04
2026-07-20T18:05:45.942,1784559945.943,211.003,-7.521484e-03,3.477698e-03,-2.270508e-02,4.638672e-03,2000,0,-1.504297e-04
2026-07-20T18:05:46.042,1784559946.042,211.103,-7.859497e-03,3.409461e-03,-1.928711e-02,3.662109e-03,2000,0,-1.571899e-04
2026-07-20T18:05:46.142,1784559946.142,211.203,-7.256592e-03,3.430191e-03,-1.733398e-02,9.277344e-03,2000,0,-1.451318e-04
2026-07-20T18:05:46.242,1784559946.242,211.303,-7.181641e-03,3.511324e-03,-1.879883e-02,3.906250e-03,2000,0,-1.436328e-04
2026-07-20T18:05:46.342,1784559946.343,211.403,-7.312622e-03,3.369293e-03,-1.660156e-02,2.197266e-03,2000,0,-1.462524e-04
2026-07-20T18:05:46.442,1784559946.443,211.503,-7.404175e-03,3.476191e-03,-1.855469e-02,4.882812e-03,2000,0,-1.480835e-04
2026-07-20T18:05:46.544,1784559946.544,211.603,-7.461914e-03,3.434382e-03,-1.806641e-02,4.638672e-03,2000,0,-1.492383e-04
2026-07-20T18:05:46.642,1784559946.643,211.703,-7.297607e-03,3.525116e-03,-1.928711e-02,1.049805e-02,2000,0,-1.459521e-04
2026-07-20T18:05:46.743,1784559946.743,211.804,-7.377197e-03,3.374461e-03,-1.904297e-02,5.615234e-03,2000,0,-1.475439e-04
2026-07-20T18:05:46.842,1784559946.842,211.903,-7.023315e-03,3.389420e-03,-2.416992e-02,3.417969e-03,2000,0,-1.404663e-04
2026-07-20T18:05:46.942,1784559946.942,212.003,-7.399658e-03,3.523910e-03,-2.221680e-02,5.859375e-03,2000,0,-1.479932e-04
2026-07-20T18:05:47.042,1784559947.042,212.103,-6.954834e-03,3.481952e-03,-1.855469e-02,1.123047e-02,2000,0,-1.390967e-04
2026-07-20T18:05:47.142,1784559947.142,212.203,-6.663940e-03,3.452214e-03,-1.831055e-02,3.662109e-03,2000,0,-1.332788e-04
2026-07-20T18:05:47.242,1784559947.242,212.304,-6.977051e-03,3.534107e-03,-1.904297e-02,8.056641e-03,2000,0,-1.395410e-04
2026-07-20T18:05:47.342,1784559947.342,212.403,-6.338379e-03,3.498967e-03,-2.221680e-02,4.638672e-03,2000,0,-1.267676e-04
2026-07-20T18:05:47.442,1784559947.442,212.503,-7.101440e-03,3.385957e-03,-1.806641e-02,3.417969e-03,2000,0,-1.420288e-04
2026-07-20T18:05:47.542,1784559947.542,212.603,-6.579346e-03,3.436806e-03,-1.855469e-02,4.150391e-03,2000,0,-1.315869e-04
2026-07-20T18:05:47.642,1784559947.642,212.703,-6.420288e-03,3.485436e-03,-1.782227e-02,4.394531e-03,2000,0,-1.284058e-04
2026-07-20T18:05:47.742,1784559947.742,212.803,-6.468628e-03,3.478777e-03,-1.831055e-02,1.049805e-02,2000,0,-1.293726e-04
2026-07-20T18:05:47.842,1784559947.842,212.903,-6.255005e-03,3.366906e-03,-2.246094e-02,4.638672e-03,2000,0,-1.251001e-04
2026-07-20T18:05:47.942,1784559947.942,213.003,-6.339722e-03,3.383435e-03,-2.001953e-02,3.906250e-03,2000,0,-1.267944e-04
2026-07-20T18:05:48.042,1784559948.042,213.103,-6.737671e-03,3.563563e-03,-1.928711e-02,3.906250e-03,2000,0,-1.347534e-04
2026-07-20T18:05:48.142,1784559948.142,213.203,-6.896973e-03,3.549753e-03,-1.928711e-02,2.441406e-03,2000,0,-1.379395e-04
2026-07-20T18:05:48.242,1784559948.243,213.303,-6.578125e-03,3.645019e-03,-2.026367e-02,3.662109e-03,2000,0,-1.315625e-04
2026-07-20T18:05:48.342,1784559948.342,213.403,-6.580078e-03,3.556708e-03,-1.928711e-02,4.638672e-03,2000,0,-1.316016e-04
2026-07-20T18:05:48.442,1784559948.442,213.503,-6.815796e-03,3.503462e-03,-1.733398e-02,6.103516e-03,2000,0,-1.363159e-04
2026-07-20T18:05:48.542,1784559948.542,213.603,-6.664551e-03,3.445534e-03,-1.953125e-02,3.173828e-03,2000,0,-1.332910e-04
2026-07-20T18:05:48.642,1784559948.642,213.703,-7.090210e-03,3.571668e-03,-2.001953e-02,7.324219e-03,2000,0,-1.418042e-04
2026-07-20T18:05:48.742,1784559948.742,213.803,-6.301636e-03,3.510891e-03,-1.831055e-02,3.662109e-03,2000,0,-1.260327e-04
2026-07-20T18:05:48.842,1784559948.842,213.903,-6.491943e-03,3.536895e-03,-1.855469e-02,9.277344e-03,2000,0,-1.298389e-04
2026-07-20T18:05:48.942,1784559948.942,214.003,-6.468384e-03,3.424336e-03,-2.001953e-02,2.929688e-03,2000,0,-1.293677e-04
2026-07-20T18:05:49.042,1784559949.042,214.103,-6.521484e-03,3.453076e-03,-1.708984e-02,2.929688e-03,2000,0,-1.304297e-04
2026-07-20T18:05:49.142,1784559949.142,214.203,-6.489990e-03,3.587971e-03,-1.879883e-02,4.882812e-03,2000,0,-1.297998e-04
2026-07-20T18:05:49.242,1784559949.242,214.303,-6.114014e-03,3.450029e-03,-1.635742e-02,6.347656e-03,2000,0,-1.222803e-04
2026-07-20T18:05:49.342,1784559949.342,214.403,-6.662354e-03,3.458271e-03,-1.660156e-02,7.080078e-03,2000,0,-1.332471e-04
2026-07-20T18:05:49.442,1784559949.442,214.503,-6.121460e-03,3.496517e-03,-1.733398e-02,6.591797e-03,2000,0,-1.224292e-04
2026-07-20T18:05:49.542,1784559949.542,214.603,-6.322876e-03,3.375329e-03,-1.953125e-02,4.150391e-03,2000,0,-1.264575e-04
2026-07-20T18:05:49.642,1784559949.642,214.703,-6.241333e-03,3.495697e-03,-1.757812e-02,3.906250e-03,2000,0,-1.248267e-04
2026-07-20T18:05:49.742,1784559949.742,214.803,-6.355103e-03,3.539379e-03,-1.879883e-02,7.324219e-03,2000,0,-1.271021e-04
2026-07-20T18:05:49.842,1784559949.842,214.903,-6.622437e-03,3.499428e-03,-1.831055e-02,5.126953e-03,2000,0,-1.324487e-04
2026-07-20T18:05:49.942,1784559949.942,215.003,-6.798950e-03,3.450628e-03,-1.708984e-02,4.394531e-03,2000,0,-1.359790e-04
2026-07-20T18:05:50.042,1784559950.043,215.104,-6.486328e-03,3.461036e-03,-1.855469e-02,9.765625e-03,2000,0,-1.297266e-04
2026-07-20T18:05:50.142,1784559950.142,215.203,-6.995483e-03,3.684740e-03,-1.806641e-02,7.812500e-03,2000,0,-1.399097e-04
2026-07-20T18:05:50.242,1784559950.242,215.303,-6.569092e-03,3.710523e-03,-2.075195e-02,6.347656e-03,2000,0,-1.313818e-04
2026-07-20T18:05:50.342,1784559950.342,215.403,-6.666504e-03,3.522632e-03,-1.660156e-02,6.835938e-03,2000,0,-1.333301e-04
2026-07-20T18:05:50.442,1784559950.442,215.503,-6.226563e-03,3.690813e-03,-1.757812e-02,7.080078e-03,2000,0,-1.245313e-04
2026-07-20T18:05:50.542,1784559950.542,215.603,-6.839233e-03,3.723479e-03,-1.782227e-02,5.859375e-03,2000,0,-1.367847e-04
2026-07-20T18:05:50.642,1784559950.642,215.703,-6.702515e-03,3.691111e-03,-1.757812e-02,5.615234e-03,2000,0,-1.340503e-04
2026-07-20T18:05:50.742,1784559950.742,215.803,-6.612671e-03,3.663340e-03,-1.977539e-02,4.882812e-03,2000,0,-1.322534e-04
2026-07-20T18:05:50.842,1784559950.842,215.903,-5.780518e-03,3.720776e-03,-2.001953e-02,6.103516e-03,2000,0,-1.156104e-04
2026-07-20T18:05:50.942,1784559950.942,216.003,-6.402832e-03,3.602865e-03,-1.953125e-02,7.812500e-03,2000,0,-1.280566e-04
2026-07-20T18:05:51.042,1784559951.042,216.103,-6.359741e-03,3.710046e-03,-1.855469e-02,9.033203e-03,2000,0,-1.271948e-04
2026-07-20T18:05:51.142,1784559951.142,216.203,-6.168823e-03,3.705351e-03,-1.782227e-02,7.324219e-03,2000,0,-1.233765e-04
2026-07-20T18:05:51.242,1784559951.242,216.303,-6.156494e-03,3.654296e-03,-1.953125e-02,6.103516e-03,2000,0,-1.231299e-04
2026-07-20T18:05:51.342,1784559951.342,216.403,-6.430298e-03,3.631438e-03,-1.831055e-02,7.812500e-03,2000,0,-1.286060e-04
2026-07-20T18:05:51.442,1784559951.443,216.503,-7.524658e-03,3.762309e-03,-1.977539e-02,1.000977e-02,2000,0,-1.504932e-04
2026-07-20T18:05:51.542,1784559951.543,216.603,-6.835815e-03,3.522963e-03,-1.904297e-02,3.906250e-03,2000,0,-1.367163e-04
2026-07-20T18:05:51.643,1784559951.643,216.703,-6.894653e-03,3.423254e-03,-1.928711e-02,5.371094e-03,2000,0,-1.378931e-04
2026-07-20T18:05:51.742,1784559951.743,216.803,-6.518677e-03,3.422942e-03,-1.831055e-02,1.220703e-02,2000,0,-1.303735e-04
2026-07-20T18:05:51.842,1784559951.843,216.903,-7.493896e-03,3.513166e-03,-1.855469e-02,3.906250e-03,2000,0,-1.498779e-04
2026-07-20T18:05:51.942,1784559951.942,217.003,-6.932983e-03,3.534558e-03,-1.733398e-02,6.103516e-03,2000,0,-1.386597e-04
2026-07-20T18:05:52.042,1784559952.042,217.103,-6.673950e-03,3.380402e-03,-1.660156e-02,7.812500e-03,2000,0,-1.334790e-04
2026-07-20T18:05:52.142,1784559952.142,217.203,-6.294067e-03,3.355094e-03,-1.611328e-02,5.615234e-03,2000,0,-1.258813e-04
2026-07-20T18:05:52.242,1784559952.242,217.303,-6.128784e-03,3.339008e-03,-1.586914e-02,6.835938e-03,2000,0,-1.225757e-04
2026-07-20T18:05:52.342,1784559952.342,217.403,-6.636719e-03,3.238847e-03,-1.635742e-02,7.324219e-03,2000,0,-1.327344e-04
2026-07-20T18:05:52.443,1784559952.443,217.503,-6.738159e-03,3.238819e-03,-1.733398e-02,3.417969e-03,2000,0,-1.347632e-04
2026-07-20T18:05:52.543,1784559952.543,217.603,-6.131226e-03,3.139060e-03,-1.660156e-02,8.789062e-03,2000,0,-1.226245e-04
2026-07-20T18:05:52.642,1784559952.643,217.703,-6.369019e-03,3.273049e-03,-1.660156e-02,4.394531e-03,2000,0,-1.273804e-04
2026-07-20T18:05:52.742,1784559952.743,217.803,-5.873169e-03,3.049514e-03,-1.733398e-02,6.347656e-03,2000,0,-1.174634e-04
2026-07-20T18:05:52.842,1784559952.843,217.903,-6.206909e-03,3.166638e-03,-2.636719e-02,3.662109e-03,2000,0,-1.241382e-04
2026-07-20T18:05:52.942,1784559952.942,218.003,-5.979858e-03,3.288792e-03,-1.611328e-02,5.859375e-03,2000,0,-1.195972e-04
2026-07-20T18:05:53.042,1784559953.042,218.103,-5.886475e-03,3.090676e-03,-1.489258e-02,1.025391e-02,2000,0,-1.177295e-04
2026-07-20T18:05:53.142,1784559953.142,218.203,-6.452271e-03,3.132552e-03,-1.489258e-02,2.441406e-03,2000,0,-1.290454e-04
2026-07-20T18:05:53.242,1784559953.242,218.303,-6.223633e-03,3.158834e-03,-1.684570e-02,5.615234e-03,2000,0,-1.244727e-04
2026-07-20T18:05:53.342,1784559953.342,218.403,-6.259521e-03,3.306810e-03,-1.928711e-02,4.394531e-03,2000,0,-1.251904e-04
2026-07-20T18:05:53.442,1784559953.442,218.503,-6.483276e-03,3.257031e-03,-1.831055e-02,5.371094e-03,2000,0,-1.296655e-04
2026-07-20T18:05:53.542,1784559953.542,218.603,-5.867432e-03,3.158692e-03,-1.660156e-02,5.371094e-03,2000,0,-1.173486e-04
2026-07-20T18:05:53.642,1784559953.642,218.703,-6.125244e-03,3.272050e-03,-1.879883e-02,6.103516e-03,2000,0,-1.225049e-04
2026-07-20T18:05:53.742,1784559953.742,218.803,-5.857178e-03,3.212782e-03,-1.586914e-02,6.103516e-03,2000,0,-1.171436e-04
2026-07-20T18:05:53.842,1784559953.842,218.903,-6.555664e-03,3.126603e-03,-1.708984e-02,5.371094e-03,2000,0,-1.311133e-04
2026-07-20T18:05:53.942,1784559953.942,219.003,-6.177734e-03,3.295931e-03,-1.660156e-02,8.056641e-03,2000,0,-1.235547e-04
2026-07-20T18:05:54.042,1784559954.042,219.103,-5.842041e-03,3.270628e-03,-1.782227e-02,3.417969e-03,2000,0,-1.168408e-04
2026-07-20T18:05:54.142,1784559954.142,219.203,-6.215454e-03,3.309391e-03,-1.806641e-02,4.882812e-03,2000,0,-1.243091e-04
2026-07-20T18:05:54.242,1784559954.242,219.304,-5.843262e-03,3.192634e-03,-1.489258e-02,4.150391e-03,2000,0,-1.168652e-04
2026-07-20T18:05:54.342,1784559954.342,219.403,-5.869751e-03,3.206076e-03,-1.660156e-02,3.417969e-03,2000,0,-1.173950e-04
2026-07-20T18:05:54.442,1784559954.442,219.503,-5.968018e-03,3.130707e-03,-1.757812e-02,4.150391e-03,2000,0,-1.193604e-04
2026-07-20T18:05:54.542,1784559954.542,219.603,-5.631836e-03,3.042382e-03,-1.635742e-02,6.347656e-03,2000,0,-1.126367e-04
2026-07-20T18:05:54.644,1784559954.644,219.703,-5.444580e-03,2.957443e-03,-1.586914e-02,5.615234e-03,2000,0,-1.088916e-04
2026-07-20T18:05:54.742,1784559954.742,219.803,-5.779663e-03,3.059657e-03,-1.586914e-02,5.126953e-03,2000,0,-1.155933e-04
2026-07-20T18:05:54.842,1784559954.842,219.903,-6.704102e-03,2.908435e-03,-1.879883e-02,1.953125e-03,2000,0,-1.340820e-04
2026-07-20T18:05:54.942,1784559954.942,220.003,-5.512573e-03,2.770374e-03,-1.782227e-02,4.150391e-03,2000,0,-1.102515e-04
2026-07-20T18:05:55.042,1784559955.042,220.103,-5.511597e-03,2.857898e-03,-1.464844e-02,1.245117e-02,2000,0,-1.102319e-04
2026-07-20T18:05:55.142,1784559955.142,220.203,-5.361572e-03,2.885640e-03,-1.513672e-02,5.859375e-03,2000,0,-1.072314e-04
2026-07-20T18:05:55.242,1784559955.242,220.303,-5.922119e-03,2.723716e-03,-1.831055e-02,2.685547e-03,2000,0,-1.184424e-04
2026-07-20T18:05:55.342,1784559955.342,220.403,-5.762695e-03,2.658132e-03,-1.538086e-02,5.615234e-03,2000,0,-1.152539e-04
2026-07-20T18:05:55.442,1784559955.442,220.503,-5.725220e-03,2.639109e-03,-1.586914e-02,3.173828e-03,2000,0,-1.145044e-04
2026-07-20T18:05:55.542,1784559955.542,220.603,-6.474731e-03,2.667806e-03,-1.708984e-02,1.953125e-03,2000,0,-1.294946e-04
2026-07-20T18:05:55.642,1784559955.642,220.703,-5.972534e-03,2.634012e-03,-1.635742e-02,3.906250e-03,2000,0,-1.194507e-04
2026-07-20T18:05:55.742,1784559955.742,220.803,-5.797729e-03,2.608386e-03,-1.391602e-02,2.197266e-03,2000,0,-1.159546e-04
2026-07-20T18:05:55.842,1784559955.842,220.903,-5.584717e-03,2.588920e-03,-1.562500e-02,2.441406e-03,2000,0,-1.116943e-04
2026-07-20T18:05:55.943,1784559955.943,221.004,-5.993042e-03,2.481275e-03,-1.416016e-02,3.662109e-03,2000,0,-1.198608e-04
2026-07-20T18:05:56.042,1784559956.042,221.103,-5.859741e-03,2.529001e-03,-1.586914e-02,2.197266e-03,2000,0,-1.171948e-04
2026-07-20T18:05:56.142,1784559956.142,221.204,-5.940796e-03,2.516535e-03,-2.075195e-02,2.197266e-03,2000,0,-1.188159e-04
2026-07-20T18:05:56.242,1784559956.242,221.303,-6.149170e-03,2.470880e-03,-1.782227e-02,2.441406e-03,2000,0,-1.229834e-04
2026-07-20T18:05:56.342,1784559956.342,221.403,-5.745728e-03,2.366424e-03,-1.513672e-02,4.638672e-03,2000,0,-1.149146e-04
2026-07-20T18:05:56.442,1784559956.442,221.503,-5.816528e-03,2.520800e-03,-1.538086e-02,5.126953e-03,2000,0,-1.163306e-04
2026-07-20T18:05:56.542,1784559956.542,221.603,-5.992554e-03,2.455695e-03,-1.464844e-02,6.103516e-03,2000,0,-1.198511e-04
2026-07-20T18:05:56.642,1784559956.642,221.703,-5.889404e-03,2.330691e-03,-1.660156e-02,4.638672e-03,2000,0,-1.177881e-04
2026-07-20T18:05:56.742,1784559956.742,221.803,-5.328003e-03,2.517519e-03,-1.367188e-02,4.882812e-03,2000,0,-1.065601e-04
2026-07-20T18:05:56.842,1784559956.842,221.903,-6.034668e-03,2.606108e-03,-1.757812e-02,3.173828e-03,2000,0,-1.206934e-04
2026-07-20T18:05:56.942,1784559956.942,222.003,-5.570435e-03,2.521251e-03,-1.464844e-02,5.371094e-03,2000,0,-1.114087e-04
2026-07-20T18:05:57.042,1784559957.043,222.103,-5.916870e-03,2.696014e-03,-1.513672e-02,3.417969e-03,2000,0,-1.183374e-04
2026-07-20T18:05:57.142,1784559957.142,222.203,-6.009644e-03,2.813636e-03,-1.708984e-02,3.173828e-03,2000,0,-1.201929e-04
2026-07-20T18:05:57.242,1784559957.243,222.303,-6.144775e-03,2.761148e-03,-1.513672e-02,4.150391e-03,2000,0,-1.228955e-04
2026-07-20T18:05:57.342,1784559957.342,222.403,-6.034668e-03,2.946631e-03,-1.586914e-02,6.591797e-03,2000,0,-1.206934e-04
2026-07-20T18:05:57.442,1784559957.443,222.504,-6.247559e-03,2.973818e-03,-1.757812e-02,3.173828e-03,2000,0,-1.249512e-04
2026-07-20T18:05:57.542,1784559957.542,222.603,-6.230591e-03,2.790983e-03,-1.562500e-02,3.417969e-03,2000,0,-1.246118e-04
2026-07-20T18:05:57.642,1784559957.643,222.703,-5.885010e-03,3.096248e-03,-1.611328e-02,6.591797e-03,2000,0,-1.177002e-04
2026-07-20T18:05:57.742,1784559957.742,222.803,-5.881470e-03,2.942835e-03,-1.562500e-02,3.906250e-03,2000,0,-1.176294e-04
2026-07-20T18:05:57.842,1784559957.842,222.903,-6.090332e-03,3.066965e-03,-1.635742e-02,4.638672e-03,2000,0,-1.218066e-04
2026-07-20T18:05:57.942,1784559957.942,223.003,-6.234131e-03,3.161624e-03,-1.538086e-02,3.906250e-03,2000,0,-1.246826e-04
2026-07-20T18:05:58.042,1784559958.042,223.103,-5.793579e-03,3.260780e-03,-2.001953e-02,4.638672e-03,2000,0,-1.158716e-04
2026-07-20T18:05:58.142,1784559958.143,223.203,-6.003296e-03,3.034620e-03,-1.733398e-02,2.685547e-03,2000,0,-1.200659e-04
2026-07-20T18:05:58.242,1784559958.243,223.304,-6.549194e-03,3.148336e-03,-1.806641e-02,3.417969e-03,2000,0,-1.309839e-04
2026-07-20T18:05:58.343,1784559958.343,223.403,-6.402344e-03,2.978124e-03,-1.757812e-02,2.197266e-03,2000,0,-1.280469e-04
2026-07-20T18:05:58.443,1784559958.443,223.503,-6.143555e-03,3.117018e-03,-1.684570e-02,5.126953e-03,2000,0,-1.228711e-04
2026-07-20T18:05:58.543,1784559958.543,223.603,-6.460693e-03,3.280433e-03,-1.635742e-02,5.615234e-03,2000,0,-1.292139e-04
2026-07-20T18:05:58.643,1784559958.643,223.703,-6.448364e-03,3.190128e-03,-1.855469e-02,5.615234e-03,2000,0,-1.289673e-04
2026-07-20T18:05:58.743,1784559958.743,223.803,-5.887207e-03,3.059064e-03,-1.708984e-02,3.906250e-03,2000,0,-1.177441e-04
2026-07-20T18:05:58.842,1784559958.842,223.903,-6.760864e-03,3.037113e-03,-1.611328e-02,1.708984e-03,2000,0,-1.352173e-04
2026-07-20T18:05:58.942,1784559958.942,224.003,-6.552490e-03,3.044925e-03,-1.782227e-02,2.929688e-03,2000,0,-1.310498e-04
2026-07-20T18:05:59.042,1784559959.043,224.103,-6.689087e-03,3.124463e-03,-2.124023e-02,2.685547e-03,2000,0,-1.337817e-04
2026-07-20T18:05:59.142,1784559959.142,224.203,-6.637451e-03,3.094034e-03,-1.635742e-02,1.708984e-03,2000,0,-1.327490e-04
2026-07-20T18:05:59.242,1784559959.243,224.303,-6.179932e-03,3.032557e-03,-1.611328e-02,6.103516e-03,2000,0,-1.235986e-04
2026-07-20T18:05:59.343,1784559959.343,224.403,-6.115112e-03,3.102424e-03,-1.586914e-02,8.056641e-03,2000,0,-1.223022e-04
2026-07-20T18:05:59.443,1784559959.443,224.503,-6.011719e-03,3.077476e-03,-1.708984e-02,4.150391e-03,2000,0,-1.202344e-04
2026-07-20T18:05:59.543,1784559959.543,224.603,-6.456421e-03,3.054852e-03,-1.538086e-02,2.929688e-03,2000,0,-1.291284e-04
2026-07-20T18:05:59.643,1784559959.643,224.703,-6.307861e-03,3.125653e-03,-1.586914e-02,2.441406e-03,2000,0,-1.261572e-04
2026-07-20T18:05:59.743,1784559959.743,224.803,-6.836426e-03,3.105273e-03,-1.635742e-02,3.662109e-03,2000,0,-1.367285e-04
2026-07-20T18:05:59.843,1784559959.843,224.903,-6.042236e-03,3.006669e-03,-1.562500e-02,8.056641e-03,2000,0,-1.208447e-04
2026-07-20T18:05:59.942,1784559959.943,225.003,-6.268677e-03,3.027736e-03,-1.586914e-02,2.929688e-03,2000,0,-1.253735e-04
2026-07-20T18:06:00.042,1784559960.042,225.103,-6.240601e-03,3.122732e-03,-1.684570e-02,4.150391e-03,2000,0,-1.248120e-04
2026-07-20T18:06:00.142,1784559960.142,225.203,-6.640259e-03,3.210130e-03,-1.538086e-02,3.173828e-03,2000,0,-1.328052e-04
2026-07-20T18:06:00.242,1784559960.242,225.303,-6.702026e-03,3.093770e-03,-1.611328e-02,4.394531e-03,2000,0,-1.340405e-04
2026-07-20T18:06:00.343,1784559960.344,225.403,-6.985474e-03,3.258983e-03,-2.197266e-02,2.685547e-03,2000,0,-1.397095e-04
2026-07-20T18:06:00.442,1784559960.443,225.503,-6.792603e-03,3.151391e-03,-1.660156e-02,2.441406e-03,2000,0,-1.358521e-04
2026-07-20T18:06:00.542,1784559960.543,225.603,-6.401123e-03,3.218354e-03,-1.757812e-02,5.371094e-03,2000,0,-1.280225e-04
2026-07-20T18:06:00.642,1784559960.643,225.703,-6.472290e-03,3.217611e-03,-1.733398e-02,3.906250e-03,2000,0,-1.294458e-04
2026-07-20T18:06:00.742,1784559960.743,225.803,-6.639893e-03,3.265851e-03,-1.806641e-02,4.882812e-03,2000,0,-1.327979e-04
2026-07-20T18:06:00.842,1784559960.843,225.903,-6.337158e-03,3.160496e-03,-1.684570e-02,2.929688e-03,2000,0,-1.267432e-04
2026-07-20T18:06:00.942,1784559960.943,226.003,-6.724854e-03,3.182174e-03,-1.733398e-02,3.906250e-03,2000,0,-1.344971e-04
2026-07-20T18:06:01.042,1784559961.042,226.103,-6.813965e-03,3.184065e-03,-1.684570e-02,4.882812e-03,2000,0,-1.362793e-04
2026-07-20T18:06:01.142,1784559961.143,226.203,-6.784790e-03,3.254346e-03,-1.977539e-02,3.662109e-03,2000,0,-1.356958e-04
2026-07-20T18:06:01.242,1784559961.243,226.303,-7.477661e-03,3.280595e-03,-1.684570e-02,7.324219e-03,2000,0,-1.495532e-04
2026-07-20T18:06:01.343,1784559961.344,226.403,-7.985229e-03,3.203744e-03,-1.708984e-02,2.685547e-03,2000,0,-1.597046e-04
2026-07-20T18:06:01.442,1784559961.443,226.503,-8.500977e-03,3.161971e-03,-2.661133e-02,7.812500e-03,2000,0,-1.700195e-04
2026-07-20T18:06:01.542,1784559961.543,226.603,-7.411133e-03,3.055908e-03,-1.782227e-02,2.929688e-03,2000,0,-1.482227e-04
2026-07-20T18:06:01.642,1784559961.643,226.703,-8.010498e-03,3.091319e-03,-1.782227e-02,2.929688e-03,2000,0,-1.602100e-04
2026-07-20T18:06:01.742,1784559961.743,226.803,-8.006836e-03,3.142787e-03,-1.708984e-02,5.859375e-03,2000,0,-1.601367e-04
2026-07-20T18:06:01.842,1784559961.843,226.903,-7.620850e-03,3.184878e-03,-1.708984e-02,4.394531e-03,2000,0,-1.524170e-04
2026-07-20T18:06:01.942,1784559961.943,227.003,-6.949829e-03,3.064931e-03,-1.806641e-02,4.882812e-03,2000,0,-1.389966e-04
2026-07-20T18:06:02.043,1784559962.044,227.103,-7.753418e-03,3.070455e-03,-1.977539e-02,3.417969e-03,2000,0,-1.550684e-04
2026-07-20T18:06:02.142,1784559962.143,227.203,-7.454590e-03,3.152279e-03,-1.660156e-02,6.347656e-03,2000,0,-1.490918e-04
2026-07-20T18:06:02.242,1784559962.243,227.303,-7.770264e-03,3.114560e-03,-1.879883e-02,5.859375e-03,2000,0,-1.554053e-04
2026-07-20T18:06:02.342,1784559962.343,227.403,-7.706177e-03,3.146194e-03,-1.806641e-02,6.591797e-03,2000,0,-1.541235e-04
2026-07-20T18:06:02.442,1784559962.443,227.503,-7.311401e-03,3.151928e-03,-1.733398e-02,3.906250e-03,2000,0,-1.462280e-04
2026-07-20T18:06:02.542,1784559962.543,227.603,-7.123047e-03,3.155984e-03,-1.708984e-02,4.150391e-03,2000,0,-1.424609e-04
2026-07-20T18:06:02.642,1784559962.643,227.703,-6.852539e-03,3.211376e-03,-1.611328e-02,5.126953e-03,2000,0,-1.370508e-04
2026-07-20T18:06:02.742,1784559962.743,227.803,-7.695312e-03,3.324095e-03,-1.806641e-02,5.126953e-03,2000,0,-1.539062e-04
2026-07-20T18:06:02.842,1784559962.843,227.903,-7.456299e-03,3.191379e-03,-1.806641e-02,2.197266e-03,2000,0,-1.491260e-04
2026-07-20T18:06:02.942,1784559962.943,228.003,-7.365601e-03,3.252250e-03,-1.831055e-02,1.953125e-03,2000,0,-1.473120e-04
2026-07-20T18:06:03.042,1784559963.043,228.103,-7.712769e-03,3.180307e-03,-1.879883e-02,3.662109e-03,2000,0,-1.542554e-04
2026-07-20T18:06:03.142,1784559963.143,228.203,-7.756714e-03,3.324934e-03,-1.928711e-02,3.417969e-03,2000,0,-1.551343e-04
2026-07-20T18:06:03.242,1784559963.243,228.303,-7.262451e-03,3.372341e-03,-1.684570e-02,2.929688e-03,2000,0,-1.452490e-04
2026-07-20T18:06:03.342,1784559963.343,228.403,-7.632568e-03,3.269369e-03,-1.806641e-02,1.708984e-03,2000,0,-1.526514e-04
2026-07-20T18:06:03.442,1784559963.443,228.503,-7.780151e-03,3.258239e-03,-1.757812e-02,5.615234e-03,2000,0,-1.556030e-04
2026-07-20T18:06:03.542,1784559963.543,228.603,-7.223022e-03,3.263035e-03,-1.806641e-02,5.371094e-03,2000,0,-1.444604e-04
2026-07-20T18:06:03.642,1784559963.643,228.703,-7.453613e-03,3.199547e-03,-1.855469e-02,3.417969e-03,2000,0,-1.490723e-04
2026-07-20T18:06:03.742,1784559963.743,228.803,-7.909546e-03,3.129969e-03,-1.733398e-02,4.638672e-03,2000,0,-1.581909e-04
2026-07-20T18:06:03.842,1784559963.843,228.903,-7.624146e-03,3.230307e-03,-1.806641e-02,2.197266e-03,2000,0,-1.524829e-04
2026-07-20T18:06:03.942,1784559963.943,229.003,-7.693481e-03,3.363473e-03,-1.684570e-02,4.150391e-03,2000,0,-1.538696e-04
2026-07-20T18:06:04.042,1784559964.043,229.103,-7.755371e-03,3.156581e-03,-1.782227e-02,3.417969e-03,2000,0,-1.551074e-04
2026-07-20T18:06:04.142,1784559964.143,229.203,-7.382446e-03,3.126875e-03,-1.684570e-02,2.197266e-03,2000,0,-1.476489e-04
2026-07-20T18:06:04.243,1784559964.243,229.303,-7.618286e-03,3.281741e-03,-1.855469e-02,2.197266e-03,2000,0,-1.523657e-04
2026-07-20T18:06:04.343,1784559964.343,229.403,-7.793457e-03,3.275935e-03,-1.733398e-02,2.929688e-03,2000,0,-1.558691e-04
2026-07-20T18:06:04.443,1784559964.443,229.503,-7.563721e-03,3.259407e-03,-1.684570e-02,6.835938e-03,2000,0,-1.512744e-04
2026-07-20T18:06:04.543,1784559964.543,229.603,-7.817017e-03,3.251493e-03,-2.539062e-02,3.662109e-03,2000,0,-1.563403e-04
2026-07-20T18:06:04.643,1784559964.643,229.703,-7.679077e-03,3.290431e-03,-1.733398e-02,3.906250e-03,2000,0,-1.535815e-04
2026-07-20T18:06:04.742,1784559964.743,229.803,-7.246582e-03,3.384038e-03,-2.001953e-02,6.103516e-03,2000,0,-1.449316e-04
2026-07-20T18:06:04.842,1784559964.843,229.903,-7.118286e-03,3.282471e-03,-1.855469e-02,2.685547e-03,2000,0,-1.423657e-04
2026-07-20T18:06:04.942,1784559964.943,230.003,-7.479614e-03,3.353904e-03,-1.879883e-02,3.906250e-03,2000,0,-1.495923e-04
2026-07-20T18:06:05.042,1784559965.043,230.103,-7.125610e-03,3.397256e-03,-1.806641e-02,4.150391e-03,2000,0,-1.425122e-04
2026-07-20T18:06:05.142,1784559965.143,230.203,-8.114868e-03,3.410773e-03,-1.977539e-02,3.417969e-03,2000,0,-1.622974e-04
2026-07-20T18:06:05.242,1784559965.243,230.303,-7.667969e-03,3.466578e-03,-1.904297e-02,4.394531e-03,2000,0,-1.533594e-04
2026-07-20T18:06:05.342,1784559965.343,230.403,-7.526245e-03,3.535243e-03,-2.197266e-02,3.417969e-03,2000,0,-1.505249e-04
2026-07-20T18:06:05.442,1784559965.443,230.503,-8.399902e-03,3.417238e-03,-2.001953e-02,1.953125e-03,2000,0,-1.679980e-04
2026-07-20T18:06:05.542,1784559965.543,230.603,-8.012695e-03,3.560727e-03,-1.977539e-02,3.417969e-03,2000,0,-1.602539e-04
2026-07-20T18:06:05.642,1784559965.643,230.703,-7.811890e-03,3.469517e-03,-1.928711e-02,3.173828e-03,2000,0,-1.562378e-04
2026-07-20T18:06:05.742,1784559965.743,230.803,-8.105469e-03,3.659846e-03,-1.977539e-02,5.371094e-03,2000,0,-1.621094e-04
2026-07-20T18:06:05.842,1784559965.843,230.903,-7.796021e-03,3.629082e-03,-2.465820e-02,3.417969e-03,2000,0,-1.559204e-04
2026-07-20T18:06:05.942,1784559965.943,231.003,-7.396484e-03,3.781780e-03,-2.368164e-02,5.371094e-03,2000,0,-1.479297e-04
2026-07-20T18:06:06.042,1784559966.043,231.103,-7.355713e-03,3.703263e-03,-2.075195e-02,3.906250e-03,2000,0,-1.471143e-04
2026-07-20T18:06:06.142,1784559966.143,231.203,-7.731934e-03,3.723974e-03,-1.904297e-02,2.197266e-03,2000,0,-1.546387e-04
2026-07-20T18:06:06.242,1784559966.243,231.303,-7.558716e-03,3.834274e-03,-1.977539e-02,4.150391e-03,2000,0,-1.511743e-04
2026-07-20T18:06:06.342,1784559966.343,231.403,-7.697021e-03,3.776614e-03,-2.368164e-02,4.150391e-03,2000,0,-1.539404e-04
2026-07-20T18:06:06.442,1784559966.443,231.503,-7.453491e-03,3.756872e-03,-2.050781e-02,3.417969e-03,2000,0,-1.490698e-04
2026-07-20T18:06:06.542,1784559966.543,231.603,-7.219238e-03,3.893611e-03,-2.050781e-02,5.371094e-03,2000,0,-1.443848e-04
2026-07-20T18:06:06.642,1784559966.643,231.703,-7.452148e-03,3.787906e-03,-2.099609e-02,2.929688e-03,2000,0,-1.490430e-04
2026-07-20T18:06:06.742,1784559966.743,231.803,-7.545532e-03,3.846790e-03,-2.246094e-02,5.615234e-03,2000,0,-1.509106e-04
2026-07-20T18:06:06.843,1784559966.843,231.903,-7.611694e-03,3.862726e-03,-2.319336e-02,4.638672e-03,2000,0,-1.522339e-04
2026-07-20T18:06:06.943,1784559966.943,232.003,-8.328125e-03,3.863092e-03,-2.368164e-02,3.417969e-03,2000,0,-1.665625e-04
2026-07-20T18:06:07.043,1784559967.043,232.103,-7.342285e-03,3.991147e-03,-2.099609e-02,4.882812e-03,2000,0,-1.468457e-04
2026-07-20T18:06:07.143,1784559967.143,232.203,-7.472046e-03,3.857869e-03,-2.490234e-02,4.394531e-03,2000,0,-1.494409e-04
2026-07-20T18:06:07.243,1784559967.243,232.303,-7.736328e-03,3.972309e-03,-2.099609e-02,1.171875e-02,2000,0,-1.547266e-04
2026-07-20T18:06:07.342,1784559967.343,232.403,-7.691040e-03,4.027321e-03,-2.294922e-02,4.394531e-03,2000,0,-1.538208e-04
2026-07-20T18:06:07.442,1784559967.443,232.503,-7.335693e-03,4.024159e-03,-2.197266e-02,7.812500e-03,2000,0,-1.467139e-04
2026-07-20T18:06:07.542,1784559967.543,232.603,-7.385864e-03,3.934565e-03,-2.368164e-02,3.417969e-03,2000,0,-1.477173e-04
2026-07-20T18:06:07.642,1784559967.643,232.703,-7.737549e-03,4.119317e-03,-2.392578e-02,4.394531e-03,2000,0,-1.547510e-04
2026-07-20T18:06:07.742,1784559967.743,232.803,-7.400635e-03,4.155013e-03,-2.050781e-02,4.394531e-03,2000,0,-1.480127e-04
2026-07-20T18:06:07.842,1784559967.843,232.903,-7.419312e-03,4.079142e-03,-2.221680e-02,5.859375e-03,2000,0,-1.483862e-04
2026-07-20T18:06:07.942,1784559967.943,233.003,-7.786011e-03,4.203849e-03,-2.124023e-02,4.394531e-03,2000,0,-1.557202e-04
2026-07-20T18:06:08.042,1784559968.042,233.103,-7.426147e-03,4.179779e-03,-2.246094e-02,8.544922e-03,2000,0,-1.485229e-04
2026-07-20T18:06:08.142,1784559968.143,233.203,-7.330688e-03,3.945012e-03,-1.879883e-02,3.906250e-03,2000,0,-1.466138e-04
2026-07-20T18:06:08.242,1784559968.243,233.303,-7.117676e-03,4.017929e-03,-2.124023e-02,2.929688e-03,2000,0,-1.423535e-04
2026-07-20T18:06:08.342,1784559968.343,233.403,-7.420776e-03,4.133064e-03,-2.001953e-02,3.417969e-03,2000,0,-1.484155e-04
2026-07-20T18:06:08.442,1784559968.443,233.503,-7.858887e-03,4.046611e-03,-2.124023e-02,2.197266e-03,2000,0,-1.571777e-04
2026-07-20T18:06:08.542,1784559968.543,233.603,-7.638794e-03,4.162925e-03,-1.904297e-02,4.150391e-03,2000,0,-1.527759e-04
2026-07-20T18:06:08.642,1784559968.643,233.704,-8.689819e-03,3.720252e-03,-2.001953e-02,1.464844e-03,2000,0,-1.737964e-04
2026-07-20T18:06:08.742,1784559968.743,233.803,-7.714478e-03,4.052236e-03,-1.782227e-02,3.417969e-03,2000,0,-1.542896e-04
2026-07-20T18:06:08.842,1784559968.843,233.903,-7.732544e-03,4.046886e-03,-1.928711e-02,3.906250e-03,2000,0,-1.546509e-04
2026-07-20T18:06:08.942,1784559968.943,234.003,-7.696045e-03,4.025741e-03,-1.977539e-02,4.638672e-03,2000,0,-1.539209e-04
2026-07-20T18:06:09.042,1784559969.043,234.103,-7.567627e-03,4.067855e-03,-2.148438e-02,5.126953e-03,2000,0,-1.513525e-04
2026-07-20T18:06:09.142,1784559969.143,234.203,-7.911255e-03,4.054432e-03,-1.904297e-02,5.371094e-03,2000,0,-1.582251e-04
2026-07-20T18:06:09.242,1784559969.243,234.303,-7.851685e-03,3.955837e-03,-2.001953e-02,4.638672e-03,2000,0,-1.570337e-04
2026-07-20T18:06:09.342,1784559969.343,234.403,-7.551636e-03,4.090174e-03,-2.075195e-02,4.882812e-03,2000,0,-1.510327e-04
2026-07-20T18:06:09.442,1784559969.443,234.503,-8.470825e-03,4.070231e-03,-2.075195e-02,5.126953e-03,2000,0,-1.694165e-04
2026-07-20T18:06:09.542,1784559969.543,234.603,-8.023315e-03,4.124458e-03,-2.197266e-02,5.371094e-03,2000,0,-1.604663e-04
2026-07-20T18:06:09.642,1784559969.643,234.703,-7.882080e-03,4.083494e-03,-1.855469e-02,8.789062e-03,2000,0,-1.576416e-04
2026-07-20T18:06:09.742,1784559969.743,234.803,-8.286011e-03,4.223999e-03,-2.050781e-02,6.103516e-03,2000,0,-1.657202e-04
2026-07-20T18:06:09.842,1784559969.843,234.903,-8.294434e-03,4.200669e-03,-2.294922e-02,8.789062e-03,2000,0,-1.658887e-04
2026-07-20T18:06:09.942,1784559969.943,235.003,-8.629150e-03,4.198168e-03,-2.148438e-02,6.591797e-03,2000,0,-1.725830e-04
2026-07-20T18:06:10.042,1784559970.043,235.103,-8.145996e-03,4.150255e-03,-1.904297e-02,7.812500e-03,2000,0,-1.629199e-04
2026-07-20T18:06:10.142,1784559970.143,235.203,-8.288940e-03,4.201973e-03,-2.197266e-02,6.347656e-03,2000,0,-1.657788e-04
2026-07-20T18:06:10.242,1784559970.243,235.303,-8.382812e-03,4.021131e-03,-2.246094e-02,4.638672e-03,2000,0,-1.676562e-04
2026-07-20T18:06:10.342,1784559970.343,235.403,-8.400146e-03,4.136634e-03,-2.075195e-02,8.300781e-03,2000,0,-1.680029e-04
2026-07-20T18:06:10.442,1784559970.443,235.503,-8.143311e-03,4.132386e-03,-2.148438e-02,8.056641e-03,2000,0,-1.628662e-04
2026-07-20T18:06:10.542,1784559970.543,235.603,-8.341919e-03,4.143809e-03,-2.172852e-02,6.347656e-03,2000,0,-1.668384e-04
2026-07-20T18:06:10.642,1784559970.643,235.703,-8.387573e-03,3.972890e-03,-1.904297e-02,9.277344e-03,2000,0,-1.677515e-04
2026-07-20T18:06:10.742,1784559970.743,235.803,-8.495728e-03,4.093641e-03,-1.977539e-02,6.103516e-03,2000,0,-1.699146e-04
2026-07-20T18:06:10.842,1784559970.842,235.903,-8.497559e-03,3.989846e-03,-2.441406e-02,7.324219e-03,2000,0,-1.699512e-04
2026-07-20T18:06:10.942,1784559970.943,236.003,-8.139648e-03,3.840522e-03,-1.977539e-02,8.300781e-03,2000,0,-1.627930e-04
2026-07-20T18:06:11.042,1784559971.043,236.103,-8.065796e-03,3.697349e-03,-2.075195e-02,6.347656e-03,2000,0,-1.613159e-04
2026-07-20T18:06:11.142,1784559971.143,236.203,-7.916870e-03,3.871856e-03,-2.026367e-02,5.371094e-03,2000,0,-1.583374e-04
2026-07-20T18:06:11.242,1784559971.243,236.303,-8.360229e-03,3.655187e-03,-2.221680e-02,4.882812e-03,2000,0,-1.672046e-04
2026-07-20T18:06:11.343,1784559971.343,236.403,-7.943604e-03,3.622990e-03,-1.879883e-02,5.615234e-03,2000,0,-1.588721e-04
2026-07-20T18:06:11.443,1784559971.443,236.503,-8.346191e-03,3.699020e-03,-2.075195e-02,5.859375e-03,2000,0,-1.669238e-04
2026-07-20T18:06:11.543,1784559971.544,236.603,-8.682983e-03,3.367448e-03,-1.928711e-02,4.150391e-03,2000,0,-1.736597e-04
2026-07-20T18:06:11.643,1784559971.643,236.703,-8.680176e-03,3.360878e-03,-1.879883e-02,3.662109e-03,2000,0,-1.736035e-04
2026-07-20T18:06:11.743,1784559971.743,236.803,-7.815552e-03,3.439008e-03,-1.806641e-02,3.906250e-03,2000,0,-1.563110e-04
2026-07-20T18:06:11.842,1784559971.843,236.903,-8.015259e-03,3.366493e-03,-2.099609e-02,5.371094e-03,2000,0,-1.603052e-04
2026-07-20T18:06:11.942,1784559971.943,237.003,-7.957397e-03,3.364443e-03,-2.343750e-02,4.882812e-03,2000,0,-1.591479e-04
2026-07-20T18:06:12.042,1784559972.043,237.103,-8.430908e-03,3.190246e-03,-1.977539e-02,3.173828e-03,2000,0,-1.686182e-04
2026-07-20T18:06:12.142,1784559972.143,237.203,-8.282349e-03,3.195994e-03,-2.148438e-02,2.197266e-03,2000,0,-1.656470e-04
2026-07-20T18:06:12.244,1784559972.244,237.303,-8.562500e-03,3.253890e-03,-1.855469e-02,3.906250e-03,2000,0,-1.712500e-04
2026-07-20T18:06:12.342,1784559972.343,237.403,-8.318726e-03,3.303170e-03,-1.953125e-02,6.591797e-03,2000,0,-1.663745e-04
2026-07-20T18:06:12.442,1784559972.443,237.503,-8.409180e-03,3.239359e-03,-2.148438e-02,4.150391e-03,2000,0,-1.681836e-04
2026-07-20T18:06:12.542,1784559972.543,237.603,-8.148193e-03,3.189147e-03,-1.855469e-02,3.173828e-03,2000,0,-1.629639e-04
2026-07-20T18:06:12.642,1784559972.643,237.703,-8.199707e-03,3.350670e-03,-1.928711e-02,3.173828e-03,2000,0,-1.639941e-04
2026-07-20T18:06:12.742,1784559972.743,237.803,-8.574707e-03,3.166600e-03,-1.782227e-02,1.708984e-03,2000,0,-1.714941e-04
2026-07-20T18:06:12.842,1784559972.843,237.903,-8.379883e-03,3.260416e-03,-2.075195e-02,1.953125e-03,2000,0,-1.675977e-04
2026-07-20T18:06:12.942,1784559972.943,238.003,-8.011475e-03,3.268019e-03,-1.928711e-02,1.220703e-03,2000,0,-1.602295e-04
2026-07-20T18:06:13.042,1784559973.043,238.103,-8.473267e-03,3.272690e-03,-1.806641e-02,2.929688e-03,2000,0,-1.694653e-04
2026-07-20T18:06:13.142,1784559973.143,238.203,-8.597168e-03,3.442402e-03,-2.172852e-02,2.197266e-03,2000,0,-1.719434e-04
2026-07-20T18:06:13.242,1784559973.243,238.303,-8.393066e-03,3.357489e-03,-1.879883e-02,1.708984e-03,2000,0,-1.678613e-04
2026-07-20T18:06:13.343,1784559973.344,238.403,-9.147339e-03,3.419041e-03,-2.075195e-02,2.685547e-03,2000,0,-1.829468e-04
2026-07-20T18:06:13.443,1784559973.443,238.503,-8.385986e-03,3.395435e-03,-1.928711e-02,2.197266e-03,2000,0,-1.677197e-04
2026-07-20T18:06:13.543,1784559973.544,238.603,-8.656982e-03,3.375904e-03,-2.246094e-02,1.464844e-03,2000,0,-1.731396e-04
2026-07-20T18:06:13.643,1784559973.643,238.703,-8.691528e-03,3.410977e-03,-1.953125e-02,5.126953e-03,2000,0,-1.738306e-04
2026-07-20T18:06:13.743,1784559973.743,238.803,-8.467651e-03,3.272134e-03,-2.001953e-02,1.220703e-03,2000,0,-1.693530e-04
2026-07-20T18:06:13.842,1784559973.843,238.903,-8.374268e-03,3.341048e-03,-2.001953e-02,2.929688e-03,2000,0,-1.674854e-04
2026-07-20T18:06:13.942,1784559973.943,239.003,-8.748535e-03,3.422190e-03,-2.075195e-02,1.464844e-03,2000,0,-1.749707e-04
2026-07-20T18:06:14.042,1784559974.043,239.103,-8.590942e-03,3.488196e-03,-1.855469e-02,2.685547e-03,2000,0,-1.718188e-04
2026-07-20T18:06:14.142,1784559974.143,239.203,-8.623901e-03,3.394835e-03,-1.953125e-02,1.708984e-03,2000,0,-1.724780e-04
2026-07-20T18:06:14.242,1784559974.243,239.303,-8.977539e-03,3.279219e-03,-2.001953e-02,1.464844e-03,2000,0,-1.795508e-04
2026-07-20T18:06:14.342,1784559974.343,239.403,-8.587036e-03,3.329560e-03,-2.172852e-02,1.953125e-03,2000,0,-1.717407e-04
2026-07-20T18:06:14.442,1784559974.443,239.503,-8.737305e-03,3.151042e-03,-2.026367e-02,4.882812e-04,2000,0,-1.747461e-04
2026-07-20T18:06:14.542,1784559974.543,239.603,-8.864136e-03,3.011620e-03,-1.855469e-02,1.953125e-03,2000,0,-1.772827e-04
2026-07-20T18:06:14.642,1784559974.643,239.703,-8.737427e-03,3.024702e-03,-2.001953e-02,1.953125e-03,2000,0,-1.747485e-04
2026-07-20T18:06:14.742,1784559974.743,239.803,-9.055786e-03,2.975001e-03,-2.246094e-02,2.441406e-04,2000,0,-1.811157e-04
2026-07-20T18:06:14.842,1784559974.843,239.903,-8.723633e-03,2.893794e-03,-1.831055e-02,2.441406e-04,2000,0,-1.744727e-04
2026-07-20T18:06:14.942,1784559974.943,240.003,-8.774292e-03,2.702890e-03,-1.855469e-02,2.441406e-04,2000,0,-1.754858e-04
2026-07-20T18:06:15.042,1784559975.043,240.103,-8.778198e-03,2.783937e-03,-1.806641e-02,-4.882812e-04,2000,0,-1.755640e-04
2026-07-20T18:06:15.142,1784559975.143,240.203,-9.082764e-03,2.671012e-03,-1.855469e-02,0.000000e+00,2000,0,-1.816553e-04
2026-07-20T18:06:15.242,1784559975.243,240.303,-8.937988e-03,2.639192e-03,-1.806641e-02,-2.441406e-04,2000,0,-1.787598e-04
2026-07-20T18:06:15.342,1784559975.343,240.403,-9.429688e-03,2.583137e-03,-1.904297e-02,2.929688e-03,2000,0,-1.885938e-04
2026-07-20T18:06:15.442,1784559975.443,240.503,-9.193481e-03,2.565168e-03,-1.806641e-02,2.441406e-04,2000,0,-1.838696e-04
2026-07-20T18:06:15.542,1784559975.543,240.603,-8.758057e-03,2.550199e-03,-1.855469e-02,-2.441406e-04,2000,0,-1.751611e-04
2026-07-20T18:06:15.642,1784559975.643,240.703,-8.935181e-03,2.561677e-03,-2.050781e-02,2.441406e-04,2000,0,-1.787036e-04
2026-07-20T18:06:15.742,1784559975.743,240.803,-9.391357e-03,2.643727e-03,-1.904297e-02,4.882812e-04,2000,0,-1.878271e-04
2026-07-20T18:06:15.842,1784559975.843,240.903,-9.176392e-03,2.588944e-03,-1.831055e-02,1.953125e-03,2000,0,-1.835278e-04
2026-07-20T18:06:15.942,1784559975.943,241.003,-9.404419e-03,2.580055e-03,-1.904297e-02,-1.464844e-03,2000,0,-1.880884e-04
2026-07-20T18:06:16.042,1784559976.043,241.103,-9.556030e-03,2.610290e-03,-2.050781e-02,3.417969e-03,2000,0,-1.911206e-04
2026-07-20T18:06:16.142,1784559976.143,241.203,-8.831055e-03,2.650050e-03,-1.904297e-02,1.953125e-03,2000,0,-1.766211e-04
2026-07-20T18:06:16.242,1784559976.243,241.303,-9.571167e-03,2.820803e-03,-1.879883e-02,-4.882812e-04,2000,0,-1.914233e-04
2026-07-20T18:06:16.342,1784559976.343,241.403,-9.288086e-03,2.963329e-03,-2.270508e-02,1.220703e-03,2000,0,-1.857617e-04
2026-07-20T18:06:16.442,1784559976.443,241.503,-9.546997e-03,2.987204e-03,-2.172852e-02,1.464844e-03,2000,0,-1.909399e-04
2026-07-20T18:06:16.542,1784559976.543,241.603,-9.677246e-03,2.887534e-03,-1.831055e-02,0.000000e+00,2000,0,-1.935449e-04
2026-07-20T18:06:16.642,1784559976.643,241.703,-9.052979e-03,3.082873e-03,-1.831055e-02,2.441406e-04,2000,0,-1.810596e-04
2026-07-20T18:06:16.743,1784559976.744,241.803,-9.025513e-03,3.086873e-03,-1.904297e-02,7.324219e-04,2000,0,-1.805103e-04
2026-07-20T18:06:16.842,1784559976.843,241.903,-9.662842e-03,3.131400e-03,-1.879883e-02,9.765625e-04,2000,0,-1.932568e-04
2026-07-20T18:06:16.942,1784559976.943,242.003,-9.621460e-03,3.232516e-03,-1.904297e-02,2.441406e-04,2000,0,-1.924292e-04
2026-07-20T18:06:17.042,1784559977.043,242.103,-9.424072e-03,3.198138e-03,-2.001953e-02,9.765625e-04,2000,0,-1.884814e-04
2026-07-20T18:06:17.142,1784559977.143,242.203,-9.598755e-03,3.207262e-03,-1.904297e-02,4.882812e-04,2000,0,-1.919751e-04
2026-07-20T18:06:17.242,1784559977.243,242.303,-8.917603e-03,3.355573e-03,-1.977539e-02,1.464844e-03,2000,0,-1.783521e-04
2026-07-20T18:06:17.342,1784559977.343,242.403,-9.267090e-03,3.235119e-03,-2.319336e-02,1.220703e-03,2000,0,-1.853418e-04
2026-07-20T18:06:17.442,1784559977.443,242.503,-9.073975e-03,3.452818e-03,-1.928711e-02,1.464844e-03,2000,0,-1.814795e-04
2026-07-20T18:06:17.542,1784559977.543,242.603,-8.964233e-03,3.291706e-03,-1.928711e-02,3.417969e-03,2000,0,-1.792847e-04
2026-07-20T18:06:17.642,1784559977.643,242.703,-8.979248e-03,3.318779e-03,-1.879883e-02,1.708984e-03,2000,0,-1.795850e-04
2026-07-20T18:06:17.742,1784559977.743,242.803,-8.993896e-03,3.418353e-03,-2.050781e-02,2.685547e-03,2000,0,-1.798779e-04
2026-07-20T18:06:17.842,1784559977.843,242.903,-9.070068e-03,3.348673e-03,-1.879883e-02,4.882812e-03,2000,0,-1.814014e-04
2026-07-20T18:06:17.942,1784559977.943,243.003,-9.400757e-03,3.397443e-03,-1.904297e-02,5.126953e-03,2000,0,-1.880151e-04
2026-07-20T18:06:18.042,1784559978.043,243.103,-9.648193e-03,3.298634e-03,-2.221680e-02,4.394531e-03,2000,0,-1.929639e-04
2026-07-20T18:06:18.143,1784559978.143,243.203,-9.836060e-03,3.277612e-03,-2.026367e-02,4.882812e-04,2000,0,-1.967212e-04
2026-07-20T18:06:18.242,1784559978.243,243.303,-9.321899e-03,3.278802e-03,-2.343750e-02,1.464844e-03,2000,0,-1.864380e-04
2026-07-20T18:06:18.342,1784559978.343,243.403,-9.533203e-03,3.159445e-03,-2.001953e-02,-4.882812e-04,2000,0,-1.906641e-04
2026-07-20T18:06:18.442,1784559978.443,243.503,-9.299683e-03,3.085566e-03,-2.001953e-02,-2.441406e-04,2000,0,-1.859937e-04
2026-07-20T18:06:18.542,1784559978.543,243.603,-9.255859e-03,3.158752e-03,-2.050781e-02,2.441406e-04,2000,0,-1.851172e-04
2026-07-20T18:06:18.642,1784559978.643,243.703,-9.837891e-03,3.142151e-03,-1.953125e-02,1.220703e-03,2000,0,-1.967578e-04
2026-07-20T18:06:18.742,1784559978.743,243.803,-9.500977e-03,3.116950e-03,-2.172852e-02,9.765625e-04,2000,0,-1.900195e-04
2026-07-20T18:06:18.842,1784559978.843,243.903,-9.557129e-03,3.119891e-03,-1.977539e-02,1.953125e-03,2000,0,-1.911426e-04
2026-07-20T18:06:18.943,1784559978.944,244.003,-9.576172e-03,3.126972e-03,-2.124023e-02,9.765625e-04,2000,0,-1.915234e-04
2026-07-20T18:06:19.043,1784559979.044,244.103,-9.516113e-03,3.096753e-03,-2.319336e-02,1.220703e-03,2000,0,-1.903223e-04
2026-07-20T18:06:19.143,1784559979.143,244.203,-9.132080e-03,3.084096e-03,-2.050781e-02,1.953125e-03,2000,0,-1.826416e-04
2026-07-20T18:06:19.243,1784559979.243,244.303,-9.403931e-03,3.117989e-03,-2.001953e-02,2.441406e-03,2000,0,-1.880786e-04
2026-07-20T18:06:19.343,1784559979.343,244.403,-9.348511e-03,2.918032e-03,-1.904297e-02,-2.441406e-04,2000,0,-1.869702e-04
2026-07-20T18:06:19.442,1784559979.443,244.503,-1.005469e-02,2.973981e-03,-2.124023e-02,-9.765625e-04,2000,0,-2.010937e-04
2026-07-20T18:06:19.542,1784559979.543,244.603,-9.613403e-03,3.067554e-03,-2.050781e-02,1.953125e-03,2000,0,-1.922681e-04
2026-07-20T18:06:19.642,1784559979.643,244.703,-1.041321e-02,2.985279e-03,-2.026367e-02,1.220703e-03,2000,0,-2.082642e-04
2026-07-20T18:06:19.742,1784559979.743,244.803,-1.008533e-02,2.821697e-03,-1.879883e-02,2.441406e-03,2000,0,-2.017065e-04
2026-07-20T18:06:19.842,1784559979.843,244.903,-1.032898e-02,2.889082e-03,-1.928711e-02,6.103516e-03,2000,0,-2.065796e-04
2026-07-20T18:06:19.943,1784559979.944,245.003,-1.040503e-02,3.019891e-03,-1.953125e-02,1.953125e-03,2000,0,-2.081006e-04
2026-07-20T18:06:20.043,1784559980.044,245.103,-1.030383e-02,2.856692e-03,-1.879883e-02,-2.441406e-04,2000,0,-2.060767e-04
2026-07-20T18:06:20.143,1784559980.144,245.203,-9.815552e-03,2.914927e-03,-2.050781e-02,-1.220703e-03,2000,0,-1.963110e-04
2026-07-20T18:06:20.243,1784559980.243,245.303,-9.891602e-03,2.969243e-03,-2.001953e-02,7.324219e-04,2000,0,-1.978320e-04
2026-07-20T18:06:20.343,1784559980.344,245.403,-9.722046e-03,3.022483e-03,-2.026367e-02,-1.220703e-03,2000,0,-1.944409e-04
2026-07-20T18:06:20.442,1784559980.443,245.503,-9.607788e-03,2.909799e-03,-1.928711e-02,7.324219e-04,2000,0,-1.921558e-04
2026-07-20T18:06:20.542,1784559980.543,245.603,-1.040381e-02,2.871326e-03,-1.928711e-02,-7.324219e-04,2000,0,-2.080762e-04
2026-07-20T18:06:20.642,1784559980.643,245.703,-9.625000e-03,3.035987e-03,-1.953125e-02,1.708984e-03,2000,0,-1.925000e-04
2026-07-20T18:06:20.742,1784559980.743,245.803,-9.521729e-03,3.045404e-03,-1.928711e-02,8.544922e-03,2000,0,-1.904346e-04
2026-07-20T18:06:20.842,1784559980.843,245.903,-1.019324e-02,3.074774e-03,-2.075195e-02,1.220703e-03,2000,0,-2.038647e-04
2026-07-20T18:06:20.943,1784559980.943,246.003,-9.533447e-03,3.030390e-03,-1.904297e-02,9.765625e-04,2000,0,-1.906689e-04
2026-07-20T18:06:21.042,1784559981.043,246.103,-9.672485e-03,2.910971e-03,-2.026367e-02,-1.220703e-03,2000,0,-1.934497e-04
2026-07-20T18:06:21.142,1784559981.143,246.203,-1.046399e-02,2.944695e-03,-2.124023e-02,-1.464844e-03,2000,0,-2.092798e-04
2026-07-20T18:06:21.242,1784559981.243,246.303,-9.958130e-03,3.151143e-03,-2.050781e-02,1.708984e-03,2000,0,-1.991626e-04
2026-07-20T18:06:21.343,1784559981.343,246.403,-1.031116e-02,3.192483e-03,-2.465820e-02,-4.882812e-04,2000,0,-2.062231e-04
2026-07-20T18:06:21.442,1784559981.443,246.503,-9.910156e-03,3.126798e-03,-2.172852e-02,-4.882812e-04,2000,0,-1.982031e-04
2026-07-20T18:06:21.542,1784559981.543,246.603,-9.627197e-03,3.244954e-03,-2.075195e-02,-2.441406e-04,2000,0,-1.925439e-04
2026-07-20T18:06:21.642,1784559981.643,246.703,-9.590332e-03,3.186035e-03,-2.075195e-02,2.929688e-03,2000,0,-1.918066e-04
2026-07-20T18:06:21.743,1784559981.743,246.803,-9.309692e-03,3.229178e-03,-1.904297e-02,4.150391e-03,2000,0,-1.861938e-04
2026-07-20T18:06:21.844,1784559981.844,246.903,-9.572266e-03,3.292295e-03,-2.221680e-02,7.324219e-03,2000,0,-1.914453e-04
2026-07-20T18:06:21.942,1784559981.943,247.003,-9.894165e-03,3.291757e-03,-2.197266e-02,-4.882812e-04,2000,0,-1.978833e-04
2026-07-20T18:06:22.042,1784559982.043,247.103,-1.068884e-02,3.138758e-03,-2.441406e-02,-1.220703e-03,2000,0,-2.137769e-04
2026-07-20T18:06:22.142,1784559982.143,247.203,-9.674438e-03,3.259392e-03,-2.246094e-02,0.000000e+00,2000,0,-1.934888e-04
2026-07-20T18:06:22.242,1784559982.243,247.303,-9.906860e-03,3.154688e-03,-2.099609e-02,0.000000e+00,2000,0,-1.981372e-04
2026-07-20T18:06:22.343,1784559982.343,247.403,-9.331909e-03,3.181777e-03,-2.172852e-02,4.882812e-04,2000,0,-1.866382e-04
2026-07-20T18:06:22.442,1784559982.443,247.503,-9.446411e-03,3.120934e-03,-2.172852e-02,1.220703e-03,2000,0,-1.889282e-04
2026-07-20T18:06:22.542,1784559982.543,247.603,-9.460205e-03,3.212542e-03,-2.148438e-02,1.220703e-03,2000,0,-1.892041e-04
2026-07-20T18:06:22.642,1784559982.643,247.703,-9.776001e-03,3.334801e-03,-2.343750e-02,-4.882812e-04,2000,0,-1.955200e-04
2026-07-20T18:06:22.743,1784559982.743,247.803,-9.490356e-03,3.289239e-03,-2.270508e-02,4.638672e-03,2000,0,-1.898071e-04
2026-07-20T18:06:22.843,1784559982.843,247.903,-9.834717e-03,3.338179e-03,-2.221680e-02,1.464844e-03,2000,0,-1.966943e-04
2026-07-20T18:06:22.943,1784559982.943,248.003,-9.435547e-03,3.438590e-03,-2.221680e-02,1.953125e-03,2000,0,-1.887109e-04
2026-07-20T18:06:23.042,1784559983.043,248.103,-9.571777e-03,3.262742e-03,-2.392578e-02,2.441406e-03,2000,0,-1.914355e-04
2026-07-20T18:06:23.142,1784559983.143,248.203,-9.472900e-03,3.364568e-03,-2.392578e-02,2.441406e-03,2000,0,-1.894580e-04
2026-07-20T18:06:23.243,1784559983.243,248.303,-9.140625e-03,3.289276e-03,-2.148438e-02,3.417969e-03,2000,0,-1.828125e-04
2026-07-20T18:06:23.343,1784559983.343,248.403,-8.833496e-03,3.473126e-03,-1.879883e-02,2.197266e-03,2000,0,-1.766699e-04
2026-07-20T18:06:23.443,1784559983.443,248.503,-9.336182e-03,3.479025e-03,-2.197266e-02,2.441406e-03,2000,0,-1.867236e-04
2026-07-20T18:06:23.543,1784559983.543,248.603,-9.829224e-03,3.425743e-03,-2.124023e-02,3.906250e-03,2000,0,-1.965845e-04
2026-07-20T18:06:23.643,1784559983.643,248.703,-9.655762e-03,3.552498e-03,-2.172852e-02,1.464844e-03,2000,0,-1.931152e-04
2026-07-20T18:06:23.743,1784559983.743,248.803,-9.437744e-03,3.331830e-03,-1.904297e-02,1.464844e-03,2000,0,-1.887549e-04
2026-07-20T18:06:23.843,1784559983.843,248.903,-9.514526e-03,3.414372e-03,-1.953125e-02,1.220703e-03,2000,0,-1.902905e-04
2026-07-20T18:06:23.943,1784559983.943,249.003,-8.850220e-03,3.459334e-03,-2.099609e-02,7.324219e-04,2000,0,-1.770044e-04
2026-07-20T18:06:24.042,1784559984.043,249.103,-9.279419e-03,3.429211e-03,-1.977539e-02,2.197266e-03,2000,0,-1.855884e-04
2026-07-20T18:06:24.142,1784559984.143,249.203,-9.801147e-03,3.511709e-03,-2.294922e-02,1.464844e-03,2000,0,-1.960229e-04
2026-07-20T18:06:24.243,1784559984.243,249.303,-8.720337e-03,3.388855e-03,-1.977539e-02,3.173828e-03,2000,0,-1.744067e-04
2026-07-20T18:06:24.343,1784559984.343,249.403,-9.377441e-03,3.415046e-03,-2.197266e-02,1.953125e-03,2000,0,-1.875488e-04
2026-07-20T18:06:24.443,1784559984.443,249.503,-9.164307e-03,3.488936e-03,-2.246094e-02,3.906250e-03,2000,0,-1.832861e-04
2026-07-20T18:06:24.543,1784559984.543,249.603,-9.125000e-03,3.303969e-03,-1.977539e-02,5.371094e-03,2000,0,-1.825000e-04
2026-07-20T18:06:24.643,1784559984.643,249.703,-9.600464e-03,3.386406e-03,-2.075195e-02,7.324219e-04,2000,0,-1.920093e-04
2026-07-20T18:06:24.743,1784559984.743,249.803,-9.457764e-03,3.251233e-03,-1.928711e-02,1.708984e-03,2000,0,-1.891553e-04
2026-07-20T18:06:24.843,1784559984.843,249.903,-9.152344e-03,3.360876e-03,-2.026367e-02,1.464844e-03,2000,0,-1.830469e-04
2026-07-20T18:06:24.942,1784559984.943,250.003,-9.620117e-03,3.277489e-03,-2.319336e-02,1.953125e-03,2000,0,-1.924023e-04
2026-07-20T18:06:25.043,1784559985.043,250.103,-9.248413e-03,3.294012e-03,-2.075195e-02,9.765625e-04,2000,0,-1.849683e-04
2026-07-20T18:06:25.143,1784559985.143,250.203,-9.368164e-03,3.248590e-03,-2.050781e-02,7.324219e-04,2000,0,-1.873633e-04
2026-07-20T18:06:25.243,1784559985.243,250.303,-9.564209e-03,3.341601e-03,-2.050781e-02,3.662109e-03,2000,0,-1.912842e-04
2026-07-20T18:06:25.343,1784559985.344,250.403,-8.777832e-03,3.311360e-03,-2.246094e-02,2.197266e-03,2000,0,-1.755566e-04
2026-07-20T18:06:25.443,1784559985.443,250.503,-9.061279e-03,3.413674e-03,-2.221680e-02,2.441406e-03,2000,0,-1.812256e-04
2026-07-20T18:06:25.543,1784559985.544,250.603,-9.002197e-03,3.355072e-03,-2.124023e-02,7.324219e-04,2000,0,-1.800439e-04
2026-07-20T18:06:25.643,1784559985.644,250.703,-9.144531e-03,3.296396e-03,-2.246094e-02,0.000000e+00,2000,0,-1.828906e-04
2026-07-20T18:06:25.743,1784559985.744,250.803,-9.218140e-03,3.484715e-03,-2.270508e-02,3.662109e-03,2000,0,-1.843628e-04
2026-07-20T18:06:25.842,1784559985.843,250.903,-9.354980e-03,3.441750e-03,-2.197266e-02,9.765625e-04,2000,0,-1.870996e-04
2026-07-20T18:06:25.943,1784559985.943,251.003,-9.231689e-03,3.494914e-03,-2.221680e-02,7.324219e-04,2000,0,-1.846338e-04
2026-07-20T18:06:26.043,1784559986.043,251.103,-8.976196e-03,3.592942e-03,-2.026367e-02,2.685547e-03,2000,0,-1.795239e-04
2026-07-20T18:06:26.143,1784559986.143,251.203,-9.202393e-03,3.555955e-03,-2.441406e-02,4.882812e-04,2000,0,-1.840479e-04
2026-07-20T18:06:26.243,1784559986.243,251.303,-8.899536e-03,3.494280e-03,-2.075195e-02,2.441406e-03,2000,0,-1.779907e-04
2026-07-20T18:06:26.343,1784559986.343,251.403,-8.694824e-03,3.607453e-03,-2.221680e-02,1.708984e-03,2000,0,-1.738965e-04
2026-07-20T18:06:26.443,1784559986.443,251.503,-9.177490e-03,3.516445e-03,-2.270508e-02,3.906250e-03,2000,0,-1.835498e-04
2026-07-20T18:06:26.542,1784559986.543,251.603,-9.810181e-03,3.633024e-03,-2.246094e-02,2.441406e-03,2000,0,-1.962036e-04
2026-07-20T18:06:26.643,1784559986.643,251.703,-9.224243e-03,3.649532e-03,-2.197266e-02,1.953125e-03,2000,0,-1.844849e-04
2026-07-20T18:06:26.743,1784559986.743,251.803,-9.393188e-03,3.559486e-03,-2.221680e-02,1.245117e-02,2000,0,-1.878638e-04
2026-07-20T18:06:26.843,1784559986.843,251.903,-9.391846e-03,3.639694e-03,-2.001953e-02,2.441406e-03,2000,0,-1.878369e-04
2026-07-20T18:06:26.943,1784559986.943,252.003,-9.123047e-03,3.517740e-03,-2.319336e-02,1.464844e-03,2000,0,-1.824609e-04
2026-07-20T18:06:27.043,1784559987.043,252.103,-9.354492e-03,3.685417e-03,-2.490234e-02,7.324219e-04,2000,0,-1.870898e-04
2026-07-20T18:06:27.143,1784559987.143,252.203,-9.401489e-03,3.469735e-03,-2.075195e-02,1.953125e-03,2000,0,-1.880298e-04
2026-07-20T18:06:27.242,1784559987.243,252.303,-9.280273e-03,3.394686e-03,-2.099609e-02,1.464844e-03,2000,0,-1.856055e-04
2026-07-20T18:06:27.343,1784559987.343,252.403,-9.509888e-03,3.469403e-03,-2.172852e-02,1.464844e-03,2000,0,-1.901978e-04
2026-07-20T18:06:27.443,1784559987.443,252.503,-9.335449e-03,3.430201e-03,-1.977539e-02,1.953125e-03,2000,0,-1.867090e-04
2026-07-20T18:06:27.544,1784559987.544,252.603,-9.271484e-03,3.255800e-03,-1.928711e-02,2.197266e-03,2000,0,-1.854297e-04
2026-07-20T18:06:27.643,1784559987.644,252.703,-9.416992e-03,3.294739e-03,-1.953125e-02,2.685547e-03,2000,0,-1.883398e-04
2026-07-20T18:06:27.743,1784559987.744,252.803,-9.359131e-03,3.278389e-03,-2.050781e-02,3.906250e-03,2000,0,-1.871826e-04
2026-07-20T18:06:27.843,1784559987.844,252.903,-9.200928e-03,3.468000e-03,-2.148438e-02,7.324219e-04,2000,0,-1.840186e-04
2026-07-20T18:06:27.943,1784559987.943,253.003,-9.617065e-03,3.411102e-03,-2.026367e-02,7.324219e-04,2000,0,-1.923413e-04
2026-07-20T18:06:28.043,1784559988.044,253.103,-9.570923e-03,3.295794e-03,-2.026367e-02,1.464844e-03,2000,0,-1.914185e-04
2026-07-20T18:06:28.143,1784559988.143,253.203,-9.537964e-03,3.438086e-03,-2.148438e-02,1.953125e-03,2000,0,-1.907593e-04
2026-07-20T18:06:28.243,1784559988.243,253.303,-8.939331e-03,3.362311e-03,-2.124023e-02,2.685547e-03,2000,0,-1.787866e-04
2026-07-20T18:06:28.343,1784559988.343,253.403,-9.652710e-03,3.413367e-03,-2.026367e-02,7.324219e-04,2000,0,-1.930542e-04
2026-07-20T18:06:28.443,1784559988.443,253.503,-9.473022e-03,3.348655e-03,-2.270508e-02,1.708984e-03,2000,0,-1.894604e-04
2026-07-20T18:06:28.544,1784559988.544,253.603,-1.014600e-02,3.323369e-03,-2.172852e-02,1.220703e-03,2000,0,-2.029199e-04
2026-07-20T18:06:28.643,1784559988.643,253.703,-9.624878e-03,3.346545e-03,-2.001953e-02,1.220703e-03,2000,0,-1.924976e-04
2026-07-20T18:06:28.743,1784559988.743,253.803,-9.746338e-03,3.424126e-03,-2.001953e-02,2.197266e-03,2000,0,-1.949268e-04
2026-07-20T18:06:28.843,1784559988.843,253.903,-9.465942e-03,3.566716e-03,-2.416992e-02,1.953125e-03,2000,0,-1.893188e-04
2026-07-20T18:06:28.943,1784559988.943,254.003,-9.131958e-03,3.429527e-03,-2.124023e-02,2.441406e-04,2000,0,-1.826392e-04
2026-07-20T18:06:29.043,1784559989.043,254.103,-9.470947e-03,3.532489e-03,-2.099609e-02,9.765625e-04,2000,0,-1.894189e-04
2026-07-20T18:06:29.143,1784559989.143,254.203,-9.586914e-03,3.390516e-03,-2.539062e-02,1.953125e-03,2000,0,-1.917383e-04
2026-07-20T18:06:29.243,1784559989.243,254.303,-9.435913e-03,3.557269e-03,-2.246094e-02,2.197266e-03,2000,0,-1.887183e-04
2026-07-20T18:06:29.342,1784559989.343,254.403,-9.778198e-03,3.505215e-03,-2.197266e-02,4.882812e-04,2000,0,-1.955640e-04
2026-07-20T18:06:29.443,1784559989.443,254.503,-9.146973e-03,3.375167e-03,-2.001953e-02,9.765625e-04,2000,0,-1.829395e-04
2026-07-20T18:06:29.543,1784559989.543,254.603,-9.307007e-03,3.518411e-03,-1.928711e-02,1.708984e-03,2000,0,-1.861401e-04
2026-07-20T18:06:29.642,1784559989.643,254.703,-9.339600e-03,3.444391e-03,-2.001953e-02,2.685547e-03,2000,0,-1.867920e-04
2026-07-20T18:06:29.743,1784559989.743,254.803,-9.631592e-03,3.586455e-03,-2.441406e-02,1.464844e-03,2000,0,-1.926318e-04
2026-07-20T18:06:29.843,1784559989.843,254.903,-9.516235e-03,3.604040e-03,-2.172852e-02,1.708984e-03,2000,0,-1.903247e-04
2026-07-20T18:06:29.943,1784559989.943,255.003,-9.033325e-03,3.524240e-03,-2.075195e-02,1.464844e-03,2000,0,-1.806665e-04
2026-07-20T18:06:30.043,1784559990.043,255.103,-8.882324e-03,3.371502e-03,-2.050781e-02,2.929688e-03,2000,0,-1.776465e-04
2026-07-20T18:06:30.143,1784559990.143,255.203,-8.831909e-03,3.748514e-03,-2.343750e-02,2.929688e-03,2000,0,-1.766382e-04
2026-07-20T18:06:30.243,1784559990.243,255.303,-9.030151e-03,3.661095e-03,-2.294922e-02,2.929688e-03,2000,0,-1.806030e-04
2026-07-20T18:06:30.343,1784559990.343,255.403,-9.059937e-03,3.601761e-03,-2.075195e-02,2.197266e-03,2000,0,-1.811987e-04
2026-07-20T18:06:30.443,1784559990.443,255.503,-9.188110e-03,3.904250e-03,-2.587891e-02,2.197266e-03,2000,0,-1.837622e-04
2026-07-20T18:06:30.543,1784559990.543,255.603,-9.089233e-03,3.754172e-03,-2.294922e-02,2.441406e-03,2000,0,-1.817847e-04
2026-07-20T18:06:30.643,1784559990.643,255.703,-8.931763e-03,3.425649e-03,-2.197266e-02,2.441406e-03,2000,0,-1.786353e-04
2026-07-20T18:06:30.743,1784559990.743,255.803,-8.666626e-03,3.520149e-03,-2.099609e-02,3.906250e-03,2000,0,-1.733325e-04
2026-07-20T18:06:30.842,1784559990.843,255.903,-9.514160e-03,3.668103e-03,-2.197266e-02,2.441406e-03,2000,0,-1.902832e-04
2026-07-20T18:06:30.943,1784559990.943,256.003,-8.984741e-03,3.473754e-03,-2.490234e-02,3.417969e-03,2000,0,-1.796948e-04
2026-07-20T18:06:31.043,1784559991.043,256.103,-8.952759e-03,3.528098e-03,-2.075195e-02,1.464844e-03,2000,0,-1.790552e-04
2026-07-20T18:06:31.143,1784559991.143,256.203,-8.821533e-03,3.841980e-03,-2.319336e-02,2.685547e-03,2000,0,-1.764307e-04
2026-07-20T18:06:31.243,1784559991.243,256.303,-9.103760e-03,3.420919e-03,-2.050781e-02,3.417969e-03,2000,0,-1.820752e-04
2026-07-20T18:06:31.343,1784559991.343,256.403,-8.774048e-03,3.682250e-03,-2.246094e-02,7.568359e-03,2000,0,-1.754810e-04
2026-07-20T18:06:31.443,1784559991.443,256.503,-8.817749e-03,3.531009e-03,-2.221680e-02,3.417969e-03,2000,0,-1.763550e-04
2026-07-20T18:06:31.543,1784559991.543,256.603,-9.062500e-03,3.903377e-03,-2.270508e-02,2.929688e-03,2000,0,-1.812500e-04
2026-07-20T18:06:31.643,1784559991.643,256.703,-8.474976e-03,3.830289e-03,-2.685547e-02,4.150391e-03,2000,0,-1.694995e-04
2026-07-20T18:06:31.743,1784559991.743,256.803,-8.677490e-03,3.731633e-03,-2.197266e-02,2.441406e-03,2000,0,-1.735498e-04
2026-07-20T18:06:31.843,1784559991.843,256.903,-8.547119e-03,3.599025e-03,-2.050781e-02,2.929688e-03,2000,0,-1.709424e-04
2026-07-20T18:06:31.943,1784559991.943,257.003,-8.667969e-03,3.914245e-03,-2.124023e-02,3.662109e-03,2000,0,-1.733594e-04
2026-07-20T18:06:32.043,1784559992.043,257.103,-8.644653e-03,4.013873e-03,-2.001953e-02,3.662109e-03,2000,0,-1.728931e-04
2026-07-20T18:06:32.143,1784559992.143,257.203,-8.471313e-03,4.033256e-03,-2.075195e-02,4.150391e-03,2000,0,-1.694263e-04
2026-07-20T18:06:32.243,1784559992.243,257.303,-8.253662e-03,3.724347e-03,-2.050781e-02,9.277344e-03,2000,0,-1.650732e-04
2026-07-20T18:06:32.343,1784559992.344,257.403,-8.530884e-03,4.147217e-03,-2.075195e-02,5.126953e-03,2000,0,-1.706177e-04
2026-07-20T18:06:32.443,1784559992.443,257.503,-8.275146e-03,3.947113e-03,-1.977539e-02,4.394531e-03,2000,0,-1.655029e-04
2026-07-20T18:06:32.543,1784559992.544,257.603,-8.606689e-03,3.936112e-03,-2.172852e-02,3.906250e-03,2000,0,-1.721338e-04
2026-07-20T18:06:32.643,1784559992.644,257.703,-8.590210e-03,3.988066e-03,-2.050781e-02,3.417969e-03,2000,0,-1.718042e-04
2026-07-20T18:06:32.743,1784559992.744,257.803,-8.571777e-03,3.937353e-03,-2.099609e-02,4.638672e-03,2000,0,-1.714355e-04
2026-07-20T18:06:32.843,1784559992.843,257.903,-8.399780e-03,4.000966e-03,-2.026367e-02,6.591797e-03,2000,0,-1.679956e-04
2026-07-20T18:06:32.943,1784559992.943,258.003,-8.455078e-03,4.087854e-03,-2.050781e-02,6.347656e-03,2000,0,-1.691016e-04
2026-07-20T18:06:33.043,1784559993.043,258.103,-8.583740e-03,3.857134e-03,-2.026367e-02,3.173828e-03,2000,0,-1.716748e-04
2026-07-20T18:06:33.143,1784559993.143,258.203,-8.981567e-03,3.989677e-03,-2.246094e-02,6.347656e-03,2000,0,-1.796313e-04
2026-07-20T18:06:33.242,1784559993.243,258.303,-8.180420e-03,3.877695e-03,-1.977539e-02,3.906250e-03,2000,0,-1.636084e-04
2026-07-20T18:06:33.343,1784559993.343,258.403,-8.493042e-03,3.682854e-03,-1.977539e-02,3.173828e-03,2000,0,-1.698608e-04
2026-07-20T18:06:33.443,1784559993.443,258.503,-9.074829e-03,3.894548e-03,-2.099609e-02,3.662109e-03,2000,0,-1.814966e-04
2026-07-20T18:06:33.543,1784559993.543,258.603,-7.916870e-03,3.744362e-03,-2.099609e-02,2.929688e-03,2000,0,-1.583374e-04
2026-07-20T18:06:33.643,1784559993.643,258.703,-8.337524e-03,3.662621e-03,-1.855469e-02,2.929688e-03,2000,0,-1.667505e-04
2026-07-20T18:06:33.743,1784559993.743,258.804,-8.408936e-03,3.511424e-03,-2.099609e-02,2.929688e-03,2000,0,-1.681787e-04
2026-07-20T18:06:33.843,1784559993.843,258.903,-8.165649e-03,3.394820e-03,-1.879883e-02,2.197266e-03,2000,0,-1.633130e-04
2026-07-20T18:06:33.943,1784559993.943,259.003,-8.340454e-03,3.313683e-03,-1.904297e-02,2.441406e-03,2000,0,-1.668091e-04
2026-07-20T18:06:34.043,1784559994.043,259.103,-7.971802e-03,3.318676e-03,-1.904297e-02,4.394531e-03,2000,0,-1.594360e-04
2026-07-20T18:06:34.143,1784559994.143,259.203,-8.404663e-03,3.189466e-03,-1.757812e-02,9.765625e-04,2000,0,-1.680933e-04
2026-07-20T18:06:34.242,1784559994.243,259.303,-8.859497e-03,3.019184e-03,-1.928711e-02,7.324219e-04,2000,0,-1.771899e-04
2026-07-20T18:06:34.343,1784559994.344,259.403,-8.325195e-03,3.080258e-03,-1.953125e-02,7.324219e-04,2000,0,-1.665039e-04
2026-07-20T18:06:34.443,1784559994.444,259.503,-8.778320e-03,2.980227e-03,-1.904297e-02,4.638672e-03,2000,0,-1.755664e-04
2026-07-20T18:06:34.543,1784559994.544,259.603,-8.682861e-03,2.888151e-03,-2.343750e-02,7.324219e-04,2000,0,-1.736572e-04
2026-07-20T18:06:34.643,1784559994.644,259.703,-8.552124e-03,2.769093e-03,-2.075195e-02,9.765625e-04,2000,0,-1.710425e-04
2026-07-20T18:06:34.743,1784559994.744,259.803,-8.542114e-03,2.599156e-03,-1.757812e-02,7.324219e-04,2000,0,-1.708423e-04
2026-07-20T18:06:34.842,1784559994.843,259.903,-8.751343e-03,2.599423e-03,-1.855469e-02,9.765625e-04,2000,0,-1.750269e-04
2026-07-20T18:06:34.942,1784559994.943,260.003,-8.473877e-03,2.573621e-03,-1.733398e-02,1.708984e-03,2000,0,-1.694775e-04
2026-07-20T18:06:35.042,1784559995.043,260.103,-8.517578e-03,2.477149e-03,-1.831055e-02,2.441406e-04,2000,0,-1.703516e-04
2026-07-20T18:06:35.142,1784559995.143,260.203,-8.182373e-03,2.472058e-03,-2.001953e-02,0.000000e+00,2000,0,-1.636475e-04
2026-07-20T18:06:35.243,1784559995.243,260.304,-8.694214e-03,2.524626e-03,-1.708984e-02,2.441406e-04,2000,0,-1.738843e-04
2026-07-20T18:06:35.342,1784559995.343,260.403,-8.499390e-03,2.423552e-03,-1.538086e-02,5.371094e-03,2000,0,-1.699878e-04
2026-07-20T18:06:35.443,1784559995.443,260.503,-8.563599e-03,2.620513e-03,-2.172852e-02,1.464844e-03,2000,0,-1.712720e-04
2026-07-20T18:06:35.542,1784559995.543,260.603,-8.150024e-03,2.607591e-03,-1.757812e-02,9.765625e-04,2000,0,-1.630005e-04
2026-07-20T18:06:35.643,1784559995.643,260.703,-8.459106e-03,2.753306e-03,-1.757812e-02,1.953125e-03,2000,0,-1.691821e-04
2026-07-20T18:06:35.742,1784559995.743,260.803,-8.234985e-03,2.598107e-03,-2.001953e-02,1.464844e-03,2000,0,-1.646997e-04
2026-07-20T18:06:35.843,1784559995.843,260.903,-8.179932e-03,2.738774e-03,-1.586914e-02,2.197266e-03,2000,0,-1.635986e-04
2026-07-20T18:06:35.943,1784559995.943,261.003,-8.388184e-03,2.837370e-03,-1.708984e-02,1.708984e-03,2000,0,-1.677637e-04
2026-07-20T18:06:36.043,1784559996.043,261.103,-8.996948e-03,2.657238e-03,-2.221680e-02,7.324219e-04,2000,0,-1.799390e-04
2026-07-20T18:06:36.143,1784559996.143,261.203,-8.328247e-03,2.959935e-03,-1.806641e-02,1.464844e-03,2000,0,-1.665649e-04
2026-07-20T18:06:36.242,1784559996.243,261.303,-8.384766e-03,2.985179e-03,-1.831055e-02,1.708984e-03,2000,0,-1.676953e-04
2026-07-20T18:06:36.343,1784559996.343,261.403,-8.770508e-03,3.077898e-03,-1.879883e-02,1.708984e-03,2000,0,-1.754102e-04
2026-07-20T18:06:36.443,1784559996.443,261.503,-8.435425e-03,3.014058e-03,-2.709961e-02,3.662109e-03,2000,0,-1.687085e-04
2026-07-20T18:06:36.543,1784559996.543,261.603,-8.823486e-03,3.005689e-03,-2.148438e-02,1.464844e-03,2000,0,-1.764697e-04
2026-07-20T18:06:36.643,1784559996.643,261.703,-8.773315e-03,3.217717e-03,-2.172852e-02,1.708984e-03,2000,0,-1.754663e-04
2026-07-20T18:06:36.743,1784559996.743,261.803,-7.952515e-03,3.202317e-03,-1.831055e-02,2.685547e-03,2000,0,-1.590503e-04
2026-07-20T18:06:36.843,1784559996.843,261.903,-8.825684e-03,3.109699e-03,-1.928711e-02,2.197266e-03,2000,0,-1.765137e-04
2026-07-20T18:06:36.943,1784559996.943,262.003,-8.796875e-03,3.135435e-03,-1.855469e-02,1.464844e-03,2000,0,-1.759375e-04
2026-07-20T18:06:37.044,1784559997.044,262.103,-9.008545e-03,3.069041e-03,-1.855469e-02,0.000000e+00,2000,0,-1.801709e-04
2026-07-20T18:06:37.143,1784559997.143,262.203,-8.671021e-03,3.239423e-03,-2.075195e-02,7.324219e-04,2000,0,-1.734204e-04
2026-07-20T18:06:37.243,1784559997.243,262.303,-8.743164e-03,3.172238e-03,-1.953125e-02,9.765625e-04,2000,0,-1.748633e-04
2026-07-20T18:06:37.343,1784559997.343,262.403,-8.184082e-03,3.173176e-03,-1.855469e-02,1.464844e-03,2000,0,-1.636816e-04
2026-07-20T18:06:37.443,1784559997.443,262.503,-8.440186e-03,3.148363e-03,-2.294922e-02,1.708984e-03,2000,0,-1.688037e-04
2026-07-20T18:06:37.543,1784559997.543,262.603,-8.577515e-03,3.177288e-03,-1.782227e-02,1.708984e-03,2000,0,-1.715503e-04
2026-07-20T18:06:37.643,1784559997.643,262.703,-8.239014e-03,3.094910e-03,-1.831055e-02,1.708984e-03,2000,0,-1.647803e-04
2026-07-20T18:06:37.743,1784559997.743,262.803,-8.657593e-03,3.357617e-03,-1.855469e-02,1.953125e-03,2000,0,-1.731519e-04
2026-07-20T18:06:37.843,1784559997.843,262.903,-8.887695e-03,3.207053e-03,-2.246094e-02,4.882812e-04,2000,0,-1.777539e-04
2026-07-20T18:06:37.943,1784559997.943,263.003,-8.490601e-03,3.203549e-03,-2.099609e-02,1.708984e-03,2000,0,-1.698120e-04
2026-07-20T18:06:38.043,1784559998.043,263.103,-8.819336e-03,3.131275e-03,-2.001953e-02,1.171875e-02,2000,0,-1.763867e-04
2026-07-20T18:06:38.143,1784559998.143,263.203,-8.846069e-03,2.974540e-03,-1.953125e-02,4.882812e-04,2000,0,-1.769214e-04
2026-07-20T18:06:38.243,1784559998.243,263.303,-8.803711e-03,3.087355e-03,-1.977539e-02,1.464844e-03,2000,0,-1.760742e-04
2026-07-20T18:06:38.343,1784559998.343,263.403,-8.552612e-03,3.065550e-03,-1.879883e-02,3.906250e-03,2000,0,-1.710522e-04
2026-07-20T18:06:38.443,1784559998.443,263.503,-8.830933e-03,3.093447e-03,-1.855469e-02,4.638672e-03,2000,0,-1.766187e-04
2026-07-20T18:06:38.543,1784559998.543,263.603,-8.444214e-03,3.025250e-03,-2.099609e-02,9.765625e-04,2000,0,-1.688843e-04
2026-07-20T18:06:38.643,1784559998.643,263.703,-8.238037e-03,3.006371e-03,-1.977539e-02,1.464844e-03,2000,0,-1.647607e-04
2026-07-20T18:06:38.743,1784559998.743,263.803,-8.887573e-03,3.042943e-03,-1.904297e-02,9.765625e-04,2000,0,-1.777515e-04
2026-07-20T18:06:38.843,1784559998.843,263.903,-8.686890e-03,3.212592e-03,-1.855469e-02,2.685547e-03,2000,0,-1.737378e-04
2026-07-20T18:06:38.943,1784559998.943,264.003,-8.527100e-03,2.947149e-03,-1.928711e-02,1.220703e-03,2000,0,-1.705420e-04
2026-07-20T18:06:39.043,1784559999.043,264.103,-8.646240e-03,3.221757e-03,-2.050781e-02,2.197266e-03,2000,0,-1.729248e-04
2026-07-20T18:06:39.143,1784559999.143,264.203,-8.113770e-03,3.089689e-03,-2.050781e-02,5.859375e-03,2000,0,-1.622754e-04
2026-07-20T18:06:39.243,1784559999.243,264.303,-8.667114e-03,3.473513e-03,-1.928711e-02,4.394531e-03,2000,0,-1.733423e-04
2026-07-20T18:06:39.343,1784559999.343,264.403,-8.603027e-03,3.111595e-03,-1.879883e-02,4.638672e-03,2000,0,-1.720605e-04
2026-07-20T18:06:39.443,1784559999.443,264.503,-8.094604e-03,3.209714e-03,-1.879883e-02,4.638672e-03,2000,0,-1.618921e-04
2026-07-20T18:06:39.543,1784559999.543,264.603,-8.332520e-03,3.174749e-03,-2.075195e-02,5.371094e-03,2000,0,-1.666504e-04
2026-07-20T18:06:39.643,1784559999.643,264.703,-8.536133e-03,3.317526e-03,-2.221680e-02,4.394531e-03,2000,0,-1.707227e-04
2026-07-20T18:06:39.743,1784559999.744,264.803,-8.229492e-03,3.360707e-03,-1.977539e-02,3.173828e-03,2000,0,-1.645898e-04
2026-07-20T18:06:39.843,1784559999.844,264.903,-8.455444e-03,3.372299e-03,-1.953125e-02,3.173828e-03,2000,0,-1.691089e-04
2026-07-20T18:06:39.943,1784559999.943,265.003,-8.656128e-03,3.343969e-03,-2.221680e-02,2.441406e-03,2000,0,-1.731226e-04
2026-07-20T18:06:40.043,1784560000.043,265.103,-8.280029e-03,3.390469e-03,-1.879883e-02,5.371094e-03,2000,0,-1.656006e-04
2026-07-20T18:06:40.143,1784560000.143,265.203,-9.135254e-03,3.357642e-03,-2.124023e-02,2.441406e-03,2000,0,-1.827051e-04
2026-07-20T18:06:40.243,1784560000.243,265.303,-8.874634e-03,3.340497e-03,-1.977539e-02,6.591797e-03,2000,0,-1.774927e-04
2026-07-20T18:06:40.343,1784560000.343,265.404,-8.720947e-03,3.485121e-03,-2.124023e-02,2.685547e-03,2000,0,-1.744189e-04
2026-07-20T18:06:40.443,1784560000.443,265.503,-8.727051e-03,3.351789e-03,-2.148438e-02,2.685547e-03,2000,0,-1.745410e-04
2026-07-20T18:06:40.543,1784560000.543,265.603,-8.532349e-03,3.263247e-03,-2.099609e-02,1.953125e-03,2000,0,-1.706470e-04
2026-07-20T18:06:40.643,1784560000.643,265.703,-8.216553e-03,3.307686e-03,-2.099609e-02,3.173828e-03,2000,0,-1.643311e-04
2026-07-20T18:06:40.743,1784560000.743,265.803,-8.260986e-03,3.368684e-03,-2.148438e-02,4.882812e-03,2000,0,-1.652197e-04
2026-07-20T18:06:40.843,1784560000.843,265.903,-7.891357e-03,3.380441e-03,-1.904297e-02,2.685547e-03,2000,0,-1.578271e-04
2026-07-20T18:06:40.943,1784560000.943,266.003,-7.619141e-03,3.265437e-03,-2.026367e-02,4.882812e-03,2000,0,-1.523828e-04
2026-07-20T18:06:41.043,1784560001.043,266.103,-8.201782e-03,3.320995e-03,-2.270508e-02,1.708984e-03,2000,0,-1.640356e-04
2026-07-20T18:06:41.143,1784560001.143,266.203,-8.273682e-03,3.308557e-03,-1.977539e-02,1.708984e-03,2000,0,-1.654736e-04
2026-07-20T18:06:41.243,1784560001.243,266.303,-7.815308e-03,3.243207e-03,-2.465820e-02,4.638672e-03,2000,0,-1.563062e-04
2026-07-20T18:06:41.343,1784560001.343,266.403,-7.623169e-03,3.352506e-03,-2.001953e-02,4.882812e-03,2000,0,-1.524634e-04
2026-07-20T18:06:41.443,1784560001.443,266.503,-7.995972e-03,3.321028e-03,-2.001953e-02,1.708984e-03,2000,0,-1.599194e-04
2026-07-20T18:06:41.543,1784560001.543,266.603,-7.850708e-03,3.395969e-03,-1.855469e-02,3.173828e-03,2000,0,-1.570142e-04
2026-07-20T18:06:41.643,1784560001.643,266.703,-8.402588e-03,3.476755e-03,-1.977539e-02,3.173828e-03,2000,0,-1.680518e-04
2026-07-20T18:06:41.743,1784560001.743,266.803,-7.729614e-03,3.470305e-03,-2.319336e-02,3.662109e-03,2000,0,-1.545923e-04
2026-07-20T18:06:41.843,1784560001.843,266.903,-7.401855e-03,3.404557e-03,-2.172852e-02,3.173828e-03,2000,0,-1.480371e-04
2026-07-20T18:06:41.943,1784560001.943,267.003,-7.775879e-03,3.537803e-03,-2.172852e-02,3.662109e-03,2000,0,-1.555176e-04
2026-07-20T18:06:42.043,1784560002.043,267.103,-7.756104e-03,3.453987e-03,-1.855469e-02,1.953125e-03,2000,0,-1.551221e-04
2026-07-20T18:06:42.143,1784560002.143,267.203,-7.908813e-03,3.474335e-03,-2.026367e-02,3.906250e-03,2000,0,-1.581763e-04
2026-07-20T18:06:42.243,1784560002.243,267.303,-7.259766e-03,3.588131e-03,-2.075195e-02,3.417969e-03,2000,0,-1.451953e-04
2026-07-20T18:06:42.343,1784560002.343,267.403,-7.951294e-03,3.598796e-03,-2.124023e-02,3.173828e-03,2000,0,-1.590259e-04
2026-07-20T18:06:42.443,1784560002.443,267.503,-7.326416e-03,3.628787e-03,-1.806641e-02,5.371094e-03,2000,0,-1.465283e-04
2026-07-20T18:06:42.543,1784560002.543,267.603,-7.313110e-03,3.489285e-03,-1.953125e-02,4.638672e-03,2000,0,-1.462622e-04
2026-07-20T18:06:42.643,1784560002.643,267.703,-7.280640e-03,3.556465e-03,-2.001953e-02,4.150391e-03,2000,0,-1.456128e-04
2026-07-20T18:06:42.743,1784560002.744,267.803,-7.006592e-03,3.526268e-03,-1.757812e-02,7.568359e-03,2000,0,-1.401318e-04
2026-07-20T18:06:42.843,1784560002.843,267.903,-7.942139e-03,3.169581e-03,-1.953125e-02,3.417969e-03,2000,0,-1.588428e-04
2026-07-20T18:06:42.943,1784560002.943,268.003,-7.632690e-03,3.370645e-03,-1.879883e-02,3.662109e-03,2000,0,-1.526538e-04
2026-07-20T18:06:43.043,1784560003.043,268.103,-6.735840e-03,3.503328e-03,-1.806641e-02,5.371094e-03,2000,0,-1.347168e-04
2026-07-20T18:06:43.143,1784560003.143,268.203,-7.333008e-03,3.438500e-03,-2.075195e-02,3.662109e-03,2000,0,-1.466602e-04
2026-07-20T18:06:43.243,1784560003.243,268.303,-7.324219e-03,3.377639e-03,-1.953125e-02,4.638672e-03,2000,0,-1.464844e-04
2026-07-20T18:06:43.343,1784560003.343,268.403,-7.407227e-03,3.271488e-03,-1.782227e-02,3.173828e-03,2000,0,-1.481445e-04
2026-07-20T18:06:43.443,1784560003.443,268.503,-7.099487e-03,3.322414e-03,-1.757812e-02,4.638672e-03,2000,0,-1.419897e-04
2026-07-20T18:06:43.543,1784560003.543,268.603,-7.552734e-03,3.279781e-03,-2.783203e-02,5.126953e-03,2000,0,-1.510547e-04
2026-07-20T18:06:43.643,1784560003.643,268.703,-7.128418e-03,3.201612e-03,-1.806641e-02,2.929688e-03,2000,0,-1.425684e-04
2026-07-20T18:06:43.743,1784560003.743,268.803,-7.163696e-03,3.108479e-03,-1.806641e-02,4.882812e-03,2000,0,-1.432739e-04
2026-07-20T18:06:43.843,1784560003.843,268.903,-7.446045e-03,3.101710e-03,-1.757812e-02,3.173828e-03,2000,0,-1.489209e-04
2026-07-20T18:06:43.943,1784560003.944,269.003,-7.168457e-03,3.279000e-03,-2.001953e-02,2.197266e-03,2000,0,-1.433691e-04
2026-07-20T18:06:44.043,1784560004.043,269.103,-7.647583e-03,3.255523e-03,-1.928711e-02,2.929688e-03,2000,0,-1.529517e-04
2026-07-20T18:06:44.143,1784560004.143,269.203,-7.259766e-03,3.208990e-03,-1.733398e-02,3.906250e-03,2000,0,-1.451953e-04
2026-07-20T18:06:44.243,1784560004.244,269.303,-7.065063e-03,3.184765e-03,-1.635742e-02,3.173828e-03,2000,0,-1.413013e-04
2026-07-20T18:06:44.343,1784560004.343,269.403,-7.370850e-03,3.270733e-03,-1.904297e-02,6.347656e-03,2000,0,-1.474170e-04
2026-07-20T18:06:44.443,1784560004.443,269.503,-7.240601e-03,3.323427e-03,-2.148438e-02,1.000977e-02,2000,0,-1.448120e-04
2026-07-20T18:06:44.543,1784560004.544,269.603,-6.527710e-03,3.365995e-03,-1.684570e-02,3.417969e-03,2000,0,-1.305542e-04
2026-07-20T18:06:44.643,1784560004.644,269.703,-7.405396e-03,3.381008e-03,-1.904297e-02,3.417969e-03,2000,0,-1.481079e-04
2026-07-20T18:06:44.743,1784560004.744,269.803,-7.248535e-03,3.328344e-03,-1.855469e-02,3.662109e-03,2000,0,-1.449707e-04
2026-07-20T18:06:44.843,1784560004.844,269.903,-6.844116e-03,3.393417e-03,-1.831055e-02,2.929688e-03,2000,0,-1.368823e-04
2026-07-20T18:06:44.943,1784560004.943,270.003,-7.126587e-03,3.302188e-03,-2.172852e-02,4.882812e-03,2000,0,-1.425317e-04
2026-07-20T18:06:45.043,1784560005.044,270.103,-7.074097e-03,3.274115e-03,-1.708984e-02,4.394531e-03,2000,0,-1.414819e-04
2026-07-20T18:06:45.143,1784560005.144,270.203,-6.704346e-03,3.291777e-03,-1.611328e-02,3.906250e-03,2000,0,-1.340869e-04
2026-07-20T18:06:45.243,1784560005.244,270.303,-7.885132e-03,3.336841e-03,-1.855469e-02,1.464844e-03,2000,0,-1.577026e-04
2026-07-20T18:06:45.343,1784560005.344,270.403,-7.302124e-03,3.380050e-03,-1.757812e-02,1.538086e-02,2000,0,-1.460425e-04
2026-07-20T18:06:45.443,1784560005.444,270.503,-7.062622e-03,3.375578e-03,-2.026367e-02,4.150391e-03,2000,0,-1.412524e-04
2026-07-20T18:06:45.543,1784560005.544,270.603,-6.897461e-03,3.276414e-03,-2.099609e-02,1.953125e-03,2000,0,-1.379492e-04
2026-07-20T18:06:45.643,1784560005.644,270.703,-6.848022e-03,3.324314e-03,-1.708984e-02,2.685547e-03,2000,0,-1.369604e-04
2026-07-20T18:06:45.743,1784560005.744,270.803,-6.649536e-03,3.096340e-03,-1.513672e-02,6.591797e-03,2000,0,-1.329907e-04
2026-07-20T18:06:45.843,1784560005.843,270.903,-7.162354e-03,3.326083e-03,-1.806641e-02,4.394531e-03,2000,0,-1.432471e-04
2026-07-20T18:06:45.943,1784560005.944,271.003,-6.688599e-03,3.216874e-03,-1.684570e-02,7.812500e-03,2000,0,-1.337720e-04
2026-07-20T18:06:46.043,1784560006.044,271.103,-6.403076e-03,3.253933e-03,-1.928711e-02,3.173828e-03,2000,0,-1.280615e-04
2026-07-20T18:06:46.143,1784560006.144,271.203,-6.481567e-03,3.112699e-03,-1.489258e-02,3.662109e-03,2000,0,-1.296313e-04
2026-07-20T18:06:46.243,1784560006.244,271.303,-7.155884e-03,3.113641e-03,-1.733398e-02,3.173828e-03,2000,0,-1.431177e-04
2026-07-20T18:06:46.343,1784560006.344,271.403,-6.450073e-03,3.125234e-03,-1.562500e-02,5.126953e-03,2000,0,-1.290015e-04
2026-07-20T18:06:46.443,1784560006.444,271.503,-6.648437e-03,3.267284e-03,-2.416992e-02,4.638672e-03,2000,0,-1.329688e-04
2026-07-20T18:06:46.543,1784560006.544,271.603,-6.698730e-03,3.141997e-03,-2.539062e-02,4.882812e-03,2000,0,-1.339746e-04
2026-07-20T18:06:46.643,1784560006.644,271.703,-6.645386e-03,3.324997e-03,-2.221680e-02,5.126953e-03,2000,0,-1.329077e-04
2026-07-20T18:06:46.743,1784560006.744,271.803,-6.801636e-03,3.244038e-03,-1.635742e-02,2.929688e-03,2000,0,-1.360327e-04
2026-07-20T18:06:46.843,1784560006.844,271.903,-6.781494e-03,3.126719e-03,-1.611328e-02,3.417969e-03,2000,0,-1.356299e-04
2026-07-20T18:06:46.943,1784560006.943,272.003,-6.869141e-03,3.053325e-03,-1.733398e-02,3.662109e-03,2000,0,-1.373828e-04
2026-07-20T18:06:47.043,1784560007.044,272.103,-6.625244e-03,3.241680e-03,-1.757812e-02,4.150391e-03,2000,0,-1.325049e-04
2026-07-20T18:06:47.143,1784560007.144,272.203,-6.933594e-03,3.130755e-03,-1.660156e-02,3.662109e-03,2000,0,-1.386719e-04
2026-07-20T18:06:47.243,1784560007.244,272.303,-6.890381e-03,3.312515e-03,-1.831055e-02,2.929688e-03,2000,0,-1.378076e-04
2026-07-20T18:06:47.343,1784560007.344,272.403,-6.905518e-03,3.066525e-03,-2.172852e-02,3.662109e-03,2000,0,-1.381104e-04
2026-07-20T18:06:47.443,1784560007.444,272.503,-7.031982e-03,3.132089e-03,-1.757812e-02,3.662109e-03,2000,0,-1.406396e-04
2026-07-20T18:06:47.544,1784560007.544,272.603,-6.704224e-03,3.355104e-03,-1.708984e-02,7.080078e-03,2000,0,-1.340845e-04
2026-07-20T18:06:47.644,1784560007.644,272.703,-6.556152e-03,3.302075e-03,-2.246094e-02,3.906250e-03,2000,0,-1.311230e-04
2026-07-20T18:06:47.743,1784560007.744,272.803,-7.125488e-03,3.118818e-03,-2.148438e-02,1.708984e-03,2000,0,-1.425098e-04
2026-07-20T18:06:47.843,1784560007.844,272.903,-6.407471e-03,3.247263e-03,-1.635742e-02,4.638672e-03,2000,0,-1.281494e-04
2026-07-20T18:06:47.943,1784560007.944,273.003,-6.517578e-03,3.234661e-03,-1.611328e-02,4.150391e-03,2000,0,-1.303516e-04
2026-07-20T18:06:48.043,1784560008.044,273.103,-6.798584e-03,3.139050e-03,-1.708984e-02,3.173828e-03,2000,0,-1.359717e-04
2026-07-20T18:06:48.143,1784560008.144,273.203,-6.454224e-03,3.241062e-03,-1.757812e-02,5.371094e-03,2000,0,-1.290845e-04
2026-07-20T18:06:48.243,1784560008.244,273.303,-6.238403e-03,3.178531e-03,-1.757812e-02,3.906250e-03,2000,0,-1.247681e-04
2026-07-20T18:06:48.343,1784560008.344,273.403,-6.310669e-03,3.202298e-03,-1.733398e-02,2.685547e-03,2000,0,-1.262134e-04
2026-07-20T18:06:48.443,1784560008.444,273.503,-6.357910e-03,3.310427e-03,-1.660156e-02,4.882812e-03,2000,0,-1.271582e-04
2026-07-20T18:06:48.543,1784560008.544,273.603,-6.457031e-03,3.374243e-03,-1.782227e-02,5.615234e-03,2000,0,-1.291406e-04
2026-07-20T18:06:48.643,1784560008.644,273.703,-6.940918e-03,3.341072e-03,-1.928711e-02,3.173828e-03,2000,0,-1.388184e-04
2026-07-20T18:06:48.743,1784560008.744,273.803,-6.171875e-03,3.234311e-03,-1.733398e-02,2.441406e-03,2000,0,-1.234375e-04
2026-07-20T18:06:48.843,1784560008.844,273.903,-5.848389e-03,3.255942e-03,-1.782227e-02,3.417969e-03,2000,0,-1.169678e-04
2026-07-20T18:06:48.943,1784560008.944,274.003,-6.556274e-03,3.348612e-03,-1.953125e-02,4.394531e-03,2000,0,-1.311255e-04
2026-07-20T18:06:49.043,1784560009.044,274.103,-6.061523e-03,3.289014e-03,-1.733398e-02,2.929688e-03,2000,0,-1.212305e-04
2026-07-20T18:06:49.143,1784560009.144,274.203,-6.274414e-03,3.331969e-03,-1.879883e-02,5.126953e-03,2000,0,-1.254883e-04
2026-07-20T18:06:49.243,1784560009.244,274.303,-6.328125e-03,3.236181e-03,-1.879883e-02,3.662109e-03,2000,0,-1.265625e-04
2026-07-20T18:06:49.343,1784560009.343,274.403,-6.259399e-03,3.281397e-03,-1.708984e-02,4.150391e-03,2000,0,-1.251880e-04
2026-07-20T18:06:49.443,1784560009.444,274.503,-6.060303e-03,3.333379e-03,-1.855469e-02,4.150391e-03,2000,0,-1.212061e-04
2026-07-20T18:06:49.543,1784560009.544,274.603,-6.331177e-03,3.272805e-03,-1.806641e-02,2.929688e-03,2000,0,-1.266235e-04
2026-07-20T18:06:49.643,1784560009.644,274.703,-6.442993e-03,3.265622e-03,-2.026367e-02,3.173828e-03,2000,0,-1.288599e-04
2026-07-20T18:06:49.743,1784560009.743,274.803,-6.707520e-03,3.331588e-03,-1.879883e-02,3.417969e-03,2000,0,-1.341504e-04
2026-07-20T18:06:49.843,1784560009.844,274.903,-6.167236e-03,3.238909e-03,-2.026367e-02,7.812500e-03,2000,0,-1.233447e-04
2026-07-20T18:06:49.943,1784560009.944,275.003,-5.907349e-03,3.278509e-03,-2.075195e-02,3.906250e-03,2000,0,-1.181470e-04
2026-07-20T18:06:50.043,1784560010.044,275.103,-6.379883e-03,3.372488e-03,-1.953125e-02,3.662109e-03,2000,0,-1.275977e-04
2026-07-20T18:06:50.143,1784560010.144,275.203,-6.293945e-03,3.278188e-03,-1.782227e-02,4.638672e-03,2000,0,-1.258789e-04
2026-07-20T18:06:50.243,1784560010.244,275.303,-5.989136e-03,3.154586e-03,-1.879883e-02,2.929688e-03,2000,0,-1.197827e-04
2026-07-20T18:06:50.343,1784560010.344,275.403,-6.015015e-03,3.207734e-03,-1.904297e-02,4.638672e-03,2000,0,-1.203003e-04
2026-07-20T18:06:50.443,1784560010.444,275.503,-6.502808e-03,3.184670e-03,-1.904297e-02,1.953125e-03,2000,0,-1.300562e-04
2026-07-20T18:06:50.543,1784560010.544,275.603,-5.942627e-03,3.278407e-03,-1.684570e-02,6.591797e-03,2000,0,-1.188525e-04
2026-07-20T18:06:50.643,1784560010.643,275.703,-6.450195e-03,3.192643e-03,-1.708984e-02,7.324219e-03,2000,0,-1.290039e-04
2026-07-20T18:06:50.743,1784560010.744,275.803,-5.946045e-03,3.068732e-03,-1.562500e-02,8.300781e-03,2000,0,-1.189209e-04
2026-07-20T18:06:50.843,1784560010.844,275.903,-6.223755e-03,3.133038e-03,-2.709961e-02,4.638672e-03,2000,0,-1.244751e-04
2026-07-20T18:06:50.943,1784560010.944,276.003,-6.070801e-03,3.108899e-03,-1.684570e-02,2.929688e-03,2000,0,-1.214160e-04
2026-07-20T18:06:51.043,1784560011.044,276.103,-5.977905e-03,3.108379e-03,-1.757812e-02,5.371094e-03,2000,0,-1.195581e-04
2026-07-20T18:06:51.143,1784560011.144,276.203,-5.856201e-03,3.175788e-03,-1.513672e-02,4.394531e-03,2000,0,-1.171240e-04
2026-07-20T18:06:51.243,1784560011.244,276.303,-5.819336e-03,2.989772e-03,-1.464844e-02,3.906250e-03,2000,0,-1.163867e-04
2026-07-20T18:06:51.343,1784560011.344,276.403,-6.132690e-03,3.236436e-03,-1.611328e-02,4.882812e-03,2000,0,-1.226538e-04
2026-07-20T18:06:51.443,1784560011.444,276.503,-6.159058e-03,3.114939e-03,-1.855469e-02,3.906250e-03,2000,0,-1.231812e-04
2026-07-20T18:06:51.543,1784560011.543,276.603,-6.509888e-03,3.071576e-03,-1.684570e-02,3.173828e-03,2000,0,-1.301978e-04
2026-07-20T18:06:51.643,1784560011.644,276.703,-6.243896e-03,3.107905e-03,-1.513672e-02,3.906250e-03,2000,0,-1.248779e-04
2026-07-20T18:06:51.743,1784560011.744,276.803,-6.010010e-03,3.068677e-03,-1.489258e-02,4.638672e-03,2000,0,-1.202002e-04
2026-07-20T18:06:51.843,1784560011.844,276.903,-6.355957e-03,3.207220e-03,-1.586914e-02,5.859375e-03,2000,0,-1.271191e-04
2026-07-20T18:06:51.943,1784560011.944,277.003,-6.049805e-03,3.180794e-03,-1.757812e-02,3.173828e-03,2000,0,-1.209961e-04
2026-07-20T18:06:52.043,1784560012.044,277.103,-5.943726e-03,3.262144e-03,-1.684570e-02,5.859375e-03,2000,0,-1.188745e-04
2026-07-20T18:06:52.143,1784560012.144,277.203,-6.440674e-03,3.167284e-03,-1.733398e-02,4.394531e-03,2000,0,-1.288135e-04
2026-07-20T18:06:52.243,1784560012.244,277.303,-6.417603e-03,3.273610e-03,-1.977539e-02,4.394531e-03,2000,0,-1.283521e-04
2026-07-20T18:06:52.343,1784560012.344,277.403,-6.078003e-03,3.289641e-03,-1.855469e-02,4.638672e-03,2000,0,-1.215601e-04
2026-07-20T18:06:52.443,1784560012.444,277.503,-5.878418e-03,3.221213e-03,-1.733398e-02,5.126953e-03,2000,0,-1.175684e-04
2026-07-20T18:06:52.543,1784560012.544,277.603,-6.366089e-03,3.183876e-03,-1.782227e-02,2.929688e-03,2000,0,-1.273218e-04
2026-07-20T18:06:52.643,1784560012.644,277.703,-5.934570e-03,3.209360e-03,-1.440430e-02,7.324219e-03,2000,0,-1.186914e-04
2026-07-20T18:06:52.743,1784560012.744,277.803,-6.200317e-03,3.234189e-03,-1.684570e-02,4.150391e-03,2000,0,-1.240063e-04
2026-07-20T18:06:52.843,1784560012.844,277.903,-6.437988e-03,3.157524e-03,-1.757812e-02,2.929688e-03,2000,0,-1.287598e-04
2026-07-20T18:06:52.943,1784560012.944,278.004,-6.475830e-03,3.305265e-03,-1.855469e-02,4.150391e-03,2000,0,-1.295166e-04
2026-07-20T18:06:53.043,1784560013.044,278.103,-5.837769e-03,3.066786e-03,-1.733398e-02,3.417969e-03,2000,0,-1.167554e-04
2026-07-20T18:06:53.143,1784560013.144,278.203,-5.809570e-03,3.012940e-03,-1.660156e-02,3.906250e-03,2000,0,-1.161914e-04
2026-07-20T18:06:53.243,1784560013.244,278.303,-5.977905e-03,2.970940e-03,-1.562500e-02,4.150391e-03,2000,0,-1.195581e-04
2026-07-20T18:06:53.343,1784560013.343,278.403,-6.381714e-03,2.917884e-03,-1.562500e-02,4.150391e-03,2000,0,-1.276343e-04
2026-07-20T18:06:53.443,1784560013.444,278.503,-5.823975e-03,2.938717e-03,-1.684570e-02,2.929688e-03,2000,0,-1.164795e-04
2026-07-20T18:06:53.543,1784560013.544,278.603,-5.783325e-03,2.807558e-03,-1.684570e-02,8.300781e-03,2000,0,-1.156665e-04
2026-07-20T18:06:53.643,1784560013.644,278.703,-5.763306e-03,2.825074e-03,-1.513672e-02,4.882812e-03,2000,0,-1.152661e-04
2026-07-20T18:06:53.743,1784560013.744,278.803,-6.764526e-03,2.861500e-03,-1.733398e-02,3.173828e-03,2000,0,-1.352905e-04
2026-07-20T18:06:53.843,1784560013.844,278.903,-6.180908e-03,2.730039e-03,-1.635742e-02,4.638672e-03,2000,0,-1.236182e-04
2026-07-20T18:06:53.943,1784560013.944,279.003,-5.975098e-03,2.517483e-03,-1.489258e-02,1.293945e-02,2000,0,-1.195020e-04
2026-07-20T18:06:54.043,1784560014.044,279.103,-6.044678e-03,2.716858e-03,-1.464844e-02,3.662109e-03,2000,0,-1.208936e-04
2026-07-20T18:06:54.143,1784560014.144,279.203,-5.711548e-03,2.622039e-03,-1.513672e-02,4.394531e-03,2000,0,-1.142310e-04
2026-07-20T18:06:54.243,1784560014.244,279.303,-6.353882e-03,2.543201e-03,-1.562500e-02,1.953125e-03,2000,0,-1.270776e-04
2026-07-20T18:06:54.343,1784560014.344,279.403,-6.174194e-03,2.582076e-03,-1.635742e-02,2.929688e-03,2000,0,-1.234839e-04
2026-07-20T18:06:54.443,1784560014.444,279.503,-5.732422e-03,2.467000e-03,-1.611328e-02,4.150391e-03,2000,0,-1.146484e-04
2026-07-20T18:06:54.543,1784560014.544,279.603,-5.948364e-03,2.442549e-03,-1.440430e-02,2.197266e-03,2000,0,-1.189673e-04
2026-07-20T18:06:54.643,1784560014.644,279.703,-6.113037e-03,2.486887e-03,-2.050781e-02,1.708984e-03,2000,0,-1.222607e-04
2026-07-20T18:06:54.743,1784560014.744,279.803,-5.762207e-03,2.505656e-03,-1.538086e-02,5.371094e-03,2000,0,-1.152441e-04
2026-07-20T18:06:54.843,1784560014.844,279.903,-5.728027e-03,2.462174e-03,-1.562500e-02,3.417969e-03,2000,0,-1.145605e-04
2026-07-20T18:06:54.943,1784560014.944,280.003,-5.958984e-03,2.470681e-03,-1.733398e-02,2.685547e-03,2000,0,-1.191797e-04
2026-07-20T18:06:55.043,1784560015.044,280.103,-5.863159e-03,2.488657e-03,-1.538086e-02,3.906250e-03,2000,0,-1.172632e-04
2026-07-20T18:06:55.143,1784560015.144,280.203,-6.056152e-03,2.619771e-03,-1.513672e-02,3.173828e-03,2000,0,-1.211230e-04
2026-07-20T18:06:55.243,1784560015.244,280.303,-6.120728e-03,2.676259e-03,-1.684570e-02,6.591797e-03,2000,0,-1.224146e-04
2026-07-20T18:06:55.343,1784560015.344,280.403,-5.572632e-03,2.507171e-03,-1.342773e-02,4.394531e-03,2000,0,-1.114526e-04
2026-07-20T18:06:55.443,1784560015.444,280.503,-5.942383e-03,2.644432e-03,-1.440430e-02,2.441406e-03,2000,0,-1.188477e-04
2026-07-20T18:06:55.543,1784560015.544,280.603,-5.810181e-03,3.000367e-03,-2.197266e-02,3.173828e-03,2000,0,-1.162036e-04
2026-07-20T18:06:55.643,1784560015.644,280.703,-5.785645e-03,2.751247e-03,-1.391602e-02,3.173828e-03,2000,0,-1.157129e-04
2026-07-20T18:06:55.743,1784560015.744,280.803,-5.915161e-03,2.974824e-03,-1.733398e-02,7.568359e-03,2000,0,-1.183032e-04
2026-07-20T18:06:55.843,1784560015.844,280.903,-5.745972e-03,2.959894e-03,-1.611328e-02,7.812500e-03,2000,0,-1.149194e-04
2026-07-20T18:06:55.943,1784560015.944,281.003,-5.976318e-03,2.931971e-03,-2.270508e-02,8.789062e-03,2000,0,-1.195264e-04
2026-07-20T18:06:56.043,1784560016.044,281.103,-6.075317e-03,3.179834e-03,-1.733398e-02,4.394531e-03,2000,0,-1.215063e-04
2026-07-20T18:06:56.143,1784560016.144,281.203,-6.109741e-03,3.202348e-03,-1.684570e-02,5.615234e-03,2000,0,-1.221948e-04
2026-07-20T18:06:56.243,1784560016.244,281.303,-6.007568e-03,3.426656e-03,-1.733398e-02,3.417969e-03,2000,0,-1.201514e-04
2026-07-20T18:06:56.343,1784560016.343,281.403,-6.428833e-03,3.247235e-03,-1.562500e-02,5.126953e-03,2000,0,-1.285767e-04
2026-07-20T18:06:56.443,1784560016.444,281.503,-5.737671e-03,3.374320e-03,-1.855469e-02,5.126953e-03,2000,0,-1.147534e-04
2026-07-20T18:06:56.543,1784560016.544,281.603,-5.672974e-03,3.452347e-03,-1.562500e-02,1.025391e-02,2000,0,-1.134595e-04
2026-07-20T18:06:56.643,1784560016.644,281.703,-5.525024e-03,3.404829e-03,-1.708984e-02,1.245117e-02,2000,0,-1.105005e-04
2026-07-20T18:06:56.743,1784560016.744,281.803,-5.793213e-03,3.356686e-03,-1.684570e-02,4.394531e-03,2000,0,-1.158643e-04
2026-07-20T18:06:56.843,1784560016.844,281.903,-6.075928e-03,3.338414e-03,-1.660156e-02,4.882812e-03,2000,0,-1.215186e-04
2026-07-20T18:06:56.943,1784560016.944,282.003,-5.987427e-03,3.432876e-03,-1.684570e-02,4.882812e-03,2000,0,-1.197485e-04
2026-07-20T18:06:57.043,1784560017.044,282.103,-5.912476e-03,3.705152e-03,-1.660156e-02,6.591797e-03,2000,0,-1.182495e-04
2026-07-20T18:06:57.143,1784560017.144,282.203,-5.457031e-03,3.568557e-03,-1.806641e-02,6.835938e-03,2000,0,-1.091406e-04
2026-07-20T18:06:57.243,1784560017.244,282.303,-5.980347e-03,3.494146e-03,-1.879883e-02,5.126953e-03,2000,0,-1.196069e-04
2026-07-20T18:06:57.343,1784560017.344,282.403,-5.568970e-03,3.484064e-03,-1.831055e-02,4.882812e-03,2000,0,-1.113794e-04
2026-07-20T18:06:57.443,1784560017.444,282.503,-5.583862e-03,3.763663e-03,-1.977539e-02,5.859375e-03,2000,0,-1.116772e-04
2026-07-20T18:06:57.543,1784560017.543,282.603,-6.413574e-03,3.624844e-03,-1.733398e-02,4.150391e-03,2000,0,-1.282715e-04
2026-07-20T18:06:57.643,1784560017.644,282.703,-5.514771e-03,3.568908e-03,-1.757812e-02,5.126953e-03,2000,0,-1.102954e-04
2026-07-20T18:06:57.743,1784560017.744,282.803,-6.016235e-03,3.652287e-03,-1.855469e-02,5.859375e-03,2000,0,-1.203247e-04
2026-07-20T18:06:57.843,1784560017.844,282.903,-6.169434e-03,3.617766e-03,-1.660156e-02,5.126953e-03,2000,0,-1.233887e-04
2026-07-20T18:06:57.943,1784560017.944,283.003,-6.071533e-03,3.747832e-03,-1.757812e-02,5.859375e-03,2000,0,-1.214307e-04
2026-07-20T18:06:58.043,1784560018.044,283.103,-5.856445e-03,3.924820e-03,-1.928711e-02,6.103516e-03,2000,0,-1.171289e-04
2026-07-20T18:06:58.143,1784560018.144,283.203,-6.008179e-03,3.703960e-03,-1.879883e-02,3.662109e-03,2000,0,-1.201636e-04
2026-07-20T18:06:58.243,1784560018.243,283.303,-6.050903e-03,3.784464e-03,-2.172852e-02,6.591797e-03,2000,0,-1.210181e-04
2026-07-20T18:06:58.343,1784560018.344,283.403,-5.708252e-03,3.729937e-03,-1.904297e-02,5.371094e-03,2000,0,-1.141650e-04
2026-07-20T18:06:58.443,1784560018.444,283.503,-6.065796e-03,3.856275e-03,-1.733398e-02,7.080078e-03,2000,0,-1.213159e-04
2026-07-20T18:06:58.543,1784560018.544,283.603,-5.978149e-03,4.011185e-03,-1.904297e-02,5.371094e-03,2000,0,-1.195630e-04
2026-07-20T18:06:58.643,1784560018.644,283.703,-5.951172e-03,3.900055e-03,-2.221680e-02,5.615234e-03,2000,0,-1.190234e-04
2026-07-20T18:06:58.743,1784560018.744,283.803,-6.006104e-03,3.912705e-03,-1.831055e-02,5.126953e-03,2000,0,-1.201221e-04
2026-07-20T18:06:58.843,1784560018.843,283.903,-6.539185e-03,3.960628e-03,-2.099609e-02,5.615234e-03,2000,0,-1.307837e-04
2026-07-20T18:06:58.943,1784560018.944,284.003,-6.266846e-03,4.019673e-03,-1.953125e-02,7.080078e-03,2000,0,-1.253369e-04
2026-07-20T18:06:59.043,1784560019.044,284.103,-6.152344e-03,3.994121e-03,-1.977539e-02,7.812500e-03,2000,0,-1.230469e-04
2026-07-20T18:06:59.143,1784560019.144,284.203,-6.184082e-03,4.145491e-03,-1.953125e-02,8.056641e-03,2000,0,-1.236816e-04
2026-07-20T18:06:59.243,1784560019.244,284.303,-6.150635e-03,4.116494e-03,-2.343750e-02,7.812500e-03,2000,0,-1.230127e-04
2026-07-20T18:06:59.343,1784560019.344,284.403,-6.787842e-03,4.021739e-03,-1.928711e-02,4.882812e-03,2000,0,-1.357568e-04
2026-07-20T18:06:59.443,1784560019.444,284.503,-6.176880e-03,3.971127e-03,-2.050781e-02,1.171875e-02,2000,0,-1.235376e-04
2026-07-20T18:06:59.543,1784560019.544,284.603,-5.869263e-03,3.967310e-03,-2.050781e-02,5.371094e-03,2000,0,-1.173853e-04
2026-07-20T18:06:59.643,1784560019.644,284.703,-6.497803e-03,4.043648e-03,-2.221680e-02,4.394531e-03,2000,0,-1.299561e-04
2026-07-20T18:06:59.743,1784560019.744,284.803,-6.436157e-03,3.864802e-03,-2.075195e-02,5.126953e-03,2000,0,-1.287231e-04
2026-07-20T18:06:59.843,1784560019.844,284.903,-6.374390e-03,3.952911e-03,-2.050781e-02,4.150391e-03,2000,0,-1.274878e-04
2026-07-20T18:06:59.943,1784560019.944,285.003,-6.571777e-03,3.900022e-03,-2.001953e-02,6.347656e-03,2000,0,-1.314355e-04
2026-07-20T18:07:00.043,1784560020.044,285.103,-6.956787e-03,3.955470e-03,-2.319336e-02,4.882812e-03,2000,0,-1.391357e-04
2026-07-20T18:07:00.143,1784560020.144,285.203,-7.070313e-03,3.845346e-03,-2.172852e-02,4.638672e-03,2000,0,-1.414063e-04
2026-07-20T18:07:00.243,1784560020.244,285.303,-6.976563e-03,3.792528e-03,-2.172852e-02,3.906250e-03,2000,0,-1.395313e-04
2026-07-20T18:07:00.343,1784560020.344,285.403,-6.794067e-03,3.958438e-03,-2.343750e-02,3.662109e-03,2000,0,-1.358813e-04
2026-07-20T18:07:00.443,1784560020.444,285.503,-6.915405e-03,3.852741e-03,-2.246094e-02,5.371094e-03,2000,0,-1.383081e-04
2026-07-20T18:07:00.543,1784560020.544,285.603,-7.332153e-03,3.780401e-03,-2.172852e-02,4.882812e-03,2000,0,-1.466431e-04
2026-07-20T18:07:00.643,1784560020.644,285.703,-6.137817e-03,3.871579e-03,-2.001953e-02,5.859375e-03,2000,0,-1.227563e-04
2026-07-20T18:07:00.743,1784560020.744,285.803,-6.605347e-03,3.792883e-03,-1.904297e-02,2.929688e-03,2000,0,-1.321069e-04
2026-07-20T18:07:00.843,1784560020.844,285.903,-6.270142e-03,3.882924e-03,-1.904297e-02,6.591797e-03,2000,0,-1.254028e-04
2026-07-20T18:07:00.943,1784560020.944,286.003,-6.234741e-03,3.813134e-03,-2.124023e-02,5.126953e-03,2000,0,-1.246948e-04
2026-07-20T18:07:01.043,1784560021.044,286.103,-6.160034e-03,3.798399e-03,-2.001953e-02,5.126953e-03,2000,0,-1.232007e-04
2026-07-20T18:07:01.143,1784560021.144,286.203,-6.563110e-03,3.909839e-03,-2.514648e-02,5.859375e-03,2000,0,-1.312622e-04
2026-07-20T18:07:01.243,1784560021.244,286.303,-6.126953e-03,4.019453e-03,-1.708984e-02,5.126953e-03,2000,0,-1.225391e-04
2026-07-20T18:07:01.343,1784560021.344,286.403,-6.056519e-03,3.907169e-03,-1.757812e-02,7.324219e-03,2000,0,-1.211304e-04
2026-07-20T18:07:01.443,1784560021.444,286.503,-6.635742e-03,3.985932e-03,-2.124023e-02,1.000977e-02,2000,0,-1.327148e-04
2026-07-20T18:07:01.543,1784560021.544,286.603,-6.203491e-03,3.857544e-03,-1.831055e-02,5.859375e-03,2000,0,-1.240698e-04
2026-07-20T18:07:01.643,1784560021.644,286.703,-6.370239e-03,3.873697e-03,-2.270508e-02,5.615234e-03,2000,0,-1.274048e-04
2026-07-20T18:07:01.743,1784560021.744,286.803,-6.807251e-03,3.891028e-03,-1.904297e-02,4.394531e-03,2000,0,-1.361450e-04
2026-07-20T18:07:01.843,1784560021.844,286.903,-6.109741e-03,4.006599e-03,-2.026367e-02,8.300781e-03,2000,0,-1.221948e-04
2026-07-20T18:07:01.943,1784560021.944,287.003,-5.911011e-03,3.939622e-03,-1.806641e-02,7.080078e-03,2000,0,-1.182202e-04
2026-07-20T18:07:02.043,1784560022.044,287.103,-6.193237e-03,3.973185e-03,-1.977539e-02,7.568359e-03,2000,0,-1.238647e-04
2026-07-20T18:07:02.143,1784560022.144,287.203,-6.129150e-03,3.683094e-03,-2.270508e-02,5.859375e-03,2000,0,-1.225830e-04
2026-07-20T18:07:02.243,1784560022.244,287.303,-6.112427e-03,3.993287e-03,-1.806641e-02,9.765625e-03,2000,0,-1.222485e-04
2026-07-20T18:07:02.343,1784560022.344,287.403,-6.158569e-03,3.889334e-03,-2.050781e-02,8.789062e-03,2000,0,-1.231714e-04
2026-07-20T18:07:02.443,1784560022.444,287.503,-6.378662e-03,3.702366e-03,-2.465820e-02,7.080078e-03,2000,0,-1.275732e-04
2026-07-20T18:07:02.543,1784560022.544,287.603,-5.930176e-03,3.855180e-03,-2.099609e-02,5.126953e-03,2000,0,-1.186035e-04
2026-07-20T18:07:02.643,1784560022.644,287.703,-6.255249e-03,3.764900e-03,-1.928711e-02,6.591797e-03,2000,0,-1.251050e-04
2026-07-20T18:07:02.743,1784560022.744,287.803,-5.414307e-03,3.594507e-03,-1.733398e-02,8.544922e-03,2000,0,-1.082861e-04
2026-07-20T18:07:02.843,1784560022.844,287.903,-5.585571e-03,3.562979e-03,-1.757812e-02,6.103516e-03,2000,0,-1.117114e-04
2026-07-20T18:07:02.943,1784560022.944,288.003,-6.618408e-03,3.656295e-03,-1.757812e-02,6.591797e-03,2000,0,-1.323682e-04
2026-07-20T18:07:03.043,1784560023.044,288.103,-5.936035e-03,3.618798e-03,-1.660156e-02,8.789062e-03,2000,0,-1.187207e-04
2026-07-20T18:07:03.143,1784560023.144,288.203,-5.709595e-03,3.474732e-03,-1.928711e-02,6.103516e-03,2000,0,-1.141919e-04
2026-07-20T18:07:03.243,1784560023.244,288.303,-5.363647e-03,3.645172e-03,-1.586914e-02,8.789062e-03,2000,0,-1.072729e-04
2026-07-20T18:07:03.343,1784560023.344,288.403,-5.838379e-03,3.607648e-03,-1.928711e-02,5.371094e-03,2000,0,-1.167676e-04
2026-07-20T18:07:03.443,1784560023.444,288.503,-5.664307e-03,3.520366e-03,-1.611328e-02,8.300781e-03,2000,0,-1.132861e-04
2026-07-20T18:07:03.543,1784560023.544,288.603,-5.697266e-03,3.567530e-03,-1.635742e-02,5.859375e-03,2000,0,-1.139453e-04
2026-07-20T18:07:03.643,1784560023.644,288.703,-5.400635e-03,3.635092e-03,-1.757812e-02,7.812500e-03,2000,0,-1.080127e-04
2026-07-20T18:07:03.743,1784560023.744,288.803,-5.250488e-03,3.644055e-03,-2.441406e-02,6.591797e-03,2000,0,-1.050098e-04
2026-07-20T18:07:03.843,1784560023.844,288.903,-5.772217e-03,3.540364e-03,-1.782227e-02,7.080078e-03,2000,0,-1.154443e-04
2026-07-20T18:07:03.943,1784560023.944,289.003,-5.696167e-03,3.676190e-03,-1.757812e-02,4.882812e-03,2000,0,-1.139233e-04
2026-07-20T18:07:04.043,1784560024.044,289.103,-5.715698e-03,3.741021e-03,-1.953125e-02,6.103516e-03,2000,0,-1.143140e-04
2026-07-20T18:07:04.143,1784560024.144,289.203,-6.087891e-03,3.653244e-03,-1.806641e-02,4.150391e-03,2000,0,-1.217578e-04
2026-07-20T18:07:04.243,1784560024.244,289.303,-5.640381e-03,3.609026e-03,-1.660156e-02,6.103516e-03,2000,0,-1.128076e-04
2026-07-20T18:07:04.343,1784560024.344,289.403,-5.547363e-03,3.635398e-03,-1.660156e-02,6.347656e-03,2000,0,-1.109473e-04
2026-07-20T18:07:04.443,1784560024.444,289.503,-6.482544e-03,3.636837e-03,-1.782227e-02,3.173828e-03,2000,0,-1.296509e-04
2026-07-20T18:07:04.543,1784560024.544,289.603,-6.188965e-03,3.684142e-03,-1.806641e-02,6.591797e-03,2000,0,-1.237793e-04
2026-07-20T18:07:04.643,1784560024.644,289.703,-5.621826e-03,3.508542e-03,-1.586914e-02,4.394531e-03,2000,0,-1.124365e-04
2026-07-20T18:07:04.743,1784560024.744,289.803,-5.736328e-03,3.563851e-03,-1.684570e-02,3.662109e-03,2000,0,-1.147266e-04
2026-07-20T18:07:04.843,1784560024.844,289.903,-5.445312e-03,3.765845e-03,-1.733398e-02,1.318359e-02,2000,0,-1.089062e-04
2026-07-20T18:07:04.943,1784560024.944,290.003,-5.301758e-03,3.587043e-03,-1.586914e-02,5.126953e-03,2000,0,-1.060352e-04
2026-07-20T18:07:05.043,1784560025.044,290.103,-5.815308e-03,3.556367e-03,-1.977539e-02,3.906250e-03,2000,0,-1.163062e-04
2026-07-20T18:07:05.143,1784560025.144,290.203,-5.336182e-03,3.646169e-03,-1.733398e-02,6.591797e-03,2000,0,-1.067236e-04
2026-07-20T18:07:05.243,1784560025.244,290.303,-5.333618e-03,3.534891e-03,-1.635742e-02,3.662109e-03,2000,0,-1.066724e-04
2026-07-20T18:07:05.343,1784560025.344,290.403,-5.822876e-03,3.574523e-03,-1.879883e-02,5.859375e-03,2000,0,-1.164575e-04
2026-07-20T18:07:05.443,1784560025.444,290.503,-5.337158e-03,3.443973e-03,-1.562500e-02,4.394531e-03,2000,0,-1.067432e-04
2026-07-20T18:07:05.543,1784560025.544,290.604,-6.153687e-03,3.758388e-03,-2.343750e-02,6.103516e-03,2000,0,-1.230737e-04
2026-07-20T18:07:05.643,1784560025.644,290.703,-6.050659e-03,3.407215e-03,-1.660156e-02,4.882812e-03,2000,0,-1.210132e-04
2026-07-20T18:07:05.743,1784560025.744,290.803,-5.302368e-03,3.305706e-03,-1.489258e-02,1.025391e-02,2000,0,-1.060474e-04
2026-07-20T18:07:05.843,1784560025.844,290.903,-5.237427e-03,3.406140e-03,-1.928711e-02,6.835938e-03,2000,0,-1.047485e-04
2026-07-20T18:07:05.943,1784560025.944,291.003,-5.633057e-03,3.260522e-03,-1.684570e-02,7.324219e-03,2000,0,-1.126611e-04
2026-07-20T18:07:06.043,1784560026.044,291.103,-5.636963e-03,3.447617e-03,-1.855469e-02,5.126953e-03,2000,0,-1.127393e-04
2026-07-20T18:07:06.143,1784560026.144,291.203,-5.577637e-03,3.333081e-03,-1.733398e-02,4.638672e-03,2000,0,-1.115527e-04
2026-07-20T18:07:06.243,1784560026.244,291.303,-5.807007e-03,3.301730e-03,-1.733398e-02,4.394531e-03,2000,0,-1.161401e-04
2026-07-20T18:07:06.343,1784560026.344,291.403,-6.339722e-03,3.294139e-03,-1.831055e-02,1.293945e-02,2000,0,-1.267944e-04
2026-07-20T18:07:06.443,1784560026.444,291.503,-5.485718e-03,3.323175e-03,-1.757812e-02,6.103516e-03,2000,0,-1.097144e-04
2026-07-20T18:07:06.543,1784560026.544,291.603,-6.753906e-03,3.232113e-03,-1.708984e-02,4.638672e-03,2000,0,-1.350781e-04
2026-07-20T18:07:06.643,1784560026.644,291.703,-6.090942e-03,3.322124e-03,-1.513672e-02,3.906250e-03,2000,0,-1.218188e-04
2026-07-20T18:07:06.743,1784560026.744,291.803,-6.037231e-03,3.176116e-03,-1.513672e-02,4.638672e-03,2000,0,-1.207446e-04
2026-07-20T18:07:06.843,1784560026.844,291.903,-6.653320e-03,3.323609e-03,-1.782227e-02,6.103516e-03,2000,0,-1.330664e-04
2026-07-20T18:07:06.943,1784560026.944,292.003,-6.345947e-03,3.359618e-03,-1.977539e-02,5.859375e-03,2000,0,-1.269189e-04
2026-07-20T18:07:07.044,1784560027.044,292.103,-5.529541e-03,3.232590e-03,-2.050781e-02,5.859375e-03,2000,0,-1.105908e-04
2026-07-20T18:07:07.143,1784560027.144,292.203,-6.062622e-03,3.258673e-03,-1.586914e-02,3.417969e-03,2000,0,-1.212524e-04
2026-07-20T18:07:07.244,1784560027.244,292.303,-5.636841e-03,3.272929e-03,-2.099609e-02,3.417969e-03,2000,0,-1.127368e-04
2026-07-20T18:07:07.343,1784560027.344,292.403,-5.703979e-03,3.383769e-03,-1.928711e-02,5.126953e-03,2000,0,-1.140796e-04
2026-07-20T18:07:07.444,1784560027.444,292.503,-6.019409e-03,3.383148e-03,-2.465820e-02,3.906250e-03,2000,0,-1.203882e-04
2026-07-20T18:07:07.544,1784560027.544,292.603,-6.293213e-03,3.296398e-03,-1.586914e-02,2.685547e-03,2000,0,-1.258643e-04
2026-07-20T18:07:07.644,1784560027.644,292.703,-6.183350e-03,3.370724e-03,-1.733398e-02,5.859375e-03,2000,0,-1.236670e-04
2026-07-20T18:07:07.744,1784560027.744,292.803,-6.638550e-03,3.418473e-03,-1.831055e-02,2.197266e-03,2000,0,-1.327710e-04
2026-07-20T18:07:07.843,1784560027.844,292.903,-6.136963e-03,3.458390e-03,-2.099609e-02,4.638672e-03,2000,0,-1.227393e-04
2026-07-20T18:07:07.944,1784560027.944,293.003,-6.411255e-03,3.509530e-03,-2.026367e-02,4.638672e-03,2000,0,-1.282251e-04
2026-07-20T18:07:08.044,1784560028.044,293.103,-6.683716e-03,3.457489e-03,-1.635742e-02,3.906250e-03,2000,0,-1.336743e-04
2026-07-20T18:07:08.144,1784560028.144,293.203,-6.356689e-03,3.464756e-03,-1.757812e-02,7.324219e-03,2000,0,-1.271338e-04
2026-07-20T18:07:08.243,1784560028.244,293.303,-6.412476e-03,3.403446e-03,-1.928711e-02,4.394531e-03,2000,0,-1.282495e-04
2026-07-20T18:07:08.343,1784560028.344,293.403,-7.068848e-03,3.464680e-03,-2.416992e-02,4.882812e-03,2000,0,-1.413770e-04
2026-07-20T18:07:08.444,1784560028.444,293.503,-6.828491e-03,3.426264e-03,-1.806641e-02,2.441406e-03,2000,0,-1.365698e-04
2026-07-20T18:07:08.544,1784560028.544,293.603,-6.570557e-03,3.454624e-03,-1.977539e-02,2.441406e-03,2000,0,-1.314111e-04
2026-07-20T18:07:08.643,1784560028.644,293.703,-6.802490e-03,3.599913e-03,-2.001953e-02,5.371094e-03,2000,0,-1.360498e-04
2026-07-20T18:07:08.744,1784560028.744,293.803,-6.877197e-03,3.545317e-03,-2.221680e-02,3.662109e-03,2000,0,-1.375439e-04
2026-07-20T18:07:08.844,1784560028.844,293.903,-7.333008e-03,3.579719e-03,-1.928711e-02,2.441406e-03,2000,0,-1.466602e-04
2026-07-20T18:07:08.943,1784560028.944,294.003,-7.799683e-03,3.393825e-03,-1.928711e-02,5.371094e-03,2000,0,-1.559937e-04
2026-07-20T18:07:09.044,1784560029.044,294.103,-7.350342e-03,3.535680e-03,-1.977539e-02,6.591797e-03,2000,0,-1.470068e-04
2026-07-20T18:07:09.144,1784560029.144,294.203,-6.948364e-03,3.534035e-03,-1.879883e-02,4.882812e-03,2000,0,-1.389673e-04
2026-07-20T18:07:09.243,1784560029.244,294.303,-7.587524e-03,3.531993e-03,-2.197266e-02,5.126953e-03,2000,0,-1.517505e-04
2026-07-20T18:07:09.344,1784560029.344,294.403,-7.585205e-03,3.589284e-03,-2.026367e-02,3.417969e-03,2000,0,-1.517041e-04
2026-07-20T18:07:09.444,1784560029.444,294.503,-6.770142e-03,3.521070e-03,-1.977539e-02,8.789062e-03,2000,0,-1.354028e-04
2026-07-20T18:07:09.544,1784560029.544,294.603,-7.567993e-03,3.404528e-03,-2.197266e-02,2.197266e-03,2000,0,-1.513599e-04
2026-07-20T18:07:09.643,1784560029.644,294.703,-7.564819e-03,3.500565e-03,-1.806641e-02,4.638672e-03,2000,0,-1.512964e-04
2026-07-20T18:07:09.743,1784560029.744,294.803,-7.297729e-03,3.254320e-03,-2.026367e-02,2.929688e-03,2000,0,-1.459546e-04
2026-07-20T18:07:09.843,1784560029.844,294.903,-8.007935e-03,3.351124e-03,-1.855469e-02,3.173828e-03,2000,0,-1.601587e-04
2026-07-20T18:07:09.944,1784560029.944,295.003,-7.864014e-03,3.402233e-03,-1.904297e-02,1.196289e-02,2000,0,-1.572803e-04
2026-07-20T18:07:10.044,1784560030.044,295.103,-7.666382e-03,3.486644e-03,-1.831055e-02,4.638672e-03,2000,0,-1.533276e-04
2026-07-20T18:07:10.144,1784560030.144,295.203,-7.806030e-03,3.275570e-03,-1.928711e-02,9.277344e-03,2000,0,-1.561206e-04
2026-07-20T18:07:10.244,1784560030.244,295.303,-7.522095e-03,3.338346e-03,-1.782227e-02,2.929688e-03,2000,0,-1.504419e-04
2026-07-20T18:07:10.344,1784560030.344,295.403,-8.188232e-03,3.466173e-03,-1.855469e-02,4.638672e-03,2000,0,-1.637646e-04
2026-07-20T18:07:10.444,1784560030.444,295.503,-8.066528e-03,3.282678e-03,-2.075195e-02,2.685547e-03,2000,0,-1.613306e-04
2026-07-20T18:07:10.544,1784560030.544,295.603,-7.737915e-03,3.390323e-03,-1.855469e-02,4.638672e-03,2000,0,-1.547583e-04
2026-07-20T18:07:10.644,1784560030.644,295.703,-7.621094e-03,3.476380e-03,-1.855469e-02,2.197266e-03,2000,0,-1.524219e-04
2026-07-20T18:07:10.744,1784560030.744,295.803,-8.053955e-03,3.506431e-03,-2.026367e-02,3.662109e-03,2000,0,-1.610791e-04
2026-07-20T18:07:10.844,1784560030.844,295.903,-7.798218e-03,3.500334e-03,-1.879883e-02,2.685547e-03,2000,0,-1.559644e-04
2026-07-20T18:07:10.944,1784560030.944,296.003,-7.805420e-03,3.419775e-03,-1.806641e-02,6.591797e-03,2000,0,-1.561084e-04
2026-07-20T18:07:11.044,1784560031.044,296.103,-7.905029e-03,3.262055e-03,-1.806641e-02,1.953125e-03,2000,0,-1.581006e-04
2026-07-20T18:07:11.144,1784560031.144,296.203,-7.869263e-03,3.366047e-03,-1.879883e-02,1.953125e-03,2000,0,-1.573853e-04
2026-07-20T18:07:11.244,1784560031.244,296.303,-7.755127e-03,3.625507e-03,-1.953125e-02,3.662109e-03,2000,0,-1.551025e-04
2026-07-20T18:07:11.344,1784560031.344,296.403,-8.133179e-03,3.563209e-03,-1.904297e-02,5.859375e-03,2000,0,-1.626636e-04
2026-07-20T18:07:11.444,1784560031.444,296.503,-8.131104e-03,3.552250e-03,-1.928711e-02,3.662109e-03,2000,0,-1.626221e-04
2026-07-20T18:07:11.544,1784560031.544,296.603,-7.835815e-03,3.433813e-03,-1.904297e-02,5.126953e-03,2000,0,-1.567163e-04
2026-07-20T18:07:11.644,1784560031.644,296.703,-7.923584e-03,3.618432e-03,-1.831055e-02,5.126953e-03,2000,0,-1.584717e-04
2026-07-20T18:07:11.744,1784560031.744,296.803,-8.104004e-03,3.368339e-03,-1.855469e-02,4.394531e-03,2000,0,-1.620801e-04
2026-07-20T18:07:11.844,1784560031.844,296.903,-8.625977e-03,3.399195e-03,-1.977539e-02,3.173828e-03,2000,0,-1.725195e-04
2026-07-20T18:07:11.944,1784560031.944,297.003,-9.388306e-03,3.513835e-03,-2.050781e-02,4.882812e-03,2000,0,-1.877661e-04
2026-07-20T18:07:12.043,1784560032.044,297.103,-8.556519e-03,3.630341e-03,-1.928711e-02,2.685547e-03,2000,0,-1.711304e-04
2026-07-20T18:07:12.144,1784560032.144,297.203,-8.986206e-03,3.506903e-03,-2.050781e-02,6.103516e-03,2000,0,-1.797241e-04
2026-07-20T18:07:12.243,1784560032.244,297.303,-8.900024e-03,3.364767e-03,-1.953125e-02,1.220703e-03,2000,0,-1.780005e-04
2026-07-20T18:07:12.343,1784560032.344,297.403,-9.261475e-03,3.399344e-03,-1.977539e-02,3.662109e-03,2000,0,-1.852295e-04
2026-07-20T18:07:12.444,1784560032.444,297.503,-8.056152e-03,3.392773e-03,-2.124023e-02,3.906250e-03,2000,0,-1.611230e-04
2026-07-20T18:07:12.544,1784560032.544,297.603,-8.164917e-03,3.338937e-03,-1.831055e-02,1.708984e-03,2000,0,-1.632983e-04
2026-07-20T18:07:12.644,1784560032.644,297.703,-8.161377e-03,3.207008e-03,-1.831055e-02,2.685547e-03,2000,0,-1.632275e-04
2026-07-20T18:07:12.744,1784560032.744,297.803,-8.044067e-03,3.111820e-03,-1.733398e-02,3.173828e-03,2000,0,-1.608813e-04
2026-07-20T18:07:12.844,1784560032.844,297.903,-8.154663e-03,2.954195e-03,-1.757812e-02,2.197266e-03,2000,0,-1.630933e-04
2026-07-20T18:07:12.944,1784560032.944,298.003,-8.285889e-03,3.016034e-03,-1.708984e-02,2.441406e-03,2000,0,-1.657178e-04
2026-07-20T18:07:13.044,1784560033.044,298.103,-8.363037e-03,3.032163e-03,-1.928711e-02,1.953125e-03,2000,0,-1.672607e-04
2026-07-20T18:07:13.144,1784560033.144,298.203,-8.490967e-03,2.922386e-03,-1.733398e-02,1.220703e-03,2000,0,-1.698193e-04
2026-07-20T18:07:13.244,1784560033.244,298.303,-8.389160e-03,2.842891e-03,-1.879883e-02,3.906250e-03,2000,0,-1.677832e-04
2026-07-20T18:07:13.344,1784560033.344,298.403,-8.852661e-03,2.785404e-03,-2.392578e-02,1.953125e-03,2000,0,-1.770532e-04
2026-07-20T18:07:13.444,1784560033.444,298.503,-9.302002e-03,2.693158e-03,-2.368164e-02,-2.441406e-04,2000,0,-1.860400e-04
2026-07-20T18:07:13.544,1784560033.544,298.603,-8.716553e-03,2.564020e-03,-1.733398e-02,4.882812e-04,2000,0,-1.743311e-04
2026-07-20T18:07:13.644,1784560033.644,298.703,-8.851196e-03,2.670175e-03,-1.782227e-02,5.371094e-03,2000,0,-1.770239e-04
2026-07-20T18:07:13.744,1784560033.744,298.803,-8.810547e-03,2.491673e-03,-1.708984e-02,4.882812e-04,2000,0,-1.762109e-04
2026-07-20T18:07:13.844,1784560033.844,298.903,-8.402832e-03,2.556938e-03,-1.733398e-02,1.953125e-03,2000,0,-1.680566e-04
2026-07-20T18:07:13.943,1784560033.944,299.003,-8.981934e-03,2.612349e-03,-1.953125e-02,4.882812e-04,2000,0,-1.796387e-04
2026-07-20T18:07:14.044,1784560034.044,299.103,-8.783447e-03,2.558606e-03,-1.733398e-02,-4.882812e-04,2000,0,-1.756689e-04
2026-07-20T18:07:14.144,1784560034.144,299.203,-8.313599e-03,2.564311e-03,-1.684570e-02,5.615234e-03,2000,0,-1.662720e-04
2026-07-20T18:07:14.244,1784560034.244,299.303,-8.370117e-03,2.487640e-03,-1.733398e-02,7.324219e-04,2000,0,-1.674023e-04
2026-07-20T18:07:14.344,1784560034.344,299.403,-9.023315e-03,2.568782e-03,-2.368164e-02,-1.220703e-03,2000,0,-1.804663e-04
2026-07-20T18:07:14.444,1784560034.444,299.503,-8.576294e-03,2.715981e-03,-2.026367e-02,-4.882812e-04,2000,0,-1.715259e-04
2026-07-20T18:07:14.544,1784560034.544,299.603,-8.506470e-03,2.719739e-03,-1.855469e-02,1.953125e-03,2000,0,-1.701294e-04
2026-07-20T18:07:14.644,1784560034.644,299.703,-8.781616e-03,2.567131e-03,-1.660156e-02,9.765625e-04,2000,0,-1.756323e-04
2026-07-20T18:07:14.744,1784560034.744,299.803,-8.830566e-03,2.717572e-03,-1.806641e-02,1.464844e-03,2000,0,-1.766113e-04
2026-07-20T18:07:14.844,1784560034.844,299.903,-8.640381e-03,2.781501e-03,-1.733398e-02,1.220703e-03,2000,0,-1.728076e-04
